Generation,Best_Mean,Best_Std,Div_Mean,Best_Seed_0,Best_Seed_1,Best_Seed_2,Best_Seed_3,Best_Seed_4,Best_Seed_5,Best_Seed_6,Best_Seed_7,Best_Seed_8,Best_Seed_9,Best_Seed_10,Best_Seed_11,Best_Seed_12,Best_Seed_13,Best_Seed_14,Best_Seed_15,Best_Seed_16,Best_Seed_17,Best_Seed_18,Best_Seed_19,Best_Seed_20,Best_Seed_21,Best_Seed_22,Best_Seed_23,Best_Seed_24,Best_Seed_25,Best_Seed_26,Best_Seed_27,Best_Seed_28,Best_Seed_29,Div_Seed_0,Div_Seed_1,Div_Seed_2,Div_Seed_3,Div_Seed_4,Div_Seed_5,Div_Seed_6,Div_Seed_7,Div_Seed_8,Div_Seed_9,Div_Seed_10,Div_Seed_11,Div_Seed_12,Div_Seed_13,Div_Seed_14,Div_Seed_15,Div_Seed_16,Div_Seed_17,Div_Seed_18,Div_Seed_19,Div_Seed_20,Div_Seed_21,Div_Seed_22,Div_Seed_23,Div_Seed_24,Div_Seed_25,Div_Seed_26,Div_Seed_27,Div_Seed_28,Div_Seed_29
0,20.39756854179615,0.18107628643405718,0.428235349064202,20.464558385476636,20.50749828059413,20.680639128137678,20.459435375951355,19.94084197920388,20.30809930739267,20.439675903655683,20.306937744752585,20.17394926223074,20.40876656773501,20.44235222056023,20.473781468352097,20.677784874570413,20.45725698466976,20.51144898551175,20.041581175996335,20.428225680629925,20.14531298328589,20.18362062228306,20.070916649273396,20.404468108742613,20.30875815952624,20.599417108221996,20.435841339594568,20.586149977247242,20.60216781868604,20.38841933562962,20.48285306450684,20.546160718640756,20.450137042825528,0.12685251704391654,0.18944705643393614,0.19027800943785853,0.5675025586623357,0.42491419541124886,0.5418848506332651,0.4054652651915693,0.4462177950011248,0.5577817980832681,0.75,0.3672734613030612,0.27987193965682494,0.75,0.13189788171073,0.75,0.07706439125723853,0.4043266404670217,0.6725263989449017,0.4347350260250127,0.5,0.4535966436043337,0.47224479020417603,0.6124748321053232,0.5086873992539864,0.3732351125701386,0.39304315849156124,0.22697308002412397,0.5,0.2970741139825389,0.44169155642656177
1,20.20301073908241,0.22123409156302312,0.12209654689979624,20.464558385476636,19.99268800494622,20.575098340556085,20.370251356792973,19.587315179312323,20.30809930739267,20.18452940363434,20.306937744752585,20.17394926223074,20.140319431777,20.333425430610692,20.236228081952515,20.580941230037407,20.304377326176127,20.350915310494766,20.030631087273882,19.95575428049486,20.06364968017121,19.922643223557348,19.977435752127167,20.38169956337299,20.181488219078563,20.30741613906245,20.22181103821483,20.243531456179273,20.35345853476474,20.38841933562962,20.31763038975156,19.727856243097634,20.107263433553083,0.05122596665865767,0.16787625793690678,0.000876763957303356,0.22410909142926014,0.057948941575631206,0.04114926520192737,0.16602554947459172,0.0507382263980968,0.14886934954759218,0.14478735206251372,0.1632448783431185,0.1820443947966876,0.14260021296319803,0.11016138583323686,0.1515267776534241,0.12113284265625768,0.13178863963914292,0.08615332874886056,0.18787887764297612,0.11952413826460165,0.04262155215399084,0.03708456182654677,0.11801060273919324,0.16067426967092535,0.19818730823180103,0.19032683136532785,0.07815358773189189,0.14106675257976056,0.0,0.24710869991046414
2,19.97396915934418,0.28172042207295034,0.10106377051047465,20.17235649327299,19.32247250926135,20.28038050699545,20.168785634169613,19.57389812569648,20.09459388401919,20.17477627718032,20.286552984337202,19.896235875817464,19.977572634668178,20.214925176919373,19.900433504437753,20.058175543510917,20.13757747606368,19.366623512890335,19.273512477837816,19.87393562483665,20.04695502780078,19.829287099597753,19.84108192134896,19.881015471953447,20.160125304915006,20.147207434699677,20.111577394571466,20.243531456179273,20.256696319228563,20.311304871760797,19.812558009190244,19.727856243097634,20.077069984067098,0.06797413202659912,0.06966363841871527,0.01456485524470621,0.1919300544222072,0.007449785599454719,0.05018886422694925,0.09741678315032873,0.05822647716734417,0.18539503881903646,0.12729725592660385,0.1740807400187294,0.23745934259321227,0.07569314803482775,0.10560135906216608,0.011352784807475771,0.04405638592717007,0.19946883940620158,0.13612813209101604,0.05384369992536368,0.09257842927266846,0.11119198055769698,0.095595538576947,0.04204435129519699,0.1276198262599923,0.11750558921500781,0.11403768555833999,0.11591876350454089,0.14685854679672686,0.0,0.16077108740901366
3,19.72102061800496,0.3018743016414546,0.1100242618198155,19.969886294952698,19.233842078668825,20.17220641460321,20.022184170585778,19.464340489404893,19.929965425857425,20.00383756601484,19.9505754521698,19.896235875817464,19.819324283501828,19.63884950550595,19.57606833201834,19.631333829036425,19.778816967345133,19.366623512890335,19.23032525136949,19.156616427914383,19.719710124928067,19.21342455170046,19.095857699049944,19.881015471953447,19.962995357233336,19.691300330300283,19.910931998906044,19.98697527255973,19.923885108648424,20.212224521907338,19.812558009190244,19.70509823543187,19.673609980682695,0.21135559079138128,0.07330643340940422,0.17639397343432986,0.20211708288931612,0.06167372910939525,0.11004837493313639,0.13398899615757512,0.11508754296777071,0.1599109994287247,0.11635602664453806,0.13218843736625316,0.2053539957847363,0.02558776650234639,0.147206129218178,0.02388415947663153,0.05555472527090755,0.23133908352672378,0.16405952397755486,0.07955019278115083,0.03547341699953887,0.1949503621830966,0.03921053665762293,0.052752305197737354,0.08743465240316897,0.05915658060154201,0.04337317207114977,0.07360228763339711,0.21335934209786006,0.01006703319863191,0.06638540188066537
4,19.43171685076129,0.3190454283262568,0.12280812028305901,19.70118340728752,19.187877863949762,19.980793902796165,19.90283974191965,19.1018023400235,19.588078448512913,19.808628060637087,19.733132758924988,19.44031481868205,19.420598759534943,19.061090431799762,19.432858873116974,19.631333829036425,19.775486112958372,18.785887833052385,19.178622987191254,19.002599974146175,19.7030005762416,18.894690038547623,18.924577346613084,19.58299339013792,19.42377882873741,19.098522092130867,19.10955654329518,19.664973694550195,19.668360914215643,19.74189545859027,19.516564420358808,19.446585039021887,19.442877036828243,0.2380910417714916,0.20572549157554312,0.17525020894497823,0.13967982072730845,0.12572115126042016,0.05647930134823742,0.12126061240997524,0.10721462778542534,0.14280633104642582,0.06718187399477388,0.14874328131252545,0.13314113271724462,0.0,0.15329658659717038,0.048600758766143344,0.058991322152813525,0.3101485033803497,0.1996625579569676,0.10016264376637976,0.09090289512720603,0.1823290000209058,0.060717920531779136,0.0921188905386068,0.0,0.07984519968024738,0.051306609517382265,0.1926828305279613,0.11373104143150747,0.09207662523639784,0.19637534836560214
5,19.160806093315305,0.33718095310810353,0.13861546714825232,19.70118340728752,18.700696452864495,19.507848440081045,19.489673177621775,19.1018023400235,18.800215121762935,19.496597120951858,19.472963979076635,19.124079813568027,19.3525918728141,18.972414196957715,19.10907166655592,19.33723030690421,19.51508492456008,18.623189905974602,18.84331940832709,18.41474753534723,19.155584703562326,18.719742194494938,18.706000634045658,19.58299339013792,19.021107057612486,19.047260769533462,19.106571933029617,19.05056156877499,19.5119710342019,19.731018546020582,19.103548973691495,19.42951745891816,19.09559486475672,0.1901020235041226,0.2546615079904626,0.1823654780453624,0.008799098214358595,0.2938671013769615,0.08075936989545728,0.16060898163769818,0.14981071133734342,0.1581454420751671,0.07590607885496133,0.13923777885422,0.11943242487435995,0.021456401817460814,0.1435689797429845,0.06748447798609766,0.07493226551647307,0.2821559244002418,0.23930852320882245,0.15225565317362982,0.13265611070537003,0.15511336919027185,0.13536014783474143,0.06857843252188549,0.0,0.07992259492712872,0.047588937238908335,0.23379971268652705,0.08773862464362864,0.18878909497471225,0.23405876721821167
6,18.822390345609577,0.435250532008092,0.12920197293784827,19.39301346872129,18.621684729670623,19.185817271222245,18.885858230447592,18.778052829063313,18.800215121762935,19.454196139327713,19.14112503599353,18.501094069154007,18.996076736522838,17.936990329300478,18.73712694375755,19.129976668377974,19.060029006595155,17.93677759705328,18.490332756810318,18.41474753534723,19.155584703562326,18.719742194494938,17.707311508958696,19.0746341549656,18.54631528304168,18.946339306109618,19.106571933029617,19.05056156877499,18.955656098448248,19.52850403801855,18.92496372221161,19.16463351654261,18.327777871000748,0.09713219772950332,0.23528728118530445,0.11625799575530785,0.01571882539617149,0.2637200903283078,0.09173603782752376,0.12415761556514067,0.19329697531036782,0.11439976032628182,0.07800197408472988,0.14863224099739172,0.13406863609650266,0.04890295159750427,0.1531452737250985,0.06317810860878581,0.11895205367135483,0.22221581215514224,0.22537598026267458,0.10841454978911008,0.050774009813856893,0.11612999809939861,0.14604753926699277,0.07646744201087383,0.03492671681799857,0.07165535725814792,0.02917052386017706,0.1593398731645319,0.14917650965951462,0.19643096798174794,0.293345889790004
7,18.577295580666746,0.47460266434718335,0.11992201525385589,19.234420836427145,18.368478835274168,18.81902683804165,18.8022671275132,18.50801703432727,18.6657116852466,19.343853547471074,18.77828498947474,18.17016543262589,18.861673359753098,17.936990329300478,18.73712694375755,18.71456653184109,19.060029006595155,17.761297923063275,18.46646058576679,18.41474753534723,18.729176931966336,18.212109205459136,17.3064513246427,18.869276713152583,18.54631528304168,18.676736938568496,18.373339221715966,19.05056156877499,17.641185747061915,19.38967640855143,18.633469150307466,18.953012506677727,18.29443787825544,0.07805048765813961,0.22663982772952015,0.06946473370786378,0.005574080999314441,0.23642195634522792,0.07383512898828751,0.10866475162278671,0.1732585424880176,0.09438188876504622,0.06282888529826065,0.11054462685269742,0.14619665922761693,0.06896404093219065,0.15953097784083148,0.0704188958060484,0.11766383554700117,0.159713744528852,0.2058761871548335,0.05199718922091855,0.06833626993846373,0.09250664764761837,0.11553717590392429,0.12193827727335854,0.016041416366909932,0.14630598722067067,0.08655632198863082,0.1462435565706776,0.140782792085211,0.17892686044837222,0.26445871145838573
8,18.34564502956875,0.5304013215417953,0.10188013377108512,19.220763917413077,18.281266572380087,18.77740110171827,18.8022671275132,18.50801703432727,18.531577032315173,19.0292207291698,18.563872924489015,18.01488281988991,18.25924765400643,17.200012996586462,18.595454281604383,18.36037767774585,18.56035645621584,17.20961969129194,18.068021190731983,18.199215804683423,18.60727457402567,18.048577931044022,17.1546828123534,18.712755028500897,18.159239866478796,18.43386860840004,18.373339221715966,19.05056156877499,17.641185747061915,19.15101624070172,18.593986419418055,18.46443252821413,17.796855328290803,0.070080593731499,0.16859900792489563,0.0711549106937402,0.028815448328984843,0.20312415008593154,0.07849759749764766,0.06465603965947074,0.12273978499751328,0.06724405806352127,0.04042255229866255,0.12417220439077907,0.16372996225686787,0.0497899333095201,0.11530293075907402,0.10990974006904347,0.11783478983486392,0.05498504205258548,0.16407428392036438,0.0671566771582255,0.0491833765932162,0.0883119212372626,0.07785420489488726,0.09002379828061352,0.02144018960031774,0.180133958544573,0.1029416406815146,0.12391152530603805,0.10444187007124611,0.11730187521895301,0.21856994567074114
9,18.1221529670296,0.5778431149974804,0.08226670165639957,19.033036804594033,18.102211690115027,18.77740110171827,18.28542703895913,18.391654976570933,18.382631049007237,18.92495229193283,18.40428061630979,17.81545651963817,17.890337093261312,17.200012996586462,18.05380863550053,18.32662061980827,18.55737508823941,17.027558353204462,17.771892485676965,18.04536381529555,18.421412990837556,17.900331799443943,16.92276029143081,18.706062115104288,17.9557546748832,18.43386860840004,17.62349340385204,18.70279085445666,17.053047913967863,19.054142115513784,18.162585524080722,18.386603695401963,17.35171384709671,0.07203981134714349,0.13411155516828993,0.05327568321646896,0.03625701032144252,0.176237958375363,0.11151980693155336,0.04978162335618727,0.06969209845787291,0.07449035651703409,0.04395821708020539,0.11740746510771863,0.13384321359104956,0.005697280583266127,0.09369096920575347,0.09305276261186066,0.08448167070243612,0.05071103886078339,0.12210513898630954,0.07509234596950769,0.04509968837561727,0.08584566276601208,0.03475219512713365,0.09816246190894613,0.02470658871337148,0.1502942490446758,0.07008483310031086,0.10443920441200527,0.06287541987147176,0.06966993074980732,0.12462480923238947
10,17.81541390698261,0.5625125334994838,0.07308205288642186,18.046846162763604,18.096385756136744,18.358015448545054,17.74773306548296,18.15308263187209,18.143043695657564,18.829865455112888,18.147363055648714,17.655167809870164,17.69824688349086,16.904358033545513,17.794890263556823,17.70060814526813,18.32648614915316,16.811852946867283,17.58539930303535,17.794501328504513,18.26582938112641,17.8166181190121,16.074075511393957,18.24216740247764,17.553375892063695,17.944889566223825,17.62349340385204,18.322197031193493,17.03618920385364,18.497195453292935,17.886122757566238,18.249650765762368,17.15676658714855,0.06534205049433502,0.13096990594553226,0.033297351681478723,0.05785441239530911,0.14180779038814603,0.11204661188707694,0.05739090669393631,0.06739173556997524,0.05480389325287818,0.030452654099082405,0.075727777213027,0.12527774854292476,0.02929553394151584,0.058357565632640995,0.07913430878812677,0.05210032271182721,0.039875426066034475,0.10358386473925256,0.05170366707703307,0.053011415921382546,0.09943186226069514,0.0578255447060748,0.09410713286578307,0.05494670622003219,0.14606089286783966,0.06341060311867446,0.08361939114050407,0.043679050349672094,0.056202441110444215,0.07375301891142064
11,17.529420430091967,0.6475546672752354,0.06558055138905212,18.046846162763604,17.345385698121586,18.24003785026204,17.74773306548296,16.88452540435597,17.8448956374102,18.58626620412693,17.913943869649547,17.29705014062572,17.240019910281283,16.767888404244104,17.794890263556823,17.675636752680774,17.65402283302858,15.64008762590574,17.51906076776238,17.635352370403883,17.806987138773856,17.49968915314074,16.074075511393957,18.227387057855445,17.46468446676583,17.900260802666928,17.41016366176984,18.322197031193493,16.973943060815312,18.4923396943803,17.59400524259302,17.65695823157182,16.62627888917626,0.05352742152433457,0.1047179711394059,0.053433496041918396,0.06877825449360331,0.11182956879544859,0.12157193113737116,0.04374903000615342,0.050357012193530434,0.06454131729446969,0.012443772744026853,0.052119803178951374,0.08769151052077362,0.0352970800068902,0.02824223027624429,0.05553425628591832,0.04510805137781493,0.05683656079514299,0.10964362042081988,0.041867538026652676,0.04245974036342097,0.09040364779191583,0.06603624685584311,0.0953167839445498,0.06773573518075293,0.1167113827814251,0.06493063395199627,0.04938391461655017,0.055694513363500564,0.053917666767846165,0.06753584979429203
12,17.29127085903968,0.6862609131318821,0.05902707729610502,18.026039847016648,17.345385698121586,18.146259702181982,17.56064901384185,16.88452540435597,17.776918883563884,18.35209867871729,17.898957825083663,17.186674611120452,17.153592311631815,16.196550643968134,17.55797284785941,16.956290292445743,17.559076898973863,15.58978269765316,16.85883987116366,17.145171561730894,17.761801464772045,16.914981455504574,16.074075511393957,18.101154652189837,17.18787912688527,17.391327671597058,16.902045192477427,18.029208389401283,16.544356514928637,18.4923396943803,17.160894582993283,17.65695823157182,16.326316493664933,0.04042889002531452,0.08482461701833015,0.05925267851260378,0.05945751554121094,0.08980117029229447,0.11086854016129159,0.010779281264965081,0.0475411338254325,0.06163426286405452,0.023339043443822684,0.055157527129696425,0.07672847127931962,0.03243432059600885,0.06829380185922204,0.02958618631678782,0.027633337742037987,0.053926395148745435,0.11969260300869158,0.0509777815107511,0.03628165699540542,0.07779747879277107,0.06541860385641604,0.0795849975500545,0.046216177725711835,0.1038848171791276,0.06131192506229029,0.04467732671979424,0.025460345416809062,0.05072164486205022,0.07709978718213972
13,17.08829898866994,0.6906922840970993,0.0546908436290751,17.66453827316965,17.16182257584122,18.06959042480459,17.430339839742672,16.86022125437214,17.36989851246567,18.190525383954718,17.723320251888683,16.97615292736349,17.153592311631815,15.915446641660056,17.316968797347467,16.63882767056523,17.454563019514648,15.216269878895734,16.62252122484592,17.145171561730894,17.48578188878253,16.832700588937982,16.074075511393957,17.9901021722302,16.971043261975776,17.33103375185542,16.902045192477427,17.832268799162296,16.50448098206472,18.08061817120432,16.77130956321049,17.09491482732179,15.868824399686766,0.02185059122283099,0.06054541568803989,0.050599758482943916,0.058600476168677196,0.07015076632669465,0.09742707210422893,0.008116318572411796,0.056323995381494,0.05967117703881087,0.04042068016099555,0.06026765473248705,0.05444195269876832,0.033022744218200756,0.0728483688746699,0.025596787143274,0.028175210222860993,0.04648606284014989,0.10360596239052615,0.04790200364835416,0.0352869326190145,0.07626366515951728,0.06943720976998002,0.06453196224578249,0.04603964760678175,0.08403546220370234,0.08672706081579035,0.04868941232744793,0.033635720734438386,0.04416558314195142,0.055859654331427755
14,16.78792259729831,0.6842002644608907,0.0536406796708574,17.501358265983168,16.799638000682123,17.534928411119438,17.0965654842444,16.59572678848409,16.500302384191112,18.013784083168797,17.608540172408123,16.72665487309644,16.93759545707065,15.844391211405267,17.096922924709773,16.63882767056523,17.046657753628136,15.098699142476203,16.394728327182058,16.95140738819563,16.935866673492747,16.39870871338208,15.446184833348939,17.758396295621854,16.59812223834517,16.745570685664934,16.683728414422088,17.588644721583382,15.953581869222027,17.806098751759414,16.372307156487487,17.09491482732179,15.868824399686766,0.030370533413844044,0.0518296044539679,0.07052959527595995,0.04677561275795359,0.06205519467442106,0.09212309514173578,0.006964325084053989,0.05584787188308093,0.050832561402992714,0.046506490773643334,0.04592242180814925,0.060839984140808843,0.03819849305105308,0.05962273040919508,0.04405351483329755,0.039887699726096223,0.04660154227539217,0.07263501160841264,0.04185288850458989,0.0347237996062582,0.06431817943119464,0.07180339334329011,0.058764179123495325,0.04424294147075913,0.0739421850907811,0.10253952212038676,0.06105003812096811,0.05854434547201882,0.03221232180063367,0.04363031332728788
15,16.46982789938749,0.7823571602543777,0.04810916168195493,17.473101025725278,16.655616697842486,17.534928411119438,16.636671078970625,16.362897056401273,16.500302384191112,17.671024555636787,17.5286695779663,16.224672770769903,16.58502721996571,15.724989167300881,16.781712874890477,16.509102622281887,16.157297830077603,14.677402337077435,15.836228678100785,16.819723133930545,16.935866673492747,16.312957604977402,14.98954727634111,17.391440392940876,15.773616327494459,16.647387432504026,15.900462068771372,17.284725184585465,15.290025968861006,17.806098751759414,16.05231341819225,16.50022694730818,15.53080151214785,0.024649141240106393,0.03779542163635687,0.07303331038679298,0.04155129532175205,0.04631259017049091,0.09677917339415806,0.025903080266907873,0.05525534968605483,0.03902797822258302,0.03156683210401958,0.03157420128143292,0.06643752681730211,0.0361984438588293,0.04894216570674914,0.03979023501515551,0.04048303853378127,0.06023151489833697,0.04717407376753896,0.0357176366502505,0.030073300776780502,0.03552670250879761,0.061465266707907015,0.051034465295576203,0.049076248164603556,0.06876542234086622,0.09314391568033858,0.054703442920927846,0.04661408462084213,0.03369529930830351,0.040753693175105445
16,16.095811621213137,0.8336275336537907,0.042888137237198636,17.193222875672618,16.400379078698197,17.23777154490146,16.185465160149406,15.620083673041613,15.674585359713117,17.576546146206745,17.24833397828663,16.224672770769903,16.009337847935296,15.336465582323507,16.781712874890477,16.144975431985127,15.836685090821236,14.449250165310731,15.387885672767911,16.56126416526656,16.293545745726462,15.747208012782856,14.795381373562988,16.89351463698181,14.39272295875335,16.368481412951862,15.792695698779454,17.054547338485992,15.290025968861006,17.408066755105057,15.53838791214011,16.102455155987954,15.328678247534828,0.02240729893431461,0.0316113281357491,0.06947128257390184,0.04558990630056015,0.03376142316756197,0.10217097777041399,0.042156374769444054,0.05389665936071872,0.02852285119514269,0.01872948744868149,0.02297549875666867,0.04828559398032213,0.03917699363469292,0.042409727807532965,0.038212513185787333,0.03987734587999362,0.0643654996882029,0.0520088177531725,0.032487190506597645,0.03227118065076185,0.023005499689656025,0.04576855969681049,0.0419942268034506,0.03862005319955179,0.062197552197405734,0.08150184091962145,0.045946894666851944,0.0359432594277265,0.02937037504342003,0.021907903971243453
17,15.842389713071906,0.8805279578323651,0.04039423462087221,16.870395938358936,16.25336857126252,17.23777154490146,16.185465160149406,15.619651354843306,15.584578164348645,17.39047613595234,17.007196839653535,15.88575360044209,15.892295363862885,15.01093012583489,16.230815824543942,15.912165775437177,15.381781099862605,14.449250165310731,14.943618669285279,16.268232868111156,15.652158797378782,15.601206556799468,14.020504315370463,16.613565251073897,14.261275697189957,16.330356944058217,14.985719642489277,16.87689170996475,15.290025968861006,17.40664758852709,15.53838791214011,15.499493747811803,15.071710058331433,0.026435775110902,0.04080964105378799,0.06320620566885798,0.03456550309817504,0.038055747705484755,0.09285327557179787,0.037619115493789934,0.053411725048029324,0.03708322896420774,0.02948887391198025,0.03216844390193806,0.04673086239621513,0.03227214969965101,0.036076145057571646,0.022005362074006933,0.03452484560161062,0.05322862103952555,0.06473276604336156,0.023366125772002186,0.03697803792845149,0.03202897902885341,0.03543728398062078,0.03730397217258143,0.02363968403525853,0.04396756320710664,0.07850821777368472,0.04889856392424151,0.027259214981496405,0.027956243910872744,0.021214864470103584
18,15.492276457031311,0.8739379135752844,0.03791900300679691,16.815326461463112,15.447024869187901,16.831607826319015,15.59398443494283,15.216407869481655,15.110112601887234,17.15826013253166,16.84457601973918,15.25210217168091,15.354363249269335,14.422324355826001,16.034279517547212,15.581957510325886,15.18443371376573,14.297162065577446,14.560214078737244,16.199435124197237,15.360046911538314,15.260756448178967,14.020504315370463,16.48529864424971,13.94525467472625,15.89250738630231,14.985719642489277,16.22382613219257,14.826445139117322,16.8826669330579,14.88460407726216,15.499493747811803,14.597597656162646,0.030669762242440484,0.034662903411962466,0.04971597912501592,0.03505287385659148,0.04322905895386087,0.08127439473087981,0.030832528115936543,0.04786084962307388,0.040427706588089585,0.026100587452492628,0.032035608386504044,0.024271566231175896,0.030201699877413064,0.03755797043934642,0.029562320946460566,0.02786738343370229,0.04570259128088172,0.06495294670350654,0.02111901214957944,0.03322448016699971,0.04733456880350249,0.03318162133339046,0.03299338589368701,0.018915966153163488,0.03415100000742593,0.08294547953340521,0.044826543263709384,0.021804213344929612,0.04382260270222575,0.011272485452554461
19,15.191418322811156,0.8180816219643304,0.03821739319142769,15.407415709040059,15.394809837778716,16.614458878126282,15.59398443494283,14.76125096212087,14.995771953983464,16.853239185571887,16.22453733808572,14.833846560772159,15.315914411495875,13.686291932143295,15.488864674447328,15.4476367433714,14.931585244738626,14.003955549611353,14.42925390322469,15.662722462110409,15.133277747014672,15.0175803798622,13.922484644679718,15.82774867094314,13.763909510768103,15.434301327575806,14.985719642489277,16.097843125676835,14.826445139117322,16.83085322496117,14.66847329989621,15.287844590480088,14.300528599305197,0.029494909424606496,0.04306118959509916,0.05276215964626661,0.03924821342873103,0.040806344039731046,0.06879676549185555,0.0328035943686911,0.052571929502799805,0.04181143975272486,0.030052783434106566,0.023890482304163574,0.02606160193190927,0.01931080292254727,0.037043042267494435,0.028832027027425045,0.02099680847570968,0.05207995473244258,0.06487172317753309,0.020558229712890314,0.028824709304918802,0.04677651502574365,0.021652315145004587,0.028202513794068237,0.03225657963158441,0.03007540582353048,0.0732246876379697,0.047929782003361274,0.039044335064225597,0.055493266953731954,0.01798768412196434
20,14.80518652143482,0.8487065024263685,0.03579552093207098,15.407415709040059,15.186900367488494,15.601096587155276,14.813228986233838,13.97853194178128,14.772612659170889,16.853239185571887,15.837042538246902,14.404378974577783,15.147733475595327,13.686291932143295,15.187079427001663,14.859235869686344,14.883865484813843,13.388810394831218,14.061023234000505,15.084945847525976,15.133277747014672,14.392760271320782,13.532023345816294,15.632720743325846,13.315375792305968,14.56651857253756,14.943750665021554,15.417111620782665,14.383335829927375,16.53530110650068,14.016066859586275,15.287844590480088,13.846075883560255,0.03663033448639948,0.035565448627277924,0.060703943034063325,0.03047350944613108,0.03351406653104104,0.05559754258296562,0.03758680236094293,0.04568092004938404,0.04075958832959772,0.016388821297901736,0.023789234383824402,0.018768082545832218,0.02121571889180844,0.026716872563260285,0.037093583358819585,0.02009952580904192,0.05558812103096012,0.0516075820006098,0.018867804463854974,0.019376639167268103,0.04447062327844448,0.022559499530992254,0.021488206533732266,0.042499376169360024,0.024027512664176645,0.05968940026666872,0.04868038058227475,0.03937300003608797,0.06374768136097998,0.02130580657842744
21,14.536272520061088,0.9304095716769456,0.036003358176456376,15.407415709040059,15.186900367488494,15.56438607578346,14.73007425767984,13.307444638441872,14.744172573259068,16.526695811171173,15.837042538246902,13.975645575297804,14.736538691571395,13.686291932143295,15.127230857866579,14.326504987688441,14.5771947399707,13.00444576497332,13.87620948446661,15.06680359105832,14.74643399520214,13.759615273333775,12.97112314971869,15.468189882452576,13.315375792305968,14.232525352893969,14.516186863063771,15.417111620782665,13.995319800009788,16.18173943267057,13.496110009068436,14.944655516419202,13.362791317763776,0.04526846575088208,0.032236619241266654,0.05610694491501903,0.02661341893513183,0.02568444349794452,0.052800655697995594,0.044637516591680165,0.05366371365912638,0.03176353689654239,0.014094978749470624,0.03446990503650554,0.023393474303691028,0.020540562175234374,0.020803380534208545,0.054217721186302296,0.023401185602589414,0.06310769348376027,0.033222456790683766,0.01781045629868746,0.01885144205914272,0.04055656545237689,0.026680887472709004,0.033972573869713626,0.03278849786299573,0.014670504037983458,0.05817129207125869,0.05666809533933296,0.039262563077374565,0.06431244393508992,0.020328750768991828
22,14.236856353078474,0.9213410167072117,0.032692803581633866,15.345732438897508,14.58841333744105,15.199798593145644,13.771592454463924,12.982152220120662,14.581421943150977,16.201485670701086,15.67819685706677,13.85209476986574,14.327380949841078,13.136684891710434,15.083357875828355,14.137724889709546,14.40942327363845,12.888984710202099,13.55084952301816,14.741873568431023,14.49486369649928,13.578270884164969,12.804073143343102,15.063303058072009,13.087446112659398,13.721669500058281,14.229596806994229,14.764809882687857,13.759083449632303,16.081604340036048,13.269356758544768,14.503778870111377,13.270666122318083,0.04867288337366661,0.0287598622809565,0.05564052498828668,0.016622693723895444,0.024819715188751545,0.055584171793415425,0.04053869213897295,0.038619594815139824,0.01674270057655945,0.013571727811596695,0.03383687543728606,0.03152444509923619,0.016441544223731987,0.019936609000510627,0.04873001216470004,0.025672958615308113,0.06550971667245474,0.0219230867270695,0.013159242789144043,0.014234115359400154,0.0402486222505725,0.03090257704776426,0.03383800007700261,0.026096263585676436,0.020829291494358037,0.04959551655997768,0.04285832285897775,0.02668186305778349,0.05877971435481491,0.020412763382005636
23,13.932645156203337,0.9416140229894973,0.03293528185528244,14.662132730652152,14.020855173018804,15.141542562458834,13.71048340025941,12.317579494115254,14.544473768944023,15.878508481871513,15.539817479621004,13.05899128650963,14.327380949841078,13.014439608026834,14.629663656447219,14.11668481623263,14.012959294062929,12.703708742103661,13.231123725795731,14.046625371036217,13.966513226749896,13.578270884164969,12.327591022794781,14.65555438349342,13.02574418178871,13.140775518613511,13.845166164465944,14.764809882687857,13.759083449632303,15.686998970295456,13.236974316694496,14.406456771104265,12.628445372617616,0.04711618812467662,0.032352653025263245,0.061620059300366986,0.01817149149829418,0.015455735378985105,0.05112190582424898,0.040943261202935906,0.022518655389562187,0.016602586199852054,0.020578918578031298,0.03431518853786078,0.03753007303968438,0.02355329079994499,0.019164953802417655,0.044604749925584296,0.03237042529822228,0.05526507695878795,0.030395043206655373,0.016438785344081133,0.020037541094781855,0.040135778314324626,0.02954738053957856,0.02845207757008216,0.024346905724376484,0.041325488921385906,0.03526875239816025,0.042185609468835795,0.026758783828282624,0.05694220982540854,0.022938886537800948
24,13.605228290651572,0.9659151860808786,0.03101931811238988,14.662132730652152,14.020855173018804,14.924375923416275,13.686451733401608,11.870450135581638,14.48398948456629,15.187819038378715,14.781033988838221,13.017900661964156,13.060687249429895,12.11676102968022,14.246287396001712,13.932304795915282,13.868993074818189,12.122324804891303,12.57688930665781,13.950877010257235,13.763743442057228,13.578270884164969,12.32337744371497,14.478983175799991,12.589533273384262,13.140775518613511,13.522344722537206,14.53174657557846,13.643608606509034,15.36430731288322,12.58062614155252,13.835695185757135,12.293702899525224,0.05381807606874761,0.03506412573624456,0.05879631385131486,0.016753731746072774,0.0042327006329853836,0.04969748739099718,0.04181323893072178,0.01766477909930888,0.01112791667661188,0.01397357501448051,0.02485645511344828,0.03879546952047474,0.022027189588867048,0.02200057706990736,0.039706162728051116,0.026133506202158104,0.04985923744123548,0.03164015998273055,0.010647620271227705,0.015021032132837269,0.0378993983425496,0.0308413664239507,0.031055051719427747,0.020074041791934734,0.04235546375875024,0.032872749354147114,0.03481051220119344,0.031608186733750425,0.05969503753977384,0.02573838030779532
25,13.30288566377435,0.9547007769658463,0.02864143536272126,14.298849164502409,13.581031527635218,14.740090844461083,13.686451733401608,11.715641499775568,13.539080642866823,15.187819038378715,14.67380586117515,12.245331003509566,12.863962593602864,12.11676102968022,13.417953950133406,13.700512192693017,13.651491159606579,11.988078361523616,12.57688930665781,13.817864464931272,13.288178479789323,12.973752653554428,12.32337744371497,14.229190730613992,12.1063037397073,12.543363201687214,13.215480803141997,14.38252256319801,12.742139493006016,15.144986076127802,12.506618401988113,13.53533905264118,12.293702899525224,0.0510488283123281,0.02851810961878451,0.040355737003735,0.012994198746943308,0.009743691779327462,0.04514848213879568,0.045331767206413486,0.025587115016807806,0.008683784784307782,0.013609141537466589,0.025218206103320526,0.03977719052756933,0.016147752007194587,0.013880190300855253,0.0376742761065772,0.024345477100830425,0.04582199628409823,0.03648961142680056,0.007015158469114512,0.020968500236338318,0.035117149316889334,0.029980041349012176,0.03335262074505496,0.013540061317625208,0.030110979711904334,0.029960351657552314,0.03339129568680023,0.026213900570345033,0.05559431789848097,0.023623127920364563
26,13.042955854059544,0.9908960681225168,0.028284547490038493,13.639360281374683,13.11426583937218,14.616849387586491,13.322724883430011,11.041074153977547,13.51020115336413,15.02468644882893,14.264098510368441,12.245331003509566,12.863962593602864,12.11676102968022,13.417953950133406,13.077568501805882,13.128057431184427,11.953354707593682,12.544384296609435,13.723293958881497,13.11486430210175,12.973752653554428,11.069234862769791,14.219989817090967,11.930758833247793,12.543363201687214,12.86755959502757,14.149867824210824,12.438579832920412,14.789841028732088,12.331659674567756,13.341997033777854,11.913278830794496,0.04152110356544609,0.03087561646514001,0.03816943536019377,0.020278314238543926,0.009776242467990573,0.03836410996931,0.044766253333598266,0.03548243313641158,0.014671867852080188,0.01149541722551455,0.025734363386820686,0.03455150409059941,0.0204378553800993,0.012436457316331069,0.036310227564075606,0.02178074943541274,0.03808679537770134,0.031366325134400165,0.010262671944507893,0.0262473608763275,0.042025997887306134,0.033460188510188914,0.034115549581812496,0.009110678418486636,0.024383819950104205,0.032934987233609235,0.030955889215038845,0.01718147158140239,0.05327410008719777,0.02847863811550337
27,12.774326011104625,0.9974370230514319,0.02747838118416545,13.319019911011612,12.595463300974094,14.365473457042443,13.152647039284656,11.041074153977547,13.282846238724236,15.016938798735616,13.868275855433687,12.245331003509566,12.677343374913763,11.874161038155904,13.009114469090685,12.736558003414478,12.67608981194926,11.363841903815473,11.930396875406927,13.385860286960266,12.973251036762779,12.766431399900839,11.069234862769791,13.753323305960018,11.709467513247338,12.543363201687214,12.400163734564233,14.019206044478551,12.303912006886122,14.789841028732088,11.785191110857475,12.83352024842721,11.742439316464917,0.04823965433901449,0.030811240281191227,0.03323265097544299,0.013047990455386543,0.008653635581841625,0.03965718580147749,0.040914379074121175,0.03119208234287936,0.025876474398050263,0.01997052527981656,0.011130643505640336,0.03167115866202776,0.017285969777403508,0.019454411526732385,0.03401759340287161,0.017492343309953196,0.036465172632639105,0.031872944470669864,0.01742895454145926,0.020369287156242845,0.038599739944207664,0.029987309654570582,0.02560559271322788,0.022469661070014666,0.022673195695103777,0.032458828510684365,0.028556866449748527,0.015139831885690265,0.048086823708179266,0.031989288378675006
28,12.438458352121609,0.9372937449049374,0.026664842813992454,12.424425938686912,12.131784932161446,13.269108322457985,12.875907883390486,11.041074153977547,13.145115951233638,13.586683558307149,13.368719015896062,11.886846005915942,12.677343374913763,11.443856069339288,13.009114469090685,12.2175197832096,12.67608981194926,11.363841903815473,11.930396875406927,13.245543989239808,12.805639206394982,12.402578126745938,9.780083973433419,13.596514171906646,11.376647449790351,12.420984112692631,12.400163734564233,14.019206044478551,12.303912006886122,14.314654761259701,11.785191110857475,11.912364509181325,11.742439316464917,0.043410865272099405,0.032104467159729824,0.03258685876928541,0.009336230483003652,0.004907874407457893,0.03652810873166378,0.047860130608862454,0.03324017272544342,0.026076880402038663,0.015341166383291843,0.018696396382939656,0.022956622547757228,0.01959493528408305,0.02136704877419123,0.024619968614608193,0.009624729025734155,0.027812435337628092,0.03553361786719736,0.022456533196452553,0.02528505353374804,0.0433589211559081,0.029877812329993522,0.01589086935642195,0.02579821622374941,0.02747312437542518,0.025937785439846813,0.022937751859773044,0.020305333283739735,0.046384589028097105,0.03264078585960284
29,12.150145054744671,0.945435897333303,0.027531466403870733,12.415834955665453,12.131784932161446,13.269108322457985,11.977518576886753,11.041074153977547,13.03684973366322,13.450335491493908,13.33394470479447,11.270824973708514,12.305921326933007,11.197661756278984,12.391800319972567,12.111655432666229,12.172791548386476,10.995760113706067,11.80890233751353,12.77722196059403,12.589332677909068,11.932427160023895,9.450488297732512,13.596514171906646,11.225012685556479,12.157295838682597,11.812853116010304,13.277017525386855,11.957396119755712,14.103573380203692,11.535148635509135,11.704284084434478,11.474017308368564,0.04042456514769905,0.03383181709875325,0.034588132834773695,0.011089330564024233,0.01787231580643215,0.041085103585907015,0.03940098066506163,0.029833317211591992,0.02503227643293589,0.009970281548990552,0.02908563759076266,0.03034600033250142,0.021895300574500898,0.02326520181454896,0.022587813556469074,0.013463334478135764,0.018648874841109032,0.03248022523274021,0.019043861413907577,0.023783685486010762,0.04037484162205417,0.027034956433760495,0.02604585188950044,0.034455849545660465,0.02995145133398101,0.028197024949705454,0.021982787012845128,0.028021509199727082,0.04197144110220208,0.030180222809829738
30,11.877072811737948,0.9103355474852345,0.027390943344984355,12.415834955665453,12.126058365439944,12.721751051285363,11.954328969483962,10.95495793242152,12.213102890458186,13.450335491493908,13.097486523870291,11.136236826947378,12.163780079811714,11.109148216970297,11.924156724101499,11.860184116753668,11.86813811355222,10.806000409781536,11.627943137167689,12.487696637961772,12.411388412883532,11.71382170686737,8.886472448537306,13.131565058865922,10.790036539424566,11.884821442721702,11.617110851626263,13.076244982968005,11.783905772243845,13.07304185544384,11.010174003590336,11.704284084434478,11.312176749364916,0.03445585240289209,0.03422046379062406,0.03361774040510957,0.01228348229805086,0.024613732560196062,0.03815339190754867,0.023798214859317126,0.03524408761771502,0.02728921418950689,0.01666455760299355,0.031986759283209674,0.029152262110242844,0.019401588038444297,0.02938092933181063,0.027483682291014652,0.013177918466494083,0.009927854396523578,0.031930952064914496,0.021765999788307223,0.02245922896048797,0.042608102661602594,0.0214976450911889,0.028993348259969864,0.035001277886343676,0.02023904539619885,0.032340153753080636,0.021838240894216147,0.03779302227067561,0.04051254850859932,0.02389700326225165
31,11.560671335666251,0.9405531084772526,0.027037202787716614,11.763221085334386,11.89900339366658,12.721751051285363,11.747830971008247,10.95495793242152,11.368188323273172,13.073944203182268,12.596004012199023,11.136236826947378,12.072591007776577,10.683784266035246,11.631353377111992,11.195330434539807,11.510885063187274,10.033865202565519,11.28614366384815,12.358319993606116,12.101802752012393,11.470491382815196,8.755418834729307,13.025503461390002,10.569946968424523,11.134938432138558,11.598567544432807,12.808692289073491,11.562169658564489,13.07304185544384,10.542418563018128,11.068097171784768,11.075640348171419,0.029948206312504326,0.03590634937488313,0.03990358922460527,0.023675343572210905,0.028781083707636858,0.03105243299328954,0.02181936871816565,0.03643021525916661,0.021844889849557583,0.017768295420067456,0.03756221095575371,0.022452210037751136,0.0160386509945021,0.02576443500415043,0.021053626045303843,0.014861419316045819,0.012580841416759107,0.03319758014629614,0.02882574748329393,0.017738471146538457,0.03341705618010925,0.01386180772606584,0.030632704904103174,0.03962101837104474,0.02176328447285529,0.040284747252354605,0.024088346965814033,0.03515588592770902,0.032325358718626795,0.022760906134333823
32,11.35852819132379,0.8932572419962481,0.027084357885609887,11.763221085334386,11.89900339366658,12.138431420325967,10.733782485111862,10.832080264000806,11.368188323273172,12.772112512184986,12.596004012199023,10.772892850584151,11.466608849272486,10.683784266035246,11.631353377111992,10.767015775043998,11.400417709154768,10.033865202565519,10.966942657259532,11.991898118794637,11.979899725823945,11.276732193595308,8.601049921819014,12.695202211850537,10.569946968424523,10.90951214758719,11.486192635308397,12.511538544339581,11.562169658564489,12.822685398007087,10.490239530133945,11.068097171784768,10.964977330555868,0.03245186054373316,0.04464521154281118,0.04369093685476951,0.020441554296265207,0.03109807578963426,0.021752303727075855,0.020357182331425756,0.03879164105235739,0.016650096250335884,0.0133290949453562,0.03823950410792304,0.022623514217915433,0.014822295094665231,0.02005897404747962,0.021048706994075718,0.01033292144929698,0.01986955527531994,0.03629127355841272,0.030701761988239387,0.017327185442511526,0.028826887237315076,0.01299423837759378,0.035666082927455815,0.04127586161811996,0.018909170833569057,0.04029599508644123,0.02786651018384435,0.03434746696587899,0.030662714028082367,0.027162159800392258
33,11.0009726878438,0.8480356176780784,0.026801695217528235,11.763221085334386,11.477944596106951,11.674568094617076,10.660615707594925,10.335527695168361,10.954405480153838,12.764402096921538,12.412337353331,10.340805679421557,10.910217383335096,10.312757646017195,11.326955881583507,10.416040248497824,11.367102961061612,10.033865202565519,10.67988512782101,11.773604785500234,11.316643187792994,11.032638171693531,8.4506198744692,11.679176516112406,10.481586162204342,10.90951214758719,11.102929264646791,12.458058666842923,10.38599161917085,11.742795078018466,10.215617312164392,10.384732223834217,10.66462338574516,0.02945055676337005,0.04581251905616617,0.03680994825549792,0.02131846683910517,0.02969163634007717,0.025705625872685878,0.024210144153473324,0.026041447876548968,0.015273859834265942,0.017765967977754246,0.046080239609506135,0.01580017833964405,0.008903214622754226,0.022816014532568346,0.025572519922876215,0.016853882470990893,0.014038198540382511,0.03597257156863281,0.032228701384170874,0.01581651520585552,0.028428075811615286,0.017496867131264165,0.03981195313152163,0.038195091556507334,0.02353673309883366,0.04396714656545131,0.0121203582322912,0.032702521118642636,0.026022193288568984,0.03560770742482434
34,10.717096498044507,0.8016305794842027,0.02571356356665507,10.66234686227782,11.465497436959287,10.937820235165061,10.386083841921455,10.335527695168361,10.954405480153838,11.95796099074888,12.252811475994193,10.079076997365275,10.910217383335096,10.163864376489322,11.321252703181887,10.173021897614849,11.009427711348755,9.780902081834464,10.435531580584126,11.007749514184889,11.211972959795906,10.804236145320058,8.271785405181197,11.305023586483767,10.095214681234227,10.90951214758719,11.093602819279006,12.199269467668033,10.101804701882232,11.38359111304077,9.460326118197376,10.384732223834217,10.458325307503646,0.02690785821966861,0.04481515200585316,0.03479377746626206,0.015409555570349537,0.0296492361430341,0.025803435340689296,0.0214957691078373,0.02691226012483232,0.02207256824156646,0.012787497992661963,0.04157205049416829,0.012217985533953639,0.00948380094175003,0.019095919985804295,0.02882681141306718,0.010654054487734974,0.01070728100715547,0.038464782664745054,0.028449643451923155,0.015627627657041607,0.02370910970263892,0.02449396140738,0.032991524782869874,0.04259624894840665,0.016581294315129086,0.047833459511128745,0.022281225400045547,0.03043658853039706,0.018048453392101656,0.03668797315945588
35,10.535924564957545,0.7419139378555277,0.023699173945926546,10.66234686227782,11.112521904803462,10.937820235165061,10.304109420598875,10.335527695168361,10.747439120401717,11.95796099074888,11.748620883965291,10.059934812129061,10.84100616490855,9.785540729851064,11.139111875273837,10.130902868079755,10.8124773936616,9.561502077442405,10.304308654712054,11.007749514184889,10.732897410634697,10.703366479357822,8.271785405181197,10.759999235123429,9.967085039385319,10.05954776226158,10.909124266741854,11.896311122699545,10.101804701882232,11.176528637057423,9.460326118197376,10.33513979615219,10.25493977067904,0.02717000211912468,0.041205230209394095,0.030138247372772233,0.016192097670826664,0.0331479442941082,0.013937989543090548,0.01390097826580698,0.024463047156700113,0.020432781538905476,0.008989551714628697,0.04120151359238329,0.0126857906293864,0.004690707583395383,0.022487290769030922,0.018235048179079578,0.02043208209807454,0.010551231501904165,0.03324112812113482,0.016475220973545607,0.018200954219625393,0.023742092448166132,0.024850653688766718,0.03347669726059237,0.04325949823064769,0.013220371080546724,0.03832015140323253,0.022071345521928094,0.032930918733174164,0.020159525677340945,0.031165126780483242
36,10.304623779529503,0.7830336955303384,0.023181626219388202,10.133095521798166,10.909061823176298,10.937820235165061,10.263638427298318,9.954250972308857,10.611229549122445,11.73469364796577,11.60596139318623,9.034622910422517,10.187069003599493,9.785540729851064,10.859467555001999,9.780626603298577,10.8124773936616,9.561502077442405,10.147254685021064,10.536983437240838,10.732897410634697,10.382162639805355,7.683262692941378,10.759999235123429,9.967085039385319,10.05954776226158,10.773848254853997,11.432694954759402,10.011076734625153,10.793139350778155,9.341910638818055,10.33513979615219,10.01065291018567,0.023966095222792062,0.04819137639746316,0.016498776975185682,0.025576211306797235,0.021587155189335586,0.016630721073317506,0.01269937878204105,0.020168258372175993,0.01483197218617149,0.014605813317905402,0.039529803540688815,0.02560746187240668,0.00650934980493281,0.02796062153161427,0.021311750561152552,0.015295004569717508,0.012568865870363495,0.030023876267961314,0.012566929982099823,0.012661956584082836,0.02095760625202787,0.029057417245934358,0.03274962209009063,0.04403488252091374,0.011537242048042415,0.02859118607902406,0.023957657341159212,0.029872225506995403,0.01968762249180215,0.03621194559745117
37,10.066793557245266,0.7038410562340236,0.023223516280363253,9.797576402936933,10.410636846081369,10.838937570694949,9.914647219819502,9.562391003513373,10.528340810045261,11.16437633435208,11.101228953847073,9.034622910422517,10.052252444618347,9.785540729851064,10.509926708701563,9.343710099405465,10.569933852157057,9.561502077442405,9.900474792910066,10.536983437240838,10.63737492276308,10.24867997762824,7.683262692941378,10.551750331867295,9.70416720672125,9.671514884893934,10.256432765363805,11.05908018006212,9.718268942112738,10.697371484931539,9.341910638818055,9.8343880012644,9.986522493950325,0.019763690692193477,0.0352671924174446,0.012671112186472728,0.02228656598617646,0.013419895304572264,0.016481344584950847,0.01926384959667431,0.023866587789847557,0.012866789581033333,0.016212737401879725,0.034504878483298626,0.02609614726526642,0.005024090402112952,0.03332138303561433,0.027035409666074345,0.01172846733574634,0.017179744784209063,0.029373856945349983,0.018954221039781862,0.016410430890633442,0.01977909310050903,0.027151728989441903,0.03295416943348852,0.041139266186577365,0.01872212875508518,0.02347599794442764,0.034690079299016775,0.025901018765612828,0.02231801362797544,0.03884559691943018
38,9.88512476557734,0.6776433705964126,0.022511127367711527,9.684294737796339,9.978029208346413,10.693850136044087,9.900973791041103,9.562391003513373,10.228267176765097,11.16437633435208,10.152742255490713,9.034622910422517,9.789150629933165,9.641149444851916,9.914667970434122,9.343710099405465,10.234568289181295,9.21006947710959,9.55316605894023,10.504496208944047,10.613461030717819,9.590758587641627,7.683262692941378,10.513535444114765,9.394418388387088,9.671514884893934,10.256432765363805,11.05908018006212,9.666510543547965,10.697371484931539,9.118823121073948,9.737239638488001,9.960808472584695,0.022669577457109197,0.03186219329359884,0.01834571588025078,0.015837017491789396,0.02085848592841644,0.0158110875029985,0.030536527668670245,0.020032845250182,0.004092713276017092,0.016096389965874324,0.031452878089444435,0.027970693809603635,0.0061270748154106346,0.03367961745306779,0.0164416352343524,0.014516471153813586,0.016434810339857463,0.02959186684619738,0.021758322392563055,0.010718320494741772,0.022510819179906983,0.025013430796835354,0.02680547129314828,0.031805525100197754,0.026993979827826673,0.02089373289614191,0.03913808108479403,0.021811375734055293,0.021762021993313195,0.033765138781167256
39,9.638403223137233,0.7398929103761607,0.022243356484722993,9.648843725123077,9.829250537006116,10.531177502748148,9.275618322307187,9.13886095938982,10.063169857246992,11.16437633435208,10.048988134494358,8.287982504818242,9.789150629933165,9.470653196844546,9.914667970434122,8.847957759825384,10.234568289181295,9.069992812786356,9.359667076980696,9.974786033646497,10.3672479371223,9.155073376211426,7.574771844062845,10.290541809892526,9.37098769201698,9.567509231721909,9.666782381211414,10.69674279919315,9.411140937973824,10.661724639206174,8.649301623014868,9.129752302786885,9.960808472584695,0.02252753976398056,0.034932490431263494,0.020188069123907443,0.016503800219755033,0.020195501435954805,0.019764625328373763,0.032117345633313296,0.018893140940823186,0.011187028229918608,0.024891029202488656,0.03634147144347301,0.028443787342142722,0.012958678939276838,0.02921322549546632,0.017836879565320218,0.01280284510461429,0.022650656119948463,0.02372026509780334,0.01904569816004605,0.012396183743855944,0.018182403361604694,0.022107332789308296,0.026063780116551555,0.026122158325448668,0.026980767927292284,0.013830513932486767,0.03501411477466482,0.016885622568190255,0.020542144266897332,0.02496159515751903
40,9.49042845997437,0.7089936799243421,0.021048537483840855,9.12723341249963,9.636794511625977,10.307226023357108,9.275618322307187,9.13886095938982,9.950428844075835,11.144152991516805,10.03984714564058,8.287982504818242,9.782169442432558,9.226044586577173,9.325127131651776,8.847957759825384,10.234568289181295,9.069992812786356,8.897436203926013,9.651304586131186,9.887120708553631,9.091028721052366,7.574771844062845,9.901845817258872,9.341950802822048,9.397793807238257,9.666782381211414,10.694271948117775,9.366653872481173,10.57341743500568,8.649301623014868,9.129752302786885,9.495417007882313,0.02479375152259137,0.027450359085431225,0.026991199796767222,0.021125086411378332,0.013697287688366219,0.019205668534017725,0.0390523117168092,0.01919198101699462,0.009645683768193417,0.016551792208933463,0.03668965668517662,0.028277419122695203,0.0133046007909654,0.031669697497986656,0.012286898631635252,0.013368751337992396,0.019260100713119413,0.013575655332429692,0.025003965410798114,0.006791866788480641,0.01805971706428885,0.011460157874935394,0.02603190299450992,0.021513245018841522,0.022382427301383564,0.016848718733195545,0.03534448914298451,0.014529640942675998,0.023847537572583732,0.023504553809064573
41,9.253720047464217,0.7725215396153375,0.02026462027440495,8.893778044311944,9.636794511625977,9.904937198076997,9.275618322307187,9.13886095938982,9.731275934485957,10.96371116364808,9.732529105575203,8.284182644628862,9.476839936754926,9.0903659709915,9.299471710131758,8.678300256061336,9.917154132254062,8.451311241044081,8.897436203926013,9.648801184510564,9.675213138424427,8.330422182245194,7.574771844062845,9.702191548628075,9.193008894307988,9.146273413895303,9.666782381211414,10.456875071463005,8.777510275017276,10.57341743500568,7.425315252630266,9.043622005859413,9.024829461451393,0.0167866977027825,0.024738801837855713,0.028245065370060878,0.013883272434169267,0.014951308415742293,0.015853155674170297,0.0387193394889002,0.023481833307492574,0.011750806162925946,0.012419049112955598,0.03642840714023778,0.02216172389414204,0.018506053565743502,0.03044651916854907,0.019304906960032335,0.019806800859797094,0.013189793944634442,0.018199866894289263,0.024751717198335996,0.005175302522177851,0.022458338089505665,0.017218021656125286,0.016462014397557376,0.019801513748809604,0.023471366681707278,0.010472014732680023,0.037456357733144874,0.0124156435334187,0.018969602214664365,0.020413313789540675
42,9.039863749602665,0.754563940466376,0.021200627929214868,8.743996281411208,8.916416039573255,9.88154667703924,8.88471728655983,8.74612789919986,9.266789390401168,10.806456924774793,9.394565411227475,8.098212640154497,9.476839936754926,9.0903659709915,9.234902903684821,8.678300256061336,9.171500386269678,8.009230322456466,8.592381049187708,9.451153988740266,9.59444410989815,8.330422182245194,7.574771844062845,9.624352893787012,8.823086927928857,9.071537266765382,9.632555090328752,10.404340145014427,8.55056186341277,10.233220297448097,7.425315252630266,8.462971788618736,9.024829461451393,0.016133848078353344,0.03293981963945125,0.030001132217710523,0.012906293104132886,0.017494040015635547,0.020799078337623827,0.03452929696896356,0.019381175644757997,0.014936306287090091,0.018043123115047816,0.02996776292929385,0.01921983199222433,0.017945884184241718,0.03377899176959716,0.01940191456410728,0.027942816158822017,0.018686132549441518,0.01562560957995583,0.02197127484745635,0.004313296807724118,0.028973110103920032,0.015580054025704894,0.01908560648186734,0.022175890260144215,0.018977307708463894,0.015272252575814452,0.04003588243087543,0.013217466759384632,0.015316206337669292,0.021367432400971064
43,8.898459985429737,0.7176199103197297,0.02010893677938393,8.24828931730575,8.916416039573255,9.616300540573002,8.88471728655983,8.74612789919986,9.266789390401168,10.485985184527253,9.308954886657192,7.838000721433232,9.476839936754926,8.866233168410652,9.118690860636047,8.678300256061336,9.171500386269678,8.009230322456466,8.592381049187708,8.836957845466873,9.439104046496915,8.330422182245194,7.301608002337703,9.36180640316023,8.823086927928857,8.956012565371093,9.511100396227778,9.982544536496935,8.55056186341277,10.105254628098946,7.347543270684032,8.462971788618736,8.720067860338709,0.015284961260634292,0.0327824933086025,0.023823605867842167,0.022714720547145333,0.016282948709199566,0.019273826824910037,0.03006096960356198,0.024874401179885534,0.017897341120531977,0.018086297880952333,0.029565153314705425,0.019196615956858364,0.021612371230515546,0.02782777561411685,0.01803406344334098,0.02805731108031602,0.011203053775602084,0.015553646876188655,0.011291226618798587,0.02086057625591392,0.02244291929777518,0.007925489379370293,0.021248369163228906,0.017258329504360317,0.015504202383560735,0.012589756978678746,0.03191441180506587,0.012752757999113806,0.01480451643125285,0.022543989969489156
44,8.79731880756957,0.6994927089007623,0.018520138173904126,8.24828931730575,8.916416039573255,9.336984287154833,8.586492917924074,8.74612789919986,9.166507803781647,10.342899200286936,9.078455654757722,7.838000721433232,9.384486661553293,8.866233168410652,9.118690860636047,8.427291357876722,9.171500386269678,7.909008909480249,8.556174253992424,8.836957845466873,8.721132531963315,8.145888864107091,7.301608002337703,9.36180640316023,8.57951070777211,8.636147374531479,9.478218040983387,9.982544536496935,8.55056186341277,10.105254628098946,7.347543270684032,8.458762858097087,8.720067860338709,0.020354686833816894,0.024559332805826346,0.014755578491812166,0.01904017167380715,0.01953011708848778,0.018501977114977416,0.03605481294011266,0.018505575372365676,0.018205567404926216,0.01366830196613623,0.02229189625154035,0.016648056143188497,0.020060023006808408,0.025275116424326005,0.012839693088281803,0.0239625178075846,0.015169379999915678,0.015219322773197382,0.016756054786809207,0.017352376512897408,0.018665389505020585,0.007646058364728042,0.015493637810386676,0.0203728012961828,0.015010490460703,0.011709542302664407,0.029345118953121974,0.01640895116258536,0.017247572701226156,0.014954024173687009
45,8.610378381674154,0.6778554433984558,0.01814773062266854,8.060319691056403,8.916416039573255,9.276400362140514,8.377198474708852,8.652056274791294,9.010185866157238,10.114104346886181,8.917049181302435,7.693969018829952,9.095785781877066,8.255580106643704,9.031200438796503,8.427291357876722,8.725738203284447,7.909008909480249,8.33388691223108,8.836957845466873,8.721132531963315,8.097401106448212,6.885913453825072,9.36180640316023,8.57951070777211,8.479364999236847,9.435339605382506,9.959763171873641,8.266160631281867,8.924883893031375,7.347543270684032,8.27524750666733,8.344135357795274,0.016796177728191652,0.03167076855584257,0.014926974919683573,0.019118399673463005,0.01707928111453964,0.023883356894851254,0.03720671497638895,0.021016130413646097,0.020143623617214917,0.018747719549056845,0.02520513054522456,0.011439004103276838,0.011484625870281243,0.022963138795131167,0.01694575124685416,0.018609206713289732,0.01084189407651686,0.014537158062475776,0.01573787601524208,0.020601938007229176,0.012967153719831835,0.010421369970568892,0.01762758472517073,0.022781498428945193,0.014426074612026114,0.006259936509952595,0.025609109614775402,0.022244210705590572,0.00837728008935322,0.01476282942544143
46,8.407994511504803,0.6442764300767674,0.018388982335036833,8.043765249029448,8.492374763812942,9.0021833216923,8.377198474708852,8.514081822000662,9.010185866157238,9.517815788296259,8.652015646904406,7.693969018829952,8.84137265874592,8.255580106643704,8.672664174675553,8.062330894061141,8.307507413587894,7.439494302800387,8.33388691223108,8.76524315046532,8.686705360233654,8.018306363866241,6.885913453825072,9.344680013947185,8.004669297390905,8.275978363262345,9.120180950764277,9.654261735029118,8.19396856058245,8.924883893031375,6.989963505466106,7.857701672967332,8.30095261013497,0.016174721697596716,0.030611811637623915,0.02083306629685937,0.021180236386180586,0.017087912599829818,0.018857106698534194,0.03757685599631081,0.01605232780675563,0.015249363323460753,0.012598158307044867,0.020835452194919158,0.010072300685172252,0.012971954275151885,0.023165551945102843,0.013721247330341593,0.026076946362172226,0.01955471029473025,0.011202132821982598,0.012373576898851674,0.02461599592444851,0.014375862330102844,0.010979028860993006,0.019733695345876916,0.018065887509980304,0.018758329192939387,0.019019513859361487,0.019926867149639753,0.023167510104545885,0.013396992806164996,0.013434353408430685
47,8.291837956595682,0.6058605841854213,0.019127553560865648,7.970785972137554,8.39162325106421,8.907605579995398,8.377198474708852,8.186161222130536,8.630009465474073,9.517815788296259,8.652015646904406,7.693969018829952,8.58047867931839,8.255580106643704,8.561416167333604,8.002641324409787,8.307507413587894,7.439494302800387,8.136793712033949,8.592832572790282,8.686705360233654,7.8118322762718275,6.885913453825072,9.085462278240254,8.004669297390905,7.985023306534547,8.714186549848002,9.532883085899464,7.960101859057751,8.924883893031375,6.989963505466106,7.857701672967332,8.111883460644977,0.01696123699113823,0.026825152066587133,0.011898894843235978,0.024522743186560905,0.017806839282630577,0.020624327122699918,0.0315802520988789,0.022139824458774486,0.01381422926724472,0.010737333422043312,0.02091207474400118,0.02023218935382575,0.013138183620195565,0.022730271993065255,0.014840931545800714,0.03490024841797687,0.010105749076840982,0.01817945054460427,0.012269181811790469,0.026686224736951068,0.00949476891921887,0.014193228226850162,0.020726635705564513,0.01516727461817696,0.02219259450319475,0.02570973046658423,0.023570465740484516,0.018462652814757737,0.01861993919489563,0.014783978051395658
48,8.14937570144623,0.5578626652487562,0.017750104582432934,7.362898309139775,8.39162325106421,8.454039444191537,7.997295583306887,8.172999667519607,8.612803307300057,9.340020283966801,8.652015646904406,7.615894752745055,8.282244792775085,8.255580106643704,8.486482881012904,8.002641324409787,8.307507413587894,7.439494302800387,7.821782666405403,8.588569648565738,8.547987318696581,7.722659249438111,6.885913453825072,8.695146863747533,8.004669297390905,7.985023306534547,8.553749103705329,9.298418212881964,7.956020823641177,8.262342301433963,6.989963505466106,7.683600763641341,8.111883460644977,0.012580945634999768,0.023427794263708016,0.01152116706331412,0.017623920905214654,0.009620230300117173,0.022295545503432237,0.02844129058760725,0.019532172028281947,0.015439849614422579,0.014157162108047714,0.0253174329216055,0.018752172931462904,0.021339095409185348,0.020623004290500183,0.018166905820659506,0.027695232494273487,0.010358332977431335,0.010446161082477728,0.00743717616006153,0.0261426954234155,0.01598959667044008,0.009200587782251973,0.017303353704800593,0.015408951656721126,0.02068200441224472,0.021278591785557223,0.02147097994486247,0.017436648840310792,0.018069307019018918,0.01474482813656163
49,7.958768890595035,0.5794731203540677,0.016505510131348884,7.296958447005318,8.082023282012958,8.454039444191537,7.808956891833899,7.898181240008446,8.58761192965822,9.340020283966801,8.652015646904406,7.578250140575296,7.871861949936466,7.226834467716936,8.162222863120482,7.956496588519297,7.566920997079727,7.29466403905967,7.821782666405403,8.297326953144845,8.547987318696581,7.475432016558427,6.885913453825072,8.695146863747533,7.79492658023659,7.370640848131822,8.553749103705329,9.001642966230573,7.956020823641177,7.905767269768292,6.989963505466106,7.683600763641341,8.006107373062486,0.014296237691874047,0.02389943468423194,0.010052415420355537,0.010123990871165169,0.015428213102307967,0.017757968905003654,0.027899369884858333,0.020751019229791487,0.011246973649372974,0.013848988682797471,0.016132414701141497,0.016398098696231773,0.014701678815095034,0.020903252960048076,0.019027753572156136,0.02416735023157856,0.007136767758248824,0.0047787283852921605,0.020403054974255774,0.025254411015370848,0.013346715032859217,0.011538900969619084,0.013408683748182323,0.021303747490502713,0.0202843126879346,0.019618665303977247,0.02359653952804091,0.017086926602856812,0.010299587158011927,0.01047310218730427
50,7.820559587434343,0.5688704512020629,0.0162180869029186,7.208992571611866,8.082023282012958,7.867584620661297,7.806099850812396,7.723846498574019,8.58761192965822,9.304068849909958,8.471757254413108,7.578250140575296,7.836188983372644,7.226834467716936,7.8968613153921705,7.625263918829431,7.566186068986632,7.23686411875569,7.760198493004175,8.287149754596932,8.076286272974317,7.4351443916091515,6.589803330039157,8.695146863747533,7.78926822545162,7.370640848131822,8.553749103705329,8.529504602476186,7.956020823641177,7.905767269768292,6.973942920715022,7.419427693001072,7.256303158885885,0.010060475643508173,0.020307199455234834,0.004742422122867373,0.017863839704586562,0.013369904460951078,0.013330841185829506,0.024460066561990693,0.022297666127464692,0.013292676688834213,0.014325760154752102,0.01843801345864656,0.02754459865245526,0.010988064968552912,0.020545803758996745,0.022305092181576953,0.029282486009253622,0.0065472414532327826,0.005879172193632052,0.017609070591301294,0.0241632402076011,0.011470961405010197,0.008044559340818916,0.010496606602915803,0.019923885402912206,0.020860751540709474,0.021984510453475478,0.017424898902800332,0.018263089905986102,0.006864070233514913,0.013855637718146033
51,7.691843296827643,0.5711980068449846,0.01611379517387723,7.208992571611866,8.082023282012958,7.867584620661297,7.785158204118003,7.723846498574019,8.309786788251438,9.012522097499762,8.471757254413108,7.343030155759209,7.580651935704807,7.129810483160195,7.763582473616301,7.625263918829431,7.566186068986632,7.048661296346763,7.436655377775276,8.162233433494125,8.076286272974317,7.264652766412016,6.589803330039157,8.4444841887879,7.683764802250227,6.912569286699908,8.487351803238143,8.529504602476186,7.445817116804903,7.905767269768292,6.702742454242891,7.339095157107572,7.255713393212558,0.008500194571471458,0.023359250013462257,0.006156371817869591,0.01679105110426487,0.008990968867082932,0.011799415393076945,0.02908867298565658,0.019375668928838977,0.011819115180614057,0.012969134757190196,0.017502260747967856,0.022649798584447624,0.011279991254843524,0.018899127450108317,0.017566658541334077,0.026929978774667938,0.010949126872228186,0.008575587103664756,0.024180881268248317,0.03153582519790321,0.011898395750366395,0.006449920578527517,0.008837654105295491,0.019061041114289953,0.017130089523621734,0.02639547872518972,0.014326876463444306,0.02278763925182144,0.005620942759581455,0.011986737529237287
52,7.566869826774676,0.5644098349748164,0.016216062581429883,7.208992571611866,7.989139754628226,7.368206574920972,7.690741022607014,7.042660659206653,7.8949604606824,9.00151930765781,8.471757254413108,7.343030155759209,7.4975604099024,7.005487835172911,7.609622728331592,7.257302285661462,7.2597979661142595,7.048661296346763,7.436655377775276,8.162233433494125,8.076286272974317,7.1382469153148485,6.4960935759687,8.364231604598451,7.516914856543361,6.912569286699908,8.215555726704126,8.355060513282666,7.445817116804903,7.905767269768292,6.696414019974483,7.339095157107572,7.255713393212558,0.01343490528209353,0.019785495064500856,0.0074521149872801345,0.013862441926490958,0.011828881546251776,0.010634899983335357,0.03654122774813301,0.013206824283456032,0.01342927388644415,0.0124855211125284,0.015800532842142178,0.023304470701395793,0.007976865593720975,0.009579789002110003,0.019567742181264444,0.025196851349087772,0.008950062524745166,0.01948377009908589,0.015592342331164846,0.03949993231110336,0.015138240120824716,0.017368516137026252,0.009094152937592422,0.018492291826250756,0.015037376666154019,0.01849184054238023,0.012229728985703915,0.019168894537718195,0.01374136051930176,0.010105530413609457
53,7.4048290194966215,0.529275224153426,0.01684523876399173,7.208992571611866,7.67664413526888,7.368206574920972,7.690741022607014,7.042660659206653,7.224178566641516,8.492577089619893,8.266052777794396,7.192808622711302,7.366902536146721,7.005487835172911,7.448657935456508,7.064472750496536,7.2597979661142595,7.048661296346763,7.436655377775276,7.867465783765793,7.918210192709729,7.010024438501427,5.933126045396904,8.259489642316467,7.516914856543361,6.813838001000649,8.044179001693017,8.108478129918575,7.415366551090987,7.550037261750903,6.605417102084058,7.336344545247432,6.972481314987846,0.016755612880504756,0.01722688273245794,0.009427035239429756,0.016617966587752893,0.01235233705547795,0.013204108656498615,0.02782031669635021,0.013867765458008182,0.012677981186311048,0.011363952871494847,0.01225271196962072,0.02234613058953863,0.011961012547991184,0.010470965024191418,0.023282220771680705,0.02577118397488406,0.01296139325210305,0.031049441697515806,0.020997034314221744,0.04367272717587443,0.00987464757277822,0.013550139914321259,0.005969585607316407,0.014761401305470816,0.01580535959412544,0.022467416037264827,0.01741108680418105,0.021904857946663817,0.01191290729492227,0.005620980160799775
54,7.317396517044175,0.5167444902349876,0.017672844011544654,7.186790997608114,7.659411386648008,7.368206574920972,7.29104299037658,6.942279746712881,7.224178566641516,8.492577089619893,8.011129620838023,7.138469495118068,7.246761742766283,6.759783506932738,7.448657935456508,7.064472750496536,7.22084440716309,7.046711347282498,7.1710882323211855,7.862712744727647,7.88351443342534,6.635953468682988,5.933126045396904,8.198472123801265,7.516914856543361,6.813838001000649,7.920083005671023,7.758193953741449,7.331702196591271,7.525763018275013,6.605417102084058,7.336344545247432,6.927453625233969,0.01877416314595334,0.01321873244078716,0.011293582042685246,0.010314173951637431,0.013800664401473744,0.015931737426559116,0.03292785404605652,0.013009183773652493,0.02017499186543907,0.010428342542499502,0.016550261931590676,0.02144024114531498,0.012496586026799737,0.011564157223616991,0.0230410385001307,0.023390555651504552,0.013482445674349492,0.029270841293463603,0.021932401690598888,0.04005420688649734,0.012527599686942552,0.015651750243038554,0.009199069976231882,0.013672895434510569,0.013554953944647044,0.020615171756798112,0.02617335751853635,0.020215632629402923,0.012349411372917445,0.0131293161227036
55,7.2282403973290545,0.5004632941683699,0.01767027454963584,7.153811394883816,7.659411386648008,7.368206574920972,7.29104299037658,6.942279746712881,7.224178566641516,8.176833481155597,8.011129620838023,6.7472097960191615,7.013270699826846,6.759783506932738,7.282171536926555,7.064472750496536,7.189545123198084,7.003375138788556,7.1710882323211855,7.775799988549114,7.710833539316594,6.635953468682988,5.933126045396904,8.065490683067202,7.4547357023706855,6.534435405391765,7.920083005671023,7.659808334547881,7.045374886872395,7.4782098523446425,6.605417102084058,7.159399411986806,6.810733946902511,0.017721845623927604,0.009929350353945994,0.007768127414796018,0.008064046981504118,0.01759578853437642,0.01463013652109056,0.032155328553753096,0.014760046797558844,0.013234178934589804,0.012136090593571486,0.021646915292051323,0.0248277174131689,0.006617314275410068,0.01697574745161993,0.019185028457313916,0.022722053710794977,0.008451783564428742,0.024279320502731207,0.02285381143227844,0.04510836630591902,0.021479752869199734,0.012839808796031912,0.01105705986607904,0.012883594745531784,0.014436510834885034,0.026830121097975806,0.026470041557590827,0.021826666556981168,0.016664038431457005,0.0049576430185125225
56,7.089251985997251,0.47282888435105697,0.018006779425905773,7.013749476076136,7.277468748890055,7.368206574920972,7.159576788572316,6.758727434536944,7.224178566641516,8.176833481155597,7.945881034736205,6.529715053841592,7.013270699826846,6.687370557897278,7.26785836345524,6.951978024103038,7.094882229678118,6.791759519986773,7.1710882323211855,7.617940106245092,7.1515072457717945,6.258679683494101,5.933126045396904,7.5875568693108075,7.371924067923867,6.466357972892073,7.552284823480587,7.528691427860371,6.948769891730926,7.352613922865485,6.576595012170575,7.159399411986806,6.739568312148329,0.022073654945832535,0.008717082411760493,0.009175410523520017,0.014820813262385,0.01172033071974068,0.015993029647141603,0.031555916102185,0.01939804834479926,0.010303890176659532,0.015229672286712797,0.021071120500745104,0.022020468181177116,0.010731134175006781,0.013065169719224737,0.01610900061281763,0.0256106390530732,0.010961203503047433,0.02403961709928387,0.019242568959395103,0.0432778179204539,0.02115001486031048,0.0221818867704606,0.007198042930934085,0.011188211300290688,0.014631345742676966,0.019086568179476633,0.025765233481912186,0.0188281232518444,0.016971104009810434,0.018086264104495146
57,6.977569586714856,0.4523324124428355,0.017490986487765703,6.928653293207772,7.277468748890055,7.368206574920972,7.02019587205911,6.749372715342124,7.063018236272853,7.983514049543212,7.586515029996214,6.529715053841592,6.960126868858769,6.562787453433742,6.919225308337399,6.951978024103038,6.929937540357068,6.791759519986773,7.0174485598320295,7.489779108200425,7.1515072457717945,6.258679683494101,5.933126045396904,7.560822115269511,7.371924067923867,6.453441397251236,7.299577149584588,7.47120056750785,6.948769891730926,7.167360070350133,6.456295341726463,6.9880511321036956,6.136630936151487,0.016817201889779088,0.011615272563302371,0.00808288451635454,0.016647550408961827,0.013176684568951949,0.014220979195418086,0.03521149505695445,0.01254148382959299,0.015335151383017855,0.014462112074081254,0.019489683655917557,0.020487522893223233,0.00833646334911692,0.011670786791185328,0.019552002604580017,0.016091777020783054,0.007376442208561565,0.026238015082019037,0.020905453877147644,0.036430764378919005,0.02489669590790172,0.02354444136067198,0.0050110197873462865,0.012903507783819459,0.006939304479189754,0.02162609708331259,0.026384141843916263,0.024315457503055762,0.019841831608986712,0.014577369926902868
58,6.844020478829108,0.44606051373845435,0.01716823655042531,6.298282809517467,7.242629429998164,7.368206574920972,6.872765066193832,6.286242652778974,7.063018236272853,7.7577636418208815,7.586515029996214,6.355009766391046,6.936190869590455,6.562787453433742,6.774397843431114,6.951978024103038,6.907300250305038,6.761307895731324,6.544068679489534,7.187261203781549,7.1515072457717945,6.258679683494101,5.933126045396904,7.156334725654549,7.097569497639531,6.394309463077686,7.299577149584588,7.237410246469967,6.765267308910616,7.159010539455899,6.287414963406249,6.9880511321036956,6.136630936151487,0.020012027160405236,0.006042800470340689,0.010458666613661691,0.007584045556925769,0.015209772270021089,0.010805679522034354,0.031059041678562938,0.014854773717013253,0.018930642681429913,0.013368723298675953,0.018391304797405396,0.019810763102708153,0.006075582028544892,0.009148589598637506,0.020379571631298034,0.014730866469913107,0.012982514683945887,0.0198177670102298,0.026361925021225925,0.03459055799607745,0.028771497531286702,0.02010822471050934,0.010653410490790882,0.011324345724354512,0.014028417122471114,0.016959427528999513,0.02227414500223309,0.02146023841134899,0.021224028821194917,0.017627745860513216
59,6.7598638690677575,0.454844184207551,0.015818066575112748,6.298282809517467,6.776633486437969,7.368206574920972,6.872765066193832,6.286242652778974,7.034645235160381,7.722138400357943,7.500626651905364,6.312472186413697,6.904323858361359,6.492252775827083,6.774397843431114,6.870717820383051,6.7446620061543,6.761307895731324,6.4717697169970485,7.187261203781549,7.079775546017341,6.258668374095745,5.857956601854024,7.001407872211278,6.946251377662811,6.143279201160762,7.299577149584588,7.237410246469967,6.410980694061234,7.042604277765985,6.267208994476881,6.910964488057603,5.961125064261104,0.017401723248853956,0.00914184996970432,0.0027945747013222904,0.014305422324291306,0.012761468458457301,0.009872338158107497,0.03012955516754615,0.010715543220785793,0.020808517814274827,0.012105778735122558,0.014841134877147874,0.01938179456570612,0.006810713137289181,0.017461474571734487,0.021634575277454843,0.012768609914196314,0.013221631524883428,0.020017140148155376,0.020940966282405625,0.03482041442446118,0.019557934930862025,0.018318480832105046,0.008097572448399488,0.005101124675441891,0.013591212709275654,0.013531849379069377,0.02150684231773172,0.0190999731277317,0.013249645161963818,0.0205521351489014
60,6.648936704451701,0.4337921997663702,0.017179593100733217,6.298282809517467,6.776633486437969,6.988148224476992,6.872765066193832,6.286242652778974,7.002700365536077,7.677473831274737,7.393832379283481,6.225875781530213,6.834581430886411,6.492252775827083,6.774397843431114,6.4232725885695,6.7446620061543,6.4742199081185206,5.98435084790864,6.744620060622253,7.066297822410435,6.104658708738487,5.847762587097257,6.808917147945023,6.946251377662811,6.143279201160762,7.03477901186594,7.0432277484846555,6.399825468471789,7.042604277765985,6.267208994476881,6.824527974065079,5.944448754858371,0.01946857602842518,0.023140049135304326,0.009086933442933402,0.010911045519336937,0.015465410183088814,0.007446096406596395,0.03048735256844042,0.017137612276067013,0.012975146245942454,0.011172339964002404,0.018363095313533532,0.024385159037040312,0.014867129831265449,0.01694674801778453,0.02184231500239805,0.01948602067205974,0.007047112807106086,0.021822516996731746,0.024178656343154976,0.03115851665145818,0.01816756945630276,0.02051029761961582,0.012307416649591296,0.0054883030504336155,0.013945258240196165,0.01746916988814102,0.017238729044371463,0.022858459910942923,0.00971695827706995,0.020297798442661504
61,6.508520798306154,0.47396244220174555,0.01717246787643066,6.298282809517467,6.6311064371968875,6.988148224476992,6.204549238122201,6.173739527574487,6.686095049142775,7.2428292366005795,7.342208499105492,6.037841359663869,6.834581430886411,6.324210373320877,6.774397843431114,6.4232725885695,6.65140417798419,6.4742199081185206,5.98435084790864,6.744620060622253,6.597171618720147,6.104658708738487,5.334388955363771,6.489047519126519,6.946251377662811,6.143279201160762,7.03477901186594,7.0432277484846555,6.399825468471789,7.021685974928685,6.186002848382554,6.771779081555152,5.36766882248109,0.018966978467586992,0.022911659214070356,0.007707805159716039,0.011261058613810594,0.008604191757907161,0.014040960068921528,0.025979160610015553,0.009840886738329089,0.01744673558348188,0.011041553112420163,0.017251290944971652,0.02386158749610414,0.012094591880953923,0.0179098068627856,0.02421222934875353,0.0258703729633114,0.008667544620091354,0.01705618747448166,0.02374248823148413,0.028991950056286696,0.01768967719153046,0.01220222560424291,0.011558195658922693,0.01491260838924394,0.012269138807204833,0.02159416872690579,0.018534060333490393,0.028909732996897006,0.01298221259507311,0.017062976783925262
62,6.446646340847974,0.450812376397962,0.01720606706831426,6.281083743177785,6.6311064371968875,6.573506890393261,6.204549238122201,6.154943999147193,6.660740184745308,7.231140241397075,6.861000019451758,5.992550243718732,6.738947512443213,6.304516057333611,6.774397843431114,6.4232725885695,6.6082111375006996,6.266645171497629,5.972723219356762,6.6547985471950035,6.597171618720147,5.987649224730756,5.334388955363771,6.489047519126519,6.90207492907213,6.108384151303273,6.954107114279909,7.0432277484846555,6.399825468471789,7.021056838750058,6.186002848382554,6.771779081555152,5.270541652520709,0.0238294491575262,0.01991224399925274,0.008749758215103638,0.015980877769309607,0.014135408647553723,0.00965719419296431,0.028966152044091746,0.012229439954995393,0.01946421098277404,0.009239516625743132,0.013918564871955117,0.021511475680295544,0.014543657029327677,0.01207502128930341,0.025830541930198073,0.025776909752197093,0.014427990098537447,0.01987093045668445,0.018912233527865478,0.025862976806699287,0.01879868389049529,0.008607760267637713,0.012549618210370476,0.019568043617574173,0.013086477139430496,0.01673365055380516,0.02029679911218412,0.022150986253284138,0.015969079499356317,0.01352636047291175
63,6.316567095238505,0.4381863333937309,0.01705384582129429,6.143113028714051,6.6311064371968875,6.573506890393261,6.063461231167533,6.154943999147193,6.604707762740304,7.2219390532022505,6.44552733940229,5.761830498151458,6.634565462692684,6.153174035811837,6.680126422445298,6.32107368387684,6.256542832857466,6.266645171497629,5.972723219356762,6.634890508307613,6.255188142080055,5.987649224730756,5.334388955363771,6.2790542946910115,6.677769968832482,6.035520906275291,6.607413511000107,6.885379426260261,6.399825468471789,6.87748980645922,6.06657670799428,6.53322079504229,5.037658072992471,0.01670573292179552,0.020911155997164876,0.015222718780014542,0.012499959673515564,0.01279340749776458,0.016011387266621224,0.02695855028549942,0.017904326993691,0.01254941846019221,0.012892381752692908,0.014838975763207295,0.0223647433359701,0.015480006707170195,0.011736152004769511,0.024638368377762766,0.019280738147709926,0.009772600923345955,0.01929701889105332,0.020777526829522185,0.028405180661646146,0.021533366743748273,0.015741781062027244,0.01058097082536981,0.014376898899421314,0.01638689000599647,0.01499808774501302,0.020713767261119884,0.02176799733636893,0.013293763515038042,0.011181499973616445
64,6.2218890636112265,0.45241706633509327,0.01590443607839801,5.96170803638066,6.6311064371968875,6.573506890393261,6.063461231167533,6.153041060201396,6.319533787997827,7.2219390532022505,6.037252682705343,5.425814831675588,6.554629110544205,6.011478271217388,6.646203224448122,6.284700771543822,6.137629820322658,6.266645171497629,5.842093470905265,6.395874359366882,6.255188142080055,5.987649224730756,5.334388955363771,6.2790542946910115,6.665498627263407,5.99830733401377,6.607413511000107,6.681611302647394,6.363151483518955,6.683122714294747,6.060670807779054,6.342946294369231,4.8710510058178365,0.019974725670050736,0.024035622612317176,0.01787225093179793,0.017478697436898546,0.016038312496380453,0.014443874741789245,0.0215897616590902,0.015337400128251452,0.01038286224084263,0.007283336336358663,0.016232450815798535,0.026319342693861273,0.007374600021689966,0.00881364936819019,0.023610039688456024,0.015096825313673921,0.005862299125097671,0.022185052479353623,0.022945282526123628,0.026354396389668033,0.01393435947387843,0.012388815402718405,0.01058630237904693,0.015716406029280334,0.01612474050016057,0.007492007633947147,0.020702166371369735,0.015196075250658806,0.01015047898294316,0.015610947652247091
65,6.157331207683138,0.43373716125030326,0.015837665680974018,5.898861942317499,6.462948289355911,6.5621790067192975,5.9243279330706144,6.038615734143889,6.319533787997827,7.18476849147973,6.037252682705343,5.425814831675588,6.554629110544205,6.011478271217388,6.5336696929967175,6.25874099999384,6.137629820322658,6.204269249940726,5.842093470905265,6.395874359366882,5.88126469669087,5.987649224730756,5.334388955363771,6.2790542946910115,6.437571983373424,5.980597930617552,6.400359345175151,6.461855780632508,6.362606932193017,6.683122714294747,5.9047793977908825,6.342946294369231,4.8710510058178365,0.016385862872574906,0.027311616866757503,0.011249584012497453,0.011845223069876473,0.01281046786387088,0.012506571617769894,0.019583997875600584,0.016294889966828822,0.01828176261036398,0.008954426510288063,0.017233879257281697,0.015675310197599795,0.00568653788803168,0.019269557418325135,0.025750946930627582,0.013793292185969126,0.01015825101504885,0.01782425494710835,0.017718397759261015,0.0281691108385352,0.020501011764796663,0.014250858500331844,0.012556195812869373,0.012708255520698996,0.01512085962248883,0.015734931816478885,0.02382953450031428,0.016405375766933065,0.009174325938047546,0.008344679482043978
66,6.073260190693883,0.3925800320636933,0.016228999165562405,5.898861942317499,6.462948289355911,6.297978676416566,5.9243279330706144,6.038615734143889,6.319533787997827,6.4545220633309235,5.956579129436207,5.425814831675588,6.419775302218206,6.011478271217388,6.5336696929967175,5.8624893925741155,5.9746274635711,5.901986586630752,5.842093470905265,6.395874359366882,5.88126469669087,5.827585274009358,5.334388955363771,6.2790542946910115,6.373192790141196,5.980597930617552,6.400359345175151,6.461855780632508,6.362606932193017,6.610982220197457,5.9047793977908825,6.277688364078585,4.782272812009666,0.02022003804142223,0.028198614477155923,0.013907880562649735,0.011727382520801763,0.014323846350404953,0.012498143952756873,0.02238288247035272,0.011453621192792956,0.01733002928604608,0.007467167099374457,0.016486788056024618,0.017996637956960142,0.006895681916711988,0.02206966488552518,0.020337508401794442,0.01625681094077993,0.012133189689100654,0.022068624905037176,0.016316366911231728,0.030093998797670253,0.020825859380476097,0.007778665174890301,0.014003957582274091,0.004621378876253505,0.01173014720932691,0.01326021746007682,0.025765473426247503,0.01681103714201421,0.02058804446065837,0.011320315840060477
67,5.987129438205672,0.3636829561366556,0.016840743972825735,5.898861942317499,6.4526311995465555,6.2024861424269275,5.9243279330706144,5.878526555261292,5.8375911731200105,6.4545220633309235,5.783615360117107,5.425814831675588,6.419775302218206,6.011478271217388,6.436627123121362,5.792294183473366,5.9746274635711,5.901986586630752,5.703625244757134,6.234325555342828,5.800064741809685,5.827585274009358,5.334388955363771,6.2790542946910115,6.373192790141196,5.8304536804788185,6.202214538715644,6.201035073542524,6.280007813039667,6.189796227620693,5.903011649470887,6.277688364078585,4.782272812009666,0.024279214763894958,0.016101376624677144,0.007159312038454508,0.012175689219493234,0.017284932904462535,0.015992354430588038,0.01801292727949522,0.014171677000716499,0.009553975465263053,0.008719191239526622,0.016518863294547513,0.025689122607027055,0.013735180600923581,0.025933615270105383,0.01730261938737001,0.008453014498566887,0.009436449500127612,0.024343351109611902,0.015143713120916317,0.03001669665553513,0.016508814795879557,0.012279128827040006,0.015352503988824862,0.011608018406375032,0.015710424170792218,0.01019706540287139,0.02829617039327148,0.020596199962378672,0.01884460268529368,0.025806113540741808
68,5.920096683142235,0.3876128893720345,0.017008282066471606,5.898861942317499,6.254675534431062,6.039994516369479,5.811870858140704,5.839437608257995,5.8375911731200105,6.4545220633309235,5.783615360117107,5.064459450950448,6.341313029476698,6.011478271217388,6.280917681626537,5.572890568074971,5.9746274635711,5.901986586630752,5.599542376259201,6.234325555342828,5.800064741809685,5.827585274009358,5.278520676346968,6.245008401496968,6.373192790141196,5.789708354743357,6.202214538715644,6.201035073542524,6.2305492913198215,6.189796227620693,5.846487308476529,6.047931948487442,4.668695828322207,0.021142164834160357,0.016110360452223468,0.008116469007299473,0.0073491210179167064,0.016607313366528167,0.022317543656047524,0.018579045343937464,0.007067116751006973,0.005320483339127093,0.015669605197790138,0.01507222071159363,0.02074336553588229,0.014386799965944988,0.026947381482743667,0.019257153383502233,0.012609904932310297,0.007465286107516385,0.016982002702395048,0.016756347767132238,0.03250036019292013,0.021783538936670132,0.012820988395274548,0.017217539147537285,0.019534918077604786,0.017010659556537636,0.017873275169274623,0.026359084490988238,0.02118182304677008,0.013835581479434091,0.021631007946078543
69,5.856326422951634,0.4087837654076194,0.01714587236932857,5.898861942317499,6.254675534431062,6.039994516369479,5.811870858140704,5.746370759644208,5.8375911731200105,6.4545220633309235,5.490502781167116,5.064459450950448,6.283797042453283,6.011478271217388,6.272865501400812,5.572890568074971,5.9746274635711,5.901986586630752,5.584565099784399,6.123409901732245,5.642034555259034,5.478088065762833,5.022523156576888,6.232556950473427,6.201499007330021,5.596958123268397,6.037472911486407,6.201035073542524,6.2305492913198215,6.189796227620693,5.81618203476291,6.047931948487442,4.668695828322207,0.012735747561076913,0.02513926167441519,0.010412961793903826,0.015407511177802875,0.014203513234094165,0.018168703508220536,0.022627221915710163,0.004897498120724035,0.009515121312692526,0.012228563804834454,0.012453083904914317,0.019970638182393023,0.012322475029342875,0.020753532474117355,0.023720579238151424,0.012315447958903977,0.020391276502297852,0.019434731342820585,0.015653303791962447,0.028587329969427994,0.025659590875447124,0.010195981481710078,0.013240344762714927,0.027187295529735322,0.010341810737731433,0.0143075016807318,0.028797746029108597,0.01681196030292786,0.010931166573164218,0.025964270608779275
70,5.811750591091301,0.4218135925589175,0.017883214991521942,5.898861942317499,6.254675534431062,5.629746178359568,5.811870858140704,5.746370759644208,5.8375911731200105,6.4545220633309235,5.490502781167116,5.064459450950448,6.074656439721718,6.003661933712099,6.252764785680725,5.401320904297744,5.9746274635711,5.901986586630752,5.584565099784399,6.123409901732245,5.642034555259034,5.351393895803728,4.93636524887869,6.232556950473427,6.201499007330021,5.5894306888015315,6.037472911486407,6.201035073542524,6.2305492913198215,6.155221241631956,5.7153416426920245,5.950201336008227,4.603822032919336,0.013074638646146493,0.022385656782014388,0.024226501068871767,0.018438008499068334,0.01998416108571712,0.026765992780096472,0.02271549173798565,0.013975666393308332,0.010598844722413266,0.009732052240571103,0.01737968394156711,0.017807119016528927,0.011161468807941314,0.022692809555562257,0.016328763872628573,0.021258836890972195,0.009937536679540308,0.012079440995988004,0.01844782349742702,0.02692079976460036,0.024271010126710353,0.01078124205769369,0.012817573249145838,0.029354409571142936,0.008683184801131201,0.01224351642486738,0.025702481759115676,0.01830781901621236,0.015673622583061923,0.02275029317762789
71,5.7534481318250394,0.43073251851665334,0.017411802112861915,5.898861942317499,6.254675534431062,5.629746178359568,5.708452213335367,5.587101210148422,5.8375911731200105,6.4545220633309235,5.458666014206351,5.015736169802967,6.074656439721718,5.887788725581899,6.165177404042968,5.379266934451149,5.768393652244061,5.883835395651129,5.577803017620155,6.123409901732245,5.322300736388151,5.156044728130794,4.93636524887869,6.232556950473427,6.039369388274032,5.5894306888015315,5.918561858944731,6.201035073542524,6.187101731970795,6.150909549839014,5.6100606604824215,5.950201336008227,4.603822032919336,0.013539802520966142,0.019901717704767962,0.017436037584168545,0.014110573502308616,0.01542929650075028,0.018339172059559188,0.018016672333774766,0.016410636480956323,0.017331274472034253,0.016060559430852522,0.018963846562218053,0.017245710235773055,0.006514336325026964,0.023076806507648356,0.021413653220804935,0.02376162810688074,0.013928735801759311,0.011004214540719396,0.020463600205474112,0.02679091528796903,0.024809848931260967,0.012717086663590577,0.013262431266736053,0.022567923675508292,0.00890552318784548,0.013343611553011272,0.02563137924920755,0.013581777529946925,0.00985796246021164,0.027937329484126153
72,5.692811604099339,0.42527368438315943,0.01718410955111172,5.898861942317499,6.043951563132904,5.627628691989674,5.708452213335367,5.587101210148422,5.806570733816439,6.444767633558097,5.458666014206351,4.792537719844621,5.899198099507231,5.803128185179972,6.033875725822885,5.140014898863122,5.768393652244061,5.883835395651129,5.438403899866849,6.023433060188303,5.322300736388151,5.156044728130794,4.93636524887869,6.232556950473427,6.039369388274032,5.5894306888015315,5.848431608502224,6.000117886535033,6.187101731970795,5.949724485942635,5.6100606604824215,5.950201336008227,4.603822032919336,0.013987814243492925,0.016559690658569035,0.013031098773212324,0.010314151084847775,0.016463618550322082,0.013973175584914403,0.020460827854121795,0.016684106095276797,0.010986202476784177,0.008395784705611824,0.016906048897366695,0.018145383811819855,0.014666182485186561,0.02470764646372014,0.022722712092815622,0.017103943364569656,0.022367471688685796,0.022206961324925088,0.017819267887231253,0.021010554767899033,0.025790546736938133,0.01969963236870313,0.0084375444816717,0.02101467332457394,0.0124762420420301,0.013632589885615994,0.014468676937171306,0.02121468706749222,0.015367501530318748,0.024908549347463428
73,5.637766518529376,0.41013226206330583,0.01687458178798893,5.898861942317499,5.8352149536105,5.627628691989674,5.708452213335367,5.478897233676214,5.733553364743212,6.444767633558097,5.327691324690534,4.792537719844621,5.899198099507231,5.803128185179972,5.77430295981652,5.107067411523133,5.74582375495822,5.781896027181606,5.422739676617358,6.023433060188303,5.1821613062350735,5.154228867475666,4.93636524887869,6.232556950473427,6.013648965619328,5.5894306888015315,5.803813207456759,5.952195367052507,5.855584516865605,5.949724485942635,5.6100606604824215,5.844209004940279,4.603822032919336,0.013662219375894933,0.018697326974052006,0.014356462970574371,0.016423502397490623,0.01933095768246867,0.019937788511092007,0.024174357989926554,0.020225601960007125,0.008533669442547243,0.012399474626056275,0.018331137435445045,0.01364855428589306,0.010519939533488131,0.019184077511281386,0.013243758439831079,0.01844246414652202,0.005066561655415293,0.012150884249538248,0.016965144349347386,0.024193669117160633,0.028412558526982573,0.0190168434889699,0.013212899568801447,0.021375064498429613,0.02136819343852381,0.01538490168164718,0.015622494625814984,0.014306975810670631,0.011780803423301598,0.026269165922493908
74,5.575704671245973,0.3957063102865475,0.017758468273571304,5.898861942317499,5.8352149536105,5.627628691989674,5.708452213335367,5.478897233676214,5.660370367501169,6.210596596804734,5.327691324690534,4.792537719844621,5.704162940990571,5.771721676320869,5.77430295981652,5.107067411523133,5.74582375495822,5.781896027181606,5.116212839136946,6.023433060188303,5.1821613062350735,5.154228867475666,4.93636524887869,6.232556950473427,6.013648965619328,5.36340695479295,5.780287268875455,5.773270068236567,5.855584516865605,5.558761544853866,5.407965693326492,5.844209004940279,4.603822032919336,0.020297496744154972,0.0173863871579304,0.01161986415181665,0.015143772899885242,0.013198442785930745,0.022968888027560985,0.019901221543951714,0.01669894983495999,0.017179998912265806,0.017193754000541267,0.02056394960885912,0.01586885682439219,0.013275621843370486,0.027672580698415102,0.02039182645879568,0.021719014892317083,0.015110633847097881,0.015034066517553658,0.014951764493382626,0.015693606788892776,0.02712398867985828,0.015784714846366774,0.009025897423825459,0.024496654814065922,0.02341744444751897,0.016126216392224665,0.014761953840751517,0.015555197519431973,0.012892730575294555,0.021698551635726593
75,5.513383680228797,0.3963155842164241,0.016553035152026267,5.828185460428816,5.8352149536105,5.627628691989674,5.708452213335367,5.289521908159863,5.660370367501169,6.210596596804734,5.160029255772979,4.792537719844621,5.704162940990571,5.708861012702091,5.741240219971495,5.107067411523133,5.445658330460962,5.781896027181606,5.116212839136946,6.023433060188303,5.1821613062350735,5.154228867475666,4.836019340983711,6.063155013653155,5.782935332423648,5.36340695479295,5.734141132791503,5.549227991997057,5.831385777563607,5.537694517228832,5.316307821121828,5.835757509978375,4.474019831015649,0.022234804531764563,0.01818104771308249,0.016181608334810037,0.01905430667148725,0.00888282646074131,0.019238515278008992,0.021770391781898588,0.01699984630677526,0.016582147404491456,0.011936187714455322,0.020828696051204302,0.015829874765387258,0.013545102283813209,0.019466767613124214,0.018549403163586255,0.016323587723051362,0.009703127365427562,0.011116041360220315,0.015755085240741543,0.018213234505162844,0.025278726661155052,0.014038982476281301,0.010354976097182455,0.016272119798767148,0.024207556877727906,0.01797686838919368,0.023002976631743884,0.009585504605085459,0.005461967252576255,0.02001877350184084
76,5.446239867003787,0.37364925462253673,0.016120604871359866,5.828185460428816,5.566031198176031,5.627628691989674,5.6549001333864375,5.289521908159863,5.591738682322671,5.936126355837413,5.160029255772979,4.792537719844621,5.660810434342114,5.698574267548732,5.418255555941162,5.059323551473753,5.439780118083156,5.76402961845416,5.049358696815887,5.91846610074095,5.1821613062350735,4.963543800293561,4.836019340983711,5.958124798081975,5.782935332423648,5.312035538642601,5.712474193246155,5.549227991997057,5.799500735739606,5.537694517228832,5.108485649786164,5.715675225121153,4.474019831015649,0.020993229130874123,0.02179798593037772,0.014563842959596672,0.021491129117916483,0.010034272288597578,0.01300765820989391,0.013804906890739481,0.01267267030204295,0.01300628583863545,0.012845577654517343,0.014255661184457015,0.015101319062601294,0.00538333073054993,0.02229190305452437,0.018274262476001665,0.011034727197473886,0.018427861085455008,0.011769580294242434,0.018387130167878452,0.022618669178913944,0.026309677766896345,0.01379553431428036,0.01725075047472358,0.020964879998781986,0.020135340676365625,0.010130921227470634,0.02083543309160018,0.009696378428281754,0.0170089204899096,0.015728306917196226
77,5.365147604234305,0.3511215160810459,0.01610434645242067,5.747251448825363,5.4902360048992875,5.337136404091176,5.6549001333864375,5.289521908159863,5.547289214515764,5.936126355837413,5.13762071522596,4.735103398278309,5.660810434342114,5.108374093417485,5.418255555941162,4.975299454864963,5.439780118083156,5.45292994386681,5.049358696815887,5.6817899830291445,5.1821613062350735,4.963543800293561,4.836019340983711,5.958124798081975,5.782935332423648,5.158006036971155,5.511506763465025,5.54653196616286,5.580858757165661,5.537694517228832,5.108485649786164,5.652756163635534,4.474019831015649,0.021165296240798506,0.018486758074866997,0.016299906489886825,0.02688492825314112,0.012773823269326329,0.008674973790508127,0.006762329327979409,0.01610846955007744,0.013865789440655855,0.023838328947302177,0.018360265207372953,0.016091647967059905,0.006962099086062716,0.014654694761397549,0.012861779033538502,0.009447188954646867,0.020735352787620877,0.016728756510523572,0.012800012820476974,0.02385381326256239,0.022802209566649946,0.00943696700885342,0.01697323363154696,0.016974735117253715,0.01750227658929888,0.011084533264097474,0.019838959774732615,0.019570055266530197,0.016433740427542635,0.015157469150309
78,5.3113400523046295,0.3931867765569913,0.015728378399887326,5.741544606315109,5.4902360048992875,5.3191862347960495,5.455830932655292,5.024531894496835,5.547289214515764,5.936126355837413,5.13762071522596,4.735103398278309,5.660810434342114,5.108374093417485,5.418255555941162,4.648529035576718,5.439780118083156,5.45292994386681,4.895519785105009,5.6817899830291445,4.788200928778906,4.744669388686894,4.836019340983711,5.958124798081975,5.782935332423648,5.158006036971155,5.511506763465025,5.513465754534128,5.580858757165661,5.537694517228832,5.108485649786164,5.652756163635534,4.474019831015649,0.021353977102988437,0.014797568439930511,0.01766873117897992,0.01828847665102821,0.012627225343526175,0.009992499571696416,0.0179577666314844,0.009192813958377068,0.00826638197927604,0.017142476418604714,0.022371772373020276,0.011718700970749424,0.00891909367744404,0.018421950968018526,0.016575496294844283,0.017830737727480853,0.019887530138622354,0.018514706756403692,0.012983013820526341,0.027114706454833777,0.021936943012855398,0.013139339598250529,0.012444368783863593,0.007798304500981362,0.013589696505329908,0.015579187165050395,0.01613771666490345,0.020688873864624344,0.01436383806178978,0.014547457381135616
79,5.219812340962698,0.3707108683338645,0.01612769531976516,5.655050715701702,5.4902360048992875,5.3191862347960495,5.297648654167144,4.8834008878132344,5.172642154682563,5.635365009827005,4.974179711902394,4.628641721688844,5.660810434342114,5.108374093417485,5.198604272696336,4.648529035576718,5.305483828034248,5.302565073819256,4.895519785105009,5.6817899830291445,4.788200928778906,4.744669388686894,4.717511141317466,5.843129974569841,5.624144873387117,5.158006036971155,5.511506763465025,5.267859059229199,5.580858757165661,5.537694517228832,5.0864762199745535,5.469402907423444,4.406882059184316,0.025861965553435277,0.01651489781656996,0.017746668561215265,0.02483535678513525,0.012159016538988873,0.01892014600180658,0.019061272317653567,0.005402656715817432,0.0061777794728148806,0.021732440838444105,0.019971545538633596,0.00964261172346228,0.010829223254362972,0.025506012477772455,0.0214175795700766,0.015595412753396012,0.012466075812756813,0.011606367988374063,0.008714372609993921,0.02190510798371153,0.020910584276382472,0.013148253411412026,0.010114835297572844,0.013988552949292278,0.01620431942246178,0.01520375290840283,0.014964871428094034,0.019097868526457264,0.01777583593278957,0.016355475125668168
80,5.160153926115892,0.36214240964315775,0.016356249561538774,5.548391896612642,5.4902360048992875,5.298026937763034,5.297648654167144,4.802342445566321,5.172642154682563,5.304113097358844,4.974179711902394,4.628641721688844,5.507525904146394,5.064438286442041,5.198604272696336,4.648529035576718,5.262090076323734,5.3009020033188605,4.777380128219807,5.598454055655342,4.788200928778906,4.744669388686894,4.6773638246396025,5.843129974569841,5.37924761505985,4.66432475785663,5.4931857973369524,5.267859059229199,5.580858757165661,5.533698773937953,5.0864762199745535,5.4645742400361,4.406882059184316,0.027930384968411714,0.017175343864716412,0.018900118409101843,0.022672487706613148,0.011409641603708751,0.014865147702315623,0.016545958498513785,0.01399883723663373,0.012137445271262431,0.02210171128001336,0.013612973840800846,0.012750324497355076,0.014613088999131805,0.021375307268282122,0.02232426305431578,0.015984304673289946,0.009296492388902424,0.008573918000769919,0.01136502585962694,0.028194041274489556,0.010865153379375835,0.016546203124102002,0.009408454958185312,0.0195625743997474,0.016232932927645008,0.021710428083665363,0.011178404559795206,0.019956931712457514,0.016776645148579863,0.01262294215435466
81,5.129606471230199,0.3564312618709776,0.016481587421537616,5.548391896612642,5.4902360048992875,5.2496005727434785,5.297648654167144,4.802342445566321,4.968892027015226,5.304113097358844,4.905262446237515,4.621020263695133,5.507525904146394,4.954115291834796,5.198604272696336,4.648529035576718,5.20516647618587,5.3009020033188605,4.756891479966331,5.446808580980935,4.788200928778906,4.696189458802536,4.6773638246396025,5.843129974569841,5.37924761505985,4.66432475785663,5.474393761701204,5.267859059229199,5.538395397094337,5.433270077256317,5.0864762199745535,5.426410549756866,4.406882059184316,0.02228320721039182,0.011558150043713682,0.020208540927963932,0.01900981628521315,0.013055722100100874,0.018052546318610134,0.014756160994786539,0.01714614881556804,0.0169721727159919,0.020685946411614003,0.01465107088718676,0.018067713879062572,0.016891405482065747,0.014184137938898271,0.023074055511200817,0.009567825620966891,0.011830623515437292,0.006805980153627536,0.01866924921114711,0.02836411517866147,0.012706238094915523,0.016252471356613705,0.014923423770376167,0.020581290532747498,0.013525668957235948,0.021153259722139117,0.01176248146755723,0.02039945761669943,0.011511051291117312,0.015797690634518097
82,5.100088821989663,0.3804092384303358,0.018128344153205158,5.445340410693756,5.4902360048992875,5.1135385294315014,5.297648654167144,4.802342445566321,4.968892027015226,5.268303462834698,4.905262446237515,4.582139593131103,5.499791750328505,4.954115291834796,5.198604272696336,4.648529035576718,5.1909077667826224,5.3009020033188605,4.709858076509494,5.446808580980935,4.721472941250266,4.696189458802536,4.6773638246396025,5.843129974569841,5.37924761505985,4.66432475785663,5.474393761701204,5.267859059229199,5.538395397094337,5.328835346413825,5.0864762199745535,5.426410549756866,4.075345401336378,0.022711893663678203,0.01782447646983415,0.0251197790333619,0.01957055143807579,0.012154822122655333,0.01960909307559533,0.02138398859951436,0.017892402718940992,0.01234160846944729,0.02229244032089415,0.013291681948588981,0.024842463730904908,0.01739396084480762,0.02310441011427061,0.016572126726280237,0.0003856680770238436,0.013225284555424648,0.019137755136381464,0.01682492877843239,0.023310955672390447,0.017493691755509244,0.02308822724831059,0.01182499622979857,0.017814184875213662,0.015410302419228939,0.020364179961830473,0.01882620804201243,0.025768249337844384,0.0203236972803206,0.013946295949583302
83,5.063144789540686,0.37102116437649857,0.016840968437343208,5.445340410693756,5.461705585216606,5.107783550743651,5.297648654167144,4.802342445566321,4.968892027015226,5.2359327849130715,4.905262446237515,4.534759230650476,5.428147486309079,4.954115291834796,5.198604272696336,4.648529035576718,4.997687317555904,5.0819740580870345,4.709858076509494,5.446808580980935,4.641414853999795,4.674585438004524,4.569573963372342,5.664628144248873,5.37924761505985,4.66432475785663,5.403696021367164,5.240767260560045,5.538395397094337,5.328835346413825,5.061727682395862,5.426410549756866,4.075345401336378,0.024692104273003883,0.012423059254521926,0.019135703720713056,0.016596730703916637,0.010515313872122074,0.016671815063998896,0.021613338284124598,0.015056404091333941,0.009637103471958404,0.014884321865940749,0.009939657541044375,0.015805637821103606,0.02125457056684552,0.02275927199729455,0.013749127803536031,0.010981524852582495,0.014511196295080186,0.021816083867785815,0.0155325323803709,0.022193627217346967,0.010304964522801567,0.022503149180023142,0.013015675512705771,0.0242736656705042,0.01727087824122753,0.017923604450505285,0.021189160557246647,0.020535322447054128,0.01622873434199675,0.012214773251606626
84,5.016325433502624,0.3747889680782841,0.017023357960459624,5.445340410693756,5.42014221902129,5.107783550743651,5.297648654167144,4.802342445566321,4.968892027015226,5.2359327849130715,4.905262446237515,4.534759230650476,5.371421369668941,4.954115291834796,4.826956316750415,4.648529035576718,4.745199305383611,5.080849417064627,4.572493183824921,5.3139791501237,4.641414853999795,4.496316476371192,4.569573963372342,5.662054927537536,5.37924761505985,4.66432475785663,5.403696021367164,5.240767260560045,5.538395397094337,5.305777585364801,5.045019399848815,5.236182506073643,4.075345401336378,0.023990905861196923,0.01106346523691267,0.015602020745393819,0.020452104512425857,0.01264578577499862,0.019019184750380804,0.01732167160948724,0.015482089668959191,0.0070335969274025675,0.022628571528446363,0.008319516716233254,0.0176063142411275,0.01842501194729113,0.020814212352597908,0.01754050640010467,0.016449998214131033,0.013791437185339385,0.020202195154916378,0.009694668179870903,0.021985541473786924,0.013113775253221603,0.02493079848178695,0.01765863149601689,0.027050325368775358,0.013883536895147836,0.011752898720795454,0.015790854659748384,0.014823923804488656,0.025185961808526038,0.01644123384427842
85,4.990370024206954,0.37494358346958545,0.017233411556609367,5.345112681999666,5.3354627283977045,5.107783550743651,5.297648654167144,4.769946126273503,4.881746335758955,5.2359327849130715,4.842947952816331,4.534759230650476,5.371421369668941,4.936837127409046,4.826956316750415,4.634273247992439,4.745199305383611,5.080849417064627,4.512422847012349,5.3139791501237,4.641414853999795,4.496316476371192,4.569573963372342,5.662054927537536,5.37924761505985,4.66432475785663,5.403696021367164,5.240767260560045,5.538395397094337,5.221227986832453,4.836878261664207,5.236182506073643,4.0477418712938125,0.022720211923697567,0.013086672775594025,0.020421366449053104,0.01958502731509545,0.013471025056849845,0.0209821073712461,0.01837773616850337,0.016025345511132112,0.011679582483762881,0.018432041370835886,0.013578231826719446,0.018832074325539797,0.015124176413002972,0.022822155755292735,0.018270063372844435,0.02314724271059999,0.012586894712751704,0.013740968185028034,0.0111259681950594,0.019289130439170604,0.01353336102415293,0.0170156382328506,0.01402546003611746,0.019422444597390513,0.0135614504862145,0.012588286464458963,0.021265862739490916,0.022418520738999637,0.019806646459566264,0.020066653557259864
86,4.947138494698754,0.37547828251737575,0.01676348031504522,5.331506347290887,5.029488108605008,4.941829605182367,5.296648210898557,4.769946126273503,4.824761920824432,5.231548627217471,4.842947952816331,4.534759230650476,5.371421369668941,4.9366723021785575,4.826956316750415,4.634273247992439,4.49901408333735,5.080849417064627,4.331028257928036,5.258569834282621,4.641414853999795,4.496316476371192,4.569573963372342,5.662054927537536,5.145232483069552,4.66432475785663,5.403696021367164,5.240767260560045,5.506522512002231,5.221227986832453,4.836878261664207,5.236182506073643,4.0477418712938125,0.02278897708027324,0.01606170416272834,0.022704884619187904,0.02410105668527386,0.009635695865717539,0.01874368936284971,0.004861855329621648,0.01123145004492146,0.0204893627537565,0.019208716780421627,0.01185796839411166,0.02372339484555753,0.020945417754883983,0.016536655683509986,0.01767021259628305,0.02436755365023337,0.014560436384650544,0.015126065305303327,0.011736072080384507,0.01173382850853034,0.014328648202796918,0.02056733790258919,0.013704962811811907,0.014604961277308337,0.016516409175152506,0.014762463758568451,0.01577440646072425,0.022973008230270004,0.020143819103838313,0.01144339464009669
87,4.925844039083077,0.3726446751325129,0.017215507827512338,5.331506347290887,5.029488108605008,4.894378053577107,5.289580776724804,4.769946126273503,4.824761920824432,5.19620197195659,4.78315725239197,4.534759230650476,5.294324275394818,4.9366723021785575,4.826956316750415,4.634273247992439,4.49901408333735,5.080849417064627,4.331028257928036,5.258569834282621,4.452505620531259,4.473093294754271,4.564603190366665,5.631057722032018,5.126681273495699,4.66432475785663,5.258267391805703,5.240767260560045,5.506522512002231,5.221227986832453,4.836878261664207,5.236182506073643,4.0477418712938125,0.020702160245205298,0.012121285626643434,0.019209825016709727,0.020413139910368024,0.0073951427530240515,0.027468307038030527,0.015492457404583363,0.01217178979982526,0.019614958988788123,0.01726227286023374,0.009572050752506181,0.02659995214828834,0.02226471758206891,0.016042767321648027,0.015439227162138847,0.021888640481848756,0.016428092180002324,0.024015225790566263,0.01591891080795277,0.015087599867848635,0.014679027124352331,0.01931134806760841,0.009798400515170995,0.021192213540680415,0.018955269205043167,0.014438473573493817,0.01360379222658513,0.020252343672052472,0.023380995283023356,0.005744847879079398
88,4.890198091445793,0.351423253889382,0.01778899431094712,5.331506347290887,5.029488108605008,4.894378053577107,5.177261226704264,4.769946126273503,4.824761920824432,5.19620197195659,4.78315725239197,4.533403860162455,5.230027593971787,4.9366723021785575,4.768320069046737,4.523415813566594,4.49901408333735,5.080849417064627,4.331028257928036,5.258569834282621,4.452505620531259,4.473093294754271,4.539460368456574,5.377034102600295,5.07452912717639,4.659106724481315,5.258267391805703,5.181925936964124,5.506522512002231,4.930739365387062,4.80083168268456,5.236182506073643,4.0477418712938125,0.018930291862109757,0.016477902444865532,0.018180317365358297,0.019596015673524314,0.008643994356139158,0.029200436165235388,0.014018933182249182,0.015436929546825344,0.023064684689071014,0.01185888642888206,0.01527897247231966,0.023508659031941492,0.017718757518691418,0.01436732171764601,0.015954124209726795,0.02336648577520211,0.012579688883399807,0.02230352160715611,0.013670392432413272,0.01571455512954388,0.013115248462945218,0.02125941824339897,0.0178178224363294,0.01698316573991212,0.014773891945484438,0.017484834673397724,0.021613395436687145,0.024024993699119777,0.019522622592858023,0.01720356560598029
89,4.839972714794467,0.355052418890815,0.017777363620339888,5.118492046090086,5.029488108605008,4.894378053577107,5.177261226704264,4.748696096352109,4.824761920824432,5.102038953135363,4.594952434977007,4.4001902674274405,5.230027593971787,4.9366723021785575,4.717017191804576,4.338014978060713,4.49901408333735,5.080849417064627,4.211212259693433,5.258569834282621,4.357427527171296,4.473093294754271,4.520339066875973,5.377034102600295,5.07452912717639,4.659106724481315,5.036966748585854,5.181925936964124,5.341626721698898,4.930739365387062,4.80083168268456,5.236182506073643,4.0477418712938125,0.015036374148802337,0.012358218255357859,0.014185685785134794,0.02221037564463458,0.009244000762506793,0.02639762061122761,0.015024454295663967,0.021135431033131456,0.021283321799946135,0.011773886610156221,0.01965285849401211,0.024619131337103625,0.019942686220438405,0.019473422239901967,0.016582182050801194,0.022831700524903267,0.015940703896230816,0.017420805230033545,0.011395924211555742,0.012154489234879181,0.013272668673500028,0.02039086229055536,0.021235582394676066,0.016333829933666638,0.01988270575438506,0.01556147836565355,0.015786456829021286,0.02374483046894759,0.01930506035650638,0.01914416115686314
90,4.80156136180223,0.33350764858426063,0.017611467502626443,5.100181734892825,4.916073426650243,4.894378053577107,5.135331573809946,4.711249373061271,4.824761920824432,5.040381474760643,4.594952434977007,4.4001902674274405,5.213143647740566,4.825635120631112,4.604784489882189,4.338014978060713,4.49901408333735,4.964328140915978,4.204699696681445,5.258569834282621,4.357427527171296,4.458530540013761,4.510430075797199,5.377034102600295,4.970546732679654,4.659106724481315,5.036966748585854,5.181925936964124,5.121723505613662,4.930739365387062,4.80083168268456,5.068145789281424,4.0477418712938125,0.015265608848125976,0.010421998210897497,0.012757139479926335,0.016451924160573464,0.009865243182921023,0.02071398473856019,0.013466594402804708,0.020465263370434472,0.01894256399401624,0.00973026147000185,0.02137979310310345,0.018154632995634634,0.01661270516139307,0.022591039820386846,0.017683613343592784,0.021818571174153003,0.012839179618687784,0.016295673193853985,0.01528485183767506,0.013042288870912383,0.013991077427873175,0.016156398657430203,0.021517904080994046,0.031499992204345885,0.02131315015953901,0.026210326622687477,0.013540492295816258,0.020652307941984062,0.022339230584150403,0.017340214126318084
91,4.782142671762131,0.3304473947989608,0.018298172783877926,5.041287409170025,4.916073426650243,4.894378053577107,5.135331573809946,4.666328724846874,4.824761920824432,4.939293233235279,4.594952434977007,4.4001902674274405,5.213143647740566,4.716732808951921,4.604784489882189,4.338014978060713,4.49901408333735,4.964328140915978,4.204699696681445,5.210341068468349,4.30276392000032,4.458530540013761,4.4581892521305555,5.377034102600295,4.970546732679654,4.630926797104252,5.036966748585854,5.111483002970271,5.121723505613662,4.930739365387062,4.785832566646111,5.068145789281424,4.0477418712938125,0.01745168638723912,0.012620521958047214,0.018905650978755257,0.020638973754683633,0.010570524178326143,0.018782007680629008,0.021387651645832388,0.009965661917778272,0.020232558309718752,0.02215652220335216,0.013312364736631657,0.020310804508898384,0.019774471588934247,0.027384841173405394,0.013703508743971415,0.0245776254535717,0.01641794661883507,0.016832569725219102,0.015057645072226573,0.013531085282401508,0.019345254083563773,0.0186917068194632,0.02242267491038699,0.03090284612945262,0.014594928975752163,0.018450993971808265,0.013644053655983021,0.025503724760246902,0.0192385348850977,0.012535843406126162
92,4.740625317496238,0.3366834136666626,0.01835912532867576,5.02295650556524,4.916073426650243,4.885082772528225,5.002722368207294,4.619530249049205,4.824761920824432,4.939293233235279,4.594952434977007,4.4001902674274405,5.071638435261043,4.5944608297083676,4.604784489882189,4.338014978060713,4.49901408333735,4.964328140915978,4.06144531157592,5.210341068468349,4.249435706865423,4.222018055022563,4.428641775144943,5.377034102600295,4.970546732679654,4.630926797104252,4.894845481405547,5.0780217448774145,4.985239020904331,4.930739365387062,4.785832566646111,5.068145789281424,4.0477418712938125,0.019660877976647787,0.010901223975377402,0.013366479971968678,0.017862633038847803,0.01040613403918813,0.019287335760047028,0.014241800079769976,0.01924821820799908,0.0209596909285212,0.013841854025801377,0.010811514674584004,0.015224330245969664,0.020111657423160973,0.02187543840430849,0.020022605539081785,0.0223410461061373,0.017263295011931922,0.01349474407064876,0.025035116697865317,0.019452752284455692,0.025836005410452664,0.015187699622130109,0.020732069342740907,0.03322860037531218,0.01785328751699108,0.021088438916637357,0.014213270406226339,0.022059468156626686,0.02050011814975586,0.014666053501087184
93,4.707003497743057,0.3171998418618792,0.018000887031042398,5.02295650556524,4.7307594323024915,4.757818457290334,4.9271486793163675,4.619530249049205,4.824761920824432,4.823140247110423,4.594952434977007,4.397639569685264,5.071638435261043,4.5944608297083676,4.5463105546423,4.338014978060713,4.49901408333735,4.88417705283732,4.06144531157592,5.092546623673751,4.249435706865423,4.222018055022563,4.428641775144943,5.360216618162273,4.970546732679654,4.630926797104252,4.894845481405547,5.063042738097408,4.985239020904331,4.930739365387062,4.785832566646111,4.854562838360799,4.0477418712938125,0.012594575483310808,0.011887713928598099,0.01535176303205211,0.02087836769564117,0.008535798802535964,0.021145651365520608,0.01697611942243731,0.018163337521390693,0.015608630000184502,0.01751861289390205,0.011148199005819138,0.014562442320044024,0.023573381315470394,0.01760722140812411,0.01761084592113208,0.02520314485386909,0.017005212376630902,0.01507727682661876,0.018295250972364136,0.0175206047299502,0.026732603280194923,0.010706139543012867,0.025641591520968877,0.02857386933406545,0.02422424340599881,0.020884336926898683,0.016623233312356964,0.021826946467253007,0.016249424824618556,0.012300072440307643
94,4.675462458341193,0.3110983459823083,0.018531412744960566,4.9129248725156245,4.7307594323024915,4.757818457290334,4.722517348063075,4.619530249049205,4.648172411588398,4.823140247110423,4.594952434977007,4.397639569685264,5.06012684508298,4.5944608297083676,4.5463105546423,4.338014978060713,4.489366232453076,4.781687836657259,4.06144531157592,5.092546623673751,4.249435706865423,4.222018055022563,4.235792352012272,5.2943321808122406,4.970546732679654,4.584746112459175,4.894845481405547,5.063042738097408,4.985239020904331,4.904323859240268,4.785832566646111,4.854562838360799,4.0477418712938125,0.01929443698685987,0.015996896674504418,0.015045994356979377,0.020307734436435333,0.012952320026190976,0.025792696517831986,0.013274828378925857,0.019511083551338994,0.01766744821107116,0.028191918471575057,0.011247507326923777,0.01795204959793714,0.023676285536895537,0.0173660394137148,0.017300350779328948,0.024190908885552486,0.011595984881331829,0.021085466087151915,0.02028195866907134,0.017102755297152997,0.020603994546904706,0.013388654926201116,0.022492211823752842,0.030032925887304152,0.015371953940611045,0.02383772545536157,0.015422026866684235,0.01776941490064196,0.013336531086279243,0.013852278828302282
95,4.645685960270096,0.2974933865011746,0.018032480032837733,4.9129248725156245,4.727316584567433,4.757818457290334,4.722517348063075,4.619530249049205,4.648172411588398,4.823140247110423,4.594952434977007,4.397639569685264,5.06012684508298,4.542911620629496,4.5463105546423,4.338014978060713,4.489366232453076,4.781687836657259,4.06144531157592,4.877183769887829,4.249435706865423,4.2061698255162305,4.235792352012272,5.182145024864486,4.970546732679654,4.584746112459175,4.894845481405547,5.042214642714601,4.985239020904331,4.637603906105813,4.7595228553353515,4.7556737736702885,3.9655840497333696,0.017751877413617945,0.012600726136202604,0.014342095568778024,0.021190648719644028,0.014219605566581039,0.017384987546821662,0.012684271641962822,0.016191299320387122,0.017485929366410264,0.029075770197998865,0.01060456694292527,0.019395991877160106,0.01524091862495815,0.014777914047377355,0.017821496961857454,0.02491122947245908,0.01091572419409459,0.011786496919858759,0.019223407127507478,0.02158738335106399,0.026570450782772658,0.01888952608505391,0.01421392886576419,0.031955593363103295,0.01593710964317331,0.022627581571536163,0.014867879855657223,0.02269507056396202,0.017020429703046836,0.017004489553395754
96,4.618511176303963,0.29319140314915737,0.017957328948142712,4.9129248725156245,4.711162818500856,4.747897937077894,4.722517348063075,4.619530249049205,4.536529260038034,4.823140247110423,4.503868697847182,4.272839670762082,5.06012684508298,4.542911620629496,4.5463105546423,4.338014978060713,4.489366232453076,4.781270079051286,4.06144531157592,4.877183769887829,4.249435706865423,4.165946764411064,4.235792352012272,5.182145024864486,4.940613746552671,4.584746112459175,4.6798405793532325,4.8955770405247705,4.955812884882999,4.637603906105813,4.7595228553353515,4.7556737736702885,3.9655840497333696,0.013529249694532426,0.01782739395997502,0.014714447126476524,0.023690523736385256,0.016723382773340827,0.021606120076620182,0.01722639388787473,0.01663587863768347,0.013587983746606167,0.024914099969856704,0.013459709255726385,0.015171574323810829,0.02240465290709053,0.017535208076370698,0.01987686589367762,0.014387754663524759,0.01329294843250706,0.012164084648369034,0.021363526860702517,0.01821739175190651,0.02575568953976002,0.023119148230035823,0.015038908195341098,0.02863989389798505,0.019493190890534095,0.014068549387947413,0.009040022544067817,0.023191619878004676,0.019218118951070902,0.01282553650649709
97,4.582701986120668,0.26732204520054476,0.01831073030887533,4.57961554612789,4.687303159312393,4.561055523153314,4.722517348063075,4.619530249049205,4.536529260038034,4.694832991782537,4.503868697847182,4.272839670762082,5.015837982987385,4.542911620629496,4.5463105546423,4.338014978060713,4.489366232453076,4.781270079051286,4.06144531157592,4.877183769887829,4.249435706865423,4.165946764411064,4.235792352012272,5.067944281635818,4.91648161472887,4.584746112459175,4.6798405793532325,4.8955770405247705,4.816163920352217,4.637603906105813,4.7595228553353515,4.67598742467894,3.9655840497333696,0.01370254838141307,0.017281895390237265,0.02017580626825577,0.02383837452442368,0.019355244854847707,0.020074769651340522,0.012066294695235283,0.018811631977569,0.016745902485484528,0.02783990937320402,0.01608551475270016,0.013635863410912743,0.023069263232925012,0.014314205281138878,0.0144994809166944,0.01774642389004498,0.012625511898670436,0.010672937157519297,0.025987401544686997,0.022759024431500564,0.02159381761388216,0.015628977267746973,0.015481532796194313,0.02979047990189764,0.020266726127539034,0.015884555941495772,0.00963980231058138,0.02306541751606305,0.021927314256450395,0.014755281415604669
98,4.531849877046981,0.26690669309397136,0.019464389215708935,4.57961554612789,4.610993182577438,4.561055523153314,4.722517348063075,4.521552580340568,4.4983458011742705,4.676319785855256,4.4872663561755,4.272839670762082,4.80903907303864,4.371155259592864,4.486813658970295,4.168480414633738,4.459414474495791,4.7610106813666775,4.008591538573015,4.697053721026691,4.096626572749692,4.165946764411064,4.235792352012272,5.067944281635818,4.91648161472887,4.584746112459175,4.623816363635484,4.852741547760715,4.772053205054718,4.637603906105813,4.7595228553353515,4.5845720698600445,3.9655840497333696,0.00907384258582424,0.023523427452306872,0.024477468611043794,0.018234003346235567,0.0169459584381203,0.02155985823625993,0.01534517351016199,0.018274716513735058,0.006906294280805425,0.024247652943504214,0.020335906782422777,0.015542033134409949,0.017204755976927562,0.022505312081465757,0.021534697820618006,0.022951456083174823,0.012833687489987205,0.009976706942511944,0.028492620261546482,0.025091242113319055,0.023868525428039244,0.018447880807438862,0.01583195394910792,0.03375413663351132,0.023936251486230666,0.01595336710890415,0.01775910789227937,0.03236524754371979,0.01619161222549697,0.010766778792158807
99,4.492836834000544,0.27715603671508926,0.018973258080725097,4.57961554612789,4.5623433215150015,4.561055523153314,4.722517348063075,4.521552580340568,4.4983458011742705,4.676319785855256,4.4872663561755,4.272839670762082,4.80903907303864,4.371155259592864,4.355294686353286,3.98841788062925,4.295129072570791,4.7335462106644,4.008591538573015,4.697053721026691,4.096626572749692,3.9738698556782457,4.235792352012272,4.892254883759243,4.91648161472887,4.569182832178466,4.623816363635484,4.852741547760715,4.704471071810005,4.598673868717015,4.7595228553353515,4.456003776301696,3.9655840497333696,0.019506599641898437,0.018340359491781887,0.021185359385660962,0.024246672256749587,0.016565247907249052,0.018577401286939632,0.013144278640586527,0.01342453624303401,0.016639439614096488,0.02311854850039643,0.027325476922673335,0.015195452396238306,0.021167347278131847,0.01487102256865789,0.019661824168271384,0.023541117760498505,0.014988088018605251,0.0182106801597158,0.025242953789596102,0.014164161861262597,0.019986648298094295,0.02036200967243854,0.018705787689587406,0.032284522644496674,0.0139563481226681,0.014213110806944316,0.014929960058758886,0.025634112216403417,0.015463827208753979,0.014544847811563299
100,4.470329412033811,0.27411739965777854,0.01950870791078707,4.525559070807681,4.5623433215150015,4.561055523153314,4.722517348063075,4.464821459545455,4.42649881604947,4.676319785855256,4.4872663561755,4.228528761309278,4.80903907303864,4.332482890318477,4.243408659880206,3.98841788062925,4.2819760624984795,4.7335462106644,4.008591538573015,4.635544347053031,4.096626572749692,3.9738698556782457,4.235792352012272,4.892254883759243,4.91648161472887,4.556969084736178,4.623816363635484,4.819185426134521,4.680220389613488,4.598673868717015,4.606487018084742,4.456003776301696,3.9655840497333696,0.014921981811173036,0.017351123536127458,0.020006437469200614,0.01638934569280213,0.020523053607789506,0.01309344836407952,0.021312294277290943,0.01924719451737185,0.014023288887322074,0.026659545023742678,0.023659214315439603,0.016194123907633976,0.02265577013591931,0.013309974333488933,0.019827783496581878,0.02110014013458474,0.015184971612532997,0.018662716352637016,0.026066574298246402,0.01805407021579502,0.024385819825672415,0.02486748107889194,0.018357086048498294,0.03137300076046197,0.015941340916672632,0.012833357837306623,0.016681592193425458,0.025013790775175397,0.02209977676221411,0.015464939135533713
101,4.432944760772993,0.2625466691355283,0.020693726267697783,4.440459011230882,4.5623433215150015,4.561055523153314,4.722517348063075,4.464821459545455,4.42649881604947,4.590473374090582,4.4872663561755,4.079443919325083,4.574810988704851,4.332482890318477,4.243408659880206,3.98841788062925,4.224874229296486,4.722928207316617,4.008591538573015,4.635544347053031,4.087639665660994,3.9738698556782457,4.161766323096089,4.862923304748225,4.813791616462694,4.47325089338192,4.623816363635484,4.7664672834651896,4.609123812181835,4.598673868717015,4.542740664193925,4.456003776301696,3.9523375247461954,0.009496022623790599,0.01703354149298365,0.023458298484168284,0.022091268393950137,0.02020914570335243,0.022901872612686863,0.024746113797190175,0.019779556836943015,0.016542142523509412,0.02816713992753822,0.0195601126369034,0.015952025840292042,0.027975256119658447,0.015864999728452775,0.014233315707587853,0.021098207911499623,0.006173878837565118,0.021140155787805058,0.02785708283222598,0.020684566851469476,0.02388382841458934,0.026410063468003363,0.02121447848771021,0.03761719549483252,0.01736111727913873,0.012745115690058723,0.02302704265182505,0.02248102654815143,0.024779022060764683,0.016328193286287013
102,4.402533247085498,0.2585823157340655,0.020466505925074256,4.440459011230882,4.5623433215150015,4.561055523153314,4.722517348063075,4.358746899286068,4.309628635192052,4.57824666260225,4.456273142262326,4.079443919325083,4.574810988704851,4.332482890318477,4.243408659880206,3.98841788062925,4.224874229296486,4.722928207316617,3.991320240477027,4.635544347053031,4.0552918598153305,3.936630879293411,4.142900122987708,4.862923304748225,4.4434001102855945,4.409800894879925,4.556270445417493,4.7664672834651896,4.609123812181835,4.595655363521871,4.542740664193925,4.456003776301696,3.916286989166736,0.012515517457156393,0.016970239757467635,0.022352226695392947,0.019460982471225456,0.02281295511550409,0.025241775488919482,0.014088168067703683,0.017169999664640247,0.016008087870027273,0.027782747071528405,0.019213073764526696,0.01449557645110003,0.02696703779171886,0.016470722113529,0.025985667384057644,0.025898872159355373,0.013322640397975259,0.023813304494295865,0.031138554285307506,0.020512924063080522,0.021376861104071238,0.024429603012164805,0.015034146110511494,0.03293145976955957,0.01362882750975426,0.014705838916416499,0.016613378563134124,0.02563536371895953,0.02104041590064107,0.01637821058250255
103,4.366480547804376,0.2574415129873733,0.021429715856283303,4.440459011230882,4.492646889088483,4.561055523153314,4.514936080452326,4.270317373314594,4.309628635192052,4.57824666260225,4.456273142262326,4.079443919325083,4.574810988704851,4.311067828457244,4.243408659880206,3.98841788062925,4.1478153072426664,4.722928207316617,3.991320240477027,4.61099622453505,4.050400017803277,3.897702883765089,4.056577695847626,4.862923304748225,4.404902885240549,4.409800894879925,4.526832474253826,4.7664672834651896,4.609123812181835,4.20088117841917,4.542740664193925,4.456003776301696,3.916286989166736,0.02452183263696628,0.021534235153454456,0.023186242288373588,0.017494677283150975,0.01660221890892649,0.031734370624939556,0.021430627086143347,0.019472548115530855,0.020061366663733288,0.02904597873559374,0.02108623768209009,0.021616235717094354,0.021281957672716567,0.01961264608911005,0.02367744285400449,0.02267392409890207,0.01674659793165978,0.01998407555018392,0.029594201617794306,0.015408032305705224,0.023558460378146295,0.021940638435426825,0.013944531959022531,0.02891770569091655,0.019964002993722394,0.01679731060039982,0.017929535800987946,0.023692132345405282,0.02586782207728358,0.013513886391114643
104,4.33861891183729,0.24033879864337324,0.020313235217455962,4.244591344256275,4.449349086217001,4.561055523153314,4.514936080452326,4.270317373314594,4.243130406102221,4.486651030341896,4.456273142262326,4.079443919325083,4.574810988704851,4.311067828457244,4.243408659880206,3.98841788062925,4.1478153072426664,4.70801808179079,3.991320240477027,4.61099622453505,4.050400017803277,3.897702883765089,4.056577695847626,4.816255724478179,4.404902885240549,4.409800894879925,4.526832474253826,4.389455241444789,4.609123812181835,4.20088117841917,4.542740664193925,4.456003776301696,3.916286989166736,0.01952533448316059,0.016283016166129066,0.027640482425172773,0.012735731671782475,0.014652419084863297,0.01895250453127479,0.012267433012082943,0.018409338938625393,0.01836478941029661,0.036847774490461366,0.019020494055793744,0.018428003801467637,0.022257482547769734,0.01611622746196634,0.022098104290784067,0.019889289075764458,0.011864205880113936,0.02320317891541342,0.027975534063799816,0.016364941568701684,0.02417460729167853,0.023826727965888014,0.018124510452903395,0.0344551707186009,0.020096385086622016,0.017842176665514835,0.0171586679873289,0.023610457782689713,0.02671298165931526,0.01049908503771329
105,4.322221957241979,0.24236275991688802,0.020199321130200336,4.212460543801178,4.449349086217001,4.561055523153314,4.471639880943851,4.115323000944898,4.1974420404481805,4.486651030341896,4.456273142262326,4.079443919325083,4.574810988704851,4.311067828457244,4.243408659880206,3.98841788062925,4.094396092159968,4.70801808179079,3.991320240477027,4.542551985463199,4.050400017803277,3.897702883765089,4.053536541619458,4.816255724478179,4.404902885240549,4.318906603390566,4.526832474253826,4.389455241444789,4.609123812181835,4.20088117841917,4.542740664193925,4.456003776301696,3.916286989166736,0.015636957352149032,0.015540275468393818,0.018590602554359906,0.022986950343199752,0.014975423985919905,0.013383879566746117,0.02303880554591921,0.017715037715212066,0.02120388889928581,0.03335473533989745,0.024406115348697195,0.022441165126469622,0.024654228677700018,0.013644060572036274,0.018406384000072867,0.022425427667880644,0.011227347414727657,0.02000367252712964,0.028827106607578118,0.017609744956963172,0.028360883108022587,0.020857095510508537,0.015988171882893087,0.036018719946643005,0.019923682408586527,0.017606548032406157,0.0159589725016849,0.0215268365783276,0.017826503601837705,0.011840410664761734
106,4.273428143383568,0.23800506831810145,0.01984646563729884,4.212460543801178,4.43094002306157,4.561055523153314,4.4377578007793055,4.115323000944898,4.1974420404481805,4.486651030341896,4.44776400189598,3.9887718955940454,4.574810988704851,4.088093192191202,4.243408659880206,3.98841788062925,4.094396092159968,4.57490062496294,3.991320240477027,4.542551985463199,4.050400017803277,3.897702883765089,4.053536541619458,4.5914919409694335,4.404902885240549,4.318906603390566,4.112185908584195,4.389455241444789,4.609123812181835,4.20088117841917,4.542740664193925,4.328345248542654,3.7271058508630976,0.01591995511361012,0.011092974641200142,0.016722467374874116,0.020458079222720617,0.012974074035861597,0.013283052956811139,0.02077869421103835,0.017482965999146383,0.012462135194984781,0.028062617174070062,0.020728998610808992,0.018658299572826963,0.018783517101159712,0.011963664785909742,0.018792602201616975,0.022821742929830087,0.01679492690330926,0.026873639980622407,0.03468683809513722,0.020474767003671252,0.02744393768875871,0.024367619027739283,0.012267062832980088,0.038697566479317186,0.02285491330091232,0.016982385283996797,0.013068466189619458,0.02176682298165469,0.019341598300988805,0.01878758392378814
107,4.249260722599304,0.22923183004828274,0.019975321618135127,4.212460543801178,4.43094002306157,4.268982877955146,4.4377578007793055,4.1065865737922245,4.193564794646452,4.486651030341896,4.44776400189598,3.9887718955940454,4.574810988704851,4.088093192191202,4.243408659880206,3.98841788062925,4.094396092159968,4.552890848965525,3.9420006394197817,4.507299003644363,4.050400017803277,3.8717516657158204,3.9855810514607914,4.5914919409694335,4.404902885240549,4.318906603390566,4.112185908584195,4.292761825763524,4.485969989569167,4.20088117841917,4.542740664193925,4.328345248542654,3.7271058508630976,0.010193026613219391,0.01567023626687389,0.01634732428984644,0.023362976014638062,0.011708708590729748,0.015985833965363693,0.021366210869341425,0.014340777175134142,0.017256395908703457,0.0269316891977648,0.021412363147750753,0.021692774631185373,0.014891966132327007,0.020385263029750564,0.01858231422805921,0.017820253557129948,0.014142888776311107,0.024855005312174966,0.034916849625685205,0.02081402875657996,0.024672244527758624,0.023776066649681613,0.01296069937530785,0.03374046517720945,0.026455937902671423,0.014684479145742937,0.019006795271285314,0.01693630887261852,0.02199897892285525,0.022350786610353474
108,4.227563654135173,0.22691729100286553,0.01980350829759851,4.212460543801178,4.43094002306157,4.268982877955146,4.2681381163684975,4.1065865737922245,4.14805784134861,4.486651030341896,4.439827268249665,3.8606903327916204,4.5632468028008795,4.088093192191202,4.243408659880206,3.98841788062925,4.094396092159968,4.477842942981248,3.9420006394197817,4.445826614732141,4.050400017803277,3.8717516657158204,3.936487793251168,4.5914919409694335,4.389954153417829,4.254928522590273,4.112185908584195,4.292761825763524,4.485969989569167,4.20088117841917,4.519078096060486,4.328345248542654,3.7271058508630976,0.00888977683868639,0.014380637574465305,0.018659374769804945,0.020480419179557473,0.017398900188258962,0.016399056581323505,0.014713925286884495,0.01682100855879535,0.016662223100723655,0.02506243373682695,0.026840414455323272,0.024339709958906053,0.017699208823150594,0.022658836513060783,0.021536450909680437,0.010690764015484557,0.01111886644141704,0.016524377660290704,0.028291356934404027,0.02237714405606364,0.02954159622409163,0.023354984855660076,0.0163741250638142,0.026396470462999158,0.025440761087764673,0.017810148466711154,0.01756555945671258,0.022470733553213967,0.02346219700506075,0.020143787168818983
109,4.199610431584556,0.23564438943677626,0.020021893125547804,4.139107170617983,4.43094002306157,4.268982877955146,4.2681381163684975,4.1065865737922245,4.14805784134861,4.4054925260640445,4.439827268249665,3.8606903327916204,4.5632468028008795,4.088093192191202,4.243408659880206,3.98841788062925,4.094396092159968,4.477842942981248,3.9420006394197817,4.445826614732141,4.050400017803277,3.765860830818309,3.936487793251168,4.5914919409694335,4.070912963704757,4.053606019326157,4.112185908584195,4.292761825763524,4.485969989569167,4.20088117841917,4.519078096060486,4.326016464130252,3.671604364092769,0.012165739368412733,0.020252677481210166,0.02600955549425171,0.015482077532772115,0.01632285552050351,0.029451245925046755,0.018161272769419156,0.01417821687243797,0.012388916103701377,0.024861779309775407,0.016391696644406616,0.015989757428619265,0.02135367900907993,0.023774191677590307,0.01918344364553901,0.019512408036341997,0.022862039101584963,0.023352669142962336,0.02159886128067494,0.02360294943065906,0.02411794739430083,0.023117885668084648,0.012282057172134923,0.028580982900266717,0.016683835291276178,0.016295354336641664,0.01993839240558426,0.022121609666647824,0.021158590570004056,0.01946410658650366
110,4.177734571326693,0.21763918864041965,0.019948736042813317,4.139107170617983,4.407911537070262,4.268982877955146,4.2681381163684975,4.0153402746337505,4.14805784134861,4.257502627957944,4.439827268249665,3.8606903327916204,4.49594544687378,4.088093192191202,4.243408659880206,3.98841788062925,4.094396092159968,4.477842942981248,3.9420006394197817,4.4231997781034345,4.050400017803277,3.765860830818309,3.936487793251168,4.457388434806916,4.0457713060229,4.053606019326157,4.112185908584195,4.292761825763524,4.485969989569167,4.20088117841917,4.374240327980612,4.326016464130252,3.671604364092769,0.009038378648613184,0.02100477623111173,0.018094620860309545,0.018303028766439272,0.020484711113645478,0.03141374440219351,0.017840258140512752,0.016505119945097232,0.01865048275736618,0.021719154075783585,0.0189585643297943,0.015898660727752072,0.018672836983884594,0.02137625109437162,0.020548140597770076,0.022029192370848095,0.017066316605989007,0.01926974078729292,0.027656950364711268,0.01924222833865718,0.020831884251008473,0.02466058790269842,0.010399997597875493,0.028421768132101673,0.020276561149879548,0.01969342948740275,0.01744197113662886,0.015533554447009091,0.0240488801495562,0.023380289888095342
111,4.160662716953254,0.2170766863459879,0.02010401783278227,4.139107170617983,4.346983627556181,4.268549317117376,4.2681381163684975,3.920608338397582,4.14805784134861,4.257502627957944,4.432526301936743,3.857089243912075,4.377009959903166,4.088093192191202,4.243408659880206,3.98841788062925,4.094396092159968,4.477842942981248,3.9177488210501186,4.360849853547471,4.041457546200892,3.765860830818309,3.898095683651271,4.457388434806916,4.0457713060229,4.053606019326157,4.093562864212402,4.292761825763524,4.462053535830176,4.20088117841917,4.374240327980612,4.326016464130252,3.6218555038794134,0.009729566772292107,0.022647242750728352,0.022697333685577775,0.02366123968612105,0.01834706813229168,0.029806561180235707,0.01876427488794647,0.016254810888888426,0.015838533360679148,0.02293763326973474,0.017820571056644433,0.016421106209058848,0.017413562271219478,0.017297138794076333,0.019470892704420897,0.027685786085321892,0.019609434261051013,0.022697828122091833,0.024419956113145853,0.016638150783713983,0.02133516799246072,0.015301368203499666,0.012802729804114869,0.02856687751882466,0.023692971371529422,0.02142300374826811,0.020074849010330995,0.016555420399607865,0.017676942186908736,0.025532513732683212
112,4.129993062283409,0.22646198667632886,0.0203087954975452,4.084230256993653,4.346983627556181,4.268549317117376,4.2681381163684975,3.920608338397582,3.947580191846456,4.257502627957944,4.430691371739432,3.857089243912075,4.377009959903166,4.088093192191202,4.243408659880206,3.9626303518006982,4.094396092159968,4.477842942981248,3.9177488210501186,4.216376492558975,4.041457546200892,3.765860830818309,3.898095683651271,4.457388434806916,3.8169850838604664,3.8933229778234453,4.093562864212402,4.292761825763524,4.424310079742927,4.20088117841917,4.316392543504932,4.326016464130252,3.6138767511529974,0.013501631708918797,0.02121273962893204,0.025583368799796932,0.029380580004396,0.02264338240272656,0.02551572742307954,0.02368203204040236,0.007176370162688976,0.02131332126355546,0.02786033972129959,0.011157565272152198,0.017883653764113286,0.02524660222708676,0.019735566129479704,0.019283084309791778,0.023422006889414662,0.014424515803810278,0.026173596982126353,0.020809067136644183,0.016852831632500603,0.0217465726382911,0.018991701533732752,0.009795578539490073,0.029164878100438642,0.021667956767080093,0.01428173259020369,0.023532555878972166,0.019506105199852207,0.01879247281507508,0.01892632756030409
113,4.087948394832898,0.2471273752836716,0.020219962101113396,4.084230256993653,4.336953905484041,4.268549317117376,4.2681381163684975,3.920608338397582,3.947580191846456,4.257502627957944,4.430691371739432,3.857089243912075,4.377009959903166,3.9156223341381993,4.032013410163646,3.7072746866607678,4.094396092159968,4.477842942981248,3.9177488210501186,4.216376492558975,3.990035944372235,3.7210049015339135,3.7659757239569385,4.457388434806916,3.72726295438908,3.8933229778234453,4.0451847100718545,4.292761825763524,4.424310079742927,4.20088117841917,4.316392543504932,4.080425710015863,3.6138767511529974,0.011554380462442476,0.020393201171002268,0.024031808644340076,0.02843174382098817,0.01288797623581437,0.02662259801704648,0.019069367423032068,0.013037895797925143,0.01622872725529512,0.029790184250195525,0.013241937333221133,0.02443719477636469,0.01830865256460895,0.018354106909484216,0.01648329656817778,0.02479275178380517,0.0176578155655649,0.022213886174096992,0.02540668117268066,0.02212310957178813,0.017501337672667018,0.0187285479054025,0.014184924085777928,0.02457792623209448,0.014755249859257493,0.01996035370635762,0.021557050845295477,0.024443962113752136,0.02435375306365776,0.021468442051265434
114,4.062896276087958,0.24547415240517068,0.019701896261094073,4.059870385533461,4.336953905484041,4.043483897197127,4.2681381163684975,3.920608338397582,3.947580191846456,4.243069649695894,4.430691371739432,3.8401657692215037,4.377009959903166,3.8493380658045386,4.032013410163646,3.7072746866607678,4.047249904945694,4.477842942981248,3.912958891028872,4.216376492558975,3.990035944372235,3.7210049015339135,3.7659757239569385,4.457388434806916,3.72726295438908,3.8707172855611103,4.0451847100718545,4.248114700701059,4.3473423612670565,4.182684749008445,4.316392543504932,3.9039714089104227,3.6001865850238635,0.010578874384937428,0.02506971141175961,0.018266772279938316,0.025610169697024763,0.009129923414319074,0.025196632754581783,0.019898460227056693,0.008363107588140541,0.01824004834515403,0.021655390395075646,0.017085526793523514,0.018818203560267758,0.010045720065024034,0.019232929102787354,0.024353724414263256,0.02940728749508292,0.01668742109826809,0.019366524381855175,0.025693638614784783,0.02066732361022921,0.015086667472390871,0.018320370017763443,0.01675041200070233,0.029701141624790612,0.019621155222197276,0.015972309651759227,0.022248869138166354,0.029289829324925333,0.022904874795466285,0.017793868950586586
115,4.029049061957726,0.24730126854697437,0.020514100275922525,4.059870385533461,4.336953905484041,4.043483897197127,4.16602993169775,3.9077168094091204,3.947580191846456,4.125909482133235,4.32997381805885,3.690932621241981,4.377009959903166,3.8493380658045386,4.032013410163646,3.7072746866607678,4.047249904945694,4.299937078238134,3.9043888734571195,4.216376492558975,3.990035944372235,3.7210049015339135,3.6640424500619386,4.457388434806916,3.72726295438908,3.8707172855611103,3.920100141742559,4.24143795638177,4.3473423612670565,4.182684749008445,4.316392543504932,3.9039714089104227,3.487051212857289,0.012712597382282177,0.015761714484016864,0.020185716113817854,0.0256659743823987,0.024350161143951134,0.03137492756806391,0.02186311104695072,0.009546644359942036,0.016797388260528328,0.029880030263902548,0.024644457266096667,0.020121300525758515,0.017900211447154663,0.014850726934369925,0.015606438352616974,0.027965158863036386,0.013675641855064351,0.018397402102390766,0.026989957963008217,0.01852837125545473,0.023487334652149305,0.01775375748352134,0.016244669007867116,0.025968010110286738,0.023603552422368314,0.02322774066423645,0.017868186844433795,0.019603662206761897,0.025636276147146753,0.015211887168098358
116,3.991946382388351,0.28314761758707346,0.01798017542491757,4.049641014110211,4.336953905484041,4.043483897197127,4.055151975687032,3.9077168094091204,3.947580191846456,4.125909482133235,4.32997381805885,3.690932621241981,4.370918955975863,3.8493380658045386,4.032013410163646,3.7072746866607678,4.047249904945694,4.299937078238134,3.9043888734571195,4.205375787594239,3.782247652183575,3.6789943031864927,3.6005955937417977,4.457388434806916,3.72726295438908,3.8707172855611103,3.920100141742559,4.24143795638177,4.306589919185736,4.155172618501812,4.316392543504932,3.5540541992124663,3.243597391244212,0.014993142580983141,0.01851817311427434,0.01877048694975295,0.024583404493907134,0.020784532940453838,0.023837855858620118,0.021756597021643446,0.0045917036762461415,0.009640670573148283,0.02152778922396589,0.017871175941439964,0.020820949998365288,0.021180139900290867,0.017492813172602515,0.015108344593522614,0.025095403838391473,0.012922726976531667,0.018337529013857528,0.03167432551110543,0.020226280980236284,0.023170383734601244,0.010247856626649593,0.011695968534839899,0.021762680377181595,0.011691878594075542,0.014609972471187496,0.01333521968955579,0.01706474547858167,0.02054401805446696,0.015548492827048323
117,3.970915278659505,0.2884265471775263,0.018857877740524727,4.049641014110211,4.301866356044119,4.043483897197127,3.971059180668338,3.7485888275823567,3.947580191846456,4.125909482133235,4.288888511604615,3.690932621241981,4.3587078186483375,3.8493380658045386,4.030305068981065,3.7072746866607678,4.047249904945694,4.299937078238134,3.9043888734571195,4.183273786000065,3.782247652183575,3.492662895355441,3.6005955937417977,4.457388434806916,3.72726295438908,3.8480353104103213,3.914370086250124,4.24143795638177,4.306589919185736,4.155172618501812,4.2556179829577445,3.5540541992124663,3.243597391244212,0.016050248006888403,0.019973152264426277,0.026379852921428366,0.020027284141099555,0.02928862167539585,0.026368936144530057,0.02349191995017694,0.011260858822162767,0.01080195245988846,0.02072186429319884,0.017483460713691747,0.02112752834427283,0.02057405343901871,0.015089374152344123,0.02008594618927895,0.01703574044329997,0.01558993594761837,0.01838208886015751,0.023168838922566378,0.015012586703984865,0.026596728825434415,0.019520517919278224,0.014883411614149581,0.021599416395002076,0.014340185372163245,0.01629644135428128,0.018122830198798078,0.013370030617807007,0.01727593127603447,0.01581659424736436
118,3.9440281612505372,0.2835474440672072,0.01894906179337389,3.8307636345988283,4.282920640244722,4.043483897197127,3.971059180668338,3.7485888275823567,3.947580191846456,4.125909482133235,4.288888511604615,3.68780267499281,4.258051612949664,3.8493380658045386,3.965001844123624,3.610530428367245,3.9828255902207172,4.299937078238134,3.8731781994616736,4.064562984268722,3.782247652183575,3.492662895355441,3.6005955937417977,4.446527596428069,3.72726295438908,3.82062556337343,3.904015190478607,4.21806826002457,4.306589919185736,4.140696038994349,4.2556179829577445,3.551914954856717,3.243597391244212,0.015256291661728295,0.01711370954294152,0.025680515464717578,0.026765016587003643,0.02453596802535062,0.028833579278684927,0.021652781037451246,0.012509404896078307,0.01264073960747833,0.023098242454529287,0.01839368444236036,0.023324220717397284,0.012760299952050502,0.018627657295478852,0.01995630783968661,0.019122624830132776,0.022355754910167218,0.022325524835293428,0.019190583908286447,0.014794668025903675,0.020647630600603838,0.013308285250150572,0.01482820530990031,0.02372905725703119,0.01564297218771734,0.017415677096556434,0.018816768011817614,0.011571160078189698,0.019960423070772892,0.013614099625756014
119,3.936321918135854,0.28311866282863274,0.019489795414105553,3.8307636345988283,4.282920640244722,4.043483897197127,3.971059180668338,3.7485888275823567,3.947580191846456,4.125909482133235,4.288888511604615,3.68780267499281,4.258051612949664,3.7804962702752865,3.965001844123624,3.610530428367245,3.874149691997268,4.299937078238134,3.8673452261995576,4.064562984268722,3.782247652183575,3.492662895355441,3.6005955937417977,4.446527596428069,3.72726295438908,3.82062556337343,3.904015190478607,4.21806826002457,4.306589919185736,4.140696038994349,4.207781356532063,3.551914954856717,3.243597391244212,0.015827661698684978,0.015698705999006024,0.025370834566709376,0.022226805443943554,0.018455680831705276,0.02486891140311573,0.01903712665739749,0.011329126974796896,0.01635217152862868,0.021048370115947547,0.018385327885591326,0.019480126008742056,0.017677356889337102,0.018821415613582054,0.028373579144094812,0.029466908122575883,0.016346895212782174,0.02472727235261428,0.03008679683395154,0.019694523424112154,0.02140998534129132,0.013438546159550245,0.019289922544284528,0.02095200617798757,0.01547294468005688,0.019078920733912236,0.01593197717933766,0.0154768608308751,0.016007611023630693,0.014359491044921345
120,3.9145121980143487,0.2873737810956364,0.021613331875647797,3.8307636345988283,4.282920640244722,4.043483897197127,3.971059180668338,3.7485888275823567,3.929225999749541,4.125909482133235,4.288888511604615,3.68780267499281,4.258051612949664,3.6515104456628973,3.965001844123624,3.5946344593540798,3.874149691997268,4.299937078238134,3.859917046196554,4.064562984268722,3.7725831566475923,3.4442807281120804,3.525076166059361,4.446527596428069,3.7114046269055234,3.82062556337343,3.904015190478607,4.2097020764917055,4.198296311834881,3.9504024929459196,4.207781356532063,3.524665271814485,3.243597391244212,0.00995421446338753,0.019433070518960815,0.02354926854204884,0.018868815808593054,0.016448612754742516,0.030220185942469086,0.02425743120280653,0.01887952974462363,0.013596863904743699,0.019584978526824306,0.019385670519418873,0.024450045681785597,0.022969732305072578,0.02368304149276625,0.021992779822064067,0.024248950780422166,0.023995114616976006,0.024588459848087735,0.024865745244021544,0.027256779591029914,0.027667562651014298,0.018679427816698218,0.02305683066438087,0.026592955866176656,0.01710730707144815,0.025862988168032994,0.01790377671832563,0.01722973281231962,0.02038245709595683,0.021687626094235864
121,3.8942644640513517,0.2795847214104791,0.020679161146531837,3.8307636345988283,4.2760780654986945,4.043483897197127,3.878140996724263,3.7485888275823567,3.929225999749541,4.125909482133235,4.074183836255319,3.68780267499281,4.258051612949664,3.6515104456628973,3.965001844123624,3.5946344593540798,3.874149691997268,4.299937078238134,3.859917046196554,4.064562984268722,3.7725831566475923,3.4207943922557154,3.4866311903853604,4.446527596428069,3.7114046269055234,3.82062556337343,3.8193652932608235,4.2097020764917055,4.051910935732511,3.9504024929459196,4.207781356532063,3.524665271814485,3.243597391244212,0.020138882679880867,0.015808731268543406,0.02368693461062045,0.028213563219247707,0.020811833307640335,0.028625184280492585,0.024454571747415915,0.019174338178214942,0.013439589545643203,0.01916414648780714,0.018789443038000536,0.02008335297817367,0.018521130896790843,0.02522332294960103,0.017837961619292395,0.01752771698394791,0.015312938955389115,0.02583492335865146,0.02333252095798695,0.02058553808965224,0.02254594549740667,0.014877228181683546,0.021746420485032253,0.03193541662898581,0.01650424470176833,0.01919330162829954,0.020209687987391603,0.01694898386707635,0.020199629556752932,0.019647350708565308
122,3.8684857426363104,0.26743705744879714,0.01965636205444072,3.8307636345988283,4.271639446918233,4.01246444995434,3.878140996724263,3.7485888275823567,3.929225999749541,3.9388363997935802,4.074183836255319,3.68780267499281,4.258051612949664,3.6328874838814618,3.941140112652868,3.5946344593540798,3.874149691997268,4.248961611451129,3.7154638896194503,4.057962891195917,3.763588335200883,3.4207943922557154,3.4866311903853604,4.237104383657101,3.7114046269055234,3.82062556337343,3.8193652932608235,4.2097020764917055,4.051910935732511,3.9504024929459196,4.207781356532063,3.436766221432951,3.243597391244212,0.020346652932578868,0.01784366166976578,0.02155447376975022,0.017432592415716694,0.01637457107052485,0.031514079618686595,0.01705708230444912,0.012387664640700988,0.020950839428667836,0.020833724786615007,0.0173112668168049,0.017899556409671384,0.0216347639652282,0.019542134057961173,0.010397004263266382,0.02395586730570944,0.01935931128325987,0.02226434424706196,0.023488832831757567,0.017063112656004444,0.02317126266719545,0.012261548792371992,0.021992113363612092,0.026373657067948416,0.022563299332194753,0.01952486933540855,0.02196579921078376,0.015212042462289334,0.018804936484678937,0.018609796442556954
123,3.8481263760922104,0.2660276254777319,0.018778515789041862,3.8307636345988283,4.271639446918233,4.01246444995434,3.878140996724263,3.7485888275823567,3.929225999749541,3.9388363997935802,4.074183836255319,3.68780267499281,4.247706330140403,3.6328874838814618,3.941140112652868,3.5189432150521616,3.874149691997268,4.19455976870125,3.7154638896194503,4.038617698547235,3.763588335200883,3.4207943922557154,3.4866311903853604,4.237104383657101,3.7114046269055234,3.82062556337343,3.635449623367592,4.2097020764917055,3.8227563184385542,3.9504024929459196,4.169854209906003,3.436766221432951,3.243597391244212,0.016038373010374432,0.016158275753617227,0.018928747987276187,0.018905559393633097,0.021072102048111288,0.027164433120355182,0.01378764518283811,0.018375056928894063,0.022893229045593568,0.025040735702062077,0.011493527815183154,0.02167457419466398,0.01622230687846425,0.018205448088055097,0.01091391608731146,0.017599016559852448,0.019426070328803117,0.023153362203941454,0.02677659404254669,0.014177330670002982,0.025919587221789383,0.014641030869818316,0.014376761957014992,0.02672388940412601,0.02044780221226901,0.01900786765542112,0.020212976234803618,0.011371770833444666,0.01362937108679243,0.019018111154196528
124,3.8181766168466806,0.2782650655192812,0.019130003764173825,3.686882621374583,4.259860888947625,4.01246444995434,3.8361616940423855,3.7485888275823567,3.929225999749541,3.9196871055102496,4.074183836255319,3.68780267499281,4.221986675786692,3.6328874838814618,3.941140112652868,3.5189432150521616,3.8598991980904747,4.19455976870125,3.7154638896194503,4.027022911302424,3.763588335200883,3.374657726106087,3.4151729894150127,4.237104383657101,3.645551689600009,3.4733955085277235,3.635449623367592,4.2097020764917055,3.8227563184385542,3.9504024929459196,4.09001484061746,3.436766221432951,3.223974946103436,0.016698783488860593,0.012523175316649753,0.022885333219682936,0.024134187109734858,0.019928174835992664,0.029675007240646204,0.010057745653628512,0.02080708251162318,0.017536484797024625,0.022282639918396376,0.014923034371069382,0.02004901392323374,0.011760198149071794,0.015478523138228534,0.015828287887952,0.020664249684406003,0.02252831847937434,0.022726749112975633,0.02833713001705221,0.011324794385164892,0.021759338208830567,0.015098868939095313,0.022111341305566263,0.023467581714163542,0.021121918734192034,0.01803790681650014,0.019257896994710567,0.02064238519986731,0.015276192837909361,0.016977768933611376
125,3.793774827933705,0.2677342172372066,0.019327256767284237,3.6755178669999826,4.10150612340038,4.01246444995434,3.8361616940423855,3.7338809373792015,3.929225999749541,3.9196871055102496,4.074183836255319,3.617281121431884,4.221986675786692,3.5982928191988113,3.941140112652868,3.5189432150521616,3.8598991980904747,4.19455976870125,3.7154638896194503,3.9970695633790005,3.763588335200883,3.374657726106087,3.4056038512513465,3.9509215549180507,3.60394162818869,3.4733955085277235,3.635449623367592,4.2097020764917055,3.8227563184385542,3.9504024929459196,4.09001484061746,3.361571558649701,3.223974946103436,0.012352275953155887,0.010400690678198182,0.016526068903808512,0.01853262959600113,0.016553342396801916,0.032723475569656525,0.025331203308455227,0.02492652427398693,0.019886960865593786,0.027700923292030003,0.02047287065787961,0.024902983912376175,0.015076290298788758,0.018829330928575878,0.012495400297446342,0.01760018391497935,0.016599781671320295,0.013301338846463189,0.027737904740249848,0.01765581896437949,0.021298344807223146,0.014310256707288702,0.02433458710755248,0.02647352805217094,0.019530577789435344,0.018188606829514793,0.01578091681280198,0.014530728659717287,0.017100292789115602,0.018663864393559725
126,3.771561587558389,0.2621421337369987,0.019786123941095152,3.6755178669999826,4.10150612340038,4.01246444995434,3.7634335910763643,3.7338809373792015,3.8239636744572967,3.9196871055102496,4.074005542878009,3.617281121431884,4.204200773955531,3.5176347803531773,3.941140112652868,3.5189432150521616,3.8598991980904747,4.19455976870125,3.7154638896194503,3.8542397596637703,3.7554435550475636,3.374657726106087,3.4056038512513465,3.9509215549180507,3.549941673046441,3.4733955085277235,3.635449623367592,4.063684917774108,3.8227563184385542,3.9504024929459196,4.09001484061746,3.3227787074309814,3.223974946103436,0.018426493508966954,0.010420711632709544,0.02493958326644458,0.01602440073876025,0.023480084133263055,0.028873867979844085,0.018396666489582717,0.024140842196076172,0.017810701379257346,0.026563321755457635,0.022042903385300513,0.025721047871899105,0.01447831120402122,0.017513021901038796,0.01040609134893667,0.018197362586783655,0.016422148555446436,0.013017770669306351,0.025530309256136575,0.02121341889242888,0.020168603193600025,0.020544152892966513,0.02263361514223572,0.02536463487213362,0.01678396574355857,0.01500272877090185,0.017183679589963943,0.017627831935957017,0.02136902346375391,0.023286423876122835
127,3.7555728084245508,0.27585659563796966,0.019567066888080173,3.6755178669999826,4.10150612340038,4.01246444995434,3.7634335910763643,3.7338809373792015,3.8239636744572967,3.9196871055102496,4.037205469426482,3.5311610882584046,4.184844809398669,3.5176347803531773,3.941140112652868,3.4131713744273893,3.8449830278351667,4.19455976870125,3.7154638896194503,3.8542397596637703,3.7554435550475636,3.2658792616559364,3.4056038512513465,3.9509215549180507,3.549941673046441,3.4733955085277235,3.5861640782406288,4.063684917774108,3.8227563184385542,3.9504024929459196,4.09001484061746,3.2641434250548795,3.223974946103436,0.01735699640211251,0.014991563596442723,0.0205091749930084,0.016536169394487026,0.029508638355539026,0.029881570978428817,0.015160162689781227,0.02584824608552561,0.01251063214560445,0.024029522211260305,0.017987086420331574,0.01888824298914551,0.009641653444914786,0.014690835320293073,0.010717037081792726,0.015842675312944417,0.027435985629047605,0.015048945399051647,0.027104365664779896,0.018940300081658052,0.02256655161410297,0.01953563209408543,0.02483646444539089,0.024677193488408,0.01391180652418876,0.022902786931392197,0.01606369460617151,0.01851218244561833,0.022934067302621926,0.018441822994275686
128,3.7478177207192727,0.2690441650335738,0.020755160516801794,3.6755178669999826,4.10150612340038,4.01246444995434,3.762990748027861,3.7338809373792015,3.8239636744572967,3.9196871055102496,4.037205469426482,3.5311610882584046,4.150530502814387,3.5176347803531773,3.941140112652868,3.4131713744273893,3.8449830278351667,4.1004150983921015,3.7154638896194503,3.8542397596637703,3.717751579017311,3.2658792616559364,3.4056038512513465,3.9509215549180507,3.549941673046441,3.4733955085277235,3.555159350001507,4.028630810827067,3.8227563184385542,3.9504024929459196,4.09001484061746,3.2641434250548795,3.223974946103436,0.023774506934212535,0.01566955597106668,0.025830194941530257,0.013450235439312654,0.024251979036390668,0.03507763561504205,0.015523802513767091,0.02064390775160174,0.012503937455115596,0.028021459786391263,0.01352266446277876,0.02185401940765062,0.012712473467945188,0.015071892714228593,0.019212131737462824,0.01997736909285694,0.022113546000971155,0.019356954653435215,0.02812905330470488,0.01913902430687462,0.02358566959504776,0.027780691377489473,0.020026666225467116,0.02856097902202979,0.017613498147334726,0.02433039890190218,0.01848482606578154,0.017148849573722546,0.020058054307102897,0.019228837694836565
129,3.7322935300797453,0.26088707363910224,0.020435039744123234,3.639094771055817,4.10150612340038,4.01246444995434,3.762990748027861,3.7338809373792015,3.8239636744572967,3.9196871055102496,3.9951939632401587,3.5311610882584046,4.150530502814387,3.5176347803531773,3.941140112652868,3.4131713744273893,3.8449830278351667,4.1004150983921015,3.7154638896194503,3.8542397596637703,3.7124809436059008,3.2331100552202625,3.4056038512513465,3.9509215549180507,3.549941673046441,3.4733955085277235,3.555159350001507,3.9262651523897927,3.7573566664659066,3.9504024929459196,3.9116625840741333,3.2641434250548795,3.2208412378484508,0.024555639530479942,0.02090811522422003,0.030302208510112998,0.023210968872159336,0.019012721172456462,0.029019105261642173,0.018332305266910535,0.026877985522740427,0.012012681482327607,0.017204579049482187,0.018904377509381426,0.017100034976658407,0.016136604813722387,0.020244633321618175,0.01563131445759669,0.02269906387745606,0.023742081197172926,0.017814130503052153,0.02137053597160372,0.022742528595406885,0.021710741436506656,0.028587616573394037,0.018535555386678337,0.03195205266511909,0.014934443976570377,0.02149568047966085,0.01985147554457705,0.012429805177156378,0.014454850877787768,0.011277355090045864
130,3.6978491512565332,0.2487933921725896,0.01937536243606076,3.639094771055817,3.673953657653581,4.01246444995434,3.762990748027861,3.6863889595166417,3.812007396946982,3.901095602672101,3.9951939632401587,3.5311610882584046,4.0572937046934925,3.5176347803531773,3.941140112652868,3.4131713744273893,3.8449830278351667,4.056128793250775,3.7154638896194503,3.8542397596637703,3.7124809436059008,3.2331100552202625,3.3054713180628252,3.8960907388737245,3.549941673046441,3.359511342819179,3.553306695509822,3.8418629019696486,3.7573566664659066,3.9504024929459196,3.8765489664510437,3.2641434250548795,3.2208412378484508,0.018213090373414384,0.01779254042121399,0.01894780648082929,0.02303182704232571,0.01636480659115992,0.02875179478732413,0.01657676242597035,0.020615594647639342,0.009951804319847426,0.025382119140705182,0.01961165325471711,0.017941660471616445,0.019828984462445902,0.01640254334737542,0.012048568677241845,0.019647059320276997,0.014138485128181777,0.02273381833615338,0.0233983445202563,0.01913425703187287,0.021338536792851706,0.025687768017165324,0.022521302114636127,0.023888816842196625,0.01854369053255265,0.016790966491879607,0.021221723216544842,0.015044922789487058,0.01880668983726443,0.016902935666676652
131,3.6413949773049077,0.2358861657500663,0.02029681136422821,3.639094771055817,3.673953657653581,3.532629779328197,3.762990748027861,3.6780656381225474,3.7374646871207813,3.896504623852327,3.354654033882657,3.5200712644953716,3.920013700388403,3.5176347803531773,3.941140112652868,3.4131713744273893,3.7318832607285555,4.056128793250775,3.7154638896194503,3.8542397596637703,3.6619835831865264,3.2331100552202625,3.3054713180628252,3.8697997130777186,3.549941673046441,3.351182370182532,3.551895231367912,3.8418629019696486,3.7392069108133943,3.9107060875509174,3.8765489664510437,3.2641434250548795,3.1408922085395834,0.01938781869474782,0.014016587887807944,0.02056768508151601,0.022041978387935167,0.020955306583438568,0.028535884907554585,0.014511052018841324,0.022447650171821616,0.017698199429912284,0.023062636960317177,0.01947613819431404,0.01699612613154978,0.017482288424281393,0.017389946027192398,0.013727504827429536,0.02394266526455537,0.016729988118735745,0.016876875599575607,0.024845845224404885,0.023172449268402312,0.024478264829564715,0.023278506895596268,0.016365264617944228,0.030410228268346617,0.01871935147134072,0.02924910143774108,0.023900476745860665,0.014017669010001874,0.015291004744365446,0.019329845701751242
132,3.6336539641002843,0.2388652228615594,0.020119332278983174,3.639094771055817,3.673953657653581,3.532629779328197,3.762990748027861,3.6780656381225474,3.7374646871207813,3.896504623852327,3.354654033882657,3.51439240575758,3.8653477679861514,3.424991860983806,3.941140112652868,3.4131713744273893,3.7318832607285555,4.056128793250775,3.7056704321713636,3.8542397596637703,3.6619835831865264,3.2331100552202625,3.3054713180628252,3.8697997130777186,3.5239903656372253,3.351182370182532,3.551895231367912,3.8418629019696486,3.7392069108133943,3.9107060875509174,3.8765489664510437,3.220645504282889,3.1408922085395834,0.019746863717034803,0.014310265851445484,0.02424966648536707,0.022962140687906384,0.022619446836241817,0.029832113846394916,0.023146952494930862,0.016087143947497124,0.01448652060146502,0.02032168577645434,0.012130563272030742,0.01920886320633803,0.018605224622788023,0.016337801414719168,0.014965265326705696,0.023955474708123117,0.018324913637110023,0.022328485997541826,0.018584056892475446,0.02469892814780133,0.025216530255585737,0.028412431236910937,0.010327747859383351,0.02281388986255228,0.02389751296397903,0.025268150317364506,0.01696561790816172,0.017603469318314878,0.01582802625168181,0.020344214925189726
133,3.594425908767939,0.2402152582280374,0.020918764978932882,3.639094771055817,3.13517040251314,3.532629779328197,3.762990748027861,3.5971172962001714,3.7374646871207813,3.896504623852327,3.354654033882657,3.51439240575758,3.8653477679861514,3.424991860983806,3.941140112652868,3.4131713744273893,3.7318832607285555,3.8470285397458857,3.7056704321713636,3.8542397596637703,3.620881079502532,3.2034776852244495,3.3054713180628252,3.7951441714613776,3.5239903656372253,3.351182370182532,3.4848052074231615,3.835820117166105,3.7392069108133943,3.781219502192713,3.8765489664510437,3.220645504282889,3.1408922085395834,0.02327333225240144,0.01006547387115351,0.018761285687815384,0.02046439890223099,0.021725541512150302,0.029985854805445397,0.026722363497935477,0.027471695117581175,0.014737695507999776,0.020973822418192574,0.020565942677342915,0.02221721903873171,0.01601776718298259,0.020574531612257595,0.013844953448987814,0.025041593751749622,0.02533562714540845,0.023806107937993863,0.018224988473280142,0.023539453739993686,0.019322499869097082,0.030784948068411984,0.012695335955220637,0.022152989000085145,0.022101050898043616,0.01628520380657056,0.022170678274108527,0.02274458751556421,0.016152984681112557,0.0198030227181377
134,3.571255811210247,0.23663999960389442,0.020691989166529156,3.5306155503452783,3.13517040251314,3.532629779328197,3.762990748027861,3.5971172962001714,3.7374646871207813,3.8828569007851894,3.354654033882657,3.51439240575758,3.7649243273983726,3.332898120394287,3.941140112652868,3.4131713744273893,3.7318832607285555,3.8470285397458857,3.7056704321713636,3.8542397596637703,3.620881079502532,3.2034776852244495,3.2935313924394554,3.7951441714613776,3.5239903656372253,3.351182370182532,3.4848052074231615,3.835820117166105,3.4787304061969206,3.7259342330107263,3.838623722816504,3.220645504282889,3.1260603498201402,0.024680513489660286,0.01436297654153569,0.01955453198700584,0.020202903780590083,0.025916311612224206,0.029524434987845464,0.020282076522835087,0.02370597276750221,0.019271681267568598,0.021336411842847226,0.025646515876284172,0.018257042703203278,0.012842298417565878,0.01747504278876887,0.014822549541412738,0.022049622095727795,0.021153461196603666,0.02375249405709741,0.026981363090993252,0.022893699523116928,0.02047202215031167,0.03046438342266961,0.020087333259011148,0.022681477088942442,0.020855555567561142,0.018908675939416444,0.01894686510227735,0.012153736558960121,0.01890970533439433,0.012568016481941766
135,3.552139080779059,0.23490680500101097,0.019481177586644173,3.5306155503452783,3.13517040251314,3.532629779328197,3.682463253876364,3.5971172962001714,3.7374646871207813,3.822006860427724,3.354654033882657,3.51439240575758,3.7237777351835146,3.332898120394287,3.941140112652868,3.4131713744273893,3.7318832607285555,3.8470285397458857,3.7056704321713636,3.7789046741153105,3.555816750917892,3.2034776852244495,3.2935313924394554,3.7951441714613776,3.504859744516289,3.2177680695086086,3.397058724380543,3.835820117166105,3.4787304061969206,3.7156472657695088,3.838623722816504,3.220645504282889,3.1260603498201402,0.024983231029368624,0.018844743715707147,0.026887226893409433,0.018717520065937045,0.02790848449151248,0.022783947119560877,0.020238788393023243,0.016952601642448172,0.016486684892632105,0.021331854655189258,0.02414919560119209,0.016409482681156665,0.012735997329003712,0.014618625823235063,0.017797001162547635,0.0128336570078077,0.016442751268916814,0.016380674203504808,0.024231139357661455,0.0241298390233967,0.022830737435889502,0.031458180973894086,0.01663052704310046,0.021556528921293856,0.01794183528061583,0.013783662462827542,0.013028864632598756,0.01231646049881202,0.017340408186151363,0.022684675806930607
136,3.517842376512618,0.2318785727329331,0.019539267568222617,3.5306155503452783,3.13517040251314,3.532629779328197,3.682463253876364,3.5529177697885364,3.7374646871207813,3.8143883971730657,3.354654033882657,3.51439240575758,3.7237777351835146,3.2758118876712534,3.714231093558905,3.2955882721602774,3.7318832607285555,3.7915585225763597,3.6933134646110735,3.7789046741153105,3.555816750917892,3.2034776852244495,3.2935313924394554,3.7951441714613776,3.3916851869499216,3.2177680695086086,3.397058724380543,3.835820117166105,3.4787304061969206,3.480255485606208,3.7897948213617387,3.220645504282889,3.0157777894915445,0.019665561517049037,0.023773846553052695,0.021434215693706356,0.017921659062664394,0.025572114141497144,0.03063187336965592,0.015523187961244772,0.01807324189708361,0.016964707304436864,0.02192562980957745,0.022867605056466983,0.014948833417437446,0.012790253159114875,0.02061047049671634,0.01950892805090531,0.01763568573939265,0.013038250934437973,0.01632714895491209,0.030095014140239247,0.019973485756297236,0.01604238756321208,0.02642388261340841,0.014420741581361047,0.02437876901441659,0.017274929475088498,0.020795992648621083,0.010420155437334029,0.017174361295755655,0.018966690156243516,0.02099840424534929
137,3.5117614618163233,0.23126575678477918,0.01914650567680935,3.5306155503452783,3.13517040251314,3.532629779328197,3.682463253876364,3.5529177697885364,3.7374646871207813,3.7727739370668414,3.354654033882657,3.51439240575758,3.716396443920019,3.2758118876712534,3.714231093558905,3.2955882721602774,3.7318832607285555,3.7915585225763597,3.6933134646110735,3.7789046741153105,3.485081004975467,3.2034776852244495,3.2935313924394554,3.7951441714613776,3.3916851869499216,3.1826100953743475,3.397058724380543,3.835820117166105,3.4787304061969206,3.480255485606208,3.7720340805577277,3.2108682756444797,3.0157777894915445,0.01988910325165768,0.017342743443496886,0.0146756162322858,0.01871417976682903,0.02080691504905761,0.026309172556898113,0.01164089519026294,0.018556707641879618,0.012968741311701207,0.01969662217938239,0.017083786390642647,0.0194929025783237,0.01194873329818765,0.013406807498336627,0.023760674417566914,0.02735152677777063,0.016983942182277976,0.014578866448306778,0.02787872252312265,0.0204114684309689,0.024880636043324827,0.02402836317119887,0.010965009313216987,0.024463030771380064,0.017413014458668066,0.019933777896259684,0.019393575138829413,0.018885753988003455,0.017716786102905488,0.023217096251537797
138,3.5020781022989973,0.23584923833723048,0.019555524159348366,3.5306155503452783,3.13517040251314,3.4001044516747005,3.6822656213118745,3.5529177697885364,3.7374646871207813,3.7727739370668414,3.354654033882657,3.51439240575758,3.716396443920019,3.2758118876712534,3.714231093558905,3.2955882721602774,3.7318832607285555,3.742748479207638,3.6933134646110735,3.7789046741153105,3.485081004975467,3.2034776852244495,3.2935313924394554,3.7951441714613776,3.3916851869499216,3.08831943531364,3.397058724380543,3.835820117166105,3.4787304061969206,3.480255485606208,3.7720340805577277,3.1961911537720984,3.0157777894915445,0.02311203951005237,0.022977727939776156,0.020716256104631684,0.02158785350351057,0.017889737877363053,0.025619066843931764,0.014852650238258245,0.01678734878003782,0.013784157810598224,0.02347187500146281,0.018374004034451157,0.02051766728642127,0.01245603234349453,0.016562391643370155,0.017742879629303446,0.026069278390967027,0.018465484715722832,0.013598071054311437,0.030495461324601427,0.02357308269642844,0.023069879329927344,0.027077653562597375,0.018041076600547684,0.021737543334483397,0.012093967049883133,0.017740417987155768,0.012484937773551644,0.017778982860240312,0.02070085745451759,0.01728734209885251
139,3.480488643906121,0.2261084363443167,0.019416699613373483,3.5306155503452783,3.1306121870221344,3.4001044516747005,3.6822656213118745,3.5529177697885364,3.5374042403901496,3.7727739370668414,3.354654033882657,3.51439240575758,3.6659755641323035,3.2758118876712534,3.714231093558905,3.1990259597001978,3.7318832607285555,3.742748479207638,3.6933134646110735,3.617648080180935,3.485081004975467,3.2034776852244495,3.2935313924394554,3.7951441714613776,3.370966450460298,3.08831943531364,3.397058724380543,3.835820117166105,3.462110992293763,3.480255485606208,3.6745469275680454,3.1961911537720984,3.0157777894915445,0.024760815193302217,0.021715572204412937,0.016745879842746864,0.018818297672045358,0.017503865794066455,0.03041618308236475,0.01688400757392621,0.019916093062670993,0.013135995039901217,0.023072786242331507,0.01995052022254356,0.019384850141900913,0.012280223812393085,0.020131135909538283,0.015098981262034024,0.0165497509719474,0.022963056378846228,0.01577493024394415,0.032580221034359244,0.022327086101501116,0.02037429814319361,0.02029128460437075,0.012893577044613901,0.0260844201435992,0.014316218971486234,0.014441094298700757,0.012667366974083914,0.02455881016405283,0.016879351257388635,0.019984315012938125
140,3.467763129012272,0.21753092666070906,0.02034460338104709,3.5306155503452783,3.1306121870221344,3.4001044516747005,3.584367004640175,3.5529177697885364,3.5374042403901496,3.7255979419655074,3.354654033882657,3.4632097152069155,3.6659755641323035,3.2758118876712534,3.714231093558905,3.1990259597001978,3.7318832607285555,3.7332282126622087,3.6933134646110735,3.617648080180935,3.485081004975467,3.2034776852244495,3.2935313924394554,3.7951441714613776,3.370966450460298,3.08831943531364,3.397058724380543,3.741762800606122,3.380180430907395,3.480255485606208,3.6745469275680454,3.1961911537720984,3.0157777894915445,0.021700316273863575,0.022173420015184284,0.024267512886414797,0.02119261516420071,0.01885410130043253,0.02261571498898779,0.014965314296121975,0.015169677141708799,0.010626738157403868,0.023209667214954332,0.028382661209287507,0.017952878495087168,0.014024926721252686,0.01909904739235884,0.015525290247204126,0.024590263803038397,0.02472061390885221,0.017858233461181802,0.033333690106978425,0.03150969287195779,0.019537157531975193,0.020887283417602348,0.014524899787991947,0.022635984393915926,0.016031014823688624,0.014843304633507207,0.014812888731580312,0.025733941962709346,0.020019812419128112,0.019539438072841957
141,3.446278143955063,0.21222157262547064,0.019883359237846735,3.5306155503452783,3.1306121870221344,3.4001044516747005,3.524190515068032,3.5529177697885364,3.5374042403901496,3.7255979419655074,3.2677585564463745,3.4632097152069155,3.5511017908807827,3.2758118876712534,3.691379751948539,3.1961331324796523,3.6442133529605383,3.7332282126622087,3.617516361242345,3.617648080180935,3.4353961277826,3.196740231309335,3.2935313924394554,3.7951441714613776,3.370966450460298,3.08831943531364,3.3511311017436793,3.741762800606122,3.2891377531635695,3.480255485606208,3.6745469275680454,3.1961911537720984,3.0157777894915445,0.018136600705983184,0.020034798909710026,0.02075742831031041,0.02513905939198477,0.017117340439744184,0.021143755802969164,0.01684281497999176,0.01829754095701522,0.02065703214423611,0.02650653344138585,0.017120364960003,0.018141746658169047,0.014813362510981011,0.01269081397950276,0.01872094797053287,0.014909116519055741,0.01687958996499422,0.02144224577206211,0.030853120622462555,0.028916224624649878,0.02008005984965473,0.02185238893418493,0.021024206481491052,0.02334386840784292,0.015942654570502052,0.012293292465341214,0.02146269609938047,0.021108437487829156,0.01819382690645934,0.022078907266972377
142,3.4320088301946217,0.20500575837675827,0.021130574927744027,3.4966960447866,3.1306121870221344,3.4001044516747005,3.524190515068032,3.519710583695933,3.536390528231039,3.645398928208419,3.2677585564463745,3.4632097152069155,3.5511017908807827,3.2758118876712534,3.5806452047236808,3.1961331324796523,3.6161628284493585,3.7332282126622087,3.617516361242345,3.617648080180935,3.4353961277826,3.196740231309335,3.2935313924394554,3.7951441714613776,3.370966450460298,3.08831943531364,3.3511311017436793,3.741762800606122,3.250186740388966,3.378251574871094,3.6745469275680454,3.1961911537720984,3.0157777894915445,0.015865089464370822,0.0229455610754494,0.01769648242527962,0.017913592013263598,0.01783085363730589,0.023772418851253557,0.019039963767813146,0.01937896371299372,0.021079180429437305,0.028618108695167965,0.01806159200469771,0.017369928196363158,0.02054673032815183,0.023352428438155465,0.01558107420918293,0.02043065781151895,0.028863430813888823,0.0250439382821819,0.025638222301003665,0.025676671980500644,0.024146553610230482,0.02046511376383186,0.022364610066734323,0.023174883576478275,0.017508260632311805,0.02716353898419093,0.019224656376084327,0.018660195194485318,0.018951337575413618,0.017553209614579946
143,3.4086625700033575,0.2047062627837397,0.02113782895656333,3.4966960447866,3.0726348381123185,3.4001044516747005,3.524190515068032,3.519710583695933,3.536390528231039,3.645398928208419,3.2677585564463745,3.3995672964352583,3.5511017908807827,3.2758118876712534,3.5806452047236808,3.1961331324796523,3.491745908404241,3.7332282126622087,3.617516361242345,3.491226109410452,3.4353961277826,3.196740231309335,3.2935313924394554,3.705518617070116,3.274082909551137,3.08831943531364,3.3511311017436793,3.741762800606122,3.1087666884485334,3.378251574871094,3.6745469275680454,3.1961911537720984,3.0157777894915445,0.013104265590238608,0.01914127722212931,0.0228945644091349,0.02743776763805864,0.01954682351878184,0.021372208733293978,0.022482239607105794,0.02209178675753018,0.01738986746743517,0.027086071567249584,0.024064995321819004,0.020189220190730734,0.027228890418689197,0.020840310300475635,0.01568723174515993,0.018121827399413783,0.025720929654970977,0.023724882772747632,0.02660549338831176,0.027157095791791968,0.020009285971820924,0.021699849928029542,0.01712030563591199,0.024722871304104627,0.01674052558439406,0.019368198761768686,0.018490825270386205,0.016541584951594912,0.020188363123819577,0.01736530867000064
144,3.404803131630539,0.2013973316217935,0.021394666782545448,3.4966960447866,3.0726348381123185,3.4001044516747005,3.524190515068032,3.519710583695933,3.536390528231039,3.6367894494001374,3.2677585564463745,3.3995672964352583,3.5511017908807827,3.2758118876712534,3.5806452047236808,3.1961331324796523,3.491745908404241,3.7332282126622087,3.518625439074903,3.491226109410452,3.4353961277826,3.196740231309335,3.2935313924394554,3.705518617070116,3.274082909551137,3.08831943531364,3.3511311017436793,3.741762800606122,3.1087666884485334,3.378251574871094,3.666264177359221,3.1961911537720984,3.0157777894915445,0.021301148324937406,0.019097362263250046,0.02271774470765375,0.02695442977522856,0.017450338134238144,0.02404909038913664,0.02106594261364984,0.015071748984194801,0.0157490361365704,0.0222845013347616,0.02461337473541264,0.018015100111796033,0.023424339330053157,0.01895316944421152,0.020873074156797032,0.015254238926942219,0.023923307789467475,0.02868664971693299,0.01907508739671964,0.027484833339502447,0.020247888126772116,0.021911728791142525,0.02031904872568525,0.02658661906222433,0.016363057760917853,0.01905582699693163,0.021877004942513475,0.021902432922837632,0.02687467191771163,0.020657206618170696
145,3.384899416112117,0.18644429410856192,0.021623963288770923,3.4966960447866,3.0726348381123185,3.4001044516747005,3.489334130568903,3.404599936671517,3.536390528231039,3.625460339357389,3.2677585564463745,3.3857706163090353,3.413887639641026,3.2758118876712534,3.4977405899256664,3.1961331324796523,3.491745908404241,3.7332282126622087,3.518625439074903,3.491226109410452,3.4353961277826,3.1880623759258175,3.2935313924394554,3.705518617070116,3.274082909551137,3.08831943531364,3.3511311017436793,3.644384533507641,3.1087666884485334,3.378251574871094,3.570420422018828,3.1961911537720984,3.0157777894915445,0.026470935327199914,0.015257681814096745,0.021545458212768025,0.026752951223836682,0.014453629980647415,0.0320560050853045,0.019503059472538106,0.01975388174266481,0.010422968018548818,0.022363947911564496,0.025219782001127372,0.020994691244609853,0.022009692094802333,0.023667172128568125,0.022247181951066827,0.018338631291164094,0.025681364951577232,0.024757924264080883,0.02405329105104354,0.024962808400145756,0.01901528919995299,0.023231713704029638,0.018990541737693697,0.02699103280479893,0.018930211923320783,0.02262450228343986,0.017219789695355106,0.01338979851957804,0.030996975074760277,0.016815985552842763
146,3.3756122230167787,0.19151561401081033,0.021070316776602156,3.4966960447866,3.057023031211355,3.312545067662772,3.434256278817625,3.404599936671517,3.536390528231039,3.625460339357389,3.2677585564463745,3.3857706163090353,3.413887639641026,3.2758118876712534,3.4977405899256664,3.1312267499519,3.491745908404241,3.7332282126622087,3.518625439074903,3.491226109410452,3.4353961277826,3.1880623759258175,3.270078852611825,3.705518617070116,3.274082909551137,3.056311607473035,3.3511311017436793,3.644384533507641,3.1087666884485334,3.378251574871094,3.570420422018828,3.1961911537720984,3.0157777894915445,0.023798088949544726,0.014172779267141538,0.0192812716847883,0.015888434512613195,0.01395668649228097,0.02419825823899562,0.020269098258590253,0.019343649778203676,0.016713807709849784,0.026812290301634067,0.022336002371236965,0.016441863838391385,0.02198608448232167,0.025027300724958183,0.017990941936517783,0.01725145885395029,0.022314769994075206,0.028146996221049797,0.026878656312367136,0.025155619906317064,0.02257899509100595,0.02133057077996684,0.02013931003106411,0.02438023888253004,0.02184957921114826,0.01964450047568504,0.012687901107691415,0.020272598002321094,0.028230073849385542,0.02303167603243875
147,3.3673656964625756,0.19889046085072223,0.02066327022982358,3.4966960447866,3.057023031211355,3.312545067662772,3.434256278817625,3.404599936671517,3.514161068258684,3.625460339357389,3.2677585564463745,3.3857706163090353,3.3899191635938988,3.2758118876712534,3.4977405899256664,3.1312267499519,3.491745908404241,3.7332282126622087,3.4872706084311926,3.491226109410452,3.3950160621819454,3.18400032607217,3.270078852611825,3.705518617070116,3.274082909551137,3.056311607473035,3.3511311017436793,3.644384533507641,3.1087666884485334,3.378251574871094,3.570420422018828,3.1961911537720984,2.8903768749829557,0.027018640938544638,0.016832211977992697,0.017422689655842656,0.023928204903177996,0.011432515345180201,0.020950253837208086,0.015466967875194394,0.019305366462796802,0.011868392617860268,0.030915833548021136,0.023341937900352695,0.01886789682745856,0.015462058351874905,0.02735577578773963,0.01989780818016668,0.018358032721490346,0.022620522855394856,0.022989476931377248,0.025234957422667577,0.021690068975118694,0.025225391284653453,0.021164485520593614,0.024792309785809208,0.020857278810503456,0.019312874891441463,0.020641360949838265,0.006875636567368171,0.02309089561026508,0.02442310728128776,0.02255515307748692
148,3.3545837466005244,0.20608868570828776,0.020810545469074918,3.46487516277583,3.057023031211355,3.312545067662772,3.434256278817625,3.404599936671517,3.487085592409134,3.6099230713525725,3.2677585564463745,3.3857706163090353,3.3899191635938988,3.2758118876712534,3.456588737064234,3.1312267499519,3.405415387737183,3.7332282126622087,3.4872706084311926,3.491226109410452,3.3950160621819454,3.18400032607217,3.270078852611825,3.705518617070116,3.274082909551137,3.035363647039706,3.3511311017436793,3.644384533507641,3.0114088812524327,3.378251574871094,3.570420422018828,3.1961911537720984,2.82714014614448,0.02288805211847483,0.018726510215641354,0.019299260993548516,0.019282671254071085,0.021747181093393235,0.027483996683794767,0.022994090253995174,0.021843918440886734,0.01507872691530421,0.03018079827145494,0.018156150498411287,0.022073007764601252,0.018429262694247175,0.02013757355997082,0.014621278315093317,0.020263099203492535,0.017121309923976806,0.02294319872610029,0.030357097218874748,0.02482169024729667,0.024867903446342446,0.020113348963778283,0.016697950808753706,0.021782986084981384,0.016253928939458005,0.018319449543559296,0.016965147292337314,0.02722157834239411,0.020807713008619257,0.012837483249394075
149,3.336617865775793,0.20539230528376354,0.0207177086310451,3.46487516277583,3.03457089793044,3.211145946498299,3.434256278817625,3.404599936671517,3.487085592409134,3.5881746910022803,3.2677585564463745,3.3417079699510563,3.3899191635938988,3.2758118876712534,3.411915678774854,3.1312267499519,3.405415387737183,3.6786260805522955,3.372558905264189,3.491226109410452,3.3950160621819454,3.0757084515547075,3.270078852611825,3.705518617070116,3.2615897505873304,3.035363647039706,3.3511311017436793,3.6298423169669296,3.0114088812524327,3.378251574871094,3.570420422018828,3.1961911537720984,2.82714014614448,0.019883912433243098,0.02178392571129868,0.01925227735510686,0.014495178596869406,0.020550118832325544,0.02565622111117175,0.01260837332413185,0.021923739034773564,0.014508898278794868,0.026774469425172726,0.01994048716447163,0.019867765886880523,0.019794800300349302,0.01681644527734471,0.021469205375178144,0.019129150678098318,0.017712601890992996,0.023595966945517383,0.028370653990859654,0.02342032411005619,0.02407074102032355,0.018516981681833238,0.019023807779900592,0.031312962210048714,0.023629207848871285,0.01870473704471131,0.021085550434208393,0.01606679335744432,0.025693172244314007,0.015872789587060447
150,3.3242438179611997,0.21532321524768128,0.020810456179039354,3.46487516277583,3.03457089793044,3.1208869139772912,3.434256278817625,3.404599936671517,3.487085592409134,3.5649382345949694,3.2677585564463745,3.3417079699510563,3.3899191635938988,3.2758118876712534,3.411915678774854,3.030212681083736,3.405415387737183,3.6394739233185374,3.372558905264189,3.491226109410452,3.3950160621819454,3.0757084515547075,3.270078852611825,3.705518617070116,3.2615897505873304,3.0068514557457466,3.3511311017436793,3.6298423169669296,2.922361353138833,3.378251574871094,3.570420422018828,3.1961911537720984,2.82714014614448,0.0236484651568136,0.02736180991594504,0.019788491807234646,0.015351454039173972,0.02158291854513386,0.026698963363374545,0.017198289111599714,0.018747509428164773,0.01585348761182319,0.023528920758255738,0.01928314121021303,0.02251409961833828,0.019108003197367274,0.018555432143814568,0.025798210556963654,0.02135886992248246,0.015921596976785867,0.022077468629929254,0.021451823930824537,0.02462422784683231,0.01939555969429477,0.018539712292393463,0.01228602577856119,0.02326071922247616,0.021783826143936487,0.020298992898363878,0.022437667947869472,0.01693906445569139,0.031087095883119687,0.017831837283403765
151,3.3019750489831483,0.22606514590125368,0.02168984624797672,3.46487516277583,3.03457089793044,3.1208869139772912,3.434256278817625,3.404599936671517,3.487085592409134,3.5649382345949694,3.2677585564463745,3.3417079699510563,3.3899191635938988,3.2758118876712534,3.411915678774854,2.895137296189404,3.3175021264867337,3.6394739233185374,3.372558905264189,3.3726479230616175,3.3841135875444945,3.0757084515547075,3.270078852611825,3.603967064983817,3.2615897505873304,3.0068514557457466,3.3511311017436793,3.6298423169669296,2.922361353138833,3.378251574871094,3.570420422018828,3.0936622495762234,2.7156268402161854,0.02905512754318451,0.023392452306461545,0.020153155099407707,0.022078691875684862,0.028595125974915068,0.02542156990041196,0.015930206119763844,0.019882711930752132,0.015883655425236953,0.025559690095197058,0.018841678720437047,0.02131759020494975,0.020873727307691048,0.01638954021917868,0.023733021650979826,0.02886470245407787,0.016304088324106264,0.020493676855736425,0.01982583245574883,0.026453780924007818,0.019323532596515054,0.02330612518318092,0.018669954950304768,0.022026111224102616,0.019020834719641458,0.02058936260268274,0.0193902104816399,0.018467577912455214,0.03198692074564461,0.018864731635205276
152,3.2778405028455047,0.2087181722064,0.02125864605942647,3.46487516277583,3.03457089793044,3.1208869139772912,3.4019978132362607,3.404599936671517,3.487085592409134,3.5007528611950502,3.2674853792321916,3.261244004631227,3.3899191635938988,3.2758118876712534,3.411915678774854,2.895137296189404,3.3175021264867337,3.636649388432606,3.372558905264189,3.3726479230616175,3.293218325944363,3.0757084515547075,3.270078852611825,3.35820172788392,3.2615897505873304,3.0068514557457466,3.3511311017436793,3.6163814394834017,2.922361353138833,3.378251574871094,3.376511030474273,3.0936622495762234,2.7156268402161854,0.027106363226430567,0.023430372269752205,0.017513710843808126,0.01629830053126686,0.027094404305481705,0.027670589936492164,0.016484902394522404,0.018205634174101305,0.015969499821562413,0.02008474512271108,0.022634381662110188,0.01729128324925253,0.02342251002513324,0.016897447360187695,0.021288816122850964,0.0281560020401213,0.01545290654204657,0.020331463093996294,0.016074906722059957,0.02631667603128577,0.02418894314679832,0.02111957531962308,0.023297815987820714,0.026182232292852485,0.013713334178138687,0.01824444115941505,0.021110547340285776,0.016160494423683384,0.029668408581133347,0.02634867387786989
153,3.2666902935859885,0.21417925446238245,0.021249700827084793,3.421502824885654,2.9958377755172845,3.1208869139772912,3.4019978132362607,3.404599936671517,3.487085592409134,3.5007528611950502,3.2674853792321916,3.261244004631227,3.3899191635938988,3.2758118876712534,3.411915678774854,2.895137296189404,3.3175021264867337,3.6059969541083032,3.372558905264189,3.3726479230616175,3.284882705806855,2.954059500431953,3.270078852611825,3.35820172788392,3.25214815683982,2.959667519187214,3.3159928201521294,3.6163814394834017,2.922361353138833,3.378251574871094,3.376511030474273,3.0936622495762234,2.7156268402161854,0.0213994338944467,0.01978012814010222,0.02993825089861082,0.017777373786565603,0.02403260207154923,0.02749253409546074,0.02049540127378814,0.018075777965972577,0.012680843656055586,0.025926247841481925,0.02475509046048939,0.013753290012118719,0.020122413362978354,0.013359096708508524,0.01628293415781289,0.025105614321013582,0.01350076038835385,0.024015176694461102,0.015349864904674833,0.025305073044155073,0.02949920652341648,0.026136276902990068,0.019729725874743198,0.024036304428380083,0.016853653023829327,0.020290325434032433,0.024464820812254873,0.020204834412709916,0.02698238601110444,0.020145583710482886
154,3.253532475236244,0.22898853231070132,0.021063203637378115,3.3625405408790674,2.9729820374244373,3.1208869139772912,3.4019978132362607,3.404599936671517,3.487085592409134,3.5007528611950502,3.2674853792321916,3.261244004631227,3.3899191635938988,3.2758118876712534,3.411915678774854,2.895137296189404,3.2754362700181194,3.6059969541083032,3.2726618656795563,3.3726479230616175,3.284882705806855,2.954059500431953,3.270078852611825,3.35820172788392,3.25214815683982,2.959667519187214,3.3159928201521294,3.6163814394834017,2.922361353138833,3.378251574871094,3.376511030474273,3.0936622495762234,2.5446732078765426,0.021491724219184827,0.01572024442952122,0.029071761261974607,0.018757948785864603,0.02015664542270276,0.02699696972933225,0.019760008924818266,0.02073494595458525,0.013911414209374834,0.023595120088419977,0.016940293585419902,0.020463273203900643,0.019113425879205195,0.016429778057919005,0.01566790387325206,0.020907198151578817,0.014587032850186782,0.0268242346494756,0.02256110216898173,0.02824638418078734,0.025665830001167008,0.025003935631125473,0.01934663074740531,0.02460915857306689,0.016762002398952026,0.02084810035803247,0.02149520603114348,0.0170180715635523,0.026843671548829676,0.02236609264158318
155,3.236552342305592,0.23454311968625666,0.022085904305389183,3.3625405408790674,2.9373452392030015,3.1208869139772912,3.4019978132362607,3.404599936671517,3.459321346214591,3.5007528611950502,3.2416794300595915,3.150096290161166,3.3899191635938988,3.255042830804531,3.3914280316580876,2.895137296189404,3.2754362700181194,3.6059969541083032,3.2077671920043263,3.3645697308225633,3.284882705806855,2.954059500431953,3.270078852611825,3.335101117585062,3.25214815683982,2.959667519187214,3.2808781763295625,3.6123122052541423,2.83189358470715,3.378251574871094,3.376511030474273,3.0515947963954457,2.5446732078765426,0.018875069536409873,0.02553364008917898,0.025039595943464506,0.022321191321746998,0.017372879895570376,0.021585330218367744,0.0214415791029306,0.02056649184539524,0.01716132683652649,0.027909293135974247,0.01752178668824626,0.022120531149644455,0.021676621946160185,0.02290227208028328,0.018804602350302922,0.025083281618193426,0.024755300833880518,0.02890278204403454,0.026228091969971435,0.02757586238637442,0.02092819669884674,0.01730434961055322,0.015508293570987718,0.024830587185318255,0.021362430347699454,0.019813876701210195,0.0233903149307294,0.02013646622120273,0.0243088382080286,0.021616244694442663
156,3.2268815462925073,0.2354427347681074,0.02086189105742208,3.3625405408790674,2.9373452392030015,3.1208869139772912,3.4019978132362607,3.404599936671517,3.459321346214591,3.5007528611950502,3.2416794300595915,3.150096290161166,3.3899191635938988,3.255042830804531,3.321434867668455,2.895137296189404,3.2754362700181194,3.6059969541083032,3.1391951578627766,3.3645697308225633,3.284882705806855,2.954059500431953,3.1473320888807312,3.335101117585062,3.25214815683982,2.9308556006569586,3.2808781763295625,3.6123122052541423,2.83189358470715,3.378251574871094,3.376511030474273,3.0515947963954457,2.5446732078765426,0.021840854274599076,0.015625753825429627,0.029828359025557995,0.017190220109551263,0.02300978883784942,0.023229218661388336,0.0177516497564826,0.020760220180494005,0.017208018680505754,0.03158705608240787,0.016981361739991437,0.013829507785609657,0.015977854020949613,0.019345152115078902,0.015199734795210744,0.020109072860997845,0.028831401850257194,0.025366433485011733,0.023418541911069717,0.022286575257455515,0.018852559952999223,0.01869671607994925,0.02097062707940873,0.02535454467893527,0.02071736247895578,0.012395358874838778,0.020015945131168885,0.016103851354750814,0.03048475124884001,0.02288823958691754
157,3.213282935761349,0.23511429933513564,0.020753957849422338,3.3625405408790674,2.9373452392030015,3.016312510935855,3.368925481178494,3.404599936671517,3.398381348938124,3.5007528611950502,3.1517298842182453,3.150096290161166,3.3899191635938988,3.2122046306978373,3.321434867668455,2.895137296189404,3.2025537740655676,3.6059969541083032,3.1391951578627766,3.3645697308225633,3.284882705806855,2.954059500431953,3.1473320888807312,3.335101117585062,3.2484468151813215,2.9308556006569586,3.2808781763295625,3.6123122052541423,2.83189358470715,3.378251574871094,3.376511030474273,3.0515947963954457,2.5446732078765426,0.018527222420682575,0.015368254307721771,0.02568457625779855,0.016623388441950913,0.02833157682844637,0.019149455940493658,0.019978249865621762,0.027081350928699104,0.010704469972928326,0.023434542554295966,0.01682386075505009,0.01482617063516631,0.022880971043900446,0.020304775227122557,0.017114720973125615,0.02178410289771741,0.021622956728212146,0.023226787205268395,0.0271282870328636,0.01857626488892864,0.022475200143868883,0.017277294335910708,0.023133697710262253,0.027574465596560627,0.019735499173782874,0.01617862601088406,0.02421541361356616,0.015112216550310281,0.027281003844972146,0.02046333359655797
158,3.1886059451021276,0.2316493992574249,0.02126253963686042,3.351296614076198,2.9373452392030015,3.016312510935855,3.368925481178494,3.404599936671517,3.398381348938124,3.5007528611950502,3.1517298842182453,3.150096290161166,3.0562127836939834,3.2122046306978373,3.321434867668455,2.895137296189404,3.2025537740655676,3.6059969541083032,3.1391951578627766,3.3645697308225633,3.0675586776664834,2.954059500431953,3.1473320888807312,3.3195133925166798,3.169396912537913,2.9308556006569586,3.2366291803359784,3.573163444026044,2.83189358470715,3.378251574871094,3.376511030474273,3.0515947963954457,2.5446732078765426,0.023318634850263344,0.016581386092590494,0.021156124730210377,0.017565778820475275,0.021702559819720878,0.023895669307353373,0.013934009928805599,0.021434747567918876,0.019509367032731588,0.026464920581931804,0.01728912697531957,0.01876190983992431,0.0234482053425853,0.022012710998802993,0.012659704065503399,0.028166642279514244,0.0201958909811878,0.028318437670298385,0.030410935301348772,0.016518253999087594,0.02486473385505726,0.021542572564659402,0.021612315894491356,0.025114628505711206,0.020710215772328806,0.016008562527646174,0.021965091803753462,0.021247866923420917,0.02944840667615499,0.012016778397015
159,3.1780255019547483,0.2246484462702864,0.02221707370849516,3.351296614076198,2.9373452392030015,3.016312510935855,3.368925481178494,3.311461487871448,3.398381348938124,3.4098700850061268,3.1517298842182453,3.150096290161166,3.0562127836939834,3.2122046306978373,3.228231000286659,2.895137296189404,3.1714605027739045,3.6059969541083032,3.1391951578627766,3.3645697308225633,3.0675586776664834,2.9463677074959596,3.1473320888807312,3.3195133925166798,3.169396912537913,2.9308556006569586,3.235226042513052,3.573163444026044,2.83189358470715,3.378251574871094,3.376511030474273,3.0515947963954457,2.5446732078765426,0.02261008881964766,0.021154153881029265,0.02796111204569684,0.01710284062805522,0.02247034162306741,0.028322950069859604,0.01950897771499287,0.021651183950221527,0.013264215991685382,0.031052188581047663,0.020070471461688354,0.02286304909909201,0.01802119694116082,0.025626531963432675,0.01899528991699346,0.027384506119575595,0.016647809415476396,0.025782825026693962,0.02877691470299139,0.010859245709718836,0.020908642947720612,0.02299899337218279,0.021541752182432594,0.021092627503724117,0.026988592628645565,0.020029993249636262,0.025171688283928524,0.02554667832046332,0.02673091710930573,0.01537643199468811
160,3.1608254227406585,0.22512513302123002,0.020341244171334934,3.2580001174167603,2.9373452392030015,3.010525266314098,3.368925481178494,3.311461487871448,3.398381348938124,3.342221131046689,3.1517298842182453,3.060866316266623,3.0562127836939834,3.1838200711356532,3.228231000286659,2.895137296189404,3.126534782904255,3.603079202028241,3.1391951578627766,3.3645697308225633,3.0675586776664834,2.9463677074959596,3.102604125941316,3.3195133925166798,3.0697746557589487,2.9308556006569586,3.235226042513052,3.565598534628944,2.83189358470715,3.378251574871094,3.376511030474273,3.0515947963954457,2.5127766612164213,0.022271647685355625,0.018176737526803634,0.02413095763662802,0.02224669362476289,0.020726618158679964,0.027264534365663208,0.01474605994469018,0.016818952597306522,0.01695851326486989,0.03130850783650634,0.021700266797007997,0.02535435570958308,0.011764486563862397,0.023098565123788117,0.007840053520392144,0.027651234296297587,0.020193749169149934,0.025088317983127377,0.028373716748021874,0.019445782761791226,0.017088008435842083,0.021626077439071273,0.01584274672490709,0.020944757405048656,0.015151293758900725,0.01532271556094505,0.02444913270654389,0.023889631212090656,0.021948406298398865,0.008814804284011787
161,3.1464382128456827,0.22569510728097328,0.020632138671946364,3.2580001174167603,2.7607231882980128,3.010525266314098,3.368925481178494,3.311461487871448,3.3912438472548243,3.292470419420621,3.1517298842182453,3.024056853344519,3.0562127836939834,3.1838200711356532,3.2063989447959824,2.895137296189404,3.124311365698848,3.5756526174409378,3.1391951578627766,3.3252541754468443,3.0675586776664834,2.9463677074959596,3.102604125941316,3.3195133925166798,3.0697746557589487,2.9308556006569586,3.229849436325605,3.5022554103588317,2.83189358470715,3.378251574871094,3.376511030474273,3.0515947963954457,2.5109974346202724,0.01769664317436219,0.0224478772592561,0.025505634157430214,0.01879476073391368,0.02215195737619094,0.02455762396340756,0.021704395177681374,0.027492952642488237,0.018563507208822345,0.030214038849493724,0.015964178225214554,0.02460529374294628,0.014675348357463617,0.02358201834645192,0.010491259062380905,0.019620235268386434,0.017031951308890174,0.021566034784827687,0.021761665311036602,0.023690915362748997,0.017195940679066612,0.01759731689612555,0.019477414317120897,0.025636790952958257,0.01836896271628775,0.018662031232795136,0.02373697970794344,0.02174340477178255,0.024373192689178588,0.010053835881738677
162,3.140240842034054,0.22626114215018217,0.021522027917605904,3.2580001174167603,2.7607231882980128,3.010525266314098,3.368925481178494,3.311461487871448,3.3912438472548243,3.190524731624621,3.1517298842182453,3.024056853344519,3.0562127836939834,3.1838200711356532,3.2063989447959824,2.895137296189404,3.124311365698848,3.572734890235101,3.1391951578627766,3.3252541754468443,3.0675586776664834,2.9463677074959596,3.102604125941316,3.3195133925166798,3.0697746557589487,2.8598766312761694,3.229849436325605,3.5008777639554087,2.83189358470715,3.3695504813082633,3.376511030474273,3.0515947963954457,2.5109974346202724,0.02088512690738732,0.02616796027533699,0.02614634650969172,0.01862212871897311,0.018747575482555894,0.025353629844809874,0.017394694862694043,0.02534220625153474,0.01504050140587099,0.025671266701948896,0.015939835230396666,0.021568049974888676,0.015105788057585987,0.023715456873835052,0.020217231107661878,0.022053260049838486,0.019188444358642434,0.028697313622430227,0.022950126601692905,0.028679261861355186,0.026040886593643252,0.023939727815962538,0.023057861396175078,0.022181433411583677,0.013313581507774959,0.021830361059507617,0.017248675115394962,0.019151212629712543,0.024547505621475525,0.01686338767781608
163,3.1262870898013895,0.228766758478008,0.02142747432524831,3.2580001174167603,2.7607231882980128,3.010525266314098,3.3184440835653537,3.311461487871448,3.3912438472548243,3.190524731624621,3.1517298842182453,3.024056853344519,3.0562127836939834,3.1838200711356532,3.2063989447959824,2.895137296189404,3.124311365698848,3.572734890235101,3.1391951578627766,3.3252541754468443,2.83552323143762,2.9463677074959596,3.102604125941316,3.2309725014243047,3.0697746557589487,2.8598766312761694,3.1935081849279148,3.5008777639554087,2.83189358470715,3.3695504813082633,3.376511030474273,3.040381215747566,2.5109974346202724,0.024100810506369454,0.020816996170786972,0.023088206568080038,0.024086758026993272,0.020296626226008772,0.020162658978125227,0.021564673076915945,0.025267744977052045,0.013803333908957337,0.027992139851404623,0.018912706493941663,0.019798482073615536,0.014741059659802321,0.022430695108946325,0.020661865430325985,0.02199892102285642,0.021085317210748876,0.03114893532162098,0.025813608424510363,0.022551290565507753,0.02416035967390503,0.02011923486390727,0.0194212467923267,0.028535766301842375,0.01373572095448619,0.017269449094680044,0.019243151753547603,0.022625680782816876,0.019940323507694806,0.017450466429672358
164,3.119095986431203,0.23259983650382673,0.02097125536152578,3.2580001174167603,2.7607231882980128,3.010525266314098,3.3184440835653537,3.296172716194875,3.3912438472548243,3.190524731624621,3.1517298842182453,3.024056853344519,3.0562127836939834,3.1579991601114945,3.2063989447959824,2.895137296189404,3.124311365698848,3.572734890235101,3.1391951578627766,3.3252541754468443,2.83552323143762,2.864538001181558,3.102604125941316,3.2309725014243047,3.0697746557589487,2.8513437179148835,3.1935081849279148,3.5008777639554087,2.83189358470715,3.3695504813082633,3.376511030474273,2.956120417018401,2.5109974346202724,0.02197749753411632,0.020499209311089894,0.027129552109760813,0.021936087425499313,0.01913037114126149,0.029395468996340414,0.0217509123297631,0.024060500909586714,0.010490205493375634,0.021315157769699916,0.020456994256431153,0.016345391874241253,0.017024002105893225,0.02254748520324765,0.023035290022701632,0.023081363552453334,0.023593521251629203,0.02906217636184468,0.02672126642975816,0.021311662168963696,0.015932395218711617,0.0234601286654941,0.019696501669127953,0.02105326351856843,0.016617249322307855,0.008228927285500518,0.019602502987038126,0.018177008080325366,0.02372467640650496,0.021780891444536838
165,3.107390412540428,0.2299952003869992,0.02135436256549539,3.2580001174167603,2.7607231882980128,3.010525266314098,3.3184440835653537,3.296172716194875,3.3912438472548243,3.190524731624621,3.1517298842182453,3.024056853344519,3.055686491136481,3.1345353443144224,3.2063989447959824,2.758240003130475,3.124311365698848,3.4891982769261287,3.1391951578627766,3.3252541754468443,2.83552323143762,2.864538001181558,3.102604125941316,3.2309725014243047,3.0697746557589487,2.8513437179148835,3.1935081849279148,3.5008777639554087,2.83189358470715,3.2628072793074954,3.376511030474273,2.956120417018401,2.5109974346202724,0.024428592673398523,0.023623333282299347,0.022787841462823897,0.01750549059905057,0.0224817938475635,0.027213889551971748,0.011591830006474776,0.02156664437723522,0.01387592522652479,0.021688870620616266,0.018656848192701976,0.020347301544148048,0.01978557411494038,0.020542909321040977,0.016832881039022456,0.021835473568348647,0.02153498613918503,0.02742351416290644,0.019811815822701653,0.02709615961511089,0.01987692439870448,0.021861454355259158,0.018044256162145257,0.028911308545150588,0.017713326760046437,0.0205171817163001,0.022440157611524948,0.02233246493976594,0.02682527016072018,0.021476857147179437
166,3.0929688602271015,0.22882561522939912,0.02151969418543781,3.2580001174167603,2.7607231882980128,2.937394149982872,3.3184440835653537,3.296172716194875,3.3649160896062473,3.190524731624621,3.1517298842182453,3.024056853344519,3.055686491136481,3.1345353443144224,3.1456758876007567,2.758240003130475,3.124311365698848,3.4533437552465753,3.1391951578627766,3.3252541754468443,2.7959380492986097,2.8529193195491094,3.102604125941316,3.2309725014243047,2.9994181777761146,2.8187235339024856,3.1935081849279148,3.5008777639554087,2.83189358470715,3.2628072793074954,3.2940814396957276,2.956120417018401,2.5109974346202724,0.026219479764382818,0.020677112270835175,0.025913847291268433,0.024707415757878624,0.02324148264817178,0.023362305406868265,0.016636843577170154,0.014733039528131011,0.016740576719273474,0.018643630449360512,0.0205326015558434,0.01677890688213567,0.019691741435103917,0.018066311029671038,0.01724645693895828,0.024130679993787266,0.029439341078237327,0.02383525777394219,0.023227494587407374,0.024838833507579507,0.02975014149219029,0.02327258340369918,0.019045985232741598,0.028443902305392205,0.022758888362375787,0.012612990601077703,0.020764199426562206,0.01641921606092352,0.02723573014963914,0.016623830332526505
167,3.080494195029671,0.22258469835907538,0.020154485157379477,3.2227567820814724,2.7607231882980128,2.937394149982872,3.287118456121885,3.1919303597560433,3.3649160896062473,3.190524731624621,3.1517298842182453,3.024056853344519,3.055686491136481,3.1345353443144224,3.1456758876007567,2.758240003130475,3.0436339544729134,3.4533437552465753,3.111118110547285,3.277835035645428,2.7959380492986097,2.8529193195491094,3.102604125941316,3.2309725014243047,2.9994181777761146,2.8187235339024856,3.1528405310799035,3.5008777639554087,2.83189358470715,3.2628072793074954,3.2940814396957276,2.9495330325039295,2.5109974346202724,0.02103702258967082,0.011822976633586802,0.016984893184184433,0.022173029018163412,0.026475106731953905,0.0234094720630807,0.012674959242822019,0.017536390185105225,0.018632947081416405,0.01912349961980067,0.0182422342791818,0.022363758067816507,0.023866154148391272,0.014919062348064647,0.017438732175133708,0.023233318495456207,0.019127419847483715,0.023060276050033333,0.0254010910998946,0.02435058286492417,0.022111612841021665,0.01751950887525897,0.021582395411963894,0.029489166089569308,0.026868233789824572,0.012736593864633668,0.0176590850405896,0.01732966146565795,0.02095228739340868,0.016513084223291542
168,3.06542306675607,0.22874786684041246,0.02063384463865726,3.2227567820814724,2.739686560891116,2.937394149982872,3.287118456121885,3.1919303597560433,3.3649160896062473,3.190524731624621,3.09954383998171,3.024056853344519,2.992581870145323,3.1345353443144224,3.1456758876007567,2.758240003130475,3.0436339544729134,3.4007886898027917,3.111118110547285,3.277835035645428,2.7959380492986097,2.8529193195491094,3.102604125941316,3.19277109992666,2.9994181777761146,2.8187235339024856,3.127650780954753,3.4870009850512464,2.716616759514047,3.2628072793074954,3.281466751073204,2.9495330325039295,2.452905388833195,0.017714201704183356,0.017273921235517076,0.015824771309313337,0.026338100521939065,0.024579481942227886,0.023758657028707497,0.014216592617043573,0.01662740003715729,0.01816771863421411,0.019928555451822635,0.016951823059647313,0.02197459016389478,0.014938361247301479,0.019085798098609674,0.019834086924427972,0.02243603250985486,0.017475730276888018,0.023011550246878044,0.025884245930690167,0.03040143924819346,0.024171052214253794,0.018412512544272296,0.022357842188627873,0.027765340026636675,0.024092656306143916,0.012478606921359901,0.02504774197495843,0.021662339908873146,0.021060352826168582,0.015543836059911591
169,3.0555548774330874,0.23756571018175826,0.021583849290725748,3.2227567820814724,2.6174848819779837,2.937394149982872,3.287118456121885,3.1919303597560433,3.363300797455502,3.190524731624621,3.09954383998171,3.024056853344519,2.992581870145323,3.1345353443144224,3.1456758876007567,2.758240003130475,3.0436339544729134,3.4007886898027917,3.111118110547285,3.277835035645428,2.7959380492986097,2.8529193195491094,3.102604125941316,3.133353244520944,2.9994181777761146,2.755885894138022,3.127650780954753,3.4829459632704958,2.716616759514047,3.2628072793074954,3.281466751073204,2.9036148408292672,2.452905388833195,0.021177061743066626,0.02439421424587202,0.025314443777691827,0.022148871618224597,0.023357119753031574,0.027796450141872493,0.021702655666441077,0.018549384190302796,0.01931560333879541,0.026110064226654028,0.018133921837529352,0.012108286345100965,0.020644198297225358,0.01693039037394582,0.016461512499439074,0.026668274201321174,0.022908214719393333,0.025973641956147434,0.023849371599910362,0.02769173966648844,0.021539926989398224,0.017496984175829476,0.020740879751520627,0.02851643503637212,0.022726121927447555,0.014823712188379573,0.020063567730445847,0.022069063724536826,0.026321728768381677,0.011981638231006689
170,3.0315891157152097,0.23999469541392282,0.021233641657284714,3.2227567820814724,2.6174848819779837,2.925629953824363,3.287118456121885,3.1607449373016228,3.363300797455502,3.190524731624621,3.09954383998171,2.9867201869320508,2.992581870145323,3.058986035529586,3.1456758876007567,2.6795215037512183,3.0436339544729134,3.4007886898027917,3.111118110547285,3.277835035645428,2.7959380492986097,2.8529193195491094,3.102604125941316,3.133353244520944,2.9994181777761146,2.755885894138022,3.127650780954753,3.237330524952583,2.716616759514047,3.1631756833429816,3.281466751073204,2.9036148408292672,2.313733664768805,0.01616006936522774,0.021937976497627312,0.02557883842053816,0.016922341697356878,0.026597036205904746,0.020361422339550326,0.016681767760555438,0.02136714787445526,0.02369249909713127,0.02202170063624835,0.015142720862041494,0.01733931032810323,0.025737777900970073,0.021828096104750276,0.015579257213606736,0.020384260690183516,0.021231710880241676,0.020221021116575574,0.02878059238017866,0.030058844952443448,0.01741938705703655,0.019874703635580658,0.019169490988284736,0.03020335467170155,0.017389462457385544,0.010093607983537705,0.01781532885927722,0.028904438831264458,0.024309763571314223,0.02420531933946861
171,3.0281789884229457,0.23717189453955614,0.020999895482078205,3.2227567820814724,2.6174848819779837,2.925629953824363,3.287118456121885,3.1607449373016228,3.2764873035653754,3.190524731624621,3.09954383998171,2.9867201869320508,2.992581870145323,3.058986035529586,3.1456758876007567,2.6795215037512183,3.0436339544729134,3.4007886898027917,3.111118110547285,3.277835035645428,2.7959380492986097,2.8529193195491094,3.102604125941316,3.133353244520944,2.9994181777761146,2.755885894138022,3.127650780954753,3.237330524952583,2.701126434636248,3.1631756833429816,3.281466751073204,2.9036148408292672,2.313733664768805,0.01576178852025653,0.017889784028199757,0.022453100720518118,0.024430554614915192,0.023661410087329957,0.02327335455452626,0.01509068182661946,0.019050810601929525,0.022905615054495503,0.023821103135283826,0.01723800857437809,0.022249832942782738,0.027799225743277832,0.017979883680924295,0.011891629430078179,0.02221071098724421,0.024462290800147817,0.023550749339780568,0.024308376074443985,0.023421688675000052,0.022402515770159292,0.023457697551305078,0.020773623449700324,0.024513615526206234,0.014534869289656974,0.008425378147142214,0.022936741967781872,0.024883270273046036,0.025099374713997265,0.01951917838121913
172,3.01287053699142,0.2443206166440556,0.020842972654777973,3.2227567820814724,2.6174848819779837,2.827111966027314,3.287118456121885,3.075645728131225,3.2764873035653754,3.1865442668843333,3.09954383998171,2.9867201869320508,2.984303971702453,3.058986035529586,3.128217088593257,2.6795215037512183,2.8472718792986744,3.4007886898027917,3.111118110547285,3.277835035645428,2.7959380492986097,2.8529193195491094,3.102604125941316,3.133353244520944,2.9994181777761146,2.755885894138022,3.124373412562957,3.237330524952583,2.701126434636248,3.1631756833429816,3.281466751073204,2.9036148408292672,2.267453924547173,0.02014082599477953,0.01588243194545455,0.02209052052659498,0.018640027256568943,0.026036309528454555,0.025001854546565994,0.015827518367088417,0.016150793682077554,0.018509324420367963,0.022672611744691203,0.019256211779051347,0.019127100921384362,0.03284791385426977,0.024528151822940623,0.011371741610933725,0.0239982798249777,0.01635843853308006,0.025111087021127753,0.029879758141127536,0.01827473809830328,0.02691596064831442,0.030668815277919894,0.02190564665715325,0.02243023408331397,0.011139917119988274,0.012047021696439168,0.023152369776840764,0.01918989161546302,0.020091542159355165,0.016042140988711366
173,3.007789746288511,0.24081486306001798,0.020663837315560814,3.2227567820814724,2.6174848819779837,2.827111966027314,3.2553039206383336,3.0180924248160896,3.2764873035653754,3.1865442668843333,3.09954383998171,2.9867201869320508,2.984303971702453,3.058986035529586,3.128217088593257,2.6795215037512183,2.8472718792986744,3.4007886898027917,3.111118110547285,3.277835035645428,2.7959380492986097,2.8529193195491094,3.102604125941316,3.133353244520944,2.9994181777761146,2.755885894138022,3.124373412562957,3.237330524952583,2.701126434636248,3.1631756833429816,3.218410868784631,2.9036148408292672,2.267453924547173,0.017966952737252052,0.011438295425912966,0.019641767931713794,0.020881404060991905,0.02274924660112413,0.022848736338657742,0.018534075349184755,0.020082701815569717,0.01915541157587902,0.023611458385539685,0.021129374855152396,0.0195680483360498,0.02606572655069472,0.024449839466221784,0.014488018721286154,0.015534245777611607,0.02237845729645896,0.027191573213591124,0.024154564469540445,0.01974771753017715,0.022479263492894624,0.02541201195393259,0.025480370100077705,0.020529883019393333,0.016245909940885178,0.009917282480304396,0.0200346097772911,0.022813067389721435,0.024403244522346153,0.020981860351368023
174,3.0042489999145534,0.23972437670251479,0.020837916333534053,3.2227567820814724,2.6087683516771496,2.827111966027314,3.2553039206383336,2.9742378759974035,3.2338710907340524,3.1865442668843333,3.09954383998171,2.9867201869320508,2.984303971702453,3.058986035529586,3.128217088593257,2.6795215037512183,2.8472718792986744,3.4007886898027917,3.1000830112794096,3.277835035645428,2.7959380492986097,2.8529193195491094,3.102604125941316,3.133353244520944,2.9994181777761146,2.755885894138022,3.124373412562957,3.237330524952583,2.701126434636248,3.1631756833429816,3.218410868784631,2.9036148408292672,2.267453924547173,0.023429865818379005,0.01320377583759052,0.021300654972962563,0.013375183100820353,0.018258286523276126,0.026924156421622013,0.02374361573826282,0.022923125047294796,0.020463941914776403,0.021099308910060698,0.01574411462943959,0.024495566481050425,0.016214872112127323,0.02772894658111501,0.01505044855234638,0.01754660142908951,0.021032727943714417,0.02519069578566475,0.03400126248806484,0.023556967869739494,0.014872892225378534,0.020362223922106445,0.022040469435307807,0.02019758162924214,0.012418622799233392,0.018918897568021703,0.018429564350179714,0.024085130655561865,0.025185858638785696,0.023342130624807403
175,2.990184474797371,0.2514234278970754,0.020396876701236792,3.2227567820814724,2.6087683516771496,2.827111966027314,3.2553039206383336,2.9742378759974035,3.2338710907340524,3.1865442668843333,3.09954383998171,2.9867201869320508,2.984303971702453,3.058986035529586,3.128217088593257,2.5498212267519738,2.8472718792986744,3.4007886898027917,3.061300198609296,3.277835035645428,2.6594994207631726,2.8254589403903343,3.102604125941316,3.0679965921360943,2.99689414324023,2.7342129249068354,3.124373412562957,3.237330524952583,2.701126434636248,3.1631756833429816,3.218410868784631,2.9036148408292672,2.267453924547173,0.02179919051617984,0.01345114899113067,0.027904844159790717,0.011474178340825779,0.02281386790937852,0.02340519893139951,0.020024421867421243,0.017151844664731648,0.019990162118583888,0.023472914171705092,0.01554636344945096,0.016105562238946897,0.020789154145515163,0.02292701356614539,0.0181828722672447,0.02409017515508818,0.012744259510795032,0.02517004803651221,0.026164063538390216,0.015007807320684265,0.023895261475286072,0.021765724346829413,0.022339259016580744,0.023585073294632088,0.021277373242777294,0.016911627439369963,0.0191934931173548,0.023184647244235718,0.0264805878900173,0.015058163070100359
176,2.980547706141475,0.2471739054133523,0.02148904292527748,3.112811521507489,2.6087683516771496,2.827111966027314,3.24630950630413,2.9742378759974035,3.2338710907340524,3.1865442668843333,3.09954383998171,2.9867201869320508,2.984303971702453,3.006841750240167,3.128217088593257,2.5498212267519738,2.8472718792986744,3.4007886898027917,3.061300198609296,3.2198819736484308,2.6594994207631726,2.8254589403903343,3.102604125941316,3.0679965921360943,2.99689414324023,2.720432639391405,3.124373412562957,3.237330524952583,2.701126434636248,3.1631756833429816,3.218410868784631,2.857329088862436,2.267453924547173,0.016748101326555687,0.01730489029352079,0.02648642237138218,0.020168346596894787,0.02213421702988983,0.029118659494602253,0.023103572773594847,0.017743110968336067,0.0158153524621961,0.02168508189204915,0.02049940269423308,0.015990389092330935,0.018258010747803814,0.018939307717961606,0.02042060140922363,0.026177199529562108,0.019022204928163037,0.02751869240947256,0.02826091611524058,0.02041617381953683,0.02032276860579205,0.02663242181912437,0.020914495899037853,0.028050538950852036,0.017015565378755017,0.01822485898942461,0.028348102891667934,0.015510394364307983,0.022226241153276982,0.021615246033535568
177,2.9725701283152515,0.24761430464251766,0.020767697423975343,3.112811521507489,2.6087683516771496,2.823226989172032,3.24630950630413,2.9742378759974035,3.2338710907340524,3.1865442668843333,3.09954383998171,2.9646469434362825,2.984303971702453,3.002264221416699,3.128217088593257,2.5498212267519738,2.8472718792986744,3.367081116334916,3.061300198609296,3.2198819736484308,2.6594994207631726,2.7321325019517464,3.102604125941316,3.0679965921360943,2.99689414324023,2.689387218770961,3.1131856595221383,3.237330524952583,2.701126434636248,3.1631756833429816,3.178886468740146,2.857329088862436,2.267453924547173,0.019404804960577372,0.019249544302675718,0.022978580098774157,0.028455093261945924,0.019269960365019365,0.026486065282911343,0.02235684381953104,0.016962092622735694,0.014444474142366891,0.026833669412899025,0.01487251711832609,0.019396796743372344,0.016038284771961314,0.02088213213972924,0.0168896548469206,0.01873026639349909,0.013711988735815764,0.027159161751452797,0.02475491152635033,0.019694192333350208,0.020994614983656224,0.02256468313972642,0.014686805093515935,0.027751226411092365,0.016906901422632414,0.023953684716457636,0.021599908290812313,0.01787446830311158,0.0311397289303457,0.01698786679769551
178,2.9634270028458913,0.2457246303286156,0.019826320908899738,3.112811521507489,2.6087683516771496,2.823226989172032,3.2396686229497225,2.9742378759974035,3.2338710907340524,3.1390525608628796,3.09954383998171,2.9646469434362825,2.860251877871669,3.002264221416699,3.128217088593257,2.5498212267519738,2.8472718792986744,3.367081116334916,3.061300198609296,3.2198819736484308,2.6594994207631726,2.7321325019517464,3.102604125941316,3.0679965921360943,2.962289936934099,2.689387218770961,3.06305124335934,3.237330524952583,2.701126434636248,3.151805224937768,3.178886468740146,2.857329088862436,2.267453924547173,0.024411904376067765,0.0225473639608332,0.019072404394616094,0.014176333859503957,0.01806341647044093,0.026873969439298945,0.016131580229554666,0.020527035395693966,0.013620894334241464,0.017220583258142137,0.014501131712991128,0.016499521562435913,0.013905631051866235,0.016986497412825017,0.02094476752313558,0.025549753870861107,0.016219851477786727,0.022914664129861324,0.02669134144221126,0.025048200744025723,0.022507127069823597,0.02197868201459795,0.012692097506952214,0.02754575606059686,0.015494777321276654,0.019372325741554466,0.016817602184011574,0.02359296270640881,0.02401339800414043,0.018868052011236536
179,2.9599257590702854,0.24403058156543353,0.0206353952306797,3.112811521507489,2.6087683516771496,2.823226989172032,3.209842343063333,2.9742378759974035,3.2338710907340524,3.1390525608628796,3.0438970838219537,2.9646469434362825,2.860251877871669,3.002264221416699,3.128217088593257,2.5418841056925925,2.8472718792986744,3.367081116334916,3.061300198609296,3.218277735534397,2.6594994207631726,2.7321325019517464,3.092581207892682,3.0679965921360943,2.962289936934099,2.689387218770961,3.06305124335934,3.237330524952583,2.701126434636248,3.151805224937768,3.178886468740146,2.857329088862436,2.267453924547173,0.020243145181025,0.0254954440030826,0.02252364271743788,0.016934042299651196,0.01694543825227253,0.025412385512621004,0.016857353732039795,0.023587698237860374,0.014728458557091114,0.02512472030332205,0.012158729543684596,0.01952613195096361,0.01437122382395533,0.017688426881155142,0.020855698381537405,0.017856337226680175,0.018250704128835525,0.025714292924284572,0.027163647193439687,0.027603361732844688,0.02479133626044276,0.0198210913410165,0.015916432456153033,0.021644806214421598,0.017908525454980645,0.022724520314458665,0.020500331006098847,0.023960591911170885,0.020168324350531466,0.02258501502733223
180,2.94143792830276,0.24949373238125858,0.021463937194244345,3.112811521507489,2.5379468063023656,2.823226989172032,3.209842343063333,2.9742378759974035,3.2338710907340524,3.0922359046511905,3.0438970838219537,2.9646469434362825,2.718825439173177,2.965891985910702,3.128217088593257,2.5418841056925925,2.8472718792986744,3.367081116334916,3.061300198609296,3.218277735534397,2.6594994207631726,2.7321325019517464,3.092581207892682,2.9799471990469333,2.962289936934099,2.689387218770961,3.06305124335934,3.237330524952583,2.701126434636248,3.151805224937768,3.1232895275359778,2.74177737592099,2.267453924547173,0.024681646941091435,0.02589247333210276,0.02238575957314356,0.01902960990753416,0.021549342710268447,0.02484855708495428,0.015564727701988707,0.017258610089450812,0.011384853982259467,0.032692286761888865,0.019959163488825066,0.016236875135277527,0.016699798537792833,0.023507323439669645,0.014868239895011957,0.02080102860489973,0.01566139171928809,0.029806284208326417,0.027445080069528324,0.027979471505581645,0.02544061269990093,0.019643627793705876,0.014848570166560627,0.020852574700280735,0.020476972654321322,0.0228527286636323,0.02341062980395364,0.025863847192465657,0.022713435438553822,0.019562592025071462
181,2.9331261131376625,0.250786819069759,0.02135797970652179,3.112811521507489,2.5379468063023656,2.7505076693856094,3.209842343063333,2.9742378759974035,3.2338710907340524,3.0922359046511905,2.962823108062182,2.9646469434362825,2.718825439173177,2.965891985910702,3.128217088593257,2.5418841056925925,2.8472718792986744,3.367081116334916,3.061300198609296,3.218277735534397,2.6594994207631726,2.7321325019517464,3.092581207892682,2.926781600838329,2.962289936934099,2.658093418179981,3.06305124335934,3.226228764345422,2.701126434636248,3.151805224937768,3.1232895275359778,2.74177737592099,2.267453924547173,0.023814070044119996,0.025207858685102134,0.023857649775972895,0.02150484326838604,0.02419552512329406,0.026451602649898237,0.014818093752661982,0.022769412867106358,0.011200523038709352,0.026658481381280467,0.02334494221234453,0.018179883110833833,0.01767481412891403,0.019035416648258866,0.010574169010845291,0.02457665284269727,0.02115811412017563,0.0210207849444265,0.021317122384493986,0.02937234994120418,0.02271492806127498,0.026190986111798795,0.015837950794062496,0.02399942515931501,0.02122130178859854,0.023646402511313523,0.02418441719983698,0.020269067098997087,0.015337781969862286,0.020604820569868496
182,2.9275640338271534,0.25501302198637726,0.021072261823062648,3.112811521507489,2.5379468063023656,2.7505076693856094,3.209842343063333,2.9742378759974035,3.2338710907340524,3.0395512802844107,2.962823108062182,2.9646469434362825,2.718825439173177,2.959598918846478,3.128217088593257,2.5418841056925925,2.8472718792986744,3.367081116334916,3.017071824040667,3.218277735534397,2.6594994207631726,2.7321325019517464,3.092581207892682,2.926781600838329,2.962289936934099,2.658093418179981,3.06305124335934,3.226228764345422,2.701126434636248,3.151805224937768,3.1232895275359778,2.74177737592099,2.2037976112315154,0.024047462868069677,0.023235579861709495,0.025392167740833395,0.012650281375642062,0.020691494650555843,0.030875908444068206,0.01406756935146608,0.02291393269962381,0.018655224293103113,0.021908015810117504,0.01645175156180863,0.014127005421096546,0.01283047139654644,0.019486820784004336,0.01589570670362278,0.02045890564101831,0.01734092284630743,0.031779592282372426,0.02772713765422431,0.01948371164176524,0.021653030698516207,0.02415968329419838,0.01570425440780191,0.028669766221232677,0.01376483340219854,0.026956200181976163,0.02729061117983487,0.018249251279776297,0.023252979247349176,0.022447581751039433
183,2.918724690009115,0.26012927509981393,0.022076600837129555,3.095089422913333,2.5379468063023656,2.7505076693856094,3.209842343063333,2.9202942745786555,3.2338710907340524,3.0395512802844107,2.9626057085345754,2.9646469434362825,2.718825439173177,2.959598918846478,3.128217088593257,2.5418841056925925,2.8472718792986744,3.367081116334916,3.017071824040667,3.218277735534397,2.6594994207631726,2.7321325019517464,3.092581207892682,2.926781600838329,2.8872137830359432,2.5867316512081477,3.06305124335934,3.226228764345422,2.6779041969972828,3.151805224937768,3.1232895275359778,2.74177737592099,2.180160554739832,0.02191094973360807,0.022223295070373354,0.025268917997261123,0.02555522006608914,0.020056874692358378,0.030814807178784126,0.020647844390886468,0.026044425786533886,0.01771720673064696,0.016916888753421417,0.02593201528306479,0.016218792322118984,0.015729267851946234,0.021110705909245405,0.017124525660833854,0.027878419740002058,0.029605276653528478,0.0230954371831211,0.023015189068833652,0.021094004739802653,0.016047068578664267,0.024164669237187904,0.013034069121710973,0.02196076441019176,0.02011828908659579,0.02509242254550422,0.0202582959115454,0.02390395364419115,0.028349741252502083,0.02140868651333292
184,2.9151782733802927,0.2640608418641951,0.022956692629916956,3.095089422913333,2.5379468063023656,2.7505076693856094,3.167758480099178,2.9202942745786555,3.2338710907340524,3.0395512802844107,2.9626057085345754,2.9646469434362825,2.718825439173177,2.959598918846478,3.128217088593257,2.5309102465355413,2.846752948748741,3.3653301618304288,3.017071824040667,3.218277735534397,2.6594994207631726,2.7321325019517464,3.092581207892682,2.926781600838329,2.8872137830359432,2.5867316512081477,3.06305124335934,3.226228764345422,2.6779041969972828,3.151805224937768,3.1232895275359778,2.74177737592099,2.1290956630507876,0.02302130847494334,0.020525083902867433,0.021137836137075195,0.02534916348829398,0.02510495594536584,0.03551284055814677,0.025092706788114455,0.023603692435963143,0.017881990302118737,0.02729682611585179,0.019772760956998033,0.018275312354093937,0.020870088946147638,0.023177850569792765,0.01715318338733619,0.024401079494308343,0.024241516060031252,0.02138125653312737,0.022834847075458124,0.018688437544227273,0.021658921256987033,0.02168171811517108,0.018849543990139175,0.026386749400467528,0.024901408094742707,0.02118681648559329,0.020259817728875616,0.02683579012570137,0.030550383627289176,0.02106689300228012
185,2.906473871872645,0.26282508052077413,0.021201543491755185,3.095089422913333,2.5379468063023656,2.7505076693856094,3.167758480099178,2.7947567007903484,3.2338710907340524,3.0395512802844107,2.9626057085345754,2.9646469434362825,2.718825439173177,2.959598918846478,3.128217088593257,2.5309102465355413,2.846752948748741,3.3653301618304288,3.017071824040667,3.113149571957408,2.6594994207631726,2.7321325019517464,3.092581207892682,2.926781600838329,2.8872137830359432,2.5562653433440166,3.06305124335934,3.226228764345422,2.6779041969972828,3.151805224937768,3.1232895275359778,2.74177737592099,2.1290956630507876,0.01793499671237351,0.01984238528163928,0.01913326440589858,0.018391745897121538,0.0226048659743035,0.030711743886897163,0.018360172701873154,0.014754393407471537,0.02472428205258664,0.016882245350175365,0.013400747598973525,0.019250682631754973,0.02624570301605201,0.022165597840382963,0.014168643657908295,0.026876790346484398,0.01984294623297815,0.020726852484604597,0.02655231831445723,0.01645876137481126,0.019041462058840636,0.020998201372084403,0.018298765800583622,0.028378748620085686,0.028516618299445042,0.01861214612300171,0.019954790601671456,0.02073512119582608,0.0289943073393782,0.023487004172990926
186,2.9024034723701564,0.260248921422206,0.022407933302619247,3.095089422913333,2.5379468063023656,2.7505076693856094,3.167758480099178,2.7947567007903484,3.2338710907340524,3.0395512802844107,2.9626057085345754,2.9646469434362825,2.718825439173177,2.959598918846478,3.128217088593257,2.5309102465355413,2.846752948748741,3.3653301618304288,3.0165092247638765,3.113149571957408,2.6594994207631726,2.7321325019517464,3.092581207892682,2.926781600838329,2.8872137830359432,2.5562653433440166,3.0303451829887362,3.226228764345422,2.6779041969972828,3.151805224937768,3.0344462021087044,2.74177737592099,2.1290956630507876,0.01976428147032072,0.031814979127068634,0.031353617482192925,0.01397908155087275,0.023946124507246147,0.02379415924487285,0.01909907823624359,0.013170697142304327,0.019419462969038886,0.0270394701158147,0.022999220099736463,0.014551688098701731,0.024521329602800176,0.023593021805185053,0.021561234216247088,0.01996060770410867,0.02645761126680024,0.024429957190007588,0.027854049312433314,0.021660969824729717,0.01938206330800029,0.02081977276881017,0.01649879006371295,0.023825893024350467,0.029141779759786962,0.02269398951480765,0.019179228077898607,0.024908231032729947,0.024625447550263947,0.020192163011490905
187,2.8844673260392466,0.2565613981587676,0.02143602277300061,3.0307323796298715,2.5379468063023656,2.7244934737754822,3.167758480099178,2.7947567007903484,3.1964465309584935,3.0395512802844107,2.9626057085345754,2.9646469434362825,2.718825439173177,2.8967548362660023,3.128217088593257,2.5309102465355413,2.846752948748741,3.3653301618304288,3.0165092247638765,3.113149571957408,2.6594994207631726,2.7321325019517464,3.092581207892682,2.6829371969365963,2.8872137830359432,2.5562653433440166,3.0303451829887362,3.122628659569472,2.6779041969972828,3.151805224937768,3.0344462021087044,2.74177737592099,2.1290956630507876,0.01690732404588073,0.027246504143823354,0.025736373921762326,0.027491640813487588,0.02174444053541812,0.01916457881531541,0.01603669346752054,0.011284576888536787,0.021084632757326967,0.02274148342287719,0.02028382866052328,0.015424097169059927,0.023987133611379347,0.024966866606741512,0.02282383906204176,0.017506572305180407,0.017218164163094504,0.017896192220602535,0.03556511584441961,0.023401585578731277,0.02262488551578064,0.023672978467309584,0.019120738704301976,0.020054652397798217,0.020835585841232095,0.018104617185057837,0.019854156068639765,0.022457811340210233,0.027484665261668092,0.020358948374296706
188,2.8678854195423757,0.2648591448379524,0.02116913121612533,2.986530048266293,2.5379468063023656,2.7244934737754822,3.167758480099178,2.7947567007903484,3.1964465309584935,3.0032159733839774,2.8214154282470756,2.9646469434362825,2.6827185508611966,2.8967548362660023,3.128217088593257,2.5309102465355413,2.846752948748741,3.3653301618304288,3.0165092247638765,3.113149571957408,2.6594994207631726,2.7321325019517464,3.043235536472896,2.6829371969365963,2.8872137830359432,2.5562653433440166,3.0303451829887362,3.122628659569472,2.6779041969972828,3.151805224937768,2.956992820236817,2.74177737592099,2.0162723282998454,0.017766952941891623,0.026442936122187524,0.017579319194568885,0.019534834729118763,0.025466357251914207,0.02877640835624515,0.018194823081506148,0.016022835821894774,0.016285669167758823,0.026188652471544054,0.020329393655220383,0.02332309758715487,0.020123042639472483,0.02911325140844674,0.019228474367268662,0.01696043296662101,0.012505025857903548,0.01761923625035254,0.028159096836419043,0.024236564387118617,0.026639172792179384,0.02231228076483797,0.01594620270459786,0.02294566743264695,0.020731699217918002,0.020227555846579925,0.017359525856128856,0.020221480193139022,0.027132215540553797,0.017701731040570146
189,2.852219103865748,0.26376054235088886,0.02175568806302912,2.986530048266293,2.522485389464841,2.616697008966533,3.167758480099178,2.7947567007903484,3.1964465309584935,3.0032159733839774,2.8214154282470756,2.9646469434362825,2.618610419842622,2.7776118415975373,3.128217088593257,2.5309102465355413,2.846752948748741,3.27133210022814,3.0165092247638765,3.113149571957408,2.6594994207631726,2.7321325019517464,2.983598370922508,2.6829371969365963,2.8872137830359432,2.5562653433440166,3.0303451829887362,3.122628659569472,2.668058961184635,3.151805224937768,2.956992820236817,2.74177737592099,2.0162723282998454,0.02159605913027162,0.017734017942877857,0.01823303209482449,0.020096148425747844,0.022079071982317712,0.030200768281221084,0.020912918016002802,0.018903158053222326,0.02297399704948967,0.020667945775444684,0.02180793946094601,0.02019764577384482,0.02618185699709883,0.017450351060303092,0.017220946006330003,0.013445544656036368,0.021417209858301662,0.02016362467146148,0.03324365507425677,0.02869646169598932,0.01790059227334886,0.032071391764862844,0.021889524348088763,0.019909987059945934,0.026868613404632084,0.019037821684848688,0.015845531233335885,0.01592000980352293,0.03263210407634668,0.017372714235952533
190,2.84810605484833,0.2604429170039118,0.02161781590949101,2.986530048266293,2.522485389464841,2.616697008966533,3.167758480099178,2.7947567007903484,3.1964465309584935,3.0032159733839774,2.8214154282470756,2.9646469434362825,2.618610419842622,2.7776118415975373,3.128217088593257,2.526763725798269,2.846752948748741,3.27133210022814,3.0165092247638765,3.113149571957408,2.6594994207631726,2.7321325019517464,2.983598370922508,2.6829371969365963,2.8778989793438936,2.5562653433440166,3.0303451829887362,3.122628659569472,2.668058961184635,3.041875078844559,2.956992820236817,2.74177737592099,2.0162723282998454,0.013977738312135994,0.01764266296109539,0.024719498042126684,0.017027788595029947,0.025487476442627808,0.02437055986291274,0.021150508627674466,0.022794665383867388,0.01811892154871061,0.01548122101422647,0.0244971067480078,0.011475365328634288,0.02134823662008265,0.01821797933159465,0.016555953121821756,0.017332976562054587,0.01996014144221217,0.02526158183474379,0.029186878827080737,0.02580209846863035,0.025944408470926866,0.023202341072459283,0.020820751818027092,0.020417865365949042,0.024221634191560048,0.025662789613391017,0.02327320379064699,0.020079626267669563,0.033278639741528955,0.021223857877301026
191,2.8448446555761957,0.26052051913161517,0.02160014307138496,2.986530048266293,2.522485389464841,2.616697008966533,3.167758480099178,2.7947567007903484,3.1964465309584935,2.962423655040937,2.8214154282470756,2.9646469434362825,2.5979984115667354,2.7776118415975373,3.128217088593257,2.526763725798269,2.846752948748741,3.27133210022814,3.0165092247638765,3.095824154363982,2.6594994207631726,2.7321325019517464,2.983598370922508,2.6829371969365963,2.8778989793438936,2.5371531093923534,3.0303451829887362,3.122628659569472,2.668058961184635,3.041875078844559,2.956992820236817,2.74177737592099,2.0162723282998454,0.021093745217366688,0.020106271776432875,0.016776637560392528,0.014021687237961523,0.023050400393492584,0.030029486428270618,0.018970077657046128,0.014398208343464017,0.01339460833433238,0.013966569478349906,0.023809260860617222,0.016916279507970762,0.024385966536086847,0.026532788307536456,0.014746965417249224,0.02497039894560319,0.02021496162984736,0.02290273439541609,0.029437492994617575,0.021970883415491284,0.02465599446831887,0.024862938162879777,0.02293065137177051,0.023320905688602157,0.02172940388485878,0.02149091518876072,0.026885115003389602,0.01996212357175407,0.02793098694190197,0.02253983342176706
192,2.827091651064861,0.2707956077286373,0.02190644770910476,2.986530048266293,2.522485389464841,2.5760687746144346,3.117385918168179,2.7780784047912417,3.1964465309584935,2.962423655040937,2.8214154282470756,2.8483916051621994,2.5979984115667354,2.7776118415975373,3.128217088593257,2.526763725798269,2.8373705751495106,3.27133210022814,3.0165092247638765,3.095824154363982,2.6594994207631726,2.7321325019517464,2.983598370922508,2.6829371969365963,2.8778989793438936,2.5371531093923534,3.0303451829887362,3.122628659569472,2.368785630000112,3.041875078844559,2.956992820236817,2.74177737592099,2.0162723282998454,0.01944984835129479,0.023343354978762373,0.030257447138691988,0.01202816705694083,0.02283853683738385,0.03067564428503035,0.021247421086368068,0.014199437158198405,0.016467797488102724,0.024235602406656034,0.020765769894649122,0.01569835936125461,0.026179417919117848,0.01996692377973008,0.018300658537959008,0.024648000180576283,0.015617239371430936,0.017364127534751236,0.029874014154219756,0.01917360848800155,0.021667625047924795,0.022702011927497892,0.027456970875458574,0.025479196153835874,0.022812130940878764,0.025254665228190365,0.019912444173563058,0.023688861427615594,0.030182404342891926,0.01570574514616606
193,2.815943309669871,0.2711681518172615,0.021432781372677675,2.986530048266293,2.4864274020045625,2.5760687746144346,3.117385918168179,2.7780784047912417,3.0808572872374573,2.962423655040937,2.8214154282470756,2.8483916051621994,2.548756947800968,2.7776118415975373,3.128217088593257,2.526763725798269,2.8373705751495106,3.27133210022814,3.0165092247638765,3.095824154363982,2.562781481782935,2.7321325019517464,2.983598370922508,2.6829371969365963,2.8778989793438936,2.5371531093923534,3.0303451829887362,3.122628659569472,2.368785630000112,3.041875078844559,2.9201492123144424,2.74177737592099,2.0162723282998454,0.01757638921289212,0.01820961181886127,0.02316757993972094,0.014253748668879317,0.023266032935081043,0.027295412490491187,0.02332327273292948,0.020177756742606964,0.01261004692726117,0.021812044423050878,0.018989389981493646,0.012926482684186533,0.016785272727837072,0.02426981095999937,0.023148619352811088,0.026556273496286975,0.015112772145429958,0.021014161453882886,0.028583031814020173,0.0215246672183865,0.027545493745707757,0.02317697774522296,0.019495328328027514,0.023340772157808262,0.024130916500716186,0.024916154088688133,0.021556135959270015,0.025009851116326837,0.02333667311889963,0.019872760693554446
194,2.7986714244694983,0.2777797897574326,0.02220060351871783,2.986530048266293,2.4864274020045625,2.5760687746144346,3.116144724246198,2.7780784047912417,3.0808572872374573,2.962423655040937,2.8214154282470756,2.8483916051621994,2.548756947800968,2.7776118415975373,3.128217088593257,2.526763725798269,2.730408985115489,3.27133210022814,3.0165092247638765,3.095824154363982,2.562781481782935,2.4255696056320493,2.983598370922508,2.6829371969365963,2.8778989793438936,2.5371531093923534,2.9269543072532653,3.122628659569472,2.368785630000112,3.041875078844559,2.9201492123144424,2.74177737592099,2.0162723282998454,0.02028806770547011,0.025513778705374753,0.025912445777719367,0.01312136706599265,0.01770792164149787,0.02958947197398594,0.015168828923578626,0.022216662480523043,0.017548424752643153,0.02201024812708096,0.0210603720109301,0.016257631481592424,0.024808538524421157,0.019153950329179912,0.02492118360206664,0.025683622017521637,0.01891362644634439,0.022722914021088135,0.025827286509865988,0.02396333454420852,0.027839248282065854,0.02345946526696254,0.022495589689565595,0.014738121368639454,0.018714673310964706,0.02716463411423524,0.026823570491516235,0.02527453145082735,0.02674183420915682,0.020376760736515998
195,2.7888165512792877,0.27379050449793707,0.02197372156609578,2.986530048266293,2.4864274020045625,2.5760687746144346,3.0560567972419688,2.7780784047912417,3.0232486845450706,2.962423655040937,2.8214154282470756,2.8483916051621994,2.548756947800968,2.7776118415975373,3.128217088593257,2.526763725798269,2.730408985115489,3.27133210022814,3.0165092247638765,2.984700339380677,2.562781481782935,2.3587437546056305,2.983598370922508,2.6829371969365963,2.8778989793438936,2.5371531093923534,2.9269543072532653,3.122628659569472,2.368785630000112,3.041875078844559,2.9201492123144424,2.74177737592099,2.0162723282998454,0.017503127493313994,0.023923300931618527,0.026026499780766793,0.019050867615666607,0.020147459094123313,0.028647184058686714,0.015119018336325545,0.015200150844634339,0.02008031291569756,0.029943029515633657,0.021809317571491616,0.017837600269780624,0.019990877646631672,0.020054225852403258,0.02161551822039043,0.022858595797500342,0.01581922479782271,0.021146965851573607,0.026536992469223267,0.025449006727357514,0.023695821956011474,0.018655767032457034,0.02524983827275036,0.02527911574774515,0.0216173627122214,0.024982035328708383,0.025840393983108965,0.02535269742279167,0.025677276463814385,0.014102062272622702
196,2.7794319986924902,0.2713744219808541,0.02203086245574146,2.986530048266293,2.4864274020045625,2.5297931575495416,3.0560567972419688,2.7780784047912417,3.0180245218778237,2.8941321249988765,2.8214154282470756,2.847806054177536,2.548756947800968,2.7776118415975373,3.128217088593257,2.526763725798269,2.730408985115489,3.27133210022814,3.0165092247638765,2.823540622535632,2.562781481782935,2.3587437546056305,2.983598370922508,2.6829371969365963,2.8778989793438936,2.5371531093923534,2.9269543072532653,3.122628659569472,2.368785630000112,3.041875078844559,2.9201492123144424,2.74177737592099,2.0162723282998454,0.013558148616670459,0.021637808197073942,0.02970009039734009,0.022145024692934216,0.019598395006095923,0.030047144213154554,0.018436998318040652,0.02150497648123773,0.02122635835652881,0.020244384190590194,0.02518202236352799,0.017211587160447146,0.02336599957167892,0.020997843194425842,0.019954546787089897,0.022671253819574345,0.019216760675928084,0.018801884073864204,0.02282606756581776,0.024268418638975674,0.028469800113708456,0.018636033858789015,0.01864060435294228,0.025622106749006907,0.020373001395827484,0.024898751260568713,0.023362418148548607,0.025669581554025885,0.02731275304410212,0.015345110873728024
197,2.770078122827881,0.2720771974451666,0.02201188471943482,2.986530048266293,2.4864274020045625,2.5297931575495416,3.0560567972419688,2.7780784047912417,3.0180245218778237,2.8941321249988765,2.744574603506621,2.847806054177536,2.548756947800968,2.7776118415975373,3.128217088593257,2.436276016441582,2.7170734341143583,3.2399540306153303,3.0165092247638765,2.823540622535632,2.562781481782935,2.3587437546056305,2.983598370922508,2.6829371969365963,2.8778989793438936,2.5371531093923534,2.875720496505093,3.122628659569472,2.368785630000112,3.041875078844559,2.9201492123144424,2.724437065441965,2.0162723282998454,0.02197489606721647,0.025156412042312226,0.028524392920934893,0.019872292401081588,0.018202897080330706,0.02536261050643271,0.01417330355513001,0.014480106891424021,0.022863856611948934,0.026742780413784428,0.01979310663902155,0.019979474282367772,0.024230472006599106,0.02131814102042069,0.01918308557700489,0.020171520309152424,0.02187319987848232,0.01815496068435663,0.028358667787643396,0.02182399617781325,0.02924209511233277,0.019956522256466134,0.02442168232444885,0.023363797168540184,0.01995937701689621,0.02510710848449993,0.020371739119521257,0.02330535409076104,0.025072436075330266,0.01731625708078982
198,2.759908118819476,0.2648910117417705,0.021382811237107353,2.986530048266293,2.4864274020045625,2.5297931575495416,3.0560567972419688,2.7780784047912417,3.0180245218778237,2.8941321249988765,2.744574603506621,2.847806054177536,2.548756947800968,2.7776118415975373,3.092084619462135,2.436276016441582,2.7170734341143583,3.2399540306153303,3.0165092247638765,2.823540622535632,2.562781481782935,2.3587437546056305,2.983598370922508,2.6829371969365963,2.7991810208022128,2.5371531093923534,2.875720496505093,3.035712462566057,2.368785630000112,3.034433529182625,2.8242572664004553,2.724437065441965,2.0162723282998454,0.02374110884090247,0.023954750112785785,0.026960808725757943,0.02446923993748247,0.01720917311614857,0.02711147576938764,0.014759983873316194,0.02814188460327998,0.021787692760697582,0.024237307385176744,0.01862252423445944,0.01752621532261913,0.01704245316175501,0.022160531971687516,0.015412370875463067,0.016622240966654673,0.02007267436902972,0.02126866075873859,0.02863675294534305,0.02395224879973237,0.01904852614617972,0.023216161119891363,0.02748469983617513,0.020942360840670467,0.012856330715420883,0.022073633863609755,0.020777966372788136,0.02028806136027818,0.026737906493190938,0.0143685918345982
199,2.753154631206461,0.2639316556826982,0.02114034771833723,2.9578257854023104,2.4864274020045625,2.5297931575495416,3.0560567972419688,2.7780784047912417,3.0180245218778237,2.8941321249988765,2.744574603506621,2.847806054177536,2.525071353688539,2.7776118415975373,3.092084619462135,2.436276016441582,2.7170734341143583,3.2399540306153303,3.0165092247638765,2.823540622535632,2.562781481782935,2.3587437546056305,2.983598370922508,2.6829371969365963,2.7991810208022128,2.5371531093923534,2.7255057250910473,3.035712462566057,2.368785630000112,3.034433529182625,2.8242572664004553,2.724437065441965,2.0162723282998454,0.020554203299831177,0.022899114014407272,0.021779866939754842,0.022021948113111093,0.022782148269915717,0.02478800139269626,0.016600789172418296,0.024066860609011555,0.01898708843738858,0.020209183989838533,0.024307455906110265,0.018749394821991006,0.017959765431114178,0.02189078371824917,0.018463293458243223,0.01928686633279477,0.022122856200543876,0.021353003480182854,0.024810867310367357,0.022315701298547534,0.01765286376282033,0.021799354373196293,0.023341327350184203,0.023123723654657015,0.02042539172223172,0.023110029471069642,0.0212864966503294,0.015690193233453487,0.02591306950855851,0.01591878962709885
200,2.7410326281160975,0.2663723601387352,0.0212892129390865,2.936848252506181,2.4864274020045625,2.5297931575495416,2.981324391282755,2.7780784047912417,3.0180245218778237,2.8941321249988765,2.744574603506621,2.71372276898147,2.525071353688539,2.7776118415975373,3.092084619462135,2.436276016441582,2.7170734341143583,3.2399540306153303,3.011967209691669,2.823540622535632,2.562781481782935,2.3587437546056305,2.983598370922508,2.6829371969365963,2.7991810208022128,2.5371531093923534,2.7255057250910473,3.035712462566057,2.368785630000112,2.9859958854561097,2.8242572664004553,2.724437065441965,1.9353851184390796,0.020929847809592624,0.023210926172182116,0.022808727445607073,0.02431242983170931,0.025302811125282383,0.034102707278562704,0.01981897360756577,0.017422137485106164,0.02322842350654781,0.021897704151396226,0.02122930016680552,0.01812463172311682,0.02738675471028367,0.017291258133751833,0.014084190242791467,0.01309424437017364,0.024568175918821183,0.021901917942805882,0.024851336782321966,0.019324679014012944,0.014451949145805458,0.02267237377930502,0.01705160598487688,0.02131971191137203,0.01573424213828361,0.02089117266040255,0.02349178222687049,0.022237652142477422,0.028425914384379792,0.017508806380384625
201,2.7345023850043644,0.2709981461217223,0.022666919217002916,2.936848252506181,2.470661705284933,2.4692734054217778,2.981324391282755,2.7780784047912417,3.017778856179014,2.8941321249988765,2.744574603506621,2.71372276898147,2.525071353688539,2.7776118415975373,3.092084619462135,2.436276016441582,2.7170734341143583,3.218277079598391,3.011967209691669,2.823540622535632,2.562781481782935,2.3587437546056305,2.983598370922508,2.6829371969365963,2.7991810208022128,2.5371531093923534,2.6990543034654384,3.035712462566057,2.2975378238368767,2.9859958854561097,2.8242572664004553,2.724437065441965,1.9353851184390796,0.024141267324140667,0.029111907372346486,0.03178769456494959,0.016653832131595898,0.029606198720184797,0.030991442564365132,0.026576016430344823,0.017002816403739206,0.018183695972809742,0.02143246322351611,0.021667708887357497,0.014137910025684411,0.014393484360090109,0.020205666579499425,0.0217115520662945,0.025481276863767922,0.017541885691825264,0.026872854016160883,0.028660595469658264,0.02000150725363762,0.020306148051233725,0.031389935939496835,0.024152165030105394,0.021421625201056622,0.006733573262429659,0.02597171609135018,0.029787178015602274,0.020100308000970693,0.024997296223735036,0.018985854772138634
202,2.7235732758817424,0.26735388109997327,0.021528910552414467,2.936848252506181,2.469014773324201,2.4692734054217778,2.981324391282755,2.6876539868539564,3.017778856179014,2.8941321249988765,2.744574603506621,2.71372276898147,2.525071353688539,2.7776118415975373,3.092084619462135,2.436276016441582,2.7170734341143583,3.209747596918483,2.958115593631519,2.823540622535632,2.562781481782935,2.3587437546056305,2.983598370922508,2.6829371969365963,2.7991810208022128,2.5371531093923534,2.6629448871033827,3.0053606443704024,2.2975378238368767,2.9859958854561097,2.7189436792481882,2.722791062111352,1.9353851184390796,0.025855102911993433,0.029389436594572767,0.02865765402170549,0.022979387578974636,0.02101065034072548,0.025163055162003373,0.017648362982256565,0.01669092103894175,0.023961404087263313,0.021424822268252486,0.014680684540874882,0.016127077680418073,0.01776395190252327,0.018968613286459456,0.018103883390539838,0.023094540953863346,0.01970530754975082,0.025548077412103146,0.02536492244447774,0.015336754925917625,0.021847853808956225,0.03753529765798848,0.01965362565879698,0.025954282116007206,0.009043500145661862,0.0216925614968135,0.0223004958085377,0.021511219231980322,0.023808876964729705,0.015044992609344578
203,2.713654712787947,0.2680605499611115,0.020966015934908804,2.936848252506181,2.469014773324201,2.4692734054217778,2.980768725941783,2.6876539868539564,2.890830264373609,2.866379833548255,2.744574603506621,2.71372276898147,2.513979997918565,2.7776118415975373,3.092084619462135,2.4099444937293986,2.715203137573209,3.209067366931006,2.958115593631519,2.823540622535632,2.562781481782935,2.3587437546056305,2.983598370922508,2.6829371969365963,2.7991810208022128,2.4480207606574322,2.6629448871033827,3.0053606443704024,2.2975378238368767,2.9859958854561097,2.7189436792481882,2.722791062111352,1.9221905279679103,0.023692458596524933,0.029099793867242194,0.02691659127189658,0.022750899872739705,0.02199831497262835,0.021311850318262555,0.017430321163124717,0.017953659480477165,0.020134571673056528,0.01859182285310746,0.012295134666397133,0.012550704800004428,0.012152216892149875,0.022355795977317277,0.01689752082022977,0.022529159054538853,0.016401205227421813,0.018075976393068516,0.030720872766548536,0.018601317636426355,0.023817313030770858,0.03374708446868673,0.017027802075075097,0.021675567522660664,0.019030519650756837,0.0227352451084996,0.02148516474833135,0.02149461395439476,0.02862057933006267,0.01688639985486272
204,2.683902075341488,0.28141170301389157,0.01974342106273431,2.8794914136103213,2.468628607771454,2.326303488274544,2.980768725941783,2.6876539868539564,2.890830264373609,2.866379833548255,2.6532919764022194,2.71372276898147,2.513979997918565,2.723116645430679,2.994453067889236,2.2932621907802226,2.715203137573209,3.178385353209745,2.958115593631519,2.823540622535632,2.562781481782935,2.3587437546056305,2.9402003346313283,2.6744513563355743,2.7966632182838116,2.4480207606574322,2.5255302346341364,3.0053606443704024,2.289916912466634,2.9859958854561097,2.7189436792481882,2.722791062111352,1.8205352609346694,0.02524814552619751,0.024365693620481233,0.023403171570578883,0.016045097156137132,0.0219955741437939,0.024258987417370897,0.017212541889751836,0.016570702528299164,0.01855198551229892,0.021853169393474633,0.01233787386994253,0.01241872117738894,0.013643931829066652,0.01360980935036797,0.013559699956263008,0.02618057399543696,0.016789486142443393,0.02282936872650127,0.02675435111069055,0.021167538680348867,0.016958481722206667,0.026208783025893325,0.017556998818832104,0.02318148215749852,0.012077082761429724,0.020074670456945408,0.024797406574167728,0.018398712889873093,0.029453693398034147,0.014798896480314364
205,2.671737235891974,0.28319852517236704,0.021479510382607904,2.8794914136103213,2.468628607771454,2.326303488274544,2.980768725941783,2.6876539868539564,2.844158344496073,2.866379833548255,2.6532919764022194,2.71372276898147,2.411528162199702,2.723116645430679,2.994453067889236,2.2932621907802226,2.715203137573209,3.178385353209745,2.911568699406122,2.823540622535632,2.429221370905378,2.3587437546056305,2.9402003346313283,2.6744513563355743,2.7966632182838116,2.4480207606574322,2.5255302346341364,3.0053606443704024,2.289916912466634,2.9502814626700276,2.7189436792481882,2.722791062111352,1.8205352609346694,0.01795799967326091,0.019264850093750785,0.024932497594428723,0.02267830541534368,0.01528940377664597,0.028979101274025722,0.021733641895801813,0.013718353185269521,0.0221596496091506,0.026265479670280305,0.016781078360735623,0.02156844072787523,0.01881609780859332,0.020186226294501067,0.014313423842427172,0.024612143537866275,0.016794760013863416,0.022712970325053622,0.02847497279225026,0.019073247639473673,0.021266040995255052,0.033919390651209455,0.019886181687781043,0.022626626172634487,0.021542123436516507,0.014133304728024307,0.026476038086488643,0.01693140720029802,0.03091808491501822,0.02037347007441349
206,2.664599359025762,0.285650383160981,0.021060790283807675,2.8794914136103213,2.340628020764662,2.326303488274544,2.980768725941783,2.6876539868539564,2.844158344496073,2.866379833548255,2.6532919764022194,2.683361929201198,2.411528162199702,2.723116645430679,2.96664089246022,2.2932621907802226,2.715203137573209,3.178385353209745,2.911568699406122,2.823540622535632,2.429221370905378,2.3587437546056305,2.9402003346313283,2.6744513563355743,2.768700514513523,2.4480207606574322,2.5255302346341364,3.0053606443704024,2.289916912466634,2.9502814626700276,2.7189436792481882,2.722791062111352,1.8205352609346694,0.02398012190058721,0.018291147803781774,0.024058557313684253,0.020254910321635792,0.015076156342282957,0.03186160732854701,0.01763378393854981,0.01616734563332535,0.0209632112397508,0.025388284434894548,0.015750391331161778,0.022108620289919754,0.017643427160190395,0.02438528049351661,0.021802473288798564,0.01909946178740043,0.02362046636716207,0.017353832876244694,0.024243761098772843,0.018233276159786305,0.020876082610036185,0.03429093055303629,0.021471694100150693,0.021528056466835675,0.0210522954923922,0.019510259094788006,0.019680097497751986,0.021972953072175637,0.020065937203069702,0.013459285314000907
207,2.6567867042320206,0.27963491455996753,0.02164414816480519,2.8794914136103213,2.340628020764662,2.326303488274544,2.980768725941783,2.6876539868539564,2.758848804846107,2.866379833548255,2.6532919764022194,2.683361929201198,2.411528162199702,2.723116645430679,2.96664089246022,2.2932621907802226,2.715203137573209,3.1542956127250084,2.911568699406122,2.823540622535632,2.429221370905378,2.358066874522827,2.815896851036609,2.6744513563355743,2.768700514513523,2.4480207606574322,2.5255302346341364,3.0053606443704024,2.289916912466634,2.9502814626700276,2.7189436792481882,2.722791062111352,1.8205352609346694,0.026062614044090937,0.024486090909831757,0.02256096780027076,0.0244789449696044,0.01528880752476841,0.025844228501464398,0.01767234356162101,0.012428447642660795,0.02289041623658323,0.02259247873480624,0.017180001586673443,0.024530969951051855,0.021276093103157905,0.020006764276743173,0.01901129619662055,0.02669143819187829,0.01752929445697558,0.024310665853147038,0.020985693956083545,0.028111713199907757,0.01865181452642379,0.025773013016300472,0.021043611850866444,0.021168606479608748,0.030083461399276652,0.017493996976075434,0.022010784628048487,0.016300806804799624,0.023752632878053074,0.01910644568676181
208,2.636109603360502,0.2888575713605339,0.021653616519683398,2.8794914136103213,2.340628020764662,2.326303488274544,2.9801095026356426,2.541582885994313,2.758848804846107,2.866379833548255,2.5433533928223757,2.683361929201198,2.411528162199702,2.723116645430679,2.96664089246022,2.1899132939315504,2.715203137573209,3.125187890235282,2.911568699406122,2.823540622535632,2.429221370905378,2.358066874522827,2.815896851036609,2.6744513563355743,2.768700514513523,2.4480207606574322,2.328220062531621,3.0053606443704024,2.289916912466634,2.9502814626700276,2.685066352289159,2.722791062111352,1.8205352609346694,0.02504658654352629,0.02273981981668809,0.026760173327587095,0.018857952189031385,0.013753760463360623,0.028790711171062536,0.017412811702498993,0.020633050373596622,0.020263233568755132,0.02756202633971691,0.023332871541982672,0.016564815908061633,0.020290921855431073,0.014870579998216303,0.021628386665769085,0.016487983303843164,0.01326475482469958,0.027384895443038862,0.02331741151595851,0.01798977336959675,0.024881329032866002,0.026089479774195852,0.021225874968155492,0.027591189111565155,0.02937152742007574,0.022365038812603016,0.026828511590926092,0.01596152779812593,0.01930091869858759,0.019040578460979805
209,2.6338348633201916,0.2890925176784127,0.022440807661716647,2.8794914136103213,2.340628020764662,2.326303488274544,2.9801095026356426,2.49110020168774,2.758848804846107,2.848620316645523,2.5433533928223757,2.683361929201198,2.411528162199702,2.723116645430679,2.96664089246022,2.1899132939315504,2.715203137573209,3.125187890235282,2.911568699406122,2.823540622535632,2.429221370905378,2.358066874522827,2.815896851036609,2.6744513563355743,2.768700514513523,2.4480207606574322,2.328220062531621,3.0053606443704024,2.289916912466634,2.9502814626700276,2.685066352289159,2.722791062111352,1.8205352609346694,0.02235203758908031,0.02160767365072527,0.02520005321864182,0.018354384299767084,0.010779208174340388,0.025529698014737683,0.01875971431109104,0.01752132931134796,0.024542257659054642,0.025756806630927616,0.019641801418333334,0.019695982131538607,0.023289848084372018,0.01934804968353272,0.015914640299600623,0.02530980401445538,0.024379647275580243,0.029299079951332595,0.026207482841243385,0.016306399090348568,0.023912103575680445,0.027510658386455052,0.025493249979393545,0.024455125128592718,0.032742462539030036,0.02464151663396366,0.023472865257711976,0.0172416207030222,0.02891032229036125,0.015048407707237404
210,2.626710246834824,0.2865875193412194,0.02077233406550346,2.8794914136103213,2.340628020764662,2.326303488274544,2.9801095026356426,2.49110020168774,2.669800146706035,2.8439147006618595,2.5433533928223757,2.6266404183071654,2.411528162199702,2.723116645430679,2.96664089246022,2.1779187351890497,2.715203137573209,3.125187890235282,2.896960535937041,2.823540622535632,2.429221370905378,2.358066874522827,2.815896851036609,2.6744513563355743,2.768700514513523,2.4480207606574322,2.328220062531621,2.9687006570387102,2.289916912466634,2.9502814626700276,2.685066352289159,2.722791062111352,1.8205352609346694,0.025978354545200925,0.01749835806737464,0.016669629554428623,0.023665015087136063,0.015789183208716022,0.028270899367041847,0.014937385272851773,0.01615475294113703,0.018796473670510197,0.021510145227115682,0.016595582630527267,0.024045171951348285,0.02022737855324469,0.016119244713165455,0.021559807005820213,0.02114683939192916,0.022104984985884694,0.025046175575629187,0.022775774649243928,0.01480579331178754,0.026089781855544295,0.025098762398620838,0.0217575780741436,0.024076958682183673,0.027479911222019766,0.02110373139779377,0.024160330826549434,0.01517045346156316,0.019372301263735195,0.015163263072856835
211,2.617707985385514,0.28424731094066513,0.02086099717076555,2.8794914136103213,2.340628020764662,2.326303488274544,2.8580549537332733,2.49110020168774,2.669800146706035,2.823897745105676,2.5433533928223757,2.6266404183071654,2.411528162199702,2.723116645430679,2.959401048663811,2.1779187351890497,2.715203137573209,3.125187890235282,2.8963823333412795,2.815341843448057,2.429221370905378,2.358066874522827,2.815896851036609,2.6744513563355743,2.768700514513523,2.4480207606574322,2.328220062531621,2.9441617815823986,2.202476274381944,2.9502814626700276,2.685066352289159,2.722791062111352,1.8205352609346694,0.02503090389464088,0.021065687980512664,0.021147373963708624,0.017831481437039956,0.019079670880930388,0.023309862954905117,0.014740945408381993,0.020709501799862147,0.02182008243356196,0.02416460060070686,0.015624718887139122,0.019571301460184824,0.018769790897131166,0.018951769889082887,0.01953355732413803,0.019847644690716197,0.01919506830939732,0.021706548838215444,0.022139791957094375,0.014192829287994084,0.018844733713708393,0.026602311357999262,0.021701610512177144,0.023336656931790684,0.023017479080244926,0.02690348079279587,0.026943112649710183,0.01967021695131531,0.02313168560793085,0.017245494629949863
212,2.61324184241129,0.2832562023353636,0.02250411756507303,2.8717299012270634,2.340628020764662,2.326303488274544,2.8580549537332733,2.49110020168774,2.662731725136475,2.823897745105676,2.5433533928223757,2.535531054352593,2.411528162199702,2.723116645430679,2.9478167601923073,2.1779187351890497,2.715203137573209,3.125187890235282,2.8963823333412795,2.815341843448057,2.429221370905378,2.358066874522827,2.815896851036609,2.6744513563355743,2.768700514513523,2.4480207606574322,2.328220062531621,2.927701078734572,2.202476274381944,2.9502814626700276,2.685066352289159,2.722791062111352,1.8205352609346694,0.023712049517101583,0.02382797059063701,0.025184796200818156,0.017952518674012676,0.021144024177771583,0.025470435598943006,0.014935354834742329,0.023244304741102388,0.017876474067200207,0.023988521970660627,0.01229117409069265,0.021410975709968867,0.021751286465694797,0.02640286150656641,0.021539654788872566,0.024584423898313904,0.016612733049617363,0.01821526366093423,0.024576455606624328,0.02251218464863382,0.017550000472419742,0.027193653244306806,0.021937516015962277,0.027155783962912287,0.02228032323324069,0.025708716984070807,0.028952995596613205,0.025100926293975624,0.03235545335806474,0.019654693991716245
213,2.607635891904706,0.28559856016474644,0.022044826991406467,2.860526854552209,2.340628020764662,2.326303488274544,2.8580549537332733,2.49110020168774,2.662731725136475,2.823897745105676,2.3863779242997087,2.535531054352593,2.411528162199702,2.723116645430679,2.9478167601923073,2.1779187351890497,2.715203137573209,3.125187890235282,2.8963823333412795,2.815341843448057,2.429221370905378,2.358066874522827,2.815896851036609,2.6744513563355743,2.768700514513523,2.4480207606574322,2.328220062531621,2.927701078734572,2.202476274381944,2.9502814626700276,2.685066352289159,2.722791062111352,1.8205352609346694,0.028742098246751238,0.022116076153543364,0.024377294664441607,0.01955437326085552,0.019684455568086318,0.03017316870427303,0.01800450223790929,0.019256110026186875,0.01687599882982623,0.029039851666754404,0.016076207746500037,0.02223019960774278,0.01975972491225727,0.024267830951581405,0.025573874367480407,0.019543825984030646,0.013615170691749676,0.019395455650768955,0.02222354837617279,0.022700056234237695,0.017971840411023572,0.02034912918696343,0.019659123881431515,0.03315819336905563,0.024537021714742827,0.016551499550049264,0.02466090071573383,0.022266633218923144,0.028158734762415843,0.020821909050705384
214,2.596742078807951,0.2788973175979822,0.021914150037428005,2.8468181204809793,2.340628020764662,2.3097460021814133,2.8580549537332733,2.49110020168774,2.662731725136475,2.823897745105676,2.3863779242997087,2.535531054352593,2.411528162199702,2.723116645430679,2.9048965906360107,2.1779187351890497,2.715203137573209,3.028787213857815,2.8963823333412795,2.8115649134290455,2.429221370905378,2.358066874522827,2.815896851036609,2.6744513563355743,2.716112226133252,2.4480207606574322,2.260504295451597,2.927701078734572,2.202476274381944,2.9171351213448244,2.685066352289159,2.722791062111352,1.8205352609346694,0.024482548127202464,0.02553447193214004,0.01806446820026032,0.01575320782149238,0.02016822217475025,0.03229308776558904,0.019547811124887415,0.01407324433207543,0.027442484451175614,0.023266324943138593,0.022035084168687626,0.02412535453661885,0.0206191237995664,0.022916439292659716,0.02522342592940408,0.020673415735014532,0.021621660315575917,0.018201448642327592,0.021233836645038535,0.02074598403107069,0.01968710671132509,0.02116878043693627,0.018180270354074192,0.030126214520853536,0.02164206421568477,0.01924110099542437,0.01948880293074116,0.02578005197593021,0.02516612000057345,0.018922345012621362
215,2.596502699025802,0.278685574158979,0.022317294026799085,2.8396367270164977,2.340628020764662,2.3097460021814133,2.8580549537332733,2.49110020168774,2.662731725136475,2.823897745105676,2.3863779242997087,2.535531054352593,2.411528162199702,2.723116645430679,2.9048965906360107,2.1779187351890497,2.715203137573209,3.028787213857815,2.8963823333412795,2.8115649134290455,2.429221370905378,2.358066874522827,2.815896851036609,2.6744513563355743,2.716112226133252,2.4480207606574322,2.260504295451597,2.927701078734572,2.202476274381944,2.9171351213448244,2.685066352289159,2.722791062111352,1.8205352609346694,0.019061284910109166,0.023601495433830492,0.022449095952903522,0.01711474518627878,0.01758541199997344,0.0295365370652831,0.016555848759650976,0.01600826234141186,0.022785934691930416,0.02554730849169652,0.015543983111177984,0.01895633255772446,0.0272448344325225,0.03215708069784386,0.02329194832920899,0.022493780609115426,0.02010878340359292,0.02728671307993096,0.023192750593616182,0.02277751895017058,0.021386032742982376,0.024742650706010512,0.02149218600242276,0.02807754976438618,0.01694115996697863,0.01703295228437416,0.024540653701908544,0.02409867814071176,0.0291712470664133,0.018736059829812142
216,2.5807502908282727,0.28380157207535545,0.022061317089766292,2.8089554873393436,2.340628020764662,2.3097460021814133,2.7925527311193616,2.49110020168774,2.662731725136475,2.823897745105676,2.3863779242997087,2.535531054352593,2.411528162199702,2.61342522442455,2.8525409316764407,2.1779187351890497,2.715203137573209,3.028787213857815,2.8963823333412795,2.8115649134290455,2.389573437740197,2.358066874522827,2.815896851036609,2.6744513563355743,2.716112226133252,2.4480207606574322,2.260504295451597,2.927701078734572,2.0277825038780226,2.9171351213448244,2.685066352289159,2.722791062111352,1.8205352609346694,0.025747404749999862,0.02507333076320085,0.019221249569193306,0.01910370763193614,0.01676563655390761,0.030199939118720244,0.016017352198795992,0.015116701640098758,0.017275544429807062,0.017742837666035183,0.014381811043449256,0.01764844239481842,0.0240664578584519,0.022433928371179804,0.023140894797928576,0.021927067959385444,0.01850354867649117,0.01810626828466339,0.02450622982486567,0.02344962074775233,0.01591160043822392,0.024840407700337706,0.027629995750760285,0.028628124299566307,0.025495681551011718,0.020998072196014697,0.03078746939368008,0.025220129433964966,0.03176968396018764,0.02013037368856064
217,2.570087144772247,0.2813814087812863,0.021994502250327008,2.8089554873393436,2.340628020764662,2.3097460021814133,2.767353574467301,2.49110020168774,2.662731725136475,2.823897745105676,2.3863779242997087,2.535531054352593,2.411528162199702,2.5695383196674624,2.8525409316764407,2.1779187351890497,2.715203137573209,3.028787213857815,2.8963823333412795,2.8115649134290455,2.326278192412467,2.358066874522827,2.691025573083554,2.6744513563355743,2.6551401971528326,2.4480207606574322,2.2588345274411847,2.927701078734572,2.0277825038780226,2.9171351213448244,2.685066352289159,2.722791062111352,1.8205352609346694,0.020653009926099412,0.0238182610093694,0.02411407312647953,0.023062611117526614,0.014862652786346525,0.028440909352942648,0.016702824719664312,0.01920622389509115,0.02296519933607489,0.019961169806786368,0.015030763817767604,0.020446021678887698,0.02218445089033895,0.01580732907416395,0.021299847132835257,0.02558193146385182,0.016597236822632002,0.022821183461114,0.024894690309922675,0.027255032306249906,0.01679054418142466,0.028638135139534684,0.026248312166221772,0.02213099916723287,0.03169993164241175,0.020899548384927105,0.024540900997497103,0.021377083845928166,0.023291657805044816,0.01851253214544264
218,2.563057691983552,0.2835386696450767,0.021437196839658907,2.7660243115929863,2.340628020764662,2.3097460021814133,2.767353574467301,2.49110020168774,2.662731725136475,2.823897745105676,2.3863779242997087,2.5129871387590303,2.411528162199702,2.5695383196674624,2.8525409316764407,2.1779187351890497,2.715203137573209,3.028787213857815,2.8963823333412795,2.8115649134290455,2.2731332422059407,2.358066874522827,2.691025573083554,2.6291508587021792,2.6551401971528326,2.429726942858292,2.2588345274411847,2.927701078734572,2.0277825038780226,2.910298282011049,2.685066352289159,2.722791062111352,1.7987028735865676,0.01635628761028291,0.01704243828822808,0.01950957308458715,0.017498193114057856,0.015340877172556756,0.031162274061778242,0.015063279171990875,0.022929050951271127,0.01778973959425393,0.025741101610478257,0.019085056992467576,0.021013961488156773,0.024136545887971914,0.022847702665160164,0.020306863208757343,0.02585975825331104,0.014678441931289978,0.018725141170891805,0.021785337615946643,0.02470243192367086,0.017165486817989777,0.02687927708833754,0.022973187331920435,0.025185559947167604,0.030299905939812494,0.018608190054521523,0.02721298072553299,0.021972315995626483,0.02293163421770306,0.018313311274046097
219,2.5573805535409253,0.283462964126228,0.019519038394991695,2.7660243115929863,2.340628020764662,2.3097460021814133,2.767353574467301,2.49110020168774,2.662731725136475,2.823897745105676,2.300984776200402,2.5129871387590303,2.411528162199702,2.5695383196674624,2.8129438340623563,2.1779187351890497,2.715203137573209,3.016318591894827,2.8963823333412795,2.8115649134290455,2.2731332422059407,2.358066874522827,2.691025573083554,2.6291508587021792,2.622284911550406,2.429726942858292,2.2588345274411847,2.927701078734572,2.0277825038780226,2.910298282011049,2.685066352289159,2.722791062111352,1.7987028735865676,0.013977696266285615,0.017734957055105437,0.017578491419956745,0.02318316239686822,0.019625636735156275,0.029156654632028576,0.011121962538487734,0.013530655993918787,0.02681305125905769,0.02220459294777081,0.016747955002750534,0.01654666302006246,0.021113078112632827,0.016654178648840827,0.019680078831966742,0.022234583126391268,0.013707747695338009,0.01648930338914009,0.021487573219208887,0.023967914688763605,0.01852643601735568,0.0203979171916023,0.01949817865832774,0.02264146291381185,0.023258393700112817,0.00929698503686713,0.02363388085460969,0.024618404820452473,0.02601293534610562,0.014130620330774238
220,2.5465204594185646,0.28524829288242176,0.021865737781384273,2.7660243115929863,2.1937241886642167,2.3097460021814133,2.6893529371901157,2.49110020168774,2.6191265625648126,2.823897745105676,2.300984776200402,2.5129871387590303,2.411528162199702,2.5695383196674624,2.7694863540362715,2.172098106150767,2.715203137573209,3.016318591894827,2.8963823333412795,2.8115649134290455,2.2731332422059407,2.358066874522827,2.691025573083554,2.6291508587021792,2.622284911550406,2.429726942858292,2.2581811934830296,2.927701078734572,2.0277825038780226,2.910298282011049,2.677704603590144,2.722791062111352,1.7987028735865676,0.016196416339027613,0.022436355802939796,0.022016233593328945,0.01486791617645887,0.01608213734187723,0.021359715517067293,0.025519035726716537,0.013735333562494637,0.024206047090807762,0.028840154898541394,0.016534458343132236,0.017128781510858438,0.023404453884696422,0.018654096748182174,0.02170592898053761,0.020708594581005175,0.019492477614979867,0.03170912651759998,0.020034621778469583,0.020721655357789123,0.022480999236064423,0.025565358867845236,0.025943109552613888,0.02462009994626947,0.03007454202584809,0.020600721488994046,0.020543791532985432,0.027175720546302063,0.021526391944544417,0.022087856933550348
221,2.531990103411469,0.28198557222840076,0.021261040524812733,2.68070399037374,2.1937241886642167,2.3097460021814133,2.6893529371901157,2.49110020168774,2.605474799371152,2.749701301401171,2.29983005210508,2.3862536488404804,2.411528162199702,2.5551378085043237,2.7694863540362715,2.172098106150767,2.715203137573209,3.016318591894827,2.8963823333412795,2.8115649134290455,2.2731332422059407,2.358066874522827,2.691025573083554,2.6291508587021792,2.504775282613441,2.429726942858292,2.2581811934830296,2.924757280753117,2.0277825038780226,2.910298282011049,2.677704603590144,2.722791062111352,1.7987028735865676,0.019400199946196146,0.023432797081094185,0.020396138049206262,0.01727820455568873,0.021098204259756455,0.02873284801934628,0.016908004288579595,0.012497355780765107,0.0211429301237017,0.01956223014866068,0.014995078937791652,0.018508024654469244,0.02084165266956232,0.024029539161382486,0.021503758120944596,0.017440936319842584,0.011523958891585924,0.02921186408340927,0.02491301479914607,0.021318772825121048,0.02427818925243225,0.031383536919200275,0.023480967502023706,0.021297458551958876,0.023452337742802896,0.017456261347115032,0.021864545515297706,0.02247571417467426,0.02388845898626489,0.023518233036361705
222,2.50225385070921,0.2852295984827088,0.021278674480877065,2.604790127472594,2.1937241886642167,2.3097460021814133,2.6893529371901157,2.1918372475843246,2.605474799371152,2.749701301401171,2.1766079574299906,2.3862536488404804,2.411528162199702,2.47220263059932,2.7694863540362715,2.172098106150767,2.715203137573209,3.016318591894827,2.682727829157305,2.8115649134290455,2.2731332422059407,2.358066874522827,2.691025573083554,2.6291508587021792,2.504775282613441,2.3413277363739877,2.2581811934830296,2.9160574999382693,2.0277825038780226,2.910298282011049,2.677704603590144,2.722791062111352,1.7987028735865676,0.02025097010875044,0.021606165462144108,0.0235324894490383,0.01618144668834755,0.024378245153284583,0.02255609353409212,0.013333078189467315,0.009273466296659937,0.018324389488905142,0.029466676837914853,0.014773506050159606,0.015603793783970869,0.01743950559691511,0.029050492810173377,0.020437054633187672,0.016243902080338705,0.017208104815453297,0.02812022039174098,0.022794625155390803,0.019793325258571567,0.023224516651687135,0.028096348199008046,0.01755765003229111,0.02183417515810354,0.029625860055055343,0.02477325460247537,0.020186726863100024,0.024876226256699704,0.02484602765358914,0.02297189716979626
223,2.491025611061092,0.2835751373684756,0.022739129353486497,2.604790127472594,2.1937241886642167,2.3097460021814133,2.6893529371901157,2.1918372475843246,2.605474799371152,2.749701301401171,2.1766079574299906,2.3862536488404804,2.345724326406853,2.47220263059932,2.7694863540362715,2.172098106150767,2.5629922612257485,3.016318591894827,2.682727829157305,2.7664350269487454,2.2731332422059407,2.358066874522827,2.691025573083554,2.6291508587021792,2.504775282613441,2.3413277363739877,2.2581811934830296,2.9160574999382693,2.0277825038780226,2.874491417096451,2.677704603590144,2.722791062111352,1.7608071476782396,0.015302514324802929,0.024174320107640465,0.022962037360974828,0.022350455544640116,0.02606959022773201,0.025761653008805493,0.016304799997968585,0.015951476200689218,0.02097445264977546,0.020075190202974505,0.014318393156953928,0.016432029722534866,0.022789441199986306,0.030845325322129788,0.022000839817466276,0.02734684814765509,0.01343183805195854,0.029229492908708278,0.02542923947524648,0.019722197342139144,0.02764033127432836,0.031621739697033864,0.025689650361358733,0.025030961904837678,0.028757509440318622,0.021741762511047973,0.026791186782024544,0.01806717400823206,0.02367460911208661,0.021686820742544043
224,2.483890058903324,0.27769136413953566,0.022160026502889542,2.604790127472594,2.1937241886642167,2.3018673363609996,2.6893529371901157,2.1918372475843246,2.605474799371152,2.749701301401171,2.1766079574299906,2.3862536488404804,2.345724326406853,2.47220263059932,2.7694863540362715,2.172098106150767,2.5629922612257485,3.016318591894827,2.682727829157305,2.7664350269487454,2.2731332422059407,2.358066874522827,2.691025573083554,2.6291508587021792,2.504775282613441,2.3413277363739877,2.256271340205523,2.877577547316854,2.0200500744322416,2.8168501777081123,2.677704603590144,2.622366637931766,1.7608071476782396,0.0212818249445266,0.017679510059318376,0.02287578593339379,0.024462426498331056,0.02314342921782371,0.02925379870275408,0.010557775423322074,0.01819481547299807,0.024239996842413458,0.022977633896243257,0.01408114956084348,0.0131098243376231,0.025429858126518184,0.025875996042377173,0.020831950540857375,0.022826410609850346,0.011154439900595873,0.023705698276731826,0.0232053915039088,0.02417291998845264,0.027450160294298982,0.020594656711762492,0.021684825774339323,0.025889921041869393,0.031091874757684407,0.022427702859110783,0.027990968912211204,0.02041999878923984,0.02510755437979595,0.023082495687490535
225,2.471517653748968,0.2854765777701064,0.02297973560442925,2.604790127472594,2.1543889649383137,2.3018673363609996,2.6893529371901157,2.0069245878210293,2.605474799371152,2.749701301401171,2.1766079574299906,2.331138964954022,2.345724326406853,2.47220263059932,2.7694863540362715,2.172098106150767,2.5629922612257485,3.016318591894827,2.682727829157305,2.751232904424207,2.2731332422059407,2.358066874522827,2.691025573083554,2.6291508587021792,2.4763992797167984,2.3413277363739877,2.256271340205523,2.833475520475624,2.0200500744322416,2.8127207427155168,2.677704603590144,2.622366637931766,1.7608071476782396,0.03049819176973665,0.019239955829523356,0.027807102509573862,0.0211540609098561,0.021991269573262084,0.026048008748419064,0.009985870015967341,0.016618789659301046,0.0192388451941107,0.025681208577770526,0.014612437059280656,0.019212286738316556,0.029367200975671616,0.02770846814990393,0.02492158012466115,0.018511647669876098,0.023363055712706044,0.02470264481014114,0.024976376587308773,0.02546389832869687,0.022327059815870676,0.027313950204405014,0.020074515930875298,0.02584969855423891,0.025624818420898785,0.022952810566361455,0.021414967963092727,0.024275990092873827,0.028142314582353653,0.020313043057823613
226,2.4620266865137785,0.2895471966704574,0.022960337909606575,2.604790127472594,2.1543889649383137,2.3018673363609996,2.6893529371901157,2.0069245878210293,2.561266938816875,2.749701301401171,2.1766079574299906,2.3277258586119633,2.345724326406853,2.47220263059932,2.7694863540362715,2.172098106150767,2.413574357992435,3.016318591894827,2.682727829157305,2.751232904424207,2.2731332422059407,2.358066874522827,2.691025573083554,2.6291508587021792,2.4763992797167984,2.3413277363739877,2.214247373774985,2.833475520475624,2.0200500744322416,2.8127207427155168,2.677704603590144,2.622366637931766,1.7151409671827271,0.025331655131189214,0.024564579974710905,0.033699066399006036,0.021063106125499102,0.024696309899137892,0.025455985912716937,0.013839422220209938,0.01679461373089735,0.01200989038192693,0.024962231857327447,0.014255090072150933,0.01578438102565895,0.02843692994794525,0.027241442821708862,0.023145599957023713,0.018011221536899838,0.02014975231432743,0.02784389124092085,0.026620660210354256,0.029506067357153037,0.019472946521768127,0.03152915182286799,0.019574372409890683,0.0247669627637414,0.029236550247809853,0.018523961427217617,0.02508449778971407,0.018790470296119494,0.02567197450195849,0.02274735139034492
227,2.453184208567768,0.28321582477238777,0.023170994135420942,2.604790127472594,2.1543889649383137,2.3018673363609996,2.6893529371901157,2.0069245878210293,2.561266938816875,2.7060717831279217,2.1766079574299906,2.3277258586119633,2.345724326406853,2.47220263059932,2.5529878338171135,2.1669518062628694,2.413574357992435,3.016318591894827,2.682727829157305,2.751232904424207,2.2731332422059407,2.358066874522827,2.691025573083554,2.6291508587021792,2.4763992797167984,2.3413277363739877,2.214247373774985,2.833475520475624,2.0200500744322416,2.8127207427155168,2.677704603590144,2.622366637931766,1.7151409671827271,0.018011183496363468,0.019496738221736132,0.029707460857218794,0.023433469001181054,0.020808908326963985,0.026979401435663748,0.016824069694423318,0.027111908988876467,0.022941979476420262,0.02447411690557358,0.020589455866181553,0.018719839478439127,0.026674308650309172,0.028244502875762433,0.021911863174576537,0.016638858901340654,0.024967882050529473,0.01969643809670567,0.028167186556532612,0.025523954519156948,0.01873451835062848,0.023502358014994087,0.021874209182978336,0.028640265250842473,0.029076884118199305,0.023841608891154904,0.024966983259166433,0.02120530431325513,0.023235783294267034,0.019128382813186833
228,2.4480763822867018,0.2818381748410663,0.023755338515518747,2.5880107181294396,2.1543889649383137,2.3018673363609996,2.6893529371901157,2.0069245878210293,2.5547235445577283,2.7060717831279217,2.1766079574299906,2.3268972645247428,2.345724326406853,2.47220263059932,2.5529878338171135,2.123420212205112,2.413574357992435,3.016318591894827,2.678998827479273,2.709603424564144,2.2731332422059407,2.358066874522827,2.691025573083554,2.6291508587021792,2.4763992797167984,2.3413277363739877,2.206605092087742,2.833475520475624,2.0200500744322416,2.7801697092561466,2.677704603590144,2.622366637931766,1.7151409671827271,0.020046660531462954,0.023189784525956894,0.02578873064922473,0.025892962775905002,0.02150296338814238,0.024150334555187232,0.027497752863738702,0.018263040882693014,0.025057813336168112,0.022611251354114025,0.022143880213856826,0.02123644587744574,0.028599488586369376,0.025618834060636156,0.0205356179427251,0.021310846640275067,0.029147641406312097,0.021200526210758693,0.03185833453186264,0.018106007355330106,0.019131011842721885,0.026564937727011385,0.025858309942662777,0.028159187656892244,0.025855828283622935,0.021656081421136664,0.023139211308951246,0.021377768644225196,0.028647356100661013,0.018511544849512264
229,2.434739574670107,0.28709009683876135,0.022577263127419103,2.5880107181294396,2.1543889649383137,2.2402797911546775,2.6893529371901157,2.0069245878210293,2.5547235445577283,2.7060717831279217,2.1766079574299906,2.096483999417132,2.345724326406853,2.47220263059932,2.5529878338171135,2.123420212205112,2.413574357992435,3.016318591894827,2.678998827479273,2.7085371229580884,2.2731332422059407,2.358066874522827,2.691025573083554,2.6291508587021792,2.4763992797167984,2.3413277363739877,2.206605092087742,2.833475520475624,2.001851851335044,2.6913308157754803,2.677704603590144,2.622366637931766,1.7151409671827271,0.01953483566960631,0.02563368395162781,0.0280443223290486,0.026359501351381757,0.020309447577493235,0.026758951117568673,0.027825651825196612,0.015405772052130158,0.02345167985365801,0.02882295836382573,0.016299610022304976,0.01790538600472034,0.025298614534353267,0.023366962225805667,0.019048162395063944,0.018561240084712934,0.020136459707529523,0.01989279335466309,0.030547474085234633,0.020941905075299076,0.020641081257869495,0.021834889199618047,0.02129712804981002,0.022462594131382782,0.03136547433940726,0.018336929576831487,0.02395030579713426,0.018883522966913077,0.02763405847362263,0.016766498448759527
230,2.4316297831471867,0.2827376356688535,0.022338001565529605,2.5880107181294396,2.1543889649383137,2.2402797911546775,2.6893529371901157,2.0069245878210293,2.5547235445577283,2.7060717831279217,2.1766079574299906,2.096483999417132,2.345724326406853,2.47220263059932,2.5529878338171135,2.123420212205112,2.413574357992435,3.0001245437842425,2.678998827479273,2.7085371229580884,2.2731332422059407,2.358066874522827,2.691025573083554,2.6291508587021792,2.4763992797167984,2.3413277363739877,2.206605092087742,2.756375822898598,2.001851851335044,2.6913308157754803,2.677704603590144,2.622366637931766,1.7151409671827271,0.021082474092024746,0.025783111926983456,0.024569351312688097,0.02523734852669953,0.026031367112361262,0.024480329868742857,0.022443898632432485,0.01758630600705553,0.028693138775403325,0.021877544390265492,0.024074963316569612,0.021757349966173192,0.02356039306890051,0.03114910707720773,0.01161858304687656,0.021796809799466837,0.02070640627463565,0.015440139352261966,0.02629097682684011,0.023430859324075817,0.019922444445686457,0.021867308639909367,0.017699278334139677,0.024954087008247534,0.02855915380453371,0.019046324910687352,0.024441039052747908,0.018716727468517647,0.018508710178455776,0.018814514425298027
231,2.4196322364444875,0.2786950899217372,0.02206779801069288,2.5822398516705225,2.1543889649383137,2.2402797911546775,2.3745157982823604,2.0069245878210293,2.5547235445577283,2.7060717831279217,2.1766079574299906,2.096483999417132,2.345724326406853,2.467061208618951,2.5529878338171135,2.123420212205112,2.3808305249353876,3.0001245437842425,2.678998827479273,2.7085371229580884,2.2731332422059407,2.358066874522827,2.691025573083554,2.6291508587021792,2.4763992797167984,2.3413277363739877,2.206605092087742,2.756375822898598,2.001851851335044,2.6913308157754803,2.676271462913267,2.622366637931766,1.7151409671827271,0.018064657400161402,0.024147773777357353,0.01743801515987362,0.024564570417893963,0.020267379004524827,0.023264172664721566,0.02348028810056668,0.02421695242322351,0.020241914189874526,0.027245649190052276,0.02364895881638996,0.022521020857452417,0.027197348217276533,0.025114714807326577,0.016221175712125637,0.020821056969021895,0.02296487227861795,0.011189847639952382,0.025137277574840845,0.02506026214168746,0.024279922950981837,0.024697289851472844,0.01936953660459596,0.034446048082926256,0.025137910095576692,0.0185666994758387,0.022995625339813683,0.014486581404404595,0.01803569930670832,0.017210719865526254
232,2.4070955173691155,0.2745242920578801,0.022759457085782843,2.5822398516705225,2.118629458511141,2.237657955142471,2.3745157982823604,2.0069245878210293,2.5547235445577283,2.7060717831279217,2.1766079574299906,2.096483999417132,2.345724326406853,2.416103452769218,2.5529878338171135,2.123420212205112,2.3808305249353876,2.9597846862283785,2.678998827479273,2.7043604326029365,2.2731332422059407,2.358066874522827,2.691025573083554,2.4273748690359125,2.4763992797167984,2.300857799979213,2.206605092087742,2.756375822898598,2.001851851335044,2.6913308157754803,2.676271462913267,2.622366637931766,1.7151409671827271,0.02386076330780742,0.026710882959175338,0.02116555023632099,0.023899154869720725,0.020542755660138717,0.02283445138527388,0.02730457382031431,0.023433821610801382,0.01656518509770819,0.027369920886827277,0.022900234882805244,0.027405113671796377,0.027910368241323473,0.02494959403462343,0.019779794847950477,0.021551465042458834,0.02055805370041993,0.015816039518922863,0.027432519159218034,0.019609048998945142,0.024897055122762374,0.01999025201120281,0.014235160174348064,0.029383145946580865,0.02708510261741113,0.01767282156662117,0.023411522440477717,0.015616315440296891,0.028009128425270792,0.02088391689596126
233,2.402398693989092,0.27324908073497794,0.021421748350634564,2.5822398516705225,2.118629458511141,2.218442140263012,2.3745157982823604,2.0069245878210293,2.5011422675639143,2.7060717831279217,2.1766079574299906,2.0701640351164525,2.345724326406853,2.416103452769218,2.5529878338171135,2.123420212205112,2.3808305249353876,2.9441364118205695,2.678998827479273,2.7043604326029365,2.2731332422059407,2.358066874522827,2.691025573083554,2.4273748690359125,2.4763992797167984,2.300857799979213,2.206605092087742,2.756375822898598,2.001851851335044,2.673964184859632,2.667498723010166,2.622366637931766,1.7151409671827271,0.018186002519526324,0.022947041157968986,0.023276957458968503,0.016943738928128903,0.017735597648786378,0.026884525564813362,0.024635548591577724,0.019425505321133154,0.021465616194148503,0.02815006623324371,0.014669688735665657,0.023900469278849458,0.027067366924685834,0.028625628125408947,0.01658736723741699,0.019316912760774498,0.02273684773618791,0.02016026263044393,0.026326508400673833,0.02247754395949711,0.021624632810850662,0.01716355396652217,0.018893088781026066,0.022814811254173204,0.023037376602388582,0.023505729666305503,0.022267130148653357,0.018349446737563127,0.018733983694507832,0.014743501449146667
234,2.39085716299147,0.279020070880986,0.022133554916679097,2.5822398516705225,1.9965153974777619,2.218442140263012,2.3745157982823604,2.0069245878210293,2.5011422675639143,2.7060717831279217,2.1766079574299906,2.0701640351164525,2.345724326406853,2.416103452769218,2.5529878338171135,2.123420212205112,2.3808305249353876,2.9441364118205695,2.678998827479273,2.7043604326029365,2.2731332422059407,2.358066874522827,2.691025573083554,2.4273748690359125,2.33311587883906,2.300857799979213,2.1470113073911716,2.756375822898598,2.001851851335044,2.673964184859632,2.646244039689194,2.622366637931766,1.7151409671827271,0.022477053617647992,0.018790943636316577,0.02161706062737428,0.020000945857919585,0.02317929591208884,0.02470276719831713,0.0250681270252035,0.018079263647307057,0.019888334093213313,0.028116724833783753,0.017156031940196822,0.025888421080289364,0.027612893204767026,0.02564200997658611,0.012305898637414214,0.02159541979562157,0.02971807710547433,0.012534073093487577,0.032902019508366964,0.022679600539845683,0.02310052897122136,0.02495434589758032,0.02357520317653473,0.019305653281224393,0.02491307230437967,0.02010741378421828,0.021419890115289178,0.02011764526978653,0.02307098692590671,0.01348694644300997
235,2.375438962598851,0.28113427610834596,0.022079838491714018,2.5822398516705225,1.9965153974777619,2.218442140263012,2.3745157982823604,2.0069245878210293,2.499477110755507,2.6778153300845315,2.1766079574299906,2.0701640351164525,2.345724326406853,2.335348502686458,2.5529878338171135,2.123420212205112,2.3808305249353876,2.9108374009087794,2.678998827479273,2.7043604326029365,2.2731332422059407,2.358066874522827,2.691025573083554,2.4273748690359125,2.33311587883906,2.300857799979213,1.9586281137326833,2.756375822898598,1.9925413321504277,2.673964184859632,2.646244039689194,2.50148990984264,1.7151409671827271,0.01932261869520653,0.022998968842912075,0.029281162439549428,0.012921880771415838,0.019557156781419817,0.02936090803683746,0.025493634103076507,0.020028540372988707,0.017912881811234866,0.029634504591189558,0.017391193624088603,0.021848043197119277,0.023708746663909475,0.018330824528010485,0.019950145239004347,0.018194368124423158,0.0279304297829648,0.019600821701884825,0.0262652149260257,0.018208882617800844,0.021496171139638358,0.032025236579639495,0.021529174918206856,0.017598327444969804,0.02740840797969492,0.024005449509013906,0.022922489358804345,0.02153757126904484,0.023130396829141177,0.01280100287220438
236,2.3593075739726954,0.30759016396472083,0.02263574418726687,2.5822398516705225,1.9965153974777619,2.218442140263012,2.3745157982823604,2.0069245878210293,2.499477110755507,2.6778153300845315,2.1766079574299906,2.0701640351164525,2.345724326406853,2.335348502686458,2.5529878338171135,2.123420212205112,2.321124843013305,2.9108374009087794,2.678998827479273,2.7043604326029365,2.2731332422059407,2.358066874522827,2.691025573083554,2.4273748690359125,2.33311587883906,2.300857799979213,1.7119387695939854,2.756375822898598,1.9119342932122092,2.673964184859632,2.646244039689194,2.50148990984264,1.6182013733970781,0.017205290833330635,0.024216087474300516,0.030660507813311498,0.01967572481320687,0.02881936081284443,0.02799908357351076,0.02166477635077334,0.024510063335874948,0.018212155852212992,0.02558117293958371,0.015404778167897882,0.022317996970588304,0.018703203311985675,0.026831099391366867,0.021674385877972546,0.01885645916156309,0.0199960576866979,0.02105632816484739,0.022121322939611318,0.021619497841997067,0.021596343022943665,0.036054847303554766,0.024279769138535988,0.02310754372595495,0.022357768638723866,0.018810694160299044,0.02615860499795735,0.023354542733495003,0.019944405745514374,0.016282452837549432
237,2.3495608935622765,0.3033715773330675,0.022301004627216573,2.498806651657358,1.9965153974777619,2.218442140263012,2.3745157982823604,2.0069245878210293,2.499477110755507,2.6778153300845315,2.1766079574299906,2.0701640351164525,2.345724326406853,2.3070923827814664,2.5529878338171135,2.123420212205112,2.321124843013305,2.9108374009087794,2.6677534591831464,2.5767058788402264,2.2731332422059407,2.358066874522827,2.691025573083554,2.4273748690359125,2.33311587883906,2.300857799979213,1.6822674594883158,2.756375822898598,1.9119342932122092,2.673964184859632,2.6341041794592823,2.50148990984264,1.6182013733970781,0.018455920556165305,0.02790818455151258,0.021326065424740727,0.020989847876220383,0.02434559743730389,0.02147639851965213,0.01799913107678778,0.014021642099629339,0.028732267226809084,0.028564312159759644,0.015903728956122968,0.024542401626231003,0.018265296303630493,0.028310561378716043,0.026991162260641778,0.021252081642725927,0.017005098424404876,0.02192256413673956,0.022923677949954615,0.02135662244210863,0.024671449581273184,0.025289269115084882,0.02465158823576452,0.02297806211933434,0.022340483707953915,0.02464136780816546,0.02418070725573538,0.022836289383838002,0.0201354553379542,0.015012904221536512
238,2.3383704956258606,0.3069603513092726,0.022809140053371445,2.498806651657358,1.9965153974777619,2.218442140263012,2.3745157982823604,2.0069245878210293,2.499477110755507,2.6778153300845315,2.0020240609113107,2.0701640351164525,2.345724326406853,2.238822761932241,2.4663164329404563,2.123420212205112,2.321124843013305,2.908859579597547,2.6677534591831464,2.5724966803035447,2.2731332422059407,2.358066874522827,2.691025573083554,2.4273748690359125,2.33311587883906,2.300857799979213,1.6822674594883158,2.756375822898598,1.9119342932122092,2.673964184859632,2.6341041794592823,2.50148990984264,1.6182013733970781,0.0144660295471816,0.027108530651353976,0.024175285508945963,0.017592736650358317,0.0299997826046131,0.024129414102768584,0.020732667554193764,0.014575170694963464,0.021224914401080146,0.025636809868090256,0.0159609553022848,0.024425276599116856,0.022067676982808038,0.02942868946889808,0.026763105931125155,0.016755149102108777,0.019054986899651377,0.02051987632806544,0.0205534488270409,0.027250329460411442,0.022222701640447064,0.027869821674038085,0.025099501725320196,0.024245455916926027,0.028790395447894017,0.02395138042291894,0.029827178883335005,0.022299007896664544,0.02033753450048575,0.017210387008054006
239,2.3269630899773053,0.309989987087001,0.023411824466218693,2.492455540060377,1.9965153974777619,2.217678651064443,2.3745157982823604,2.0069245878210293,2.499477110755507,2.6778153300845315,2.0020240609113107,2.0701640351164525,2.2034780414769384,2.238822761932241,2.4663164329404563,1.996029684289216,2.321124843013305,2.908859579597547,2.6090826269647285,2.5724966803035447,2.2731332422059407,2.357256650738535,2.691025573083554,2.4273748690359125,2.33311587883906,2.300857799979213,1.6762777596757243,2.756375822898598,1.9119342932122092,2.673964184859632,2.6341041794592823,2.50148990984264,1.6182013733970781,0.016344132200088974,0.02196436042320457,0.02743407273627698,0.021539359217986345,0.024305182632525086,0.03435476562364802,0.01940049743958248,0.01784403644180413,0.02150004095693056,0.02614803594668419,0.015057778282563423,0.01979140036843968,0.026609329105351222,0.0292651868468173,0.018267962617808487,0.021320546059414233,0.022769895300384937,0.020074068087412904,0.021743501025450074,0.02336919489892699,0.024241065151940806,0.030258084500501922,0.026453381713059887,0.02632090727258419,0.027703905203137695,0.025610835171284554,0.027468776952379655,0.023863269775720133,0.023573910118235276,0.017757251916415938
240,2.3230971533471534,0.31026693488681645,0.021817228119544528,2.4292219104830903,1.9965153974777619,2.217678651064443,2.3745157982823604,2.0069245878210293,2.499477110755507,2.6778153300845315,2.0020240609113107,2.0701640351164525,2.2034780414769384,2.238822761932241,2.4663164329404563,1.996029684289216,2.321124843013305,2.908859579597547,2.6090826269647285,2.5724966803035447,2.2731332422059407,2.357256650738535,2.691025573083554,2.4273748690359125,2.33311587883906,2.292045784622499,1.6762777596757243,2.756375822898598,1.8812232884328748,2.673964184859632,2.6341041794592823,2.488268460651405,1.6182013733970781,0.017417352713278225,0.01990812564276293,0.021837390672380393,0.024864182326473454,0.024506370151599906,0.033145897735849694,0.019923481334950095,0.014240001040334505,0.018484160106651458,0.023397367554133804,0.012017776820627534,0.01964487674657514,0.02037470476435538,0.021608745541645873,0.021279372364911606,0.0207988450108758,0.0186696821261558,0.019138730856063327,0.016700223736925084,0.024634859224823592,0.02234976678664588,0.02954457923723921,0.023583236761219133,0.024727046954430655,0.026469311513988108,0.024289654216026503,0.028064973191181765,0.02517384733683957,0.022345589995774497,0.01537669112161692
241,2.3203008066817903,0.3075692470499168,0.02215126290226493,2.4292219104830903,1.9965153974777619,2.217626015253899,2.3745157982823604,2.0069245878210293,2.499477110755507,2.6778153300845315,2.0020240609113107,2.0701640351164525,2.2034693970450765,2.238822761932241,2.4663164329404563,1.996029684289216,2.321124843013305,2.908859579597547,2.6090826269647285,2.5204433769727896,2.2731332422059407,2.357256650738535,2.691025573083554,2.4273748690359125,2.33311587883906,2.292045784622499,1.6762777596757243,2.7246000065108693,1.8812232884328748,2.673964184859632,2.6341041794592823,2.488268460651405,1.6182013733970781,0.018455018677191612,0.016436995796319655,0.027808513746510666,0.01889673473963754,0.021156058996334316,0.026196511284415778,0.012436133856680128,0.015269893848043923,0.022908337739543382,0.023578940200556914,0.017656178169290007,0.01787480194814603,0.019305050869156466,0.028214469045126967,0.022212389989004225,0.019789838368292612,0.0216225680195071,0.02432236764045833,0.028900937525939294,0.019833583237838338,0.020067921361688265,0.028839124542901724,0.01898352500824235,0.03155396092240584,0.030905747138498946,0.026137809599383013,0.022229375485976154,0.02037260148309948,0.026439839352831594,0.016132658474927328
242,2.310798675691304,0.300356649728446,0.022342804716076522,2.4292219104830903,1.9965153974777619,2.217626015253899,2.3745157982823604,1.982774045228045,2.499477110755507,2.6778153300845315,2.0020240609113107,2.0701640351164525,2.2034693970450765,2.2371617861549535,2.462886954744303,1.996029684289216,2.321124843013305,2.908859579597547,2.521056268306126,2.5204433769727896,2.2731332422059407,2.357256650738535,2.6674187503469757,2.4273748690359125,2.33311587883906,2.292045784622499,1.6762777596757243,2.7246000065108693,1.8812232884328748,2.6196404016874024,2.5442382108785435,2.488268460651405,1.6182013733970781,0.019430253329263455,0.02643456100667653,0.025219201488653822,0.01938724330627591,0.017299697188729212,0.029795312886242,0.019173896137059908,0.015392613454113932,0.02889949343121495,0.022744934005393683,0.017712463924237004,0.019890442930079587,0.01938077128405081,0.018973545217525922,0.020779901024618606,0.018316183252816146,0.020680894525201582,0.029079489978064095,0.02396587951193277,0.016422828555534136,0.02195897171569397,0.023090413519047406,0.02111006990097564,0.02456005456069105,0.03167351986218377,0.025675805917256544,0.019180423984900538,0.033841808813208564,0.025831418774514857,0.014382047996139274
243,2.3010735066076315,0.3054532898056174,0.022824974494210917,2.3754632809414535,1.9965153974777619,2.217626015253899,2.3745157982823604,1.982774045228045,2.499477110755507,2.6760143013917568,2.0020240609113107,1.895683532321986,2.2034693970450765,2.2371617861549535,2.462886954744303,1.9801938401227983,2.321124843013305,2.908859579597547,2.521056268306126,2.5204433769727896,2.2731332422059407,2.357256650738535,2.6674187503469757,2.40325596026586,2.33311587883906,2.292045784622499,1.6762777596757243,2.7246000065108693,1.8812232884328748,2.597880243142573,2.5442382108785435,2.488268460651405,1.6182013733970781,0.025711673558754058,0.025554015410899432,0.024481481128855734,0.02116202763621399,0.020959294900445444,0.027169350748821,0.021241762303195973,0.016328154560870327,0.023557993407315323,0.027703460037575137,0.018349990651622915,0.017254719465503564,0.018711281871231254,0.021979574673678035,0.01910166869935409,0.022728318044309234,0.02205776271163155,0.019639531727185223,0.029095248042642963,0.01789517231534467,0.023147674409092666,0.030179175657313956,0.022431439299881,0.025113587479188113,0.030784943037960335,0.020393416829378525,0.015714952839405088,0.03079075754764548,0.026753324896610253,0.018757480934402253
244,2.2950361801156607,0.30283794731863645,0.022803792463175102,2.3754632809414535,1.9965153974777619,2.217626015253899,2.3745157982823604,1.982774045228045,2.499477110755507,2.6760143013917568,2.0020240609113107,1.895683532321986,2.2034693970450765,2.2371617861549535,2.462886954744303,1.9801938401227983,2.2642211155842387,2.88670053725868,2.521056268306126,2.502577188843546,2.2559402304833225,2.357256650738535,2.6674187503469757,2.350945781590785,2.33311587883906,2.292045784622499,1.6762777596757243,2.7246000065108693,1.8812232884328748,2.597880243142573,2.5295505644142975,2.488268460651405,1.6182013733970781,0.026404341578860735,0.031578737392036885,0.02592428065027204,0.018242613692084034,0.01891387842703307,0.028369810747303142,0.023400626821379517,0.013825640734943391,0.017864238820053238,0.028708364602098208,0.019570067280062532,0.017224101766488007,0.024679612192906705,0.018032577955860406,0.018716673078378453,0.02665182556188733,0.019666413020045983,0.020994376783381386,0.027922143985062,0.025828596453078154,0.02010729272951769,0.019477336968122098,0.02726199289830697,0.02626348483355457,0.023659046588287387,0.021705827715783478,0.01998548230590049,0.026804491585884264,0.02991274989191471,0.01641714683476626
245,2.272040347171675,0.3041155245508338,0.021908641952797837,2.3754632809414535,1.9965153974777619,2.0785757820365203,2.3745157982823604,1.982774045228045,2.499477110755507,2.6760143013917568,2.0020240609113107,1.895683532321986,2.2034693970450765,2.2371617861549535,2.4587806635982266,1.9801938401227983,2.2642211155842387,2.882265421244153,2.223725126400826,2.502577188843546,2.2559402304833225,2.357256650738535,2.6454052365267704,2.350945781590785,2.33311587883906,2.292045784622499,1.6762777596757243,2.7246000065108693,1.8698658398340808,2.57696529583334,2.4157113817213234,2.488268460651405,1.541374259781993,0.01762359667851455,0.028757120561148167,0.030808104281249454,0.01774422768192814,0.019110744534367334,0.025861816642372835,0.02576083293403804,0.01650264914241482,0.017983429761394998,0.029846707569428275,0.010489070469800856,0.018634579561270233,0.02501274116183415,0.01915217345954249,0.02200167768027003,0.02175796122095993,0.025075624612046966,0.019676171249407362,0.02315813980975375,0.019588246125255553,0.018935892029999415,0.015428766641644361,0.023609891948030322,0.02446691304533046,0.023741107062894454,0.02531467449531408,0.021231993268367427,0.02512129144427701,0.02394540545156235,0.020917708059517367
246,2.261624348128594,0.325844845265283,0.022017291202710686,2.3754632809414535,1.9965153974777619,2.0785757820365203,2.3745157982823604,1.982774045228045,2.499477110755507,2.6760143013917568,2.0020240609113107,1.788188316075097,2.191704855992733,2.2371617861549535,2.4587806635982266,1.9801938401227983,2.2642211155842387,2.882265421244153,2.223725126400826,2.502577188843546,2.2559402304833225,2.357256650738535,2.6454052365267704,2.350945781590785,2.33311587883906,2.292045784622499,1.6762777596757243,2.7246000065108693,1.8698658398340808,2.57696529583334,2.4157113817213234,2.488268460651405,1.3481540457887857,0.022225110562974167,0.02103519615311951,0.029938031395580947,0.0153002946493452,0.018777977448921276,0.03060508983573374,0.019822007952500355,0.019350765855361857,0.020120225028424227,0.03137184021490901,0.01675858361523428,0.018326901869321302,0.02444021481414655,0.021833067371636556,0.015065410502855677,0.01962499930099044,0.03302870594631854,0.025979475312440433,0.019586300956147697,0.014159482041894503,0.013694152094104744,0.025614454679486066,0.025406648628300027,0.021237809683159685,0.01983431935947417,0.022754039658865865,0.024777681571072088,0.024550052490745766,0.025666382158791867,0.01963351492946387
247,2.2595114250585624,0.32714685776369967,0.02231956509079822,2.3754632809414535,1.9564240725819464,2.0785757820365203,2.3745157982823604,1.982774045228045,2.499477110755507,2.6760143013917568,2.0020240609113107,1.788188316075097,2.180175210036215,2.2371617861549535,2.4587806635982266,1.9801938401227983,2.2642211155842387,2.882265421244153,2.2119584051522314,2.502577188843546,2.2559402304833225,2.357256650738535,2.6454052365267704,2.350945781590785,2.33311587883906,2.292045784622499,1.6762777596757243,2.7246000065108693,1.8698658398340808,2.57696529583334,2.4157113817213234,2.488268460651405,1.3481540457887857,0.025100616746574236,0.024964348072893078,0.024473806869618423,0.020414302290408994,0.01970933267627023,0.024114767584620327,0.015312652938448147,0.018282696750070732,0.019281539188694758,0.027593439506288446,0.024645994346141366,0.019070353886494987,0.025253631945404455,0.026377892473723193,0.00811118989025961,0.02211866189650756,0.02672177468841042,0.023225271301694068,0.022814334604018622,0.01714492990235335,0.010618172038241213,0.026954275151826232,0.029147397812949966,0.020340907157159097,0.020020587069731026,0.02024087499372951,0.02957960416344564,0.028397142108016214,0.03092744202988997,0.018629012640062673
248,2.250383547293988,0.3323330786319059,0.02177565132733698,2.337469303801932,1.9564240725819464,2.0785757820365203,2.3539277880667417,1.982774045228045,2.499477110755507,2.6760143013917568,2.0020240609113107,1.788188316075097,2.180175210036215,2.2371617861549535,2.4587806635982266,1.8037735800594885,2.2535715349885916,2.882265421244153,2.2119584051522314,2.474392683920414,2.2559402304833225,2.357256650738535,2.6454052365267704,2.350945781590785,2.33311587883906,2.292045784622499,1.6762777596757243,2.7246000065108693,1.8698658398340808,2.57696529583334,2.4157113817213234,2.488268460651405,1.3481540457887857,0.021265071320632913,0.029978339232842138,0.01703941807178063,0.017927764859988527,0.020391870984671368,0.025135489557504852,0.013088136710905413,0.011648894920530742,0.01699876509461367,0.029821309073472288,0.015916354510491632,0.02534094395013716,0.01928314061711502,0.027612698122809885,0.017496961214114645,0.014276636821427859,0.02648811257211354,0.022207761968179758,0.02370319285246801,0.01983833174270487,0.021696657577940953,0.026694088427961084,0.023624978748195642,0.021416199551846083,0.016022364040520393,0.02363023118218976,0.027958986469351004,0.030793364340822426,0.030704963686281925,0.015268511596495112
249,2.2415204901136456,0.3231764697199854,0.022488519242933554,2.337469303801932,1.9564240725819464,2.0785757820365203,2.3539277880667417,1.982774045228045,2.499477110755507,2.6272132863245443,2.0020240609113107,1.765314450666804,2.180175210036215,2.2371617861549535,2.4587806635982266,1.8037735800594885,2.2044534045502293,2.7371667167477445,2.2119584051522314,2.474392683920414,2.2559402304833225,2.357256650738535,2.6454052365267704,2.350945781590785,2.33311587883906,2.292045784622499,1.6762777596757243,2.7246000065108693,1.8698658398340808,2.57696529583334,2.4157113817213234,2.488268460651405,1.3481540457887857,0.021677924890179095,0.029574802543842104,0.017515737000607927,0.02013965475608889,0.020853754318407997,0.027994447288242127,0.01904076361211522,0.019811717060438667,0.013328242755141714,0.025443131794458347,0.014968193193840237,0.029597631040347436,0.02022328330831504,0.026628278643194662,0.02071547794792245,0.0213281381416298,0.02384382991043544,0.02136154580064373,0.02610874181578422,0.024223227190226237,0.021833159796822807,0.024960145069470294,0.022706715133729106,0.026318370267926675,0.0192995782560632,0.021167429741757976,0.026904513069617428,0.022582875148470974,0.02297582181505576,0.02152844597723098
250,2.2289540366113756,0.3300858016832126,0.022604249993149646,2.3368775773503967,1.9564240725819464,1.9448036200075696,2.3539277880667417,1.982774045228045,2.499477110755507,2.6272132863245443,1.8125628687556632,1.765314450666804,2.180175210036215,2.2371617861549535,2.4587806635982266,1.8037735800594885,2.2044534045502293,2.7371667167477445,2.2119584051522314,2.474392683920414,2.2559402304833225,2.357256650738535,2.6454052365267704,2.350945781590785,2.33311587883906,2.292045784622499,1.6762777596757243,2.67272554277891,1.8698658398340808,2.57696529583334,2.4144173210213116,2.488268460651405,1.3481540457887857,0.018698132523208323,0.024896846666413546,0.02339870067339689,0.019395446295583534,0.017830681293434708,0.03061684577456488,0.019714285919525166,0.016502741874552296,0.014597374652785834,0.0229462844699407,0.0153939495238219,0.021349626797183437,0.023043137715875368,0.027575388197021933,0.02554195069523176,0.015319951180183958,0.032040220143533464,0.019968424954091384,0.02477434677313823,0.026794458586462726,0.020110600921305614,0.023065459948489367,0.028831202687417422,0.023286723079228886,0.024604357265831107,0.020023671329646556,0.02843932136361278,0.018814935526507225,0.025933298692897754,0.024619134269602636
251,2.215606733758625,0.32002223853797646,0.022238459789791123,2.2982652410389375,1.9564240725819464,1.9448036200075696,2.3539277880667417,1.982774045228045,2.499477110755507,2.558412805206292,1.8125628687556632,1.765314450666804,2.179566894224408,2.2371617861549535,2.349196882464416,1.8037735800594885,2.2044534045502293,2.598593863111365,2.2119584051522314,2.474392683920414,2.246933482087194,2.357256650738535,2.6454052365267704,2.335694207155861,2.33311587883906,2.292045784622499,1.6762777596757243,2.6705742192792994,1.8698658398340808,2.57696529583334,2.4144173210213116,2.488268460651405,1.3303223745486439,0.01396777000539965,0.024328285867700392,0.024545841060974793,0.016784104567263803,0.02124964262718746,0.02355868866611087,0.020561700415459603,0.013675825310878457,0.015100724477607942,0.028523226985365534,0.011371593419660249,0.021611850782364692,0.025414832816363274,0.0210635288103722,0.01888127243412,0.01837050734802923,0.02949923553630615,0.02514518151919396,0.030737290427841134,0.01866169002937307,0.023196047045285655,0.025455982703963317,0.0263579228807829,0.01953147156142703,0.019449112939235482,0.02593940745258686,0.02959527459235447,0.025308853751516838,0.02626375223925454,0.02300317541975416
252,2.20613586976751,0.3163441599383946,0.0225325725121293,2.2982652410389375,1.9564240725819464,1.9448036200075696,2.263594846262674,1.982774045228045,2.499477110755507,2.558412805206292,1.8125628687556632,1.752694059356696,2.179566894224408,2.2371617861549535,2.2309188824414083,1.8037735800594885,2.2044534045502293,2.598593863111365,2.2119584051522314,2.474392683920414,2.246933482087194,2.357256650738535,2.6058825710338884,2.335694207155861,2.33311587883906,2.292045784622499,1.6762777596757243,2.6705742192792994,1.8698658398340808,2.57696529583334,2.4144173210213116,2.464896539548033,1.3303223745486439,0.024809250580373147,0.026421484089534476,0.03136102654923442,0.017626365978069457,0.02238734580321598,0.02937378508400049,0.019291964450295757,0.014974612593743815,0.02182967115459829,0.020513320646754356,0.015827408949920383,0.019645595622572093,0.024456985548576372,0.021517680856938077,0.0158723123078695,0.016910783474635517,0.026508902649205933,0.026945721630129725,0.02752955944872274,0.022747325734663107,0.015378144663189604,0.025392805074771877,0.030116025446062553,0.02247639134112916,0.019251286812531437,0.02525552776802329,0.023215387072746643,0.021582253131078838,0.027891033330364422,0.018867217570927616
253,2.200890409683558,0.31764875133815235,0.021641555792577157,2.2982652410389375,1.9224062635633286,1.9448036200075696,2.2429566255490525,1.982774045228045,2.499477110755507,2.558412805206292,1.8125628687556632,1.752694059356696,2.1493371761479314,2.2371617861549535,2.2309188824414083,1.7721935493000243,2.2044534045502293,2.598593863111365,2.2119584051522314,2.474392683920414,2.246933482087194,2.357256650738535,2.6058825710338884,2.335694207155861,2.33311587883906,2.292045784622499,1.6762777596757243,2.6705742192792994,1.8698658398340808,2.57696529583334,2.4144173210213116,2.423998515597639,1.3303223745486439,0.019581683164878017,0.02542465247236515,0.029122347312216967,0.013273465526933946,0.02039679941118297,0.026376959746076293,0.017261937602530298,0.020120036627825275,0.017546311584151715,0.017557906959697115,0.01821760851816431,0.021964856204207375,0.023689891358036883,0.022203681125415865,0.017840898037543934,0.01755719954096713,0.025723651895411596,0.02387418479345474,0.02616559145719683,0.014714758051418628,0.02202177677902687,0.02893840052749543,0.022725943178497444,0.01715384922871318,0.0244752203331831,0.028746765855347967,0.016989253001574993,0.0186871744597905,0.026830078822332744,0.024063790201677482
254,2.186607221529623,0.3264504263907583,0.021844318224129754,2.2982652410389375,1.9224062635633286,1.9448036200075696,2.2429566255490525,1.982774045228045,2.499477110755507,2.53212287168752,1.8125628687556632,1.752694059356696,2.1493371761479314,2.2371617861549535,2.2030367903250014,1.7721935493000243,2.134880934638567,2.5359808321235566,2.2119584051522314,2.474392683920414,2.246933482087194,2.357256650738535,2.6058825710338884,2.335694207155861,2.33311587883906,2.292045784622499,1.4745151641364171,2.6705742192792994,1.8698658398340808,2.57696529583334,2.3745788427017662,2.4234614713731024,1.3303223745486439,0.01742121509573598,0.027532241231880535,0.022303023655812382,0.012885319088018921,0.026513129753184712,0.028057778259298182,0.015170934805419017,0.01568948198219825,0.015235624557209008,0.02461040725712248,0.013938580081005465,0.02090166965973483,0.019115743542959415,0.018749948836153916,0.013621440683195927,0.022121829387956246,0.022043801991949,0.026840234606949294,0.02865116936059435,0.02407740793027755,0.019642562415380482,0.025535175978231524,0.01989611601620859,0.019947812042242594,0.021729756882015106,0.028348399009844816,0.027620234619683753,0.024408887130262662,0.02684510495086985,0.02587451591249767
255,2.169777368793869,0.3197835303452473,0.020910788296286818,2.2982652410389375,1.9224062635633286,1.9448036200075696,2.198913503379313,1.982774045228045,2.499477110755507,2.53212287168752,1.7968463764526956,1.752694059356696,2.1493371761479314,2.1732415017470648,2.2030367903250014,1.7721935493000243,2.134880934638567,2.466772811053627,2.2119584051522314,2.4562839986988902,2.246933482087194,2.357256650738535,2.5333650916965493,2.335694207155861,2.33311587883906,2.292045784622499,1.4745151641364171,2.571633541250542,1.7662308799972455,2.57696529583334,2.3745788427017662,2.4046556116754627,1.3303223745486439,0.020837389233805542,0.02575826540806242,0.022929808458325047,0.018274200568967176,0.026822453662535634,0.020132649366304003,0.014779099404121563,0.016446512207110582,0.014988818444983183,0.017724105559552804,0.016336680862802738,0.02043367774803682,0.02486597687051227,0.022196546217108964,0.015685191974880316,0.024041298554838372,0.022244289432609893,0.027059126035860498,0.025445845707679094,0.019515138489754637,0.020353530786344602,0.02243654427801546,0.017624794652921116,0.018944643873838672,0.019259531100912372,0.024671516616028615,0.01996337616167182,0.023692618469614915,0.023045990663805957,0.020814028077599543
256,2.157641624823147,0.3111472972731943,0.02304839825719206,2.2982652410389375,1.9224062635633286,1.9448036200075696,2.198913503379313,1.982774045228045,2.406444955018053,2.5172987099754605,1.7968463764526956,1.752694059356696,2.1493371761479314,2.1732415017470648,2.2030367903250014,1.7721935493000243,2.134880934638567,2.466772811053627,2.2119584051522314,2.4562839986988902,2.246933482087194,2.357256650738535,2.4855146871539273,2.1746929373687434,2.33311587883906,2.292045784622499,1.4745151641364171,2.5242692139081133,1.7662308799972455,2.57696529583334,2.3745788427017662,2.4046556116754627,1.3303223745486439,0.016885056328239667,0.029553727300434974,0.018810974482394584,0.01558975834786469,0.02217967160329256,0.02683155527867858,0.02371314149693754,0.026504493822837552,0.016890680319796493,0.023242796177869396,0.01459817461582725,0.021878687137951918,0.029328519938064963,0.02356098126200948,0.01837797072071789,0.024028842666360448,0.02210219209965259,0.030321775546632512,0.028454104984501172,0.017465550987350094,0.01793567261212961,0.025521576123368053,0.02455514100224148,0.025764328271742083,0.026550552366463948,0.02596943104428468,0.023567444773907098,0.025023798970553682,0.027552896515212096,0.018692450918444594
257,2.147027108978361,0.31857000899421667,0.022131197113199018,2.2982652410389375,1.9224062635633286,1.925962513890973,2.198913503379313,1.982774045228045,2.406444955018053,2.5172987099754605,1.7968463764526956,1.5807697505210538,2.0867867957928294,2.1732415017470648,2.2030367903250014,1.7721935493000243,2.134880934638567,2.466772811053627,2.2119584051522314,2.4562839986988902,2.246933482087194,2.357256650738535,2.4855146871539273,2.1746929373687434,2.33311587883906,2.292045784622499,1.4745151641364171,2.5242692139081133,1.7662308799972455,2.5168404606413515,2.3745788427017662,2.4046556116754627,1.3253275297043996,0.016133810475745036,0.024882479630417922,0.028977586104598343,0.014727491693484786,0.020381406450637636,0.02496765460220856,0.02032325096897897,0.0238133753934456,0.02010378153864193,0.024864002942244966,0.019791344830745624,0.02267787347576592,0.02129157410376571,0.021144343492723483,0.02196010151592534,0.01954152973139869,0.024060130548122425,0.02574672409080332,0.031076632396378805,0.018438837411362295,0.0176700486623308,0.02491898019023156,0.018721325831085277,0.02141398323006604,0.024536819170999816,0.028023708481084028,0.025508763831015437,0.01450398661698141,0.025139285535631953,0.01859508044914889
258,2.1428830783970385,0.32023168645934214,0.022440289695690327,2.2982652410389375,1.9224062635633286,1.925962513890973,2.198913503379313,1.982774045228045,2.406444955018053,2.517119152783675,1.7968463764526956,1.5250697193284286,2.0867867957928294,2.1732415017470648,2.2030367903250014,1.7721935493000243,2.134880934638567,2.466772811053627,2.2119584051522314,2.4562839986988902,2.246933482087194,2.357256650738535,2.4855146871539273,2.1746929373687434,2.2935697141385423,2.292045784622499,1.4745151641364171,2.5242692139081133,1.7662308799972455,2.487945296286608,2.3745788427017662,2.4046556116754627,1.3253275297043996,0.018207781370311347,0.022754358301981595,0.027718992433300546,0.017971460560149956,0.024555871909985313,0.027638074230883086,0.01475144769963036,0.0215614177798615,0.017611103236894795,0.024981497025343427,0.03049003348902604,0.019824484602221307,0.02259908204760621,0.023282545739703103,0.017719894171832624,0.011053463174219161,0.026147053703072427,0.027878157930994796,0.0309024730989935,0.02402914472194822,0.020958908759052045,0.02855651454020471,0.020206121682168194,0.015247285899690767,0.027870733161238264,0.027974699312657406,0.02057089116003908,0.015760749986319794,0.022018257028622958,0.022366192112757234
259,2.140160871837834,0.3212354039455093,0.0219952216878863,2.2982652410389375,1.9224062635633286,1.925962513890973,2.198913503379313,1.9146108726099205,2.3929419308600512,2.517119152783675,1.7968463764526956,1.5250697193284286,2.0867867957928294,2.1732415017470648,2.2030367903250014,1.7721935493000243,2.134880934638567,2.466772811053627,2.2119584051522314,2.4562839986988902,2.246933482087194,2.357256650738535,2.4855146871539273,2.1746929373687434,2.2935697141385423,2.292045784622499,1.4745151641364171,2.5242692139081133,1.7662308799972455,2.487945296286608,2.3745788427017662,2.4046556116754627,1.3253275297043996,0.016312240143665852,0.01921048852811905,0.021556015904535018,0.018613709137270666,0.023367864531560013,0.024159558209717026,0.015620784672479363,0.018982719130189334,0.015765345851268823,0.02114404650671037,0.02424733448567026,0.02348636047759951,0.02307328789522614,0.028138928814727134,0.017927627379172115,0.017382152566579136,0.023879827807122563,0.021667383020341217,0.028295153022656696,0.021509942826070202,0.02354421840281401,0.026734691297569686,0.018958232222832834,0.01951352472270613,0.02861311270750316,0.028630752628570337,0.024120578144936625,0.022179657577672648,0.023541854826236188,0.019679257195066975
260,2.1397756509152037,0.3212024307288203,0.021510634855416395,2.2982652410389375,1.9224062635633286,1.925962513890973,2.198913503379313,1.9146108726099205,2.3929419308600512,2.517119152783675,1.7968463764526956,1.5250697193284286,2.0867867957928294,2.161684874068144,2.2030367903250014,1.7721935493000243,2.134880934638567,2.466772811053627,2.2119584051522314,2.4562839986988902,2.246933482087194,2.357256650738535,2.4855146871539273,2.1746929373687434,2.2935697141385423,2.292045784622499,1.4745151641364171,2.5242692139081133,1.7662308799972455,2.487945296286608,2.3745788427017662,2.4046556116754627,1.3253275297043996,0.019733065448195242,0.023156086261387872,0.02428336523742882,0.015252612989022547,0.025598571210483693,0.023028561529688837,0.014143075015616995,0.01763204183650007,0.009890116699990428,0.023213528782372046,0.02259571587559929,0.020590099809624743,0.02102483679939362,0.02721356765479503,0.022936149925944352,0.020511805556895184,0.024813121293249203,0.022403623957111648,0.030560022709762245,0.020039767309804564,0.022079272551872323,0.022525737979352402,0.01439861152674476,0.021315828975764926,0.023756490674561263,0.020900514964170707,0.026173990458231357,0.015954250964098075,0.026484258666518226,0.023110352998311462
261,2.1332043499567663,0.32007610965761085,0.0223885064585827,2.2982652410389375,1.9224062635633286,1.9211536863962775,2.1600054420540613,1.9146108726099205,2.3929419308600512,2.517119152783675,1.7960524989521471,1.5250697193284286,2.0867867957928294,2.161684874068144,2.2030367903250014,1.7721935493000243,2.134880934638567,2.466772811053627,2.2119584051522314,2.4562839986988902,2.220469007105742,2.357256650738535,2.4485461351100217,2.1746929373687434,2.234893008628785,2.292045784622499,1.4745151641364171,2.5242692139081133,1.7662308799972455,2.487945296286608,2.3636340978351496,2.4031139129566665,1.3072954433923027,0.019584027305712876,0.026636208305143124,0.020995734188015234,0.014805938076263982,0.02273174905789192,0.021714152611705246,0.020287166140324654,0.020063814802085286,0.022272397457097644,0.021656834030052797,0.027255517997849157,0.022769130312488672,0.021225160996646317,0.02807670027691961,0.023318987752780736,0.013018183051001414,0.02412951565485817,0.017486188618323892,0.0317297156475144,0.020269597814198424,0.02580171728058022,0.027695693655576042,0.01698802808646577,0.01989806044023533,0.029924055420909323,0.017195337283221784,0.03052791811521744,0.021020301224999365,0.021388706634356627,0.02118865551904538
262,2.123433597170369,0.3237811616654995,0.02275355241688574,2.2982652410389375,1.9224062635633286,1.7863909064496366,2.1600054420540613,1.9146108726099205,2.3929419308600512,2.517119152783675,1.7960524989521471,1.5250697193284286,2.0867867957928294,2.161684874068144,2.2030367903250014,1.7161346396629793,2.134880934638567,2.466772811053627,2.2119584051522314,2.4562839986988902,2.220469007105742,2.357256650738535,2.3933754042409565,2.1746929373687434,2.234893008628785,2.2449156214833264,1.4745151641364171,2.5242692139081133,1.7662308799972455,2.487945296286608,2.3636340978351496,2.4031139129566665,1.3072954433923027,0.019455656028353682,0.029685636070694126,0.020639374588982733,0.016840437426313748,0.0278701285309398,0.02834208395662008,0.016963090822612995,0.02396956932683643,0.01536144473648006,0.02014544942706207,0.030998485188928847,0.0194625745588372,0.015751243306708965,0.023538599151265945,0.020689713130748227,0.017387699464974475,0.021478596588653823,0.028543501954869085,0.03839003193499855,0.02210002343982847,0.020301894191847848,0.02106711650570995,0.01223758332077284,0.02215746644570637,0.025775096100158892,0.016300771240167645,0.029577726192012495,0.028245059116925965,0.023953058126565414,0.02537746163199535
263,2.116293265471641,0.31747431096697865,0.022902739827719835,2.2982652410389375,1.9224062635633286,1.7863909064496366,2.1600054420540613,1.9146108726099205,2.3929419308600512,2.517119152783675,1.7960524989521471,1.5250697193284286,2.06703235048898,2.161684874068144,2.2030367903250014,1.7161346396629793,2.134880934638567,2.466772811053627,2.2119584051522314,2.4562839986988902,2.220469007105742,2.3139663997347992,2.3933754042409565,2.1746929373687434,2.234893008628785,2.2449156214833264,1.4745151641364171,2.401706390686688,1.7662308799972455,2.459342864853767,2.3636340978351496,2.4031139129566665,1.3072954433923027,0.023094356029909818,0.025981842986268648,0.016151850651397667,0.01546693904926893,0.025486267807810506,0.02595672742181006,0.016980707788271963,0.027890106891197995,0.014641389143048477,0.023352209960394547,0.031141916072990994,0.019308095232097873,0.024121893064963762,0.027687402039090394,0.014961264456231565,0.01557497032312231,0.02669378279414176,0.025493948427740918,0.03450536141970436,0.02146239712272021,0.027986051776801472,0.018814594179852172,0.0197382326789075,0.020410292406660334,0.022971277427689604,0.018237735620120286,0.029484404613288037,0.028737301974290426,0.019590725348563987,0.025158150123238365
264,2.0948172325091985,0.3085156083932457,0.022164431362158253,2.2403751403517806,1.8378080267255759,1.7863909064496366,2.1600054420540613,1.9146108726099205,2.3929419308600512,2.3788270544992156,1.7960524989521471,1.5250697193284286,2.06703235048898,2.161684874068144,2.2030367903250014,1.7161346396629793,2.1071358528426676,2.466772811053627,2.2119584051522314,2.4562839986988902,2.220469007105742,2.3139663997347992,2.1738528524399148,2.1746929373687434,2.234893008628785,2.1396589874861545,1.4745151641364171,2.401706390686688,1.757389022684539,2.457208436696679,2.3636340978351496,2.4031139129566665,1.3072954433923027,0.024096958254056944,0.02531266224272609,0.017106445159790453,0.021490855267215947,0.019366433457695807,0.025461618748951503,0.013632793326281978,0.023113362029200203,0.014874708248206144,0.02604329940793312,0.023814632019859124,0.018883359088076403,0.01987757760737777,0.027370218759071724,0.01929471582521346,0.01574952199955583,0.030273248937993248,0.022102326042519504,0.032605442277138255,0.02454060994229918,0.023404220536702384,0.024492848260774278,0.0158586002809617,0.024311975466555974,0.02607519052572276,0.017680044115794664,0.027057503790041158,0.021894183962456702,0.019445828853922376,0.019701756430652865
265,2.089794867329723,0.3057334824197788,0.02191794030294486,2.2403751403517806,1.8023285663887028,1.7863909064496366,2.1600054420540613,1.9146108726099205,2.3929419308600512,2.3788270544992156,1.7960524989521471,1.5250697193284286,2.06703235048898,2.161684874068144,2.2030367903250014,1.7161346396629793,2.1071358528426676,2.466772811053627,2.2119584051522314,2.341092503651503,2.220469007105742,2.3139663997347992,2.1738528524399148,2.1746929373687434,2.234893008628785,2.1396589874861545,1.4745151641364171,2.401706390686688,1.757389022684539,2.457208436696679,2.3636340978351496,2.4031139129566665,1.3072954433923027,0.019159278877601552,0.022858372093632333,0.01778632562264574,0.018557603505200138,0.018812033332047125,0.024461789007953722,0.014538280903608022,0.020484065801698655,0.021927948661657315,0.021598880341323505,0.027056785558870915,0.02072363380947591,0.01449509087659469,0.030533057680416625,0.019248799506616038,0.015574527697514436,0.023354927766236024,0.02849731220791619,0.027232272715590998,0.01846044790314849,0.018238092862888293,0.03054351813249747,0.019043633190052787,0.021398294763575246,0.026864133415205826,0.018927225091214427,0.02636206650720524,0.024088188750273912,0.02669530107289356,0.02001632143279039
266,2.0857231012251014,0.3105113686569453,0.022126368546479983,2.2403751403517806,1.8023285663887028,1.7863909064496366,2.1600054420540613,1.9146108726099205,2.3929419308600512,2.3788270544992156,1.7960524989521471,1.5250697193284286,2.06703235048898,2.154863295262221,2.2030367903250014,1.6105998723265675,2.0973392158463615,2.466772811053627,2.2119584051522314,2.341092503651503,2.220469007105742,2.3139663997347992,2.1738528524399148,2.1746929373687434,2.234893008628785,2.1396589874861545,1.4745151641364171,2.401706390686688,1.757389022684539,2.457208436696679,2.3636340978351496,2.4031139129566665,1.3072954433923027,0.01912317150909419,0.019098621497106776,0.015203098433515513,0.01688845769302811,0.025411313819675402,0.027919235579771596,0.027505231966740058,0.016583083983250264,0.02299415561923853,0.02072977040699786,0.024374589687224148,0.02346099247117711,0.019621735376423997,0.030912969568304215,0.018567882653889308,0.011557627284486956,0.025522999126651458,0.025357034475966767,0.02671889264433097,0.02115682333184197,0.023067305889302066,0.022548254158343523,0.016351905332345814,0.01946996011329805,0.025497982687153673,0.015734892551006477,0.02753751412357279,0.024136661181049644,0.026086722860834577,0.024652170368777895
267,2.0712348242983807,0.3124987639987871,0.02250691889152071,2.2403751403517806,1.8023285663887028,1.7863909064496366,2.1600054420540613,1.9146108726099205,2.3929419308600512,2.3788270544992156,1.7960524989521471,1.5250697193284286,2.06703235048898,2.154863295262221,2.2030367903250014,1.4436306860952937,2.0973392158463615,2.466772811053627,2.2119584051522314,2.341092503651503,2.220469007105742,2.2475936878350002,2.1738528524399148,2.1746929373687434,2.234893008628785,2.1396589874861545,1.4745151641364171,2.401706390686688,1.757389022684539,2.3660511982020656,2.3636340978351496,2.2929647417807293,1.3072954433923027,0.023721533711368217,0.024755637393461927,0.020453369514871228,0.024934636426782668,0.024770465771037656,0.02725590603290276,0.026922541892338163,0.02191270333229807,0.023283650306773113,0.02328810019932672,0.02487770853796412,0.021398511631873014,0.018601402325476406,0.031816278977243616,0.020552294238237782,0.017180088145275486,0.02363283424072323,0.02717679146609655,0.027939110733691874,0.019560995082321345,0.02307624319203685,0.023676328432758353,0.015699811991162424,0.021429076156595117,0.02193551550500749,0.013588211992840469,0.021289470962034658,0.016371152135103303,0.01949327663878325,0.02461391977923532
268,2.0590492219259784,0.3132656694779845,0.022530915494389223,2.2335594732328734,1.7113102064904386,1.7863909064496366,2.0871969459712543,1.9146108726099205,2.3929419308600512,2.3788270544992156,1.7960524989521471,1.5250697193284286,2.06703235048898,2.154863295262221,2.2030367903250014,1.4436306860952937,2.0973392158463615,2.466772811053627,2.2119584051522314,2.341092503651503,2.1529058525307474,2.2475936878350002,2.0669958678807743,2.1746929373687434,2.234893008628785,2.11915357854819,1.4745151641364171,2.401706390686688,1.757389022684539,2.3660511982020656,2.3636340978351496,2.2929647417807293,1.3072954433923027,0.02206941045690783,0.0212857277938823,0.026702811911202336,0.013938252739514111,0.02920203024545065,0.02989233039358427,0.02355766241031228,0.02130008425249636,0.014275910389142915,0.022575882593573716,0.02067791433813443,0.016148043906469896,0.023078829984405753,0.03197681066557252,0.018826569968564168,0.017424274559931622,0.026709530743530833,0.020123906008482493,0.02472092093270264,0.017375976436671967,0.02119427322039345,0.03174090469327301,0.020398025326756733,0.021106923599743328,0.023329359462975603,0.017425711477232864,0.027562174045381096,0.023882152572345508,0.023092501742904357,0.02433255796013767
269,2.041624667047691,0.3163727518614744,0.022215745594360462,2.2335594732328734,1.7113102064904386,1.7863909064496366,2.0871969459712543,1.7893361957973863,2.3929419308600512,2.3788270544992156,1.7960524989521471,1.5250697193284286,2.06703235048898,2.1463508951491197,2.2030367903250014,1.4436306860952937,2.0973392158463615,2.3401631440701434,2.2119584051522314,2.341092503651503,2.1529058525307474,2.2475936878350002,2.0669958678807743,2.1746929373687434,2.234893008628785,2.11915357854819,1.4537123454690257,2.3408905682301158,1.757389022684539,2.3660511982020656,2.283015634631266,2.2929647417807293,1.2071926452806605,0.024428872094450462,0.02065173133816494,0.021364491323491247,0.02597283875615748,0.02029441625600515,0.02506366299844409,0.025645305161954617,0.017473877288440083,0.019610781148791216,0.02506564438597991,0.020435241001312564,0.01585044784703994,0.023327991686611226,0.0299093766707084,0.017807899359868422,0.023551778197873525,0.024146199591053717,0.02144182532998548,0.024872316720363573,0.016109040986540146,0.01922832578033103,0.031090659544506134,0.01160360096930188,0.023918812506240162,0.023145705858882898,0.01758040768284285,0.024180389252565368,0.02026582764753724,0.025754518146398897,0.026680382298971333
270,2.0392446053486633,0.31518908791624484,0.0224313966260612,2.215434824414189,1.7113102064904386,1.7863909064496366,2.07887677013164,1.7893361957973863,2.3929419308600512,2.3788270544992156,1.7960524989521471,1.5250697193284286,2.06703235048898,2.1463508951491197,2.2030367903250014,1.4436306860952937,2.0973392158463615,2.3401631440701434,2.2119584051522314,2.341092503651503,2.1529058525307474,2.2475936878350002,2.0653197241988903,2.1746929373687434,2.1916121259981343,2.11915357854819,1.4537123454690257,2.3408905682301158,1.757389022684539,2.3660511982020656,2.283015634631266,2.2929647417807293,1.2071926452806605,0.020699068117369705,0.022922114103913538,0.026091499559512434,0.022774288503412364,0.024151958955361937,0.022864068641734063,0.020081656507028624,0.019237948355205307,0.012768413247550901,0.027851920690567654,0.020319252566838617,0.018409685017841234,0.023948475809936604,0.024926608337308764,0.012577298375195254,0.023581223637654105,0.02984327485364762,0.023233727266049543,0.025795352223616376,0.029134601547245512,0.022889346732303327,0.029286575262148853,0.020292521672080167,0.01976815758594281,0.019851878065901933,0.020278810525647416,0.02320576035318047,0.017288053070676858,0.02601242240406579,0.022855936792898206
271,2.024239094309067,0.32105030356707726,0.022333206947521052,2.215434824414189,1.7113102064904386,1.7863909064496366,2.07887677013164,1.7893361957973863,2.3929419308600512,2.3788270544992156,1.7689543179711795,1.5250697193284286,2.06703235048898,2.1463508951491197,2.2030367903250014,1.4436306860952937,2.058046343456095,2.3401631440701434,2.2119584051522314,2.2210323373481384,2.1529058525307474,2.2475936878350002,2.0653197241988903,2.167014322748692,2.1916121259981343,2.11915357854819,1.2979581250480519,2.3408905682301158,1.757389022684539,2.3660511982020656,2.1827343581589997,2.2929647417807293,1.2071926452806605,0.020106674176976258,0.02379916279565092,0.022077883455445396,0.019720917063425908,0.01599592755286898,0.025490626932714724,0.0267576472749367,0.020494633997890484,0.022450249121422378,0.025792815030985263,0.01677760809887438,0.020168218940728868,0.02070188805066194,0.02718757341314982,0.018504578206469655,0.016576318660137382,0.02538141887200817,0.014057008729250461,0.024047227804026437,0.02677698560015125,0.02440272843870812,0.026040448750643933,0.025326031340229253,0.020914459628872846,0.02608730374255714,0.021817380339310924,0.02082080685539048,0.025966143784811633,0.02371871261569684,0.0220368291516351
272,2.010627638680674,0.34524912752285025,0.022892300612785712,2.215434824414189,1.7113102064904386,1.738875951437859,2.07887677013164,1.7893361957973863,2.3929419308600512,2.364602619191086,1.7689543179711795,1.5250697193284286,2.06703235048898,2.1463508951491197,2.143514850429796,1.4436306860952937,2.058046343456095,2.3401631440701434,2.2119584051522314,2.2210323373481384,2.1529058525307474,2.2475936878350002,2.0653197241988903,2.167014322748692,2.1916121259981343,2.11915357854819,1.2083722440334062,2.3408905682301158,1.752100658683926,2.3660511982020656,2.1827343581589997,2.2929647417807293,1.014984551659261,0.02291165809780695,0.021333488181309115,0.027208568799490098,0.02772957045466015,0.02551527105431249,0.029160490740506903,0.022655153186516477,0.021687628227673072,0.014681481708808983,0.025140828332921628,0.01757055693814769,0.022464565802506546,0.02164094275834536,0.030479778024631147,0.014457604310131364,0.01847207857366468,0.030354139431079806,0.02115455852818649,0.02541794963644917,0.021643097090789962,0.02006964542429597,0.027059314922865698,0.018906048986328576,0.024391725844845523,0.02073182716161633,0.02070294494985232,0.028257563217726524,0.024880019887357805,0.0214188760815495,0.01867164202919512
273,2.004140043626094,0.3417179280995519,0.022519442794194832,2.215434824414189,1.7113102064904386,1.738875951437859,2.07887677013164,1.7893361957973863,2.350575263103995,2.364602619191086,1.7689543179711795,1.5250697193284286,2.06703235048898,2.1463508951491197,2.143514850429796,1.4436306860952937,2.045259967781583,2.3401631440701434,2.2119584051522314,2.2210323373481384,2.1529058525307474,2.2475936878350002,2.0653197241988903,2.167014322748692,2.1916121259981343,2.0911348533137972,1.2083722440334062,2.3338402545610646,1.752100658683926,2.357227355649233,2.087152431408438,2.2929647417807293,1.014984551659261,0.019499894222033506,0.025021167816901613,0.029881127004451564,0.020444228337635612,0.0223272287275954,0.020045126859119064,0.02776251583542268,0.02399541482988103,0.017488485136736478,0.025067042641680783,0.02177255046292507,0.01875001883428908,0.0193737424766999,0.028246308926483,0.016247840639123563,0.017527684641665972,0.02774515808993727,0.019738019988588342,0.019993822093761823,0.019376413097023877,0.021858636278125336,0.026813519508348378,0.022995528443723535,0.02444392269144335,0.02078030815072799,0.018833181450075197,0.02321317879618804,0.02764408834659845,0.025979073465538967,0.022718056033120132
274,1.9985986820045645,0.34186540292351314,0.02229253894876201,2.215434824414189,1.7113102064904386,1.738875951437859,2.07887677013164,1.7239743815172557,2.350575263103995,2.364602619191086,1.7689543179711795,1.5250697193284286,2.06703235048898,2.1463508951491197,2.143514850429796,1.4436306860952937,2.0300201199369323,2.3401631440701434,2.159908349142047,2.2210323373481384,2.1252497624200264,2.2475936878350002,2.0653197241988903,2.167014322748692,2.1916121259981343,2.085201812913596,1.2083722440334062,2.3338402545610646,1.752100658683926,2.357227355649233,2.087152431408438,2.2929647417807293,1.014984551659261,0.02289529462965642,0.023334879034214204,0.019258203846000136,0.01815994257560172,0.01968362628705934,0.020206554988176004,0.02609122009782067,0.022425736088855834,0.019529584827157474,0.023928234822976215,0.019302515704944012,0.01782234846511134,0.018153277526783033,0.025865255061505575,0.023090948155438586,0.019583130254227605,0.02953508765034905,0.018098799658097603,0.022433891017445702,0.026897028039461444,0.02089842417712624,0.025863272661581616,0.022200091867467665,0.026973814602096986,0.02218622271451847,0.019114060329672732,0.02335407777142484,0.02432136348158147,0.020962927774886897,0.026606354351621557
275,1.977344925379853,0.3507363315098271,0.02318797252466798,2.215434824414189,1.7113102064904386,1.738875951437859,2.07887677013164,1.6654331935754212,2.350575263103995,2.364602619191086,1.7689543179711795,1.3632824324790929,2.06703235048898,2.118090344957761,2.0452141917855298,1.4436306860952937,1.8401449086670039,2.3401631440701434,2.159908349142047,2.2210323373481384,2.1252497624200264,2.2475936878350002,2.0653197241988903,2.167014322748692,2.1916121259981343,2.085201812913596,1.2083722440334062,2.273819797951415,1.7112733114489633,2.357227355649233,2.087152431408438,2.2929647417807293,1.014984551659261,0.022223377633487893,0.019878583546651934,0.02390927576932313,0.02270609811305808,0.026666813626634554,0.024546451108163805,0.02430348616641491,0.017238360346895333,0.0231934394511493,0.020842226621523772,0.018395991167842456,0.018200991390980328,0.01632786284346021,0.02501253791172304,0.022139076233684604,0.024471168405215054,0.02990766622003299,0.023682025998594237,0.024957563648991564,0.026111714808976016,0.023585993321253423,0.030610952123997316,0.02456444881892819,0.023339610264625443,0.02699580502413102,0.015024474853478683,0.022712228150552384,0.023854577211762002,0.02335950840633229,0.026876866552175492
276,1.9564534553011002,0.34303351452545955,0.023125503702130387,2.215434824414189,1.7113102064904386,1.738875951437859,2.07887677013164,1.6654331935754212,2.1895516600703044,2.364602619191086,1.7689543179711795,1.3632824324790929,2.0489426343351878,2.118090344957761,2.0452141917855298,1.3683003076050082,1.8401449086670039,2.3401631440701434,2.159908349142047,2.2210323373481384,1.978093403766835,2.2475936878350002,2.0653197241988903,2.167014322748692,2.0920256227483702,2.085201812913596,1.2083722440334062,2.273819797951415,1.7112733114489633,2.259270067015056,2.087152431408438,2.265364487633033,1.014984551659261,0.020826077824168353,0.020612078833451918,0.02754003894120994,0.02433009193590594,0.023671015322110592,0.0297271886955799,0.02718729524947586,0.022352860560666717,0.021317428733176588,0.020624523045303586,0.024140666167709282,0.022110947924449106,0.016840460122039522,0.020347424025706537,0.013261142219188053,0.02473625673661333,0.03134015612814813,0.02570280684545269,0.02460644485773518,0.020816173989019887,0.0262925641179513,0.021928461763032904,0.025891877300185034,0.029392949899128207,0.02940589554883761,0.015976121851337042,0.022948539740609862,0.019658593847498837,0.022133055137384346,0.018045973700835327
277,1.9500844391189203,0.3391514791596946,0.02227186315697403,2.1401687288204454,1.7113102064904386,1.738875951437859,2.07887677013164,1.6654331935754212,2.1895516600703044,2.364602619191086,1.7689543179711795,1.3632824324790929,2.0489426343351878,2.075569705496417,2.0452141917855298,1.3683003076050082,1.8401449086670039,2.3401631440701434,2.159908349142047,2.2210323373481384,1.978093403766835,2.2475936878350002,2.0653197241988903,2.167014322748692,2.0920256227483702,2.0567792380994665,1.2083722440334062,2.2289586223552402,1.7112733114489633,2.259270067015056,2.087152431408438,2.265364487633033,1.014984551659261,0.022189619235381482,0.021274676583099943,0.03490779572013053,0.024180377602239508,0.018875611707169164,0.019889318181651405,0.025754463197667776,0.028090234785474094,0.01548244484624809,0.022483334203699218,0.018502604206083025,0.016131888989616143,0.022656968623561716,0.023891272493048687,0.013285530210517994,0.03198368370647029,0.02717343920463532,0.013605143662250317,0.02107671629242802,0.022119261847504647,0.018007552419368005,0.02492961586869208,0.024177664138922687,0.02445766321882851,0.02702485038674411,0.01917041907602306,0.022452419604405995,0.02524512975644915,0.02132521852654405,0.01781097641436613
278,1.933740299808682,0.34112075438606243,0.02243622248180512,2.1401687288204454,1.6901021053666239,1.5921366564989339,2.07887677013164,1.6130436449038972,2.1895516600703044,2.364602619191086,1.7689543179711795,1.3632824324790929,2.025238801417889,2.075569705496417,1.9750158010892496,1.3683003076050082,1.8401449086670039,2.3401631440701434,2.0401262490480545,2.2210323373481384,1.978093403766835,2.2475936878350002,2.0653197241988903,2.14787868081206,2.0920256227483702,2.0567792380994665,1.2083722440334062,2.2289586223552402,1.7112733114489633,2.259270067015056,2.087152431408438,2.228197218704342,1.014984551659261,0.023243758890677757,0.018837533165324577,0.021957022694731095,0.027575854362520982,0.019148756836733886,0.02685474962743023,0.021103112582929566,0.025155157461760957,0.018450775360698776,0.018146690874938528,0.02161117473449631,0.014222434758992335,0.021405247215535324,0.027361780359617078,0.013793507768935944,0.029280418639763564,0.027872382162386078,0.016281133662988,0.02535212335025805,0.021635966654052076,0.018968968470789556,0.026190077903888945,0.023440371213388544,0.028770507811986475,0.02148653494530011,0.0160911191342544,0.03117835212596825,0.016469638284944785,0.02175070297953742,0.029450820419324272
279,1.921367816311745,0.3401277027611876,0.022930758599056248,2.0484576719795844,1.6901021053666239,1.5921366564989339,2.07887677013164,1.6130436449038972,2.1895516600703044,2.364602619191086,1.7689543179711795,1.3632824324790929,2.025238801417889,2.075569705496417,1.9750158010892496,1.3683003076050082,1.8401449086670039,2.3401631440701434,2.035675463361262,2.1566942986321114,1.9707706700747782,2.2475936878350002,2.0653197241988903,2.0755734335282985,2.0904175756571353,2.0567792380994665,1.2083722440334062,2.2289586223552402,1.581834715851596,2.259270067015056,2.087152431408438,2.228197218704342,1.014984551659261,0.01829051013295599,0.015084814833388268,0.025683340852427496,0.02779975520984096,0.023710494253393333,0.023214456563793583,0.026456634492544165,0.0244606235756126,0.021161163628378186,0.02408991431353586,0.02913996781312989,0.018648002092229762,0.022055686607392124,0.024518204886996173,0.010857285483924528,0.01832589360918909,0.027285031105578846,0.023515225662497877,0.022763070187600026,0.020363622882841957,0.018543329884872558,0.018813795359918388,0.02414201940167899,0.028853143304544637,0.024102417185149345,0.022350215166665077,0.02620668016547463,0.026229706125203825,0.029018429604047217,0.022239323586882187
280,1.9097821791676493,0.33994678670361267,0.02295825210331592,2.0484576719795844,1.6901021053666239,1.5921366564989339,2.07887677013164,1.6130436449038972,2.1895516600703044,2.364602619191086,1.7689543179711795,1.3632824324790929,2.025238801417889,2.075569705496417,1.9750158010892496,1.3683003076050082,1.6463438501846075,2.3401631440701434,2.035675463361262,2.1566942986321114,1.9707706700747782,2.2475936878350002,2.0653197241988903,2.0755734335282985,2.0904175756571353,2.0567792380994665,1.2083722440334062,2.115207547106167,1.581834715851596,2.259270067015056,2.0471354508170454,2.228197218704342,1.014984551659261,0.018664869000800242,0.020618134885063397,0.02440768259909209,0.021211848465494447,0.023688116704962285,0.026508614475395445,0.02437834434698614,0.02361147734805895,0.024925022730795096,0.021415299249698462,0.02291845613559672,0.01876445608689323,0.03292052595997874,0.016417460273521985,0.017012952615432057,0.014213911231759918,0.024856899690329087,0.029939518446034846,0.02083235939476659,0.019729445871931584,0.017320679251190838,0.020780763685735858,0.02418128044106263,0.023807738703941622,0.029045231017982592,0.02505516701605042,0.02941817248618528,0.028202408481999633,0.023960553789518616,0.0199401727132188
281,1.902338560699961,0.33243037577119816,0.023268552138908126,2.0484576719795844,1.6901021053666239,1.5921366564989339,2.07887677013164,1.6130436449038972,2.1895516600703044,2.1903994649981624,1.7689543179711795,1.3632824324790929,2.025238801417889,2.075569705496417,1.9750158010892496,1.3683003076050082,1.6463438501846075,2.3401631440701434,2.035675463361262,2.1075888987943903,1.9707706700747782,2.2475936878350002,2.0653197241988903,2.0755734335282985,2.0904175756571353,2.0567792380994665,1.2083722440334062,2.115207547106167,1.581834715851596,2.259270067015056,2.0471354508170454,2.228197218704342,1.014984551659261,0.021566563259391082,0.025223744382492377,0.024587861623942376,0.025432637119634185,0.026254148415276603,0.02377474874924072,0.024692868986422666,0.021633964928607394,0.023987701314072313,0.019409147862975765,0.01903617404551299,0.022313369944414338,0.02486309592772256,0.020411064137245225,0.017865199379406567,0.020859087336513493,0.030971162658568044,0.024539920406456736,0.020626906395752435,0.02702777161924016,0.024837327352413865,0.026678161324109023,0.016337615116822215,0.015510182813161298,0.02714835125679903,0.024137820742683686,0.032442860899150675,0.023761907497470057,0.0244265605896056,0.01769863808214038
282,1.9005798388310362,0.33208926911364844,0.023245621522315716,2.0484576719795844,1.6901021053666239,1.5921366564989339,2.07887677013164,1.6130436449038972,2.1895516600703044,2.1903994649981624,1.7689543179711795,1.3632824324790929,2.025238801417889,2.075569705496417,1.9750158010892496,1.3683003076050082,1.6463438501846075,2.3401631440701434,2.010499672398517,2.1075888987943903,1.9707706700747782,2.2475936878350002,2.0459256874753007,2.0755734335282985,2.0904175756571353,2.0567792380994665,1.2083722440334062,2.115207547106167,1.5736428874701827,2.259270067015056,2.0471354508170454,2.228197218704342,1.014984551659261,0.02547515992446611,0.02787689368212413,0.025746407884532238,0.019981266114824293,0.02680381803910769,0.023097461915338263,0.028213439244991225,0.018269097179448673,0.0230657885106982,0.023887279712030498,0.02284718145192057,0.0188282597057111,0.0343735960434407,0.02151827590785709,0.01633459975691808,0.015355012667094393,0.029336867831843756,0.029506424604340047,0.022769696625575646,0.027300644074909626,0.02303712232574125,0.019758780837610793,0.01774704750357052,0.02499705885567205,0.02643126200313205,0.01963639608119397,0.024020956802307095,0.024296666409217918,0.0228416575889593,0.014014526384894232
283,1.885718096200686,0.3256909281663052,0.023495513322137365,2.0484576719795844,1.6901021053666239,1.5921366564989339,2.07887677013164,1.6130436449038972,2.1895516600703044,2.1903994649981624,1.7689543179711795,1.3632824324790929,2.025238801417889,2.013091348124004,1.9750158010892496,1.3369357670233204,1.6463438501846075,2.3401631440701434,2.010499672398517,2.1075888987943903,1.9707706700747782,2.2475936878350002,2.0459256874753007,1.9605437060393567,2.082726472546725,2.0567792380994665,1.2083722440334062,2.115207547106167,1.5736428874701827,2.0928891074920846,1.984227859982966,2.228197218704342,1.014984551659261,0.027354403333368457,0.028373985457700843,0.026120096962189622,0.023085591152823732,0.026343140321638783,0.031239649858290863,0.0306014335338079,0.01712201780221711,0.02301191964359759,0.021215607638658488,0.014212279536230232,0.021125670714443094,0.03303698446865736,0.02204435798250662,0.014218368667245159,0.023259677644828072,0.018942061209787166,0.030863617331740874,0.025107556176308225,0.02246658393256755,0.02341149945870865,0.021941055196655904,0.021557908188664144,0.021325903050949474,0.026757855523879874,0.01901186576285438,0.03178288838331769,0.018069362829826834,0.023033720813464872,0.0182283370871914
284,1.88449247088418,0.32457435737426904,0.023364313545541197,2.0484576719795844,1.6901021053666239,1.5921366564989339,2.07887677013164,1.6130436449038972,2.154794369956097,2.1903994649981624,1.7689543179711795,1.3632824324790929,2.025238801417889,2.013091348124004,1.9750158010892496,1.3369357670233204,1.6463438501846075,2.338151674689169,2.010499672398517,2.1075888987943903,1.9707706700747782,2.2475936878350002,2.0459256874753007,1.9605437060393567,2.082726472546725,2.0567792380994665,1.2083722440334062,2.115207547106167,1.5736428874701827,2.0928891074920846,1.984227859982966,2.228197218704342,1.014984551659261,0.02501452773189175,0.02291262221299446,0.028334130150554006,0.024382331042303786,0.018640119857018203,0.02824501885114808,0.03126715325066512,0.019359597625788205,0.022812468350252267,0.01998632875468382,0.015695526977766695,0.02060977671970263,0.026498971668291606,0.023872464347466503,0.0189441156589607,0.025604980028907466,0.022526628900725154,0.028675305753066135,0.021872504967867298,0.024024592608194527,0.027699011165934775,0.019714473095107543,0.020827162736883707,0.02607087762854072,0.026523881982350495,0.013501289148636172,0.02794251047195299,0.024659110153132324,0.021568326306114438,0.02314359821933442
285,1.8797758517448524,0.32026308178310464,0.023282260363604878,2.0484576719795844,1.6901021053666239,1.5921366564989339,2.07887677013164,1.6130436449038972,2.154794369956097,2.1903994649981624,1.7689543179711795,1.3632824324790929,2.025238801417889,2.013091348124004,1.9750158010892496,1.3369357670233204,1.6463438501846075,2.338151674689169,2.010499672398517,2.1075888987943903,1.9707706700747782,2.106095113655169,2.0459256874753007,1.9605437060393567,2.082726472546725,2.0567792380994665,1.2083722440334062,2.115207547106167,1.5736428874701827,2.0928891074920846,1.984227859982966,2.228197218704342,1.014984551659261,0.021947762059698374,0.026361215422639153,0.019963651454806153,0.02065518401934302,0.023734683453641395,0.029668106973121697,0.034871605681633396,0.022125094271966454,0.018684498947717253,0.027808544548263845,0.017321157062852015,0.023502723549892766,0.024967240089812288,0.021927345515811728,0.01712316521497071,0.020567136767685644,0.026334149094115696,0.02709015201754084,0.024371490849719218,0.027772156427331073,0.018965837019240813,0.01755866884712253,0.02570216732460509,0.023328948503553597,0.026680081144410436,0.018064439829741014,0.022782829221333678,0.025254316014825556,0.021049897198519848,0.022283562382231226
286,1.8633699976926386,0.3174769018258854,0.0232801173959824,2.0484576719795844,1.6901021053666239,1.5921366564989339,2.07887677013164,1.6130436449038972,1.9751316877743617,2.1903994649981624,1.7689543179711795,1.3632824324790929,2.025238801417889,2.013091348124004,1.9750158010892496,1.2910775083291637,1.6455774403915382,2.3031367042668696,1.9875892144788492,2.1075888987943903,1.762807827519286,2.106095113655169,2.0459256874753007,1.9605437060393567,2.082726472546725,2.0567792380994665,1.2083722440334062,2.115207547106167,1.5736428874701827,2.0928891074920846,1.984227859982966,2.228197218704342,1.014984551659261,0.02595348292944892,0.02521759958288374,0.020936901563720765,0.023589793931495108,0.024821050431929705,0.029921172468295135,0.02626901785989505,0.014992198636687687,0.021754505913719392,0.02750071316952376,0.022559274165815435,0.019134594679902812,0.020011210190565214,0.02079539265093204,0.012511817672389165,0.018355399622147658,0.022553877752537154,0.026369932915051467,0.025252685720450023,0.028681669271136172,0.02359072075180267,0.026357637913493992,0.021977507277495693,0.026563980823463087,0.02434739087856656,0.014432711213642764,0.02185859789699006,0.02911241234953725,0.026065099394407418,0.026915172251546007
287,1.8521750746754795,0.32540518116918665,0.022061047397365977,2.0248680734587094,1.6901021053666239,1.5921366564989339,2.07887677013164,1.6130436449038972,1.9751316877743617,2.1903994649981624,1.7689543179711795,1.191864780027999,2.025238801417889,2.013091348124004,1.9750158010892496,1.2910775083291637,1.6455774403915382,2.3031367042668696,1.9764918444035584,2.1075888987943903,1.762807827519286,2.106095113655169,2.0459256874753007,1.9605437060393567,2.082726472546725,1.927036168631958,1.2083722440334062,2.115207547106167,1.5736428874701827,2.0928891074920846,1.984227859982966,2.228197218704342,1.014984551659261,0.02650550238493235,0.024513098973782326,0.018359425671300358,0.02304413853730144,0.020920371436992158,0.02731196913279961,0.026780744892359796,0.017545883616881492,0.020765515629364843,0.024359204068860486,0.025693775717775764,0.013633584305545295,0.01943913869918771,0.01938195410289626,0.014840112993495518,0.01249583626799266,0.027861403490565432,0.027261588615845364,0.02527513573273871,0.021563478430222913,0.023803489209155405,0.021532584347714254,0.015158197282196114,0.02530103955114355,0.02624977302640658,0.02313376376625302,0.02323197012967085,0.021798491928506865,0.021169935060871288,0.022900314918220678
288,1.8321927050961897,0.31746416904010466,0.022188198536035104,2.0248680734587094,1.6901021053666239,1.5921366564989339,2.07887677013164,1.6130436449038972,1.9751316877743617,1.921483472500093,1.7689543179711795,1.191864780027999,1.9781926463111046,1.8055841348761992,1.9750158010892496,1.2910775083291637,1.6110671113568817,2.3031367042668696,1.9764918444035584,2.1075888987943903,1.762807827519286,2.106095113655169,2.0459256874753007,1.9605437060393567,2.082726472546725,1.927036168631958,1.2083722440334062,2.115207547106167,1.5736428874701827,2.0928891074920846,1.9427364624915886,2.228197218704342,1.014984551659261,0.02360495995617791,0.02047831472618363,0.026904580306389626,0.020125377148847334,0.01833716320928618,0.02745761962904905,0.02601390092282672,0.02360714329496328,0.02170096705270213,0.019784776452023235,0.023648937967944796,0.013377817854261474,0.023344196124618223,0.020061314111672224,0.01745970738011248,0.011307549239156304,0.026507568211690254,0.028914572920766667,0.025474475283791854,0.026018006991003914,0.02176557355394708,0.02282829194032753,0.023352687520324676,0.024239153246333384,0.024597276024038488,0.017277208530522736,0.018137421884747387,0.02799995938779987,0.023048040496540835,0.018271394713003757
289,1.82751836330672,0.3193970156139228,0.022974442315852203,2.0248680734587094,1.6901021053666239,1.495671589175409,2.07887677013164,1.6130436449038972,1.9751316877743617,1.921483472500093,1.7689543179711795,1.191864780027999,1.9742793764055127,1.8055841348761992,1.9750158010892496,1.2910775083291637,1.6110671113568817,2.3031367042668696,1.9764918444035584,2.081576424300643,1.762807827519286,2.106095113655169,2.0459256874753007,1.9521942077692427,2.082726472546725,1.927036168631958,1.2083722440334062,2.115207547106167,1.5736428874701827,2.0928891074920846,1.9372465188004786,2.228197218704342,1.014984551659261,0.022560550075869667,0.023037395127139815,0.031530820158395444,0.017474472307322686,0.02038099901603719,0.0283633096829043,0.024929101231132976,0.01991104011221047,0.01962697233718492,0.01886894146719975,0.02532665004447022,0.021769380279851848,0.021559784767314218,0.022869175708086456,0.020500937693137558,0.019614983445140493,0.02696518213506114,0.028848178393980788,0.022601425158605772,0.02173228931114131,0.015845037998459974,0.01968285832073724,0.02603065971107749,0.02058613009199936,0.032923132436243056,0.024584287089757198,0.020758693200288336,0.024778899363221404,0.026369284084115298,0.01920269872747958
290,1.8213405942888068,0.3173440318998148,0.02263430794482738,2.0248680734587094,1.6901021053666239,1.495671589175409,2.07887677013164,1.6130436449038972,1.9751316877743617,1.921483472500093,1.7689543179711795,1.191864780027999,1.9742793764055127,1.8055841348761992,1.9750158010892496,1.2910775083291637,1.6110671113568817,2.3031367042668696,1.9764918444035584,2.081576424300643,1.762807827519286,2.1027672360864256,2.0459256874753007,1.9521942077692427,1.9334396796994615,1.927036168631958,1.2083722440334062,2.115207547106167,1.5409244873487968,2.0928891074920846,1.9372465188004786,2.228197218704342,1.014984551659261,0.02117666798741151,0.02124366460483284,0.025394282240892872,0.013943853534715023,0.019557759276933196,0.029130962723743874,0.02280162635404334,0.023074733570204783,0.025583947817934362,0.024881915145336865,0.02056186614004716,0.020589798240145334,0.02668292286154388,0.024584512401512246,0.015834179130805915,0.017358444486863127,0.030178479272286778,0.02532130342363889,0.01643655009288209,0.026989220856862513,0.02178375918445033,0.02021453755470087,0.02023564021936874,0.022794118420121252,0.02961383820413863,0.016539296329853653,0.02771272469136928,0.024006506924688455,0.021556989053213946,0.023245137600279617
291,1.8161254245873557,0.3160586842235536,0.021871835961160616,2.0248680734587094,1.6901021053666239,1.495671589175409,2.07887677013164,1.6130436449038972,1.9751316877743617,1.921483472500093,1.7689543179711795,1.191864780027999,1.9742793764055127,1.8055841348761992,1.818560710045713,1.2910775083291637,1.6110671113568817,2.3031367042668696,1.9764918444035584,2.081576424300643,1.762807827519286,2.1027672360864256,2.0459256874753007,1.9521942077692427,1.9334396796994615,1.927036168631958,1.2083722440334062,2.115207547106167,1.5409244873487968,2.0928891074920846,1.9372465188004786,2.228197218704342,1.014984551659261,0.01848992356492364,0.017093271429763544,0.03127899888826461,0.016702331317503448,0.015179617445311107,0.031299166561779126,0.02119274292281532,0.023728841274226253,0.018133798947029437,0.016621813639355887,0.02576042155918222,0.024159204525187203,0.02095473460375726,0.02302600688998297,0.017209452071288333,0.018497533211452588,0.02263599864393507,0.02963070538795291,0.02018968825110127,0.024127427929647317,0.013300210813970374,0.02804137142485777,0.02370034637106627,0.023391145680970678,0.01936740993611088,0.026706947857570815,0.023816577397135833,0.02331303105943378,0.020887626739718952,0.017718732489523572
292,1.8119901006154333,0.31613253007815306,0.021848418448232827,2.0248680734587094,1.6901021053666239,1.4752892381074152,2.075224365026657,1.6130436449038972,1.9751316877743617,1.921483472500093,1.7689543179711795,1.191864780027999,1.9742793764055127,1.8055841348761992,1.818560710045713,1.2910775083291637,1.6110671113568817,2.3031367042668696,1.9764918444035584,2.0415369290177137,1.702822359817525,2.1027672360864256,2.0459256874753007,1.9521942077692427,1.9334396796994615,1.927036168631958,1.2083722440334062,2.115207547106167,1.5409244873487968,2.0928891074920846,1.9372465188004786,2.228197218704342,1.014984551659261,0.02127675857073476,0.010242376170843363,0.027356797008797465,0.020079532030407535,0.017776537256387795,0.026636493513442754,0.02794845937522545,0.02593294020507728,0.025146511877190178,0.013433838230321918,0.018436789335133374,0.030591352273397973,0.026148268620835264,0.017757280219278106,0.016770094648815598,0.007496820239795789,0.016633133610450705,0.03547970603752889,0.020593193589522198,0.018886491565469246,0.018442471290235504,0.01651883481991442,0.02510839966047523,0.02532617423673048,0.028049437712410055,0.021240459162503344,0.026819390709220778,0.022290706413095888,0.027263514776441327,0.01976979028730209
293,1.8027352129421428,0.32106455554092,0.022417988640613073,2.0248680734587094,1.6901021053666239,1.3466729743899646,2.075224365026657,1.5723478195133613,1.969978178875515,1.921483472500093,1.7689543179711795,1.191864780027999,1.9742793764055127,1.8055841348761992,1.818560710045713,1.2910775083291637,1.6110671113568817,2.3031367042668696,1.9764918444035584,1.9791506903817369,1.702822359817525,2.1027672360864256,2.0459256874753007,1.9521942077692427,1.9334396796994615,1.927036168631958,1.2083722440334062,2.115207547106167,1.5188819425494278,2.0741368587355393,1.9372465188004786,2.228197218704342,1.014984551659261,0.022741956526177085,0.021448192479435274,0.027513220934857852,0.01661275344607677,0.014028287049032705,0.02557196545881223,0.031085688057614164,0.020509027085230763,0.023016971261826086,0.01821583764001213,0.02486760550833227,0.02395090376847696,0.02635716709635936,0.023708887701955866,0.02073396440363892,0.012143122478177032,0.020925056162927134,0.03121202835063579,0.022328477767149548,0.018019739312711218,0.019626340291710613,0.015569933738396113,0.02036692582001867,0.024082191999430777,0.025164372394319748,0.020098305048954185,0.029686625877735025,0.021846533210669306,0.028435408190571238,0.02267217015714724
294,1.8026957061925066,0.32108996714580407,0.021988895577388798,2.0248680734587094,1.689858102845467,1.3466729743899646,2.075224365026657,1.5714066195454355,1.969978178875515,1.921483472500093,1.7689543179711795,1.191864780027999,1.9742793764055127,1.8055841348761992,1.818560710045713,1.2910775083291637,1.6110671113568817,2.3031367042668696,1.9764918444035584,1.9791506903817369,1.702822359817525,2.1027672360864256,2.0459256874753007,1.9521942077692427,1.9334396796994615,1.927036168631958,1.2083722440334062,2.115207547106167,1.5188819425494278,2.0741368587355393,1.9372465188004786,2.228197218704342,1.014984551659261,0.023293923314314305,0.025730408176157613,0.02681186264891706,0.01771332840380857,0.02406586027484636,0.028234867441429373,0.024030880346986253,0.02478235005123513,0.022090486944958306,0.01857407705177117,0.013221426255076645,0.021945780879154934,0.024717021791751434,0.022085912945876307,0.015927181515219144,0.017992836571808828,0.017792066623323357,0.029684769658657753,0.01959172716466492,0.02167410549716171,0.013151137968274024,0.021237252089390177,0.016360788699063954,0.02712678846004183,0.02628615507731088,0.020006053995711294,0.023025638523078686,0.023544929693471772,0.023919581881670433,0.02504766737653162
295,1.794041269048667,0.3168995849728559,0.022722819182073417,1.9922500448091331,1.689858102845467,1.3466729743899646,2.075224365026657,1.5714066195454355,1.969978178875515,1.9178317789153145,1.7689543179711795,1.191864780027999,1.9742793764055127,1.8055841348761992,1.818560710045713,1.2910775083291637,1.6110671113568817,2.3031367042668696,1.9764918444035584,1.8698184874756945,1.702822359817525,2.1027672360864256,2.0459256874753007,1.9521942077692427,1.9334396796994615,1.927036168631958,1.2083722440334062,2.115207547106167,1.5058265278470064,1.9731610842631757,1.9372465188004786,2.228197218704342,1.014984551659261,0.019792306687684523,0.022126966918569836,0.022469624008105753,0.02220437541261517,0.02709763770827705,0.02272146881287613,0.024774475519107886,0.027093460989975574,0.02808840032168913,0.016786236453106416,0.01799125050528916,0.018394284646416473,0.021331404530350387,0.023563375210262513,0.015148539110998688,0.02151819229203163,0.024359589264971684,0.032244848365475025,0.019611561301050198,0.02232287870280146,0.012792814418345027,0.023635331069171695,0.019839653411996797,0.03231809732891654,0.022211649621421775,0.018874735308441686,0.021536316452922928,0.024211433472663836,0.030323882783058746,0.02629978483360884
296,1.7914176402339606,0.31520420824772716,0.02253992999023263,1.954221981877755,1.6763100056338982,1.3466729743899646,2.075224365026657,1.5714066195454355,1.969978178875515,1.9178317789153145,1.7689543179711795,1.191864780027999,1.9742793764055127,1.8055841348761992,1.818560710045713,1.2910775083291637,1.6110671113568817,2.3031367042668696,1.9764918444035584,1.8698184874756945,1.702822359817525,2.1027672360864256,2.0459256874753007,1.9521942077692427,1.9334396796994615,1.927036168631958,1.2083722440334062,2.115207547106167,1.5058265278470064,1.9731610842631757,1.934428654764798,2.2038823784417727,1.014984551659261,0.01637299263615631,0.018562314352703484,0.01381745084231468,0.022030686221348468,0.01918072692030251,0.027771488784033415,0.01635174924988439,0.023396582896304082,0.028380019845876337,0.020013201028857577,0.015919319359896975,0.02618952200636091,0.02346417857756461,0.01731406003307062,0.014291430423639855,0.021150388928965633,0.02759007448566741,0.028833703195886483,0.029196072017303107,0.027298134101564824,0.01745454122644653,0.03124511604483307,0.024559752556902528,0.027479916838435706,0.022679116402083678,0.01779265853898028,0.027553480348297323,0.021349922981284783,0.02277568354213276,0.026183615319880397
297,1.786411255115696,0.31075632193941133,0.023211217989421534,1.954221981877755,1.6551670113583765,1.3466729743899646,2.075224365026657,1.5714066195454355,1.969978178875515,1.9178317789153145,1.7689543179711795,1.191864780027999,1.9742793764055127,1.771629013221379,1.818560710045713,1.2910775083291637,1.6110671113568817,2.208043266649281,1.9764918444035584,1.8698184874756945,1.702822359817525,2.1027672360864256,2.0459256874753007,1.9521942077692427,1.9334396796994615,1.927036168631958,1.2083722440334062,2.115207547106167,1.5058265278470064,1.9731610842631757,1.934428654764798,2.2038823784417727,1.014984551659261,0.02034417498814072,0.02052267311933569,0.021885348878807012,0.02229486232227599,0.02977015390171541,0.02764100402842616,0.025119864159226152,0.026200188472810578,0.0216073756518988,0.024037242083071477,0.013566701587561202,0.025713226974653395,0.022565095591401036,0.020148164463265762,0.015768208810944425,0.01717813501811326,0.0264542450892121,0.024251885225700487,0.024907313471040908,0.022940382582851252,0.023936964038773066,0.02572136873177861,0.023794983482877043,0.025457193952536865,0.03659016405893654,0.012891549607012397,0.019529098753278046,0.018506688404954882,0.02521555630982046,0.03177672592222619
298,1.7707744527649387,0.3071751195055098,0.022846693395064087,1.954221981877755,1.6551670113583765,1.3466729743899646,2.039463825072169,1.5714066195454355,1.933127884372674,1.9178317789153145,1.7689543179711795,1.191864780027999,1.9742793764055127,1.771629013221379,1.7791014666816989,1.2910775083291637,1.6110671113568817,2.208043266649281,1.9764918444035584,1.8698184874756945,1.702822359817525,1.881052043587467,2.0459256874753007,1.9521942077692427,1.9334396796994615,1.8426709708273674,1.2083722440334062,2.115207547106167,1.5058265278470064,1.9731610842631757,1.934428654764798,2.2038823784417727,0.9640309492614176,0.02281548523102098,0.020817688458957696,0.027037683235547484,0.02258445581859851,0.018081681322278626,0.02767078490323461,0.022882258715496043,0.018333503771744166,0.020404283604195828,0.018974875978430575,0.02192635254325425,0.02564050371687841,0.0231035066081962,0.023568641181504757,0.019137263528202938,0.015712501879346575,0.0244784236743909,0.020528617459163748,0.025197490964822055,0.021374590334156774,0.020702752936519672,0.028563106647911757,0.02145011032869512,0.019614798031959084,0.02512804542321735,0.01686292973699143,0.022492573343504255,0.026725999382259124,0.03311577943914201,0.030474113652301606
299,1.760691503216123,0.3045237093557121,0.022176141851062467,1.765571969804697,1.6551670113583765,1.3466729743899646,2.039463825072169,1.5714066195454355,1.933127884372674,1.836501081937659,1.7689543179711795,1.191864780027999,1.9742793764055127,1.771629013221379,1.7791014666816989,1.2910775083291637,1.6110671113568817,2.208043266649281,1.9764918444035584,1.8698184874756945,1.670560549371587,1.881052043587467,2.0459256874753007,1.9521942077692427,1.9334396796994615,1.8426709708273674,1.2083722440334062,2.115207547106167,1.5058265278470064,1.9729151172953583,1.934428654764798,2.2038823784417727,0.9640309492614176,0.015272429955496712,0.017991974326862902,0.02192431772769874,0.02013854697596902,0.021385864600069963,0.020563633065215994,0.025922200376424828,0.0225213493553495,0.01907013036285756,0.02116232762625549,0.016954986049044853,0.023842726550675042,0.026009057093331813,0.029223807905193213,0.016434163628364366,0.023043041546581048,0.023279806024434635,0.02489381253588496,0.022232248111678926,0.021913613164969113,0.019505611904921047,0.02200345452910838,0.027520411009030157,0.021015767270391606,0.02328382271394276,0.022294837245242876,0.02003845714188382,0.02221711072891818,0.022973748209856513,0.030650997796219902
300,1.7530065606579726,0.2990876193005823,0.022051244484227902,1.765571969804697,1.6551670113583765,1.3466729743899646,1.9034315045957233,1.5714066195454355,1.933127884372674,1.836501081937659,1.7689543179711795,1.191864780027999,1.9742793764055127,1.771629013221379,1.7791014666816989,1.2910775083291637,1.6110671113568817,2.208043266649281,1.8992668162085633,1.8698184874756945,1.670560549371587,1.881052043587467,2.0459256874753007,1.9521942077692427,1.9334396796994615,1.8426709708273674,1.2083722440334062,2.0979166190330933,1.5058265278470064,1.9729151172953583,1.934428654764798,2.2038823784417727,0.9640309492614176,0.015957465900578796,0.018881797881953623,0.025951074492707137,0.017291785903949388,0.025404339583129744,0.018940095238166012,0.022916870183289084,0.017412528440166084,0.01993422187400787,0.02207624963876486,0.023310093871246936,0.022148881184893537,0.02656038249995666,0.021109034922712162,0.022415169159145834,0.025100512219853984,0.021202645720042483,0.025582444917053204,0.025645077379762793,0.022104245317737456,0.021282012905693704,0.024959047419729673,0.02104819089874437,0.022918229297887636,0.02489629321768339,0.013548091975967694,0.02007634906247278,0.02675547383108684,0.020593833470711562,0.025514896117741805
301,1.7290253492587733,0.30294243836148405,0.02281303624420782,1.765571969804697,1.6551670113583765,1.3466729743899646,1.9034315045957233,1.5714066195454355,1.933127884372674,1.836501081937659,1.7689543179711795,1.191864780027999,1.9742793764055127,1.6015719379240072,1.7791014666816989,1.2910775083291637,1.5666110138861922,2.208043266649281,1.8992668162085633,1.8698184874756945,1.670560549371587,1.881052043587467,2.0459256874753007,1.9521942077692427,1.9334396796994615,1.8426709708273674,1.2083722440334062,2.0979166190330933,1.3932756621106432,1.5805428138238011,1.934428654764798,2.2038823784417727,0.9640309492614176,0.02103636156917575,0.022512659341846288,0.026140238702123838,0.021129086068011352,0.026228779436488416,0.019951119166675982,0.025199271188432817,0.01735609358161411,0.02580303764200973,0.02362343009712096,0.02126354305957629,0.021139763801623426,0.02252928511136801,0.027100483638497427,0.024223369687906376,0.020258711133602437,0.01985235867903568,0.02853768528596494,0.030196594631436105,0.018301784133022546,0.02320186446567423,0.024764138017199035,0.020404885977233517,0.01726701205720291,0.027176529736504855,0.023114122847457372,0.019093539839697776,0.02566851268537495,0.02027726985124835,0.021039555893109047
302,1.7006964887784364,0.31082621460646753,0.02338648701613642,1.765571969804697,1.6226236491134256,1.3466729743899646,1.9034315045957233,1.4666733249372261,1.8337270443852778,1.836501081937659,1.7689543179711795,1.191864780027999,1.9742793764055127,1.6015719379240072,1.7791014666816989,1.0757214415855363,1.5444332061822519,2.208043266649281,1.8992668162085633,1.8698184874756945,1.670560549371587,1.8148869445390905,2.0459256874753007,1.9521942077692427,1.8927145600257025,1.6566652899806127,1.2083722440334062,2.015158075479992,1.3932756621106432,1.5805428138238011,1.934428654764798,2.2038823784417727,0.9640309492614176,0.021057826671061194,0.028006139857641284,0.02806665276512236,0.024974218528370066,0.023662953947656065,0.02327998987146423,0.028441508115265322,0.01970596152616197,0.02154234355463449,0.022155943951237794,0.015646124726651653,0.02150471393348704,0.021489253137548292,0.03159004689568051,0.015865062160287748,0.017902866420045745,0.023736071378584914,0.026502129311216434,0.024822610541516955,0.01576175103767838,0.025153534134610935,0.02258262573642742,0.027225597817094806,0.022080455949123355,0.029158164494854477,0.015790623891463167,0.024102842986085116,0.028026600366265947,0.024265557796615194,0.027494438980239774
303,1.699594474332055,0.31095980983496846,0.022985194013022913,1.765571969804697,1.6226236491134256,1.3466729743899646,1.9034315045957233,1.4666733249372261,1.8337270443852778,1.8234302364888682,1.7689543179711795,1.191864780027999,1.9742793764055127,1.6015719379240072,1.7758756901691268,1.0757214415855363,1.5444332061822519,2.208043266649281,1.8992668162085633,1.8698184874756945,1.670560549371587,1.8148869445390905,2.0459256874753007,1.9521942077692427,1.8927145600257025,1.6566652899806127,1.2083722440334062,2.0118647011633652,1.3798052249971993,1.5805428138238011,1.934428654764798,2.2038823784417727,0.9640309492614176,0.022073009344682377,0.018678080186885434,0.023227314624626808,0.022228050963351696,0.024929502695565008,0.0169682632688235,0.019570395049225982,0.015566124465760948,0.01378138947344977,0.0335905122127962,0.018397321499083095,0.019481434299526937,0.02843609319629313,0.03454864486312407,0.016934112543239063,0.023501690842720573,0.020681019299566963,0.028194159638872646,0.0237199892864852,0.016756090433193815,0.022210582939185555,0.029387163981941092,0.02871590154337664,0.028680031908797216,0.029180216677067602,0.018855435547999722,0.024235603147304823,0.025412669075377124,0.019994243305416964,0.021620774076947492
304,1.697392668792812,0.310648900825411,0.021914042197695913,1.739891091833638,1.6226236491134256,1.3466729743899646,1.9034315045957233,1.4666733249372261,1.8337270443852778,1.8234302364888682,1.7689543179711795,1.191864780027999,1.9742793764055127,1.5985571556763287,1.7758756901691268,1.0757214415855363,1.5444332061822519,2.208043266649281,1.8992668162085633,1.8610211183015406,1.6458486117498166,1.8148869445390905,2.0420764883126705,1.9521942077692427,1.8927145600257025,1.6566652899806127,1.2083722440334062,2.0118647011633652,1.3798052249971993,1.5805428138238011,1.934428654764798,2.2038823784417727,0.9640309492614176,0.021391515358547115,0.02783463108352366,0.02592513165906342,0.018309052981188956,0.015722536377093567,0.022400095595880427,0.021059901132634132,0.021067074383219447,0.019433770495591807,0.02824861554227013,0.017853667410791734,0.01562926769418627,0.027166026664368313,0.022984320869515053,0.015618342313674592,0.029365955212247448,0.021224062603747557,0.024030765692966735,0.02525184762314052,0.01361115542754462,0.018251497314565022,0.021037787176858724,0.02456802526018407,0.023607342697155618,0.030044172242018833,0.019190558113081978,0.028161193337428034,0.021040788270846295,0.020318150245100513,0.017074015152442633
305,1.6885421192700212,0.3146215539099876,0.022281188997178573,1.739891091833638,1.4016442771971538,1.3466729743899646,1.9034315045957233,1.4666733249372261,1.8337270443852778,1.8234302364888682,1.7689543179711795,1.191864780027999,1.9742793764055127,1.5985571556763287,1.7313385764016762,1.0757214415855363,1.5444332061822519,2.208043266649281,1.8992668162085633,1.8610211183015406,1.6458486117498166,1.8148869445390905,2.0420764883126705,1.9521942077692427,1.8927145600257025,1.6566652899806127,1.2083722440334062,2.0118647011633652,1.3798052249971993,1.5805428138238011,1.934428654764798,2.2038823784417727,0.9640309492614176,0.022307821281847183,0.0248891205903736,0.019802447968473906,0.018249354712133348,0.01811203760931392,0.02967693466635893,0.023830309427298788,0.020331725801604507,0.021204316764579012,0.025990290954767015,0.020447796110670616,0.015624608299657651,0.02405731064434132,0.0199612669884021,0.008550502008256645,0.02804611313744481,0.025516889711490496,0.023343947213811406,0.02342223566307421,0.01529991311284109,0.011625939526544187,0.027456693989400226,0.024580662806629575,0.029647164570089667,0.03036402396909162,0.016237171614052505,0.025352738658836128,0.03312818298130434,0.026209831593407465,0.015168317539260876
306,1.6691208634579267,0.31498913664375894,0.021547283558982135,1.739891091833638,1.4016442771971538,1.3466729743899646,1.9034315045957233,1.4666733249372261,1.8323312761435102,1.8234302364888682,1.7689543179711795,1.191864780027999,1.9742793764055127,1.5985571556763287,1.7313385764016762,1.0757214415855363,1.5444332061822519,2.208043266649281,1.8992668162085633,1.8610211183015406,1.4777314885729287,1.8148869445390905,2.0420764883126705,1.9521942077692427,1.6892023074647722,1.6566652899806127,1.1313676912932427,1.9682293676500966,1.3798052249971993,1.5805428138238011,1.84545601063498,2.2038823784417727,0.9640309492614176,0.02072137229635894,0.027220508263323076,0.022076616507493686,0.02043109517979171,0.013844528452114877,0.025094908098766584,0.019069001324939747,0.020745070617787693,0.020389179243939688,0.01871734509306773,0.022336068004791765,0.010367973928542933,0.019273482198673707,0.022342489185763537,0.021565670670439116,0.019235988775163387,0.024596056214939762,0.02429894227490175,0.02566983444442788,0.012665814733960293,0.019834095455782578,0.02954543801301327,0.02515992846178059,0.015227402620437917,0.026170266503720334,0.018741943396912687,0.02569778600271985,0.03191123051966227,0.026623821186713824,0.0168446490995329
307,1.666150379220411,0.3144533961004691,0.022568232376985128,1.739891091833638,1.4016442771971538,1.3466729743899646,1.9034315045957233,1.4666733249372261,1.8323312761435102,1.8234302364888682,1.6798397908457123,1.191864780027999,1.9742793764055127,1.5985571556763287,1.7313385764016762,1.0757214415855363,1.5444332061822519,2.208043266649281,1.8992668162085633,1.8610211183015406,1.4777314885729287,1.8148869445390905,2.0420764883126705,1.9521942077692427,1.6892023074647722,1.6566652899806127,1.1313676912932427,1.9682293676500966,1.3798052249971993,1.5805428138238011,1.84545601063498,2.2038823784417727,0.9640309492614176,0.015857609638860307,0.02611363145067595,0.018596634487236335,0.02125822316085404,0.02059274085769382,0.02988362476854934,0.02483997902112505,0.01668865820520464,0.016243913311003323,0.023922035540703275,0.027846068622881373,0.015053379377194389,0.021346203006336942,0.02199048869872012,0.02209117501502518,0.023028646314188175,0.017022767631476712,0.027797984868941545,0.022149522066241822,0.018411370534686482,0.02518046162756014,0.022284772997941876,0.02741859381914858,0.019078775965673256,0.025924828583575296,0.0225151072932424,0.03168959962296842,0.0339761767011104,0.022482027823063,0.01576197029767179
308,1.6555226119684645,0.31230880903683267,0.023084992599071204,1.739891091833638,1.4016442771971538,1.3466729743899646,1.9034315045957233,1.4666733249372261,1.8323312761435102,1.8234302364888682,1.6798397908457123,1.191864780027999,1.9742793764055127,1.5985571556763287,1.6570374574038387,1.0757214415855363,1.524022979168738,2.208043266649281,1.8992668162085633,1.6381814437111832,1.4777314885729287,1.8148869445390905,2.040794491355982,1.9521942077692427,1.6892023074647722,1.6566652899806127,1.1313676912932427,1.9682293676500966,1.3798052249971993,1.5805428138238011,1.84545601063498,2.2038823784417727,0.9640309492614176,0.022039718295954722,0.023052783293199507,0.018927012462035455,0.024528015743720363,0.020591356668553527,0.026803529199223172,0.022086109375958785,0.009183089594908107,0.021929001962957266,0.02261907289495458,0.02808521516688037,0.017341084380470828,0.02135548699729569,0.02283870201999242,0.02409669467435442,0.0221035932829248,0.024967051766589806,0.031436953696384905,0.02082382469394559,0.013993962020731554,0.02658255121610893,0.02818394928057084,0.020233182634459827,0.023644791465547085,0.024376004308433348,0.022415532565759136,0.028320928819662586,0.02970396171063394,0.02862980521003375,0.021656812569890774
309,1.6515296646501636,0.30924095672562907,0.022959203909622538,1.739891091833638,1.4016442771971538,1.3466729743899646,1.9034315045957233,1.4666733249372261,1.8323312761435102,1.8234302364888682,1.6798397908457123,1.191864780027999,1.9742793764055127,1.5985571556763287,1.6570374574038387,1.0757214415855363,1.524022979168738,2.208043266649281,1.8992668162085633,1.6381814437111832,1.4777314885729287,1.8148869445390905,2.040794491355982,1.832405788220218,1.6892023074647722,1.6566652899806127,1.1313676912932427,1.9682293676500966,1.3798052249971993,1.5805428138238011,1.84545601063498,2.2038823784417727,0.9640309492614176,0.021526237765022407,0.022993873609693887,0.021478100283032462,0.026676384872944058,0.01994986403261672,0.02958003369908734,0.02687876672968607,0.014932478583927301,0.022270783792799616,0.02628047693562332,0.022816553968757314,0.0176204366348528,0.024324486741969773,0.0226156416125964,0.024669566093330215,0.01983131550856733,0.024897475920961285,0.0331725422181303,0.021394436126436402,0.018567846699367823,0.023721401375819157,0.022491590307701058,0.011406006704205366,0.028756638064550238,0.02432411472597072,0.02394303597503155,0.02687356451046553,0.022220323042611262,0.025010891567003497,0.017551249185914965
310,1.6452447027830013,0.31326859199708607,0.02266885154700555,1.6945929502258292,1.4016442771971538,1.3466729743899646,1.9034315045957233,1.4469436532369468,1.7731288695907605,1.8234302364888682,1.6798397908457123,1.191864780027999,1.9742793764055127,1.5985571556763287,1.6570374574038387,1.0757214415855363,1.524022979168738,2.208043266649281,1.8992668162085633,1.6381814437111832,1.4777314885729287,1.8148869445390905,2.040794491355982,1.832405788220218,1.6892023074647722,1.6566652899806127,1.1313676912932427,1.9682293676500966,1.3798052249971993,1.5805428138238011,1.84545601063498,2.2038823784417727,0.8997123131073903,0.023000069993463844,0.021539843830789773,0.02637792661685997,0.027091835998712177,0.019116762351557088,0.02450122516565402,0.027809390979621238,0.01624527911599512,0.0223975869359091,0.024815086102019823,0.023012187321757832,0.026901729028819828,0.024256446970040563,0.022298779069964567,0.01971722810973177,0.020065792735822423,0.02581913537673916,0.023902512359974995,0.017720684102859752,0.015477859585230175,0.02625595151759317,0.02145398565554107,0.021544603027764626,0.025697147137174817,0.029769812310826857,0.025049835562872692,0.019515957281996864,0.01993636746378067,0.01976164613969825,0.01901287856139413
311,1.6432768205409287,0.311705169643866,0.02347604731076762,1.6945929502258292,1.4016442771971538,1.3466729743899646,1.9034315045957233,1.4420313043666266,1.7731288695907605,1.8000677410393249,1.6798397908457123,1.191864780027999,1.9742793764055127,1.5985571556763287,1.6570374574038387,1.0757214415855363,1.524022979168738,2.208043266649281,1.8992668162085633,1.6381814437111832,1.4777314885729287,1.8148869445390905,2.010032868413664,1.832405788220218,1.6892023074647722,1.6566652899806127,1.1313676912932427,1.9682293676500966,1.3798052249971993,1.5805428138238011,1.84545601063498,2.2038823784417727,0.8997123131073903,0.01774650693661025,0.02252665263465781,0.02853866727946289,0.02585895001722103,0.019411795929672994,0.021880203629971874,0.025054016846647226,0.020276355735528988,0.022044541610460267,0.024234808859567723,0.022876710558476197,0.02366705672501399,0.025245152165806535,0.024693154480684997,0.01788594221205448,0.022438911583746026,0.027670156241398083,0.02863731953789564,0.0241889989074118,0.026301725018317738,0.020349538962648277,0.024507130670410035,0.02150843101370993,0.01988970607414547,0.027416286832828304,0.024492774337526738,0.02731414225598781,0.019630916648284577,0.023438907610329303,0.02455595800655172
312,1.633254375070727,0.3192242055744521,0.024393803869313075,1.6945929502258292,1.4016442771971538,1.3466729743899646,1.9034315045957233,1.4420313043666266,1.7432837783436708,1.8000677410393249,1.6798397908457123,1.1171640834651986,1.9742793764055127,1.5985571556763287,1.6570374574038387,1.0757214415855363,1.524022979168738,2.208043266649281,1.8992668162085633,1.6381814437111832,1.4409076780648253,1.8148869445390905,2.010032868413664,1.832405788220218,1.6892023074647722,1.5989282983527038,1.1313676912932427,1.9682293676500966,1.2782384508370481,1.5805428138238011,1.84545601063498,2.2038823784417727,0.8997123131073903,0.020270574350323558,0.023935984978177012,0.02374173945361773,0.0304996187945877,0.018957366837319824,0.022378519385922946,0.023653485070147928,0.020045298551027473,0.028687625523274328,0.024892276527823422,0.022043575825325182,0.02001710283269833,0.028174538462836882,0.02671369787997076,0.024854543671818323,0.02396323311222404,0.030749657589441846,0.02983247247715899,0.026298050397552866,0.028322477453105878,0.022751819863404816,0.02092156204848713,0.025772041611576035,0.02096149951491151,0.023638897081872293,0.02319868537830354,0.024631389542321597,0.019220362938042017,0.024903316625376967,0.027782702300741417
313,1.6178801313908118,0.3304208874241257,0.023032852465944158,1.668144694169165,1.4016442771971538,1.30261207102069,1.9034315045957233,1.4420313043666266,1.7432837783436708,1.8000677410393249,1.6798397908457123,1.1171640834651986,1.934489342078923,1.5985571556763287,1.6570374574038387,1.0757214415855363,1.524022979168738,2.208043266649281,1.8844551595915537,1.6381814437111832,1.4409076780648253,1.8148869445390905,2.010032868413664,1.832405788220218,1.6892023074647722,1.5989282983527038,0.9110987488685649,1.9682293676500966,1.2782384508370481,1.5805428138238011,1.7296084930317375,2.2038823784417727,0.8997123131073903,0.018960939310815928,0.02068417829720659,0.020260709288129505,0.029375009241555543,0.02226283425713278,0.025112322369182608,0.028048842517103215,0.016899202205038412,0.025465259499676172,0.022427508498664248,0.024698045643534665,0.01955629730778092,0.02822354482011219,0.024216312970184322,0.023642394848852385,0.021566681737997903,0.026907238831037333,0.025420643831560952,0.02151548677581697,0.025795437718319488,0.01926763306541169,0.018066784678729082,0.018773373299146245,0.022989601518425364,0.025456799710886498,0.02388849192468184,0.022546350411482917,0.01853161539701593,0.026926046386191234,0.023499987616651737
314,1.6133222133435356,0.3266016838629208,0.0244097334410145,1.668144694169165,1.4016442771971538,1.30261207102069,1.9034315045957233,1.4388998327603066,1.7432837783436708,1.8000677410393249,1.6798397908457123,1.1171640834651986,1.934489342078923,1.5985571556763287,1.6570374574038387,1.0757214415855363,1.524022979168738,2.208043266649281,1.8844551595915537,1.6381814437111832,1.4409076780648253,1.8148869445390905,2.010032868413664,1.832405788220218,1.6892023074647722,1.5989282983527038,0.9110987488685649,1.834623297838125,1.2782384508370481,1.5805428138238011,1.7296084930317375,2.2038823784417727,0.8997123131073903,0.01631011727152077,0.024597081798338874,0.030444419859361787,0.029636213148497147,0.020933009293455776,0.02595858016221477,0.025823455772931155,0.015997018509643496,0.02456104869914404,0.02982454108462388,0.03352606867061615,0.016932723068318795,0.02623029536047794,0.020166087963587414,0.021170126161396588,0.0227205359496183,0.02558413331291988,0.02951787538973492,0.031429074929266526,0.022024033715096224,0.018331471598604997,0.018962838495207822,0.024249022900387482,0.0269750049083325,0.032616931549875695,0.020055151160331543,0.022751693718522488,0.022413411395458636,0.027798134158423457,0.024751903224526074
315,1.6091945427037238,0.32617720675439743,0.023658099350225534,1.668144694169165,1.4016442771971538,1.30261207102069,1.9034315045957233,1.4388998327603066,1.7432837783436708,1.8000677410393249,1.6798397908457123,1.1171640834651986,1.934489342078923,1.5985571556763287,1.6536813846795124,1.0757214415855363,1.524022979168738,2.208043266649281,1.8844551595915537,1.6283445799191054,1.4409076780648253,1.8148869445390905,2.010032868413664,1.7957271284290468,1.6892023074647722,1.524969775465927,0.9110987488685649,1.834623297838125,1.2782384508370481,1.5805428138238011,1.7296084930317375,2.2038823784417727,0.8997123131073903,0.009584134953532051,0.01870819969956204,0.026948661386966746,0.024807811337352652,0.030127682071350262,0.029317348092165685,0.03562964803170336,0.01937562434858945,0.019364246229390862,0.020013174872360463,0.03192292120586097,0.016782816101572326,0.023438124647478478,0.01817733545799515,0.02194443575610003,0.022052094733891518,0.0240780448809064,0.024083403935781404,0.030866123965382835,0.02111267019005124,0.0164591360995266,0.022065377116114913,0.022865252273221545,0.026946581904019013,0.030477925081658738,0.024874353270918532,0.01807429247903982,0.02557617289241667,0.03150852193389156,0.02256086555796461
316,1.598059191235556,0.31996011474313063,0.023102098362110864,1.668144694169165,1.4016442771971538,1.30261207102069,1.9034315045957233,1.4388998327603066,1.7432837783436708,1.8000677410393249,1.6798397908457123,1.1171640834651986,1.934489342078923,1.5985571556763287,1.6536813846795124,1.0757214415855363,1.524022979168738,2.208043266649281,1.6947417035458696,1.6283445799191054,1.4409076780648253,1.7136213628545574,2.010032868413664,1.7957271284290468,1.6862157499756951,1.524969775465927,0.9110987488685649,1.794528349012389,1.2782384508370481,1.5805428138238011,1.7296084930317375,2.2038823784417727,0.8997123131073903,0.01568032687808727,0.029557320264751847,0.020336518612015967,0.021681023527476202,0.022099926258177804,0.03063603229433535,0.031166142514523362,0.01754867302061975,0.02353102925289397,0.022416137664542077,0.026512361067820754,0.021482503684699845,0.014655500302804197,0.022091129598634223,0.021202766257359475,0.020730556312883355,0.019934283971042577,0.024517636425188196,0.023884623698248612,0.023969107489933993,0.02018149358861547,0.02231826069385122,0.019958777443157424,0.02547928854813978,0.025602123348297735,0.02501614961964831,0.024148132514907585,0.019774791167346095,0.03056859169367524,0.026381743149648612
317,1.594537872893842,0.31840719981840493,0.02301903724059996,1.668144694169165,1.4016442771971538,1.30261207102069,1.8969645327161158,1.4065768368927505,1.7432837783436708,1.8000677410393249,1.6798397908457123,1.1171640834651986,1.934489342078923,1.5636738209352399,1.6536813846795124,1.0757214415855363,1.524022979168738,2.1760770188861156,1.6947417035458696,1.6283445799191054,1.4409076780648253,1.7136213628545574,2.010032868413664,1.7957271284290468,1.6862157499756951,1.524969775465927,0.9110987488685649,1.794528349012389,1.2782384508370481,1.5805428138238011,1.7296084930317375,2.2038823784417727,0.8997123131073903,0.01875101798111464,0.020693296807102676,0.02396012983431635,0.01584675616870124,0.014071791485131534,0.028820427185129404,0.026211950711885486,0.02208981457765891,0.013214717847867362,0.026191527941239023,0.026596607877792812,0.025037133570081485,0.014364106722452103,0.02463219382158313,0.029076286549258992,0.021911106090210953,0.02722600383880353,0.029291317804244554,0.03154225056790376,0.02401747203382945,0.023276767878769387,0.016705686542916,0.02405063949522264,0.024466036136607038,0.0212813536538733,0.02188296261558902,0.022937748469816138,0.020217770876043446,0.02930630699905286,0.022899935133801595
318,1.5922649314360355,0.3200921388196266,0.022787407762344388,1.668144694169165,1.4016442771971538,1.30261207102069,1.8969645327161158,1.4065768368927505,1.7171156728681436,1.8000677410393249,1.6798397908457123,1.1171640834651986,1.934489342078923,1.5636738209352399,1.6536813846795124,1.0757214415855363,1.5086436867771167,2.1760770188861156,1.6947417035458696,1.6283445799191054,1.4409076780648253,1.7136213628545574,2.010032868413664,1.7957271284290468,1.6862157499756951,1.524969775465927,0.8844579030015223,1.794528349012389,1.2782384508370481,1.5805428138238011,1.7296084930317375,2.2038823784417727,0.8997123131073903,0.02235500226038791,0.026692749417028813,0.02032029675971394,0.02089616127742769,0.020253567751448587,0.02406856912924043,0.035310220939035,0.025300294540577,0.016757558410308706,0.026622434823198846,0.02105458485904145,0.024645692783890005,0.02365713863734379,0.023024305042730318,0.018442195939139545,0.014579649609715188,0.024367013486653887,0.02817436920715793,0.020736493246414987,0.01958837006029408,0.02155420594836566,0.02102622192995196,0.022361519591184965,0.018928407360329573,0.025366459437341365,0.02094309462016162,0.02052188679940971,0.022559537469626544,0.03358880646426573,0.019925425068946394
319,1.5884235992742584,0.3177272342988027,0.022712961855018605,1.668144694169165,1.4016442771971538,1.30261207102069,1.8456219737673831,1.4065768368927505,1.7171156728681436,1.8000677410393249,1.6798397908457123,1.1171640834651986,1.934489342078923,1.5636738209352399,1.6536813846795124,1.0757214415855363,1.5086436867771167,2.1760770188861156,1.6947417035458696,1.6283445799191054,1.4409076780648253,1.7136213628545574,2.010032868413664,1.7957271284290468,1.6509996357153232,1.524969775465927,0.8844579030015223,1.7658470573681773,1.2782384508370481,1.5805428138238011,1.7296084930317375,2.2038823784417727,0.8997123131073903,0.021730794194092552,0.023394716932137013,0.026596527328669364,0.02450368573822225,0.015978342908445124,0.019681795626984442,0.024304801692593955,0.02465267571342302,0.01626434652566731,0.02228587608674412,0.023753923896744952,0.018748156595878543,0.02604856642384575,0.027592899810044546,0.017547541124233967,0.022420534043364807,0.026330448610801367,0.022513785676379607,0.02028021241716662,0.02788741193232735,0.025635991370372507,0.021989493053006622,0.02246828268080035,0.020504103546054142,0.029254548811822063,0.022914568537652395,0.022082386233588245,0.023325652223874678,0.02521368813139177,0.015483097784228766
320,1.5777513906730691,0.3194989856757684,0.023082265838190723,1.63778673770581,1.4016442771971538,1.30261207102069,1.8456219737673831,1.4065768368927505,1.7171156728681436,1.8000677410393249,1.6798397908457123,1.1060303935350224,1.934489342078923,1.409623491318904,1.6536813846795124,1.0757214415855363,1.5086436867771167,2.1760770188861156,1.6947417035458696,1.5107001872659649,1.4409076780648253,1.7136213628545574,2.010032868413664,1.7957271284290468,1.6479692922256537,1.524969775465927,0.8844579030015223,1.7658470573681773,1.2782384508370481,1.5805428138238011,1.7296084930317375,2.1999328325587766,0.8997123131073903,0.024741306342515708,0.028450770072688383,0.02541243376733054,0.02844659469896394,0.019000937881893436,0.02377152112301755,0.022694859728458312,0.019547168641421114,0.016061822277997996,0.024885858004732475,0.016875065577898616,0.014035155400860339,0.023709357989392568,0.025394358366439402,0.019355484970482277,0.022650032231103047,0.02817213262829142,0.030401932221464652,0.022743954847337752,0.030135279944396798,0.02695342189397175,0.025487997112443903,0.02338041167432218,0.02236232383182431,0.023064056458928787,0.021208898041375396,0.02132141233063479,0.01950233821497215,0.023069425846955177,0.019631663023606805
321,1.5537396046499472,0.3080653386073656,0.02349441588722769,1.63778673770581,1.4016442771971538,1.30261207102069,1.8456219737673831,1.4065768368927505,1.7171156728681436,1.8000677410393249,1.6798397908457123,1.0771547275671378,1.8245663798749416,1.409623491318904,1.6536813846795124,1.0757214415855363,1.4240936511291413,2.15540362205476,1.475926185446323,1.5107001872659649,1.4409076780648253,1.7136213628545574,1.767056818535313,1.7957271284290468,1.6479692922256537,1.524969775465927,0.8844579030015223,1.7658470573681773,1.2782384508370481,1.5660028617592379,1.7296084930317375,2.1999328325587766,0.8997123131073903,0.01513260852241348,0.02008079593616568,0.027245179492651702,0.024264456551769842,0.017435923303191613,0.029893649266523322,0.028431955183609376,0.017634816849294813,0.017946552820819195,0.024495070010722025,0.020123520669299157,0.02046203299438067,0.022277652827331476,0.019092971005955906,0.022666856908193228,0.017828256583671112,0.027346893466370793,0.03178179265401472,0.02837523909688267,0.027406462412667823,0.023933027815822107,0.024591862975924816,0.02901021557585053,0.025999755864818747,0.028788577265889445,0.01961578988716333,0.021924668580047844,0.019924179181952845,0.0305172485750052,0.020604464338427303
322,1.532140044661977,0.3120583322553359,0.022605196376194788,1.63778673770581,1.4016442771971538,1.0028145525624699,1.8456219737673831,1.3883294625444944,1.7171156728681436,1.6548933009823519,1.6798397908457123,1.0771547275671378,1.6925799054345991,1.409623491318904,1.6536813846795124,1.0757214415855363,1.4240936511291413,2.1056388594137485,1.475926185446323,1.5107001872659649,1.4409076780648253,1.7136213628545574,1.767056818535313,1.7957271284290468,1.6479692922256537,1.524969775465927,0.8814416733072261,1.7658470573681773,1.2782384508370481,1.5660028617592379,1.7296084930317375,2.1999328325587766,0.8997123131073903,0.019899418742971294,0.018989958189868008,0.01897524491636109,0.027003926493349917,0.023397912866421056,0.028422687302234573,0.03293704106206505,0.02259257580575502,0.014999074134195236,0.026260196463347863,0.021396824255409657,0.018988481315607694,0.0245537483653133,0.025614745025394885,0.02114505435669303,0.018246229743452917,0.0255695589314916,0.030871916720024012,0.02423869438354037,0.023972974520042108,0.011786013529204503,0.021991158660359597,0.020360583230104572,0.02529642007648257,0.026184571742275658,0.018591680895449048,0.021632585774426713,0.020643106901543383,0.019909468434141406,0.023684038448317443
323,1.5218484310178175,0.3125021029061072,0.023326021712967514,1.589183315221867,1.4016442771971538,1.0028145525624699,1.8456219737673831,1.3853888744566167,1.7171156728681436,1.6548933009823519,1.6798397908457123,1.0771547275671378,1.6925799054345991,1.409623491318904,1.6536813846795124,1.0757214415855363,1.4240936511291413,2.1056388594137485,1.3071383533114092,1.5107001872659649,1.4409076780648253,1.7022016688688244,1.767056818535313,1.7679177165137046,1.6479692922256537,1.5076425055400695,0.8814416733072261,1.7658470573681773,1.2782384508370481,1.5660028617592379,1.697748302240616,2.1999328325587766,0.8997123131073903,0.014754729871839203,0.021072373852317545,0.022290673322195746,0.023163533819126454,0.022734698709693378,0.030216143545782177,0.031002228220656687,0.020813733122285193,0.022007563190327012,0.027742418251672903,0.0224723628422605,0.02083601792747397,0.024311805041977393,0.025045791894221268,0.018967185141206544,0.01418907546394536,0.028045757431992016,0.027708402539943087,0.022441376607536364,0.0276809964765022,0.019661931975522122,0.023924723667811548,0.027513520606375116,0.02877989546389555,0.02726342973831359,0.018796437769717882,0.02625986905744039,0.015486608048502104,0.02335479279677665,0.02124257499171545
324,1.516923456866078,0.30499698799232716,0.023634962041714225,1.589183315221867,1.4016442771971538,1.0028145525624699,1.8456219737673831,1.3853888744566167,1.7171156728681436,1.6548933009823519,1.6798397908457123,1.0771547275671378,1.6925799054345991,1.409623491318904,1.6517554785379507,1.0757214415855363,1.4240936511291413,1.964981834765585,1.3071383533114092,1.5107001872659649,1.4409076780648253,1.7022016688688244,1.767056818535313,1.7679177165137046,1.6479692922256537,1.5076425055400695,0.8762753795447726,1.7658470573681773,1.2782384508370481,1.5660028617592379,1.697748302240616,2.1999328325587766,0.8997123131073903,0.018134946265964718,0.019722900317071922,0.023275051747702787,0.02628577555196644,0.027941552635022595,0.026763133588675502,0.03496545464014596,0.019644417126715795,0.020499898350006217,0.019010168519215682,0.02552930759158085,0.026626177323600196,0.024423212421973126,0.021442620255214942,0.024695780249547217,0.022566814801546587,0.02861282202097689,0.02586052057793415,0.025788311813716568,0.024196801920914737,0.0209232336518805,0.0207140886967263,0.022639789678423533,0.028666356193408488,0.03106464981112265,0.01796288288465863,0.023092949480678682,0.017649679225579626,0.018431750166690235,0.02191781374276537
325,1.5024028993324359,0.3001789938369085,0.02302326722703383,1.589183315221867,1.4016442771971538,1.0028145525624699,1.79879765268586,1.347842566926222,1.7171156728681436,1.6548933009823519,1.6798397908457123,1.0771547275671378,1.6925799054345991,1.409623491318904,1.4196680887387108,1.0757214415855363,1.4240936511291413,1.9489720774339578,1.3071383533114092,1.5107001872659649,1.4409076780648253,1.667278170193406,1.767056818535313,1.7679177165137046,1.6479692922256537,1.5076425055400695,0.8762753795447726,1.6976216057771123,1.2782384508370481,1.5660028617592379,1.697748302240616,2.1999328325587766,0.8997123131073903,0.017521379538690193,0.01823153081929748,0.02252223295724617,0.025579065406395006,0.021716088284587782,0.02419981675658636,0.029017136317159027,0.021343520983356627,0.01876160282853106,0.02330152955782826,0.02063371743190972,0.018591103364923485,0.021672725177764734,0.022395522295455668,0.023032339585469953,0.023857747580422854,0.027796533622884437,0.028025387042742565,0.023702659859563324,0.02069875784398794,0.027642598936862054,0.02619744007055047,0.02535862342359456,0.023877228959426684,0.0338576343863146,0.01800184551695253,0.016274855796570942,0.025337760716964863,0.020677033638711387,0.020872598110263936
326,1.5005331707120069,0.2998071002406111,0.022947161239880227,1.533091456608997,1.4016442771971538,1.0028145525624699,1.79879765268586,1.347842566926222,1.7171156728681436,1.6548933009823519,1.6798397908457123,1.0771547275671378,1.6925799054345991,1.409623491318904,1.4196680887387108,1.0757214415855363,1.4240936511291413,1.9489720774339578,1.3071383533114092,1.5107001872659649,1.4409076780648253,1.667278170193406,1.767056818535313,1.7679177165137046,1.6479692922256537,1.5076425055400695,0.8762753795447726,1.6976216057771123,1.2782384508370481,1.5660028617592379,1.697748302240616,2.1999328325587766,0.8997123131073903,0.01422033078228928,0.02068558738059412,0.02213876520335854,0.027692111196747218,0.024056960447224256,0.02437623853209557,0.029701306973782513,0.017276977692678254,0.017117565747322427,0.018200828619732743,0.022781703513502328,0.024861528912821586,0.015638483955614433,0.02920139088159519,0.020859147964550896,0.02092913464463724,0.019948745384197462,0.03393881106056916,0.019957651658112033,0.02330130167167435,0.018453470838631393,0.02815590735817275,0.02481614896707342,0.02943970714289074,0.02540430835863517,0.019457240650247835,0.02301367057072515,0.02579015882278261,0.024175949259538223,0.022823703004609865
327,1.480868291013779,0.29439509722357315,0.023521853087260503,1.533091456608997,1.4016442771971538,1.0028145525624699,1.79879765268586,1.347842566926222,1.7171156728681436,1.6391736586104995,1.6798397908457123,1.0771547275671378,1.6925799054345991,1.409623491318904,1.4196680887387108,1.0757214415855363,1.4240936511291413,1.9489720774339578,1.3071383533114092,1.432293041823581,1.4217331114274292,1.4066550724837907,1.5510348797497255,1.7679177165137046,1.6479692922256537,1.5076425055400695,0.8762753795447726,1.6976216057771123,1.2782384508370481,1.5660028617592379,1.697748302240616,2.1999328325587766,0.8997123131073903,0.01868980755090596,0.023641991483015753,0.027629594989540554,0.031696179268942026,0.014525235583935004,0.027339445045252785,0.028103718415489004,0.020467271684777785,0.016953591697690434,0.022582680945909362,0.02318121326965155,0.018811278772686454,0.017337509548143133,0.030248229854246245,0.025475371136788272,0.025016309870291423,0.022209200417144387,0.028883587668683763,0.023457492769007163,0.017789591124351852,0.02032438682063142,0.032603961221106315,0.026275590708804728,0.02659053687294323,0.028351190803064204,0.01557674675414205,0.029915186096858046,0.019843725738381376,0.0216573379979631,0.02047762850746786
328,1.4700176269782153,0.2884936912268809,0.02245590915278763,1.533091456608997,1.4016442771971538,1.0028145525624699,1.79879765268586,1.2990669715908578,1.7171156728681436,1.6391736586104995,1.6660115899266548,1.0771547275671378,1.554888088802095,1.409623491318904,1.4196680887387108,1.0757214415855363,1.408955197940465,1.9489720774339578,1.3071383533114092,1.432293041823581,1.4217331114274292,1.4066550724837907,1.5510348797497255,1.7679177165137046,1.6396774797180176,1.5070699882202665,0.8762753795447726,1.6278151093629387,1.2782384508370481,1.5660028617592379,1.697748302240616,2.168517803809078,0.8997123131073903,0.01669561430461157,0.021121127826374653,0.019830704544897715,0.019816271688251147,0.01970703227830834,0.02895849055536895,0.025011559041537852,0.017377471801080197,0.016357782913581344,0.02171220567765506,0.022710334553796906,0.0200320057850781,0.022883301324735563,0.024933091529695618,0.02530993372551043,0.023029270109255172,0.02135863103279647,0.030215145503163874,0.02563795744952494,0.01548252512344432,0.017980506231865513,0.028385564619249588,0.019009822988324654,0.021654506473732033,0.0315008342844,0.014470310946004239,0.022721417394284234,0.029763168259158965,0.026255266079849914,0.023755420538091553
329,1.4667393139110214,0.28741425125675923,0.022774350434812234,1.449503713811524,1.4016442771971538,1.0028145525624699,1.79879765268586,1.2990669715908578,1.7171156728681436,1.6391736586104995,1.6660115899266548,1.0771547275671378,1.554888088802095,1.409623491318904,1.4196680887387108,1.0757214415855363,1.408955197940465,1.9362880721178084,1.3071383533114092,1.432293041823581,1.4217331114274292,1.4066550724837907,1.5510348797497255,1.7679177165137046,1.6396774797180176,1.5069808575163113,0.8762753795447726,1.6278151093629387,1.2782384508370481,1.5660028617592379,1.697748302240616,2.166529290610843,0.8997123131073903,0.020627001757222083,0.016649552055579112,0.02127363519632937,0.02805923101210016,0.020306450000900155,0.02927507141717356,0.026978744094086113,0.014144533078180449,0.02445219791768291,0.027566102176184777,0.02270736517128848,0.023839843455339557,0.017204171944364563,0.025730027944444688,0.024339738851343825,0.029250079563286922,0.029840246427927795,0.029838904724511412,0.0246461942363158,0.01601472729646163,0.025025750206012443,0.023063616970450215,0.015175015541957233,0.024536467476562997,0.023516645896435744,0.013583286083881752,0.025056500843408144,0.016820916827325033,0.021793836159200067,0.02191465871841005
330,1.4642799151841994,0.2873755379296518,0.023993890001966056,1.449503713811524,1.4016442771971538,1.0028145525624699,1.79879765268586,1.2990669715908578,1.7171156728681436,1.6391736586104995,1.6660115899266548,1.0771547275671378,1.554888088802095,1.409623491318904,1.4196680887387108,1.0719396280125015,1.408955197940465,1.9290799036875765,1.289386284465785,1.432293041823581,1.4217331114274292,1.3774821248754319,1.5510348797497255,1.7679177165137046,1.6396774797180176,1.5069808575163113,0.8762753795447726,1.6278151093629387,1.2782384508370481,1.5660028617592379,1.6818813388932026,2.166529290610843,0.8997123131073903,0.02617639464171301,0.02058176577119879,0.015753661986519625,0.03422806911169422,0.02227787817497712,0.02751827200228634,0.03080841986037302,0.022936119045598245,0.02052219223882209,0.02697655256426775,0.028013237243852677,0.02690932258505056,0.026508813113654717,0.02245195229351781,0.017823362612126685,0.022324087199887196,0.029828050664978123,0.031028461180600576,0.02832808246459971,0.02447534981640722,0.022216081713490737,0.021984217199394633,0.02007034917997373,0.023493019920204524,0.027886420541847666,0.010079989739376013,0.02410281727057481,0.021897543198327082,0.022327373925272148,0.020288842798394786
331,1.461318313447742,0.2860627662449677,0.023074612163707067,1.449503713811524,1.4008557481611459,1.0028145525624699,1.79879765268586,1.2990669715908578,1.7122437176331187,1.6391736586104995,1.6660115899266548,1.0771547275671378,1.554888088802095,1.409623491318904,1.4196680887387108,1.0719396280125015,1.408955197940465,1.9290799036875765,1.289386284465785,1.432293041823581,1.4217331114274292,1.3774821248754319,1.5198780517437673,1.7679177165137046,1.5876467399012886,1.5069808575163113,0.8762753795447726,1.6278151093629387,1.2782384508370481,1.5660028617592379,1.6818813388932026,2.166529290610843,0.8997123131073903,0.019422878240889604,0.021510249903789982,0.020068768049468423,0.026969773077868967,0.01886716484303452,0.031190325609766485,0.027768211553371565,0.01977539426087618,0.021443927156779105,0.021532787893264474,0.025263794322416912,0.027096941069520618,0.018533459115037967,0.01955440515327799,0.025818939580311614,0.016297527775963355,0.027149677626774848,0.029129569279530202,0.02701919086234126,0.025662717388761587,0.02121966809885934,0.018825755143728435,0.018610088871989502,0.021876551827583503,0.027749161207890696,0.015171288966072146,0.028159941767746437,0.01904329450570368,0.03254451363191835,0.018962398126674416
332,1.453386998449658,0.2817884407159998,0.022683379720789022,1.449503713811524,1.4008557481611459,1.0028145525624699,1.7512037009789876,1.2990669715908578,1.7122437176331187,1.6391736586104995,1.4800934439938982,1.0771547275671378,1.554888088802095,1.4051961390160028,1.4196680887387108,1.0719396280125015,1.408955197940465,1.9290799036875765,1.289386284465785,1.432293041823581,1.4217331114274292,1.3774821248754319,1.5198780517437673,1.7679177165137046,1.5876467399012886,1.5069808575163113,0.8762753795447726,1.6278151093629387,1.2782384508370481,1.5660028617592379,1.6818813388932026,2.166529290610843,0.8997123131073903,0.022937449345571202,0.019873448424934187,0.020970914082029387,0.030635638788954502,0.02158597409926711,0.025133098704457173,0.034338366736491016,0.018660624191809368,0.02097447930623904,0.021425848975412387,0.015624772129339465,0.02502015665742515,0.024729605461142612,0.02115637041202581,0.021767172591423703,0.018882545854253432,0.025681050124668495,0.027204202047893034,0.02216953095249741,0.018726546737583123,0.026186085356566854,0.018517807031736586,0.023346196796188552,0.01840262986064739,0.02901376515792685,0.018487736323154626,0.026477736472257277,0.023184087023667956,0.023378939439428766,0.016008612538678378
333,1.4452389090851914,0.2804972151220189,0.022693819380685203,1.449503713811524,1.3771224998796119,1.0028145525624699,1.684714557375607,1.2990669715908578,1.7122437176331187,1.6391736586104995,1.4800934439938982,1.0771547275671378,1.554888088802095,1.4051961390160028,1.4196680887387108,1.0719396280125015,1.2981961491988518,1.9290799036875765,1.289386284465785,1.432293041823581,1.4217331114274292,1.3774821248754319,1.5198780517437673,1.7640381055887073,1.5876467399012886,1.5069808575163113,0.8762753795447726,1.6278151093629387,1.2782384508370481,1.5264212323767699,1.6818813388932026,2.166529290610843,0.8997123131073903,0.019094196888212442,0.0220162406325014,0.02429246949809814,0.025236575530922685,0.01854136619557107,0.020018251987522113,0.03582685397754168,0.018913087522231406,0.01674441467951759,0.024724479612310772,0.016128415103613368,0.021711783700976067,0.026948538788373194,0.025404046754211013,0.018869679346010235,0.019081059902073136,0.022922225493653216,0.02695584808019174,0.027343857650701266,0.01815445287927633,0.020270116873507132,0.020556842363772004,0.025072961201450833,0.02208621549757509,0.028926912105168054,0.019616872964785374,0.030559678076261126,0.022655979119072512,0.02556837742562342,0.0165727815698317
334,1.4447431063123906,0.2803663953481647,0.022541568967635157,1.449503713811524,1.3771224998796119,1.0028145525624699,1.684714557375607,1.2990669715908578,1.7122437176331187,1.6391736586104995,1.4800934439938982,1.0771547275671378,1.554888088802095,1.4051961390160028,1.4196680887387108,1.0719396280125015,1.2981961491988518,1.9290799036875765,1.289386284465785,1.432293041823581,1.4217331114274292,1.3774821248754319,1.5198780517437673,1.7640381055887073,1.5876467399012886,1.5069808575163113,0.8762753795447726,1.6278151093629387,1.2782384508370481,1.5115471491927441,1.6818813388932026,2.166529290610843,0.8997123131073903,0.012721209266789168,0.019641126367502214,0.02740497273891903,0.02340482839690232,0.02039933726950155,0.025447242950917763,0.03064724854823239,0.016756567286143678,0.02157077025517842,0.027634422470442583,0.018575604936042957,0.020016073354833346,0.02451043549823179,0.030234034704523086,0.019752971504626356,0.01602018709692108,0.025074717374612993,0.02886317612842043,0.025518075765644944,0.019232759884724365,0.024494781473086355,0.020019874267192646,0.02083402613513158,0.017858066034605265,0.023763572263467845,0.017440492046902994,0.027500839560501707,0.028375171310019598,0.027643099704598936,0.014891384434437344
335,1.4422674552581036,0.28127581068387686,0.022921061752871157,1.449503713811524,1.3771224998796119,1.0028145525624699,1.684714557375607,1.2990669715908578,1.7122437176331187,1.6391736586104995,1.4800934439938982,1.0771547275671378,1.554888088802095,1.4051961390160028,1.4196680887387108,1.0719396280125015,1.2981961491988518,1.9290799036875765,1.289386284465785,1.432293041823581,1.4217331114274292,1.303212593246823,1.5198780517437673,1.7640381055887073,1.5876467399012886,1.5069808575163113,0.8762753795447726,1.6278151093629387,1.2782384508370481,1.5115471491927441,1.6818813388932026,2.166529290610843,0.8997123131073903,0.02479436855186436,0.0196850012207156,0.022160931957580968,0.022699779905572627,0.026566567879551098,0.0247745889780523,0.03367610487790748,0.02020178488111141,0.01565439153573823,0.029411039875469155,0.023336953427434887,0.01982400764356442,0.025113753316424597,0.022633546707041916,0.013770486978168446,0.021081973886850968,0.024456502077474573,0.03369098629997841,0.02262245091360543,0.021108310274327077,0.022666667884356315,0.01792873309312193,0.025599172345546956,0.019374947404990548,0.030457805667735052,0.016989057199381083,0.023298978762761297,0.01905281115335413,0.025156125786654077,0.019844022099799276
336,1.4363887136019855,0.28230813569962837,0.02270201866025455,1.449503713811524,1.3771224998796119,1.0028145525624699,1.684714557375607,1.2990669715908578,1.6904314668634943,1.6391736586104995,1.4800934439938982,1.0771547275671378,1.554888088802095,1.3440264612673052,1.4196680887387108,1.0719396280125015,1.2177308089028256,1.9290799036875765,1.289386284465785,1.432293041823581,1.4217331114274292,1.303212593246823,1.5198780517437673,1.7511231247195167,1.5876467399012886,1.5069808575163113,0.8762753795447726,1.6278151093629387,1.2782384508370481,1.5115471491927441,1.6818813388932026,2.166529290610843,0.8997123131073903,0.022892034089502283,0.01612693912365144,0.020496092057835705,0.02122297002628283,0.025809806182262026,0.02304903139749868,0.04037019965222154,0.019225646371100386,0.021753268226067785,0.028408330002599808,0.026304344737258078,0.014835128986324966,0.02609111949944807,0.025219826509141268,0.01366709645509405,0.01991868729919911,0.024544548449542028,0.033495286385838624,0.01979884307163012,0.022769643129130816,0.0176030971185961,0.019983307267986434,0.023557560951888344,0.015952681211940493,0.02455015346551606,0.01966908213571092,0.02165991144843689,0.022559789716334024,0.02900016979014452,0.02052596504945298
337,1.4303895966906472,0.2785066352204746,0.023229911960022866,1.449503713811524,1.3405137420224773,1.0028145525624699,1.684714557375607,1.2990669715908578,1.6904314668634943,1.6391736586104995,1.4800934439938982,1.0498811073572445,1.554888088802095,1.3440264612673052,1.4196680887387108,1.0719396280125015,1.2177308089028256,1.8310868110890586,1.289386284465785,1.432293041823581,1.4217331114274292,1.2973197901525784,1.5198780517437673,1.7511231247195167,1.5754415063209248,1.5069808575163113,0.8762753795447726,1.6278151093629387,1.2782384508370481,1.5115471491927441,1.6818813388932026,2.166529290610843,0.8997123131073903,0.02254522954935998,0.021612075832848396,0.028364713762535354,0.021605257343055316,0.020529218282443407,0.024136882264617333,0.03819813052305976,0.01144672952050456,0.018403224613335448,0.028913724007950205,0.024655211952185604,0.018441633457638842,0.027222015988246348,0.025143916734249594,0.013658813544095032,0.02060558588370289,0.028331239765130852,0.033709272694257754,0.020555740707293872,0.02576768629216293,0.01888567077325241,0.025929965399239068,0.025347943528134177,0.01944675522499658,0.029634191062372015,0.014689024790416377,0.017709295125518047,0.02461874437753487,0.02341008731390183,0.023379378486647156
338,1.4290712326883364,0.2790220931582451,0.024132711354031278,1.449503713811524,1.3009628219531568,1.0028145525624699,1.684714557375607,1.2990669715908578,1.6904314668634943,1.6391736586104995,1.4800934439938982,1.0498811073572445,1.554888088802095,1.3440264612673052,1.4196680887387108,1.0719396280125015,1.2177308089028256,1.8310868110890586,1.289386284465785,1.432293041823581,1.4217331114274292,1.2973197901525784,1.5198780517437673,1.7511231247195167,1.5754415063209248,1.5069808575163113,0.8762753795447726,1.6278151093629387,1.2782384508370481,1.5115471491927441,1.6818813388932026,2.166529290610843,0.8997123131073903,0.029743779327705992,0.025948351641989748,0.028817141982516722,0.022791536473504678,0.02172482385971076,0.02560415706300402,0.032808878753055895,0.018402909808692698,0.022894207396496502,0.030246612666310464,0.027074695721883514,0.02480314027448665,0.02612028114916637,0.027202471205842627,0.016297163456018185,0.0269055455962691,0.017546426349985936,0.027015190343997977,0.026092417342767023,0.02313616020493632,0.017162769319328953,0.018274235199754407,0.023217884234150186,0.020517461144338237,0.028729190799953445,0.02010003601916347,0.02370217228243459,0.025479397694299973,0.02536179554216701,0.020260507767007045
339,1.4233206414690007,0.2778221295661167,0.024762264583614097,1.449503713811524,1.3009628219531568,1.0028145525624699,1.684714557375607,1.2990669715908578,1.6904314668634943,1.6391736586104995,1.4800934439938982,1.0498811073572445,1.554888088802095,1.3440264612673052,1.4196680887387108,1.0719396280125015,1.2177308089028256,1.7972125602906286,1.289386284465785,1.432293041823581,1.4217331114274292,1.2103364929061056,1.5198780517437673,1.7511231247195167,1.5754415063209248,1.5069808575163113,0.8762753795447726,1.6278151093629387,1.2782384508370481,1.5115471491927441,1.6302211503580364,2.166529290610843,0.8997123131073903,0.026623962840113907,0.021845752716241187,0.029195210438435572,0.02480731107527158,0.021390254024691826,0.030465722991675062,0.03712506267353148,0.024847567516623443,0.022406360304262265,0.02498627461177879,0.023816256773410788,0.02299663186782818,0.02732040165814024,0.020323820765992505,0.021140484657561145,0.027539620462572585,0.023113056409840172,0.028408632721663024,0.03124996872886383,0.02174235811351088,0.020078640869536982,0.020549806515522788,0.021523662582388855,0.025792334238387664,0.028722445109796636,0.01815296295718936,0.024579161533418104,0.027962100684612322,0.02105625956963986,0.023105852095922023
340,1.4015677188836742,0.28049274622156734,0.023528916621897218,1.449503713811524,1.3009628219531568,1.0028145525624699,1.684714557375607,1.2990669715908578,1.6904314668634943,1.6391736586104995,1.4800934439938982,1.0498811073572445,1.554888088802095,1.1258307935344338,1.4196680887387108,1.0719396280125015,1.2177308089028256,1.7972125602906286,1.289386284465785,1.432293041823581,1.4217331114274292,1.2103364929061056,1.5198780517437673,1.7511231247195167,1.4966238949789212,1.2503816279914806,0.8762753795447726,1.6278151093629387,1.2782384508370481,1.4831416290301545,1.5596515015605346,2.166529290610843,0.8997123131073903,0.026535708114950204,0.02366328821856119,0.022894780682317303,0.019832688606011787,0.018940715584092452,0.026090934848358126,0.03829913674080744,0.023308975334428057,0.018544916856769372,0.028881266778941116,0.02291106736391412,0.018126541849476138,0.024494467268269395,0.02315667949977871,0.01880159696935241,0.024343372099835316,0.02179406512879756,0.028575102008597614,0.027030220903026113,0.017990478360158962,0.01881929548173039,0.028968407597199094,0.02128789995206811,0.02038478542627875,0.02883914824590833,0.019385412689398706,0.023284493756936142,0.023707051491224658,0.028260991440045014,0.018714009359683936
341,1.3878581717072536,0.2702579049638949,0.0225370899132752,1.449503713811524,1.2798835790966376,1.0028145525624699,1.684714557375607,1.2990669715908578,1.5129134285969816,1.6391736586104995,1.4800934439938982,1.0498811073572445,1.4594709367873766,1.1258307935344338,1.4196680887387108,1.0719396280125015,1.2177308089028256,1.6862216844351896,1.289386284465785,1.432293041823581,1.4217331114274292,1.2103364929061056,1.513596945444331,1.7511231247195167,1.4966238949789212,1.2503816279914806,0.8762753795447726,1.6278151093629387,1.2782384508370481,1.4831416290301545,1.5596515015605346,2.166529290610843,0.8997123131073903,0.021201452595612832,0.022584430324087357,0.02975206991115551,0.020493401725172167,0.019746476834351285,0.022884695723436845,0.0311038361357907,0.016501600686027226,0.018467657868382812,0.021134544008358725,0.01931486991288546,0.03212281217699341,0.02205888787374975,0.022413181438668092,0.014438357349942045,0.024062835266855154,0.021524241765997064,0.021875925495527422,0.026975901230371347,0.017469751212008708,0.0197779344534708,0.026936300881573998,0.019461119298330547,0.023415020188650923,0.03368491905813607,0.02297473661187445,0.01964555859008569,0.019946384439985695,0.025984220752727206,0.018159573588046814
342,1.3798746394336894,0.2691659507978563,0.02232375489299285,1.449503713811524,1.2798835790966376,1.0028145525624699,1.684714557375607,1.2990669715908578,1.5129134285969816,1.6391736586104995,1.4800934439938982,1.0498811073572445,1.4594709367873766,1.1258307935344338,1.4196680887387108,1.0719396280125015,1.2177308089028256,1.6862216844351896,1.289386284465785,1.432293041823581,1.4217331114274292,1.166416482394347,1.513596945444331,1.7511231247195167,1.4966238949789212,1.2503816279914806,0.8762753795447726,1.6278151093629387,1.2782384508370481,1.4831416290301545,1.3667753124737811,2.163819522002431,0.8997123131073903,0.01898402121135348,0.01902132183019621,0.023459149207378127,0.020070816690762393,0.025117526324191144,0.019557014355839918,0.026525766221417803,0.01491723306761907,0.0253977049958518,0.01819015500472115,0.026179945090624386,0.03756657192713496,0.01893891217982349,0.01738076042415227,0.018857834698507485,0.024163370902257366,0.022369554073814912,0.02719042370780489,0.01930215774382082,0.02289048040065696,0.021408413220987743,0.02441159511952508,0.020476835973632163,0.021400372045140916,0.024835064323064444,0.02615665296686086,0.021939057152628665,0.02338688349011646,0.021096721101381714,0.018520331338518787
343,1.3749651320768186,0.2683091662492657,0.02361774956176276,1.449503713811524,1.2798835790966376,1.0028145525624699,1.684714557375607,1.274094478546243,1.5129134285969816,1.6391736586104995,1.4800934439938982,1.0498811073572445,1.4594709367873766,1.1258307935344338,1.4196680887387108,1.0719396280125015,1.2177308089028256,1.6862216844351896,1.289386284465785,1.432293041823581,1.4217331114274292,1.166416482394347,1.3912842177828222,1.7511231247195167,1.4966238949789212,1.2503816279914806,0.8762753795447726,1.6278151093629387,1.2782384508370481,1.4831416290301545,1.3667753124737811,2.163819522002431,0.8997123131073903,0.020532104421321827,0.02492599468567013,0.025092488077569888,0.021049383720130058,0.02285682747949928,0.02483067616182973,0.03599266480434224,0.016141583958270228,0.01859536358311811,0.02624120369470282,0.023202056749945923,0.030071555826732814,0.01997548564377482,0.0218267413281619,0.020275566696462785,0.02452861857246989,0.020654607639955573,0.027988861970466614,0.02366987875517896,0.022986568368358946,0.02500915157404686,0.027360745115209896,0.015045932717039762,0.02627445732541591,0.02782186157114007,0.025436626612673534,0.024355279831045233,0.02547758493439832,0.02182855331581803,0.018484061718132522
344,1.3681406680158277,0.2593249843265054,0.022599313158320224,1.449503713811524,1.2798835790966376,0.9976405135287831,1.684714557375607,1.274094478546243,1.5129134285969816,1.6391736586104995,1.4800934439938982,0.9883714816274147,1.4594709367873766,1.1258307935344338,1.4196680887387108,1.0719396280125015,1.2177308089028256,1.6717062578698862,1.289386284465785,1.432293041823581,1.4217331114274292,1.166416482394347,1.3912842177828222,1.7511231247195167,1.4966238949789212,1.2503816279914806,0.8762753795447726,1.6278151093629387,1.2782384508370481,1.4831416290301545,1.3667753124737811,2.0402846915015336,0.8997123131073903,0.022879426213159464,0.023020472304006518,0.0266707498454427,0.02150345880534498,0.018313259839281337,0.02085106022622374,0.02853973463870384,0.015021172613755764,0.014176481443425955,0.020600582496260303,0.019036639521680533,0.030797650743221095,0.02547021240131751,0.01892778065743563,0.0230900049915211,0.018238115361414408,0.020173922956305733,0.02433916845385902,0.026291183802383766,0.02488166047925346,0.015236480665628827,0.028577526921951577,0.024736917758452766,0.02569360254039959,0.024803986193519596,0.02177639296603572,0.024475809521926663,0.021688911698658674,0.026489864216004144,0.021677164473032366
345,1.3618345353507628,0.26005982940157074,0.023353443688328323,1.449503713811524,1.2798835790966376,0.9976405135287831,1.684714557375607,1.274094478546243,1.4692685221710495,1.6391736586104995,1.4800934439938982,0.9883714816274147,1.4594709367873766,1.0845010897322571,1.3203872582099376,1.0719396280125015,1.2177308089028256,1.6717062578698862,1.289386284465785,1.432293041823581,1.4217331114274292,1.1614879431992802,1.3912842177828222,1.7511231247195167,1.4966238949789212,1.2503816279914806,0.8762753795447726,1.6278151093629387,1.2782384508370481,1.4831416290301545,1.3667753124737811,2.0402846915015336,0.8997123131073903,0.019840305372711156,0.02313751834276206,0.022658179919877282,0.020932541014038204,0.015600629354406878,0.02241307787739535,0.03175613583785671,0.016513058557079283,0.016284694191502802,0.02211593178460043,0.019153262844161217,0.032375420031609946,0.026608334349780195,0.01752730820750793,0.024550714395699877,0.023649488100888134,0.02703333903681614,0.026552892197780502,0.0255504255401583,0.01916408644827265,0.025783075999751978,0.021856789987333765,0.02572815533980811,0.028619260361460255,0.027839919520391446,0.025145242872512408,0.024049863710670243,0.01904454687710779,0.02206289128560767,0.02705622129030104
346,1.3591545667684715,0.25691906219661687,0.022547368494334506,1.434483443660604,1.2586056852842096,0.9976405135287831,1.684714557375607,1.274094478546243,1.4692685221710495,1.6391736586104995,1.4800934439938982,0.9883714816274147,1.4594709367873766,1.0845010897322571,1.3203872582099376,1.0719396280125015,1.2177308089028256,1.6717062578698862,1.289386284465785,1.432293041823581,1.4217331114274292,1.1614879431992802,1.3848494666380735,1.7511231247195167,1.4966238949789212,1.2503816279914806,0.8762753795447726,1.6278151093629387,1.2782384508370481,1.4831416290301545,1.3667753124737811,2.002618549140888,0.8997123131073903,0.02519524477184129,0.02950950179949579,0.01911047568893735,0.01238616084599288,0.016534991340508474,0.028933537672736844,0.033018220384930436,0.018496445760637508,0.01740191541677028,0.016114479728309275,0.017593804403676902,0.03237939133161451,0.025874295169956634,0.01574848013229414,0.024483528763473403,0.02212047110876026,0.029700570873110708,0.026340255732253813,0.023914260875993857,0.014596773167489993,0.020666003761861007,0.028492494448014487,0.0236922006188948,0.02435093560925776,0.02389809925671579,0.02080379244429356,0.0218677769931486,0.02287814817776307,0.02218265584872703,0.018136142702574742
347,1.3505284436311162,0.24718060159633598,0.023229943975826048,1.4341790132804886,1.2586056852842096,0.9976405135287831,1.684714557375607,1.274094478546243,1.4692685221710495,1.6391736586104995,1.4800934439938982,0.9883714816274147,1.4594709367873766,1.0845010897322571,1.3203872582099376,1.0719396280125015,1.2177308089028256,1.6243484602292821,1.289386284465785,1.432293041823581,1.4217331114274292,1.145464824117703,1.3848494666380735,1.7511231247195167,1.4134458479910497,1.2503816279914806,0.8649516951499341,1.6278151093629387,1.2782384508370481,1.4831416290301545,1.3667753124737811,1.9020219335052393,0.8997123131073903,0.01981007648487262,0.02393255489590509,0.022102822011005906,0.023311930847248242,0.020749870278550783,0.035546190750863044,0.03131421308790463,0.014813723408411207,0.01653433838608177,0.02368574485316756,0.02040294435423035,0.03373798894069997,0.021984081528488984,0.02250679804153361,0.024584559680804804,0.02643211026148632,0.02774041766835082,0.026216572421776496,0.014958971518322671,0.01678387944345182,0.028086087917397314,0.02381164284537724,0.02707883843774286,0.01959760394785265,0.021699504105367397,0.024526005771223706,0.023937857465951253,0.01926962466963198,0.02534675492689039,0.016394610324190123
348,1.3461928691877458,0.2442960004516838,0.022989179707556994,1.4341790132804886,1.2586056852842096,0.9976405135287831,1.684714557375607,1.274094478546243,1.4692685221710495,1.6391736586104995,1.4800934439938982,0.9883714816274147,1.4594709367873766,1.0845010897322571,1.3203872582099376,1.0719396280125015,1.2177308089028256,1.6243484602292821,1.289386284465785,1.432293041823581,1.4217331114274292,1.145464824117703,1.3848494666380735,1.7511231247195167,1.363944674972967,1.2503816279914806,0.8649516951499341,1.5472490490799093,1.2782384508370481,1.4831416290301545,1.3667753124737811,1.9020219335052393,0.8997123131073903,0.01564802307809432,0.01896790544795443,0.02236860450933276,0.025933034668883546,0.02266100545789817,0.027342520366473513,0.033993310268359805,0.015268828013859832,0.0165910344651042,0.022269655711532756,0.022976540666895164,0.027969642885844435,0.023067119771011176,0.021096543780037523,0.023030020964998107,0.01768009474214812,0.02779030777201651,0.025870048935001125,0.02182721850958236,0.02454986012074027,0.025273472065613256,0.018617857294325732,0.026115860625691364,0.032891629691342524,0.02375103921334663,0.018975904713653208,0.02715966440245053,0.017644974213123717,0.01923623112409336,0.023107437747301444
349,1.3387842092771705,0.24787137474637375,0.023958617615346737,1.4341790132804886,1.2586056852842096,0.9063602946423761,1.6216213104772632,1.274094478546243,1.4692685221710495,1.6391736586104995,1.4800934439938982,0.9883714816274147,1.4594709367873766,1.0845010897322571,1.3203872582099376,1.0719396280125015,1.2177308089028256,1.6243484602292821,1.289386284465785,1.432293041823581,1.4217331114274292,1.1177317663795994,1.3848494666380735,1.7511231247195167,1.363944674972967,1.2102283541970746,0.8649516951499341,1.5472490490799093,1.2782384508370481,1.4831416290301545,1.3667753124737811,1.9020219335052393,0.8997123131073903,0.024805401703342653,0.022872564182967018,0.02004220775027541,0.022195987093451067,0.026553916137428427,0.027870419569894965,0.044119558992028324,0.019680086034462977,0.013244724758143665,0.02718110607568665,0.018466565688791174,0.035145275367618356,0.024273881825723372,0.017243516838599756,0.015175976808923233,0.031297144117482,0.032889750345750556,0.03572840079192585,0.010526597053191577,0.019223869712485485,0.020454973147745664,0.02930820232955395,0.025645881350179096,0.027159555722716527,0.026283385471073194,0.017022253868239204,0.026771402074740155,0.01754867108614765,0.022369190623872572,0.017658061937961475
350,1.3385117400011048,0.2475453040813895,0.023756226475711847,1.4341790132804886,1.2586056852842096,0.9063602946423761,1.6216213104772632,1.274094478546243,1.4692685221710495,1.630999580328528,1.4800934439938982,0.9883714816274147,1.4594709367873766,1.0845010897322571,1.3203872582099376,1.0719396280125015,1.2177308089028256,1.6243484602292821,1.289386284465785,1.432293041823581,1.4217331114274292,1.1177317663795994,1.3848494666380735,1.7511231247195167,1.363944674972967,1.2102283541970746,0.8649516951499341,1.5472490490799093,1.2782384508370481,1.4831416290301545,1.3667753124737811,1.9020219335052393,0.8997123131073903,0.019327558137443534,0.021296140814400177,0.02016410779917469,0.026224679427431747,0.026083933946237717,0.024724514338478693,0.03251013074031323,0.01635209605017299,0.013832367346219608,0.027344316326445323,0.022292322191290605,0.032761339000457614,0.02167989088364336,0.027056628842238636,0.016914541812087392,0.018359005650709685,0.02939330869116876,0.03648745221042996,0.019346836672221215,0.023703031263282853,0.028761956175801268,0.025974374750927065,0.021453655569582623,0.03038243964087933,0.020618364204735683,0.019341525719182663,0.028607942052741094,0.022576868475762225,0.02444227412923813,0.014673191408657273
351,1.3163216543549734,0.23767354763133544,0.022838592706587554,1.3470725684790428,1.2586056852842096,0.9063602946423761,1.6216213104772632,1.274094478546243,1.4692685221710495,1.3757548731479052,1.4800934439938982,0.9883714816274147,1.4594709367873766,1.0845010897322571,1.3203872582099376,1.0719396280125015,1.19415585130194,1.6145040305386904,1.289386284465785,1.432293041823581,1.2949778977325939,1.1177317663795994,1.3848494666380735,1.7022095441013758,1.363944674972967,1.2102283541970746,0.8649516951499341,1.5472490490799093,1.2782384508370481,1.4831416290301545,1.2525120766763682,1.9020219335052393,0.8997123131073903,0.02137901941165133,0.032691821056867736,0.01869189153443583,0.0176977108875178,0.02395523290492591,0.02595052064920699,0.03277361089049559,0.01640071520660112,0.016209637976399384,0.02427080818050765,0.024447597394155314,0.03141670339478768,0.023877252838673712,0.02331230161943778,0.016453138453923738,0.02448053459456362,0.02788566980603424,0.030945166616251053,0.019402097332014562,0.025747453893076956,0.017525513130288054,0.017730482157608255,0.020331306347778078,0.025839321268927944,0.026186988029568974,0.017499584046174695,0.028506755763746634,0.016593047981623737,0.019553696221474036,0.017402201608907916
352,1.314096212386399,0.2380144861516697,0.021929544838070077,1.3470725684790428,1.2211506535666143,0.9063602946423761,1.6216213104772632,1.274094478546243,1.4692685221710495,1.3757548731479052,1.4662683824558909,0.9883714816274147,1.4594709367873766,1.0845010897322571,1.3203872582099376,1.0719396280125015,1.1873827967216113,1.6145040305386904,1.289386284465785,1.432293041823581,1.2949778977325939,1.1177317663795994,1.3848494666380735,1.7022095441013758,1.363944674972967,1.2015182429757734,0.8649516951499341,1.5472490490799093,1.2782384508370481,1.4831416290301545,1.2525120766763682,1.9020219335052393,0.8997123131073903,0.027220258639955294,0.021609601906644967,0.014077336588859296,0.01961689589820759,0.01439262378900303,0.021390537183629474,0.03861700723927644,0.017081483071675445,0.01960480132459031,0.0250978722338708,0.018878540653627672,0.03088936712770929,0.0224474085197473,0.022323141995076765,0.019665301014678116,0.019536722861741625,0.02519218784983982,0.024237854643206734,0.023016195396559865,0.01820855315140521,0.017606608688816524,0.020577164877253317,0.018258213633302243,0.0253246709803213,0.02831748777539229,0.017896210109761387,0.027586854520833422,0.019438294904737714,0.022999377382141195,0.0167777711802378
353,1.312712824187714,0.2387856957473044,0.023515759979024466,1.3470725684790428,1.2211506535666143,0.9063602946423761,1.6216213104772632,1.274094478546243,1.4692685221710495,1.3636969917138377,1.4662683824558909,0.9883714816274147,1.4594709367873766,1.0845010897322571,1.3203872582099376,1.0719396280125015,1.1873827967216113,1.6145040305386904,1.289386284465785,1.432293041823581,1.2949778977325939,1.0882880018531158,1.3848494666380735,1.7022095441013758,1.363944674972967,1.2015182429757734,0.8649516951499341,1.5472490490799093,1.2782384508370481,1.4831416290301545,1.2525120766763682,1.9020219335052393,0.8997123131073903,0.020029945897355624,0.02663407180184435,0.02766471391915306,0.02493445028692161,0.022617769662999797,0.025939463634176114,0.03496981161572886,0.018004301559727275,0.0186797458921394,0.022899250573506075,0.017786249077704385,0.02957900901813278,0.01985361117078013,0.02817237477690974,0.022879004592338662,0.020001254262983967,0.02512892461260916,0.030604456302834204,0.01867415016276461,0.02362246730626783,0.015110155704523358,0.023163097774878127,0.024764237165376065,0.029988121674170396,0.02321778255321339,0.029768044068850683,0.02488493765958287,0.01380537695301742,0.023633825171968048,0.018462194518276038
354,1.3110291837523844,0.23619751977470743,0.023250666109117597,1.3470725684790428,1.2211506535666143,0.9063602946423761,1.6216213104772632,1.274094478546243,1.4692685221710495,1.3636969917138377,1.4662683824558909,0.9883714816274147,1.4594709367873766,1.0845010897322571,1.3203872582099376,1.0719396280125015,1.1873827967216113,1.6145040305386904,1.289386284465785,1.432293041823581,1.2949778977325939,1.0882880018531158,1.3848494666380735,1.6517003310414897,1.363944674972967,1.2015182429757734,0.8649516951499341,1.5472490490799093,1.2782384508370481,1.4831416290301545,1.2525120766763682,1.9020219335052393,0.8997123131073903,0.01701033162130914,0.026014913438699574,0.02445273818104672,0.02047360002064811,0.019297122316392197,0.02855723860247773,0.02966898163965625,0.017553003945478894,0.02093657798075963,0.024035688822026606,0.019793804744251027,0.031534019096229805,0.017151383010488352,0.02613712603618647,0.018109098574554817,0.015259145386211648,0.028411055688904563,0.028593620141724563,0.022098966488208877,0.021471667655432236,0.025011132632149203,0.028356458292358326,0.025443475704225497,0.024525208791333384,0.0232337382848449,0.02942146462020496,0.027016873939023963,0.02056666000897603,0.018285118320313376,0.01909976928941123
355,1.307872054272503,0.23727946804761174,0.022974884559579436,1.3470725684790428,1.1851065153939229,0.9063602946423761,1.6216213104772632,1.274094478546243,1.4692685221710495,1.3636969917138377,1.4662683824558909,0.9883714816274147,1.457636609849914,1.0845010897322571,1.2995072481129815,1.0619503503285093,1.1873827967216113,1.6145040305386904,1.289386284465785,1.432293041823581,1.2949778977325939,1.0882880018531158,1.3848494666380735,1.6517003310414897,1.363944674972967,1.1794301356650654,0.8649516951499341,1.5433710248852788,1.2782384508370481,1.4831416290301545,1.2525120766763682,1.9020219335052393,0.8997123131073903,0.02002545127646214,0.021812827527901122,0.02574796357401345,0.02333369789156859,0.01777500557281287,0.024841650795516826,0.0286758198907545,0.02362766943896856,0.02111388150811012,0.026405414894897936,0.01384939369489682,0.032202594569898386,0.01982196276825644,0.02591192058342453,0.01788434574251365,0.013384886004718162,0.026023348825533022,0.029015926634270276,0.02537308110487798,0.02125965996444071,0.016809732438540996,0.03223133099996755,0.025343737842867822,0.023105746846732295,0.022213214967810667,0.025872141636277733,0.02590995134914486,0.022459578579597135,0.01928343994736183,0.017931159915246145
356,1.3016801809035166,0.2385661785425506,0.02376047188443039,1.3470725684790428,1.1851065153939229,0.9063602946423761,1.6216213104772632,1.274094478546243,1.4692685221710495,1.2489171023519678,1.4662683824558909,0.9883714816274147,1.457636609849914,1.0845010897322571,1.2995072481129815,1.0619503503285093,1.118309107470243,1.6145040305386904,1.289386284465785,1.432293041823581,1.2949778977325939,1.0882880018531158,1.3848494666380735,1.6517003310414897,1.363944674972967,1.1794301356650654,0.8649516951499341,1.5433710248852788,1.2782384508370481,1.4831416290301545,1.2525120766763682,1.9001193110488797,0.8997123131073903,0.022177215998592622,0.022476655939854692,0.02203286637686791,0.02104695474853728,0.015216996389147443,0.029789771590061673,0.03054178146750402,0.026935906091057206,0.022211380936248484,0.023156351309573556,0.02814981596823594,0.030167832177443465,0.022371957386971793,0.02756355739881309,0.021716372087042128,0.020478740467255827,0.020827720122669657,0.028871272969628888,0.022842348691385083,0.029401206387333303,0.0174620622229782,0.027478346216361412,0.02431646079251471,0.021880109330788138,0.027318406863645762,0.026433940458817008,0.019576555865414347,0.019095686542611734,0.02047464482285951,0.0208012389126968
357,1.2927187630978523,0.23693411697362232,0.023326206656356617,1.3470725684790428,1.1851065153939229,0.9063602946423761,1.6216213104772632,1.274094478546243,1.4692685221710495,1.2199693164488967,1.4662683824558909,0.9883714816274147,1.2628555782319428,1.0845010897322571,1.2995072481129815,1.0619503503285093,1.118309107470243,1.6145040305386904,1.286200689259879,1.432293041823581,1.2949778977325939,1.0882880018531158,1.3619118211491892,1.6517003310414897,1.363944674972967,1.1794301356650654,0.8649516951499341,1.5433710248852788,1.2592479748829573,1.4831416290301545,1.2525120766763682,1.9001193110488797,0.8997123131073903,0.01989598487261431,0.027879795941979986,0.024455115270086744,0.014320070160797675,0.020653448850081607,0.03206226438937487,0.0307109822024929,0.02941616130134657,0.02662446780476797,0.018907267094023336,0.020827577629733418,0.03266691280491617,0.02336094674708295,0.029956125226395645,0.014662081771988297,0.020836943033340962,0.016823545814316776,0.028003399809697925,0.02739522568158035,0.025793258082324248,0.0199858121450141,0.029215657449572722,0.024583835169802407,0.017904471013865574,0.028390252673833636,0.019110450787545325,0.024047205373449593,0.016906974322605243,0.01682352480341301,0.017566441462654053
358,1.285623894681573,0.2329648915592421,0.02290588023131223,1.3470725684790428,1.1851065153939229,0.9063602946423761,1.6216213104772632,1.2727073917778893,1.4692685221710495,1.2199693164488967,1.4662683824558909,0.9883714816274147,1.2628555782319428,1.0845010897322571,1.2995072481129815,1.0619503503285093,1.0878702437247303,1.4574429844821961,1.286200689259879,1.432293041823581,1.2949778977325939,1.0643289459350922,1.3619118211491892,1.6517003310414897,1.363944674972967,1.1794301356650654,0.8649516951499341,1.5433710248852788,1.2592479748829573,1.4831416290301545,1.2525120766763682,1.9001193110488797,0.8997123131073903,0.01856051072579744,0.02307579081886255,0.02595656902331405,0.019994566566654815,0.016444848123678593,0.027051997732217895,0.026854662471633865,0.020327630532071622,0.02604222728370438,0.025432076394515075,0.019957471407638015,0.03323760598456913,0.023496692855110673,0.024886586371023856,0.011804615568082393,0.011838290941969502,0.024092552328343383,0.030815662134345445,0.03018855926969883,0.021702963653538236,0.01729180163564155,0.028714916978868812,0.024491716141996703,0.02125702440667377,0.03034955922303883,0.01877224381635577,0.01974109511503088,0.026678435701520058,0.022502999666091365,0.015614734067379314
359,1.277232072525558,0.23178019194815602,0.0233918532571621,1.3470725684790428,1.1851065153939229,0.9063602946423761,1.6216213104772632,1.2727073917778893,1.3288117133024753,1.2199693164488967,1.4662683824558909,0.9883714816274147,1.1515577224200695,1.0845010897322571,1.2995072481129815,1.0619503503285093,1.0878702437247303,1.4574429844821961,1.286200689259879,1.432293041823581,1.2949778977325939,1.0643289459350922,1.3619118211491892,1.6517003310414897,1.363944674972967,1.1794301356650654,0.8649516951499341,1.5433710248852788,1.2592479748829573,1.4831416290301545,1.2525120766763682,1.9001193110488797,0.8997123131073903,0.018665357296205005,0.027851239167604146,0.025887823587885418,0.022092303820980146,0.014300870754522039,0.02780507562900189,0.0312498177223039,0.023443679022942032,0.023600724678448665,0.02397033437291035,0.021661742153158615,0.03535948764046154,0.023646836278619184,0.021830965162361864,0.01556493313941636,0.02200713696424011,0.024744149285921162,0.030581103861476333,0.02589466540926098,0.02094267419482282,0.020255248025629377,0.02050200763041287,0.022016079735871316,0.023590157953205716,0.030058543736653023,0.012794936273268184,0.024458235711798827,0.02524824942543944,0.028834727760464945,0.012896491319576686
360,1.2727049260527277,0.2324151312417081,0.022959257269717582,1.3470725684790428,1.1851065153939229,0.9063602946423761,1.6216213104772632,1.2727073917778893,1.2536540456301961,1.2199693164488967,1.4662683824558909,0.9883714816274147,1.1515577224200695,1.051012448512648,1.2995072481129815,1.0619503503285093,1.0878702437247303,1.4427778419545558,1.286200689259879,1.432293041823581,1.2949778977325939,1.0643289459350922,1.3619118211491892,1.6517003310414897,1.363944674972967,1.1669271928996818,0.8649516951499341,1.5433710248852788,1.2592479748829573,1.4831416290301545,1.2525120766763682,1.9001193110488797,0.8997123131073903,0.017552465477550263,0.020570009907672306,0.020767166266373465,0.023303698331014807,0.01820349337391336,0.02563217229931891,0.031122068200652497,0.025713408211994825,0.015068139236649989,0.02169268489482481,0.020528930832884804,0.03302734768602489,0.023820989369474528,0.027377220593304594,0.0163768248527483,0.02083651130930779,0.022719145970442358,0.02790043372224802,0.020650950273479636,0.023128105989254542,0.020105854631770063,0.02026665795022864,0.01699760041241325,0.022516153686456368,0.03350435730639512,0.01711689410913539,0.027059150829968473,0.02603983150377865,0.02445473360243304,0.024724717259813827
361,1.2601960662953315,0.22574689892962435,0.021765540132144715,1.3470725684790428,1.1851065153939229,0.9063602946423761,1.5016394135123936,1.2168349198766966,1.2536540456301961,1.2199693164488967,1.3003161856295908,0.9883714816274147,1.1515577224200695,1.0175532214831269,1.2995072481129815,1.0619503503285093,1.0878702437247303,1.4427778419545558,1.286200689259879,1.432293041823581,1.2949778977325939,1.0643289459350922,1.3619118211491892,1.6517003310414897,1.363944674972967,1.1669271928996818,0.8649516951499341,1.5433710248852788,1.2592479748829573,1.4831416290301545,1.2525120766763682,1.9001193110488797,0.8997123131073903,0.011604127080596601,0.019619220074589723,0.018279931031136266,0.029701406280852806,0.014010482272779748,0.029415690469686794,0.0317560663340195,0.01573473796552117,0.01690103872928582,0.01976447736353667,0.020393963320469756,0.022957278190076064,0.019184704081515912,0.02204964770515962,0.015177027831868396,0.020908514847325324,0.02768958647343568,0.026997498820655663,0.026004253636017164,0.020624520108564005,0.023330524820273098,0.0215410870223229,0.024367025301441178,0.025482662445982976,0.02738384856464391,0.010875934997357353,0.029093286489200097,0.021046712860951316,0.018320663365775893,0.02275028547930007
362,1.245573658982557,0.2291467324295189,0.023527585349652456,1.3470725684790428,1.1851065153939229,0.9063602946423761,1.5016394135123936,1.2168349198766966,1.2536540456301961,1.2199693164488967,1.3003161856295908,0.970043135979648,1.1515577224200695,0.8930593582313091,1.2995072481129815,1.0619503503285093,1.0678958199627542,1.43671959747055,1.2719099013087747,1.2309227897941821,1.2949778977325939,1.0643289459350922,1.3110283405640364,1.6517003310414897,1.363944674972967,1.1669271928996818,0.8649516951499341,1.5433710248852788,1.2592479748829573,1.479868807358145,1.2525120766763682,1.9001193110488797,0.8997123131073903,0.02442432757078544,0.021386091554569938,0.026584532110100926,0.026597359215443143,0.021499329402055116,0.02710637623966362,0.023577320712833996,0.01688004863381603,0.01904137415300056,0.026396563255157247,0.024743688827879237,0.027943151885712787,0.024684988482346147,0.026058623336292434,0.01428490198856767,0.019672883169932334,0.0253343012192659,0.024173208416169642,0.018828858703745267,0.026494581644354386,0.02604754102626078,0.029164226511031916,0.024061923287649573,0.028381201788583138,0.03198832883519655,0.0107505282849075,0.021646922162464045,0.025610095426022453,0.02144409293357481,0.021020189712191148
363,1.2389707203392593,0.23458875792744432,0.024566736563093144,1.3470725684790428,1.1851065153939229,0.9063602946423761,1.5016394135123936,1.2168349198766966,1.2536540456301961,1.2199693164488967,1.3003161856295908,0.970043135979648,1.1515577224200695,0.8930593582313091,1.2995072481129815,1.0619503503285093,1.0427033045304772,1.43671959747055,1.2719099013087747,1.2309227897941821,1.2949778977325939,0.9209891740605909,1.3110283405640364,1.6517003310414897,1.337464189579347,1.1638518063011465,0.8649516951499341,1.5433710248852788,1.2592479748829573,1.479868807358145,1.2525120766763682,1.9001193110488797,0.8997123131073903,0.023397191769524827,0.024688353915279654,0.0256620543514232,0.027234566313131713,0.0233608073842572,0.02678814341172107,0.029169396735316815,0.025835591302678165,0.02060257543787881,0.022568697799154023,0.022455362464673716,0.03583383088478346,0.024715448914192556,0.019905780146707387,0.011706662959547375,0.025521587357386293,0.023725961163923743,0.028372874711123507,0.0259029676091955,0.025329325496470552,0.020333059635351577,0.02391618494879193,0.026795004074091598,0.024358549702555486,0.023290103245505206,0.021310369591914655,0.030430279759891023,0.02528621801970272,0.02315746863274885,0.02534767915387178
364,1.2345542770502669,0.2353835791902826,0.024376690211176017,1.3470725684790428,1.1851065153939229,0.9063602946423761,1.5016394135123936,1.2168349198766966,1.2536540456301961,1.2199693164488967,1.3003161856295908,0.9502285640185204,1.1441058272476465,0.8930593582313091,1.2995072481129815,0.9939279583711493,1.0427033045304772,1.43671959747055,1.2719099013087747,1.2309227897941821,1.2949778977325939,0.9209891740605909,1.3110283405640364,1.6144958914626284,1.337464189579347,1.1638518063011465,0.8649516951499341,1.5433710248852788,1.2592479748829573,1.479868807358145,1.2525120766763682,1.9001193110488797,0.8997123131073903,0.027670427713559684,0.015711547370408505,0.03000973314145949,0.022111405724969314,0.023028092554204623,0.03010940109179948,0.03154006231970028,0.021998584209838468,0.01948849000444292,0.022040873581053742,0.024608877874022134,0.032378352123286915,0.03069288398246834,0.02199172993341515,0.011663661068282417,0.023189332372607868,0.023830655167107806,0.029629102276706818,0.024078285754050525,0.027765260890107554,0.02154815654920706,0.021523837944293255,0.028840378722976723,0.026232311412684683,0.03168430421733303,0.02106143150527049,0.027308692865126237,0.015043135113281411,0.025033252161897307,0.019488446689718233
365,1.2329975916922762,0.23708434261234068,0.024335846409436045,1.3470725684790428,1.1851065153939229,0.9063602946423761,1.5016394135123936,1.2168349198766966,1.2536540456301961,1.2199693164488967,1.3003161856295908,0.9075096817108634,1.1441058272476465,0.8930593582313091,1.2995072481129815,0.9939279583711493,1.0427033045304772,1.43671959747055,1.2719099013087747,1.2309227897941821,1.2949778977325939,0.9209891740605909,1.3110283405640364,1.6144958914626284,1.337464189579347,1.1638518063011465,0.8649516951499341,1.5433710248852788,1.2592479748829573,1.4758871289260864,1.2525120766763682,1.9001193110488797,0.8997123131073903,0.016336369580422436,0.02210473099604736,0.026218358285429164,0.026531183620626033,0.020922299996247617,0.030223434984125122,0.03537092283961697,0.027655465328873318,0.022107729026700433,0.028170530172144596,0.030264412123074548,0.03059299565663689,0.028391004602950645,0.022259419231321166,0.012076380863653341,0.024021573832891968,0.025084738704031183,0.029117464455403468,0.019858935601673858,0.033108841390092736,0.019443191890150452,0.024703441174503946,0.023172700431486122,0.019304236971517067,0.02724388921478169,0.020565142572296715,0.019013933188191876,0.02127127561893523,0.02534809632521921,0.019592693604036204
366,1.221964046433509,0.2290821935708316,0.02434231340457848,1.3470725684790428,1.1851065153939229,0.9063602946423761,1.5016394135123936,1.2168349198766966,1.2536540456301961,1.2191405319260338,1.3003161856295908,0.9075096817108634,1.1441058272476465,0.8930593582313091,1.2995072481129815,0.9938908949872034,1.0427033045304772,1.2455497412574528,1.2719099013087747,1.2309227897941821,1.2949778977325939,0.9209891740605909,1.3110283405640364,1.6144958914626284,1.337464189579347,1.1638518063011465,0.8649516951499341,1.4044003712421724,1.2592479748829573,1.4758871289260864,1.2525120766763682,1.9001193110488797,0.8997123131073903,0.021667751378947674,0.025839491888795578,0.02358972865609098,0.025081125711214815,0.014489912617962356,0.026479371678193905,0.03271879572036672,0.020314432819254196,0.0284505572062401,0.027230856641926985,0.02811583418019737,0.03197790200845897,0.020939701789516728,0.021273475932139657,0.014684525801773783,0.0198208710343125,0.025963833753648448,0.03497519079408194,0.015323247220442458,0.02394486235369762,0.026058722214140136,0.027528814734222834,0.015686183451741588,0.029276493648007405,0.025603215034188966,0.022150216533050104,0.027956682899051663,0.022798422785085183,0.027328526885513016,0.023000654765090806
367,1.2153898388256936,0.2218742137308376,0.024661329986921814,1.3470725684790428,1.1851065153939229,0.9063602946423761,1.5016394135123936,1.2168349198766966,1.2536540456301961,1.2191405319260338,1.3003161856295908,0.9075096817108634,1.1441058272476465,0.8930593582313091,1.2995072481129815,0.9938908949872034,1.0427033045304772,1.2455497412574528,1.2719099013087747,1.2309227897941821,1.2949778977325939,0.9209891740605909,1.3110283405640364,1.550108668091092,1.337464189579347,1.1638518063011465,0.8649516951499341,1.4044003712421724,1.2592479748829573,1.3430481240631562,1.2525120766763682,1.9001193110488797,0.8997123131073903,0.02213979590697648,0.020579316065108277,0.02533057527859138,0.02066619317361928,0.02373658512572422,0.02401189712304653,0.04125401551096245,0.02491682400584895,0.028376803010498795,0.029509999309300868,0.023544410863206355,0.02644526011162738,0.01951570373977979,0.02613129197783466,0.018140157208762754,0.02611776447633521,0.01942769454919762,0.03522424531837945,0.016917664900290105,0.02598782255136612,0.021139895341593364,0.028773148853453175,0.02133506701898319,0.028658463092069923,0.025154655819518416,0.020155997862665104,0.02367954848459103,0.026885968999285206,0.02525651845336016,0.020826615475678233
368,1.2127136536721788,0.2214498764261029,0.02607640550608635,1.3470725684790428,1.1851065153939229,0.9063602946423761,1.5016394135123936,1.1994418668540026,1.2536540456301961,1.2191405319260338,1.3003161856295908,0.9075096817108634,1.142026312102438,0.8930593582313091,1.2995072481129815,0.9938908949872034,1.0427033045304772,1.2455497412574528,1.2719099013087747,1.2309227897941821,1.2341649112950503,0.9209891740605909,1.3110283405640364,1.550108668091092,1.337464189579347,1.1638518063011465,0.8649516951499341,1.4044003712421724,1.2592479748829573,1.3430481240631562,1.2525120766763682,1.9001193110488797,0.8997123131073903,0.020022642033833943,0.023274986579616803,0.02413412019277418,0.02879043134580024,0.024300976684993144,0.026109844104225895,0.037176849297961834,0.02087838114077124,0.02864247765652006,0.027477487639245898,0.018588120254028256,0.027265870144874756,0.025581951847238042,0.028145088456440724,0.022832718680240605,0.02616060118787069,0.026625972643603044,0.0357413667768706,0.027486289283429347,0.024075688922368648,0.025242880848004755,0.026846349158318787,0.021800405825940762,0.03138970821461726,0.02488465856078632,0.020325315148955456,0.024699206559148163,0.028666123577921587,0.029639802390254367,0.025485850025935092
369,1.2075481558026195,0.2227699614960689,0.025311790508236908,1.3470725684790428,1.1851065153939229,0.9063602946423761,1.5016394135123936,1.1994418668540026,1.2536540456301961,1.2191405319260338,1.2878672530414943,0.9075096817108634,1.142026312102438,0.8930593582313091,1.2995072481129815,0.962229112029537,1.0427033045304772,1.1357132503628518,1.2719099013087747,1.2309227897941821,1.2341649112950503,0.9209891740605909,1.3110283405640364,1.550108668091092,1.337464189579347,1.1638518063011465,0.8639339655035205,1.4044003712421724,1.2592479748829573,1.3430481240631562,1.2525120766763682,1.9001193110488797,0.8997123131073903,0.02049765259703298,0.025606821695243226,0.021335921921937326,0.021305098798825195,0.024198255438894176,0.03184181664156344,0.035652219602285914,0.019481322931265806,0.021391296883776355,0.034088224254718316,0.02490171514428531,0.029504826911191325,0.026273613305819076,0.028158828219426644,0.02157023762739898,0.023305332635262865,0.026448583699391574,0.03224086840554968,0.02681785558266441,0.027678336285860666,0.025517841911250005,0.024516584945306563,0.020776023645643436,0.02677572920094317,0.023544407346128664,0.01710197429064173,0.023570370152560496,0.026387520691283396,0.023448195584458684,0.025416238896497755
370,1.2005171078309613,0.22134036312155556,0.025355179248148656,1.3470725684790428,1.1851065153939229,0.9063602946423761,1.5016394135123936,1.1994418668540026,1.2536540456301961,1.2191405319260338,1.2878672530414943,0.9075096817108634,1.142026312102438,0.8930593582313091,1.2995072481129815,0.962229112029537,1.0427033045304772,1.1357132503628518,1.2509872646420956,1.2309227897941821,1.2341649112950503,0.9209891740605909,1.3110283405640364,1.550108668091092,1.1514912232951784,1.1638518063011465,0.8639339655035205,1.4003645350432774,1.2592479748829573,1.3430481240631562,1.2525120766763682,1.9001193110488797,0.8997123131073903,0.022715363153897397,0.02315241120305888,0.016394386207950362,0.025318464622547086,0.025350453218737683,0.028935538841704946,0.03596891056667706,0.016350910235543692,0.026723862678931856,0.03423172600381456,0.016656824586715965,0.030973412431394454,0.023641846688890716,0.029024028560267395,0.020151765891510316,0.020088712811649,0.031679965291865265,0.03956601384429486,0.025392231857658598,0.030227617561245094,0.024312953907547168,0.02336217028070078,0.019133173899189143,0.021055709788582976,0.024316873231940504,0.017956538110624774,0.029062491106350494,0.02068418449011092,0.027761415608782446,0.03046542076227525
371,1.1874629496665923,0.2221931144490652,0.024169644914406863,1.1978550249718265,1.1851065153939229,0.9063602946423761,1.4655260703363813,1.1893658754288094,1.2536540456301961,1.2191405319260338,1.2878672530414943,0.8653209717338801,1.142026312102438,0.8930593582313091,1.2995072481129815,0.9218736079546059,1.0427033045304772,1.109456863994137,1.2509872646420956,1.2309227897941821,1.2341649112950503,0.9209891740605909,1.3110283405640364,1.550108668091092,1.1514912232951784,1.1638518063011465,0.8287287298122519,1.3481525043325218,1.2592479748829573,1.3430481240631562,1.2525120766763682,1.9001193110488797,0.8997123131073903,0.021950842493681795,0.023159075740707375,0.022191421206552396,0.022969572180377443,0.02254396350244938,0.024687347213048452,0.03123938329125288,0.016787452115097103,0.02147045474931123,0.02850840023226844,0.02476106770398099,0.034787971614719485,0.020831723150475337,0.02113279411988412,0.01908427583741321,0.01940783414588309,0.023954510298650734,0.030254759473266727,0.023557991666950738,0.029750008012343676,0.020803432019883158,0.021608634078941362,0.024668478303654928,0.027501574347821533,0.028753267378096657,0.01828549850412317,0.026942982537454904,0.020083619971441327,0.028047965861248615,0.025363045681225663
372,1.1828898698190398,0.22007040060042216,0.023373672219236093,1.1978550249718265,1.1844016328635942,0.9063602946423761,1.4655260703363813,1.1893658754288094,1.2536540456301961,1.2191405319260338,1.2878672530414943,0.8653209717338801,1.142026312102438,0.8930593582313091,1.2995072481129815,0.9218736079546059,1.0427033045304772,1.109456863994137,1.2509872646420956,1.2211176607929919,1.2341649112950503,0.9209891740605909,1.3110283405640364,1.5112518049596777,1.1155466697050938,1.1629440552690693,0.8287287298122519,1.3481525043325218,1.2592479748829573,1.3430481240631562,1.2015388605348893,1.9001193110488797,0.8997123131073903,0.020222782085062452,0.015551547631718796,0.015189489742442393,0.02223581725198825,0.01995104098307455,0.027863011312254778,0.029010364945817255,0.01866563763743974,0.023168952564248883,0.022520041781050115,0.023092084121120505,0.030544019856865934,0.019710161975110614,0.025789042900641705,0.01869122216199145,0.023686053592004985,0.027568071227235955,0.032135973621057516,0.024259099380042462,0.026207461294141893,0.025131565904073422,0.02140372993539844,0.01872692601280465,0.025246910779035014,0.021920573831205326,0.022329688047597024,0.026321352201937973,0.02114799055242296,0.030877801547777337,0.022041751699520266
373,1.181148479088086,0.21894039908901888,0.02314141703832238,1.1978550249718265,1.1844016328635942,0.9063602946423761,1.4655260703363813,1.1893658754288094,1.2536540456301961,1.2191405319260338,1.2878672530414943,0.8653209717338801,1.142026312102438,0.8916748103438867,1.2995072481129815,0.9139122790246543,1.0427033045304772,1.109456863994137,1.2509872646420956,1.2211176607929919,1.2341649112950503,0.90015635140248,1.3110283405640364,1.5112518049596777,1.1155466697050938,1.1629440552690693,0.8287287298122519,1.3481525043325218,1.2592479748829573,1.3430481240631562,1.2015388605348893,1.8780562885957477,0.8997123131073903,0.02699768873071599,0.021350162198820348,0.01911188061907881,0.018544832318288497,0.015164904031559744,0.025632955007016955,0.02900330670010695,0.022581237847837082,0.01887656941105835,0.019435036015756885,0.026916885975399353,0.04047717292977086,0.023051110461197448,0.031541153463924144,0.0183056662095162,0.0245649650748992,0.02244169859346959,0.028578398099167977,0.012060262715275504,0.019794023632409986,0.024376949169461624,0.01965342299877235,0.02376839789055868,0.02409983572830194,0.027480550504011006,0.011804123286337249,0.02848530009079129,0.022980707877842788,0.02528209556719657,0.02188121800112798
374,1.1789301294507593,0.22227668453819835,0.02382276988323814,1.1978550249718265,1.1844016328635942,0.9063602946423761,1.4655260703363813,1.1893658754288094,1.2536540456301961,1.2191405319260338,1.2878672530414943,0.8011252023319426,1.142026312102438,0.8916748103438867,1.2995072481129815,0.9139122790246543,1.0427033045304772,1.109456863994137,1.2509872646420956,1.2211176607929919,1.2341649112950503,0.90015635140248,1.3110283405640364,1.5112518049596777,1.1155466697050938,1.1629440552690693,0.8287287298122519,1.3481525043325218,1.2568932551651,1.3430481240631562,1.2015388605348893,1.8780562885957477,0.8997123131073903,0.021266429146124116,0.025602164309685718,0.027038036693576625,0.02527258416392367,0.01827114200212017,0.023099859129822358,0.025856308581263764,0.019716519141602825,0.014548431448132412,0.026669434663460112,0.025244293882047228,0.027986797884364832,0.02414774716803577,0.034511028638003226,0.02187075802910364,0.020010421576848222,0.03215274925614079,0.025451748073406597,0.024758108270099055,0.025866295575312,0.02566271698708499,0.021868964829967,0.01794550759172401,0.023990971296445424,0.03087337675757676,0.01802715853541757,0.027339451724331342,0.01598374192513128,0.025085077800198755,0.01856527141619396
375,1.1760482783345987,0.21959683263713511,0.02491362905785197,1.1978550249718265,1.1844016328635942,0.9063602946423761,1.4082033468526949,1.1893658754288094,1.2536540456301961,1.2110676318859324,1.2878672530414943,0.8011252023319426,1.142026312102438,0.8916748103438867,1.2995072481129815,0.9139122790246543,1.0427033045304772,1.109456863994137,1.2509872646420956,1.2211176607929919,1.2341649112950503,0.90015635140248,1.289968430603008,1.5112518049596777,1.1155466697050938,1.1629440552690693,0.8287287298122519,1.3481525043325218,1.2568932551651,1.3430481240631562,1.2015388605348893,1.8780562885957477,0.8997123131073903,0.02291533648557877,0.026372516784605893,0.026154572334411538,0.023815383463944503,0.026161436075559708,0.03343873544904197,0.029895128986314176,0.023414398610749725,0.016386641454743174,0.024277822000200813,0.023080841705872036,0.02516737290879034,0.02540093768832046,0.032892328375568956,0.022171646151013517,0.01893050381791484,0.027549307803774434,0.03182163105439771,0.02395036112594878,0.02466437700940477,0.029125048494407144,0.026338261957984076,0.01573067813409941,0.03012433386929428,0.026555316535600657,0.015609025848716714,0.026838554963951527,0.02279162386037093,0.023866097220595614,0.021968651564382685
376,1.1618408748791609,0.2261582916570182,0.02507890484853974,1.1978550249718265,0.8582296979102826,0.9063602946423761,1.4082033468526949,1.1893658754288094,1.2536540456301961,1.2110676318859324,1.2009569774204008,0.8011252023319426,1.142026312102438,0.8916748103438867,1.2995072481129815,0.9139122790246543,1.0427033045304772,1.109456863994137,1.2509872646420956,1.2211176607929919,1.2327733368825773,0.8950804460488162,1.289968430603008,1.5112518049596777,1.1155466697050938,1.1629440552690693,0.8287287298122519,1.3481525043325218,1.2568932551651,1.3430481240631562,1.2015388605348893,1.8772154140766628,0.8938807743038812,0.018871236806599495,0.024515376173778823,0.020642848330449062,0.024127209106381952,0.025542843033037173,0.033899737184594,0.03295867095902651,0.022393680289429896,0.015811609005971807,0.024965631932069778,0.024648386783955784,0.03797109473582783,0.027004187116074517,0.03001569092634063,0.02533558778683597,0.019948016926761607,0.029234312740185026,0.027039801079900193,0.018748266754127146,0.029488294460738217,0.02303808926044364,0.026549844659003553,0.01952274923235066,0.028690454766422208,0.031827068834533845,0.018872207610403972,0.026242697385701386,0.015982234037110958,0.02481309763925625,0.023666219898880243
377,1.158450465751855,0.22681848462257045,0.02266458003392696,1.1978550249718265,0.8582296979102826,0.9063602946423761,1.4082033468526949,1.1893658754288094,1.2536540456301961,1.2110676318859324,1.2009569774204008,0.8011252023319426,1.1264593027431506,0.8916748103438867,1.2995072481129815,0.9139122790246543,1.0427033045304772,1.109456863994137,1.2509872646420956,1.2211176607929919,1.2327733368825773,0.8950804460488162,1.289968430603008,1.5112518049596777,1.0527175951602428,1.1629440552690693,0.8287287298122519,1.3481525043325218,1.2568932551651,1.3430481240631562,1.1782226706198569,1.8772154140766628,0.8938807743038812,0.017897667985994164,0.02527730566112075,0.014071258185178709,0.023823959011752327,0.021405267938479057,0.02364329228227043,0.027010261037875998,0.019236684804337538,0.013432568116287468,0.022044109084586195,0.019132975513521746,0.030710823764585823,0.02262587764166861,0.021959103240205648,0.02096099670744213,0.023313207127556808,0.030021324248864403,0.024573839083190288,0.02307923399932805,0.027443749986705155,0.025661810593206782,0.02659391905061271,0.02053736458431185,0.020673585341202012,0.025999589894523736,0.015101595562836271,0.02745033556673733,0.019440404426692627,0.024666246804376672,0.022149043772357397
378,1.1581214989950406,0.22720697668449505,0.02450100106213043,1.1978550249718265,0.8582296979102826,0.9063602946423761,1.4082033468526949,1.1893658754288094,1.2536540456301961,1.2110676318859324,1.2009569774204008,0.8011252023319426,1.1264593027431506,0.8916748103438867,1.2995072481129815,0.9138950063253586,1.0427033045304772,1.109456863994137,1.2509872646420956,1.2211176607929919,1.2327733368825773,0.8852287160436778,1.289968430603008,1.5112518049596777,1.0527175951602428,1.1629440552690693,0.8287287298122519,1.3481525043325218,1.2568932551651,1.3430481240631562,1.1782226706198569,1.8772154140766628,0.8938807743038812,0.027842731758183144,0.024487527307553224,0.022086676483076422,0.025751179044391996,0.016977875356454005,0.02718509401482056,0.034789812189333476,0.023537153276114324,0.0235763039373739,0.026145602221303,0.02166942770810259,0.03474590031641339,0.02002302085878238,0.020421983084753934,0.021537832836191317,0.02577254864775291,0.027396284765883114,0.02420911927089596,0.01860105168680936,0.027875866534084713,0.021522221773824454,0.038694510729497436,0.028339365115860674,0.025233272409613594,0.02198152902056714,0.019377242953196844,0.025021598900143324,0.013814395540764792,0.025316865855459045,0.02109603826671181
379,1.1566473501771997,0.22643118588363023,0.024174189281254824,1.1978550249718265,0.8582296979102826,0.9063602946423761,1.4082033468526949,1.1893658754288094,1.2536540456301961,1.2110676318859324,1.2009569774204008,0.8011252023319426,1.1264593027431506,0.8916748103438867,1.2554166700183527,0.9138950063253586,1.04256941808988,1.109456863994137,1.2509872646420956,1.2211176607929919,1.2327733368825773,0.8852287160436778,1.289968430603008,1.5112518049596777,1.0527175951602428,1.1629440552690693,0.8287287298122519,1.3481525043325218,1.2568932551651,1.3430481240631562,1.1782226706198569,1.8772154140766628,0.8938807743038812,0.023742454974075584,0.025821108731047995,0.021753551194288033,0.019012486683568173,0.02269636951500127,0.020535013903424635,0.0416067039183313,0.018425324483178164,0.024350420622710648,0.024431114653414875,0.023402795227607787,0.030262063098881305,0.020135013456150465,0.016865983998916468,0.023221872042364984,0.016382439565989785,0.024153329178142283,0.030529499141342235,0.026397730221897925,0.02264467780683176,0.019619923473665715,0.032568645052927246,0.027246676042038828,0.02492738165895783,0.028283846893524034,0.025570670379645374,0.026264755843425535,0.016951103847251712,0.028257310708462588,0.01916541212058017
380,1.1542774557414874,0.22405734661749663,0.025296154451471806,1.1978550249718265,0.8582296979102826,0.9063602946423761,1.4082033468526949,1.1893658754288094,1.2536540456301961,1.2110676318859324,1.2009569774204008,0.8011252023319426,1.1264593027431506,0.8916748103438867,1.2554166700183527,0.9138950063253586,1.04256941808988,1.109456863994137,1.2509872646420956,1.2211176607929919,1.2210828314333537,0.8852287160436778,1.289968430603008,1.5112518049596777,1.0527175951602428,1.1629440552690693,0.8287287298122519,1.3481525043325218,1.2337410582281128,1.3430481240631562,1.1782226706198569,1.8538618927189643,0.8809801649764286,0.021705167584683834,0.02552274168219535,0.02373044820251405,0.022534194913213436,0.01672438111979981,0.02690445450803473,0.03679221097257054,0.022076415770939106,0.02165071266034777,0.0315564466210328,0.020728788198437317,0.02860853242051186,0.02320633872612778,0.021655326397709864,0.02863028159727355,0.023060732961284046,0.024931120839912682,0.026419858066468887,0.028042100587587517,0.025616587995706912,0.01886626533284002,0.029779682040252147,0.03035202269152989,0.020876049398891122,0.03053479889728871,0.02792980420026093,0.029973326236648414,0.021975243394147914,0.025382571049744715,0.02311802847619856
381,1.1447279842484188,0.22515632062013222,0.02388074034162674,1.1978550249718265,0.8582296979102826,0.9063602946423761,1.3740960704086054,1.1893658754288094,1.2536540456301961,1.2110676318859324,1.111559619287235,0.8011252023319426,1.1264593027431506,0.8916748103438867,1.2554166700183527,0.9138950063253586,1.04256941808988,1.109456863994137,1.2509872646420956,1.2211176607929919,1.2210828314333537,0.8852287160436778,1.289968430603008,1.5112518049596777,1.0341284186732485,1.1629440552690693,0.8287287298122519,1.3481525043325218,1.2337410582281128,1.3430481240631562,1.0750607228218567,1.8538618927189643,0.8397517790466122,0.0271376645548463,0.022079559716442123,0.02695155921511239,0.016664902996706168,0.018868771783686775,0.02756420798759126,0.03744692334542762,0.01786752931273065,0.01728737620397626,0.02853781668049562,0.01804879879536389,0.026938109119313738,0.022949086611888967,0.020185811252271032,0.026349969938454322,0.019832182891565055,0.022179998239161496,0.02659703475445683,0.029065938459243525,0.02090806922121763,0.02081270559848297,0.03277056074532099,0.027695549741506703,0.021494215013374333,0.02157812105842046,0.02339234709587046,0.028225399320176682,0.01706374600240923,0.03208103940078089,0.017847215192507645
382,1.1440075055136816,0.22598312025959397,0.022886142341901047,1.1978550249718265,0.8582296979102826,0.8983595289197948,1.3740960704086054,1.1893658754288094,1.2536540456301961,1.2110676318859324,1.111559619287235,0.8011252023319426,1.1264593027431506,0.8916748103438867,1.2554166700183527,0.9138950063253586,1.04256941808988,1.109456863994137,1.2509872646420956,1.2211176607929919,1.2210828314333537,0.8724903568064843,1.289968430603008,1.5112518049596777,1.0341284186732485,1.1629440552690693,0.8278534927299117,1.3481525043325218,1.2337410582281128,1.3430481240631562,1.0750607228218567,1.8538618927189643,0.8397517790466122,0.0185322180169154,0.021112964887297955,0.01985997110841263,0.018495117264296687,0.01838860352789331,0.026606468722559576,0.02987001278792243,0.017559892060151683,0.01926034438059849,0.022950077136920367,0.017316458472001844,0.028393798348006045,0.0162558708773368,0.017847052124789906,0.016796493152948795,0.02102816801041233,0.024760798688033075,0.027139077542012696,0.02746122487419528,0.026780571969033752,0.025042961850472573,0.02579993728017244,0.026502944702241578,0.02587697205253365,0.02750286009655089,0.021417278808786133,0.028977791560863136,0.02436725674171715,0.02764811524156978,0.017032967970384935
383,1.1431355750317436,0.22553446609073316,0.02387729447103609,1.1978550249718265,0.8582296979102826,0.8983595289197948,1.3740960704086054,1.1893658754288094,1.2536540456301961,1.2110676318859324,1.111559619287235,0.8011252023319426,1.1264593027431506,0.8916748103438867,1.2554166700183527,0.9031769779922709,1.04256941808988,1.109456863994137,1.2509872646420956,1.2211176607929919,1.2210828314333537,0.8724903568064843,1.289968430603008,1.4958119188346264,1.0341284186732485,1.1629440552690693,0.8278534927299117,1.3481525043325218,1.2337410582281128,1.3430481240631562,1.0750607228218567,1.8538618927189643,0.8397517790466122,0.019204116332876234,0.019920294769493193,0.025813259133758905,0.02497597137371224,0.020388182469416063,0.023914802949510802,0.035227548163782416,0.023390860567419333,0.019669277073612722,0.02019418181114532,0.02106484585521617,0.03153566109964963,0.01760369823032693,0.021063689888957383,0.02720061723673508,0.019501266353408153,0.02192278949381724,0.02776972143010678,0.018500954852462014,0.030953818793083815,0.02039674633612871,0.030495455641540825,0.024989274990182112,0.019394852638202988,0.029726617825254556,0.024321058598640467,0.02621660110083325,0.018446330473348184,0.031008179871628065,0.021508158776833135
384,1.1329952925318956,0.21520473146510496,0.023773102439214558,1.1978550249718265,0.8582296979102826,0.8983595289197948,1.3740960704086054,1.1893658754288094,1.2536540456301961,1.1655371545839341,1.111559619287235,0.8011252023319426,1.1264593027431506,0.8916748103438867,1.2554166700183527,0.9031769779922709,1.04256941808988,1.109456863994137,1.2509872646420956,1.2211176607929919,1.2210828314333537,0.8389749105275226,1.289968430603008,1.4958119188346264,1.0341284186732485,1.1629440552690693,0.8278534927299117,1.3481525043325218,1.2337410582281128,1.3430481240631562,1.0750607228218567,1.6989459625738736,0.7695051577772252,0.015075550440163565,0.019283687295749023,0.0268395974347354,0.02604275317830414,0.025815384974293837,0.02364427399227465,0.030625469453151692,0.02235986037935413,0.021942638577102387,0.0200813397544155,0.02198154333453,0.02785795614057891,0.018684795846052475,0.02095513519867221,0.02384653655238782,0.023833991086611675,0.02439319456753883,0.02978386127546457,0.023889350322092818,0.028704256193400286,0.013771437937642197,0.026894206369275662,0.027836597142816083,0.024767302914264024,0.027185473750794928,0.025745189229640246,0.028239843698264447,0.01759665732299885,0.02180339589228444,0.023711792921582025
385,1.1323519504894173,0.21484151650336158,0.02387973372505779,1.1978550249718265,0.8582296979102826,0.8983595289197948,1.3740960704086054,1.1893658754288094,1.2411987772347222,1.1655371545839341,1.111559619287235,0.8011252023319426,1.1264593027431506,0.8916748103438867,1.2554166700183527,0.9031769779922709,1.04256941808988,1.109456863994137,1.2509872646420956,1.2211176607929919,1.2210828314333537,0.8389749105275226,1.2837919682506826,1.4958119188346264,1.0341284186732485,1.1629440552690693,0.8278534927299117,1.3481525043325218,1.2337410582281128,1.3430481240631562,1.0743921922952997,1.6989459625738736,0.7695051577772252,0.022510561421269327,0.026703530775002347,0.017413068181336908,0.025274522808166274,0.020406472894998157,0.023758883716229365,0.03692170714685409,0.026692655168864817,0.024752740757959107,0.02571606468519541,0.020587822949892406,0.025670417594408596,0.021172536034973172,0.017302121260295407,0.02082838905863501,0.027416482233243843,0.02284523661850142,0.031197474264587487,0.027260805027549816,0.028551118696801336,0.012106377226516161,0.025575035672107678,0.023802007506414712,0.020098906746048455,0.018120678740796335,0.027721524550453874,0.02974797187672134,0.019459730992178147,0.019223454188945964,0.02755371295678673
386,1.1230661248308087,0.2066706238951807,0.023914922956303358,1.1978550249718265,0.8582296979102826,0.8983595289197948,1.1606427303197262,1.1893658754288094,1.2411987772347222,1.1655371545839341,1.111559619287235,0.8011252023319426,1.1264593027431506,0.8916748103438867,1.2554166700183527,0.9031769779922709,1.04256941808988,1.109456863994137,1.2509872646420956,1.2211176607929919,1.2210828314333537,0.8389749105275226,1.2837919682506826,1.4306904891652477,1.0341284186732485,1.1629440552690693,0.8278534927299117,1.3481525043325218,1.2337410582281128,1.3430481240631562,1.0743921922952997,1.6989459625738736,0.7695051577772252,0.027965932620687996,0.02735186714604495,0.021459723013771075,0.023897880005698664,0.020902297423906972,0.027397413920698332,0.028051500165315386,0.027586252317553368,0.018901398446619058,0.02474491009125035,0.02009613851608922,0.028786372554657,0.01666257737854028,0.02411433528770674,0.017091502584325624,0.021434738210942085,0.02109301228933598,0.02668118132083516,0.028442039278909828,0.026257707078650584,0.01362933623017782,0.02788055563710849,0.027398299759747478,0.014950799492939464,0.027582578009367587,0.022984275841438778,0.03215440621035377,0.020792048598877663,0.021846858353942025,0.029309750903609
387,1.1152825244050162,0.2026834665371549,0.024249969677663408,1.1978550249718265,0.8582296979102826,0.8983595289197948,1.1606427303197262,1.1893658754288094,1.2411987772347222,1.1655371545839341,1.111559619287235,0.8011252023319426,1.1264593027431506,0.8916748103438867,1.2554166700183527,0.9031769779922709,1.04256941808988,1.109456863994137,1.2395400740007827,1.2211176607929919,1.2210828314333537,0.8389749105275226,1.2837919682506826,1.4306904891652477,1.0341284186732485,1.0923756690776867,0.8278534927299117,1.3481525043325218,1.2337410582281128,1.1915556881220764,1.0743921922952997,1.6989459625738736,0.7695051577772252,0.022285939908841312,0.03178350091899704,0.025688673630703443,0.03035796172182858,0.020126526864258216,0.02275169175106266,0.03583147727772584,0.025581344409940723,0.020026620658407757,0.028685070581033128,0.016573913002454085,0.026242702615506642,0.021098016927713913,0.030690155587688114,0.015738573977452538,0.02273548890034334,0.01943685122811342,0.026537457452883002,0.026938396570936343,0.03040234563853942,0.009727945932074301,0.02819964860379913,0.029409725471577105,0.022260634425822504,0.025908048542917124,0.020961729767192808,0.027499790389399977,0.02053298040740027,0.022602767935837553,0.020883109229451996
388,1.1135998108641263,0.20207709134148502,0.024061855899094743,1.1978550249718265,0.8582296979102826,0.8983595289197948,1.1606427303197262,1.1893658754288094,1.2411987772347222,1.1655371545839341,1.092305964891605,0.8011252023319426,1.1264593027431506,0.8916748103438867,1.2247025913440521,0.9031769779922709,1.04256941808988,1.109456863994137,1.2390264008440188,1.2211176607929919,1.2210828314333537,0.8389749105275226,1.2837919682506826,1.4306904891652477,1.0341284186732485,1.0923756690776867,0.8278534927299117,1.3481525043325218,1.2337410582281128,1.1915556881220764,1.0743921922952997,1.6989459625738736,0.7695051577772252,0.02339308816135134,0.03008224584024961,0.025159766455067543,0.02776865286089486,0.023768289871063362,0.024265025130031877,0.02796971013343851,0.024185970715539,0.022479746364636077,0.02798761243275538,0.021261342759506304,0.024227709004567763,0.0197724292223296,0.025287419984992485,0.016613174507162317,0.01773383115323249,0.023120593072078158,0.028534131400024074,0.02805733500815792,0.027205735042705875,0.016207761549196526,0.026707932039503376,0.025898548563035834,0.016786827986193596,0.02820154388441902,0.02270840621143541,0.024785791109103505,0.02654076323692002,0.023303171307911996,0.021841121965338293
389,1.113039352238025,0.2017912860455149,0.02345758594209422,1.1978550249718265,0.8582296979102826,0.8983595289197948,1.1606427303197262,1.1893658754288094,1.2411987772347222,1.1655371545839341,1.092305964891605,0.8011252023319426,1.1264593027431506,0.8916748103438867,1.2078888325610149,0.9031769779922709,1.04256941808988,1.109456863994137,1.2390264008440188,1.2211176607929919,1.2210828314333537,0.8389749105275226,1.2837919682506826,1.4306904891652477,1.0341284186732485,1.0923756690776867,0.8278534927299117,1.3481525043325218,1.2337410582281128,1.1915556881220764,1.0743921922952997,1.6989459625738736,0.7695051577772252,0.02018097707915459,0.027994098024422962,0.031081275326905137,0.018275366211905186,0.01961364756923329,0.02846111617934626,0.029307347533996275,0.025511390491857012,0.01887133193780538,0.03141331960883562,0.02592302897960546,0.02868326643978274,0.019481445848904606,0.022315273167740134,0.017447510675364965,0.020894837036350852,0.023353595245748385,0.028349563350964377,0.028639809940782482,0.0230266548722177,0.011427347233379874,0.025087398285378617,0.0228020375817169,0.018232571272879673,0.017809359550404903,0.023434757925045336,0.028621140155554087,0.02170376769305762,0.028023750130603535,0.017760592913882562
390,1.1110581488475793,0.2022224250369292,0.023529903342446826,1.1978550249718265,0.8582296979102826,0.8983595289197948,1.1606427303197262,1.1893658754288094,1.2411987772347222,1.1655371545839341,1.092305964891605,0.8011252023319426,1.1264593027431506,0.8916748103438867,1.2078888325610149,0.9031769779922709,1.04256941808988,1.109456863994137,1.2390264008440188,1.2211176607929919,1.2210828314333537,0.8389749105275226,1.2837919682506826,1.4306904891652477,0.9902353396335113,1.0923756690776867,0.8278534927299117,1.3481525043325218,1.21819803555448,1.1915556881220764,1.0743921922952997,1.6989459625738736,0.7695051577772252,0.02161464398063458,0.027650674411774497,0.027485295265133713,0.02081178268703025,0.017402704907331895,0.028221960929799585,0.028712495957711283,0.024556872324002464,0.025244428700266757,0.023057684373898713,0.017087945325746992,0.0224306433346341,0.02374141617876694,0.03541570957739521,0.02469121514501893,0.019058526708155905,0.02050999039431435,0.021330159410039518,0.028666123716495157,0.027246940507545368,0.018280588016876913,0.025316721661591407,0.024552465861382003,0.023790679372213318,0.020859046685961977,0.018727000242762488,0.02510278599705157,0.02647757788057667,0.020763327254170384,0.017089693465121746
391,1.096989778762464,0.20342391444678315,0.02439557233149958,1.1148050575869743,0.8582296979102826,0.8347972534569981,1.1606427303197262,1.1893658754288094,1.2411987772347222,1.1655371545839341,1.092305964891605,0.8011252023319426,1.1264593027431506,0.8916748103438867,1.1517011131448496,0.9031769779922709,1.04256941808988,1.109456863994137,1.2390264008440188,1.128165538431276,1.2210828314333537,0.8389749105275226,1.2362556391044461,1.4306904891652477,0.9902353396335113,1.0923756690776867,0.823630988279032,1.3481525043325218,1.21819803555448,1.1915556881220764,1.032672662777863,1.6989459625738736,0.7366845029638545,0.017504350209867764,0.025100996631150247,0.025241299876801553,0.022493814319450182,0.0202210253359541,0.028963310574602146,0.03194321091150518,0.02057269569636244,0.025356604068375973,0.027591741938682798,0.023654243156807704,0.02716844830886593,0.02263783307923491,0.028651958222687825,0.02301862630401051,0.017430502823044765,0.028115600219708832,0.027235844179997196,0.025960134487166824,0.03262579554749698,0.015891499735588482,0.0225568948727303,0.028863490404992254,0.017328885135335353,0.027183376197995945,0.02004088112636592,0.027184929254799286,0.024126395171821576,0.026879133008180366,0.020323649145404014
392,1.0969605357096883,0.2034632680840788,0.024224612131997537,1.1148050575869743,0.8582296979102826,0.8347972534569981,1.1606427303197262,1.1893658754288094,1.2411987772347222,1.1655371545839341,1.092305964891605,0.8011252023319426,1.1264593027431506,0.8916748103438867,1.1517011131448496,0.9031769779922709,1.04256941808988,1.109456863994137,1.2390264008440188,1.128165538431276,1.2210828314333537,0.8389749105275226,1.2362556391044461,1.4306904891652477,0.9902353396335113,1.0923756690776867,0.8227536966957598,1.3481525043325218,1.21819803555448,1.1915556881220764,1.032672662777863,1.6989459625738736,0.7366845029638545,0.01975133955525968,0.027733040608957114,0.025280974213110305,0.02162532605902327,0.021636913345953808,0.02610196158187427,0.02970520157488761,0.01784564378250362,0.021054195047133035,0.026444392996117984,0.023017650477123577,0.026754317049300213,0.03004662666899352,0.02239059985381582,0.022810165035602063,0.018564483393788963,0.02070168011961744,0.02700677419077378,0.02527337654990261,0.026552453921298028,0.02349482298031325,0.02201795455823004,0.022700548620776643,0.023674430684189937,0.028843293982117088,0.02646981103601788,0.02580701292354324,0.02340842202483211,0.02824478719830926,0.021780163926559855
393,1.091586476128817,0.20677372997679708,0.02327084890310358,1.1148050575869743,0.8582296979102826,0.8347972534569981,1.0757570982047437,1.1893658754288094,1.2411987772347222,1.1655371545839341,1.092305964891605,0.8011252023319426,1.1264593027431506,0.8916748103438867,1.1517011131448496,0.9031769779922709,1.04256941808988,1.109456863994137,1.2390264008440188,1.128165538431276,1.2210828314333537,0.7626387552163583,1.2362556391044461,1.4306904891652477,0.9902353396335113,1.0923756690776867,0.8227536966957598,1.3481525043325218,1.21819803555448,1.1915556881220764,1.032672662777863,1.6989459625738736,0.7366845029638545,0.0239208879379195,0.030773940434555943,0.026293547184373895,0.016081763035681554,0.02109752289666687,0.03004861661680982,0.02724894198032833,0.01992782050704678,0.022947566453081197,0.02760324888670951,0.021307385433861625,0.02848015364548078,0.024021136912673255,0.023173307933867387,0.024336024627193677,0.016378776738644057,0.02418326211571988,0.025301478655209052,0.02176077280786301,0.028474680564299727,0.021394793656196186,0.01903705721446631,0.016185514807973894,0.029211921428105032,0.02684676744609235,0.024615252671247544,0.024545810773215784,0.01727026257287161,0.016832429728721485,0.018824821426231236
394,1.0820174418361772,0.2063960433835334,0.023603736203695092,1.1148050575869743,0.8582296979102826,0.8347972534569981,1.0757570982047437,1.1494607449137573,1.2360219290357368,1.1655371545839341,1.092305964891605,0.8011252023319426,1.094772130288256,0.8916748103438867,1.1517011131448496,0.9031769779922709,1.04256941808988,1.109456863994137,1.2390264008440188,1.073424056745527,1.2210828314333537,0.7626387552163583,1.186172378991753,1.3871734999786303,0.9902353396335113,1.0923756690776867,0.8227536966957598,1.3480018775974227,1.21819803555448,1.1915556881220764,1.032672662777863,1.6989459625738736,0.6748749830737499,0.016899571497188307,0.0249650985001766,0.016454194712313686,0.02051378843208803,0.022036469858854216,0.02771231972810681,0.03667480284678275,0.02110332902468904,0.027503107335318425,0.02681652219298076,0.02374505441839483,0.032172982121597325,0.028717656109030258,0.022635813231916248,0.014406747986005627,0.023290585892783565,0.01993418297253141,0.024928700859629768,0.023773425045940967,0.021930820159441342,0.02187413307244,0.026760676967320006,0.021900489545432746,0.02927295378314763,0.027095175753645083,0.024818687742152415,0.025231872590342267,0.01815808841831713,0.025417407612441142,0.01136742769984423
395,1.0760991071658934,0.20445638931187435,0.02487428571841138,1.0919141647890993,0.8582296979102826,0.8347972534569981,1.0757570982047437,1.1494607449137573,1.2360219290357368,1.1655371545839341,1.092305964891605,0.8011252023319426,1.094772130288256,0.8916748103438867,1.1517011131448496,0.9031769779922709,1.04256941808988,1.109456863994137,1.2390264008440188,1.073424056745527,1.2164872727684792,0.7626387552163583,1.186172378991753,1.383575360308463,0.9902353396335113,1.0923756690776867,0.8227536966957598,1.3480018775974227,1.0717325865788863,1.1915556881220764,1.032672662777863,1.6989459625738736,0.6748749830737499,0.02651388022067775,0.026574342656362854,0.017308594373336074,0.017999386121144798,0.020428472630610737,0.0354680008982863,0.030479092506273578,0.023751655415554778,0.026488226982705112,0.025397992199846696,0.027214941796226248,0.0283289949249674,0.02384330061803649,0.020425831796637955,0.015333400235224472,0.02334731483068639,0.028451301109200314,0.025151686633712055,0.02962334000241948,0.025308872604449372,0.025997333463804916,0.03036542287869199,0.01854114863874625,0.025098137761105102,0.032434534095647186,0.030085106674056426,0.031111137868256453,0.01970398491449877,0.018379892378464085,0.017073244322711432
396,1.0714187189160123,0.20572464282363292,0.024535468191794158,1.0919141647890993,0.8582296979102826,0.8347972534569981,0.9516257221407867,1.1494607449137573,1.2360219290357368,1.1655371545839341,1.092305964891605,0.8011252023319426,1.094772130288256,0.883656888551418,1.1517011131448496,0.9031769779922709,1.04256941808988,1.109456863994137,1.2390264008440188,1.073424056745527,1.2082249231284732,0.7626387552163583,1.186172378991753,1.383575360308463,0.9902353396335113,1.0923756690776867,0.8227536966957598,1.3480018775974227,1.0717325865788863,1.1915556881220764,1.032672662777863,1.6989459625738736,0.6748749830737499,0.018353624274945076,0.02859811236703796,0.026234019079663065,0.021072958293828818,0.016772158908792047,0.030088659673781874,0.03607406947795215,0.0208893190723971,0.025270782056609688,0.030959889048857922,0.026448181365198893,0.028182360322136217,0.020573006254354292,0.020734801521760868,0.017647569131584787,0.025313447076367346,0.026086746834873317,0.028274334340967572,0.024763968298139597,0.024173959938696976,0.022109151220171566,0.024894674467149335,0.017860151436843098,0.027605815231402903,0.02534357366524956,0.0315425307466783,0.028053464156085964,0.023680824144429763,0.021153325598844103,0.017308567749024607
397,1.0672870985795697,0.20875022023466985,0.024001956596633275,1.0919141647890993,0.8582296979102826,0.8347972534569981,0.9516257221407867,1.1494607449137573,1.2360219290357368,1.1655371545839341,1.092305964891605,0.8011252023319426,1.094772130288256,0.883656888551418,1.1517011131448496,0.9031769779922709,1.04256941808988,1.109456863994137,1.2390264008440188,1.073424056745527,1.2082249231284732,0.7626387552163583,1.186172378991753,1.3594877268797494,0.9902353396335113,1.0821315354654684,0.7879025880020376,1.3396176250737715,1.0717325865788863,1.1915556881220764,1.032672662777863,1.6989459625738736,0.6284935012387796,0.024790676083431315,0.024401800945333597,0.019355337838549015,0.019750398867375188,0.02226857845233647,0.027703771539902625,0.030060941817265954,0.02201805312166913,0.02770287467477661,0.022456445138601455,0.023517629270520642,0.03231625489202545,0.02684647428664513,0.020733560647674742,0.012000147387837572,0.03153637812403339,0.0244095767322048,0.02777413018994257,0.026286838195392875,0.023614779169784265,0.020909025454354198,0.025625499458298576,0.015662297916238424,0.022478217470285194,0.022948990763643932,0.03066889533187986,0.02444111892900741,0.020767714768185206,0.025951275789314294,0.021061014642488232
398,1.063100314457999,0.20933573696867583,0.023324383699388766,1.0919141647890993,0.8582296979102826,0.8347972534569981,0.9232164084294578,1.1494607449137573,1.1770975856930694,1.1655371545839341,1.092305964891605,0.8011252023319426,1.094772130288256,0.883656888551418,1.1517011131448496,0.9031769779922709,1.04256941808988,1.109456863994137,1.2390264008440188,1.073424056745527,1.2082249231284732,0.7626387552163583,1.186172378991753,1.3594877268797494,0.9902353396335113,1.072938148414313,0.7588261084600636,1.3396176250737715,1.0717325865788863,1.1915556881220764,1.032672662777863,1.6989459625738736,0.6284935012387796,0.02728225451090456,0.024119549291991102,0.01901032647667404,0.019280782943413392,0.019579540885737247,0.02417716157253,0.028270727425738978,0.023015051810123543,0.023654594435208356,0.023447673687753374,0.025301022426754735,0.03250659170873134,0.029846413369879376,0.018512864793671892,0.01847939862836497,0.028026341819073562,0.024747176297014086,0.021261850607904476,0.020746972067637516,0.01755155840123907,0.025357196449948653,0.030479387650824592,0.0102466818838961,0.022261543681993727,0.021891511867585343,0.026033377561170606,0.02606408385624648,0.016862701507770906,0.030363751688116006,0.021353421673765034
399,1.0612665343178818,0.2089872545199415,0.023662402858048836,1.0919141647890993,0.8582296979102826,0.8347972534569981,0.9232164084294578,1.1494607449137573,1.1770975856930694,1.1307685358656312,1.092305964891605,0.8011252023319426,1.094772130288256,0.883656888551418,1.1517011131448496,0.9031769779922709,1.04256941808988,1.109456863994137,1.2390264008440188,1.073424056745527,1.2082249231284732,0.7626387552163583,1.186172378991753,1.3594877268797494,0.9902353396335113,1.072938148414313,0.7588261084600636,1.3396176250737715,1.0717325865788863,1.1915556881220764,1.012427877292652,1.6989459625738736,0.6284935012387796,0.02434976994950746,0.02127234778038186,0.02284539389286963,0.014828561580888893,0.02177842092901027,0.026476712350550886,0.02938051259404059,0.022710562785529104,0.019654849477158447,0.023350866919242395,0.028434992862286936,0.02515711391886638,0.02798820431927116,0.0203956940019441,0.015736575930870536,0.031348081254861306,0.020774139398364748,0.02607044521516447,0.022914551375108987,0.021716046018683294,0.024384061865156417,0.02804697826473429,0.018330478976054762,0.025772547726971285,0.031022361233256152,0.025813638447320354,0.021021492027759544,0.015199999327622572,0.02289632467389586,0.030200360644092317
400,1.0511581934154985,0.20246062577442045,0.023585923538582198,1.0919141647890993,0.8582296979102826,0.8347972534569981,0.9232164084294578,1.1494607449137573,1.1770975856930694,1.1307685358656312,1.092305964891605,0.8011252023319426,1.094772130288256,0.883656888551418,1.1517011131448496,0.9031769779922709,1.04256941808988,1.104808271397911,1.2390264008440188,1.073424056745527,1.2082249231284732,0.7626387552163583,1.186172378991753,1.3594877268797494,0.9902353396335113,1.072938148414313,0.7588261084600636,1.0410159905984995,1.0717325865788863,1.1915556881220764,1.012427877292652,1.6989459625738736,0.6284935012387796,0.024900822275909913,0.023680758560402186,0.02792969992524975,0.015604303936168396,0.02279611925600387,0.031048707409683463,0.03391807007215688,0.018157743787428578,0.011671391159261309,0.025460217943247074,0.025247543122655605,0.029794954014309025,0.018632635032773,0.021364288751139094,0.017977229960224366,0.022682640524589043,0.021989539612943046,0.031840790547004096,0.017514866859112115,0.02584281762363537,0.024985932195945214,0.02933547161564279,0.016386818655036522,0.025170753378788942,0.028793368918600806,0.029316118085685308,0.02340856095537401,0.015508329616316707,0.024758172071334118,0.021859040290845132
401,1.0464279052869774,0.20147122062244913,0.022459501015652632,1.0919141647890993,0.8582296979102826,0.8347972534569981,0.9232164084294578,1.136142990868024,1.1770975856930694,1.1307685358656312,1.0666104723740202,0.8011252023319426,1.021855631890308,0.883656888551418,1.1517011131448496,0.9009036009140883,1.04256941808988,1.104808271397911,1.2372368633810749,1.073424056745527,1.207571655608913,0.7626387552163583,1.160909662158073,1.3594877268797494,0.9902353396335113,1.072938148414313,0.7588261084600636,1.0410159905984995,1.0717325865788863,1.1915556881220764,1.012427877292652,1.6989459625738736,0.6284935012387796,0.025905292965246816,0.021988384197648043,0.01899472917522831,0.018686909479636173,0.01842843715748102,0.02811633124829375,0.03564315855172065,0.013362431271993876,0.018297053360182267,0.021593510946393446,0.01941573426351027,0.02999820921502448,0.02404947234929856,0.021634626058793016,0.013332642595477142,0.028288443732755034,0.024202978852440597,0.0287505497342809,0.023002340317858003,0.019285253687232228,0.022759664374763955,0.02409876306274885,0.019977229031701453,0.018596223766373352,0.03118866119598373,0.021753835589772487,0.029262922530455513,0.014392773467206778,0.02270115923766501,0.01607730905241321
402,1.0408765928967074,0.19576596265840188,0.022936065491277902,1.069136457068414,0.8582296979102826,0.8347972534569981,0.9232164084294578,1.1107330393892991,1.1770975856930694,1.1307685358656312,1.0666104723740202,0.8011252023319426,1.021855631890308,0.883656888551418,1.1517011131448496,0.9009036009140883,0.9991097590821529,1.104808271397911,1.2372368633810749,1.073424056745527,1.207571655608913,0.7626387552163583,1.160909662158073,1.3594877268797494,0.9902353396335113,1.072938148414313,0.7588261084600636,1.0410159905984995,1.047198569456072,1.1915556881220764,1.012427877292652,1.6485879261957277,0.6284935012387796,0.026944842491850612,0.029801320589413968,0.016941476245634326,0.026695892867908463,0.017395956533864367,0.03140564131769223,0.034770519659388016,0.019837025442486698,0.025431881384118178,0.011092619521184947,0.024993997675598664,0.030416544656798473,0.02408077899156897,0.019338261369069645,0.015772848186008635,0.03191581201534118,0.018527118311016735,0.03232223338299136,0.023627563449033957,0.017741119215204222,0.011691233798966257,0.02447795442537177,0.013498665791182772,0.02530472668934064,0.026600147475106476,0.027293480285483923,0.018184388988166274,0.01806830403939194,0.022722938198816232,0.021186671740337077
403,1.0395118043608178,0.1955214331980046,0.023508900162903138,1.069136457068414,0.8582296979102826,0.8347972534569981,0.9232164084294578,1.0841215940343756,1.1770975856930694,1.1307685358656312,1.0666104723740202,0.8011252023319426,1.021855631890308,0.883656888551418,1.1517011131448496,0.898038782667808,0.9991097590821529,1.104808271397911,1.2372368633810749,1.0619566642700424,1.207571655608913,0.7626387552163583,1.160909662158073,1.3594877268797494,0.9902353396335113,1.072938148414313,0.7588261084600636,1.0410159905984995,1.047198569456072,1.1915556881220764,1.012427877292652,1.6485879261957277,0.6284935012387796,0.02213803691120028,0.033317483582688726,0.01757740250663265,0.022298545985283094,0.023082892037946983,0.024738479510833,0.03281302404632118,0.017036592238239806,0.02301560343657693,0.017130784922511272,0.020073648617897944,0.03165462151214427,0.027687923531933688,0.02330247936483386,0.014903777681793313,0.02942248703209804,0.019623754933417784,0.031032594792506654,0.02650631515455216,0.013790556721913167,0.023327586864693394,0.021596983634297608,0.018402167597273845,0.02801222931702967,0.026496117830391613,0.02520633609659428,0.024638688876470666,0.0224160218085842,0.027906004119001238,0.016117864221432868
404,1.0319537551938043,0.19545185685154945,0.024377041698313326,0.921329838671856,0.8582296979102826,0.8347972534569981,0.9232164084294578,1.0841215940343756,1.1770975856930694,1.1307685358656312,1.0320652659011817,0.8011252023319426,1.021855631890308,0.883656888551418,1.1300291648946872,0.898038782667808,0.9991097590821529,1.104808271397911,1.2372368633810749,1.0619566642700424,1.1848539537180618,0.7626387552163583,1.160909662158073,1.3594877268797494,0.9902353396335113,1.072938148414313,0.7588261084600636,1.0410159905984995,1.047198569456072,1.1915556881220764,1.012427877292652,1.6485879261957277,0.6284935012387796,0.027530051236205656,0.02930845979460284,0.023839697511662934,0.027683639036862634,0.024505262507040645,0.027736876755059897,0.03550516802408065,0.009302221636758621,0.020607591167936028,0.02321490068945122,0.02064844800706421,0.03592794233761878,0.025618347763082205,0.024641601041056296,0.01735840008018515,0.02614192174431714,0.031369098271793634,0.031632854027550124,0.02489323710747683,0.023934647636090715,0.017736813165203685,0.02440702228639291,0.018728007777097686,0.019957071046177048,0.023058258457157657,0.01940694573858307,0.030309904511465778,0.023380175720605183,0.02257633693042825,0.020350348940392296
405,1.029569257119074,0.19611077554338352,0.023819691458609082,0.921329838671856,0.8582296979102826,0.8347972534569981,0.9232164084294578,1.0841215940343756,1.1770975856930694,1.1307685358656312,1.0320652659011817,0.8011252023319426,1.021855631890308,0.883656888551418,1.1300291648946872,0.898038782667808,0.9991097590821529,1.104808271397911,1.2372368633810749,1.0619566642700424,1.1848539537180618,0.7626387552163583,1.160909662158073,1.3594877268797494,0.9902353396335113,1.072938148414313,0.7588261084600636,1.0410159905984995,1.047198569456072,1.1915556881220764,0.9408929350507482,1.6485879261957277,0.6284935012387796,0.026105391032800122,0.02750261141586733,0.03255120374392277,0.025672148123833227,0.021787535625424025,0.03166978646800821,0.02752092505649982,0.009226710414971044,0.02035000454518903,0.02524696244945202,0.016998292717414334,0.0388553637283374,0.028658595333088135,0.022583829415164562,0.02146433613317424,0.026304991759574525,0.024548007932296296,0.031504038192407255,0.019680402917746215,0.02174114572204944,0.02100685146417391,0.02241694216489998,0.013174128255704878,0.01731635929009392,0.03181335679889242,0.024600590252783557,0.032462636072770445,0.017284865538476874,0.018988669815441346,0.01555406137781521
406,1.0206804165809429,0.20109043012824798,0.024410907676205365,0.921329838671856,0.8582296979102826,0.8347972534569981,0.9232164084294578,1.0841215940343756,1.1770975856930694,1.1307685358656312,1.0320652659011817,0.8011252023319426,1.021855631890308,0.883656888551418,1.1300291648946872,0.898038782667808,0.9991097590821529,1.104808271397911,1.2372368633810749,1.0619566642700424,1.1848539537180618,0.7626387552163583,1.160909662158073,1.3594877268797494,0.9902353396335113,1.072938148414313,0.7588261084600636,1.0410159905984995,0.7805333533121375,1.1915556881220764,0.9408929350507482,1.6485879261957277,0.6284935012387796,0.025152742578762727,0.028801861777371016,0.02539770320882223,0.02692425644293691,0.015277191517975252,0.033550655030116394,0.03259042662491844,0.023720912535045997,0.018790660613823756,0.030492102304456137,0.016253893335856147,0.0346680516144929,0.027685785660054564,0.031123724501706133,0.016210671910119906,0.02273519528954124,0.02311266804991159,0.03283127826626854,0.02572067095095758,0.024945140256873808,0.018165518864790477,0.022842090081727308,0.017057834435962444,0.02623548258058111,0.02840528220816229,0.018461872575491232,0.02946989877133986,0.021078494505972392,0.016213286516498067,0.018411877275624454
407,1.0107263422603527,0.19541837363802747,0.023161728231349085,0.921329838671856,0.8582296979102826,0.8347972534569981,0.9232164084294578,1.0841215940343756,1.1770975856930694,1.1307685358656312,1.0320652659011817,0.7949505778568029,1.021855631890308,0.883656888551418,1.1221413084300669,0.898038782667808,0.9991097590821529,1.104808271397911,1.1416269861967518,1.0619566642700424,1.06263900992553,0.757347053949005,1.1244530004264104,1.3594877268797494,0.9902353396335113,1.047951583712241,0.7588261084600636,1.0410159905984995,0.7805333533121375,1.1915556881220764,0.9408929350507482,1.6485879261957277,0.6284935012387796,0.027118425304108462,0.03265887087971139,0.027989032994034203,0.024168897040444948,0.015971683144226707,0.028413189424586344,0.027130466694685815,0.013194319052542067,0.02037394269303279,0.02860877733836181,0.023732964543262763,0.03146140770128342,0.029704041844384597,0.02668431847334688,0.015780786648360183,0.018967755394230963,0.02015769926429102,0.033369271786919674,0.026050678669814576,0.02111596329658944,0.018437135190922556,0.023922337945127586,0.01640148150406047,0.017552082307957163,0.031748080605625624,0.019164871826821892,0.020861100487184613,0.01761442184190879,0.01765859740090588,0.018839245641739943
408,1.0015507644108768,0.19395567143673206,0.023948315711484768,0.921329838671856,0.8582296979102826,0.8347972534569981,0.9232164084294578,1.028772413674187,1.1770975856930694,0.925431428076966,1.0320652659011817,0.7949505778568029,1.021855631890308,0.883656888551418,1.1129094540512026,0.898038782667808,0.9991097590821529,1.104808271397911,1.1416269861967518,1.0568374191987542,1.06263900992553,0.757347053949005,1.1244530004264104,1.3594877268797494,0.9902353396335113,1.047951583712241,0.7588261084600636,1.0410159905984995,0.7803034054268605,1.1915556881220764,0.9408929350507482,1.6485879261957277,0.6284935012387796,0.027124517315979514,0.030709936710753998,0.023439404065375473,0.026048389723744625,0.02361401155925982,0.026672637789032408,0.03476056614782677,0.020428072016932284,0.022070002571013273,0.026206221594232235,0.022444734892976697,0.03620486698438451,0.027175820599271726,0.022148881277625057,0.01283463320482976,0.02143944989726934,0.019015424137710825,0.031694404531650074,0.024979087697695784,0.02347981045192482,0.02144256560448582,0.022813128324473412,0.01815449060545822,0.022203251402345733,0.0338526076363924,0.01919730713842082,0.027974343912271854,0.015359066224566576,0.020605176997603256,0.014356660329035787
409,1.0015507644108768,0.19395567143673206,0.02335702928854512,0.921329838671856,0.8582296979102826,0.8347972534569981,0.9232164084294578,1.028772413674187,1.1770975856930694,0.925431428076966,1.0320652659011817,0.7949505778568029,1.021855631890308,0.883656888551418,1.1129094540512026,0.898038782667808,0.9991097590821529,1.104808271397911,1.1416269861967518,1.0568374191987542,1.06263900992553,0.757347053949005,1.1244530004264104,1.3594877268797494,0.9902353396335113,1.047951583712241,0.7588261084600636,1.0410159905984995,0.7803034054268605,1.1915556881220764,0.9408929350507482,1.6485879261957277,0.6284935012387796,0.026352513538794087,0.033781902107603526,0.025109259091883742,0.02299456122235533,0.021481319354801593,0.027902083446756494,0.02652089540140268,0.017515659446862036,0.019988301551141507,0.02659197506830455,0.018694585187155843,0.027506296889029343,0.021953564242740125,0.027491575380599195,0.014692493244653583,0.019066132946108746,0.027462222270870088,0.031053503965924985,0.021617773586705816,0.026101296097498568,0.022540904946332985,0.025162515112328716,0.017752634536034935,0.019735018471552315,0.02777578015827637,0.02083817559474438,0.028849140866427536,0.024153374932929357,0.013130851417245284,0.016894568579289893
410,1.0013476670316717,0.19413328692521348,0.023685211383935898,0.921329838671856,0.8582296979102826,0.8287043320808469,0.9232164084294578,1.028772413674187,1.1770975856930694,0.925431428076966,1.0320652659011817,0.7949505778568029,1.021855631890308,0.883656888551418,1.1129094540512026,0.898038782667808,0.9991097590821529,1.104808271397911,1.1416269861967518,1.0568374191987542,1.06263900992553,0.757347053949005,1.1244530004264104,1.3594877268797494,0.9902353396335113,1.047951583712241,0.7588261084600636,1.0410159905984995,0.7803034054268605,1.1915556881220764,0.9408929350507482,1.6485879261957277,0.6284935012387796,0.02538494831027968,0.028316155669438594,0.021051941442219738,0.026456395777916236,0.015085617590132116,0.03186849477087217,0.02430274251555455,0.023675317051965433,0.021865479108215978,0.02358708824585376,0.021139928590226512,0.02867484735212162,0.017590104776746468,0.024734115518916,0.014649969993814658,0.01987235533020565,0.02585056720622124,0.0404508401053047,0.018055145983555346,0.027746787453550605,0.023032298955043884,0.02704170862225223,0.017206550004430336,0.0256139482310987,0.025058476251566757,0.024106956944561584,0.02732864626322759,0.01780805051140582,0.023452154126272166,0.01954870881510678
411,0.984232033419191,0.19141878036773552,0.024512185962131044,0.921329838671856,0.8582296979102826,0.8287043320808469,0.9232164084294578,1.028772413674187,1.1770975856930694,0.818890251518479,0.9448808095102028,0.6982224882639056,1.021855631890308,0.883656888551418,1.0999952179094703,0.898038782667808,0.9764858258499065,1.104808271397911,1.1416269861967518,1.0568374191987542,1.029004815092716,0.7553290367936794,1.0411374706856873,1.3594877268797494,0.9902353396335113,1.047951583712241,0.7588261084600636,1.0410159905984995,0.7803034054268605,1.1915556881220764,0.9408929350507482,1.5800785514665106,0.6284935012387796,0.026526927790890154,0.02181653305735744,0.024915928062471563,0.017070000183186936,0.016541228902495143,0.0312647762620469,0.03545967228202031,0.023554618880288723,0.026132799309610006,0.018723172503270255,0.019966554291411462,0.03121779703414803,0.019528912204677562,0.03376976512736226,0.023194585287608198,0.028373519574682475,0.02847758727780635,0.03488940705991343,0.026453211908278138,0.021962665581086366,0.021334378654901436,0.02688988611988847,0.023088643310497113,0.02763333822700326,0.023377505576463488,0.018975657597883864,0.022060870698924824,0.018376693540261727,0.024018467646304456,0.019770474911190848
412,0.9804040624298603,0.18349130041806355,0.02419604565295449,0.921329838671856,0.8582296979102826,0.8287043320808469,0.9232164084294578,1.028772413674187,1.1770975856930694,0.818890251518479,0.9448808095102028,0.6982224882639056,1.021855631890308,0.883656888551418,1.0999952179094703,0.898038782667808,0.9764858258499065,1.0615321141988407,1.1416269861967518,1.0568374191987542,1.029004815092716,0.7553290367936794,1.0411374706856873,1.3594877268797494,0.9902353396335113,1.047951583712241,0.7588261084600636,1.0410159905984995,0.7803034054268605,1.1915556881220764,0.9408929350507482,1.5085155789856626,0.6284935012387796,0.02354044438680696,0.024846334376717176,0.01934304755565472,0.025679184967330525,0.02034849715108035,0.03448416298152041,0.03249281272432643,0.023239084535662473,0.022303397152226068,0.018609133329126015,0.02255127491214929,0.03151343202075439,0.02429066873872132,0.03099817505529394,0.01662733219350993,0.02327122568493868,0.021480935944763323,0.03763174140824392,0.01991402897905113,0.026877069759188733,0.02096150262537144,0.02150785130402849,0.024560662091684823,0.02764754083111913,0.02599960233037173,0.014085180078014615,0.021864526108506477,0.020350919648724684,0.02661962253253155,0.0222419781812161
413,0.9795192413836779,0.18344298546930088,0.02353151657179382,0.921329838671856,0.8582296979102826,0.8287043320808469,0.9232164084294578,1.028772413674187,1.1770975856930694,0.818890251518479,0.9448808095102028,0.6982224882639056,1.003232535974885,0.883656888551418,1.0999952179094703,0.898038782667808,0.9764858258499065,1.0615321141988407,1.1416269861967518,1.0568374191987542,1.029004815092716,0.7553290367936794,1.0411374706856873,1.3594877268797494,0.9902353396335113,1.047951583712241,0.7588261084600636,1.0410159905984995,0.7803034054268605,1.1915556881220764,0.9329713995806981,1.5085155789856626,0.6284935012387796,0.024529650661401836,0.023713259007669407,0.018001646168770334,0.023574708968836747,0.017016624845357212,0.039000212602498585,0.030888123766352443,0.019470915847632445,0.020859670216221076,0.01711765616343485,0.01352354305537215,0.027737163257777406,0.01493721880706753,0.022791218201157305,0.016857938748163957,0.02835192371243938,0.02782484874778597,0.029968818331873433,0.02452259818965169,0.022966053364683492,0.026507550484665195,0.03257142375602343,0.02460291260716954,0.027065539194128102,0.021986215722369973,0.018925328446335054,0.021943415131796054,0.02377265100644695,0.026447480802435114,0.018469187338297898
414,0.9769601384548807,0.18387594456828685,0.024214376959562564,0.921329838671856,0.8582296979102826,0.8287043320808469,0.9232164084294578,1.0267943012218237,1.1770975856930694,0.818890251518479,0.8885018793397212,0.6982224882639056,1.003232535974885,0.883656888551418,1.0999952179094703,0.898038782667808,0.9764858258499065,1.0615321141988407,1.1416269861967518,1.0568374191987542,1.029004815092716,0.7553290367936794,1.0411374706856873,1.3594877268797494,0.9902353396335113,1.047951583712241,0.7588261084600636,1.022599945357428,0.7803034054268605,1.1915556881220764,0.9329713995806981,1.5085155789856626,0.6284935012387796,0.030818522663203517,0.02426924541871504,0.02200756459021657,0.02353998693878845,0.020809354386987614,0.027088737991285205,0.02845343899282786,0.01865888760231219,0.02153007096872335,0.024487569883837122,0.019021139309759398,0.027513387774883356,0.019103695799958603,0.023927302732969686,0.019745670922920087,0.024968708933486638,0.0235124641235332,0.026088069311892084,0.02878416901067711,0.028132050562998195,0.02794717969799309,0.029626359308435005,0.021627078678041287,0.02312233310085867,0.02228473877531483,0.028198544509466475,0.019832723618971808,0.024697068396117027,0.025741002866564486,0.020894241915139132
415,0.9728967795454976,0.18366198587520105,0.024542951585550043,0.921329838671856,0.8582296979102826,0.8256749772008374,0.9232164084294578,1.0267943012218237,1.16549532215295,0.81788266887752,0.8885018793397212,0.6737500417676725,1.003232535974885,0.883656888551418,1.0584908995567344,0.898038782667808,0.9536791004095169,1.0615303717853135,1.1416269861967518,1.0529664659134785,1.029004815092716,0.7553290367936794,1.0411374706856873,1.3594877268797494,0.9902353396335113,1.047951583712241,0.7588261084600636,1.022599945357428,0.7803034054268605,1.1915556881220764,0.9329713995806981,1.5006478505451715,0.6227558494470284,0.025127659069745893,0.024854412289785653,0.02562162766646621,0.025098093039720208,0.019451014947459433,0.028892632395125527,0.03173799264819965,0.019096961879838666,0.020346150089285413,0.02212197442070565,0.013694918471785923,0.028725254805983313,0.019070577755534546,0.019469586411117623,0.019220962357494445,0.027982484582990953,0.022233898724246644,0.024763382003537518,0.026384637327466723,0.02453525841932267,0.021150215557458347,0.03414673341046079,0.023240236830654213,0.026484882227337074,0.025140409800973096,0.030777561115908438,0.02891205551057277,0.028288740109587766,0.026624844268243172,0.023093389429492857
416,0.9680102329110445,0.18114888503514212,0.024155395493213307,0.921329838671856,0.8582296979102826,0.8256749772008374,0.9232164084294578,1.0267943012218237,1.16549532215295,0.81788266887752,0.8885018793397212,0.6737500417676725,1.003232535974885,0.883656888551418,1.0584908995567344,0.898038782667808,0.9536791004095169,1.0615303717853135,1.1379728451176097,1.045292615442595,0.9509077328657765,0.7553290367936794,1.0411374706856873,1.3594877268797494,0.9902353396335113,1.047951583712241,0.7588261084600636,1.022599945357428,0.7803034054268605,1.1343843628654473,0.9329713995806981,1.5006478505451715,0.6227558494470284,0.029159832395100838,0.02973932420993427,0.029449998744573755,0.019414203648294687,0.02062883933196278,0.023518739545364303,0.031411210526572496,0.01958628534731259,0.013954949908209766,0.026670008185873426,0.017313409601274705,0.027543770983733826,0.02105838818343421,0.018501156527717798,0.025181487619025902,0.029094188974272232,0.018078962193292775,0.02894044380370534,0.02664471076308735,0.024533853149108515,0.023329344782748576,0.027329565868760366,0.023687989626389565,0.02107426447623203,0.022153124309858226,0.026852129160932648,0.019667411284179755,0.028635693723526433,0.026513380512480027,0.024995197409439986
417,0.9673356521587151,0.1812763935606624,0.023637883008541676,0.921329838671856,0.8582296979102826,0.8256749772008374,0.9232164084294578,1.0267943012218237,1.16549532215295,0.81788266887752,0.8885018793397212,0.6737500417676725,1.003232535974885,0.883656888551418,1.0584908995567344,0.8939749593067181,0.9536791004095169,1.0615303717853135,1.1379728451176097,1.045292615442595,0.9347341336569852,0.7553290367936794,1.0411374706856873,1.3594877268797494,0.9902353396335113,1.047951583712241,0.7588261084600636,1.022599945357428,0.7803034054268605,1.1343843628654473,0.9329713995806981,1.5006478505451715,0.6227558494470284,0.025590715021574863,0.02942961652043983,0.025358684928992285,0.01838310384196919,0.01600662120151674,0.02665552516614467,0.030360113351187636,0.0197217307138385,0.015527750336854535,0.022233015657914797,0.012586933128907638,0.028192110526057673,0.025291366166739347,0.020613506305613,0.019512141599401154,0.02514444776998276,0.023082856099177512,0.02885422880497102,0.026214544714605506,0.020505361292010672,0.02235981747910529,0.03161816514438875,0.017835728217269285,0.03256722037641561,0.01995386783510862,0.024090773066423633,0.02870562491123678,0.028628500376214592,0.02298901085315732,0.021123408849031227
418,0.9659925710655857,0.18072194306783246,0.024067988602355143,0.921329838671856,0.8582296979102826,0.8256749772008374,0.9232164084294578,1.0267943012218237,1.16549532215295,0.81788266887752,0.8885018793397212,0.6737500417676725,1.003232535974885,0.883656888551418,1.0584908995567344,0.8939749593067181,0.9536791004095169,1.0212379389914301,1.1379728451176097,1.045292615442595,0.9347341336569852,0.7553290367936794,1.0411374706856873,1.3594877268797494,0.9902353396335113,1.047951583712241,0.7588261084600636,1.022599945357428,0.7803034054268605,1.1343843628654473,0.9329713995806981,1.5006478505451715,0.6227558494470284,0.02899599567790558,0.02640415187591026,0.024376922279910673,0.02278148260629551,0.019613626123751792,0.027034881624497454,0.033376976227507696,0.021638042605387854,0.0212979785650511,0.01739561392897368,0.014259072669643044,0.02786209976817418,0.026197949930196703,0.0233379866647526,0.01672059345967678,0.031876954493301066,0.026604788017496463,0.027112761396352138,0.026519629756984697,0.030681191832996432,0.015073710525758025,0.030408212232700606,0.024227019134089887,0.02383052646557708,0.018837915106855743,0.02131704709856649,0.01657232354350218,0.029482959225650623,0.029650191887010638,0.018551053346177404
419,0.9515595573118922,0.1859720197857,0.023401969651596473,0.921329838671856,0.8582296979102826,0.7099907315094751,0.8519789712173638,0.97423286806043,1.16549532215295,0.81788266887752,0.8885018793397212,0.6737500417676725,1.003232535974885,0.883656888551418,1.0452723780925592,0.8939749593067181,0.9536791004095169,1.0212379389914301,1.1157732399719973,1.0172198218567776,0.8149970996313312,0.7553290367936794,1.0372994523765766,1.3594877268797494,0.9902353396335113,1.047951583712241,0.7588261084600636,1.022599945357428,0.7738620814112775,1.1343843628654473,0.9329713995806981,1.5006478505451715,0.6227558494470284,0.024750036511409584,0.023535230003401304,0.027925782730692465,0.02261543872344658,0.02125725077457728,0.02719237548329488,0.028753289652416428,0.016992858128058057,0.02315413336441354,0.016745941752573063,0.017405228255496376,0.026085118740256125,0.025779823564935293,0.020263244534275218,0.01863268154054192,0.030278422753427705,0.026609098773026363,0.030242764545637502,0.028247347510940206,0.03151144119836471,0.019639669451537577,0.02801595177091682,0.01816830437426834,0.022683979992780715,0.020896351725382272,0.014183187497988803,0.022892246948242316,0.021177669218381896,0.02972097552132375,0.0167032445058869
420,0.9488713201863471,0.18271569155924972,0.02388313068080973,0.9162039624928409,0.8582296979102826,0.7099907315094751,0.8519789712173638,0.97423286806043,1.16549532215295,0.81788266887752,0.8885018793397212,0.6737500417676725,1.003232535974885,0.883656888551418,1.0452723780925592,0.8939749593067181,0.9536791004095169,1.0212379389914301,1.1157732399719973,1.0127826048402295,0.8149970996313312,0.7553290367936794,0.9942955719876747,1.3594877268797494,0.9902353396335113,1.047951583712241,0.7588261084600636,1.022599945357428,0.7738620814112775,1.1343843628654473,0.9329713995806981,1.472567710363283,0.6227558494470284,0.023589932012255385,0.022577340269920546,0.02145061465201851,0.027839172709908423,0.025969612969209903,0.026969475676061706,0.02434703471296687,0.021744703415077653,0.016601465616690306,0.019130590589631603,0.02015820071039597,0.031223778249505035,0.024652559052164336,0.022491331466893097,0.013092139474016794,0.028339061294276175,0.018699325504982232,0.028346754677867538,0.03231728192621917,0.03013312341851935,0.022046184638322093,0.03372430913561883,0.023530264454943366,0.01543578676576942,0.0246262905368899,0.020318409608375512,0.023807503355146867,0.027711138391652356,0.028217357707186592,0.017403177431806444
421,0.9402848681907537,0.16649408580328828,0.024207115694136326,0.8993492411403818,0.8582296979102826,0.7099907315094751,0.8519789712173638,0.97423286806043,1.16549532215295,0.81788266887752,0.8885018793397212,0.6737500417676725,1.003232535974885,0.883656888551418,1.0452723780925592,0.8939749593067181,0.9536791004095169,1.0212379389914301,1.1157732399719973,1.0127826048402295,0.8149970996313312,0.7553290367936794,0.9942955719876747,1.1667677269335859,0.9902353396335113,1.047951583712241,0.7588261084600636,1.022599945357428,0.7738620814112775,1.1343843628654473,0.9329713995806981,1.4245488717941055,0.6227558494470284,0.02337768269657206,0.02052238437989268,0.02345314390606849,0.023434127649324208,0.026108299970455343,0.028770025333813787,0.03555001711684032,0.022546529436504863,0.02433744545107825,0.01667853052764675,0.015139882629771291,0.03288400728510486,0.02177553201202234,0.02621277023045316,0.015047328708804692,0.02387247649289749,0.01968516326661407,0.020320785853626407,0.03130070969320559,0.03175353716949844,0.023778832412664697,0.034846101786649666,0.020085927107539255,0.017331259135259347,0.028016856388614553,0.023056355663016486,0.020071614248753127,0.017087651168911918,0.03496139494059995,0.024207098161885966
422,0.9351714863953247,0.17141066964365786,0.023701162277908572,0.8993492411403818,0.8582296979102826,0.7099907315094751,0.6985775173544906,0.97423286806043,1.16549532215295,0.81788266887752,0.8885018793397212,0.6737500417676725,1.003232535974885,0.883656888551418,1.0452723780925592,0.8939749593067181,0.9536791004095169,1.0212379389914301,1.1157732399719973,1.0127826048402295,0.8149970996313312,0.7553290367936794,0.9942955719876747,1.1667677269335859,0.9902353396335113,1.047951583712241,0.7588261084600636,1.022599945357428,0.7738620814112775,1.1343843628654473,0.9329713995806981,1.4245488717941055,0.6227558494470284,0.024527429038740497,0.021919740243668495,0.021279198817239265,0.016377467357128573,0.019170657087036705,0.02537978670277195,0.0320786414978454,0.02103243482863136,0.024041576454620517,0.01698411061353248,0.014070388231220272,0.03688633691607616,0.029158350897081926,0.026193921812816247,0.024039135477822944,0.022406821143368703,0.02582760134385094,0.027537165409112406,0.026122896220899076,0.023278311472491826,0.027366875092556652,0.027715864206438103,0.013802648568286773,0.019692017002296017,0.030634539051330942,0.015347923042332038,0.024639479598710434,0.021692446238013845,0.030365438550899456,0.021465665420437215
423,0.9316015588646445,0.17219215931107407,0.0229345430064933,0.8993492411403818,0.8582296979102826,0.7099907315094751,0.6985775173544906,0.97423286806043,1.16549532215295,0.81788266887752,0.8885018793397212,0.6737500417676725,1.003232535974885,0.8006117879928039,1.0365583859761398,0.8939749593067181,0.9536791004095169,1.0212379389914301,1.1008320540317453,1.0127826048402295,0.8149970996313312,0.7553290367936794,0.9942955719876747,1.1667677269335859,0.9902353396335113,1.047951583712241,0.7588261084600636,1.022599945357428,0.7738620814112775,1.1343843628654473,0.9325738522755782,1.4245488717941055,0.6227558494470284,0.022576503643079206,0.023971686893757487,0.02259025111329928,0.023053223016228943,0.021628602528935892,0.022388663237117343,0.02908942547553439,0.019605728218266213,0.021166390560539015,0.025996443223460706,0.01920173722170756,0.03812471704749551,0.02343516158614289,0.02304822254641974,0.020591422949035876,0.023799451835792053,0.020967101286007785,0.026454862511013054,0.025777938685435424,0.02351583455730171,0.014678577350453456,0.026882216894032557,0.01598832874412878,0.021080793975118285,0.02241546428425858,0.013720579001955892,0.025155407735192824,0.02853331736257722,0.024358436436717444,0.018239800273793922
424,0.9211147184035455,0.1759950129274065,0.02339118479257062,0.8993492411403818,0.8582296979102826,0.7099907315094751,0.6985775173544906,0.97423286806043,1.16549532215295,0.81788266887752,0.8885018793397212,0.6593271341920901,1.003232535974885,0.8006117879928039,1.0365583859761398,0.8939749593067181,0.9536791004095169,1.0212379389914301,1.1008320540317453,1.0126089205966697,0.8149970996313312,0.7553290367936794,0.9942955719876747,1.1667677269335859,0.9902353396335113,1.047951583712241,0.7588261084600636,0.7225913233436008,0.7738620814112775,1.1343843628654473,0.9325738522755782,1.4245488717941055,0.6227558494470284,0.019295472617980633,0.020218031013181887,0.021862316723829996,0.020783360072613166,0.028369773104071527,0.02566827084913755,0.029967370924900077,0.01760890969674831,0.030086899245240065,0.027387295679666985,0.01949326319249606,0.0286171934551746,0.021281006272748808,0.02293691870534258,0.019433624991974322,0.026981205985824538,0.0192600746028565,0.03057332807959335,0.031523158887191954,0.02776524559962906,0.01617695608974362,0.024409498240888422,0.01809245106967535,0.01483423448418936,0.02574909109795847,0.01616287397456037,0.024869328784651812,0.02735669647342879,0.027515386825812914,0.01745630703600746
425,0.9190564165867398,0.17613365802132555,0.024893203543987115,0.8993492411403818,0.8582296979102826,0.7099907315094751,0.6985775173544906,0.97423286806043,1.16549532215295,0.81788266887752,0.8885018793397212,0.6593271341920901,1.003232535974885,0.8006117879928039,1.0365583859761398,0.8939749593067181,0.9536791004095169,1.0212379389914301,1.1008320540317453,1.0126089205966697,0.8149970996313312,0.7553290367936794,0.9503425768250833,1.1667677269335859,0.9902353396335113,1.047951583712241,0.7410300491184825,0.7225913233436008,0.7738620814112775,1.1343843628654473,0.9325738522755782,1.4245488717941055,0.6227558494470284,0.024312673536982923,0.026207140904020456,0.024706016325164705,0.0286843176008409,0.023115394980297094,0.02659539388457839,0.029851965591218655,0.021195162591589295,0.024566840765145207,0.03368784688886466,0.02450251640756276,0.03129453980132033,0.022465091049837155,0.017797628317648546,0.01379956549913302,0.024566259142227785,0.024605731838759175,0.030921441025395464,0.03421001419352418,0.025702830122713762,0.013073891964077888,0.02906526057581861,0.02188136837604184,0.024779581389064234,0.030181808812560783,0.025480925886413822,0.020124387890763408,0.021851524349666675,0.027130954329426096,0.02043803227895558
426,0.9190564165867398,0.17613365802132555,0.024825212782182148,0.8993492411403818,0.8582296979102826,0.7099907315094751,0.6985775173544906,0.97423286806043,1.16549532215295,0.81788266887752,0.8885018793397212,0.6593271341920901,1.003232535974885,0.8006117879928039,1.0365583859761398,0.8939749593067181,0.9536791004095169,1.0212379389914301,1.1008320540317453,1.0126089205966697,0.8149970996313312,0.7553290367936794,0.9503425768250833,1.1667677269335859,0.9902353396335113,1.047951583712241,0.7410300491184825,0.7225913233436008,0.7738620814112775,1.1343843628654473,0.9325738522755782,1.4245488717941055,0.6227558494470284,0.03245836918373034,0.02312201657631722,0.019510455510880424,0.03074590579982781,0.02186542286153587,0.0312575561146809,0.03312893592507356,0.01797811144959202,0.022572857563483997,0.030198859846381872,0.02562505233008528,0.02567627785618902,0.02389594394901674,0.02257319794507267,0.017611525937501864,0.031079795983685862,0.020046630059831136,0.024385862135462826,0.03085296337663289,0.03137752499387492,0.01950396519245576,0.01963601806482715,0.027286933283779322,0.0208523396429292,0.023874686269313133,0.01930933614406125,0.023532090755748504,0.02298989768239912,0.03070016299952566,0.021107688031568143
427,0.9160895380712464,0.17499248372725845,0.023557387299464425,0.8993492411403818,0.8582296979102826,0.7099907315094751,0.6985775173544906,0.97423286806043,1.16549532215295,0.81788266887752,0.8885018793397212,0.6593271341920901,1.003232535974885,0.7963204920783977,1.0217455184623394,0.8939749593067181,0.9536791004095169,1.0212379389914301,1.1008320540317453,0.94949879066785,0.8149970996313312,0.7553290367936794,0.9503425768250833,1.1667677269335859,0.9902353396335113,1.0411595216044671,0.7410300491184825,0.7225913233436008,0.7738620814112775,1.1343843628654473,0.9325738522755782,1.4245488717941055,0.6227558494470284,0.03009624445444176,0.024286069643813434,0.019730557592043434,0.021497572034500277,0.021152674577431183,0.02406675622263969,0.029468539922784122,0.02158995487657333,0.024705350407985247,0.03264330154462013,0.02218599745849007,0.0271669181137462,0.016590634732484098,0.01729025530679457,0.022218756098184442,0.020975036837094153,0.022246854185001566,0.03060779798598107,0.026713555450165648,0.027145653030529987,0.01887007138466959,0.022850745998052376,0.023921938102289875,0.015227447299276973,0.028982753561711636,0.017705599212078413,0.024356008791643093,0.029830671160113377,0.023132319601351453,0.01946558339744158
428,0.9106063064160722,0.17313375066477116,0.02433199513900423,0.8874813447919832,0.8582296979102826,0.7099907315094751,0.6985775173544906,0.97423286806043,1.16549532215295,0.8122606178431551,0.8885018793397212,0.6593271341920901,0.9949539605898043,0.7631419393854242,1.0217455184623394,0.8939749593067181,0.9536791004095169,1.0212379389914301,0.9952821798373361,0.94949879066785,0.8149970996313312,0.7553290367936794,0.9503425768250833,1.1667677269335859,0.9902353396335113,1.0411595216044671,0.7410300491184825,0.7225913233436008,0.7738620814112775,1.1343843628654473,0.9325738522755782,1.4245488717941055,0.6227558494470284,0.018785876862352925,0.027404821886036143,0.02083404550320638,0.02413068594899157,0.013798990351070569,0.02797388094809552,0.027344650748373805,0.023773633530241565,0.025541323768140802,0.026453725752649815,0.025324292380483684,0.028277849523003315,0.021403654340607703,0.024801867890389944,0.021583728003308295,0.028186689349446445,0.022556447042984894,0.031024140770124185,0.0226148921713896,0.02275467774567943,0.019855110104332448,0.02322364378449882,0.02307743375496954,0.027600520573035706,0.027982521526337716,0.018910966902971588,0.024621222194990987,0.030085489683653193,0.029020582477080517,0.02101248865167979
429,0.9074220572568557,0.17291393610372668,0.021745858155643154,0.8874813447919832,0.8582296979102826,0.7099907315094751,0.6812543989166753,0.97423286806043,1.16549532215295,0.8122606178431551,0.8885018793397212,0.6593271341920901,0.9949539605898043,0.7587203982893986,0.9509799577219558,0.8939749593067181,0.9536791004095169,1.0212379389914301,0.9952821798373361,0.9464815361655785,0.8149970996313312,0.7553290367936794,0.9503425768250833,1.1667677269335859,0.9902353396335113,1.0411595216044671,0.7410300491184825,0.7225913233436008,0.7738620814112775,1.1343843628654473,0.9325738522755782,1.4245488717941055,0.6227558494470284,0.024794942480768464,0.018521628740993515,0.018212666961406485,0.018531483171781105,0.018689471177749408,0.02246671994848247,0.02529540305375299,0.0165132376479108,0.020744405965940228,0.02576410641433667,0.02360061089077508,0.025913498252728196,0.02076166183522697,0.025583099232907084,0.014600945250377566,0.02640226503185822,0.022402984227450885,0.02859881683479182,0.022762165322214364,0.024757453837816527,0.020634167748339604,0.019685908148511243,0.015615746126434005,0.01761569259257277,0.029780007752714527,0.01641167772726498,0.02154559061812658,0.018661889879145504,0.026099009538333044,0.02140848825858358
430,0.9069114490736153,0.17216835411079728,0.02302175628446759,0.8874813447919832,0.8582296979102826,0.7099907315094751,0.6812543989166753,0.97423286806043,1.16549532215295,0.8122606178431551,0.8885018793397212,0.6593271341920901,0.9949539605898043,0.7587203982893986,0.9509799577219558,0.8939749593067181,0.9536791004095169,1.0212379389914301,0.9952821798373361,0.9464815361655785,0.8149970996313312,0.7553290367936794,0.9503425768250833,1.151449481436377,0.9902353396335113,1.0411595216044671,0.7410300491184825,0.7225913233436008,0.7738620814112775,1.1343843628654473,0.9325738522755782,1.4245488717941055,0.6227558494470284,0.01918948495832245,0.024152178702832997,0.021829571028981105,0.015646657601785678,0.02001914940100813,0.02450512495875377,0.02732350350326428,0.016764709708005976,0.01951188588452252,0.020841062158995123,0.027537066939310014,0.030376787590499544,0.02106246977388697,0.021462284882532823,0.02443699751444786,0.027959069927659973,0.024289229075612522,0.03251007025116861,0.025196966788524705,0.02632782357246897,0.024605542380688277,0.026266085914028216,0.01941172874283848,0.01834820703554231,0.024732611779784065,0.02327352000231,0.02326639132423293,0.023010944558760797,0.023838071369576642,0.012957491203682066
431,0.9000701260126976,0.1730272756929192,0.023764912254213646,0.8874813447919832,0.8582296979102826,0.7099907315094751,0.6812543989166753,0.97423286806043,1.16549532215295,0.8122606178431551,0.8885018793397212,0.6593271341920901,0.9949539605898043,0.7349554971220873,0.9509799577219558,0.8939749593067181,0.9536791004095169,1.0212379389914301,0.9952821798373361,0.9464815361655785,0.8149970996313312,0.7553290367936794,0.9503425768250833,1.151449481436377,0.8087605489732899,1.0411595216044671,0.7410300491184825,0.7225913233436008,0.7738620814112775,1.1343843628654473,0.9325738522755782,1.4245488717941055,0.6227558494470284,0.026152020689146162,0.027341200507001992,0.021362785942105698,0.017913069533957826,0.021247102439659653,0.02536048616251132,0.031031020232652157,0.014731785001164788,0.026162918724077933,0.025936961911341497,0.032050522698042226,0.03126294298529819,0.021697563058267498,0.02628863423850294,0.013270613294295549,0.019992263554396893,0.021679717993491606,0.03487352767477951,0.027196705493877697,0.027638968947582193,0.019499271771154684,0.02661429839229506,0.024359373217752365,0.017057886704582595,0.025739837237581307,0.021661128621952692,0.019784546420877985,0.022696355132660603,0.02880184501136653,0.013542014034032199
432,0.8992169367038456,0.1728901982838661,0.024423428029966075,0.8874813447919832,0.8582296979102826,0.7099907315094751,0.6812543989166753,0.97423286806043,1.16549532215295,0.8122606178431551,0.8885018793397212,0.6582969123469451,0.9949539605898043,0.7349554971220873,0.9264145003015405,0.8939749593067181,0.9536791004095169,1.0212379389914301,0.9952821798373361,0.9464815361655785,0.8149970996313312,0.7553290367936794,0.9503425768250833,1.151449481436377,0.8087605489732899,1.0411595216044671,0.7410300491184825,0.7225913233436008,0.7738620814112775,1.1343843628654473,0.9325738522755782,1.4245488717941055,0.6227558494470284,0.02551103859559904,0.027315574583878545,0.025317121299252072,0.017750505485714517,0.02430112140298735,0.027529012436482984,0.02806532019259099,0.013032284039140262,0.02588541836869541,0.027321410965723485,0.027954012368117623,0.029740201608727566,0.02089759593260269,0.030348982735530508,0.011572965761357992,0.0257782008829969,0.020833248538080572,0.03134043477798296,0.025049895972471016,0.02779592990898174,0.023994570941745785,0.02783777356454752,0.023423168128368047,0.02838144024680045,0.0280579264271858,0.012631804313911435,0.022303193001855272,0.02504976136270514,0.02543331415503141,0.022249612899917264
433,0.897916194138259,0.17273473111372112,0.024931954533110826,0.8874813447919832,0.8582296979102826,0.7021527103145364,0.6812543989166753,0.97423286806043,1.16549532215295,0.8122606178431551,0.8885018793397212,0.658258277181933,0.9949539605898043,0.7349554971220873,0.9264145003015405,0.8939749593067181,0.9536791004095169,1.0212379389914301,0.9730746322453396,0.9464815361655785,0.8149970996313312,0.7553290367936794,0.9414045038094305,1.151449481436377,0.8087605489732899,1.0411595216044671,0.7410300491184825,0.7225913233436008,0.7738620814112775,1.1343843628654473,0.9325738522755782,1.4245488717941055,0.6227558494470284,0.024056818856995586,0.02804851550953736,0.02862087759652899,0.022580126270109486,0.0209355445458866,0.020509198150876644,0.032224278366880854,0.024889956828548478,0.02570480101073748,0.02590157856185836,0.0281427292010963,0.03184303161529295,0.016935674697785806,0.025273764798499004,0.015258599899305935,0.024515457387739144,0.020803787862063855,0.030389793655566447,0.03400111198821511,0.03286558819198896,0.022007059190205562,0.02919486228084186,0.027840131197913967,0.02002849041767584,0.026393893145139437,0.017168384337536848,0.02212336255172541,0.02780930832204598,0.024907133013122945,0.016984776541603578
434,0.8908030389385503,0.16499316103594597,0.024931949099475662,0.8874813447919832,0.8582296979102826,0.7021527103145364,0.6812543989166753,0.97423286806043,1.16549532215295,0.8122606178431551,0.8885018793397212,0.658258277181933,0.9949539605898043,0.7349554971220873,0.9264145003015405,0.8939749593067181,0.9536791004095169,0.9759634052191051,0.9730746322453396,0.8611877264800332,0.8149970996313312,0.7532019943950456,0.9414045038094305,1.151449481436377,0.8087605489732899,1.0238436651124165,0.7410300491184825,0.7225913233436008,0.7738620814112775,1.1343843628654473,0.9325738522755782,1.3611654581514014,0.6227558494470284,0.02690654131788519,0.023655800084539266,0.025621740038938273,0.01888798497488862,0.019604881818827746,0.026484838068004203,0.033888349086190685,0.025608084667626443,0.02298270242414653,0.028874623692463873,0.020148705225293596,0.03560508471029278,0.02467813784170832,0.026272951309915513,0.019363333362755798,0.025149832768780488,0.023785391007567738,0.03421167331274493,0.017881816096050284,0.026797932006700654,0.02598924617370621,0.030113778638696683,0.01927074382561868,0.024713988079033737,0.02473099788483799,0.018548507330380177,0.02815318312796627,0.02740169370497737,0.02249815996190077,0.020127770441831283
435,0.8907936521098975,0.16500639823825938,0.024259633638451027,0.8874813447919832,0.8582296979102826,0.7021527103145364,0.6812543989166753,0.97423286806043,1.16549532215295,0.8122606178431551,0.8885018793397212,0.657976672322349,0.9949539605898043,0.7349554971220873,0.9264145003015405,0.8939749593067181,0.9536791004095169,0.9759634052191051,0.9730746322453396,0.8611877264800332,0.8149970996313312,0.7532019943950456,0.9414045038094305,1.151449481436377,0.8087605489732899,1.0238436651124165,0.7410300491184825,0.7225913233436008,0.7738620814112775,1.1343843628654473,0.9325738522755782,1.3611654581514014,0.6227558494470284,0.028895571204905858,0.022745794195234318,0.026041575131111955,0.019973123581641702,0.020813763995908133,0.023382691734859833,0.03223318415716139,0.024269147645086232,0.02789494743301269,0.02722350276474949,0.019243300032841713,0.02801934154493926,0.02760324948312811,0.024187063342906677,0.015345342392278319,0.024909184676038094,0.020186276531623564,0.029628210684559723,0.02419699136906109,0.029241664910695398,0.017548704212574852,0.027776289559702724,0.022739274428464046,0.021002179966214576,0.02490349764451092,0.024832969360223243,0.02318392122720243,0.025596522188546914,0.02246805955009786,0.021703664204249722
436,0.8891101904214078,0.16342288120262577,0.02470183083758761,0.8874813447919832,0.8582296979102826,0.7021527103145364,0.6812543989166753,0.97423286806043,1.143404477507009,0.8122606178431551,0.8885018793397212,0.657976672322349,0.9949539605898043,0.7349554971220873,0.9264145003015405,0.8939749593067181,0.9536791004095169,0.9759634052191051,0.9446616262365919,0.8611877264800332,0.8149970996313312,0.7532019943950456,0.9414045038094305,1.151449481436377,0.8087605489732899,1.0238436651124165,0.7410300491184825,0.7225913233436008,0.7738620814112775,1.1343843628654473,0.9325738522755782,1.3611654581514014,0.6227558494470284,0.028324386669272245,0.032513058141914075,0.02563007611379184,0.020803913969376607,0.025698476540015128,0.01911822516464609,0.03388053586008824,0.023254092773822253,0.02437664530551157,0.030939516697825648,0.018583514828772595,0.02731090500910966,0.02605750868598232,0.03316227544771078,0.01475696600467056,0.023317257877602873,0.02560769819400217,0.03142897028185759,0.025583638413903275,0.028629339088142376,0.01971935195479563,0.028085059765560777,0.0200818660949632,0.024193749732792702,0.024804107383630206,0.015070145977746741,0.022352232917160476,0.025182939193539602,0.021333894555060275,0.02125457648436087
437,0.8814005581812031,0.15978741023345666,0.024089802675178622,0.8874813447919832,0.8582296979102826,0.7021527103145364,0.6812543989166753,0.97423286806043,0.9866110322460533,0.8122606178431551,0.8885018793397212,0.657976672322349,0.9793291569197504,0.6971746167557744,0.9264145003015405,0.8939749593067181,0.9536791004095169,0.9759634052191051,0.9446616262365919,0.8611877264800332,0.8149970996313312,0.7532019943950456,0.9414045038094305,1.151449481436377,0.8087605489732899,1.0238436651124165,0.7410300491184825,0.7225913233436008,0.7738620814112775,1.1343843628654473,0.9325738522755782,1.3611654581514014,0.6016660115382071,0.02655328441754188,0.02542897880583386,0.027585639783741376,0.022020008710455872,0.021454035429299793,0.025918715810093577,0.029916277592090607,0.018183324244157008,0.01394094473352139,0.03166930090592348,0.019931468432384233,0.028749521082200198,0.023494996262903977,0.027330806245870302,0.016413012570853203,0.02868063234353006,0.021677016540979643,0.030847874156681623,0.025066277709795613,0.027716155575141708,0.01806776969195884,0.029234410700191196,0.021017557119767286,0.023227063148276827,0.025153772276953704,0.011235453212642202,0.022959122961047147,0.027574533553967613,0.032337806575891165,0.01930831966166315
438,0.881234613317885,0.15977654854277948,0.023230224534815287,0.8874813447919832,0.8582296979102826,0.7021527103145364,0.6812543989166753,0.97423286806043,0.9866110322460533,0.8122606178431551,0.8838239478234411,0.657976672322349,0.9790287425364892,0.6971746167557744,0.9264145003015405,0.8939749593067181,0.9536791004095169,0.9759634052191051,0.9446616262365919,0.8611877264800332,0.8149970996313312,0.7532019943950456,0.9414045038094305,1.151449481436377,0.8087605489732899,1.0238436651124165,0.7410300491184825,0.7225913233436008,0.7738620814112775,1.1343843628654473,0.9325738522755782,1.3611654581514014,0.6016660115382071,0.029290416440656504,0.02825616866275795,0.024772718191270846,0.021584488899538016,0.0161068473279082,0.02281636550735979,0.031020619807755365,0.018419065533881555,0.008062712532667748,0.026606385252018146,0.02179411242357896,0.025133554010758282,0.021102672152466462,0.026864301467492187,0.01865616576703962,0.021225876165019284,0.02453002139935977,0.027103374810074993,0.03656802019511861,0.023188725763003546,0.018630669999856436,0.02835058089340524,0.02071321169507108,0.01807581864032406,0.021632688786453982,0.01905959579730455,0.026549172511372066,0.017303109667282015,0.028368354079815493,0.02512092166384789
439,0.8720999753637696,0.16188407333737836,0.022824443822780507,0.8874813447919832,0.8582296979102826,0.6288266226227361,0.6018592217397338,0.97423286806043,0.9866110322460533,0.8122606178431551,0.8838239478234411,0.657976672322349,0.9790287425364892,0.6971746167557744,0.9264145003015405,0.8939749593067181,0.9536791004095169,0.9759634052191051,0.9255871911681344,0.8611877264800332,0.8149970996313312,0.7532019943950456,0.9414045038094305,1.0492060427501149,0.8087605489732899,1.0238436651124165,0.7410300491184825,0.7225913233436008,0.7738620814112775,1.1343843628654473,0.9325738522755782,1.3611654581514014,0.6016660115382071,0.029191174016259536,0.024571560906240873,0.02690093308587723,0.019382565225057272,0.02141694905740142,0.02607857472165929,0.034630081254878896,0.021812794360098448,0.009735526014356236,0.03518771419608627,0.016695699438635615,0.02523088218369067,0.0167781352968193,0.021815296800593707,0.020904152495520675,0.01439706995774313,0.027954058776699823,0.0229518855045455,0.0265270369991149,0.023772176996729392,0.018211650376962676,0.029846251361302884,0.013631012134012405,0.022311487829281128,0.019609760082076374,0.02335885534975037,0.02830724164305071,0.018513514623404344,0.026262212281060925,0.018747061714505166
440,0.8682104187498487,0.15156028386734927,0.024509217312733308,0.8874813447919832,0.8582296979102826,0.6288266226227361,0.6018592217397338,0.97423286806043,0.9866110322460533,0.8122606178431551,0.8838239478234411,0.657976672322349,0.9790287425364892,0.6971746167557744,0.9264145003015405,0.8939749593067181,0.9536791004095169,0.9759634052191051,0.9195928706612979,0.8611877264800332,0.8149970996313312,0.7532019943950456,0.9414045038094305,1.0492060427501149,0.8087605489732899,1.0238436651124165,0.7410300491184825,0.7225913233436008,0.7738620814112775,1.1343843628654473,0.9325738522755782,1.2504730802406105,0.6016660115382071,0.0347482798238862,0.029593586970181184,0.0335455639786094,0.01585339903347835,0.020132080107797354,0.02247678272287893,0.03137424940446195,0.020401759283424643,0.019557652605995648,0.030398969569617684,0.013159465080835356,0.02857416487865632,0.02252373855364905,0.027022430215057496,0.022318499160708483,0.019374517832560147,0.030423879549697254,0.025129470649780102,0.03241596465037183,0.02132259648891602,0.02260735671949505,0.02960899738800217,0.019673727687049794,0.023908968183277816,0.023086131236142247,0.011561291205233658,0.0298984727431344,0.027999151251477436,0.030335516531650505,0.016249855875972698
441,0.8597345162874145,0.14876278733175755,0.02496330408669682,0.8874813447919832,0.8582296979102826,0.6288266226227361,0.6018592217397338,0.8744466061872349,0.9866110322460533,0.8122606178431551,0.8838239478234411,0.657976672322349,0.9790287425364892,0.6971746167557744,0.9264145003015405,0.8939749593067181,0.9536791004095169,0.9759634052191051,0.9174901244226779,0.8611877264800332,0.8149970996313312,0.7532019943950456,0.9414045038094305,1.0492060427501149,0.8087605489732899,1.0238436651124165,0.732539825857494,0.7225913233436008,0.7346803433288795,1.0626207028994767,0.9206463075560234,1.2504730802406105,0.5806411118059072,0.029980084237462432,0.026658341088951237,0.03568203421870391,0.01697629541123004,0.017196404203121813,0.025748842022207154,0.034730012890703876,0.016857356039578948,0.025608187711361738,0.026103770607317226,0.01718793831143068,0.03213501174170358,0.01794801229628961,0.02955131061769614,0.022113516644337704,0.013959961116404147,0.030070975030113564,0.03110579212274933,0.03223044726936578,0.03395568856687952,0.021193735261381824,0.02735581315634109,0.02496236017970755,0.02435553059504174,0.02631093747394647,0.010826017676604613,0.0253161396595108,0.029437710986187422,0.02669820436336649,0.016642691101208296
442,0.8527447509528483,0.152792574030089,0.02556540056236413,0.8874813447919832,0.6567668167928713,0.6288266226227361,0.6018592217397338,0.8744466061872349,0.9866110322460533,0.8122606178431551,0.8838239478234411,0.657976672322349,0.9790287425364892,0.6971746167557744,0.9264145003015405,0.8939749593067181,0.9536791004095169,0.9759634052191051,0.9174901244226779,0.8611877264800332,0.8149970996313312,0.7532019943950456,0.9414045038094305,1.0492060427501149,0.8087605489732899,1.0238436651124165,0.732539825857494,0.7225913233436008,0.7346803433288795,1.0543906239799026,0.9206463075560234,1.2504730802406105,0.5806411118059072,0.032979312341781135,0.031672105835057536,0.03180622958933224,0.01783388383218846,0.026758031222779474,0.022640248069938567,0.03478779724650059,0.02207542090914173,0.025621793285210415,0.030593831483096367,0.01823208679201646,0.0360044951616891,0.020912146164455414,0.02583941055447793,0.02169002990133795,0.022201838163848624,0.02907719428856059,0.027078772831157068,0.03356706993676234,0.0290518303856686,0.025436065020110678,0.02657829032000662,0.0178763104489604,0.022114987613338837,0.018266428137730394,0.01584123948882066,0.02472675997071048,0.021131092609590302,0.0310193877731925,0.02354792749346252
443,0.8519046166410017,0.15287350329879923,0.024512510690021885,0.8874813447919832,0.6567668167928713,0.6288266226227361,0.6018592217397338,0.8744466061872349,0.9866110322460533,0.8122606178431551,0.8838239478234411,0.657976672322349,0.9790287425364892,0.6971746167557744,0.9264145003015405,0.8939749593067181,0.9536791004095169,0.9759634052191051,0.9174901244226779,0.8429819599892032,0.8149970996313312,0.7532019943950456,0.9414045038094305,1.0492060427501149,0.8022310520428744,1.0238436651124165,0.732539825857494,0.7221225574094459,0.7346803433288795,1.0543906239799026,0.9206463075560234,1.2504730802406105,0.5806411118059072,0.028590535301739127,0.026333675619527364,0.028396370678148278,0.018375644142161193,0.019323912856412943,0.015937170463845945,0.03770492564302692,0.019333798264517026,0.0228238549607465,0.02882305956256871,0.01659895841260699,0.036146376524111644,0.02140848057573368,0.020267253028537317,0.01953531706588735,0.020609494919315893,0.030472313432582252,0.030540326624965284,0.02621072626520337,0.027355915385106837,0.026342236430729513,0.024711004605040353,0.016393562987755655,0.02290265256595566,0.02675658673768013,0.0245400877393042,0.023078493341608504,0.02383696246262475,0.02871013691403311,0.02331548718918
444,0.8498492806788777,0.14896748704806712,0.024160333694039138,0.8874813447919832,0.6567668167928713,0.6288266226227361,0.6018592217397338,0.8744466061872349,0.9866110322460533,0.8122606178431551,0.8838239478234411,0.657976672322349,0.9790287425364892,0.6971746167557744,0.9264145003015405,0.8939749593067181,0.9377444615101322,0.9759634052191051,0.9174901244226779,0.8429819599892032,0.8149970996313312,0.7532019943950456,0.9414045038094305,1.0492060427501149,0.8022310520428744,1.0238436651124165,0.732539825857494,0.7221225574094459,0.7346803433288795,1.0476891547935954,0.9206463075560234,1.2114491094625817,0.5806411118059072,0.021135493365186313,0.026328086616309608,0.026467898347031317,0.020315654671692267,0.015872240437955293,0.024042988301271835,0.03516947482073139,0.015407905675501637,0.030290894112649222,0.030068580234537318,0.021155496949968617,0.03147161187556867,0.022996282555451678,0.029164147083249076,0.019126631104828106,0.02577733693028954,0.024646049854874865,0.026878138282706326,0.027999068266333325,0.024833847147579788,0.0342508310806252,0.023140455457171902,0.023741505382869066,0.0193961649722996,0.024301798709256927,0.013711682352927895,0.024235229024171627,0.01831556590219259,0.027084222489282637,0.01748472881666047
445,0.8497666063078969,0.1490546820916583,0.023766637902145858,0.8874813447919832,0.6567668167928713,0.6288266226227361,0.6018592217397338,0.8744466061872349,0.9866110322460533,0.8122606178431551,0.8838239478234411,0.6577560576035499,0.9790287425364892,0.6949150003451519,0.9264145003015405,0.8939749593067181,0.9377444615101322,0.9759634052191051,0.9174901244226779,0.8429819599892032,0.8149970996313312,0.7532019943950456,0.9414045038094305,1.0492060427501149,0.8022310520428744,1.0238436651124165,0.732539825857494,0.7221225574094459,0.7346803433288795,1.0476891547935954,0.9206463075560234,1.2114491094625817,0.5806411118059072,0.019747935493428848,0.028397987556391283,0.023977232713112532,0.027147048665633763,0.02147035047768165,0.026090766776871412,0.03475410589336331,0.017555872983549676,0.024477363316896414,0.02373624809034287,0.017678985828345366,0.03189622118485681,0.0198777810048289,0.0225149531305522,0.025449090272576906,0.02321676929293042,0.026903062638497087,0.019133283302330394,0.01948336990148878,0.025519549889771995,0.03286204642514816,0.01777448008970298,0.02323421122171476,0.019595928943420566,0.027190406101580696,0.015306925913736665,0.02447159599191754,0.02206828076576804,0.03348481724404791,0.017982465953887816
446,0.8489241028260561,0.14839162781353368,0.02368337108524938,0.8874813447919832,0.6567668167928713,0.6288266226227361,0.6018592217397338,0.8744466061872349,0.9866110322460533,0.8122606178431551,0.8838239478234411,0.6577560576035499,0.9537536380812672,0.6949150003451519,0.9264145003015405,0.8939749593067181,0.9377444615101322,0.9759634052191051,0.9174901244226779,0.8429819599892032,0.8149970996313312,0.7532019943950456,0.9414045038094305,1.0492060427501149,0.8022310520428744,1.0238436651124165,0.732539825857494,0.7221225574094459,0.7346803433288795,1.0476891547935954,0.9206463075560234,1.2114491094625817,0.5806411118059072,0.02879169155311647,0.030242450193246968,0.03263773595668872,0.02177950933024747,0.02282361466972007,0.02486542155286409,0.03017201769161548,0.0225743419004338,0.019002092279838,0.030674058373259275,0.023870897219032582,0.029148550455813788,0.020524442957619012,0.014719777609502507,0.018152353250591887,0.022247557705184787,0.027753215446583226,0.025308543540617824,0.021532914383262228,0.031499495508158164,0.030039520334261813,0.015701431977224102,0.01974028551452332,0.02028826306946225,0.01819928530731074,0.015316834497042426,0.020545010707789618,0.02452742148689347,0.030799583382436532,0.0170228147031408
447,0.8484831040702377,0.14815096749988002,0.024644929067730647,0.8874813447919832,0.6567668167928713,0.627259775466602,0.6018592217397338,0.8744466061872349,0.9866110322460533,0.8122606178431551,0.8838239478234411,0.6577560576035499,0.9537536380812672,0.6949150003451519,0.9264145003015405,0.8939749593067181,0.9377444615101322,0.9643002897006849,0.9174901244226779,0.8429819599892032,0.8149970996313312,0.7532019943950456,0.9414045038094305,1.0492060427501149,0.8022310520428744,1.0238436651124165,0.732539825857494,0.7221225574094459,0.7346803433288795,1.0476891547935954,0.9206463075560234,1.2114491094625817,0.5806411118059072,0.025702194632991664,0.02383316945607824,0.026966364023473723,0.019107890176401347,0.01740786126428399,0.019623228301917504,0.03590331820706041,0.018712318618451868,0.026371130587879085,0.031766856523574465,0.02253611899389891,0.0311636684577174,0.023088826688526166,0.024698111450697,0.01734159906846333,0.018347012776626787,0.03371327194728764,0.028845493775784315,0.02621310617696855,0.025383474612860696,0.03130884701783775,0.027719990202795707,0.020266082944196507,0.02560333519120018,0.01870132213045306,0.01834548301681852,0.031040616812407353,0.022252406121722867,0.029434437709307003,0.01795033514423749
448,0.8484831040702377,0.14815096749988002,0.024508793696173523,0.8874813447919832,0.6567668167928713,0.627259775466602,0.6018592217397338,0.8744466061872349,0.9866110322460533,0.8122606178431551,0.8838239478234411,0.6577560576035499,0.9537536380812672,0.6949150003451519,0.9264145003015405,0.8939749593067181,0.9377444615101322,0.9643002897006849,0.9174901244226779,0.8429819599892032,0.8149970996313312,0.7532019943950456,0.9414045038094305,1.0492060427501149,0.8022310520428744,1.0238436651124165,0.732539825857494,0.7221225574094459,0.7346803433288795,1.0476891547935954,0.9206463075560234,1.2114491094625817,0.5806411118059072,0.02455934003112121,0.025657371662188774,0.03481074833671196,0.019926111596696338,0.01779883989162387,0.018902944989436392,0.039624705075252294,0.018619974919105917,0.023117287370309318,0.024299311275748373,0.022056366938533984,0.03033145597887555,0.01993521258609694,0.019990305669293586,0.019260800364667624,0.022931055805396915,0.03218155655481536,0.023385773769088063,0.025704659886787863,0.024786766264944,0.03216413568562454,0.025841331615019707,0.025194864659835274,0.025116957058279047,0.019506309094055898,0.024078104732377252,0.02107415839905022,0.02504377109093941,0.03107651335971313,0.018287076223616694
449,0.8474772753709168,0.14816029882295145,0.024177622618403196,0.8874813447919832,0.6567668167928713,0.627259775466602,0.6018592217397338,0.8744466061872349,0.9866110322460533,0.8122606178431551,0.8838239478234411,0.6577560576035499,0.9537536380812672,0.6949150003451519,0.9264145003015405,0.8939749593067181,0.9377444615101322,0.9643002897006849,0.9058475459869837,0.8429819599892032,0.7964648170873976,0.7532019943950456,0.9414045038094305,1.0492060427501149,0.8022310520428744,1.0238436651124165,0.732539825857494,0.7221225574094459,0.7346803433288795,1.0476891547935954,0.9206463075560234,1.2114491094625817,0.5806411118059072,0.023299353764799774,0.027825643821294013,0.03024981973063331,0.022711325002849097,0.0169213197726148,0.02101143063281513,0.02677058230112724,0.017269606214065335,0.018288018877098338,0.028080969359759494,0.02372507392902275,0.03255439210608517,0.018895185107031573,0.019340975898520334,0.020106409595426485,0.02535646801253342,0.025358607393972332,0.03090011336399455,0.026700548909717233,0.02238505047016888,0.027057361587941326,0.029379605782385063,0.02328856758996868,0.022286658610670657,0.02923342409308063,0.022628275011410064,0.022590362953934795,0.026011008499823046,0.030206484453817274,0.014896035705535084
450,0.84264886724899,0.15141080783347313,0.023604565152097197,0.8874813447919832,0.5838372499915114,0.627259775466602,0.6018592217397338,0.8744466061872349,0.9866110322460533,0.8122606178431551,0.8838239478234411,0.6577560576035499,0.9537536380812672,0.6949150003451519,0.9264145003015405,0.8939749593067181,0.9377444615101322,0.9643002897006849,0.8339248691305419,0.8429819599892032,0.7964648170873976,0.7532019943950456,0.9414045038094305,1.0492060427501149,0.8022310520428744,1.0238436651124165,0.732539825857494,0.7221225574094459,0.7346803433288795,1.0476891547935954,0.9206463075560234,1.2114491094625817,0.5806411118059072,0.023664088610736444,0.029363473444007093,0.024812337148470826,0.02190124235874501,0.017253384647185455,0.02833944248498859,0.03377053512347557,0.019205979363067432,0.028320285804693195,0.025712911753467987,0.023950856850661475,0.031338375631675575,0.016458189463615464,0.014325250508271027,0.023013672351919163,0.025918100088114505,0.018963130436941117,0.02800188065582911,0.026164909414194228,0.01924096112842081,0.025295118776957358,0.027496309960569603,0.024460231030854786,0.015076412963801916,0.028608934787803634,0.02548268024228647,0.019895437799835224,0.028429325586676202,0.02026551692583775,0.013407979219812672
451,0.8316561821606889,0.15229793984630943,0.023357123007128427,0.8874813447919832,0.47703352135180355,0.627259775466602,0.6018592217397338,0.8744466061872349,0.9866110322460533,0.8005526888595544,0.8838239478234411,0.6577560576035499,0.9537536380812672,0.6949150003451519,0.9264145003015405,0.8939749593067181,0.9377444615101322,0.9643002897006849,0.8339248691305419,0.8429819599892032,0.7964648170873976,0.7532019943950456,0.9154223335262839,1.0492060427501149,0.8022310520428744,1.0238436651124165,0.6877392746514528,0.7221225574094459,0.7346803433288795,1.0476891547935954,0.8694403418973953,1.1221689015846725,0.5806411118059072,0.02602330494915131,0.022821749534475144,0.023246077920012632,0.017879345147846438,0.015600617653079862,0.02322731885634516,0.026785678166815315,0.025414572716246406,0.023742166369646468,0.026854381692473034,0.01781356674370111,0.03164010412571701,0.024146344926903464,0.018524673901149903,0.02257082458316044,0.01692530059792221,0.026451257278015748,0.02435479504413459,0.028249920342180587,0.025477798968048897,0.022984591860086397,0.029406365325810577,0.02380637046891318,0.019868741029861893,0.024275667482489188,0.021921660869620607,0.022954436156213454,0.021756972821365503,0.02568511829664635,0.020303966385819876
452,0.8302665842707004,0.15234473820798397,0.024979923239054725,0.8874813447919832,0.47703352135180355,0.627259775466602,0.6018592217397338,0.8744466061872349,0.9866110322460533,0.8005526888595544,0.8838239478234411,0.6420090686175084,0.949781827637612,0.6949150003451519,0.9264145003015405,0.8939749593067181,0.9162695321016376,0.9643002897006849,0.8339248691305419,0.8429819599892032,0.7964648170873976,0.7532019943950456,0.9154223335262839,1.0492060427501149,0.8022310520428744,1.0233494572509518,0.6877392746514528,0.7221225574094459,0.7346803433288795,1.0476891547935954,0.8694403418973953,1.1221689015846725,0.5806411118059072,0.027453447598656297,0.024759350042153017,0.02972701703888541,0.021683193050104695,0.020471698076265282,0.02365422362825959,0.03275805414799667,0.0159685640490029,0.020674387061184078,0.029210670368828157,0.02076190522306036,0.03756368408079788,0.02100706909729252,0.020779875876674826,0.022624238971310703,0.025702214985474904,0.0293958279255507,0.025157834072045776,0.03589399965018203,0.026777639303521027,0.015015651702390895,0.028137158232066157,0.021003869157472238,0.02598834761279418,0.027087968394056843,0.024064490052113818,0.025008799021234374,0.023182022176078815,0.026080138578821275,0.021804357997366082
453,0.8253495708241092,0.15063868652791515,0.025028552180569694,0.8874813447919832,0.47703352135180355,0.6245062752926391,0.6018592217397338,0.8508509228727665,0.9866110322460533,0.8005526888595544,0.8838239478234411,0.6420090686175084,0.949781827637612,0.6375788637027111,0.9264145003015405,0.8939749593067181,0.9162695321016376,0.9643002897006849,0.8339248691305419,0.8429819599892032,0.7964648170873976,0.7532019943950456,0.9154223335262839,1.0492060427501149,0.8022310520428744,1.0233494572509518,0.6877392746514528,0.7221225574094459,0.7346803433288795,1.0476891547935954,0.8694403418973953,1.0583438183178093,0.5806411118059072,0.028647236920229933,0.03140928037158432,0.023629472519539972,0.025630680934468575,0.019880145258904143,0.026012543679703837,0.02833248628209603,0.02060553700050817,0.026177172139205684,0.024213792556809496,0.026319768999785432,0.03591272878311882,0.01873087724091588,0.02508282801279965,0.02105991474072637,0.020824823340446292,0.02847395998094703,0.024909707193823773,0.03429578978216863,0.02189363192272292,0.024069323756560037,0.029052991187906697,0.028381622074618133,0.023348608320840184,0.025785039006547456,0.02145079015310484,0.023793456782180485,0.026575742524891355,0.01895108719571601,0.017405526754220583
454,0.8240938458655919,0.15057706436930543,0.024693886437826804,0.8807656031391855,0.47703352135180355,0.6245062752926391,0.6018592217397338,0.8508509228727665,0.9866110322460533,0.8005526888595544,0.8838239478234411,0.6420090686175084,0.949781827637612,0.6375788637027111,0.9264145003015405,0.8939749593067181,0.9162695321016376,0.9643002897006849,0.8040973789161296,0.8429819599892032,0.7964648170873976,0.7532019943950456,0.9154223335262839,1.0492060427501149,0.8022310520428744,1.0233494572509518,0.6877392746514528,0.7221225574094459,0.7346803433288795,1.0476891547935954,0.868311825009084,1.0583438183178093,0.5806411118059072,0.02775485753344378,0.030283041427048123,0.021768999774575876,0.01985272524522563,0.025504153989601673,0.03135738437067741,0.0320199483942359,0.021857720459657195,0.026767836036016998,0.026397462732955033,0.018477210620435756,0.0339604187377779,0.01870624722658978,0.01772696562273894,0.019864244489314706,0.01955908482389763,0.025543789571977223,0.02455427995450346,0.029584815477654194,0.02099460475356376,0.025650474715819833,0.021570167832153708,0.024324457014165482,0.023172533639723263,0.03019606387259892,0.027983784535439968,0.023519011951560552,0.031303950640257094,0.016945775026064768,0.023614582665129634
455,0.8229805545231186,0.15152420628526606,0.02551602020136243,0.8807656031391855,0.47703352135180355,0.6107289557308566,0.5976067914491527,0.8508509228727665,0.9866110322460533,0.7854062155737478,0.8838239478234411,0.6417865514814811,0.949781827637612,0.6375788637027111,0.9264145003015405,0.8939749593067181,0.9162695321016376,0.9643002897006849,0.8040973789161296,0.8429819599892032,0.7964648170873976,0.7532019943950456,0.9154223335262839,1.0492060427501149,0.8022310520428744,1.0233494572509518,0.6877392746514528,0.7221225574094459,0.7346803433288795,1.0476891547935954,0.868311825009084,1.0583438183178093,0.5806411118059072,0.024666819368741152,0.03262715636183786,0.02508236163312,0.02270501596029282,0.020412207241663774,0.023999757324857155,0.032703775491413734,0.021506801905320158,0.026274459988818756,0.031224253855819343,0.017181860278137874,0.03332518596281604,0.021239246442087023,0.026298629404895156,0.021227295423786208,0.02523784186699112,0.02554306731782675,0.024114380415851764,0.027375441891778082,0.03172204987722262,0.024840440285840527,0.021865644739953005,0.022275926936085842,0.020548970287919466,0.026894621551204916,0.032601076176434915,0.029319143742770545,0.025334571623717182,0.0213172017644692,0.026015400919199898
456,0.8191698315102051,0.14826357072119403,0.02440980061316602,0.8807656031391855,0.47703352135180355,0.6107289557308566,0.5976067914491527,0.8120346575799542,0.9866110322460533,0.7854062155737478,0.8838239478234411,0.6417865514814811,0.949781827637612,0.6375788637027111,0.9264145003015405,0.8939749593067181,0.9162695321016376,0.9643002897006849,0.8040973789161296,0.8429819599892032,0.7964648170873976,0.7532019943950456,0.9154223335262839,1.0492060427501149,0.8022310520428744,1.0233494572509518,0.6877392746514528,0.7221225574094459,0.7346803433288795,0.9721837296990015,0.868311825009084,1.0583438183178093,0.5806411118059072,0.02462213988909735,0.03356184187155546,0.02540133059647245,0.026982389894367378,0.01964321766384536,0.026814208474005487,0.02578276698456211,0.02081470437669709,0.03231997836929583,0.02749530592155343,0.01751227833552761,0.02989874142420345,0.02737772587630878,0.0174494752779635,0.015443645597023794,0.02328935353335749,0.02571465835934437,0.029576618776924943,0.025754509588312557,0.022810197987233733,0.01939253173254969,0.02754331157723295,0.02295783244477826,0.02176943380259861,0.02456977687000703,0.023825229214535105,0.027514231354280886,0.023415092164940535,0.024706691494376924,0.018334798942028552
457,0.8178347703175182,0.14914575517230322,0.02438627236532054,0.8807656031391855,0.47703352135180355,0.5843314786253768,0.5976067914491527,0.8120346575799542,0.9866110322460533,0.7854062155737478,0.8838239478234411,0.6417865514814811,0.949781827637612,0.6375788637027111,0.9264145003015405,0.8939749593067181,0.9162695321016376,0.950645931025559,0.8040973789161296,0.8429819599892032,0.7964648170873976,0.7532019943950456,0.9154223335262839,1.0492060427501149,0.8022310520428744,1.0233494572509518,0.6877392746514528,0.7221225574094459,0.7346803433288795,0.9721837296990015,0.868311825009084,1.0583438183178093,0.5806411118059072,0.027602864087443786,0.032876685403981455,0.021441821215082566,0.02312217272981616,0.02248292480946453,0.028263926943870477,0.029318848863667608,0.02449043571163776,0.03026234816465762,0.03454430039729711,0.02218867768665609,0.030061875710364373,0.026476144191933337,0.019944832961611328,0.01377628556197285,0.025319916406431102,0.024078309633729297,0.02920971186836277,0.0233470708593019,0.024985175278993556,0.01891946432421124,0.023171020765679385,0.02470775429739113,0.019771160442743546,0.018721269564585474,0.025137354384901223,0.022495212532393727,0.023671013893905767,0.022593138068313586,0.01860645419921574
458,0.817442020965784,0.1488129206521079,0.024260376938284273,0.8807656031391855,0.47703352135180355,0.5843314786253768,0.5976067914491527,0.8120346575799542,0.9866110322460533,0.7854062155737478,0.8838239478234411,0.6417865514814811,0.937999347085587,0.6375788637027111,0.9264145003015405,0.8939749593067181,0.9162695321016376,0.950645931025559,0.8040973789161296,0.8429819599892032,0.7964648170873976,0.7532019943950456,0.9154223335262839,1.0492060427501149,0.8022310520428744,1.0233494572509518,0.6877392746514528,0.7221225574094459,0.7346803433288795,0.9721837296990015,0.868311825009084,1.0583438183178093,0.5806411118059072,0.0291199380638867,0.027528567165515043,0.022107993178343666,0.023264342425118982,0.020281087786989685,0.02049422513650726,0.03332600446947243,0.023448144057574068,0.025730087756078865,0.030101182453188102,0.021852727189571167,0.030817886896621002,0.019432892938205177,0.02235638639572248,0.01657740530745274,0.022650239848007923,0.026710980705325814,0.03672542847297723,0.027749618436511667,0.025715377098780592,0.01530135914616753,0.034526685717685156,0.019256580818716146,0.01906678126730541,0.023155560918079285,0.020308107861680556,0.023123911051306,0.024253325816313932,0.0233940965053351,0.01943438326408878
459,0.8129191771804309,0.15023642511819674,0.02410630978954744,0.8807656031391855,0.47703352135180355,0.5843314786253768,0.5976067914491527,0.7234261912005846,0.9866110322460533,0.7854062155737478,0.8838239478234411,0.6417865514814811,0.937999347085587,0.6375788637027111,0.9264145003015405,0.8835784908479103,0.9162695321016376,0.950645931025559,0.8040973789161296,0.8429819599892032,0.7964648170873976,0.71652161567263,0.9154223335262839,1.0492060427501149,0.8022310520428744,1.0233494572509518,0.6877392746514528,0.7221225574094459,0.7346803433288795,0.9721837296990015,0.868311825009084,1.0583438183178093,0.5806411118059072,0.027190502024706138,0.02717982981867881,0.019949171156008597,0.016409901723285058,0.019072118789275522,0.024586161774727777,0.03455227734645398,0.0246517145063024,0.025866400139022597,0.030696053280258657,0.023005159188033118,0.02985885012115795,0.017803325632700075,0.02749499743808073,0.018450257878185952,0.029268766902036294,0.020890377402695285,0.03153061891698529,0.030199534610829963,0.018082212859304676,0.020156939489055822,0.027401769025174775,0.022417859038975176,0.01983368643357189,0.02646798789987711,0.014354487762172827,0.023510038391036044,0.026666502063032643,0.024127174110844057,0.021514617963953875
460,0.8114545677498803,0.14975384529529107,0.024850387578790774,0.8807656031391855,0.47703352135180355,0.5843314786253768,0.5976067914491527,0.7234261912005846,0.9866110322460533,0.7854062155737478,0.8838239478234411,0.6417865514814811,0.937999347085587,0.6375788637027111,0.9264145003015405,0.8396402079313927,0.9162695321016376,0.950645931025559,0.8040973789161296,0.8429819599892032,0.7964648170873976,0.71652161567263,0.9154223335262839,1.0492060427501149,0.8022310520428744,1.0233494572509518,0.6877392746514528,0.7221225574094459,0.7346803433288795,0.9721837296990015,0.868311825009084,1.0583438183178093,0.5806411118059072,0.023263098018399722,0.025276936624792586,0.02625360907714454,0.023922047184946442,0.02308769434504956,0.027735964746398695,0.03522455207334637,0.017927518435547265,0.023516516058832912,0.029144199799571988,0.02262201110109352,0.029928124937825033,0.026159890160379666,0.020655102791832126,0.019941606086011688,0.026696251132889152,0.025739339311623765,0.030792651440435834,0.029302619828683516,0.02152666372894095,0.02385812696540241,0.02750330601311398,0.026015092830237434,0.020500556298734946,0.02703600988824147,0.017930202932850286,0.026069394860433213,0.026215852140034107,0.021777909883347577,0.019888778667582326
461,0.809747024633658,0.14950518703399812,0.024007712151367273,0.8328166376305828,0.4737561933737351,0.5843314786253768,0.5976067914491527,0.7234261912005846,0.9866110322460533,0.7854062155737478,0.8838239478234411,0.6417865514814811,0.937999347085587,0.6375788637027111,0.9264145003015405,0.8396402079313927,0.9162695321016376,0.950645931025559,0.8040973789161296,0.8429819599892032,0.7964648170873976,0.71652161567263,0.9154223335262839,1.0492060427501149,0.8022310520428744,1.0233494572509518,0.6877392746514528,0.7221225574094459,0.7346803433288795,0.9721837296990015,0.868311825009084,1.0583438183178093,0.5806411118059072,0.01749266856619321,0.025859682368594566,0.023421973680344203,0.02993454159168754,0.02509494689801438,0.02157806616828374,0.032567248604192564,0.02799472229830425,0.02976128231482634,0.02913379804371226,0.02069817777153231,0.030495888795679497,0.02410107232232966,0.022598947356755945,0.015398078687211988,0.02421134168064701,0.02711511568428252,0.02334921166121089,0.023597292167526172,0.02022582608822528,0.024422117862756765,0.028096575518787546,0.022774283883699824,0.020191237614483003,0.026886105691268286,0.020284297703110736,0.016670019443695012,0.022593991863209584,0.02310870484036503,0.02057414737008825
462,0.8084360690920709,0.14908011896486692,0.02434265488697304,0.8328166376305828,0.4737561933737351,0.5843314786253768,0.5976067914491527,0.7234261912005846,0.9866110322460533,0.7854062155737478,0.8838239478234411,0.6322189373151912,0.937999347085587,0.6375788637027111,0.9264145003015405,0.8396402079313927,0.9162695321016376,0.9441477581445068,0.8040973789161296,0.8429819599892032,0.7964648170873976,0.7128286547553775,0.9154223335262839,1.0492060427501149,0.8022310520428744,1.0233494572509518,0.6877392746514528,0.7221225574094459,0.7346803433288795,0.9526138114159832,0.868311825009084,1.0583438183178093,0.5806411118059072,0.023397574667848583,0.020763148118300743,0.01903033604869862,0.02595577955754933,0.019982588665864998,0.020451420681642962,0.03832339888805181,0.02581006661156318,0.03171326773186252,0.027200016034372273,0.015384766006988182,0.03042561201595076,0.024528843367321553,0.02605403820097996,0.024828684954498737,0.021209135432622827,0.025387130257750044,0.026061062137719724,0.028784974237469486,0.02071724783843857,0.020208149030705808,0.02901339497278261,0.018352533743060992,0.025426451868620373,0.025306388358657814,0.021187763692403865,0.02478787578958882,0.029933484731897497,0.02646175092387265,0.01359276204210592
463,0.8035354588485969,0.14885820807982128,0.024776304782760546,0.8328166376305828,0.4737561933737351,0.5843314786253768,0.5976067914491527,0.7234261912005846,0.9866110322460533,0.7854062155737478,0.8838239478234411,0.6322189373151912,0.937999347085587,0.5665342309397343,0.9145236010631739,0.8396402079313927,0.9162695321016376,0.9441477581445068,0.8040973789161296,0.8429819599892032,0.7964648170873976,0.7128286547553775,0.9154223335262839,1.0492060427501149,0.8022310520428744,1.0233494572509518,0.6877392746514528,0.7221225574094459,0.7346803433288795,0.9526138114159832,0.868311825009084,0.9942610430149341,0.5806411118059072,0.0214928629118585,0.025403201320960016,0.025435411667664304,0.02207349985871986,0.02046233057096921,0.018795096691392895,0.03772552806591184,0.024186650443115392,0.02706456407878318,0.02977446102363291,0.018389689511263456,0.02742296682339016,0.0328878849536523,0.028150887220628307,0.022034901542373787,0.021528015443699054,0.023227250617740853,0.033687997730839886,0.025124092345842147,0.01807622396394254,0.015082950841234994,0.02578605126259568,0.025549767796840227,0.029792574318047275,0.024870997150146706,0.02404067719922053,0.018972443687486528,0.032692614762747166,0.029007266756440272,0.014550282921676365
464,0.7974857699556536,0.14778305511988857,0.02545485817824894,0.8328166376305828,0.4737561933737351,0.5843314786253768,0.5976067914491527,0.661952851067785,0.9866110322460533,0.7670144524341933,0.8838239478234411,0.6322189373151912,0.9119616399891233,0.564096854892306,0.9145236010631739,0.8396402079313927,0.9162695321016376,0.9323216225692588,0.8040973789161296,0.8429819599892032,0.7964648170873976,0.7128286547553775,0.9088528423386468,1.0492060427501149,0.8022310520428744,1.0233494572509518,0.6877392746514528,0.7221225574094459,0.7346803433288795,0.897858957806815,0.868311825009084,0.9942610430149341,0.5806411118059072,0.018106085335916528,0.02603850524795634,0.025716834140335272,0.026561298060204387,0.01816166311990433,0.028419185065948233,0.035694174266140216,0.022771923604832753,0.030878887924547724,0.030002597859823576,0.019473370484373594,0.03311513942830123,0.02834947179208109,0.026192012241444834,0.023857238411135774,0.02126439373342196,0.02661097752707826,0.029898815208318396,0.03499429043814451,0.018095503768998433,0.019656200349988866,0.026377760244145915,0.02353568930211783,0.019962605262359972,0.023077106865269016,0.02722591254527612,0.020543180662188895,0.0275017622112464,0.034466836468777844,0.017096323777189986
465,0.7942664502979272,0.14660873500495217,0.02449933452098655,0.8328166376305828,0.4737561933737351,0.5843314786253768,0.5976067914491527,0.661952851067785,0.9866110322460533,0.7670144524341933,0.8838239478234411,0.6322189373151912,0.9119616399891233,0.564096854892306,0.9145236010631739,0.8396402079313927,0.9162695321016376,0.9323216225692588,0.8040973789161296,0.8429819599892032,0.7964648170873976,0.7128286547553775,0.9088528423386468,1.0492060427501149,0.8022310520428744,1.0233494572509518,0.6877392746514528,0.7221225574094459,0.7346803433288795,0.8012793680750225,0.868311825009084,0.9942610430149341,0.5806411118059072,0.02514270819468683,0.02255348687143235,0.028040070126147634,0.0213179821793549,0.015817368161783463,0.029072050733900172,0.03767411104524999,0.018293486997730743,0.020028040489373247,0.02680912265456739,0.01522912859828491,0.028730123886928347,0.031222537784048873,0.028817768786021127,0.021391958696567355,0.03242741445916717,0.020719171586593556,0.028499700334648218,0.02770124870598886,0.016603002860686368,0.020472303953320677,0.025656511577886502,0.024444853219090342,0.016790725043133975,0.027690691057069648,0.026200604121022344,0.02339390641603184,0.02878741428852931,0.024991455426971787,0.020461087373378758
466,0.7942664502979272,0.14660873500495217,0.02546722352077292,0.8328166376305828,0.4737561933737351,0.5843314786253768,0.5976067914491527,0.661952851067785,0.9866110322460533,0.7670144524341933,0.8838239478234411,0.6322189373151912,0.9119616399891233,0.564096854892306,0.9145236010631739,0.8396402079313927,0.9162695321016376,0.9323216225692588,0.8040973789161296,0.8429819599892032,0.7964648170873976,0.7128286547553775,0.9088528423386468,1.0492060427501149,0.8022310520428744,1.0233494572509518,0.6877392746514528,0.7221225574094459,0.7346803433288795,0.8012793680750225,0.868311825009084,0.9942610430149341,0.5806411118059072,0.023368499693550093,0.01868261638968578,0.03166417958367178,0.022346144779751886,0.024193241002148504,0.033874106659210125,0.036128689850762286,0.02433185195901661,0.023310379200096043,0.028678091898012723,0.020020761812803763,0.030547140638501665,0.03494372725852708,0.026003771372582217,0.022173803884080395,0.024468870689166804,0.026222048640663895,0.02617443499119621,0.02754492321946727,0.0216621460483109,0.02931272519341287,0.02065502104528601,0.022109401978079264,0.018703522360026325,0.028675608139218746,0.023156913556170222,0.021803667053573134,0.028668807657349457,0.026357784209100947,0.018233824859764467
467,0.7933622772705209,0.147676830154463,0.025092990786691714,0.8328166376305828,0.4578609304116168,0.5843314786253768,0.5976067914491527,0.661952851067785,0.9866110322460533,0.7624446964341165,0.8838239478234411,0.6322189373151912,0.9119616399891233,0.564096854892306,0.9145236010631739,0.8348299509574066,0.9162695321016376,0.9323216225692588,0.8040973789161296,0.8429819599892032,0.7964648170873976,0.7128286547553775,0.9088528423386468,1.0492060427501149,0.8022310520428744,1.0214995423649431,0.6877392746514528,0.7221225574094459,0.7346803433288795,0.8012793680750225,0.868311825009084,0.9942610430149341,0.5806411118059072,0.019226042041766797,0.022636475694886866,0.022534560045793788,0.024613929721641576,0.026520590149402487,0.025984708460581853,0.031056941576043145,0.024207025115232657,0.02512298521440873,0.02675996815299109,0.024570408638763096,0.03238331254832462,0.027943317419008556,0.02314337588430825,0.017279859405084273,0.021964507756387815,0.026032167668264224,0.031174005189488124,0.02823091818756491,0.02224004023320014,0.024423586651549638,0.027482609055085927,0.01850541773262198,0.021658926813018474,0.02792430961577761,0.02026772297373052,0.02476916218173021,0.027404965230540902,0.030677085733571363,0.026050798509982036
468,0.7903321466349424,0.14625688225416186,0.024887536892855913,0.7700652333542704,0.4578609304116168,0.5843314786253768,0.5976067914491527,0.661952851067785,0.9866110322460533,0.7624446964341165,0.8838239478234411,0.6322189373151912,0.9119616399891233,0.564096854892306,0.9145236010631739,0.8348299509574066,0.9162695321016376,0.9323216225692588,0.8040973789161296,0.8429819599892032,0.7964648170873976,0.7128286547553775,0.9088528423386468,1.0492060427501149,0.8022310520428744,0.9965479192156477,0.6877392746514528,0.7221225574094459,0.7346803433288795,0.8012793680750225,0.8651109333673408,0.9942610430149341,0.5806411118059072,0.028950269893257004,0.022996503447328027,0.02973438674362241,0.027160691906077426,0.02309900175605051,0.028084756313041116,0.02858594254499524,0.01570575352476413,0.030105257586750367,0.02610707096335179,0.025704196864141566,0.03166971685568494,0.02755716301334996,0.022173238681179673,0.014638775820892999,0.021657480449841563,0.028792297922254427,0.02538761342724657,0.0284805353897142,0.024368833904188827,0.01440994990921082,0.03388973832861635,0.019674528919803473,0.0231239445845704,0.0226065957070771,0.021862022757354146,0.02491307450938977,0.02133690278627036,0.03032372346166126,0.02352613881399123
469,0.7868092298485051,0.14443791558565655,0.024954871114755736,0.7700652333542704,0.4578609304116168,0.5843314786253768,0.5976067914491527,0.661952851067785,0.9602328537133826,0.7624446964341165,0.8838239478234411,0.6322189373151912,0.9119616399891233,0.564096854892306,0.9145236010631739,0.8348299509574066,0.9162695321016376,0.9323216225692588,0.8040973789161296,0.8429819599892032,0.7964648170873976,0.7128286547553775,0.9088528423386468,1.0492060427501149,0.8022310520428744,0.9965479192156477,0.6877392746514528,0.7221225574094459,0.7346803433288795,0.7431384221146335,0.8639802796867646,0.9742233175954493,0.5806411118059072,0.027995221915954493,0.02563484025536441,0.0232626607506746,0.03129297515413497,0.023225228423092936,0.028017085989069396,0.027226410479718494,0.023195482488307106,0.025934665012520897,0.029683177504940744,0.027648912242586185,0.03154389297259036,0.023117419432919645,0.02498975755421265,0.013174375391040372,0.016223547310446035,0.02273047517290559,0.02574354516136009,0.03234743240084864,0.02646082081787674,0.0205556847184034,0.03166250693646404,0.015019968287108873,0.02636233812847185,0.0321660502261063,0.01995846688108074,0.028115710257487807,0.020473553958339094,0.023563185074479326,0.021320742544166396
470,0.7849500491653132,0.14421522821680874,0.024161320526821385,0.7700652333542704,0.4578609304116168,0.5843314786253768,0.5976067914491527,0.661952851067785,0.9602328537133826,0.7624446964341165,0.8838239478234411,0.6322189373151912,0.8840538250376935,0.564096854892306,0.9145236010631739,0.8348299509574066,0.9162695321016376,0.9323216225692588,0.8040973789161296,0.8429819599892032,0.7964648170873976,0.7128286547553775,0.9088528423386468,1.0492060427501149,0.8022310520428744,0.9965479192156477,0.6877392746514528,0.694254951865116,0.7346803433288795,0.7431384221146335,0.8639802796867646,0.9742233175954493,0.5806411118059072,0.019638534874284318,0.02452265503237208,0.022423562933554814,0.027088297698768783,0.017119228086310653,0.022842190949036292,0.03010533512968181,0.02517599260794453,0.023610412561183725,0.03082403822293593,0.02094274289503779,0.026515026534029755,0.019509310935795922,0.020753257749572724,0.02249757257366579,0.020224375507428744,0.028834795587925885,0.03477284640206358,0.033360423325667986,0.024737019473455156,0.023881821868000513,0.030651483566360303,0.017596054421743827,0.022427202120325746,0.024621316344241126,0.025034027077348597,0.02650732908210158,0.020299357964578362,0.02152427227538685,0.0167991320038382
471,0.7796749251398214,0.1379827380071941,0.024615762902006993,0.7700652333542704,0.4578609304116168,0.5843314786253768,0.5976067914491527,0.661952851067785,0.9602328537133826,0.7624446964341165,0.8838239478234411,0.6322189373151912,0.8840538250376935,0.564096854892306,0.8674533304143854,0.8348299509574066,0.9162695321016376,0.9164173818697354,0.8040973789161296,0.8429819599892032,0.7964648170873976,0.7128286547553775,0.8824916269382936,0.9802880487340286,0.8022310520428744,0.9965479192156477,0.6877392746514528,0.694254951865116,0.7346803433288795,0.7431384221146335,0.8639802796867646,0.9742233175954493,0.5806411118059072,0.02375336010476477,0.02480887413994326,0.02109477456991027,0.033379199207622764,0.02058402197154826,0.03223435864665289,0.030725893032141707,0.017802891142107348,0.031654471363487896,0.02699866967999902,0.024609219693690787,0.028171314692341833,0.02322208351956607,0.02569792677582187,0.013810555692665104,0.022170401353771563,0.023230998129120852,0.0319688902998839,0.024991264953294862,0.028408640394727066,0.013360083889544381,0.030590833356254607,0.023639823711198937,0.02118280192648563,0.01848822888554959,0.025028843343721054,0.027954554263868784,0.023137708070672496,0.025958367730013927,0.0198138325198384
472,0.7738723488212866,0.1399345231785676,0.024239190318261834,0.7700652333542704,0.4578609304116168,0.5843314786253768,0.5976067914491527,0.6013209480967139,0.9602328537133826,0.7478335985745663,0.8838239478234411,0.6322189373151912,0.8840538250376935,0.564096854892306,0.8674533304143854,0.8348299509574066,0.9162695321016376,0.9164173818697354,0.8040973789161296,0.8429819599892032,0.7964648170873976,0.7128286547553775,0.8824916269382936,0.9802880487340286,0.8022310520428744,0.9921229713160256,0.6386543238925282,0.694254951865116,0.7346803433288795,0.7313421955391957,0.8639802796867646,0.9406951541040098,0.5806411118059072,0.024054108876488192,0.021786454869910696,0.028112668530359118,0.030218381858747565,0.02337806185565637,0.025488413911479955,0.023789415096710703,0.017593801514026296,0.03010813394936147,0.02859978270319194,0.02795774342085827,0.03249609989647659,0.016922788861026307,0.02078598395082539,0.015267118680738368,0.02402871065411619,0.018524390859390023,0.02557567944193693,0.028986301097626663,0.020011753769817217,0.020619572671177425,0.027219276284934785,0.01786214378509646,0.024904430449298215,0.028877883465124175,0.024673779340060445,0.032289911564755205,0.020239222619987556,0.0252403741450278,0.021563321423648574
473,0.7711198634981038,0.14027893511003664,0.024738462806710538,0.7700652333542704,0.4578609304116168,0.5552284288660947,0.5976067914491527,0.6013209480967139,0.9602328537133826,0.7478335985745663,0.8838239478234411,0.6322189373151912,0.8840538250376935,0.564096854892306,0.8674533304143854,0.8348299509574066,0.9162695321016376,0.9164173818697354,0.8040973789161296,0.8429819599892032,0.7964648170873976,0.7128286547553775,0.8290201170020919,0.9802880487340286,0.8022310520428744,0.9921229713160256,0.6386543238925282,0.694254951865116,0.7346803433288795,0.7313421955391957,0.8639802796867646,0.9406951541040098,0.5806411118059072,0.019774306213260092,0.024403439061624267,0.022572502733038152,0.02950348454195385,0.022580411092946874,0.02788057392471732,0.030253906155095833,0.025103924046874195,0.032789705780517195,0.028306589288679476,0.02718137468482831,0.027138429964946816,0.01865499637239952,0.024058582074808876,0.013966471221059418,0.02632466567079648,0.022552357295931663,0.02878785337377054,0.02512963584858938,0.018976812546641818,0.021091894924626313,0.028762107904693378,0.019168152227442035,0.027403969358703435,0.02605578545946292,0.027508026395800477,0.03494451906126071,0.017794376298478222,0.022839074400867757,0.020645956277500637
474,0.7696119566132825,0.13915775391154778,0.025305310396782497,0.7700652333542704,0.4578609304116168,0.5552284288660947,0.5976067914491527,0.6013209480967139,0.9602328537133826,0.7320810735461305,0.8838239478234411,0.6322189373151912,0.8840538250376935,0.5617885985261641,0.8674533304143854,0.8348299509574066,0.9162695321016376,0.9164173818697354,0.8040973789161296,0.8429819599892032,0.7964648170873976,0.7128286547553775,0.8290201170020919,0.9802880487340286,0.8022310520428744,0.9649465461659656,0.6386543238925282,0.694254951865116,0.7346803433288795,0.7313421955391957,0.8639802796867646,0.9406951541040098,0.5806411118059072,0.02457488463161339,0.030335185581243523,0.020120614711555636,0.032707858420234485,0.020513300607607997,0.018741762058581204,0.023991221882146214,0.02254398112741407,0.030555860396384017,0.028209211011212647,0.020542991612286895,0.027746809805744562,0.02199483843098095,0.029067383429624453,0.013302746076905361,0.027349089557344348,0.01891976187460937,0.0326183961555751,0.022579527791501047,0.02972089196317425,0.02425593816242293,0.03681212399983286,0.019340763069862342,0.023435334053076323,0.02684940684695926,0.0255044645488822,0.030517293718121653,0.02598461427845214,0.025327569339783435,0.02499548676034238
475,0.7696119566132825,0.13915775391154778,0.025809415402913188,0.7700652333542704,0.4578609304116168,0.5552284288660947,0.5976067914491527,0.6013209480967139,0.9602328537133826,0.7320810735461305,0.8838239478234411,0.6322189373151912,0.8840538250376935,0.5617885985261641,0.8674533304143854,0.8348299509574066,0.9162695321016376,0.9164173818697354,0.8040973789161296,0.8429819599892032,0.7964648170873976,0.7128286547553775,0.8290201170020919,0.9802880487340286,0.8022310520428744,0.9649465461659656,0.6386543238925282,0.694254951865116,0.7346803433288795,0.7313421955391957,0.8639802796867646,0.9406951541040098,0.5806411118059072,0.023249875476463473,0.025366121477425355,0.028312623258152474,0.029880872860333314,0.01951403840661504,0.021128027643328474,0.036713282431355306,0.023593171409914557,0.026388489079728027,0.02808600804655518,0.031013762179353074,0.029961424002609288,0.018964426352405923,0.02829688467616299,0.017171476477971362,0.027815570343261306,0.0258052362787499,0.027093308139954416,0.022014597124778802,0.03185705913420223,0.015825825003702325,0.029028757427135798,0.015394115914676937,0.02633379225432316,0.027053936902775792,0.02311759564976878,0.028177485710297982,0.034267878629754216,0.025324935361363134,0.02753188443427678
476,0.7671640385439724,0.13968132854310172,0.02600219420292843,0.7700652333542704,0.4578609304116168,0.5552284288660947,0.5976067914491527,0.6013209480967139,0.9602328537133826,0.7320810735461305,0.8838239478234411,0.6322189373151912,0.8840538250376935,0.5617885985261641,0.8674533304143854,0.814525547711217,0.9162695321016376,0.9042088221292706,0.8040973789161296,0.8429819599892032,0.7964648170873976,0.6898068822600938,0.8290201170020919,0.9802880487340286,0.8022310520428744,0.9649465461659656,0.6386543238925282,0.694254951865116,0.7346803433288795,0.7313421955391957,0.8639802796867646,0.9406951541040098,0.5627383052085411,0.02710261280685973,0.028072590510995372,0.03300601746341615,0.033707046184885694,0.02279331470704741,0.024825978268289837,0.03578257122168835,0.02554629590567723,0.027791453436791062,0.03249408761284744,0.02862774168125847,0.031039017863155816,0.021522966718134834,0.029623195352796044,0.014927449249378479,0.0283688212115343,0.024761131754087277,0.02912664648730548,0.03107056450473722,0.027631480166818434,0.018008363880313936,0.026606999561370945,0.014918934284035679,0.02392470180420016,0.02196018147548274,0.02459651990143537,0.022713928316842366,0.02593944769967576,0.021767818187666925,0.02180794786912455
477,0.7634453655699398,0.13961252031959967,0.02493136128878408,0.7700652333542704,0.4578609304116168,0.5552284288660947,0.5976067914491527,0.5804321391753757,0.9602328537133826,0.7320810735461305,0.8838239478234411,0.6322189373151912,0.8840538250376935,0.5617885985261641,0.8535554853770404,0.8096579504578725,0.9162695321016376,0.9042088221292706,0.8040973789161296,0.8429819599892032,0.7357030009273449,0.6898068822600938,0.8290201170020919,0.9691439268851316,0.8022310520428744,0.9649465461659656,0.6386543238925282,0.694254951865116,0.7346803433288795,0.7313421955391957,0.8639802796867646,0.9406951541040098,0.5627383052085411,0.03201158778529531,0.021136526969337523,0.03152470293845068,0.03095462970586381,0.02261614120163293,0.02752065275154077,0.029150004223398404,0.02409794288581945,0.018294568412896672,0.025300427521898476,0.026355887063498663,0.0335778874237308,0.02020926876042883,0.020561122206525156,0.016497103928573887,0.021345534890851475,0.025537086181846604,0.02762844267057705,0.028580241515586066,0.021877160060623534,0.026200294896023893,0.028847584037045536,0.017660402446208447,0.025927032407803568,0.027041072402829297,0.025309426840442496,0.025869452840672578,0.021647502783818766,0.02555372987413753,0.019107421036163995
478,0.7621152331157275,0.13970312119435946,0.02455823223354864,0.7370798617760781,0.4578609304116168,0.5552284288660947,0.5976067914491527,0.5804321391753757,0.9602328537133826,0.7320810735461305,0.8838239478234411,0.6322189373151912,0.8840538250376935,0.5617885985261641,0.8535554853770404,0.8096579504578725,0.9162695321016376,0.90339763582416,0.8040973789161296,0.8429819599892032,0.7357030009273449,0.6898068822600938,0.8290201170020919,0.9691439268851316,0.8022310520428744,0.9649465461659656,0.6386543238925282,0.694254951865116,0.7285729275858128,0.7313421955391957,0.8639802796867646,0.9406951541040098,0.5627383052085411,0.02899074355060961,0.019653632424408703,0.031823450570302635,0.03226091509880717,0.02716207419275035,0.024173365718935427,0.02675213147278404,0.027550351386984317,0.022146286158617592,0.02657863062794935,0.024733243313249244,0.03284640500003123,0.02281725974965096,0.01856884944091721,0.02402907272923893,0.019482267713735863,0.021846953118460445,0.02675369385573817,0.026131807636690957,0.029286680655109296,0.011998667704312327,0.028709846039791473,0.02302772711643665,0.023609048407304992,0.029141550505411822,0.021913477734899236,0.01989368913849475,0.02329931120862625,0.02380322606980051,0.017762608666409815
479,0.7596611204537324,0.13934935585996325,0.024490574267952852,0.7370798617760781,0.45548389869422623,0.5552284288660947,0.5976067914491527,0.5804321391753757,0.9602328537133826,0.7131776715169349,0.8838239478234411,0.6322189373151912,0.8840538250376935,0.5617885985261641,0.8535554853770404,0.8096579504578725,0.9162695321016376,0.90339763582416,0.8040973789161296,0.790639013875936,0.7357030009273449,0.6898068822600938,0.8290201170020919,0.9691439268851316,0.8022310520428744,0.9649465461659656,0.6386543238925282,0.694254951865116,0.7285729275858128,0.7313421955391957,0.8639802796867646,0.9406951541040098,0.5627383052085411,0.02731863887197932,0.026468336236231876,0.025959698283974566,0.03197457363290574,0.022304413259527252,0.022406544353031077,0.033261758331051605,0.02403362353761597,0.023592863294693935,0.027643424481125767,0.019495840782197328,0.033892530907374985,0.020093821208624615,0.02051310318013862,0.020876455441280008,0.015880350870281112,0.023944278740636774,0.02322742017119094,0.028196872963022958,0.02647633274942137,0.014899931649942045,0.0275756260941202,0.02403141088605583,0.02492325522681143,0.027841664004811938,0.02338186945536569,0.02073341923339606,0.026348688109670153,0.027337254171810123,0.020083227910296188
480,0.7596611204537324,0.13934935585996325,0.02426908982714393,0.7370798617760781,0.45548389869422623,0.5552284288660947,0.5976067914491527,0.5804321391753757,0.9602328537133826,0.7131776715169349,0.8838239478234411,0.6322189373151912,0.8840538250376935,0.5617885985261641,0.8535554853770404,0.8096579504578725,0.9162695321016376,0.90339763582416,0.8040973789161296,0.790639013875936,0.7357030009273449,0.6898068822600938,0.8290201170020919,0.9691439268851316,0.8022310520428744,0.9649465461659656,0.6386543238925282,0.694254951865116,0.7285729275858128,0.7313421955391957,0.8639802796867646,0.9406951541040098,0.5627383052085411,0.023194504721617097,0.01906329679749763,0.023037024718236286,0.037103565747318344,0.023823811403408553,0.02109822854217711,0.025003580570326908,0.02476709064594479,0.025104032951449688,0.026973590298848805,0.021719421070458073,0.03310629640808097,0.024566885079212557,0.023217242541981067,0.01660544437456256,0.02199075164513264,0.021110901454969706,0.026586108552434234,0.026373436652292886,0.028155215403510653,0.015823254619780677,0.025752187132710828,0.017528054675086727,0.024983067056422253,0.033974907328632134,0.02250912879926352,0.022989784766360717,0.02789702518175419,0.023403642587756037,0.020611213087090224
481,0.7593799268907787,0.1391727956652062,0.023975511917115378,0.7368946875491926,0.45548389869422623,0.5552284288660947,0.5976067914491527,0.5804321391753757,0.9602328537133826,0.7131776715169349,0.8838239478234411,0.6322189373151912,0.8840538250376935,0.5617885985261641,0.8453048527153162,0.8096579504578725,0.9162695321016376,0.90339763582416,0.8040973789161296,0.790639013875936,0.7357030009273449,0.6898068822600938,0.8290201170020919,0.9691439268851316,0.8022310520428744,0.9649465461659656,0.6386543238925282,0.694254951865116,0.7285729275858128,0.7313421955391957,0.8639802796867646,0.9406951541040098,0.5627383052085411,0.023414458536296152,0.01754606446786059,0.025086343058974704,0.03002065518492463,0.022005829760161646,0.020620946563268332,0.024274741359849288,0.025670708016332047,0.02426475357213623,0.02505920392617988,0.021999215037882706,0.0276042189977592,0.028929261378448395,0.025144722868952835,0.01861221354412134,0.01949228478523177,0.019931633230219115,0.025927423076488945,0.02483299097450676,0.028624322120572726,0.022389115785646917,0.027788428681015446,0.016620790240918153,0.027411467943946007,0.02724279896642564,0.018889606181781662,0.022612283246502815,0.030524949007572084,0.02929812931489145,0.017425797684593767
482,0.7543151992562788,0.1415133236521295,0.025261660624657144,0.7345137886143687,0.45548389869422623,0.5552284288660947,0.5976067914491527,0.5804321391753757,0.9602328537133826,0.7084764150969254,0.8838239478234411,0.6322189373151912,0.8840538250376935,0.5617885985261641,0.8453048527153162,0.8096579504578725,0.9162695321016376,0.90339763582416,0.8040973789161296,0.7054873532564376,0.7357030009273449,0.6898068822600938,0.8290201170020919,0.9691439268851316,0.8022310520428744,0.9649465461659656,0.5789463108318604,0.694254951865116,0.7285729275858128,0.7313421955391957,0.8639802796867646,0.9406951541040098,0.5627383052085411,0.0242296823433215,0.031553637879219686,0.02842810242246703,0.028210151680372962,0.019612697601039914,0.029128314943230565,0.03112408529601364,0.02806859065150725,0.02760990293546002,0.027168810094561985,0.01748643492741042,0.027923603022328207,0.031350968067304384,0.02387361474616609,0.021020704724734864,0.018504196297552136,0.02097776232328284,0.02519364924467637,0.028295911946757738,0.026995254270982115,0.016822290043376067,0.029971175337166638,0.01813321249781781,0.027817701195166984,0.0261543602447563,0.021941117291488947,0.020544286952317532,0.02657618291741561,0.024644921797567755,0.02848849504425084
483,0.7524211599949396,0.1413852844274152,0.024636068045024787,0.7345137886143687,0.45548389869422623,0.5552284288660947,0.5976067914491527,0.5804321391753757,0.9602328537133826,0.6828944612029955,0.874775726447734,0.6322189373151912,0.8840538250376935,0.5617885985261641,0.8453048527153162,0.8096579504578725,0.9162695321016376,0.90339763582416,0.7819063763455927,0.7054873532564376,0.7357030009273449,0.6898068822600938,0.8290201170020919,0.9691439268851316,0.8022310520428744,0.9649465461659656,0.5789463108318604,0.694254951865116,0.7285729275858128,0.7313421955391957,0.8639802796867646,0.9406951541040098,0.5627383052085411,0.020821053415052814,0.03202788602162811,0.027105377869711542,0.019168283951115802,0.02271143819274781,0.02893957769521023,0.03062633889782264,0.021693443289541897,0.02448434215387551,0.027311490858638675,0.019432140245954854,0.03656205064998622,0.032900765749546396,0.024317030541468717,0.018833739314268145,0.0153972305109479,0.018553427875324862,0.03169570704350202,0.02486361761142981,0.029537530243347328,0.02189541262393522,0.027798973708270728,0.01806217108940088,0.01959101573165316,0.023538535932593765,0.022380872240040713,0.026553217908226165,0.02223150869237317,0.02469263035998938,0.025355230933139107
484,0.7522789509718889,0.14156024128495384,0.025514130158898425,0.7345137886143687,0.45548389869422623,0.5552284288660947,0.5976067914491527,0.5761658684838555,0.9602328537133826,0.6828944612029955,0.874775726447734,0.6322189373151912,0.8840538250376935,0.5617885985261641,0.8453048527153162,0.8096579504578725,0.9162695321016376,0.90339763582416,0.7819063763455927,0.7054873532564376,0.7357030009273449,0.6898068822600938,0.8290201170020919,0.9691439268851316,0.8022310520428744,0.9649465461659656,0.5789463108318604,0.694254951865116,0.7285729275858128,0.7313421955391957,0.8639802796867646,0.9406951541040098,0.5627383052085411,0.020444722260200172,0.030776871060477433,0.02568419588380218,0.024879159581544734,0.0274133398213379,0.030162754545010547,0.030731623148723422,0.026714584791597877,0.028850372290808696,0.022854133526577804,0.021333290299611323,0.036436978213613025,0.027448128903326034,0.021201808626410606,0.021982485756425273,0.024182188480232663,0.01895096850091097,0.0321315975090508,0.024649095586174556,0.027154239962527305,0.01568882785891918,0.031297528838065476,0.023909308085983273,0.011794925851346215,0.028138582900729354,0.02448875072434491,0.025974606625574777,0.029336553855791335,0.027227853534034147,0.0235844277438006
485,0.7433064038668449,0.14566666191541286,0.025522646779701317,0.7345137886143687,0.3959638179113303,0.5552284288660947,0.5976067914491527,0.5761658684838555,0.9602328537133826,0.6828944612029955,0.874775726447734,0.6322189373151912,0.8570165332993338,0.5617885985261641,0.8453048527153162,0.8096579504578725,0.9162695321016376,0.90339763582416,0.7819063763455927,0.7054873532564376,0.7357030009273449,0.6898068822600938,0.6464010763720265,0.9691439268851316,0.8022310520428744,0.9649465461659656,0.5789463108318604,0.694254951865116,0.7285729275858128,0.7313421955391957,0.8639802796867646,0.9406951541040098,0.5627383052085411,0.018963245643472345,0.03311341870091205,0.02644265705265024,0.028932702208578444,0.02404689155510977,0.026549034151461023,0.025020956919617136,0.028706161892506236,0.02929592039760716,0.030766501268354694,0.01957493732637717,0.03222057209155954,0.02638669445118501,0.013465723621150363,0.022803710839162328,0.0231844817218917,0.021827941592893987,0.026147498722259035,0.027737156607090963,0.022025147156588293,0.019747984497953768,0.029561582068038668,0.020682845451729576,0.024158287916411413,0.02900402791797157,0.022869880459059105,0.03173676201252926,0.029569466710646582,0.029547072307533687,0.021590140128738396
486,0.7396825817660784,0.1431207456912977,0.02554289117193322,0.7345137886143687,0.3959638179113303,0.5552284288660947,0.5976067914491527,0.563508385858253,0.9173148807710132,0.6828944612029955,0.874775726447734,0.6322189373151912,0.8058357417563831,0.5617885985261641,0.8453048527153162,0.8076995345457978,0.9162695321016376,0.90339763582416,0.7819063763455927,0.7054873532564376,0.7357030009273449,0.6898068822600938,0.6464010763720265,0.9691439268851316,0.8022310520428744,0.9649465461659656,0.5789463108318604,0.694254951865116,0.7285729275858128,0.7313421955391957,0.8639802796867646,0.9406951541040098,0.5627383052085411,0.01965898879922673,0.03488000546572573,0.024360477352615963,0.02971982978732054,0.021160493005319792,0.03216966620486245,0.02788215891205737,0.02343713815705286,0.019942112472645622,0.030421432182256406,0.020918573013721315,0.0324191938165417,0.02851933946122845,0.01700294506342779,0.028888740589081786,0.019845763488979824,0.03215854564363051,0.03164655683392402,0.027005209688099597,0.02011958751967015,0.014972438815747544,0.027177139600928737,0.023525579439537796,0.028638329386382142,0.02738862694716313,0.022263299639056797,0.03511964446559474,0.01629164579828189,0.02495991166987698,0.02379336193803827
487,0.7393033860457224,0.1431647414914316,0.02462701406471455,0.7345137886143687,0.3959638179113303,0.5552284288660947,0.5976067914491527,0.563508385858253,0.9173148807710132,0.6828944612029955,0.874775726447734,0.6322189373151912,0.8058357417563831,0.5617885985261641,0.8453048527153162,0.8076995345457978,0.9162695321016376,0.90339763582416,0.7819063763455927,0.7054873532564376,0.7357030009273449,0.6898068822600938,0.6464010763720265,0.9691439268851316,0.8022310520428744,0.9649465461659656,0.5789463108318604,0.694254951865116,0.7171970559751348,0.7313421955391957,0.8639802796867646,0.9406951541040098,0.5627383052085411,0.023458221792521956,0.029781598312541988,0.020853401049199225,0.026690413620466424,0.018899465692679893,0.02931272879114158,0.028137309402210535,0.021080405562591407,0.02260560643627696,0.036928039499793036,0.01875493467100829,0.026640776419684837,0.022878712695910887,0.02152102024831489,0.02355345547167015,0.01841532488534872,0.02625291942969922,0.02895221961137161,0.03178638144638887,0.020423431374185463,0.01130202050192386,0.022931178162237855,0.021383951338191234,0.0288955475959252,0.024886529433351817,0.02793444402470677,0.028207315974350763,0.021350432783484058,0.031759556436960774,0.02323307927729802
488,0.7321308136469876,0.14213228009017154,0.024991213028503472,0.7345137886143687,0.3959638179113303,0.5552284288660947,0.5976067914491527,0.563508385858253,0.8753374174485136,0.6828944612029955,0.874775726447734,0.6322189373151912,0.8058357417563831,0.5617885985261641,0.8283865623552065,0.8076995345457978,0.8821911709146026,0.90339763582416,0.7819063763455927,0.7043606410771557,0.7357030009273449,0.6898068822600938,0.6464010763720265,0.9691439268851316,0.8022310520428744,0.9649465461659656,0.5789463108318604,0.694254951865116,0.5961207110620177,0.7313421955391957,0.8639802796867646,0.9406951541040098,0.5627383052085411,0.017823817140204617,0.0312736004858696,0.025825413846159922,0.028365175178912978,0.018874906283100706,0.024685763511930026,0.030102745448988645,0.012858243413813697,0.021660166825353013,0.0318407220156157,0.02136480664219843,0.035099435301160456,0.026864179101916606,0.024544838761819277,0.02146847724326754,0.023002712380408553,0.020546136566410807,0.027573819891324805,0.03512625131577759,0.02061491182100631,0.02233797566259618,0.023457808310274556,0.029114412533103012,0.025316108114143518,0.020291450883811946,0.024168970293560427,0.03185164310523779,0.024455542050036163,0.028009935277832954,0.021216421449268275
489,0.7321308136469876,0.14213228009017154,0.025183304735306042,0.7345137886143687,0.3959638179113303,0.5552284288660947,0.5976067914491527,0.563508385858253,0.8753374174485136,0.6828944612029955,0.874775726447734,0.6322189373151912,0.8058357417563831,0.5617885985261641,0.8283865623552065,0.8076995345457978,0.8821911709146026,0.90339763582416,0.7819063763455927,0.7043606410771557,0.7357030009273449,0.6898068822600938,0.6464010763720265,0.9691439268851316,0.8022310520428744,0.9649465461659656,0.5789463108318604,0.694254951865116,0.5961207110620177,0.7313421955391957,0.8639802796867646,0.9406951541040098,0.5627383052085411,0.025940202308445813,0.027929708895061744,0.024052605416469662,0.03257084829545142,0.016649776153480775,0.024372394860753616,0.033603882940987824,0.013807427690256025,0.03211011638075591,0.030796353234473953,0.027047764377627154,0.029168783667779294,0.025421496329271178,0.02281095086979842,0.021237164466285974,0.01473476708866442,0.018464614538433448,0.024466215411752736,0.028192618375579955,0.027182786561816406,0.02017112378145042,0.022454908243654804,0.0232497880283997,0.02556417857070067,0.01987672907205022,0.029904088536130764,0.031092221240171247,0.026088649110853752,0.028238760083508438,0.028298217529115377
490,0.721856116117794,0.14142578395850908,0.02467553057473256,0.7345137886143687,0.3959638179113303,0.5552284288660947,0.5609207879668223,0.563508385858253,0.8753374174485136,0.6828944612029955,0.874775726447734,0.6322189373151912,0.8058357417563831,0.5617885985261641,0.7659313250647632,0.8076995345457978,0.8821911709146026,0.90339763582416,0.6133385920504755,0.7043606410771557,0.7357030009273449,0.6898068822600938,0.6464010763720265,0.9286120260772148,0.8022310520428744,0.9649465461659656,0.5789463108318604,0.694254951865116,0.5961207110620177,0.7313421955391957,0.8639802796867646,0.9406951541040098,0.5627383052085411,0.030732649191503387,0.026641047536358167,0.02636599943679433,0.03129758253557363,0.024342105993881008,0.024974187927859975,0.03503117867602012,0.02430638231969779,0.027817015001445212,0.025361905474374023,0.020397292706122967,0.029109698720723044,0.022690004766762684,0.023941004415515256,0.014580088801448638,0.013569905273884998,0.02787410357346177,0.025209937514341953,0.030920710585143008,0.02595475447938064,0.023180887009707607,0.02747977069618751,0.012803349204906254,0.025197238017392886,0.0188340786849397,0.016746993483790343,0.0274688497738249,0.02694756410923388,0.03181012950530633,0.018679501826394645
491,0.7213096398649749,0.14177780721297265,0.02602616795529571,0.7345137886143687,0.3934578767539354,0.5546614476107057,0.5609207879668223,0.563508385858253,0.8753374174485136,0.6828944612029955,0.874775726447734,0.6322189373151912,0.8058357417563831,0.5611833880480863,0.7659313250647632,0.8076995345457978,0.8821911709146026,0.90339763582416,0.6133385920504755,0.7043606410771557,0.7357030009273449,0.6770907275663807,0.6464010763720265,0.9286120260772148,0.8022310520428744,0.9649465461659656,0.5789463108318604,0.694254951865116,0.5961207110620177,0.7313421955391957,0.8639802796867646,0.9406951541040098,0.5627383052085411,0.0245919019504917,0.028809888743547278,0.023826885037711767,0.03309183707824946,0.023543393818665766,0.024386977072147403,0.030943789901338753,0.02688495136425248,0.025875571417009434,0.033690126658811215,0.018310805107159434,0.021895754552703567,0.026379682212503208,0.02648922517005017,0.020785386184963887,0.021894374349243257,0.023744621293132373,0.02668664484014513,0.03882429777788115,0.023206191439085522,0.02214827377390651,0.02824668807114293,0.013429798533564486,0.022240794992079482,0.02804192426368579,0.021179012310156915,0.03597530105525557,0.035223005656155416,0.027171062542563084,0.023266871491268187
492,0.7143754119519891,0.14323217437952893,0.025685249015232895,0.7098011735349421,0.3934578767539354,0.5546614476107057,0.5609207879668223,0.563508385858253,0.8753374174485136,0.6586654719870464,0.8584976720117621,0.5730309837039482,0.8058357417563831,0.5611833880480863,0.7018533469341119,0.8076995345457978,0.8787778705780664,0.90339763582416,0.6133385920504755,0.7043606410771557,0.7357030009273449,0.6770907275663807,0.6464010763720265,0.9286120260772148,0.8022310520428744,0.9649465461659656,0.5628183642520637,0.694254951865116,0.5961207110620177,0.7313421955391957,0.8639802796867646,0.9406951541040098,0.5627383052085411,0.025557469278790764,0.03409558410670261,0.027555002038211707,0.030804883524843493,0.014844138663803429,0.02762260159228795,0.03228040975547378,0.023195406661253214,0.025135410244764803,0.027900335491062175,0.019637168744666346,0.02716752119261921,0.024988439111196435,0.023917099419866715,0.013087025611749662,0.01450975301032458,0.029927454622964596,0.02804354020633215,0.037091224213275445,0.02232244759550594,0.016787307272992037,0.03292644329218198,0.02009465614734139,0.023406815852512405,0.036291250925258096,0.02249248591959947,0.03223605301047587,0.025915839107268312,0.02600236773542406,0.024721336108238227
493,0.7066907786877415,0.1445760052396107,0.025092773942443938,0.5809558257941103,0.3934578767539354,0.5546614476107057,0.5609207879668223,0.563508385858253,0.8753374174485136,0.6586654719870464,0.8584976720117621,0.5730309837039482,0.8049564044916093,0.5193402591883189,0.7018533469341119,0.8076995345457978,0.8787778705780664,0.8444264517621076,0.6133385920504755,0.7043606410771557,0.7357030009273449,0.6770907275663807,0.6464010763720265,0.9286120260772148,0.8022310520428744,0.9649465461659656,0.5628183642520637,0.694254951865116,0.5961207110620177,0.7313421955391957,0.8639802796867646,0.9406951541040098,0.5627383052085411,0.027902207925511315,0.03325316489612488,0.02838027512430131,0.026839720889111213,0.015363528442143143,0.024649434736358403,0.03036719448734304,0.027139908901546096,0.02194807944827412,0.026602945127569604,0.01873564987524851,0.021932614707393706,0.028076701403400586,0.025610715971091623,0.008599420192643323,0.018282357608454487,0.021309574050398277,0.0335440859222469,0.02963868427221565,0.02669893786882735,0.02517576663959268,0.02781253602752224,0.014010261861482411,0.027756216523218594,0.031754250423436735,0.01723718731444185,0.0304662217307543,0.0228925631314652,0.033084650843893657,0.027718361927307096
494,0.7026998105867526,0.145183943856643,0.02505686259959878,0.5809558257941103,0.3934578767539354,0.5546614476107057,0.5609207879668223,0.563508385858253,0.8753374174485136,0.6586654719870464,0.8584976720117621,0.527167968171018,0.8049564044916093,0.5193402591883189,0.7018533469341119,0.8076995345457978,0.8264603168097442,0.8444264517621076,0.6133385920504755,0.7043606410771557,0.7357030009273449,0.6770907275663807,0.6464010763720265,0.9286120260772148,0.8022310520428744,0.9649465461659656,0.5628183642520637,0.694254951865116,0.5961207110620177,0.7313421955391957,0.8639802796867646,0.9406951541040098,0.5411898314801253,0.02215146321134008,0.03132858907790363,0.02773437254097958,0.02342524680069691,0.022116210544705826,0.02403147945881746,0.02994489449641769,0.02437648696717889,0.022137744503835433,0.031556856266419415,0.020948965205322544,0.025413070216553542,0.0270423632360845,0.026944275370822994,0.015264655631861211,0.01923042329879861,0.026146499430763755,0.030300794948922488,0.021535922882099778,0.03351739476345916,0.020419237733855143,0.025383564403322692,0.016904427178566793,0.023724500013346875,0.03161925699856934,0.024170174992292372,0.03027831482716717,0.023346767480935247,0.03198371131981481,0.018728214187109567
495,0.7021099147326745,0.14566173307158775,0.025439565269043805,0.5809558257941103,0.3934578767539354,0.5546614476107057,0.5609207879668223,0.563508385858253,0.8736866315963288,0.6586654719870464,0.8584976720117621,0.527167968171018,0.8049564044916093,0.5193402591883189,0.7018533469341119,0.8076995345457978,0.8264603168097442,0.8444264517621076,0.6133385920504755,0.7043606410771557,0.7357030009273449,0.6770907275663807,0.6464010763720265,0.9286120260772148,0.8022310520428744,0.9649465461659656,0.5467722744819068,0.694254951865116,0.5961207110620177,0.7313421955391957,0.8639802796867646,0.9406951541040098,0.5411898314801253,0.023931408261861804,0.03657394809101705,0.02639080671263734,0.024817311642801577,0.022566937899478466,0.03077395909452378,0.03178132563487034,0.022957272641348093,0.02792817248147413,0.029291037877186548,0.02011988583485337,0.02980248263213921,0.02737389621328737,0.021014778780976802,0.010236801784201895,0.02606640976503753,0.023357447056818907,0.030590194078481115,0.018144100682672516,0.029033975807509833,0.017335637619444802,0.02663106774461524,0.020627892014785116,0.021745329401542002,0.03274210128788527,0.025496790410501156,0.028216748446430125,0.02374414308739996,0.031087468770251668,0.022807626315281375
496,0.6991569468920937,0.14473437235651357,0.025207136577937182,0.5412255017628245,0.3934578767539354,0.5546614476107057,0.5609207879668223,0.563508385858253,0.8736866315963288,0.6586654719870464,0.8584976720117621,0.527167968171018,0.8049564044916093,0.5193402591883189,0.7018533469341119,0.8076995345457978,0.8203718044076642,0.8444264517621076,0.6133385920504755,0.7043606410771557,0.7357030009273449,0.6770907275663807,0.6464010763720265,0.8858418272931563,0.8022310520428744,0.9649465461659656,0.5467722744819068,0.694254951865116,0.5961207110620177,0.7313421955391957,0.8639802796867646,0.9406951541040098,0.5411898314801253,0.01788893356910955,0.03317802427288884,0.02801978478580723,0.030751924513484397,0.018576307847579063,0.03456902649653614,0.036790065698036056,0.024565627342899438,0.029509545170106725,0.0263691892320943,0.02460710008910631,0.026593571804062896,0.026339910880589068,0.023519433233332374,0.009869305585891809,0.02100124834168314,0.022524937258978757,0.026013211814401884,0.0237050873706283,0.028234232202608588,0.023627142142334325,0.021359846750550044,0.022399723956110527,0.023278185031738233,0.029168495986041973,0.020280842080886347,0.032161584898076925,0.02607490980664624,0.023072723361715914,0.022164175814189932
497,0.698263804261248,0.14587115317398686,0.024559124648107205,0.5412255017628245,0.3934578767539354,0.5546614476107057,0.5609207879668223,0.563508385858253,0.8736866315963288,0.6586654719870464,0.8584976720117621,0.5003736892456456,0.8049564044916093,0.5193402591883189,0.7018533469341119,0.8076995345457978,0.8203718044076642,0.8444264517621076,0.6133385920504755,0.7043606410771557,0.7357030009273449,0.6770907275663807,0.6464010763720265,0.8858418272931563,0.8022310520428744,0.9649465461659656,0.5467722744819068,0.694254951865116,0.5961207110620177,0.7313421955391957,0.8639802796867646,0.9406951541040098,0.5411898314801253,0.019801948356989285,0.023377776894484833,0.02607414244517778,0.032368994114823246,0.021160883017509766,0.034890010436766955,0.03166798372652651,0.017642712462111937,0.02947163232576802,0.026847830089847077,0.018095450446732327,0.03247268012308137,0.029130519818935437,0.026641725578148222,0.016008368609444695,0.016993335108601966,0.018512720667351656,0.028938541727269704,0.023031838082337143,0.023777247032594262,0.02182766952339082,0.029678703799973567,0.018541628176747437,0.02238585686743548,0.028121777926202948,0.020834818565291208,0.02586246884364535,0.025154670925276526,0.020666029647487892,0.026793774103262533
498,0.6941365998525022,0.14846848492698517,0.024507079270352044,0.5412255017628245,0.3934578767539354,0.5546614476107057,0.5609207879668223,0.563508385858253,0.8736866315963288,0.6586654719870464,0.8584976720117621,0.5003736892456456,0.8049564044916093,0.5193402591883189,0.7018533469341119,0.8076995345457978,0.8203718044076642,0.8444264517621076,0.5592593191628024,0.7043606410771557,0.7357030009273449,0.6770907275663807,0.6464010763720265,0.8858418272931563,0.8022310520428744,0.9554043103203651,0.501412292264384,0.694254951865116,0.5961207110620177,0.7313421955391957,0.8574154045251814,0.9406951541040098,0.5329200653301318,0.02670727608842551,0.02903090076975066,0.02609625800564062,0.0210939079297122,0.01804912152168306,0.024606563757965865,0.022412569958325464,0.02245247672483357,0.02535530378817518,0.03326477508489331,0.020375485331079444,0.02961029578095742,0.02435068400132874,0.03093364502772397,0.01612426686131477,0.020584271407565996,0.02882785781801521,0.028417208891791574,0.026389835296789066,0.02513568860277412,0.023427707366345103,0.02607632194691902,0.017659762590258962,0.02282060911221844,0.03035245569795379,0.018143800081295666,0.01859921812770445,0.026634006307198664,0.029884115244719893,0.021795988987201597
499,0.6939262519024451,0.14889818153394715,0.025574267058088965,0.5412255017628245,0.3871474382522213,0.5546614476107057,0.5609207879668223,0.563508385858253,0.8736866315963288,0.6586654719870464,0.8584976720117621,0.5003736892456456,0.8049564044916093,0.5193402591883189,0.7018533469341119,0.8076995345457978,0.8203718044076642,0.8444264517621076,0.5592593191628024,0.7043606410771557,0.7357030009273449,0.6770907275663807,0.6464010763720265,0.8858418272931563,0.8022310520428744,0.9554043103203651,0.501412292264384,0.694254951865116,0.5961207110620177,0.7313421955391957,0.8574154045251814,0.9406951541040098,0.5329200653301318,0.029501092866548978,0.0312251198368017,0.03098609746151276,0.027041642967906267,0.018974530493953857,0.02895448964882391,0.02937674589686208,0.02238695254077492,0.029502279330706906,0.030093298924336435,0.021560982619947846,0.02564126028772555,0.028237892412399546,0.024892914575352004,0.018497684096113406,0.028519996007982638,0.026894824045473317,0.021586853499641564,0.025713996045339603,0.016530165355150367,0.032220479847378705,0.02473267704916323,0.02106170802371767,0.023023721289850613,0.02837467050311182,0.02510380936682029,0.01906161507141519,0.025181315130344262,0.029930773502436323,0.022418423045077015
