Generation,Best_Mean,Best_Std,Div_Mean,Best_Seed_0,Best_Seed_1,Best_Seed_2,Best_Seed_3,Best_Seed_4,Best_Seed_5,Best_Seed_6,Best_Seed_7,Best_Seed_8,Best_Seed_9,Best_Seed_10,Best_Seed_11,Best_Seed_12,Best_Seed_13,Best_Seed_14,Best_Seed_15,Best_Seed_16,Best_Seed_17,Best_Seed_18,Best_Seed_19,Best_Seed_20,Best_Seed_21,Best_Seed_22,Best_Seed_23,Best_Seed_24,Best_Seed_25,Best_Seed_26,Best_Seed_27,Best_Seed_28,Best_Seed_29,Div_Seed_0,Div_Seed_1,Div_Seed_2,Div_Seed_3,Div_Seed_4,Div_Seed_5,Div_Seed_6,Div_Seed_7,Div_Seed_8,Div_Seed_9,Div_Seed_10,Div_Seed_11,Div_Seed_12,Div_Seed_13,Div_Seed_14,Div_Seed_15,Div_Seed_16,Div_Seed_17,Div_Seed_18,Div_Seed_19,Div_Seed_20,Div_Seed_21,Div_Seed_22,Div_Seed_23,Div_Seed_24,Div_Seed_25,Div_Seed_26,Div_Seed_27,Div_Seed_28,Div_Seed_29
0,20.39756854179615,0.18107628643405718,0.0,20.464558385476636,20.50749828059413,20.680639128137678,20.459435375951355,19.94084197920388,20.30809930739267,20.439675903655683,20.306937744752585,20.17394926223074,20.40876656773501,20.44235222056023,20.473781468352097,20.677784874570413,20.45725698466976,20.51144898551175,20.041581175996335,20.428225680629925,20.14531298328589,20.18362062228306,20.070916649273396,20.404468108742613,20.30875815952624,20.599417108221996,20.435841339594568,20.586149977247242,20.60216781868604,20.38841933562962,20.48285306450684,20.546160718640756,20.450137042825528,0.0,0.0,0.0,0.0,0.0,0.0,0.0,0.0,0.0,0.0,0.0,0.0,0.0,0.0,0.0,0.0,0.0,0.0,0.0,0.0,0.0,0.0,0.0,0.0,0.0,0.0,0.0,0.0,0.0,0.0
1,20.178281493706383,0.2694322156115307,0.0,20.38926433431143,20.39691829212061,20.394777844227615,20.237953943048037,19.94084197920388,20.25929951112784,20.381623147410195,20.148237702224268,20.17394926223074,20.17055304688728,20.14303273382105,20.41509667246235,20.29513474596864,20.35815311082873,20.350245240198472,19.93675918851004,20.168124133745433,19.991493605665838,19.903880811587086,19.77313034067217,20.224123421798016,19.141945330585976,20.39243194489806,20.029429555202256,20.415153520088353,20.215715451416692,20.38841933562962,19.865401697246305,20.421470958277556,20.42588394979688,0.0,0.0,0.0,0.0,0.0,0.0,0.0,0.0,0.0,0.0,0.0,0.0,0.0,0.0,0.0,0.0,0.0,0.0,0.0,0.0,0.0,0.0,0.0,0.0,0.0,0.0,0.0,0.0,0.0,0.0
2,19.95310217808194,0.30626561814625597,0.0,20.15099448420658,19.73100294584562,20.190790367495776,20.049706363967523,19.94084197920388,19.978498839617664,20.14268449197242,20.10635214026993,19.862182114331745,19.96882698285219,19.939700739162163,20.386380879318924,20.051504663127744,20.316828918912424,20.235108832672328,19.57225218942015,19.905994471355875,19.878323335368325,19.32887125782654,19.77313034067217,20.224123421798016,19.141945330585976,20.04470251434007,19.79122967129498,19.995091467614753,20.124314061256168,20.304222474953125,19.17500114179997,20.070634743605986,20.21182417760902,0.0,0.0,0.0,0.0,0.0,0.0,0.0,0.0,0.0,0.0,0.0,0.0,0.0,0.0,0.0,0.0,0.0,0.0,0.0,0.0,0.0,0.0,0.0,0.0,0.0,0.0,0.0,0.0,0.0,0.0
3,19.692829837693107,0.2870785312955259,0.0,20.095267036921292,19.73100294584562,19.97916074201269,20.049706363967523,19.775517926075754,19.702372027055976,19.712296875051162,20.034426386511647,19.368902089342964,19.64519929008191,19.455833126338828,19.909880148242657,19.909310287082725,20.07433688387828,19.542811743126688,19.408756732901228,19.816165946680382,19.83967980263944,19.32887125782654,18.98423144599133,19.844896575871214,19.141945330585976,19.523765119790912,19.79122967129498,19.72078582164554,19.64866742507479,20.014703498631864,19.17500114179997,19.632350519483456,19.92782096903989,0.0,0.0,0.0,0.0,0.0,0.0,0.0,0.0,0.0,0.0,0.0,0.0,0.0,0.0,0.0,0.0,0.0,0.0,0.0,0.0,0.0,0.0,0.0,0.0,0.0,0.0,0.0,0.0,0.0,0.0
4,19.346071243516455,0.3212006217372355,0.0,19.612070774679434,19.34657939956308,19.637015810621143,19.404805827895306,19.513541514818414,18.69556899774069,19.431307814706088,19.585566268462816,19.368902089342964,19.272812467131953,19.455833126338828,19.748397508894513,19.52177831600857,19.855177688745137,19.42949220570418,18.817892174876068,19.179395768708304,18.353823752032056,19.01622997397867,18.98423144599133,19.705996478388915,19.06113009129348,19.472926913266182,19.51603195128095,19.267712181294957,19.446425541815394,19.661738297823685,19.17500114179997,19.428661573268936,19.41609020902157,0.0,0.0,0.0,0.0,0.0,0.0,0.0,0.0,0.0,0.0,0.0,0.0,0.0,0.0,0.0,0.0,0.0,0.0,0.0,0.0,0.0,0.0,0.0,0.0,0.0,0.0,0.0,0.0,0.0,0.0
5,18.997041405536173,0.37801553570854013,0.0,19.416700770582864,18.950697812019794,19.372091573664573,18.776744924271814,19.129425705776246,18.591645958705755,19.389308100157425,19.488911543965447,19.042492685552638,19.24778488569215,18.690105535160413,19.299418670645476,19.125889009129587,19.48605003301648,19.052013555652458,18.00962697022468,19.001491338933963,18.353823752032056,18.34959914106038,18.463342717317158,19.589712881970787,18.84002562458717,19.124108006864684,19.04888972271971,18.78007859738255,18.849811905931166,19.424235886756666,18.788109778475484,19.220359241475887,19.00874583635967,0.0,0.0,0.0,0.0,0.0,0.0,0.0,0.0,0.0,0.0,0.0,0.0,0.0,0.0,0.0,0.0,0.0,0.0,0.0,0.0,0.0,0.0,0.0,0.0,0.0,0.0,0.0,0.0,0.0,0.0
6,18.64250180038177,0.33808594176445994,0.0,19.068134533627077,18.49089953967854,18.900100474643413,18.66124041707365,18.842306926590613,18.54561166823188,18.97856075275034,18.547499742041705,18.63543231413205,18.990256760207945,18.4165303249545,18.148778040280785,18.904407148946756,19.436333880758657,18.653759625187558,17.91195765973922,18.218321422379255,18.267983971290185,17.974741032715812,18.385987009343154,19.12028070107961,18.667996577895522,18.808120289156555,18.889959031993172,18.65141947893218,18.392971860696715,18.936089238704405,18.566616962559,18.762744694422512,18.500011931440476,0.0,0.0,0.0,0.0,0.0,0.0,0.0,0.0,0.0,0.0,0.0,0.0,0.0,0.0,0.0,0.0,0.0,0.0,0.0,0.0,0.0,0.0,0.0,0.0,0.0,0.0,0.0,0.0,0.0,0.0
7,18.16822692685977,0.41017100224390013,0.0,17.997017610559773,18.49089953967854,18.01451527598163,18.482320127617545,18.35348127765756,18.46758763878162,18.57805287707481,18.43530903984911,17.971496076272842,18.588210433824628,18.222734420784402,18.148778040280785,18.467089166367334,19.052424833255078,18.042797749622622,17.469772121006326,17.907259204951693,17.787763153476448,17.135797620822437,18.014998728233575,18.781020130712303,18.3028969122455,17.974144472763086,18.610474456664196,17.865166283909005,17.855449359249967,18.56888717670094,17.6648641882501,18.17721585713518,17.618384032064117,0.0,0.0,0.0,0.0,0.0,0.0,0.0,0.0,0.0,0.0,0.0,0.0,0.0,0.0,0.0,0.0,0.0,0.0,0.0,0.0,0.0,0.0,0.0,0.0,0.0,0.0,0.0,0.0,0.0,0.0
8,17.729055509536654,0.5234514770391335,0.0,17.968224989525147,18.405980182407568,17.602998989639783,16.256233233200696,17.877485844101614,18.28213028669411,18.40305072167267,17.903429829636742,17.556813451203098,18.051660332818006,17.610619166419905,17.771375111663666,18.28818433566037,18.411240089967812,17.448089752491143,17.21229034821112,17.468683368402168,17.39961843458202,16.541958190368266,17.743195867029634,18.452772046371855,17.845654268313954,17.632693730403254,17.867062892853454,17.504591818191262,16.857646830588557,18.38020370641053,17.623048990696116,17.886344444510915,17.618384032064117,0.0,0.0,0.0,0.0,0.0,0.0,0.0,0.0,0.0,0.0,0.0,0.0,0.0,0.0,0.0,0.0,0.0,0.0,0.0,0.0,0.0,0.0,0.0,0.0,0.0,0.0,0.0,0.0,0.0,0.0
9,17.294485047657535,0.5264351290371757,0.0,17.489379837248137,17.655674456646153,17.589888186178275,16.197604394754883,17.674076948573976,17.74132949762809,17.57396376272762,17.740602817630688,17.556813451203098,17.5543471430833,17.378096439133362,17.575579692166176,17.81398741680466,18.39437599373069,16.689672848389037,16.593690967303488,17.2605727430355,17.39961843458202,16.402635362866132,16.5704458562253,17.69055183760653,17.37086990534274,17.632693730403254,16.660919913417718,17.013879898151732,16.501875808292912,18.04377855866556,16.681471213670328,17.181100593295508,17.20505372096924,0.0,0.0,0.0,0.0,0.0,0.0,0.0,0.0,0.0,0.0,0.0,0.0,0.0,0.0,0.0,0.0,0.0,0.0,0.0,0.0,0.0,0.0,0.0,0.0,0.0,0.0,0.0,0.0,0.0,0.0
10,16.88390615546912,0.622004079667383,0.0,16.040293629339875,17.591717083725303,17.384007903627555,15.390350943110306,16.261744901783025,17.734185256268194,17.32510351466418,17.593088959692174,16.804231030372293,17.304699401043553,17.220120331232696,17.221155208496054,17.460203205279655,17.6946921651102,16.55111476781559,15.778097769316084,16.67498435459261,16.71942110672863,16.097934941189965,16.527748456811718,17.69055183760653,16.8381356750654,16.229046883857638,16.660919913417718,17.013879898151732,16.102753613165774,17.682341941466536,16.681471213670328,17.181100593295508,17.062088164176767,0.0,0.0,0.0,0.0,0.0,0.0,0.0,0.0,0.0,0.0,0.0,0.0,0.0,0.0,0.0,0.0,0.0,0.0,0.0,0.0,0.0,0.0,0.0,0.0,0.0,0.0,0.0,0.0,0.0,0.0
11,16.404483134241353,0.6370536979663666,0.0,15.569211555590364,17.457473804885154,16.381394169626923,15.210458300130664,16.261744901783025,17.561088282194074,17.195458696295184,17.146919568862074,16.762694417583987,16.30739446141143,16.68102790508092,16.796426888389536,16.985581857420865,16.813604439650913,16.17492915156888,15.778097769316084,16.620693769624175,16.632094300528042,15.195769521091488,16.346016367515947,17.69055183760653,16.522120135157255,16.229046883857638,15.782297153109623,16.523087861693583,15.636721668808594,16.139165620224542,15.863111620393518,15.806099708760051,16.064211409079586,0.0,0.0,0.0,0.0,0.0,0.0,0.0,0.0,0.0,0.0,0.0,0.0,0.0,0.0,0.0,0.0,0.0,0.0,0.0,0.0,0.0,0.0,0.0,0.0,0.0,0.0,0.0,0.0,0.0,0.0
12,15.940365089698282,0.6834946618656027,0.0,15.569211555590364,16.530451782204725,15.936413364038279,14.881822396775734,16.09814701919632,16.981917850165683,16.518166275309685,16.553426368208893,16.360717612818497,16.30739446141143,16.54843711933075,16.320953000090263,16.455572325311266,16.69032003927177,16.037326547501042,15.721183538849914,15.385393834484725,16.39788312154589,14.7047412220938,15.705559117887178,17.42539072362232,15.680398216152408,14.608591193191089,15.782297153109623,15.517317686688983,14.508489532040487,16.139165620224542,15.699730415665758,15.806099708760051,15.33843388940707,0.0,0.0,0.0,0.0,0.0,0.0,0.0,0.0,0.0,0.0,0.0,0.0,0.0,0.0,0.0,0.0,0.0,0.0,0.0,0.0,0.0,0.0,0.0,0.0,0.0,0.0,0.0,0.0,0.0,0.0
13,15.576783856953586,0.7751340199045792,0.0,14.750044518544657,16.298649192973674,15.148537264081577,14.299699734150273,15.784911977905274,16.835649438180393,16.38383475238376,15.914949401879174,15.980954091720402,16.258029458451063,16.505671590575023,15.501029469849984,16.134567705782317,16.298075931583313,15.762529961976085,14.73611323956234,14.971613622592024,16.183406411111754,13.820777466511123,15.629319448635462,17.01860308910367,15.680398216152408,14.608591193191089,15.554606576674393,15.517317686688983,14.299104315879054,15.913539909171266,14.686329191712312,15.636845121067685,15.189815730516933,0.0,0.0,0.0,0.0,0.0,0.0,0.0,0.0,0.0,0.0,0.0,0.0,0.0,0.0,0.0,0.0,0.0,0.0,0.0,0.0,0.0,0.0,0.0,0.0,0.0,0.0,0.0,0.0,0.0,0.0
14,15.123298705543958,0.7857877700102912,0.0,14.25545016656942,16.021458737799666,15.147453814976558,14.022549995091108,15.438335583329138,15.999240870309936,16.32249719846355,15.740231482751689,15.276742392148517,16.070458033054393,15.994749993696427,14.161585141174697,15.84346535152984,16.107238872373717,15.29536005406784,14.397634430278245,14.7844022948006,15.17603638356123,13.779999485207561,15.241229729611593,16.67274983747399,15.026258396775889,14.608591193191089,13.99829967498697,15.133110899853998,13.79892977547559,15.016944765351747,14.584414658294705,15.327037136871663,14.456504817247442,0.0,0.0,0.0,0.0,0.0,0.0,0.0,0.0,0.0,0.0,0.0,0.0,0.0,0.0,0.0,0.0,0.0,0.0,0.0,0.0,0.0,0.0,0.0,0.0,0.0,0.0,0.0,0.0,0.0,0.0
15,14.769750976211496,0.7998658700636817,0.0001141530303642779,13.88456696055933,15.913019819422363,14.406460814485573,13.770409157164373,15.026449720441324,15.91691450834425,15.812684169117817,15.172875320475683,15.189932693425643,15.858895493087623,15.506884259786633,14.161585141174697,15.52489521700578,15.754733696639285,15.29536005406784,14.02484897919644,14.291750752578071,15.17603638356123,13.779999485207561,13.98521222301059,16.22189649029149,14.72884354641189,14.001342220568235,13.99829967498697,15.050169917157017,13.700610308270162,14.996206650026716,13.600990241197788,14.011673440731188,14.328981947951334,0.0,0.0,0.0,0.0,0.0,0.0,0.0,0.003424590910928337,0.0,0.0,0.0,0.0,0.0,0.0,0.0,0.0,0.0,0.0,0.0,0.0,0.0,0.0,0.0,0.0,0.0,0.0,0.0,0.0,0.0,0.0
16,14.323815479360242,0.8178182610582806,0.0,13.872444278012685,15.62442438984991,14.279390478886016,13.704637382924343,14.694907130728655,15.732480274686239,15.276146128178196,15.013725494963294,14.987968510102966,15.32091136469951,14.785707261068692,14.161585141174697,14.455001585972397,14.94925723858968,14.546400552853578,13.674803091769988,13.772539876779598,14.179152161514377,12.773597110018788,13.81101691543919,15.87291681573845,14.438572402866305,13.82917077946816,13.628205305475307,14.446295070222854,12.57780989357979,14.70552661866653,13.006563650787703,14.011673440731188,13.581634035058126,0.0,0.0,0.0,0.0,0.0,0.0,0.0,0.0,0.0,0.0,0.0,0.0,0.0,0.0,0.0,0.0,0.0,0.0,0.0,0.0,0.0,0.0,0.0,0.0,0.0,0.0,0.0,0.0,0.0,0.0
17,13.884569402895957,0.8505653968789725,0.0,12.715274796842733,14.64873896759936,13.123042123901897,12.90691455212459,14.629739441932749,14.834112619389252,15.169193546310673,14.419658385140034,14.518615716000246,14.773402246358057,14.785707261068692,13.582329971560734,14.439983894262134,14.94925723858968,14.268853604127704,13.229118171811711,13.383459702061044,13.853197081346602,12.71708131228158,13.707356523069805,15.733455350183252,14.07595787551288,13.558206802973144,13.067307266054277,13.829126526574308,12.48064655767367,14.000514915707594,12.440584292820649,13.651863992010794,13.044381351588907,0.0,0.0,0.0,0.0,0.0,0.0,0.0,0.0,0.0,0.0,0.0,0.0,0.0,0.0,0.0,0.0,0.0,0.0,0.0,0.0,0.0,0.0,0.0,0.0,0.0,0.0,0.0,0.0,0.0,0.0
18,13.487860839640089,0.7727000315143769,4.712416730506211e-05,12.715274796842733,13.33031205150506,13.123042123901897,12.835475560851192,13.861659183880118,14.460393958825176,14.378450099711737,14.232202822590526,14.050553511294664,14.641643018010893,13.368846986056022,13.288823225140677,14.317804208623324,14.465507833662507,13.800526196409221,12.839625163355322,12.261839349471272,13.771342123200313,12.437341820776293,13.363719200663802,15.413721409662621,13.272753156380213,13.527237067812944,13.067307266054277,12.913004534485218,12.48064655767367,14.000514915707594,12.173288571314046,13.43308368547886,12.809884789860526,0.0,0.0,0.0,0.0014137250191518633,0.0,0.0,0.0,0.0,0.0,0.0,0.0,0.0,0.0,0.0,0.0,0.0,0.0,0.0,0.0,0.0,0.0,0.0,0.0,0.0,0.0,0.0,0.0,0.0,0.0,0.0
19,13.042098682389557,0.8435786215105662,0.0,12.715274796842733,12.965876292254027,13.123042123901897,12.014909848473367,13.861659183880118,14.21001563966975,14.378450099711737,13.860059396298679,13.917150138160636,14.641643018010893,12.902029341249971,11.850685162520357,13.316722060886732,14.017152987061575,12.988367086179537,12.839625163355322,12.15343620178857,13.416333725880632,11.727427184015937,12.718147014770349,14.679211366495375,12.563844246790081,13.059080368642272,12.141885597451589,12.470308499085649,12.250543707774558,13.611937570908983,12.173288571314046,12.777352495165843,11.917501583145398,0.0,0.0,0.0,0.0,0.0,0.0,0.0,0.0,0.0,0.0,0.0,0.0,0.0,0.0,0.0,0.0,0.0,0.0,0.0,0.0,0.0,0.0,0.0,0.0,0.0,0.0,0.0,0.0,0.0,0.0
20,12.655485506306414,0.9004002521894583,0.00015233437199266663,12.202675508195156,12.965876292254027,12.688102850366686,11.874885839131045,13.44318569979444,13.800379563067194,13.191298815840659,13.241332293443616,13.841787481843282,14.049191188601018,12.902029341249971,11.296647880498167,13.028391386740843,13.844221106050078,12.429209178107428,12.133673267696818,11.854794097898328,13.33166952313411,11.184992160497693,12.718147014770349,14.613138607770686,12.0095461609643,12.970313131747563,11.855556737702209,12.400380560188076,11.253406169278705,13.04417624834873,12.013343405817702,12.51438502025114,10.96782865794244,0.0,0.004570031159779999,0.0,0.0,0.0,0.0,0.0,0.0,0.0,0.0,0.0,0.0,0.0,0.0,0.0,0.0,0.0,0.0,0.0,0.0,0.0,0.0,0.0,0.0,0.0,0.0,0.0,0.0,0.0,0.0
21,12.323144338362106,0.8562074626103319,0.0,11.86703611349771,12.563584902410271,12.561922568615213,11.630932084661474,13.137047397446084,13.5289458583322,12.51242069238763,12.92524249862617,13.279224349724533,13.554068836692352,12.559458532366497,11.296647880498167,13.028391386740843,13.241010921525417,11.39105597195108,12.133673267696818,11.220120460179032,12.504148280272599,10.987581225020442,12.26274877043504,14.52176068700691,11.770477563529642,12.335114997888928,11.576852023389728,12.338321363026296,11.253406169278705,13.04417624834873,11.856322666376474,11.952147776527035,10.860488656411057,0.0,0.0,0.0,0.0,0.0,0.0,0.0,0.0,0.0,0.0,0.0,0.0,0.0,0.0,0.0,0.0,0.0,0.0,0.0,0.0,0.0,0.0,0.0,0.0,0.0,0.0,0.0,0.0,0.0,0.0
22,11.947792126169675,0.7549024173883359,9.43515299749674e-05,11.80643253230547,12.237071119717438,11.828065941502453,11.269330113880518,12.353612850912054,13.142970482509192,12.51242069238763,12.508591947887684,12.71520227008735,12.868327600906381,12.296154693292296,10.979717164812639,12.116330822827187,12.73459960750477,11.39105597195108,11.883435855084915,10.940470270913902,12.425985453793906,10.430793361616935,11.752536643297455,13.825625653030581,11.430127538490668,11.664704126430403,11.010695646205875,12.005179278671784,11.253406169278705,12.741011559817528,11.497271983035272,11.952147776527035,10.860488656411057,0.0,0.0,0.0,0.0,0.0,0.0,0.0,0.0,0.0,0.0,0.0,0.0,0.0,0.0,0.0,0.0,0.0,0.0,0.0009253243775815875,0.0,0.0019052215216674346,0.0,0.0,0.0,0.0,0.0,0.0,0.0,0.0,0.0
23,11.593837830763132,0.7118539099501419,0.00021429117871110397,10.700924540993062,12.014073541910726,11.828065941502453,11.269330113880518,11.556721836223934,13.068690612002683,12.307063537437589,12.434811677094201,12.312549001829112,12.082438520950886,11.906280209207965,10.64652311447101,11.718326340132517,12.449121000185084,11.045687037848214,11.771342410279729,10.533775824591395,12.217829470648583,10.430793361616935,11.752536643297455,12.717099444742669,11.239953381511096,11.664704126430403,11.010695646205875,11.748378315963599,11.076156076842455,11.92306742547352,11.44178642015371,10.852828693279815,10.093580656186777,0.0,0.0,0.0,0.0,0.0,0.0,0.0,0.0,0.0,0.0,0.0,0.0,0.0,0.0,0.0,0.0,0.0,0.0,0.0,0.006428735361333119,0.0,0.0,0.0,0.0,0.0,0.0,0.0,0.0,0.0,0.0
24,11.22219794611059,0.7096801847411373,6.3372539619238136e-06,10.575338621513659,11.966046414179901,11.26036559151775,10.83123749014255,11.556721836223934,12.839866606752924,12.144021824150657,12.328721169884913,11.745501171222669,11.472553227998063,11.293212225436779,10.64652311447101,11.718326340132517,11.816043582619704,10.573425457040925,10.606789580452629,10.192319967862773,12.04992034240455,10.171020053566364,11.212075586645218,11.904519592501511,10.944526879730402,10.996389956919236,10.874831123431978,11.044675712335392,10.57551306018506,11.84992624189836,10.98379651178114,10.852828693279815,9.638900407035294,0.0,0.0,0.0,0.0,0.0,0.0,0.0,0.0,0.0001901176188577144,0.0,0.0,0.0,0.0,0.0,0.0,0.0,0.0,0.0,0.0,0.0,0.0,0.0,0.0,0.0,0.0,0.0,0.0,0.0,0.0,0.0
25,10.839503179368181,0.7063139184663404,0.0002623527833347838,10.415690148600964,11.10112142523848,10.8792390844721,10.367657350645871,11.548781327595501,12.342606539905285,10.910699651066363,11.824736296495969,11.645803022425946,11.472553227998063,11.293212225436779,10.095411832685514,10.492921920432442,11.607097008457927,10.301959530786753,10.606789580452629,10.158869459517048,11.279981963085632,10.171020053566364,11.031923150867488,11.904519592501511,9.975296173322892,10.104565750314359,10.26454357218071,10.951969272193862,10.57551306018506,11.50367961248902,10.960486647674824,10.352814921238721,9.043631979211291,0.0,0.0,0.0,0.0,0.0,0.0,0.0,0.0,0.0,0.0,0.0,0.0,0.0,0.0,0.0,0.004264140599565698,0.0,0.0,0.0,0.0,0.0,0.0,0.0011044765577397542,0.002501966342738061,0.0,0.0,0.0,0.0,0.0,0.0
26,10.51619262866885,0.7261163703022412,0.00016361559779300193,9.707016186073046,10.771586971664991,10.112642929907164,10.11033270392324,10.450074691237113,11.59312888788431,10.910699651066363,10.745269040419577,11.645803022425946,11.472553227998063,11.211168503503023,10.002680048362201,10.492921920432442,11.233985763398657,10.221376701715133,10.158682438485974,9.794274805448701,11.237144078930111,9.610799520666149,11.031923150867488,11.904519592501511,9.975296173322892,10.011603014649506,10.26454357218071,10.635188406313286,10.17303842339571,11.50367961248902,10.25628431399208,9.20392952759984,9.043631979211291,0.0,0.0,0.0,0.0023789729872920333,0.0,0.0,0.0,0.0,4.0359036439701157e-07,0.0,0.0,0.0,0.0,0.0,0.0,0.002036115411491513,0.0,0.0,0.0,0.0,0.0,0.0,0.0004929759446421152,0.0,0.0,0.0,0.0,0.0,0.0,0.0
27,10.250525943377465,0.7322815727679741,0.00012645080420482812,9.309727201978037,10.771586971664991,10.112642929907164,9.740107611044124,10.450074691237113,11.507411003181177,10.29348334828067,10.745269040419577,11.265355255493132,11.319619435071706,10.925205617069897,9.980536461788848,9.367642615969427,10.784990130666806,9.96438435282272,10.158682438485974,9.460517075951161,10.968636835537696,9.300348940356088,9.415864598557755,11.793289944056065,9.975296173322892,10.011603014649506,9.929390472304753,10.635188406313286,9.884483041494828,11.094571795106662,10.104524776780162,9.20392952759984,9.041414594211924,0.0,0.0,0.0,0.0,0.0,0.0,0.0,0.0,0.0,0.0,0.0,0.0,0.0,0.0,0.0,0.0,0.0,0.0,0.0,0.0,0.0,0.0,0.0,0.0,0.0,0.0,0.0,0.0037935241261448436,0.0,0.0
28,9.924780411289296,0.6853687872702724,0.0002945138176075508,9.309727201978037,10.269481752718114,9.797083012470312,9.634195292902781,10.450074691237113,10.650879050960594,10.29348334828067,10.69814623016757,10.813651713497585,10.522297820410902,10.759681528970283,9.851081452935194,9.205090472887242,10.784990130666806,9.332891452023564,9.416897682518108,9.246960909822675,10.888779518186775,9.006272634137074,9.415864598557755,11.121885688755377,9.743336171053551,9.449498441178058,9.744171645302645,10.17631271740607,9.425241585389397,10.857431366548656,9.089141544174499,8.791946856542305,8.996915826999102,0.0,0.0,0.0,0.0,0.0,0.0,0.0,3.5719959606858745e-05,0.006939815849496154,0.0,0.0,0.0,0.0,0.0,0.0,0.0,0.0,0.0,0.0,0.0,0.0,0.0,0.0003896232874712541,0.0,0.0,0.0,0.0,0.0,0.0014702554316522582,0.0
29,9.588878441139677,0.5923514559305048,0.00017276588391301284,8.849502217438587,9.537394663090042,9.593675091232665,9.188497866374892,9.590901591416145,10.650879050960594,10.220027585809563,10.287570409454945,10.813651713497585,10.084409126344678,9.791125328527068,9.388558194216625,9.205090472887242,9.9065580080667,8.927971573289003,9.140423356830846,9.0260513982448,10.606280460201761,8.86679583266927,9.194703652690515,10.663985597774797,9.552403701351682,9.449498441178058,9.413207224168513,9.66125283613169,9.425241585389397,10.03889323002494,9.031348478039208,8.791946856542305,8.768507690346134,0.0,0.0,0.0,0.0,0.0,0.0,0.0,0.0,0.0,0.0,0.0,0.0015389690111768462,0.0,0.0,0.0,0.0,0.0,0.0,0.0,0.0,0.0,0.0,0.0,0.000298115868968465,0.0,0.0033458916372450746,0.0,0.0,0.0,0.0
30,9.34651051855643,0.6542593003429226,0.0002552903886149126,8.849502217438587,9.537394663090042,9.193613860113578,9.188497866374892,9.590901591416145,10.54633294500605,9.837180476181784,10.249520028970862,10.533066190232628,9.98172006386002,9.447031853711481,9.33536997110337,8.66203869916953,9.6938385803134,8.847200295558254,9.140423356830846,8.837788808950908,9.909492405913332,8.86679583266927,9.136424306217933,10.362712234558254,8.597328272187182,8.853323966849993,9.162538346892417,9.507346027406932,9.425241585389397,10.03889323002494,9.031348478039208,7.579943531442014,8.452505870779602,0.0,0.0,0.0,0.0,0.0,0.0,0.0,0.0,0.001292316423394273,0.0,0.0,0.0,0.0,0.0,0.0,0.0,0.0,0.0,0.0,0.0,0.0,0.0,0.0,0.0,0.006014154536218028,0.000352240698835076,0.0,0.0,0.0,0.0
31,9.119949806420198,0.6684086774687227,0.0002637201229207081,8.660501242727968,8.818365190522204,8.813764606623268,9.188497866374892,9.590165699262677,10.425166891962046,9.737409254667648,10.007396436018507,10.17566242740534,9.368342767746219,9.447031853711481,9.23058335806241,8.123394091424466,9.6938385803134,8.847200295558254,8.662492385762377,8.837788808950908,9.444025481615505,8.855661509509439,9.047169106132332,10.083880402339293,7.693806535641597,8.652070293320739,9.073197425108976,9.238069578699701,8.988444467463852,9.94177549001651,8.920342743442234,7.579943531442014,8.452505870779602,0.0,0.0,0.0,0.0,0.0,0.0,0.0,0.0,0.0,0.0,0.0,0.00029338375623926943,0.0,0.0,0.0,0.0,0.0,0.0008451642826212147,0.004445557344033469,0.0,0.0,0.002327498304727292,0.0,0.0,0.0,0.0,0.0,0.0,0.0,0.0
32,8.850600148490814,0.6193749327238073,0.0005745363421452214,8.444322154225777,8.330144408283383,8.421005580210313,8.456850916889397,9.186846848112713,9.68683047499701,9.45667603158762,9.703500865801137,9.51654741598823,9.368342767746219,9.245484664950615,8.111595344792011,8.123394091424466,9.411168270395878,8.630866887075268,8.662492385762377,8.818345022925861,9.444025481615505,8.357093888698925,8.863938429272206,9.944289667617998,7.693806535641597,8.652070293320739,8.616842220125035,8.853468892279773,8.895021456714213,9.94177549001651,8.920342743442234,7.579943531442014,8.180971693369404,0.0,0.0,0.0,0.0,0.0,9.65149375828577e-05,0.0,0.0,0.0,0.006134599637385369,0.0,0.0,0.0,0.0,0.0027090803272974066,0.0,0.0,0.0023838306233806054,0.005912064738710405,0.0,0.0,0.0,0.0,0.0,0.0,0.0,0.0,0.0,0.0,0.0
33,8.649374424537264,0.5951227695488082,0.0005688427327625765,8.444322154225777,8.110681237003675,8.109958786447109,8.456850916889397,9.186846848112713,9.284837123696827,9.45667603158762,9.403159436734517,8.079143014380595,9.368342767746219,9.245484664950615,7.816051364764331,8.123394091424466,9.241035714871018,8.27801713846003,8.507890132689921,8.388878521585983,9.444025481615505,8.357093888698925,8.720012009030466,9.561579654372752,7.693806535641597,8.25598516141941,8.250305622527042,8.539783219138565,8.895021456714213,9.679788078544757,8.821346458032503,7.579943531442014,8.180971693369404,0.0034345207465348135,0.0,0.0,0.0,0.0,0.0,0.0,0.0,0.0,0.00407781776064884,0.0,0.0,0.0,0.0,0.0,0.0,0.0,0.003055247128299001,0.0064055816459903285,0.0,0.0,0.0,0.0,0.0,0.0,9.211470140431511e-05,0.0,0.0,0.0,0.0
34,8.485021897405693,0.5885980107172787,0.0005186524924663255,8.10040204716968,8.110681237003675,8.109958786447109,8.456850916889397,8.76198666048103,9.284837123696827,9.24063581950865,9.403159436734517,8.079143014380595,9.083093922510937,9.182550829619899,7.816051364764331,8.083457442197263,8.63466843243519,8.195310792475983,8.27639134532164,8.20009263579338,9.412305318300275,8.091172675881221,8.580673874642384,9.449256047747802,7.693806535641597,8.25598516141941,8.250305622527042,8.208760624051028,8.624222839054559,9.104958290127762,8.821346458032503,6.871629882777345,8.166961784537811,0.0,0.0,0.0,0.0,0.00045260415802504005,0.0,0.0,0.00038109714750198784,0.0,0.0,0.0,0.0033842123982157626,0.0,0.0004928755330226407,0.003723486847237924,0.0015490477270841494,0.0,0.0,0.003715704029164609,0.0,0.0,0.0,0.0,0.0018605469337376528,0.0,0.0,0.0,0.0,0.0,0.0
35,8.314490231731877,0.5433330653110157,0.00042301608220012113,8.057967781760375,8.110681237003675,8.027814395920776,8.456850916889397,8.76198666048103,8.725777742968267,9.136559895208576,9.403159436734517,8.079143014380595,9.083093922510937,8.309806832230201,7.816051364764331,7.920097834581332,8.63466843243519,8.01501015217955,8.27639134532164,7.802772733243927,8.772475167573612,7.922185566703197,8.399648529392703,9.159712607703254,7.658889908348366,8.083258346815947,8.205012892324696,7.95993238616027,8.624222839054559,9.104512369759409,8.372491286234748,6.871629882777345,7.682901470493945,0.0,0.0014474418537649702,0.0,0.0,0.0,0.0,0.0,0.0,0.0,0.0,0.0,0.002689013384013968,0.0,0.0,0.0012290681927179974,0.0,0.0,0.0,0.0,0.0,0.0,0.0,0.0,0.0,0.004869072787849883,0.0,0.0,0.0,0.0024558862476568165,0.0
36,8.037270745976041,0.5641171926315912,0.0008120845289353138,7.768769577946834,7.358551471758355,7.744829695717602,8.169727885292842,8.566105996500497,8.725777742968267,9.019142029068947,9.311521386396805,8.079143014380595,8.626807106320722,8.309806832230201,7.291742087875509,7.725356099271547,8.447954317346436,7.5079241057043955,7.562531572654478,7.6273165455006495,8.695587169574576,7.737609309429031,8.193847550171622,8.249028853877023,7.376343557991616,7.925066442632289,7.5035679565192535,7.95993238616027,8.624222839054559,8.383638036237398,8.34816973176012,6.871629882777345,7.406471196161441,0.0,0.0033208812988025894,0.0,0.0,0.0,0.0,0.0,0.0,0.0,0.0,0.0,0.012075432068945057,0.0,0.0,0.0,0.0,0.0,0.003504394074580971,0.0,0.0,0.0005016438470978141,0.0,0.0,0.0,0.0,0.0,0.0,0.004960184578632981,0.0,0.0
37,7.874865010099378,0.54316134252566,0.0009603980630476862,7.174116409482831,7.330106106205223,7.40740940759812,8.021612869713941,7.598992788444553,8.576649595258276,8.868097979892434,8.684008395747057,8.053363649658644,8.626807106320722,8.268649052250698,7.291742087875509,7.650952607472027,8.075802980687453,7.5079241057043955,7.562531572654478,7.6273165455006495,8.558867536229178,7.065427146261442,8.193847550171622,8.175163245482146,7.30810026832607,7.757112930993705,7.5035679565192535,7.95993238616027,8.525553407739881,8.383638036237398,8.336660106722109,6.784770624175129,7.3672258474961225,0.0,0.00011498528208249758,0.0021799793858516283,0.0034815863570267285,0.0,0.0,0.001796129089261896,0.0,0.001954772070803189,0.0,0.0,0.004618739794363675,0.00090014844981266,0.000971990988720658,0.0,0.0,0.0065340336075460845,0.0024280209619809007,0.0,0.0018260676107026712,0.0,0.0,0.0,0.0,0.000767305812747949,0.0,0.00032603159677980803,0.0009121508837502471,0.0,0.0
38,7.680105519504694,0.5982459678091037,0.00029140797197541827,7.174116409482831,7.067751661735654,7.40740940759812,7.821367573534909,7.598992788444553,7.971723901172297,8.662894427607972,8.637257894287096,7.625758662515036,8.342205861626118,8.268649052250698,7.09150114645114,7.55548063829664,8.075802980687453,6.880039246200097,7.49173906316074,7.337205106072863,7.944959896664429,6.8401151678591745,8.111159016244518,8.175163245482146,7.30810026832607,7.7049904199117325,7.5035679565192535,7.788912303875231,8.232010076532369,8.352559172480337,8.260932704475694,5.857732488176936,7.31306704746873,0.00017957000546229892,0.0,0.0,0.0,0.0,0.0,0.0,0.001156986902520329,0.0,0.0,0.0,0.0,0.0,0.0,0.0,0.004548366328499783,0.0,0.0,0.0,0.0,0.0012562009732717927,0.0,0.0,0.0,0.0,0.0,0.0,0.0015755080908578729,0.0,2.5606858650472012e-05
39,7.481853606744969,0.49750293727465045,0.0006702147523344124,7.119930999128684,6.743995633832462,7.377260816129592,7.821367573534909,7.491454153214548,7.46792226195215,7.911466201022417,8.16319506484346,7.625758662515036,8.342205861626118,7.776735720699525,7.09150114645114,7.449202332932893,7.856050962619861,6.880039246200097,7.49173906316074,6.99601437393785,7.944959896664429,6.8401151678591745,7.554730079923042,7.8468162865760664,7.105217838241476,7.7049904199117325,7.406264486117324,7.630421870596098,8.125291647261479,7.7942789475809064,7.741345757654564,5.857732488176936,7.297603241984342,0.0,0.0,0.006088102240299337,0.0,0.0021148678959580277,0.0,0.0,0.0,0.0,0.0006359013721015469,0.0,0.0,0.0,0.003323483869397508,0.0,0.0,0.002348200705836994,0.0,0.0010411923817532222,0.0,0.0,0.0015378111247554306,0.002878102007275629,0.00013878097265467606,0.0,0.0,0.0,0.0,0.0,0.0
40,7.35432648611131,0.5087175184271967,0.000677715909663009,7.119930999128684,6.700642867593178,6.853863267934763,7.562645968184956,7.428906187938509,7.184313293232677,7.911466201022417,8.143247327334546,7.538329896351156,8.214996965455596,7.719270111659316,6.750342399407213,7.2399897957674995,7.856050962619861,6.880039246200097,7.44469223766275,6.99601437393785,7.944959896664429,6.8401151678591745,7.4993431100887165,7.449296410230362,6.959244301630299,7.436920273899064,7.0695277026435726,7.630421870596098,7.961549192447523,7.7942789475809064,7.741345757654564,5.857732488176936,6.900317362436528,0.0,0.0,0.00027978087993825375,0.0003449731270198233,0.0,0.0,0.0,0.0,0.0,0.0,0.0,0.0,0.0,0.005475025116932598,0.0,0.0,0.001069268550173045,0.0,0.0,0.003080421294419235,0.0,0.0,0.0015045011579819367,0.0,0.0,0.0,0.0,0.0035088759878078597,0.0,0.005068631175617522
41,7.206033885540867,0.5024287709536978,0.0005810991248711613,7.04530643461808,6.617590493683974,6.758680261176183,7.184846323825861,7.428906187938509,7.184313293232677,7.911466201022417,8.143247327334546,7.253751375468076,8.11484801531907,7.0883031334079085,6.504582371392619,7.138303449572581,7.591551506345889,6.459353545699109,7.44469223766275,6.99601437393785,7.944959896664429,6.64569924456049,7.185190345033787,7.449296410230362,6.959244301630299,7.3725755381361715,6.973274921635374,7.2766194574177945,7.5416287734631275,7.505451146475593,7.7032701487270625,5.857732488176936,6.900317362436528,0.0,0.0,0.0018198662250459938,0.0,0.0,0.0,0.0035895986717520666,0.0,0.0035898750123772214,0.0,0.0,0.0,0.0,0.0007943217860181641,0.0,0.0,0.0,0.0,0.0,0.0,0.0,0.0,3.555618688941647e-05,0.0,0.0,0.0026540457165670603,0.0,0.0036063108258823236,0.0,0.0013433993216025938
42,7.050189331386334,0.47738012470842384,0.0012134214723780146,6.915478155999207,6.509150771413992,6.688518234544695,7.16415128291038,7.428906187938509,7.005651692553494,7.809495197266456,7.948434354053671,7.215126844111989,7.864008972888236,6.628933213172125,6.429403663576057,7.138303449572581,7.186252410726752,6.459353545699109,7.44469223766275,6.668079480200124,7.634520448978398,6.497741532356656,6.802498709084507,7.315169342537791,6.8554538079178045,7.091686875884168,6.973274921635374,7.2766194574177945,7.39117298839542,6.732850292307381,7.6727020201710925,5.857732488176936,6.900317362436528,0.0,0.0,0.008447930435741087,0.0,0.002158735993729342,0.0,0.0,0.00730629612947895,0.0,0.00011234230587570629,0.0,0.0,0.0031279515311750795,0.0,0.0,0.0,0.0,0.0,0.0,0.005254031540713402,0.0020012458781624586,0.0,0.0,0.001127965783333117,0.0,0.0,0.0,0.003516648100996774,0.0,0.0033494964721345346
43,6.897950416870071,0.4843244681214699,0.001234501240861421,6.3481207529786765,6.509150771413992,6.64367514540049,7.16415128291038,7.367951092262681,7.005651692553494,7.466601211664386,7.891171707846761,6.607579230080987,7.682768106402586,6.628933213172125,6.383159087717626,6.919467052308288,7.168765698749754,6.4170784354451165,7.406672606825028,6.2486696388754766,7.634520448978398,6.497741532356656,6.802498709084507,6.601577977786533,6.8554538079178045,7.091686875884168,6.882967592120105,7.264668898433712,7.077563739427191,6.732850292307381,7.330608884448882,5.627282319606174,6.679524701142764,0.0,0.0,0.001965046781519483,0.002824633132966577,0.0011119833190638573,0.0,0.0,0.0,0.0,0.0,0.0,0.002071021558685355,7.124616456077693e-05,0.0005255833599599098,0.002093343047904051,0.0009775682317636682,0.0,0.0,0.000989584523979968,0.007643669865016457,0.0017097562995835199,0.0,0.00212991824350134,0.0,0.0,0.0,0.0,0.005911678001800487,0.00177413921253871,0.005235865482998464
44,6.746036733160377,0.452010608723103,0.0015524637868966104,6.192373494074648,5.857643443389392,6.615243567705608,6.962543570585751,7.245986938329956,6.754229067418741,7.370934824784058,7.508229913179225,6.607579230080987,7.596295294892894,6.628933213172125,6.04102648019915,6.919467052308288,6.958798179480009,6.4170784354451165,6.988416716908096,6.2486696388754766,7.28790555651263,6.497741532356656,6.802498709084507,6.601577977786533,6.544241561228894,7.091686875884168,6.622189495552664,6.965425141391089,7.077563739427191,6.732850292307381,6.937165031701138,5.627282319606174,6.679524701142764,0.004347735719218916,0.00046052896836320856,0.001708568202381015,0.0007780286073754584,0.005044835641382568,0.0,0.0,0.0,0.0026091678879459454,0.0,0.0,0.0006387503565025722,0.0,0.0,0.0022071439138966116,0.0,0.0,0.0,0.0017111527474734825,0.00923750598108911,0.0005868438173940977,0.0023372788788579924,0.0,0.0,0.0,0.0013099065773185957,0.008036649182092355,0.0041766605380171495,0.0,0.001383156587589233
45,6.634035742456827,0.4216251085130204,0.0013302769363610185,6.152034618347525,5.857643443389392,6.427920701653111,6.815419732497839,7.151074018568664,6.357407693193373,7.188833600496823,7.248744636318429,6.29450245623957,7.401744983139531,6.353969861281872,6.022977068462087,6.919467052308288,6.839505298157292,6.4170784354451165,6.988416716908096,6.158315802007412,7.160410679963961,6.344327197311106,6.611665091541134,6.601577977786533,6.544241561228894,6.695328968374898,6.620872210915632,6.793206383983623,7.077563739427191,6.732850292307381,6.937165031701138,5.627282319606174,6.679524701142764,0.0,0.0,0.0,0.0,0.0,0.0011172718623071345,0.0,0.00519678786004689,0.0,0.0,0.0,0.0,0.0,0.0,0.007821605084792673,0.0,0.0,0.0042857969848268,0.0007521222458958805,0.0071544052313039655,0.0,0.00048581160346120055,0.0006636113651070549,0.001392727364167282,0.0008096087860152545,0.0,0.0033885665496235467,0.0,0.003850813734845375,0.0029891794184375036
46,6.5011416367298445,0.4228772378724903,0.0019300871437938705,6.1308542162012,5.857643443389392,6.282387586094416,6.628941923280411,6.850302872779636,6.328940509073586,7.13348651296822,7.222510662989688,6.264672818804808,7.292840352133165,6.323732401116338,6.022977068462087,6.904511752540152,6.839505298157292,6.301283317755843,6.353898608548775,5.844987950512511,6.967031830097282,6.139749241786578,6.611665091541134,6.601577977786533,6.260974240182534,6.249552023796774,6.0891464264761375,6.658247173979031,7.077563739427191,6.6135944247789595,6.874862616486778,5.627282319606174,6.679524701142764,0.006549224644663091,0.002398824590448487,0.0,0.004243459728170011,0.0,0.0,0.0,0.008784418767975453,0.0,0.006299955773805452,0.00416701265229424,0.0,0.01019372426197755,0.0,0.002050593682657406,0.0,0.0060035691126884335,0.0,0.0,0.0,0.0,0.0,0.0014829292335456787,0.0,0.0,0.005728901865590312,0.0,0.0,0.0,0.0
47,6.403114995048589,0.4114298983134249,0.0015106380875264968,6.1308542162012,5.73048169120278,6.282387586094416,6.585535910077894,6.850302872779636,6.328940509073586,6.87522158812393,7.145305609178374,5.880819500784444,7.292840352133165,6.268396058219427,6.0051363758546294,6.728045972775256,6.839505298157292,6.301283317755843,6.353898608548775,5.825056418733936,6.531223064093719,5.677844284312929,6.575379930094879,6.601577977786533,6.260974240182534,6.249552023796774,6.0891464264761375,6.6233941803407,6.778448835717263,6.473452041002542,6.676939106233981,5.624217756904535,6.50728809882056,0.0,0.0034713937265650353,0.0,0.005813195223901588,0.0,0.005713543552000631,0.002240075862943635,0.0006448169245845293,0.0012834278697432372,0.0,0.001883504252402456,0.0,0.007117364162344544,0.00184755518608611,0.0,0.0,0.0009560105261976524,0.003900060605417001,0.0013261033098011844,0.00031028739277561533,0.0,0.0009209269509147615,0.0,0.003642359010675269,0.003643061915974968,0.0,0.0,0.0,0.0,0.0006054561534666786
48,6.231526496215555,0.40719958563943237,0.0019629837858533925,5.440357615554436,5.73048169120278,6.022049991906709,6.585535910077894,6.834282946194582,5.945430247281042,6.74984645204667,6.9575372609909305,5.880819500784444,7.064685576582512,6.2455438631987015,5.929789006733273,6.493792250589884,6.23090145852062,6.0839916336096564,6.353898608548775,5.825056418733936,6.531223064093719,5.677844284312929,6.575379930094879,6.601577977786533,6.0386333215749275,6.124011752143836,5.840071203086936,6.015265497908032,6.581745119122697,6.369792682075861,6.085233021452826,5.624217756904535,6.506798843352112,0.0,0.0,0.0,0.0,0.00026820154124157204,0.0036273330029687714,0.0022447720643999154,0.0,0.0005048317229057529,0.0,0.0058318879887839375,0.004965148078974123,0.008016101390116085,0.0,0.0,0.002200786796646606,0.0,0.002300592833005768,0.0011390921630017694,0.0,0.004596428953070609,0.003069722523894011,0.0024550548662324754,0.004480755766123016,0.0031997536420070773,0.0,0.0010781347609601123,0.00024960723102393224,0.003946216897439464,0.004715091352806774
49,6.174305433822951,0.39729390845974843,0.0013175905312948753,5.361509107579277,5.73048169120278,6.022049991906709,6.401520001454916,6.512611123813759,5.945430247281042,6.74984645204667,6.768383960755125,5.880819500784444,7.064685576582512,6.172593574679961,5.924683028400285,6.493792250589884,6.052322933035185,6.054923506477593,6.065001359216346,5.825056418733936,6.4856027722364615,5.506535671056504,6.575379930094879,6.601577977786533,6.0386333215749275,6.124011752143836,5.83324854921127,5.934447611043776,6.581745119122697,6.369792682075861,6.049357398993099,5.596320661456158,6.506798843352112,0.0,0.0,0.0,0.0,0.0,0.0076723583387010045,0.003807871785355575,0.0,0.0010761124047547054,0.0015509424003786998,0.0035554725446562668,4.697724750707894e-05,0.0,0.0,0.0,0.0,0.0045252083277111665,0.0,0.0052533946827844295,0.0,0.0024906095599135296,0.003049301216036471,0.002937712475872275,0.0017671141426300963,0.0,0.0,0.0,0.0,0.0,0.0017946408125449618
50,6.03571048964451,0.42449178646692776,0.0019450118652802116,5.361509107579277,5.670715558068302,6.022049991906709,6.401520001454916,6.512611123813759,5.945430247281042,6.74984645204667,6.768383960755125,5.492509069576116,7.0092976026305465,5.69728089773869,5.678125920951977,5.744823673664303,6.052322933035185,6.012419888833602,6.065001359216346,5.823914888640633,6.066711963468432,5.359283333162736,6.3564613115635815,6.53571980730317,5.843523194464009,6.073249226869571,5.754796996108585,5.934447611043776,6.581745119122697,6.369792682075861,5.636335498477436,5.509469697910809,6.042015570571397,0.0018125791425958407,0.004933698024307024,4.3693816758398866e-05,0.0005897747774510818,0.0029545296898088862,0.0016022161586454879,0.004546819278123695,0.005242404192176357,0.0032157501305626994,0.0015512030733021293,0.0,0.0007336224121626322,0.0021653300694241605,0.0036943029050827995,0.0044571227990913625,0.0,0.0,0.006071202378424381,0.0,0.0,0.0,0.0043204075414333045,0.002118965084971343,0.00269917447307961,0.0,0.0,0.0,0.0,0.0,0.005597560011005146
51,5.9560743315979305,0.4548410601042458,0.0022925044188007826,5.361509107579277,5.5481971719736904,5.993867026784486,6.401520001454916,6.512611123813759,5.42120481974775,6.495523637851289,6.768383960755125,5.44635491348949,7.0092976026305465,5.137410676779506,5.678125920951977,5.744823673664303,6.052322933035185,5.964448519662842,6.065001359216346,5.823914888640633,6.066711963468432,5.286461491738216,6.3564613115635815,6.53571980730317,5.843523194464009,5.688805108831996,5.754796996108585,5.934447611043776,6.490093572375429,6.143869050185909,5.636335498477436,5.4784714337748355,6.042015570571397,0.0,0.008032130183768539,0.0,0.0003950194263416508,0.008004749740148353,0.006561450340818527,0.00015083678626018825,0.0,0.0034337332580114477,0.010554731017771355,0.0,0.0037771444456366162,0.003017190651942098,0.0013293581149095215,0.001890015011407416,0.0,0.002547852220059391,0.005710456539707976,0.0,0.0009053604607660603,0.0003136516363283668,0.002472619120382923,0.0,0.0022450897381455065,0.0021031668428037466,6.40550664668805e-05,0.0005488002088581114,0.000697705647317985,0.004020016106170818,0.0
52,5.9127176068391405,0.4456468024415386,0.0026139537391557228,5.361509107579277,5.5481971719736904,5.942798736849333,6.349449454886855,6.512611123813759,5.42120481974775,6.495523637851289,6.687502199429687,5.417716594051392,6.9930283159140245,5.1173606738873545,5.678125920951977,5.744823673664303,6.052322933035185,5.883395940881908,6.011592456331417,5.823914888640633,5.993919605965424,5.286461491738216,6.341203541200642,6.444198764579326,5.808544525547823,5.688805108831996,5.4306513661175515,5.934447611043776,6.175386784481702,6.143869050185909,5.636335498477436,5.414611636943185,6.042015570571397,0.0,0.0037641483054091304,0.0,0.0,0.008313519485973841,0.0,0.0013023249442852536,0.0,0.0030702726021537684,0.008753108171364885,0.00017135106938750996,0.0,0.002490305188112002,0.004027368753086406,0.0019029688341778658,0.004060541070487116,0.000541636883352224,0.003225782148543014,0.0,0.005320075036967426,0.0,0.0,0.0,0.0023682700937986954,0.0035942771491549526,0.00281729597874534,0.0,0.012270993506024466,0.00725758516143801,0.003166787792209776
53,5.8523342355658405,0.4447594642312928,0.0026289955076730528,5.361509107579277,5.5481971719736904,5.823432251466361,6.165536827763489,6.306209402349232,5.42120481974775,6.495523637851289,6.667686431316088,5.2494266626435575,6.9930283159140245,5.009588070314791,5.678125920951977,5.744823673664303,5.9344365820342695,5.536169128732688,6.011592456331417,5.823914888640633,5.839708940260788,5.286461491738216,6.341203541200642,6.40181553347232,5.702195980844721,5.677161464512842,5.4306513661175515,5.934447611043776,6.175386784481702,5.91762629803582,5.636335498477436,5.414611636943185,6.042015570571397,0.0,0.0017109102590744467,0.0056659556330797885,0.0,0.006384949399366013,0.0,0.0,0.0,0.0,0.00826385065248001,0.0,0.005613812179500064,0.002323432275812952,0.0029946270746133994,0.0,0.0012131590261476423,0.00724078950002913,0.0,0.0,0.0024319966958742186,0.0,0.009419251242129969,0.0011292285037224285,0.0011309684502420684,0.003305830782802663,0.003946831664338754,0.001987401506943462,0.007805761868341117,0.005499158724472271,0.0008019497912211841
54,5.7049404839808355,0.4041367155867953,0.002865578869742898,5.361509107579277,5.522741318108906,5.823432251466361,6.165536827763489,6.1276109663176825,5.42120481974775,6.495523637851289,6.1256530892901395,5.2494266626435575,6.585185714444037,5.009588070314791,5.678125920951977,5.403122409433461,5.853627273858599,5.536169128732688,5.831982029523118,5.3387400848502224,5.779999214499696,4.893145881767502,6.248451206218267,6.1204556002459185,5.522678858767584,5.677161464512842,5.167561943961545,5.787083010654285,5.861610073742238,5.91762629803582,5.473369251563344,5.374729797417867,5.79516260516078,0.0,0.002921543845523562,0.00417385339878666,0.0023572116615932694,0.0041718296756952915,0.0,0.0018986159916181433,0.0007898984089712046,0.0016094701280248854,0.0033057173000091925,0.0,0.009722135280616207,0.0018300346833546827,0.0,0.0017764978121586764,0.0027706186088630493,0.006989106792145016,0.0,0.0,0.0,0.006673956984193634,0.00928361328681795,0.0,0.0005196139298141789,0.00164376378105295,0.00020511417774234631,0.00199016458020665,0.013313917106699534,0.0017386542229575436,0.006282034435442328
55,5.647672396041755,0.4135057370261984,0.0030656323422577707,5.361509107579277,5.522741318108906,5.792374671383403,5.80536121413472,6.0270443163014065,5.42120481974775,6.495523637851289,6.1256530892901395,5.2494266626435575,6.585185714444037,4.944924972735812,5.540403966554511,5.403122409433461,5.818168211463703,5.110224419182689,5.831982029523118,5.3387400848502224,5.530881611114605,4.845779218726857,6.24072121397802,6.1204556002459185,5.522678858767584,5.677161464512842,5.103792589276878,5.787083010654285,5.861610073742238,5.786344792608361,5.473369251563344,5.311540945672906,5.79516260516078,0.002469184295722045,0.0018939289641190613,0.005511121946040684,0.0035109489210954693,0.005453029269066407,0.0,0.0005429639583980817,0.0,0.0,0.0032069193050616282,0.0,0.006776323435425961,0.0,0.0,0.0020843562001489793,0.0005177706648973105,0.00394257859638083,0.0,0.004161919913691754,0.002562060023313888,0.007060336419941905,0.0067793152395155855,0.0029235172325347667,0.0,0.0035519437881486285,0.0014088172097906913,0.006020230801129726,0.012139468457249466,0.009452235626060256,0.0
56,5.600746698043737,0.41733024676403213,0.0022150011413104255,5.255017149194959,5.522741318108906,5.792374671383403,5.80536121413472,6.0270443163014065,5.42120481974775,6.495523637851289,6.1256530892901395,5.2494266626435575,6.585185714444037,4.944924972735812,5.540403966554511,5.403122409433461,5.774449978967088,5.0678697674531,5.491511785807489,5.3387400848502224,5.530881611114605,4.845779218726857,6.146469453385922,6.1204556002459185,5.522678858767584,5.36143420645325,5.103792589276878,5.754000150360866,5.861610073742238,5.786344792608361,5.397974325571276,5.219273031194419,5.531151470962044,0.0018712586961241824,0.0,0.004615297683443766,0.0024163911841562045,0.004884610930568526,0.002349963594056085,0.0006430511701079758,0.0,0.0,0.007159050958535992,0.0,0.00815737191563956,9.380967064186695e-05,0.0016203711538408706,0.0,0.0,0.0,0.0,0.0027706946630313084,0.0,0.0052046601241187785,0.007223546323768051,0.0,0.0,0.0,6.613126049502097e-05,0.0001132796443806002,0.008454571891687114,0.0072736741953122715,0.0015322991794046057
57,5.548369219919727,0.3836616517719634,0.002415863791597364,5.082703522677448,5.485936420670988,5.677530426803376,5.80536121413472,5.863878323217101,5.42120481974775,6.495523637851289,6.1256530892901395,5.1749313254527465,6.205775920536642,4.944924972735812,5.540403966554511,5.403122409433461,5.774449978967088,5.0678697674531,5.491511785807489,5.3387400848502224,5.530881611114605,4.845779218726857,5.981755277854006,5.985022055197369,5.509976954447332,5.36143420645325,5.103792589276878,5.716498801686495,5.78425270375325,5.786344792608361,5.19539221813308,5.219273031194419,5.531151470962044,0.0,0.0017190709955878407,0.004713012583390165,0.0,0.004636794669261453,0.0038868489985248063,0.0,0.0030581841585181277,0.00109405438200759,0.0011096404753402154,0.0020895591129240876,0.007423869951084946,0.0,0.0,0.004234880515320638,0.0035999684407722137,0.0,0.0,0.007526634694236334,0.009299168853654246,0.0,0.0,0.0,0.0006464977619657315,0.0,0.0022991816581074227,0.0029264895913939325,0.006560590812184175,0.0025711905192075616,0.003080275574439437
58,5.47599473980716,0.39833960207737046,0.0027300282844105973,4.6206052840186835,5.408357699133109,5.677530426803376,5.542753811273599,5.863878323217101,5.407718768496014,6.2228983711145,6.12302275277148,5.157968157501646,6.205775920536642,4.91164779998946,5.438076233159961,5.304983537402887,5.774449978967088,5.000251641087278,5.491511785807489,5.245710321801312,5.3505518186328835,4.7834730182925185,5.981755277854006,5.9415687324599915,5.38859035661957,5.36143420645325,5.103792589276878,5.619534834467473,5.78425270375325,5.786344792608361,5.19539221813308,5.219273031194419,5.366737801387501,0.0011953982515032103,0.0,0.0,0.0,0.0012778377516571534,0.0,0.0,0.001983820621772837,0.0,0.0,0.004688237728705178,0.003969207367910596,0.003409953813350009,0.0004107931743811025,0.012185432870783197,0.0007314777053454491,0.0,0.0,0.00536854074849371,0.006271997529647093,0.0033875763753068683,0.005429114935910254,0.0,0.0,0.0,0.008904328750032975,0.0,0.010959389135486875,0.006056298454603186,0.005671443317428225
59,5.400670737036384,0.38933093200954555,0.0031427222275288375,4.549948918272019,5.098488817793115,5.551542370058197,5.542753811273599,5.692574533582544,5.407718768496014,6.2228983711145,6.12302275277148,5.06057409191131,6.1331390733434255,4.9012719759063685,5.241217003511888,5.278451407795327,5.275316898325826,5.000251641087278,5.491511785807489,5.245710321801312,5.3505518186328835,4.7834730182925185,5.9084559197315585,5.843372795909602,5.38859035661957,5.2890753928673355,5.103792589276878,5.3915839052276375,5.78425270375325,5.652892362415994,5.174313269880493,5.16663763424463,5.366737801387501,0.006153076876759225,0.002714599124128871,0.005155087733913346,0.0035183415166335063,1.484358799577e-05,0.0,0.006303194415533597,0.0023124121444505043,0.0,0.0,0.0020466897215631373,0.010403941986565735,0.00047058835927365887,0.0,0.004702104022308344,0.0,0.00390787777442444,0.0012434815132955446,0.0037310306277441485,0.009289810062153847,0.0027887523229422834,0.0048788936987260315,0.00727807020556175,0.0,0.005571662050252052,0.0,0.0,0.005813051867964385,0.005267745814370144,0.0007164113993047931
60,5.327385270425544,0.39800067941965556,0.0034507215074903565,4.549948918272019,5.098488817793115,5.51204188082059,5.542753811273599,5.374680789556162,5.407718768496014,6.2228983711145,5.958197520051186,5.06057409191131,6.049729652036042,4.843447766276448,5.241217003511888,5.278451407795327,5.001932104641263,5.000251641087278,5.46645492141252,5.245710321801312,5.290158552188434,4.7834730182925185,5.84073145174596,5.843372795909602,5.38859035661957,5.192393712030174,4.879424549357729,5.212274144159132,5.730617234043649,5.652892362415994,4.792342032379089,4.994052314386408,5.366737801387501,0.002894499546004777,0.0005706072244562784,0.004591039585558813,0.0,0.0,0.004540532326417444,0.0047218572354897235,0.0037849970410817092,0.0,0.00680560123256939,0.0,0.004182820118444127,0.00025267836366470663,0.0,0.0,0.0,0.009189160958120859,0.0034741633002137442,0.0,0.011378660144847329,0.00684461407282536,0.002799751548714964,0.0065228200135765,0.0,0.007997580343334108,0.0,0.005142209963240973,0.007908337352580674,0.0027922804424401876,0.007127434411129024
61,5.272069253258833,0.36130562470033817,0.003344467348955168,4.549948918272019,5.098488817793115,5.51204188082059,5.370072620031181,5.374680789556162,5.407718768496014,6.003330500479162,5.958197520051186,5.024940173030377,5.8920072063812015,4.77009636924949,5.233448770352485,5.265244851789085,5.001932104641263,4.84891488388941,5.46645492141252,5.245710321801312,5.238336550081154,4.7834730182925185,5.664410380473626,5.545628192309003,5.156154035460887,5.187210980269722,4.879424549357729,5.212274144159132,5.730617234043649,5.588186947118018,4.792342032379089,4.994052314386408,5.366737801387501,0.006058966703788673,0.0,0.008739145247866717,0.0039918201148376785,0.005794396074187442,0.0038519281721246736,0.0037464682300437733,0.0,0.0019577023789675374,0.008205338682322143,0.0,0.005732724028422833,0.00384395280855047,0.0,0.003658091157747868,0.0,0.0013486878058545089,0.0018353761988352533,0.0,0.01037284045205488,0.004959087910865031,0.0,0.004747265676051129,0.00020265839826509471,0.0030836483065945553,0.0,0.0002447026309127568,0.009323868586445527,0.008635350903916499,0.0
62,5.22278163445049,0.36924293941301956,0.0035274702078658174,4.549948918272019,5.098488817793115,5.4796197773159,5.370072620031181,5.374680789556162,5.407718768496014,6.003330500479162,5.958197520051186,4.943923400944538,5.88871950538131,4.77009636924949,5.15767146635806,5.066060514055767,5.001932104641263,4.84891488388941,5.312130755459801,5.134741336284591,5.210804973587795,4.590893739328351,5.566778070420977,5.545628192309003,5.156154035460887,5.187210980269722,4.879424549357729,5.212274144159132,5.612527731082288,5.587970294070576,4.715484799259112,4.994052314386408,5.057997161563776,0.0011733255766841865,0.0052274843887348595,0.0023114680123090233,0.007182526779394997,0.00840377351481937,0.005508342249598014,0.0,0.0,0.005071099225337688,0.007380768597066349,0.0,0.00156677324186427,0.008144475785063044,0.0,0.0015109930342962544,0.01136250979639754,0.002986358692982706,0.005217628636311463,0.0015905000429597236,0.0029894462581945714,0.006263602298053227,0.0032410074248510118,0.005690235270480588,0.0022859948331248135,0.0,0.0,0.00034215645309002777,0.00537121078959473,0.005002425334766046,0.0
63,5.184929582524165,0.34828542030979237,0.003231130698009634,4.549948918272019,4.891471180108731,5.418673183379781,5.370072620031181,5.374680789556162,5.407718768496014,5.846186003790628,5.9139056660589375,4.8661812380087675,5.699160195455768,4.77009636924949,5.15767146635806,4.9801689587158116,5.001932104641263,4.84891488388941,5.312130755459801,5.130413651129814,5.210804973587795,4.542133821723713,5.566778070420977,5.450619448762868,5.154988433339778,5.187210980269722,4.86134561370103,5.212274144159132,5.6111596860203505,5.446326388818932,4.715484799259112,4.994052314386408,5.0553820486734615,0.0005672662738507118,0.006233996608886464,0.002313673744599163,0.002702965295881764,0.009343798266332054,0.0,0.0013013772735672234,0.005096680985163465,0.0007789504202697947,0.005350096507003026,0.0,0.0048382706130637625,0.0,0.0008449167100208345,0.005237998595441759,0.004175503231016021,0.0,0.015791010270497285,0.0,0.0,0.0,0.0029116041436349897,0.0029870274506940465,0.0,0.0012734766404266585,0.0041535949956774485,0.0008945229346629488,0.0029828706435049545,0.009393086360584803,0.007761232975509831
64,5.114823133067838,0.35734214431249445,0.0030706433532538993,4.208864058807258,4.891471180108731,5.418673183379781,5.227662075199454,5.374680789556162,5.048401211886343,5.846186003790628,5.829913340982902,4.761714847860333,5.507329216069884,4.77009636924949,5.111352349837773,4.9801689587158116,5.001932104641263,4.84891488388941,5.312130755459801,5.130413651129814,5.060784656262037,4.542133821723713,5.566778070420977,5.360635921399393,5.148624396221617,5.187210980269722,4.841716174146953,5.212274144159132,5.456675512546056,5.367866621070263,4.649982950958396,4.804903847441569,4.975201914850469,0.0011807853146583184,0.002978080913646284,0.0,0.0034435159830369494,0.011735266475347103,0.006790579332699306,0.002334885894538817,0.005207871510952327,0.0,8.069119150157201e-05,0.009234971211224319,0.004740054569821645,0.0,0.0,0.0024069443038268142,0.0009443754796930624,0.0010830541071200337,0.0008928372723836628,0.0019083279184056042,0.00020179459926297685,0.006163720400100503,0.002674455693435469,0.0,0.007951522058393863,0.003763565094565605,0.0013146870892067487,0.0,0.0059963004231508256,0.0072021898334944595,0.0018888239271506989
65,5.069429376362677,0.3613322006894288,0.0032845495289075227,4.208864058807258,4.7929308320350685,5.418673183379781,5.227662075199454,5.303027978247936,5.048401211886343,5.811233700067678,5.743055836809262,4.503477886564674,5.507329216069884,4.77009636924949,5.111352349837773,4.9801689587158116,5.001932104641263,4.84891488388941,5.311291852517854,5.048980237903283,4.93577262179393,4.5237471079662015,5.566778070420977,5.096237063645535,4.955189433667581,5.187210980269722,4.841716174146953,5.212274144159132,5.418714422711712,5.356749358953717,4.649982950958396,4.725914311513819,4.975201914850469,0.0,0.006199415913154946,0.005184253053088641,0.0024627146724402085,0.004937961053370831,0.0023844883602792953,0.0005025329777674349,0.0020425108174036686,0.003707261842528203,0.0034447878305165097,0.006658701895371481,0.0036113731399815387,0.0,0.0,0.011709801596301589,0.010392202485746167,0.0,0.0,0.005866913599593934,0.002176825299633501,0.004833564409153927,0.0011563616167236924,0.006599717767584315,0.0,0.000773852780253763,0.0,0.0032719429871666443,0.004243887438363054,0.005675637317798668,0.0006997770130036352
66,5.011276006743856,0.3601542050470352,0.0028929197094591454,4.121619332492777,4.7929308320350685,5.357851031006067,5.227662075199454,5.240895747909267,5.048401211886343,5.435852326403648,5.743055836809262,4.503477886564674,5.507329216069884,4.740908795555487,5.111352349837773,4.9801689587158116,4.926277257977187,4.82964873074415,5.200066802787937,5.048980237903283,4.694729951594102,4.482041387008977,5.566778070420977,5.096237063645535,4.955189433667581,5.089800268972127,4.689837934221238,5.0481255469618525,5.399607466287954,5.356749358953717,4.63117749519046,4.538060028815433,4.973467566677648,0.0008771718679235034,0.005895551168727453,0.0038272363067580503,0.0,0.00196269996103069,0.0007914414455546338,0.0,0.0,0.0043614847789780415,0.0,0.0018023973190108356,0.0,0.005348318216992287,0.0006985012078881333,0.006297068997962903,0.007670500008885941,0.002502186743379242,0.004952567318813298,0.0026120675303585774,0.006138618452878875,0.004906009776985784,0.0025277005566925193,0.00017008701463623818,0.00015947078624375504,0.0036513266264606064,0.004869289607022562,0.003100500432862355,0.002145438363934622,0.0030371732809238213,0.006482783512869659
67,4.9459582625044325,0.3597880209774751,0.0029846682956618025,4.121619332492777,4.7929308320350685,5.058823603887134,4.965360171108138,5.180889924831728,5.048401211886343,5.435852326403648,5.691700097597629,4.369935874630496,5.507329216069884,4.740908795555487,5.111352349837773,4.9801689587158116,4.519883132693806,4.82964873074415,5.200066802787937,4.991510247425925,4.694729951594102,4.411993248012859,5.309593220400927,5.096237063645535,4.955189433667581,5.089800268972127,4.631823771937729,4.997943666599934,5.382501469199568,5.356749358953717,4.545974664606895,4.538060028815433,4.82177012002283,0.002720176430252393,0.0026950648675757227,0.011482489395814997,0.0,0.0,0.0014087955981752739,0.0,0.0,0.0,0.0,0.00014772006427709775,0.0043513610051134,0.011305679006285459,0.0,0.00042488637305860535,0.009255836167089372,0.0011095312984489023,0.0047601637224001314,0.0050509255940535585,0.004341950223785319,0.006817063305081149,0.005020931840901453,0.0025897373813983876,0.0016016742089961964,0.0,0.003618072937728262,0.0,0.00023668626152947318,0.0029263258642106466,0.007674977323678278
68,4.880195680023305,0.36030464553304226,0.002984028891256909,4.121619332492777,4.771539559026756,5.058823603887134,4.965360171108138,5.180889924831728,4.836822931796103,5.435852326403648,5.691700097597629,4.336088349010062,5.507329216069884,4.599002344618722,4.935610834948356,4.971285742083001,4.519883132693806,4.6538114354751805,5.152419691335126,4.782302091008088,4.5197316063493425,4.411993248012859,5.05091981320199,5.02610442150225,4.819982440814449,5.089800268972127,4.631823771937729,4.914428251471023,5.382501469199568,5.211959736242584,4.4664544397708035,4.538060028815433,4.82177012002283,0.002684938359737848,0.005515240620342423,0.0017714829266660705,0.003257458010931186,0.0009593433386744252,0.004250473338410533,0.0,0.0,0.0,0.0,0.0,0.002519308965187466,0.0,0.0031478179518020072,0.004083718679749781,0.0078163038946532,0.0,0.0032926503288140526,0.0060312692035724615,0.0004240125245073014,0.0017005719082273767,0.004237411021389765,0.005699401592064124,0.00542072987415961,0.0021770113885967615,0.0,0.007081856245131908,0.0,0.014063271383353558,0.003386595181735423
69,4.855435347873118,0.34560984218766,0.0035667653394099805,4.119396316531539,4.771539559026756,5.058823603887134,4.820434874370413,5.083474109806939,4.836822931796103,5.385714843560056,5.532099900519668,4.336088349010062,5.507329216069884,4.58886867098234,4.935610834948356,4.971285742083001,4.519883132693806,4.6538114354751805,5.115079549591226,4.782302091008088,4.5197316063493425,4.411993248012859,5.05091981320199,5.022033174311154,4.769857274697326,5.089800268972127,4.6262675754344045,4.914428251471023,5.382501469199568,5.131267099850771,4.365865344494168,4.538060028815433,4.82177012002283,0.0015306973060673812,0.0,0.006282245586753148,0.0004709784222483699,0.0,0.00048408518020180095,0.0,0.0080839823249739,0.0026806303563445427,0.0,0.0027610826824905027,0.0,0.008870024382916028,0.0,0.00465185703125353,0.0037644240628949073,0.006686727017237622,0.0002296755595364067,0.0018401541949788667,0.010250312479754957,0.007937876706181372,0.006004022555153757,0.011247877615477717,0.0,0.0,0.0,0.003643725164699641,0.0,0.008973747651291495,0.010608833901843473
70,4.81188006864174,0.3490499109807004,0.0037334303534248565,4.119396316531539,4.702064831355532,5.058823603887134,4.820434874370413,5.045660981562211,4.836822931796103,5.292120202540399,5.532099900519668,4.336088349010062,5.403205034825103,4.58886867098234,4.918354406099031,4.971285742083001,4.474612102643533,4.4466601181323675,5.115079549591226,4.580603771856477,4.303531329162809,4.411993248012859,5.05091981320199,5.022033174311154,4.769857274697326,5.089800268972127,4.579920406516273,4.914428251471023,5.2466030762552975,5.131267099850771,4.365865344494168,4.538060028815433,4.689941355704807,0.00553108505649452,5.131533458034568e-05,0.005029524692896158,0.000903333331386313,0.002370389143556134,0.00668799274722141,0.0025222984373588363,0.004632053227600116,9.525059601582592e-05,0.0004068626921926236,0.0024136117477145088,0.0,0.007813990337507924,0.0,0.0,0.006347443564033517,0.0016476083695351029,0.0034090702123845914,0.00646359834917833,0.00499171816260503,0.0083840642848425,0.0,0.009716200502542252,0.0,0.0,0.006351220464762879,0.009766123106907445,0.005442734156328782,0.004900702063493985,0.0061247200216065605
71,4.771176258118193,0.3530737299836304,0.003843757905539045,4.119396316531539,4.655442002075606,5.058823603887134,4.816077135549509,4.861909007923785,4.82711610208673,5.250429494636123,5.508262621464173,4.113514934838506,5.361856685004877,4.58886867098234,4.891680332617245,4.971285742083001,4.474612102643533,4.4466601181323675,5.103360305311089,4.580603771856477,4.303531329162809,4.411993248012859,5.05091981320199,4.972905323217361,4.769857274697326,4.981249775798318,4.579920406516273,4.914428251471023,5.125307189613036,5.131267099850771,4.28294006730038,4.538060028815433,4.443008988264193,0.0004855803186253192,0.0,0.0028776428090901453,0.007560701279039118,0.004993514611853788,0.008602448333783848,0.0,2.671406377124453e-05,0.002888184220535296,0.0010704640873055835,0.0032975932594951733,0.006211974589731108,0.006430161094087836,0.0005227373010883048,0.0,0.0017936144460236883,0.0,0.004591045010588462,0.007914745764698302,0.0029026533766608148,0.0007312669196532077,0.0026567835857968926,0.009247775041369062,0.0017446430629717963,0.0045406954986904145,0.0131135248116432,0.0009496169648508996,0.004796778282896918,0.0089154737923121,0.006446404639608844
72,4.71903045740615,0.3758347870110545,0.0036868126850248604,4.119396316531539,4.5153866234194275,5.058823603887134,4.816077135549509,4.861909007923785,4.792048324924732,5.098951224936016,5.508262621464173,3.880123918038731,5.361856685004877,4.58886867098234,4.595478574318065,4.96874322292965,4.468089482592134,4.4466601181323675,5.103360305311089,4.429128239545559,4.303531329162809,4.411993248012859,5.05091981320199,4.769040180007096,4.769857274697326,4.981249775798318,4.504168750608002,4.914428251471023,5.125307189613036,5.131267099850771,4.28294006730038,4.2700376787055845,4.443008988264193,0.001010220438168203,0.0,0.0,0.0012732391077660732,0.004640329836832409,0.0003741172066863493,0.004609528049251468,0.0036864560057342914,0.0,0.002449662572368711,0.003111498168067352,0.0067446046241777255,0.004462292336274115,0.004736809375176036,0.0024283357357802625,0.001957878629576188,0.004647124887767065,0.005326974591674747,0.0008098386703413192,0.0001928470603910473,0.0029897482848257094,0.0007612250750568246,0.005077969444693199,0.006570772006045671,0.0006592883062001932,0.011576188177334478,0.0033932234610742594,0.004968401895693984,0.013557699534115316,0.008588107069672796
73,4.669709318821601,0.3583539405085554,0.004285680441220466,4.119396316531539,4.511211659525394,5.022337529493296,4.747344971671019,4.861909007923785,4.792048324924732,5.098951224936016,5.425286625591188,3.880123918038731,5.361856685004877,4.506295152140964,4.595478574318065,4.96874322292965,4.391263371939303,4.32186008155567,4.9559962950422225,4.429128239545559,4.303531329162809,4.376995223320815,4.688539301524781,4.762284330775799,4.642606312522702,4.767639694052399,4.504168750608002,4.888279850337707,5.125307189613036,5.046709647347797,4.28294006730038,4.2700376787055845,4.443008988264193,0.004149472433568638,0.00551171951010824,0.0072660214546617875,0.0,0.0,0.007379231157383021,0.003918499502522331,0.00032742619288915004,0.0025352430780606365,0.002121320034188801,0.00315174118398026,0.004069753839088116,0.005445876592096616,0.004177164699893086,0.006808904585522855,0.0004353657200599646,0.006078910527629832,0.0019572093228201752,0.001466067906350103,0.010926929960698635,0.005678724002503765,0.0025828214665210387,0.004510693135448216,0.0039291019041531455,0.005274730057868676,0.010160377234846656,0.0011395700591713142,0.007537050195588378,0.008059252255544965,0.0019712352234455477
74,4.625296579832823,0.3281829396028904,0.0037257243070124868,4.119396316531539,4.460412302674985,4.740628809133089,4.747344971671019,4.861909007923785,4.792048324924732,5.052726399221648,5.244395083345733,3.880123918038731,5.361856685004877,4.425844174645299,4.595478574318065,4.96874322292965,4.391263371939303,4.32186008155567,4.816275736794022,4.429128239545559,4.303531329162809,4.376995223320815,4.688539301524781,4.692329522150526,4.599250655886966,4.767639694052399,4.504168750608002,4.592374841454877,4.981936475007842,5.046709647347797,4.28294006730038,4.2700376787055845,4.443008988264193,0.0,0.0,0.004432056659355941,0.0,0.0,0.006050615731947115,0.012059479786763165,0.0,0.005054039542869982,0.0009230104542864695,0.002909775314234183,0.006798321572565251,0.01153673178305259,0.0,0.005718751661537084,0.003218069424552353,0.0,0.003171068827837082,0.0017518176155988524,0.0041573859591834015,0.0,0.00021470787683837138,0.008348428544070618,0.003259756275423372,0.0007348498372625882,0.007502406960627315,0.0029105971213479664,0.0056764412282441345,0.010247682340757321,0.005095734692019474
75,4.608155265917151,0.32361750136748163,0.003719399712017559,4.119396316531539,4.460412302674985,4.740628809133089,4.747344971671019,4.80835874366716,4.503223696595949,5.052726399221648,5.244395083345733,3.880123918038731,5.361856685004877,4.425844174645299,4.595478574318065,4.96874322292965,4.371015034667373,4.32186008155567,4.816275736794022,4.403332897203363,4.303531329162809,4.376995223320815,4.688539301524781,4.687510344403002,4.599250655886966,4.767639694052399,4.495232221695286,4.592374841454877,4.86987133639748,5.046709647347797,4.28294006730038,4.2700376787055845,4.443008988264193,0.004519051512052095,0.000946922205755767,0.0,0.01456132685204017,0.0037068504246785764,0.004130621905065865,0.0023156290203009485,0.0031089911967786474,0.002122778988549796,0.004442861382180117,0.002283888711020156,0.001528921608363379,0.014555146887250204,0.0,0.0,0.0012204927235702635,0.001422678794995823,0.0012495327272663856,0.0027604237149366356,0.0019776254150099706,0.0,0.0018982399156541358,0.011794872912390937,0.009520204806868304,0.0,0.007233405824609385,0.0009887947271628181,0.0035396840065469327,0.004652000113255523,0.005101044984223958
76,4.564908653232177,0.3060891474881858,0.005084633662940071,4.015418408862555,4.377701532186258,4.740628809133089,4.747344971671019,4.514975502026498,4.503223696595949,4.955182157806885,4.884749126906012,3.880123918038731,5.361856685004877,4.425844174645299,4.49019583942971,4.96874322292965,4.371015034667373,4.32186008155567,4.816275736794022,4.403332897203363,4.303531329162809,4.376995223320815,4.688539301524781,4.57028157689367,4.579917945434257,4.729986755220125,4.431973634454156,4.574994317482275,4.86987133639748,5.046709647347797,4.28294006730038,4.2700376787055845,4.443008988264193,0.006950634465844531,0.003287253683890073,0.004065635985723204,0.0035025395520821207,0.0009755481726087739,0.008054344373317887,0.008784566786233662,0.009909464691117038,0.0032981508632012827,0.003612775819351603,0.011386404838957162,0.002670714243275655,0.010517530093380035,0.003878423895616077,0.0,0.003282073720220763,0.00157590227260529,0.0,0.008480193883625172,0.0,0.0006343371487742725,0.0,0.008509976750740831,0.005920469111899502,0.008935296398662439,0.011328651856625384,0.005272097607960618,0.0,0.010868224636088088,0.006837799036400673
77,4.541566867173101,0.3158658053417309,0.003759214138318134,4.015418408862555,4.177095961374171,4.740628809133089,4.747344971671019,4.514975502026498,4.503223696595949,4.955182157806885,4.884749126906012,3.880123918038731,5.361856685004877,4.35357951301852,4.2584106835138975,4.96874322292965,4.371015034667373,4.32186008155567,4.816275736794022,4.3839000379004,4.303531329162809,4.376995223320815,4.6464423911513535,4.53802287972163,4.541800906035498,4.729986755220125,4.431973634454156,4.574994317482275,4.813599100759795,5.046709647347797,4.28294006730038,4.2700376787055845,4.435588536731473,0.005956121955170529,0.007047086281267531,0.0007872814689437474,0.00459611600976329,0.004039442428034338,0.003535508425172532,0.005373425837728275,0.0034604141737740388,0.0015341165323328073,0.004197380878964063,0.0012441874226130727,0.003539198407673539,0.004141048971285955,0.004450844376839782,0.0,0.0025168506466797685,0.0018969168543163564,0.0015619644397222641,0.004132346373979656,0.0039163252813485365,0.0,0.004030530515674559,0.006586465516431878,0.0,0.0033575779878470807,0.008409074593833641,0.005309333043659802,0.0016519857713004048,0.010776049129045775,0.004728830826140803
78,4.514610267780374,0.294913719517586,0.003978311000348378,4.015418408862555,4.177095961374171,4.740628809133089,4.747344971671019,4.514975502026498,4.503223696595949,4.955182157806885,4.884749126906012,3.880123918038731,5.089374855622335,4.35357951301852,4.2584106835138975,4.93986913383814,4.2888644102872675,4.1344085120315555,4.816275736794022,4.3839000379004,4.303531329162809,4.310855052445362,4.6464423911513535,4.53802287972163,4.541800906035498,4.729986755220125,4.431973634454156,4.574994317482275,4.813599100759795,4.875109948819745,4.28294006730038,4.2700376787055845,4.435588536731473,0.003915650487456856,0.0019232563006159498,0.0027455057886414573,0.006020730273444564,0.009608054146375703,0.0010738072103747168,0.004392150698743901,0.004222973645405902,0.003108404526431321,0.0004275005932021866,0.006002265390623412,0.003723762442974846,0.0029919606217241775,0.002613845638342027,0.005101223389482506,0.0026995345433289577,0.0,0.0,0.007570205816017532,0.004893332846140232,0.0011053933485576375,0.009025451856158438,0.0038162902406435485,0.0006379569406302089,0.010420006579297574,0.010619617714433172,0.002073726191604119,0.0009472312750476935,0.0072789142492378405,0.0003905772555148569
79,4.455743244518293,0.30705511257607015,0.0042256535757074975,4.015418408862555,4.165324155112028,4.1794846571917645,4.747344971671019,4.514975502026498,4.483649180011788,4.955182157806885,4.884749126906012,3.8301167021011158,5.089374855622335,4.348558361223862,4.2584106835138975,4.906687153316675,4.2888644102872675,4.1344085120315555,4.816275736794022,4.3839000379004,4.076092404466671,4.310855052445362,4.310821322465575,4.45794564212423,4.358775918920649,4.694917984880664,4.368375293996266,4.574994317482275,4.742119874373376,4.875109948819745,4.28294006730038,4.181036359162455,4.435588536731473,0.003652592559207157,0.0007453294733041656,0.0,0.002149753514356284,0.00990639540620895,0.0018808754751907673,0.0021326341204922963,0.0,0.0006740887075377903,0.0,0.003310610504262843,0.00019377697470786978,0.009186576491224271,0.0036425872258097495,0.0042813769879371764,0.0065777337462635055,0.0004325082135817359,0.00680353721028064,0.010705214588739756,0.00554421104326137,0.00082910012961894,0.007476350936323243,0.0038578915458771087,0.00417536045461191,0.006195257615152533,0.006037266349500726,0.010986256252673497,0.007289213905013767,0.006162980413304881,0.001940127426782036
80,4.405646230510423,0.2974926592811731,0.004985827178100063,3.9064327062955724,4.141090862744697,4.1794846571917645,4.747344971671019,4.514975502026498,4.483649180011788,4.743247858820961,4.867064975442776,3.8301167021011158,5.089374855622335,4.348558361223862,4.2584106835138975,4.906687153316675,4.251995130245078,4.1344085120315555,4.6850939053412155,4.3839000379004,4.076092404466671,4.2745882822455314,4.310821322465575,4.2992993974668785,4.358775918920649,4.562401397254213,4.35768453328841,4.1779730434272615,4.742119874373376,4.756389275954426,4.164780514054556,4.181036359162455,4.435588536731473,0.004262000315961452,0.0024310517925388974,0.0,0.008706984237777696,0.00562038608933661,0.008296205509049427,0.0028304334992890886,0.0020494074566264494,0.0005582297494932019,0.003045499168122148,0.009200420792851561,0.0,0.010260404940242149,0.010246268697174644,0.007183457863141226,6.530180339897658e-05,0.0035893854158306443,0.004529385711692268,0.0025830267223519027,0.002108195830892357,0.0,0.002123271575884652,0.005532410575742407,0.010545630148222174,0.009685027226016692,0.00538097769417834,0.009444704113064363,0.010987519206120408,0.005625700194148309,0.0026835290138538356
81,4.381772981795248,0.27778377945259336,0.004700715103189009,3.9064327062955724,4.141090862744697,4.1794846571917645,4.747344971671019,4.514975502026498,4.423339013698765,4.743247858820961,4.715652697758333,3.8301167021011158,4.892309644307595,4.348558361223862,4.2584106835138975,4.906687153316675,4.251995130245078,4.063296651644972,4.6850939053412155,4.30287249471737,4.076092404466671,4.2745882822455314,4.310821322465575,4.2992993974668785,4.358775918920649,4.562401397254213,4.35768453328841,4.1779730434272615,4.6959776550943,4.756389275954426,4.164780514054556,4.181036359162455,4.326460353437177,0.0016349296326875092,0.0020979855730803,0.0035578094253158354,0.005501939940014399,0.0067897695848999325,0.0037664111545244396,0.0008744208053085093,0.0,0.0,0.0021996347544714686,0.0016999027397053587,0.0006192978704861046,0.002389654420598205,0.00828243413644769,0.0055944633879983436,0.0098566347293254,0.0039863787034018,0.009539430456354189,0.006777271492812113,0.005564646961790594,0.008571084413900263,0.00043477199572494475,0.004779047723799975,0.005957993603083261,0.012609839502238254,0.008276320585334897,0.013265962935587123,0.006393416566779352,0.0,0.0
82,4.341592626440532,0.2678823512190224,0.0053958330891911155,3.904823559069371,4.141090862744697,4.1794846571917645,4.747344971671019,4.427805289860782,4.321916294295992,4.743247858820961,4.674574229252659,3.7886727014654373,4.892309644307595,4.348558361223862,4.2584106835138975,4.845347607665449,4.251995130245078,4.063296651644972,4.613205436252731,4.30287249471737,4.076092404466671,4.2063149104521464,4.310821322465575,4.2992993974668785,4.358775918920649,4.562401397254213,4.217208017513009,4.1779730434272615,4.491344678456226,4.60132761582836,4.164780514054556,4.008332132207055,4.268151006759727,0.0072870202486563845,0.006225744924188323,0.004800731072788424,0.011373621426334244,0.0,0.00550806855703659,0.0,0.008211309012502731,0.003357920935521973,0.008820584139108748,0.006328581225457667,0.0005918248915240444,0.007874724742346531,0.009621924780863371,0.0037028769876261453,0.011177882289057386,0.0011142091035391357,0.0015200399606885657,0.01047324499390369,0.0028650965949358273,0.004382172677409112,0.0,0.006326564427967452,0.002694247427978588,0.013122086771825414,0.007886530163343996,0.009987531349552313,0.006620453971576793,0.0,0.0
83,4.322890181146395,0.26490183137604423,0.005647947174918137,3.904823559069371,4.141090862744697,4.178744551651302,4.747344971671019,4.427805289860782,4.321916294295992,4.743247858820961,4.674574229252659,3.7886727014654373,4.892309644307595,4.3271697015788675,4.2584106835138975,4.762089046000874,4.251995130245078,4.063296651644972,4.613205436252731,4.30287249471737,4.076092404466671,4.2063149104521464,4.176171057233503,4.2992993974668785,4.143789944611505,4.545810493150654,4.217208017513009,4.1779730434272615,4.401885790126897,4.60132761582836,4.164780514054556,4.008332132207055,4.268151006759727,0.0039922099567487575,0.0070318017419996005,0.007013462919923828,0.009128762831289853,0.006070889432818272,0.006820021663963574,0.0,0.0013833732651906394,0.003790471417091781,0.007466285604712671,0.007417727536086364,0.007123676970950411,0.0003811278148825619,0.015874906071905337,0.008435423414277075,0.013166065298431973,0.009010227907765648,0.0016113896010725188,0.005070976905995168,0.0006800631588304913,0.0064560578826182505,0.0,0.008323568345980623,0.0019210071943502132,0.0008835384569720997,0.009662869142667143,0.0104663583983494,0.0005293139922191844,0.008538019133561286,0.0011888191868894267
84,4.291840522883927,0.28860842362205885,0.004938003885866563,3.7924610824860925,4.082385166346334,4.1228930678723295,4.747344971671019,4.427805289860782,4.321916294295992,4.675348871823491,4.66587893618896,3.689070553344806,4.892309644307595,4.255801789436784,4.182264525121671,4.762089046000874,4.251995130245078,4.063296651644972,4.613205436252731,4.290632883050652,3.95403457919176,3.959752754996473,4.176171057233503,4.2992993974668785,4.143789944611505,4.545810493150654,4.217208017513009,4.1779730434272615,4.401885790126897,4.60132761582836,4.164780514054556,4.008332132207055,4.268151006759727,4.5660005081821574e-05,0.006968659822155072,0.007508798405193298,0.005729516045598438,0.00890416575131885,0.006196752576683357,0.0,0.0031671905109483573,0.006953584062455518,0.005635377791582523,0.002584584760155008,0.00370431408605112,0.0,0.011316629078154474,0.007964789110022526,0.0033204491105325432,0.004451659667626232,0.0,0.0,0.0,0.00975609889679912,0.0,0.005898870337754461,0.0055073567803526164,0.006024873304678441,0.00965492473013168,0.010021948748663237,0.006228606415346933,0.005910633030643664,0.004684673548067629
85,4.26592619177904,0.2712642781202552,0.005316568273712461,3.7924610824860925,4.082385166346334,4.1228930678723295,4.577735921167012,4.427805289860782,4.321916294295992,4.675348871823491,4.614585794095767,3.689070553344806,4.869678190722993,4.255801789436784,4.182264525121671,4.6814584582272545,4.251995130245078,4.063296651644972,4.613205436252731,4.26358213256529,3.95403457919176,3.959752754996473,4.176171057233503,4.2992993974668785,4.143789944611505,4.349354063271125,4.217208017513009,4.1779730434272615,4.342650049122778,4.60132761582836,4.164780514054556,3.945575017091404,4.160385344053221,0.0002750534637433559,0.010476140243330895,0.003163985850318275,0.014844049327556945,0.004511195133034682,0.0011584185977117677,0.0,0.0045093445735767896,0.0015503038182469034,0.002042740642657636,0.00957602400444961,0.0020356030769606826,0.00047902881052581866,0.011942119829565296,0.00017048551515570345,0.004919243271168599,0.014924459658618296,0.0034565891979073046,0.0033043104695956514,0.004617971144036493,0.007403126037692667,0.0007637562654086771,0.004896762652872407,0.0022874329538820387,0.008957483408054061,0.008240166209759786,0.007877784233424485,0.012084802465956128,0.004553615127604336,0.004475052228558533
86,4.208472324916818,0.2924655625530435,0.005313094061895243,3.6036324523537613,4.0775661977536295,3.934473516127323,4.577735921167012,4.185358189177318,4.321916294295992,4.625639373379855,4.614585794095767,3.427374331114081,4.682102525282453,4.255801789436784,4.182264525121671,4.6814584582272545,4.169267586628219,4.063296651644972,4.525229584109248,4.0535916356314345,3.95403457919176,3.959752754996473,4.176171057233503,4.119514314177163,4.143789944611505,4.349354063271125,4.217208017513009,4.1779730434272615,4.342650049122778,4.60132761582836,4.125139121440231,3.945575017091404,4.160385344053221,0.005697977234587594,0.0086262078971591,0.00762240607981932,0.01672642472196461,0.002299302519954663,0.0019993830750927146,0.003907260865418807,0.004365184044770534,0.0,0.00415227196622697,0.008282002151343634,0.0007328270072846004,0.004931101575861655,0.0,0.004700453390249635,0.0036618141809186128,0.007062797686687361,0.0,0.007308971395726036,0.005949945507939628,0.009907750648196122,9.644620799124554e-05,0.005339479720571708,0.00878841774119717,0.006493133284950185,0.007359596153364039,0.00449123882125192,0.007241428654323014,0.009084336875719282,0.0025646624482871853
87,4.17617607424484,0.28729318357318434,0.004992352759931012,3.6036324523537613,4.0775661977536295,3.934473516127323,4.35142921821603,4.185358189177318,4.321916294295992,4.625639373379855,4.614514794368265,3.427374331114081,4.682102525282453,4.255801789436784,4.124816549654835,4.5383313366896765,4.169267586628219,4.063296651644972,4.437660371979089,4.0535916356314345,3.7866989317043296,3.869522183261392,4.176171057233503,4.0734204245599805,4.143789944611505,4.349354063271125,4.217208017513009,4.1779730434272615,4.342650049122778,4.60132761582836,4.125139121440231,3.945575017091404,4.0096799445465905,0.00814354384154329,0.0018207821829128625,0.010110538235678776,0.012649167943998467,0.004206099844318312,0.0007001368761082194,0.0011622942261469633,0.007028145582922623,0.005657488925748656,0.0,2.0038951361557753e-05,0.0,0.007473631831131375,0.011118857449171635,0.009204593271496286,0.0,0.006232673460650051,0.002048870058878818,0.003911435793873269,0.0,0.0129702447978797,0.0,0.005062088833609353,0.005102812062017648,0.007184026709935603,0.0009395646658201169,0.013405765133096171,0.004228898341957677,0.009388883777672934,0.0
88,4.146596899743615,0.2899179776325104,0.005107127844222815,3.6036324523537613,3.9665264597419605,3.934473516127323,4.35142921821603,4.185358189177318,4.321916294295992,4.625639373379855,4.513301284198228,3.427374331114081,4.656109257035812,4.255801789436784,4.124816549654835,4.5204475482421635,4.169267586628219,3.997900127917863,4.437660371979089,4.0535916356314345,3.7866989317043296,3.869522183261392,4.166189235011313,4.0734204245599805,3.977031347784042,4.349354063271125,4.158073096533702,4.1779730434272615,4.342650049122778,4.522194978591639,4.100807091173902,3.7190666181896153,4.0096799445465905,0.007791258413260402,0.0,0.007191197211199647,0.0081587880517443,0.001819079758510534,0.004320497765675221,0.004716145017481248,0.011157114156765914,0.009806160697851764,0.0016177830026570723,0.009460501493257074,0.007472870178418946,0.0016913796145486585,0.005366910886188958,0.009942566659040359,0.0,0.009117892901504993,0.0,0.0,0.0,0.008463949965104552,0.001133320790842385,0.000125356581356238,0.00315893470294241,0.00918300070362201,0.009266582989468404,0.007922765785583777,0.0047742959275933,0.009555482072066314,0.0
89,4.118477596618592,0.3015030253751753,0.004894071128091798,3.6036324523537613,3.9665264597419605,3.934473516127323,4.346140065594575,4.185358189177318,4.26586948500977,4.625639373379855,4.513301284198228,3.427374331114081,4.601844367406802,4.255801789436784,4.124816549654835,4.5204475482421635,4.140500955878174,3.997900127917863,4.437660371979089,4.0535916356314345,3.7866989317043296,3.8632547362715717,4.166189235011313,4.019409208483097,3.977031347784042,4.349354063271125,3.9079971172020653,4.1779730434272615,4.342650049122778,4.522194978591639,3.8618315758015247,3.569185164496368,4.0096799445465905,0.009134244763077016,0.0012015537179378864,0.00491042906097566,0.010094136453373119,0.0028353953054787067,0.0019102072067447755,0.005138790328585496,0.010767427503008636,0.0091928104598689,0.00397647674346983,0.012964182790121036,0.004094254282405357,0.004419343959645662,0.008335642789750006,0.006166432244000177,0.0,0.006321008410581815,0.003478673541989069,0.006545198018223529,0.0,0.0,0.004881675052647403,0.0013341839801604852,0.002608349824364665,0.007449578280917737,0.0036671140425701024,0.0034978286970959046,0.002827934585254705,0.0038062143099515658,0.0052630474905546315
90,4.092895461767556,0.2955742915038317,0.00423678348616211,3.498606540127373,3.9665264597419605,3.8880535473158813,4.346140065594575,4.185358189177318,4.26586948500977,4.2471842934003305,4.513301284198228,3.427374331114081,4.601844367406802,4.255801789436784,4.124816549654835,4.499432542313212,4.140500955878174,3.997900127917863,4.430699837758638,4.0535916356314345,3.7866989317043296,3.8608435776446375,4.166189235011313,4.019409208483097,3.977031347784042,4.320130589238019,3.9079971172020653,4.1779730434272615,4.311132900519716,4.522194978591639,3.8618315758015247,3.5565459032633098,3.875883442678408,0.0012152430716882274,0.0,0.006441563012496676,0.005593766159913624,0.0,0.0,0.0,0.011684291238110659,0.010163486236568264,0.0033670455054780725,0.012098592629097389,0.006647010319271504,0.003668980378944968,0.009100456593803827,0.005687478103406109,0.003730214089488094,0.006800957382490186,0.0,0.003789254577989382,0.0,0.004682907721414766,0.0002688399739946336,0.0026283901994134584,0.0,0.006208301242070422,0.010859112378346284,0.00607587901164973,0.0,0.001862512014846881,0.004529222744380143
91,4.075961741723781,0.28535603963793527,0.005030378552553393,3.498606540127373,3.9665264597419605,3.8880535473158813,4.149208591476036,4.185358189177318,4.26586948500977,4.2471842934003305,4.513301284198228,3.427374331114081,4.601844367406802,4.255801789436784,4.124816549654835,4.379733402314805,4.029694551966774,3.997900127917863,4.388162869684109,4.0535916356314345,3.7866989317043296,3.843575129425553,4.166189235011313,4.019409208483097,3.977031347784042,4.320130589238019,3.9079971172020653,4.1779730434272615,4.290363733528412,4.522194978591639,3.8618315758015247,3.5565459032633098,3.875883442678408,0.006214834169883718,0.0,0.0019059896732837437,0.010420609513759187,0.010922898004754347,0.0014660415400834434,0.0030582769552659865,0.006059702714519617,0.010825243798125305,0.00025659911789572306,0.008398397267678985,0.002909966413941491,0.0028310938859607737,0.006927272706602434,0.010835350206144255,0.0,0.014376094204207587,0.004245181188157292,0.0014682527769678312,0.0033362440860630334,0.0063678652777879536,0.00280253579279715,0.0,0.006366972618878939,0.0009422964239617479,0.004883234284043287,0.007739905824120501,0.01328182915842535,0.00029897420581771,0.0017696947674743972
92,4.045886361953825,0.2773284979233441,0.006801799824726579,3.498606540127373,3.9665264597419605,3.783117603806954,4.075404985636009,4.185358189177318,4.233948080787581,4.2471842934003305,4.513301284198228,3.427374331114081,4.4619545859923235,4.255801789436784,4.124816549654835,4.379733402314805,4.029694551966774,3.9539440492809033,4.314268799306028,4.0535916356314345,3.7866989317043296,3.843575129425553,4.166189235011313,3.822337981029716,3.968586853289747,4.320130589238019,3.9079971172020653,4.1779730434272615,4.062018946378071,4.522194978591639,3.8618315758015247,3.5565459032633098,3.875883442678408,0.00741670803390981,0.009446419897041267,0.0,0.010892530511300697,0.007043837531141346,0.008803727367148833,0.0034941141228175547,0.013623298599949464,0.012261452069065478,0.005398736084163042,0.011477930600882218,0.008407958088267308,0.0,0.0013687823936301476,0.014979819709848107,0.0,0.01094893951775062,0.004062982370810717,0.008838703946430425,0.008960375810732458,0.010967319984578689,0.0033303846272075555,0.0012738518872691888,0.009321430449476338,0.0,0.004815961906995164,0.008131681650659951,0.01187764713419027,0.005655147583649894,0.0012542528628808757
93,4.031787865284444,0.28335793693599504,0.0057069790006567195,3.4704853421778528,3.8346482318065402,3.783117603806954,4.075404985636009,4.185358189177318,4.233948080787581,4.241123561111749,4.508457208757925,3.427374331114081,4.4619545859923235,4.255801789436784,4.124816549654835,4.379733402314805,4.004978362336196,3.9539440492809033,4.245446535977287,4.032354670706152,3.7336126921182644,3.843575129425553,4.166189235011313,3.7381489720327754,3.968586853289747,4.320130589238019,3.9079971172020653,4.1779730434272615,4.062018946378071,4.522194978591639,3.8618315758015247,3.5565459032633098,3.875883442678408,0.0,0.005030296141539694,0.004926907217339886,0.008409359053666559,0.003407234853908577,0.003478516046569479,0.004096617001137311,0.006010354311250722,0.008164273857055369,0.005043083784920977,0.005003064649571707,0.006499377101352297,0.0009133402832338511,0.005283891188818244,0.007834230858267479,0.008361877221721862,0.005981266874009316,0.008703487109799112,0.005107811971563579,0.006805624842449063,0.013299911513204263,0.0028713795293454154,0.010153607782225928,0.006456454645908052,0.004367417570270909,0.0032330041899980497,0.006559287331584728,0.007086340071378865,0.008121353017610248,0.0
94,4.010759723698993,0.2706302723829135,0.006500477237537406,3.4704853421778528,3.8346482318065402,3.783117603806954,4.075404985636009,4.185358189177318,4.218643131982677,4.241123561111749,4.508457208757925,3.427374331114081,4.363450000528381,4.065537703253291,4.040240783243664,4.37278406391966,4.004978362336196,3.9539440492809033,4.206801010568096,4.032354670706152,3.7336126921182644,3.843575129425553,4.082740334082054,3.7381489720327754,3.968586853289747,4.293233299502823,3.9079971172020653,4.1779730434272615,4.062018946378071,4.488049619947198,3.8618315758015247,3.5496432868153716,3.8306776115395818,0.004923481020482115,0.015251953651260836,0.005147136540738806,0.0009245088439055537,0.007496505869848055,0.0013118513548076866,3.7658788858146805e-05,0.0049477850007856004,0.015487245333339382,0.004473066262465793,0.010854423922068228,0.011811746365408457,0.0,0.006746442227271034,0.009102854001367651,0.011037967001087275,0.001274483934715162,0.007496826409258135,0.0036942592640619026,0.004727596621868152,0.007771995398559749,0.010789706880344445,0.00982151140992705,0.007209259045474944,0.011649225147884605,0.002111167012419877,0.002074037955981916,0.009685891207175513,0.003784177417476051,0.003369553237280062
95,3.9937682704577515,0.2858006423529845,0.005793862035262161,3.4704853421778528,3.8346482318065402,3.7110158737283148,4.075404985636009,4.185358189177318,4.218643131982677,4.241123561111749,4.508457208757925,3.427374331114081,4.363450000528381,4.065537703253291,4.040240783243664,4.37278406391966,4.004978362336196,3.92214891549504,4.206801010568096,3.949687623538438,3.7336126921182644,3.7458661082532,4.082740334082054,3.512678307000144,3.968586853289747,4.293233299502823,3.9079971172020653,4.1779730434272615,4.062018946378071,4.488049619947198,3.8618315758015247,3.5496432868153716,3.8306776115395818,0.0015280984467050673,0.016547292215496053,0.002912163413279035,0.0,0.0,0.008140026156725898,0.0019565338696705768,0.016525284364059322,0.014264675208762526,0.008513871470382984,0.0022649394346553626,0.01620050675889832,0.0035434401779622397,0.0011018779505227155,0.0,0.010033551959149175,0.00021667893114775733,0.0,0.0007353475477327876,0.007426868849140297,0.007096381772678269,0.0,0.007398979359116085,0.010660596206831546,0.008519685253867296,0.0015669495750074438,0.0004235718816189035,0.015111993098162675,0.009211635188064922,0.0019149119682275834
96,3.968760092690838,0.2818019877522436,0.007019370909935812,3.4704853421778528,3.8346482318065402,3.7110158737283148,4.045466771131373,4.185358189177318,4.218643131982677,4.129222957986034,4.50015005389854,3.427374331114081,4.363450000528381,4.03557110316661,4.040240783243664,4.37278406391966,4.004978362336196,3.909184345087415,4.148624947459293,3.949687623538438,3.7336126921182644,3.7458661082532,4.082740334082054,3.512678307000144,3.934982318907132,4.293233299502823,3.854903121449564,3.83026527703521,4.062018946378071,4.488049619947198,3.797245745414138,3.5496432868153716,3.8306776115395818,0.0020401998702295507,0.017449755106436423,0.005949061768919368,0.007690389122228882,0.0,0.0,0.009480499081584949,0.010639769991055219,0.012583993062006032,0.007153890681170021,0.004170287887665087,0.016580603351126343,0.008391384468267338,0.006357974602937743,0.009853048313336795,0.004738444625105583,0.007416500161966712,0.007778736286812124,0.006708816404315189,0.010911718047336452,0.01081701039567312,0.005743454337293737,0.0037063903446258226,0.0112644153197968,0.005060294197552091,0.0,0.0021805899795311573,0.011388363748702413,0.004525536142399368,0.0
97,3.9413258818642505,0.26275699047813655,0.005436078441406964,3.4704853421778528,3.8346482318065402,3.7110158737283148,4.002762624247499,4.108935083062967,4.102995001554959,4.129222957986034,4.50015005389854,3.427374331114081,4.363450000528381,3.9760768132892257,4.040240783243664,4.142828011305397,4.004978362336196,3.909184345087415,4.148624947459293,3.949687623538438,3.714288943577863,3.7458661082532,4.027883945558511,3.512678307000144,3.909004971305024,4.15828013685115,3.854903121449564,3.83026527703521,3.9983289948157297,4.488049619947198,3.797245745414138,3.5496432868153716,3.8306776115395818,0.0009429152055530416,0.012201491572886762,0.0034385293297856646,0.010929140523205134,0.006690619694096367,0.00477844216870706,0.0006098592638908006,0.007641947097601269,0.0009088054055204011,0.004804694309164187,0.0,0.015311676238508203,0.00011214404559334346,0.0022108265901778007,0.0,0.007349025972724162,0.00818833378122017,0.008273087805117289,0.013894820383486908,0.0022375545578004145,0.014358645327863273,0.0,0.002747287201309578,0.015626063804746272,0.00842732017567519,0.0033668841434576486,0.0020258250563852972,0.005166767351977473,0.0008396462357552518,0.0
98,3.9125855870032216,0.2672630132262706,0.006077588855220156,3.4704853421778528,3.8346482318065402,3.7110158737283148,4.002762624247499,3.9515962082269387,4.102995001554959,4.129222957986034,4.50015005389854,3.427374331114081,4.286415123996413,3.9760768132892257,4.040240783243664,4.142828011305397,4.004978362336196,3.909184345087415,4.148624947459293,3.9285472781316284,3.614033854889446,3.6111073998678447,3.968938378165373,3.512678307000144,3.909004971305024,4.15828013685115,3.854903121449564,3.794857420197801,3.8373385518702183,4.488049619947198,3.6809086606079338,3.5496432868153716,3.8306776115395818,0.007500417731819939,0.01611005071492332,0.001150807394826382,0.009263399036746767,0.008495340747367951,0.004155080355947866,0.0,0.014275561482067023,0.00205901654008347,0.0019178262015100871,0.0064388557708795514,0.009224669538589357,0.011657549300860381,0.008391387315192622,0.003635189692014433,0.011892529354609683,0.005606381651755655,0.007515075332134606,0.0038461467765341793,0.0019270121229370274,0.008042129893820303,0.0,0.005381994700499835,0.009725268175662242,0.002334566746609395,0.008786772653824637,0.0044973564459127174,0.007208332918490375,0.0012889470609848824,0.0
99,3.881105720982743,0.2740540114398352,0.0065909128487870875,3.4704853421778528,3.8346482318065402,3.7110158737283148,3.9108171773200984,3.9515962082269387,4.059637077013381,4.129222957986034,4.435573038457388,3.4122851959974274,4.244337810205682,3.9496746385600585,4.040240783243664,4.142828011305397,3.8966826958139795,3.909184345087415,4.148624947459293,3.912843711017324,3.614033854889446,3.6111073998678447,3.968938378165373,3.3699854046775894,3.909004971305024,4.15828013685115,3.638738665493204,3.794857420197801,3.8373385518702183,4.478520694614382,3.6030523445373643,3.5496432868153716,3.7399724747907297,0.0022752201582379094,0.01251048342832088,0.008538619791908073,0.010682076063965398,0.004707932704768855,0.006021926129447017,0.0,0.009134084221664085,0.0030347619821793972,0.006511800979953109,0.0007812774559880879,0.0074511309629249085,0.004788078765664262,0.004607239041563595,0.0028831265065092874,0.01290857033876536,0.0032438922045627205,0.007747124481190705,0.012342554526870208,0.006232362641645799,0.01054761569347475,0.0067231910029264905,0.008944145600234212,0.016142906979818968,0.0,0.0056034046157966,0.005076862587861576,0.0073490976020827116,0.0008565047510397407,0.010081394244247912
100,3.8591674633707513,0.27562286403724606,0.0057372088243496265,3.4704853421778528,3.8346482318065402,3.7110158737283148,3.890978756611393,3.9515962082269387,3.880440466868404,4.0386885002590915,4.435573038457388,3.4122851959974274,4.244337810205682,3.9496746385600585,4.008156542739574,4.142828011305397,3.8966826958139795,3.894830801836943,4.148624947459293,3.912843711017324,3.614033854889446,3.6111073998678447,3.968938378165373,3.3699854046775894,3.857159937715743,4.15828013685115,3.638738665493204,3.524561997762508,3.8373385518702183,4.478520694614382,3.6030523445373643,3.5496432868153716,3.7399724747907297,0.0042265596585927675,0.011634473566322856,0.005571979401997106,0.008871119898908948,0.007202590527667702,0.004927487247060965,0.004286465984626347,0.008032455899539517,0.0028639004601656174,0.011755138674069519,0.0018423040516093274,0.005742490495471837,0.0015969095473127254,0.003984211938895991,0.006769957562334277,0.015227390621126583,0.0038174433971604024,0.0,0.0016411401270567312,0.00860492404381961,0.006081719194672862,0.008980087350556672,0.00393005254643185,0.013039921542896148,0.0,0.005040347763762303,0.0,0.008196909205043991,0.003581930314405424,0.004666353708980691
101,3.8247108333244286,0.2696574768567485,0.006191849437577262,3.4704853421778528,3.8346482318065402,3.7110158737283148,3.8584897158267037,3.832859944325542,3.782532924669806,4.0386885002590915,4.35223004812627,3.3760424265211317,3.9718952799140337,3.8906974276592874,4.008156542739574,4.139486610147593,3.8486520729878113,3.8749780245418184,4.147902125213516,3.912843711017324,3.6116881188108576,3.6111073998678447,3.968938378165373,3.3699854046775894,3.857159937715743,4.15828013685115,3.56689905980743,3.524561997762508,3.8373385518702183,4.466746045945161,3.4273994049906524,3.5496432868153716,3.7399724747907297,0.003277365204526687,0.009995391352571392,0.011907118806775346,0.010074444290064679,0.0035590361193737754,0.005073645145653856,0.00162410905675249,0.0005342464084918388,0.00021696978807805024,0.011286874826855017,0.0006481217311392831,0.00648555391232758,0.0011073180645793967,0.009024520575304734,0.0030899420946456277,0.010431793630767043,0.0,0.00856919198144903,0.005733899262031706,0.002677962953256633,0.013371584941076316,0.00778630907021753,0.007088744328504332,0.009741604945077066,0.005510074673418133,0.0028237871078904647,0.006142795366310909,0.014094960438256988,0.002033817487662378,0.011844299564259612
102,3.7981049718393947,0.27840302208146417,0.006268920262146957,3.2680173846360323,3.778760267369773,3.7110158737283148,3.7862057865111365,3.832859944325542,3.782532924669806,3.9431244589865,4.35223004812627,3.342488114735581,3.9718952799140337,3.8906974276592874,3.9367859267311514,4.139486610147593,3.8486520729878113,3.8452016678942234,4.147902125213516,3.90597813343409,3.6116881188108576,3.5790568257736877,3.782046520974071,3.3699854046775894,3.857159937715743,4.15828013685115,3.56689905980743,3.5152770019982182,3.8373385518702183,4.466746045945161,3.4252217420809363,3.5496432868153716,3.7399724747907297,0.002076223624674566,0.00974295235064235,0.014131344918914133,0.007054686922724162,0.005235191941641494,0.0026478724605607036,0.0017701096526583572,0.006806724150707941,0.0062447982578318064,0.00991383164539647,0.00484749121102158,0.010735439912647679,0.0,0.005595857309614027,0.0038255279232419083,0.014085636074871769,0.003070323348309632,0.012420334810950498,0.0,0.0011472285411394281,0.011779933974734787,0.005704874568533463,0.0005596756617282228,0.01176788235741023,0.007775370985111654,0.0,0.008816797012246252,0.0068012558016019185,0.0006553646816258624,0.012854877763867826
103,3.7698688336990807,0.2777954154177314,0.006811486029452447,3.2680173846360323,3.778760267369773,3.707941784932484,3.6267820116998633,3.832859944325542,3.782532924669806,3.9431244589865,4.35223004812627,3.342488114735581,3.9718952799140337,3.8466214012502538,3.919802874884106,4.139486610147593,3.7570827204424586,3.8420085848018606,4.147902125213516,3.8325611462951312,3.6116881188108576,3.5790568257736877,3.6974825770902133,3.3699854046775894,3.857159937715743,4.15828013685115,3.56689905980743,3.5152770019982182,3.620929743126219,4.42157944864357,3.4252217420809363,3.547853345000594,3.6325539869653913,0.006441016501734562,0.010191187497472068,0.0057972523760816555,0.006196592727469858,0.0013818234944993147,0.01376642377975564,0.0,0.003850150224733724,0.002090550338481764,0.007133227474380516,0.005222452205787374,0.013140346051683524,0.0020867590238611506,0.0031721904036266795,0.008132469531993456,0.011704164805600397,0.006928542950574559,0.006614952896029539,0.004162909140928486,0.000981142164355341,0.007089801510667049,0.01550650232690581,0.008337232773979074,0.004705487696142672,0.012075907342301885,0.0034685338550900164,0.010503039405107417,0.010074590057835288,0.006042327597465051,0.007547004729029531
104,3.7526567504081685,0.270872015714861,0.006631383293681101,3.2680173846360323,3.778760267369773,3.707941784932484,3.6267820116998633,3.832859944325542,3.69537806101787,3.9431244589865,4.35223004812627,3.278070395445287,3.9718952799140337,3.8466214012502538,3.919802874884106,3.8747973990463547,3.7570827204424586,3.798662524851164,4.0911474804802985,3.8325611462951312,3.6116881188108576,3.5790568257736877,3.6974825770902133,3.3699854046775894,3.857159937715743,4.15828013685115,3.56689905980743,3.5152770019982182,3.620929743126219,4.42157944864357,3.4252217420809363,3.547853345000594,3.6325539869653913,0.0036651098016795853,0.007864765729585005,0.005939427062505064,0.006244225933747843,0.007566564353864025,0.009475259720462603,0.001440832988800357,0.003839152274834815,0.005864443168340045,0.005104427385035568,0.0010566563020772796,0.014489377694108439,0.010234623148900711,0.00904269056200143,0.006139123214294831,0.007128838861235941,0.004591124773280122,0.010039624129355832,0.0024529028685376856,0.0023972592850714353,0.005395112253652768,0.01389716363250808,0.005782160451287055,0.008832673447783003,0.0012493069383570185,0.0017147141643155774,0.013057279047348528,0.007772918844722598,0.008544173539493324,0.008119567233246569
105,3.740352914905827,0.26662207584140707,0.006947024673888055,3.2680173846360323,3.778760267369773,3.707941784932484,3.6267820116998633,3.832859944325542,3.69537806101787,3.829054117013737,4.35223004812627,3.278070395445287,3.9718952799140337,3.8466214012502538,3.7729675348893115,3.8747973990463547,3.7570827204424586,3.798662524851164,4.0911474804802985,3.8325611462951312,3.6116881188108576,3.5657239540671566,3.6974825770902133,3.3699854046775894,3.762283426319606,4.15828013685115,3.56689905980743,3.5152770019982182,3.620929743126219,4.42157944864357,3.4252217420809363,3.547853345000594,3.6325539869653913,0.007046312030463065,0.004235975471554844,0.015089766009440212,0.00577294262360526,0.0014101814524264096,0.00928224715270409,0.004016662870181469,0.010420288706868785,0.003854313377601753,0.010398867460501763,0.0,0.002111385144791911,0.00991881042626102,0.004209050209900855,0.010671461384184618,0.010348807901868725,0.0045948527840244825,0.005977336555593064,0.0044598185832888495,0.005037994314729396,0.010459079048271366,0.003974997271030587,0.007934894713410611,0.012554982446337182,0.01430537182056519,0.0062806284925548015,0.003130652050493078,0.005341277246662037,0.00897524200783298,0.006596540659493284
106,3.7155607277881897,0.2681524431053992,0.007183987019481272,3.2059555647313123,3.778760267369773,3.6334074975997983,3.419851763441557,3.832859944325542,3.6806483640530065,3.829054117013737,4.284371096112924,3.278070395445287,3.9338452416538847,3.8466214012502538,3.7239044691170844,3.8747973990463547,3.7570827204424586,3.798662524851164,3.963589186671538,3.8325611462951312,3.6116881188108576,3.5657239540671566,3.6974825770902133,3.3565308350800547,3.762283426319606,4.15828013685115,3.56689905980743,3.5152770019982182,3.620929743126219,4.42157944864357,3.4252217420809363,3.4749611588309155,3.615921531518542,0.003901710423673538,0.003665146572060766,0.010824140192431999,0.009075965669594325,0.0021752498746217723,0.011202533996826847,0.0074970414605592395,0.0003717846994894417,0.00662335154996704,0.006272200964551631,0.004724498175315835,0.003717770321362857,0.015487026228756591,0.004334180182634271,0.017042542507280312,0.017498049830381297,0.004138003167980499,0.009037415979885478,0.0009750260233616461,0.00786141896929579,0.008561510982004953,0.01233774390070871,0.004913393048128376,0.008240085918887904,0.003306434288861061,0.008474579830420883,0.0,0.008637683254313227,0.009972258298975347,0.004650864272106547
107,3.703363863423703,0.2678699006299732,0.007291804806763144,3.2059555647313123,3.7696034675798846,3.6334074975997983,3.419851763441557,3.832859944325542,3.6806483640530065,3.829054117013737,4.260059546000701,3.278070395445287,3.9338452416538847,3.8466214012502538,3.7239044691170844,3.8747973990463547,3.7570827204424586,3.798662524851164,3.963589186671538,3.8252983206916693,3.6116881188108576,3.5657239540671566,3.6974825770902133,3.207544629488201,3.762283426319606,4.120972041514747,3.56689905980743,3.5152770019982182,3.620929743126219,4.356301043046809,3.4252217420809363,3.4749611588309155,3.542319482614531,0.0003392020809418713,0.00823253994068144,0.01060592000821114,0.01069764449680621,0.00016550097484979007,0.0033456482142980217,0.006495330473357172,0.009896365221285026,0.0021166887534857146,0.0021422452845600497,0.006038168815705713,0.0,0.014575243771963124,0.007925889571365757,0.013750367666011927,0.011860548278463827,0.005499230706003658,0.014028842127225657,0.0010354579990534394,0.0034450915662857114,0.013689118829142134,0.011870137579415362,0.0023277304158738276,0.007936154811787765,0.010816598521941978,0.008510223238696246,0.007508832657302246,0.010674081684111564,0.009884582526602308,0.003340757987465631
108,3.6837836555921997,0.27392151921658997,0.007435937549441323,3.2059555647313123,3.677708845393806,3.6334074975997983,3.419851763441557,3.830515904348211,3.6806483640530065,3.829054117013737,4.260059546000701,3.278070395445287,3.9044192096627346,3.8466214012502538,3.5975491133044497,3.8747973990463547,3.7570827204424586,3.798662524851164,3.963589186671538,3.787567460379894,3.445845219808039,3.5657239540671566,3.6974825770902133,3.207544629488201,3.762283426319606,4.120972041514747,3.56689905980743,3.5152770019982182,3.620929743126219,4.356301043046809,3.369356581686642,3.451493429758387,3.487839946418035,0.009879352436104539,0.00880857193436525,0.005685229455202878,0.011475254817755813,0.0018293322801681035,0.007012676303528315,0.0071266405696817844,0.009212993953888853,0.006425924528451701,0.005573636652306352,0.004568507818334716,0.007313046965108213,0.011414681923492234,0.007551134736519778,0.01641535132701261,0.011240709933766262,0.0076261977930997355,0.015425742034506003,0.0036644283074632714,0.0006024662859606,0.0024278460419746824,0.012349144490121072,0.001664091442735111,0.004635831696869208,0.011670570638373243,0.0029386173522822977,0.011490739447591632,0.007583556150863747,0.006700406089699264,0.0027654430760124015
109,3.671640194747211,0.2663673804691946,0.00788519896192341,3.2059555647313123,3.677708845393806,3.6334074975997983,3.419851763441557,3.830515904348211,3.6806483640530065,3.829054117013737,4.212079502561753,3.278070395445287,3.9044192096627346,3.8466214012502538,3.5975491133044497,3.8747973990463547,3.7570827204424586,3.798662524851164,3.963589186671538,3.787567460379894,3.445845219808039,3.5657239540671566,3.6974825770902133,3.207544629488201,3.762283426319606,4.120972041514747,3.4701127953751834,3.5152770019982182,3.585379382829704,4.242404349432476,3.369356581686642,3.3814029661907665,3.487839946418035,0.007110300792337655,0.016063302786299947,0.010081816246201537,0.007728200127424505,0.0,0.0063007841875949025,0.007889251680189393,0.009302723936926317,0.01681835855792768,0.00110706200659363,0.004454948781241032,0.0025785141446807635,0.014288749064262904,0.0033176679768083723,0.010827481935402972,0.004696293830797625,0.009660855884550524,0.0131799992192802,0.0033668847667652807,0.008245633049262693,0.00794694881749412,0.017601048738231477,0.005934887527319183,0.008563678050044389,0.005584632686997333,0.0003782718655117187,0.005506771753588671,0.011995255736602848,0.012333580798766468,0.003692063908598197
110,3.65223432928938,0.27068121673899403,0.007629070877917751,3.2059555647313123,3.677708845393806,3.6334074975997983,3.419851763441557,3.615456619665036,3.6806483640530065,3.829054117013737,4.178563230626594,3.278070395445287,3.8405627410583674,3.8466214012502538,3.5975491133044497,3.8747973990463547,3.7570827204424586,3.798662524851164,3.963589186671538,3.787567460379894,3.445845219808039,3.5657239540671566,3.667327780259598,3.1106929470133236,3.762283426319606,4.120972041514747,3.4701127953751834,3.372539542791501,3.585379382829704,4.242404349432476,3.369356581686642,3.3814029661907665,3.487839946418035,0.0023004472009745393,0.0053725690023022615,0.011769433476815432,0.009269896929599761,0.003972883996852906,0.006471498877751035,0.0071134639712875205,0.008148047480854577,0.010950745475172148,0.0,0.010721403996963738,0.004417062988930735,0.019075926038161765,0.0018036328696155069,0.01298627291085757,0.00857781130927914,0.0007935254201972281,0.012504766646173232,0.011980654019078208,0.006167848273946334,0.004372534151997902,0.018568437414085065,0.007137557713744413,0.007718095473364827,0.004712904124972841,0.007643675295397752,0.0021602122109664283,0.006555409157516752,0.015605409910672881,0.0
111,3.6370847183861303,0.2783177841805887,0.0077911106276826875,3.2059555647313123,3.5738194710293922,3.602231799384573,3.419851763441557,3.615456619665036,3.6806483640530065,3.7949136324353323,4.178563230626594,3.278070395445287,3.8405627410583674,3.8466214012502538,3.5975491133044497,3.8747973990463547,3.7570827204424586,3.798662524851164,3.963589186671538,3.707830165155063,3.445845219808039,3.5657239540671566,3.631467104922088,3.007643298193447,3.762283426319606,4.120972041514747,3.403477644817944,3.372539542791501,3.585379382829704,4.242404349432476,3.369356581686642,3.3814029661907665,3.487839946418035,0.003921883749528662,0.0,0.0057390602699188605,0.005679897544210208,0.003134002909838237,0.005770711852832754,0.0,0.010650369004243073,0.007513906947428342,0.00876097465961091,0.0016795476989354345,0.007863702734287593,0.02098327198141456,0.006192162670339369,0.0028105816466042245,0.014622669621778944,0.0036530073428933546,0.012583499457537483,0.008815028147425009,0.009027037416491695,0.009110476506962797,0.010509557093225368,0.009126616621641393,0.010197084800021915,0.0028280443822270825,0.01018550701119955,0.008643197352895723,0.013320973255356118,0.01265477281220506,0.0077557733394269255
112,3.627325724248867,0.281420841056756,0.007430117882866325,3.2059555647313123,3.5214293051571315,3.602231799384573,3.419851763441557,3.615456619665036,3.6806483640530065,3.7949136324353323,4.178563230626594,3.2449567296447666,3.8405627410583674,3.8466214012502538,3.5975491133044497,3.8218729405684297,3.746885742454133,3.798662524851164,3.963589186671538,3.707830165155063,3.445845219808039,3.4484090592510417,3.631467104922088,3.007643298193447,3.762283426319606,4.120972041514747,3.403477644817944,3.345709881628736,3.585379382829704,4.242404349432476,3.369356581686642,3.3814029661907665,3.487839946418035,0.003605082704696432,0.004175955066238339,0.013215311897995265,0.0020634931611549306,0.010470945641159088,0.0006427629870997424,0.0,0.013491432881210236,0.01232915661278791,0.005079706909603385,0.0041724508440540925,0.006948976345168218,0.010327831142801284,0.01221743395502634,0.006523736616659945,0.01825277673800467,0.008308192930114146,0.008983018294937825,0.00925470787104233,0.0012663413978357108,0.0013964535241478074,0.010025488266399788,0.0077408614215018195,0.01128862603731668,0.006371658447941966,0.004006653150112727,0.00817034011002777,0.009400296580438882,0.007077414422617831,0.006096430527894604
113,3.594959335576917,0.2821815410945169,0.00812301778490304,3.2059555647313123,3.5214293051571315,3.5658138474796286,3.419851763441557,3.615456619665036,3.6796094009673834,3.7949136324353323,4.098725782716723,3.2449567296447666,3.8358303328450067,3.6114688766700422,3.5975491133044497,3.7013662167888275,3.6370270938080798,3.798662524851164,3.9621914162111556,3.707830165155063,3.445845219808039,3.4484090592510417,3.631467104922088,2.911946921882596,3.727867226597088,4.120972041514747,3.403477644817944,3.345709881628736,3.5287221440528467,4.242404349432476,3.369356581686642,3.3814029661907665,3.292560539649813,0.008363208209503594,0.009446944604695792,0.005690726484513499,0.005215011240136794,0.004447045840272114,0.002458581382677769,0.006977054688487495,0.006693022316567734,0.017057238798786692,0.001602303118090145,0.0028614141284972567,0.0031400366338960963,0.010020201937480197,0.012127934083767718,0.01472549685668278,0.021548118150477868,0.010962770994541847,0.012040168997153999,0.00260919662138806,0.0023567240131985184,0.005777341451308928,0.009951857196886824,0.010418881535775883,0.009804303281929655,0.011117247938288766,0.0,0.008118641793973577,0.011718801774987436,0.007059398846400317,0.00938086062672387
114,3.576963199859712,0.2726268430793798,0.008419473750614036,3.2059555647313123,3.5214293051571315,3.5658138474796286,3.3364014381670057,3.615456619665036,3.6796094009673834,3.7949136324353323,4.098725782716723,3.2449567296447666,3.7333223886485745,3.6114688766700422,3.5975491133044497,3.7013662167888275,3.6370270938080798,3.7586158888779306,3.838325915974345,3.707830165155063,3.445845219808039,3.4484090592510417,3.631467104922088,2.911946921882596,3.6862343442677425,4.055320788409055,3.403477644817944,3.345709881628736,3.4459926136527455,4.242404349432476,3.369356581686642,3.3814029661907665,3.292560539649813,0.009484188867793942,0.011301281908913616,0.00794491611215921,0.0048823066632569054,0.00516868785096319,0.0011603479563968022,0.018250670104769835,0.0075829947867335525,0.012614079660301,0.004675416670322484,0.0017199351511643507,0.0020565728915467566,0.008270930852528323,0.007083343236594383,0.016214894616771558,0.016932028436116617,0.0162841335241752,0.011330955689149292,0.00947178554670368,0.007157025018277224,0.004535199362423668,0.007411717986035389,0.008245457476463073,0.00879709375533199,0.014671898643774734,0.0028241337529607185,0.003439527934880139,0.007097948911880797,0.0022901392980837145,0.013684599851948956
115,3.569907779637983,0.2671583052796607,0.007179006070627623,3.2059555647313123,3.5214293051571315,3.5658138474796286,3.3364014381670057,3.615456619665036,3.625754006814518,3.7949136324353323,4.098725782716723,3.2449567296447666,3.7333223886485745,3.6114688766700422,3.5328725664060134,3.7013662167888275,3.6370270938080798,3.7586158888779306,3.838325915974345,3.707830165155063,3.445845219808039,3.4484090592510417,3.631467104922088,2.911946921882596,3.6862343442677425,3.9621901228084977,3.403477644817944,3.345709881628736,3.4459926136527455,4.242404349432476,3.369356581686642,3.3814029661907665,3.292560539649813,0.0010048767064595814,0.010124106515638425,0.00784071876763768,0.002871708266688428,0.009741399919133779,0.0011325030694320562,0.011143863556912046,0.006936477615576154,0.009488884402727599,0.005276075071174064,0.00016843073618734677,0.004801083070108367,0.008811485295325506,0.00876107835957914,0.015877745425272795,0.009414988114797462,0.01758210687973549,0.008025415141294498,0.0037046861205156214,0.006705203436842999,0.0003810751203488064,0.002597318760092112,0.0035220818156689623,0.0,0.01748749873211772,0.006780799407812285,0.004906949900096921,0.013214841174911346,0.0036577479488319356,0.013409032787909551
116,3.552001374222483,0.2769357994096143,0.008109876715168435,3.2059555647313123,3.5214293051571315,3.5658138474796286,3.3364014381670057,3.615456619665036,3.625754006814518,3.7949136324353323,3.993122080709789,3.2449567296447666,3.7333223886485745,3.6114688766700422,3.5328725664060134,3.668723920089381,3.5610342411595863,3.7586158888779306,3.838325915974345,3.707830165155063,3.445845219808039,3.4484090592510417,3.631467104922088,2.7756896920794927,3.665236647489792,3.9621901228084977,3.403477644817944,3.345709881628736,3.4459926136527455,4.242404349432476,3.3659305342116927,3.288020664063453,3.223670504723007,0.0,0.00625480824648515,0.018930611420877364,0.010088154016858863,0.014389866365968923,0.00030665430112080836,0.008749572143931551,0.005802353805418916,0.006877799086681301,0.004948574301440795,0.0075753707469722684,0.004184149312552956,0.006149763464926826,0.006388900138603155,0.009088430219649911,0.015632415436786423,0.019816722855795735,0.007076643119837258,0.00640777497640897,0.006752275292838769,0.004751215885146957,0.007434016970119045,0.008498651019854019,0.005530893131519628,0.01430375405340975,0.0036682802504640903,0.0019422942422244159,0.015100106092691907,0.008032578310345375,0.008613672246121886
117,3.5331996704486954,0.273533134696617,0.007401504374544323,3.162773321389015,3.4857313251301574,3.5658138474796286,3.3364014381670057,3.615456619665036,3.625754006814518,3.5998983597793566,3.993122080709789,3.2449567296447666,3.7333223886485745,3.6114688766700422,3.5328725664060134,3.535698616227862,3.5610342411595863,3.7586158888779306,3.838325915974345,3.707830165155063,3.445845219808039,3.4484090592510417,3.631467104922088,2.7756896920794927,3.665236647489792,3.941883536911018,3.403477644817944,3.294015059811319,3.4219474291749035,4.209943230028671,3.3659305342116927,3.288020664063453,3.1950479029926844,0.004371191154931861,0.00962704352437626,0.01277236421166091,0.011105174655394347,0.012932327637469281,0.0,0.01008778724510456,0.00924198915474026,0.008307835127549054,0.011139916897577758,0.00806947422449462,0.005554266904741245,0.010809253307948553,0.003197942945047136,0.010704967792727263,0.011530143962538326,0.009711557444656883,0.005140156748440396,0.010731375882117367,0.0,0.00424262373831234,0.001988908567716886,0.002843703857165844,0.004824982013036634,0.009838020170520271,0.005547246460496422,0.005511192542472351,0.011772205347750912,0.0015393935385200476,0.008902086178821919
118,3.517508063750175,0.2757688865752933,0.00835282297933728,3.162773321389015,3.4857313251301574,3.4254192379931614,3.2034136504475588,3.615456619665036,3.625754006814518,3.5998983597793566,3.937052402432656,3.2449567296447666,3.7333223886485745,3.6114688766700422,3.5328725664060134,3.535698616227862,3.5610342411595863,3.7586158888779306,3.838325915974345,3.707830165155063,3.445845219808039,3.4484090592510417,3.631467104922088,2.7742972350733983,3.665236647489792,3.9080973467672426,3.3311737686487786,3.294015059811319,3.4219474291749035,4.209943230028671,3.332116932058153,3.288020664063453,3.1950479029926844,0.0,0.006132078954841323,0.01553432336237241,0.014941588096435953,0.019214952049192838,0.0022474737442482818,0.010225268297403006,0.010367172524796249,0.014805782606739041,0.0,0.005410346685939322,0.0081964741446033,0.01570833305811473,0.00709892721623685,0.012154017351055648,0.017119756218669582,0.006950171702789936,0.005834302048966157,0.011764337535640176,0.011538759552060478,0.00136698818855705,0.005793259426382149,0.0017660568953007973,0.0,0.008238187911868302,0.010702522976673902,0.0067075722669325145,0.01360275501104457,0.0021951932954198724,0.004968088257833937
119,3.503952085039857,0.2667611780756862,0.007035041263484996,3.162773321389015,3.4857313251301574,3.4254192379931614,3.2034136504475588,3.615456619665036,3.5853291889869614,3.5998983597793566,3.8813215290558323,3.213261713022739,3.7238479769892767,3.6114688766700422,3.4980884780612986,3.535698616227862,3.5610342411595863,3.7586158888779306,3.7409045109564834,3.672272880527228,3.445845219808039,3.4484090592510417,3.570188523816864,2.7742972350733983,3.665236647489792,3.868320727794242,3.3311737686487786,3.294015059811319,3.4219474291749035,4.209943230028671,3.332116932058153,3.287484400308259,3.1950479029926844,0.0012443248408017169,0.0004069485005176588,0.0167873526149516,0.011329427918057603,0.015359466511526938,0.0025540922121077645,0.009729328105283487,0.004726039928241069,0.016308803794715776,0.0,0.00540963502101067,0.006836141302241668,0.00770413491869812,0.008189741899171146,0.01695999129661421,0.013758868697707866,0.004043511949300483,0.005655021559356697,0.012871899770498607,0.0070252915436212725,0.001034008252209117,0.0028124377406055735,0.002974467143112847,0.004004004774485347,0.0015633752933820115,0.006464727518689499,0.01185907989284398,0.003104265895847689,0.002104317292245689,0.008230531716703729
120,3.475088432158124,0.2624035486352639,0.008665776592569308,3.162773321389015,3.4857313251301574,3.4254192379931614,3.2034136504475588,3.615456619665036,3.5853291889869614,3.5998983597793566,3.5480402506864626,3.1504216095747712,3.7238479769892767,3.6114688766700422,3.2763036208344833,3.535698616227862,3.5610342411595863,3.7586158888779306,3.7409045109564834,3.672272880527228,3.445845219808039,3.4484090592510417,3.570188523816864,2.7404216125248984,3.665236647489792,3.7334504882417225,3.3311737686487786,3.294015059811319,3.4219474291749035,4.209943230028671,3.252859446751341,3.287484400308259,3.1950479029926844,0.0011116712368287448,0.006241265908727654,0.007714892576072288,0.008623798947584709,0.010867018479032747,0.002453028399282053,0.01311370483589174,0.007056075791842805,0.012629787947260848,0.006578866983689113,0.0053670163369918126,0.011073866645295628,0.010686116631819932,0.007262760340274929,0.006725722993699565,0.019259739506406054,0.004029610418030032,0.012099136711963363,0.017257894150368765,0.004177819426612425,0.007540456174149469,0.010229010972096306,0.00588467737132078,4.490603721082638e-07,0.011310737706340258,0.010683628048829167,0.009449954513096633,0.011124615959541362,0.009972444194609041,0.009447529509048891
121,3.4669166856954168,0.2592496156784008,0.007872578526546324,3.162773321389015,3.4857313251301574,3.4254192379931614,3.2034136504475588,3.5002477602803954,3.5853291889869614,3.5998983597793566,3.5480402506864626,3.1504216095747712,3.7238479769892767,3.6114688766700422,3.2763036208344833,3.529699262962261,3.5610342411595863,3.7586158888779306,3.6642858613487275,3.672272880527228,3.445845219808039,3.4484090592510417,3.570188523816864,2.7404216125248984,3.665236647489792,3.7334504882417225,3.3311737686487786,3.294015059811319,3.3746218975516915,4.209943230028671,3.252859446751341,3.287484400308259,3.1950479029926844,0.0007766305243483279,0.0,0.006862122997064911,0.007550723669608977,0.009451691382478427,0.007494207207254783,0.008803061475869716,0.007772077958377926,0.008405494856992091,0.013630514138855323,0.010431127982356733,0.005252392842858658,0.008318608854496633,0.00871040952594734,0.008472414154365246,0.015751370647844008,0.0039984646274064785,0.011019146397772872,0.011066758381342674,0.00045183645668042286,0.0037660456494223817,0.010583766516465162,0.008195290004907997,0.008168706086546565,0.007920518097004243,0.002745336452299828,0.0055476024835119575,0.009312115657190007,0.007052578635203143,0.018666342131916865
122,3.45814887945803,0.25430463297261885,0.007103663208058724,3.162773321389015,3.4152920113389738,3.4254192379931614,3.2034136504475588,3.5002477602803954,3.568368697148863,3.5998983597793566,3.5480402506864626,3.1504216095747712,3.7238479769892767,3.5951646686522207,3.2763036208344833,3.525255315491169,3.5610342411595863,3.7586158888779306,3.6642858613487275,3.672272880527228,3.3906069929104565,3.4484090592510417,3.570188523816864,2.7404216125248984,3.610490486301011,3.7334504882417225,3.3248813863867075,3.294015059811319,3.3746218975516915,4.1713337743736965,3.252859446751341,3.287484400308259,3.1950479029926844,0.0009399878944129356,0.0039159672736049506,0.011667256907627606,0.010927175775163266,0.010770891518934574,0.0016574082629476625,0.005238025031948078,0.005730472833671397,0.005787490975037242,0.009965091234233727,0.009913541105696413,0.0023577234505152353,0.013847781680827348,0.007036191307027024,0.014247004950887791,0.01389682795210145,0.0,0.015168498754921376,0.004693563579015172,0.0028276432188696177,0.007966913472833575,0.0029305203307171276,0.008279405497111045,0.005522309149868495,0.005334879588954941,0.004853056826343207,0.005834469948840663,0.008456939035677463,0.007299797465923461,0.006043061218048926
123,3.45795106681683,0.2545114349392615,0.0073161632292707834,3.162773321389015,3.4152920113389738,3.4254192379931614,3.2034136504475588,3.5002477602803954,3.568368697148863,3.5998983597793566,3.5480402506864626,3.1504216095747712,3.7238479769892767,3.5951646686522207,3.2763036208344833,3.525255315491169,3.5610342411595863,3.7586158888779306,3.6642858613487275,3.672272880527228,3.3906069929104565,3.4484090592510417,3.570188523816864,2.7404216125248984,3.610490486301011,3.7334504882417225,3.3248813863867075,3.294015059811319,3.3746218975516915,4.1713337743736965,3.252859446751341,3.287484400308259,3.189113523756675,0.0048503037211619715,0.003073916900116634,0.011231368238703984,0.012281425597215182,0.01014345924117269,0.004885408005169327,0.007817667685761812,0.007260379415638938,0.007305751821784156,0.008167889307756698,0.0,0.006468552695596065,0.010446288867659739,0.006662075231643788,0.004660276337617888,0.0073331035068143185,0.004954371027648498,0.013880253984480286,0.006410230152255588,0.005998128767189255,0.00940098463763031,0.007640921364045173,0.004398680303535349,0.0057353109977974475,0.012981122736143888,0.004628870013564882,0.008141974445654041,0.004466153104517605,0.004891883978484777,0.013368144791363236
124,3.4535462760496376,0.2532908653481602,0.007911043799967172,3.162773321389015,3.4152920113389738,3.4254192379931614,3.2034136504475588,3.5002477602803954,3.568368697148863,3.5998983597793566,3.5480402506864626,3.1504216095747712,3.7238479769892767,3.575753558423337,3.2763036208344833,3.52132720754954,3.5610342411595863,3.7586158888779306,3.6642858613487275,3.599164054424428,3.3906069929104565,3.4484090592510417,3.570188523816864,2.7404216125248984,3.610490486301011,3.7334504882417225,3.3248813863867075,3.294015059811319,3.3746218975516915,4.1713337743736965,3.252859446751341,3.2517887215658132,3.189113523756675,0.0017149804740983375,0.003244997532265039,0.015239399644649727,0.013584960012935245,0.018447212849155705,0.004808889371468022,0.011568655199825938,0.006124699450704741,0.014127793459346057,0.004351014450956671,0.003023996454529266,0.003206915867433342,0.01599093107449465,0.0032110281997171997,0.010034710757115893,0.01162772547089916,0.011147562133039754,0.012375927617547983,0.004592468979125411,0.006171515402863713,0.005314152293029454,0.011999327243464659,0.003118957843635396,0.006677178056570553,0.007950115355100727,0.004543216792918536,0.005472658485025752,0.0005179510444176193,0.0106178704204243,0.006524502062256324
125,3.4381033348062244,0.2584169051904641,0.007885842263004122,3.162773321389015,3.396782149516121,3.4254192379931614,3.2034136504475588,3.5002477602803954,3.568368697148863,3.5998983597793566,3.5480402506864626,3.1504216095747712,3.7238479769892767,3.575753558423337,3.2763036208344833,3.4177654143911345,3.5610342411595863,3.747057580668202,3.6642858613487275,3.599164054424428,3.356224613346211,3.1573204087087103,3.570188523816864,2.7404216125248984,3.610490486301011,3.7334504882417225,3.3207796335841775,3.294015059811319,3.3745364063493963,4.1713337743736965,3.252859446751341,3.2517887215658132,3.189113523756675,0.0019302448587259983,0.0,0.013077026712369303,0.0034897072861176854,0.014524686617438337,0.0058499202109076175,0.014751621723794734,0.005719318558324389,0.012663483177132211,0.009922490238095622,0.009000544260494374,0.004418563722006778,0.011193547115373657,0.006504718873537325,0.00911148043190242,0.011820682864088574,0.006059036422671844,0.009554057537492465,0.003391958543470015,0.008771886231294157,0.007706542040413581,0.014532250211773262,0.001452117243637375,0.004638115842674737,0.006113574993371309,0.01121705881607869,0.0041049232245410905,0.005448402904279886,0.006919397114502708,0.012687910113613596
126,3.420632987772919,0.26711809044455287,0.007735622683496254,3.162773321389015,3.396782149516121,3.363981058602278,2.991437146338907,3.5002477602803954,3.5239539974963496,3.5695025023255664,3.5480402506864626,3.1504216095747712,3.6704834025345154,3.575753558423337,3.2763036208344833,3.376935982423231,3.5610342411595863,3.747057580668202,3.6642858613487275,3.599164054424428,3.356224613346211,3.1573204087087103,3.570188523816864,2.7201360265313785,3.610490486301011,3.7251024979563607,3.2986482827771977,3.2630888229265165,3.3745364063493963,4.1713337743736965,3.252859446751341,3.2517887215658132,3.189113523756675,0.002158880028121918,0.005198093184408272,0.008314423268783266,0.0021509909837776685,0.010880355461482005,0.009795614116053798,0.006896334092547337,0.002109465702796895,0.006319320093635694,0.017177115235954603,0.01051893808185712,0.005022114253572837,0.01480001368446712,0.007193646772857062,0.008024749481871941,0.009249774867013054,0.006671412208764743,0.01089529519873678,0.005025181888529495,0.0072947111954660545,0.007438079581153752,0.010462376395979444,0.0017078843080296727,0.011722975487340121,0.009582005929003783,0.010567943193461396,0.0052341328830622855,0.004317503016750803,0.0032800473049958423,0.01205930260441284
127,3.392212653011701,0.24246859299997753,0.007531152149454553,3.1370880059463677,3.396782149516121,3.363345824123862,2.991437146338907,3.5002477602803954,3.5239539974963496,3.5568008047998814,3.5480402506864626,3.1504216095747712,3.5605052576678564,3.575753558423337,3.2763036208344833,3.376935982423231,3.5610342411595863,3.747057580668202,3.6642858613487275,3.5976124458229433,3.356224613346211,3.1573204087087103,3.4016501266123247,2.7201360265313785,3.610490486301011,3.571279771013835,3.241932059428145,3.2630888229265165,3.3745364063493963,3.9460974822946295,3.252859446751341,3.192872451411674,3.1502853915643283,0.0001087791998930458,0.005515628722476689,0.009333997637807125,0.013366195846964694,0.010867181386319646,0.0,0.009340844313882855,0.00974563093550783,0.005264426625279271,0.013608459235844023,0.0018125096522491524,0.006799874891121637,0.011048406643743009,0.00879940315954562,0.003856011453300697,0.011751266649985893,0.010444413892382801,0.011737261999064042,0.009520376646635166,0.010663836674384175,0.0058967830740799905,0.013216959514464641,0.0,0.013119617274653331,0.011011472618252126,0.005095361395496641,0.0018932370655813133,0.0008150105185724577,0.004151280072655291,0.007150337383493443
128,3.3882661281347404,0.23808584034628877,0.00845152276130891,3.1370880059463677,3.396782149516121,3.363345824123862,2.991437146338907,3.5002477602803954,3.5239539974963496,3.5568008047998814,3.5480402506864626,3.1504216095747712,3.5605052576678564,3.575753558423337,3.274897788685522,3.376935982423231,3.5610342411595863,3.6710454860152777,3.6642858613487275,3.585860254479354,3.356224613346211,3.1573204087087103,3.4016501266123247,2.7201360265313785,3.5832467590572787,3.571279771013835,3.241932059428145,3.2630888229265165,3.3745364063493963,3.9460974822946295,3.252859446751341,3.192872451411674,3.148303490644729,0.006820300494491513,0.011074341564377716,0.006131298149365302,0.007120525721950021,0.01279529955403665,0.004397102787543551,0.009058626028009992,0.00774909193127646,0.006501564045447474,0.010666645720138049,0.005730630987736343,0.004881215110286071,0.018363053128547142,0.0109156873796462,0.005937687251174987,0.009923403845496717,0.009551910056872788,0.015964054398900692,0.007555631035736274,0.010190842869965154,0.005815412975471123,0.01216630283858223,0.008084691905355424,0.01692312351897528,0.006762141682434019,0.006745161505098819,0.004426512198509595,0.007762105943572415,0.00036538215998231725,0.0031659360502869134
129,3.3816588793263613,0.24865915597402313,0.008471027134943595,3.1370880059463677,3.396782149516121,3.363345824123862,2.991437146338907,3.5002477602803954,3.5239539974963496,3.5568008047998814,3.5480402506864626,3.1504216095747712,3.5605052576678564,3.575753558423337,3.274897788685522,3.376935982423231,3.503018412978449,3.6710454860152777,3.6642858613487275,3.585860254479354,3.356224613346211,3.1497299359943374,3.4016501266123247,2.6073236187506983,3.5832467590572787,3.571279771013835,3.241932059428145,3.2432900673513427,3.3745364063493963,3.9460974822946295,3.252859446751341,3.192872451411674,3.148303490644729,0.006714919226792455,0.009574941291272471,0.00880070199629053,0.015872181175068126,0.0039069093088610046,0.003972568167271656,0.013523637216803785,0.012158869020676817,0.011791070027678251,0.005046976915464996,0.004620711331681155,0.01230069281650098,0.0228570745009718,0.005855711944857489,0.014299253948806262,0.009509986812869072,0.007715087260364468,0.011208320822657738,0.0033562545367194748,0.01031945639415872,0.0037943771345454974,0.017392185828045845,0.005514295546752255,0.01369367315405975,0.005050338908089807,0.0050730771567263555,0.0012253750777281088,0.005759553552652745,0.0006840733041239153,0.00253853966981633
130,3.3730777363999227,0.2496958974170068,0.008088562088576216,3.1370880059463677,3.396782149516121,3.363345824123862,2.991437146338907,3.5002477602803954,3.523330614522554,3.5568008047998814,3.5480402506864626,3.1504216095747712,3.5605052576678564,3.575753558423337,3.274897788685522,3.376935982423231,3.503018412978449,3.6710454860152777,3.6642858613487275,3.585860254479354,3.356224613346211,3.1497299359943374,3.312528594905928,2.6073236187506983,3.5832467590572787,3.5344420384822404,3.241932059428145,3.2432900673513427,3.283182084903807,3.9460974822946295,3.252859446751341,3.15337513227588,3.148303490644729,0.00951688783038402,0.015339727937600791,0.006316193288585195,0.01017524688996602,0.012185214465667785,0.0019979452482858447,0.015258953869778283,0.008290165076129397,0.00816943849264607,0.010126061636732098,0.0048284775258389005,0.005509447016027834,0.01507344149892773,0.006397666639748951,0.009995409323705148,0.013260936698048353,0.005773063555739736,0.014499360260036986,0.0013900549933973819,0.0021467641139811386,0.007232648001213577,0.01584911414913414,0.0044888404445919475,0.013366556175305693,0.0048172009827576094,0.003930782305685329,0.003882323182851828,0.008120896278667527,0.0034435384263184396,0.0012745063495327859
131,3.36674625920691,0.24691002562918582,0.0081862447245267,3.1370880059463677,3.380622609717698,3.363345824123862,2.991437146338907,3.5002477602803954,3.408376258184138,3.5568008047998814,3.5480402506864626,3.1504216095747712,3.5605052576678564,3.5226875454181976,3.274897788685522,3.376935982423231,3.503018412978449,3.6710454860152777,3.6642858613487275,3.585860254479354,3.350460206697804,3.1497299359943374,3.312528594905928,2.6073236187506983,3.5832467590572787,3.5344420384822404,3.241932059428145,3.2432900673513427,3.283182084903807,3.9460974822946295,3.252859446751341,3.15337513227588,3.148303490644729,0.00621139114896796,0.012631166481394767,0.009273948071626705,0.005172345153899611,0.014287387460298676,0.0014159337373969916,0.015768472492537305,0.0,0.004599616262242831,0.010921931158102957,0.0005470043435182925,0.0044256119067585175,0.01197885222012604,0.013842830026878883,0.009690720206231185,0.003954448963428517,0.013611701267507405,0.00999230405180553,0.007901349028156299,0.008641387450408882,0.0005928002547445634,0.013208870476187734,0.009600123740252412,0.01083277669330435,0.01350558860043213,0.002226336891118043,0.012767361367694418,0.004583710726597044,0.001356089612389332,0.012045281941793648
132,3.338642354664196,0.24932880910410357,0.007981318801504522,3.0010707081301686,3.380622609717698,3.345369270913537,2.991437146338907,3.5002477602803954,3.4053786020766954,3.493949309361153,3.4647318732085393,3.0728227988928727,3.5605052576678564,3.496421900029525,3.274897788685522,3.376935982423231,3.503018412978449,3.6710454860152777,3.5509213428467707,3.585860254479354,3.32273224494389,3.1497299359943374,3.312528594905928,2.6073236187506983,3.514837803370455,3.5344420384822404,3.1864687404013883,3.1520035326630738,3.2033320744012994,3.9460974822946295,3.252859446751341,3.15337513227588,3.148303490644729,0.00866628885666218,0.008333280507190522,0.015167033327371897,0.014306746594402484,0.012694044210486203,0.0038556908874864257,0.01102527259679643,0.004639563897982415,0.0040677264280355955,0.012734741763687225,0.0022294711402648386,0.0018750079974188434,0.012536260475910966,0.008444134885959294,0.00238269872697278,0.0066592554019531,0.01131860319106427,0.01102480409534176,0.008546424628432395,0.002340623761133271,0.0,0.01708610974479875,0.00803349403616345,0.008569935046979995,0.006852184510359021,0.007535055621531739,0.009836944081076212,0.01371209527643213,0.000804677457956369,0.0041613948952851105
133,3.31999269211691,0.24545751407406138,0.007504349276147976,3.0010707081301686,3.380622609717698,3.345369270913537,2.991437146338907,3.4565334487169186,3.319956315562415,3.3823512349856064,3.387303020710313,3.0728227988928727,3.5605052576678564,3.496421900029525,3.274897788685522,3.376935982423231,3.503018412978449,3.6710454860152777,3.5351122262943027,3.585860254479354,3.32273224494389,3.1497299359943374,3.312528594905928,2.6073236187506983,3.514837803370455,3.40586061464526,3.1864687404013883,3.1520035326630738,3.2033320744012994,3.9460974822946295,3.252859446751341,3.0564393211982694,3.148303490644729,0.009754191638516126,0.006795999300290736,0.011634238884214413,0.004108682072873574,0.012930118354705897,0.009180862014977614,0.012167016203948486,0.002027689198616579,0.005645891930750771,0.011049139020390794,0.008369892885848251,0.0,0.01297846713881389,0.008397577882577662,0.009421510928918398,0.010529675560007124,0.005192029971401946,0.0029034051710705743,0.002758374856595563,0.0,0.0059167940183547756,0.011593853994679475,0.002902207946942916,0.01896683668381528,0.0048891681554440545,0.01180535383583342,0.0,0.012777830628501742,0.0006385694471533985,0.009795100559195875
134,3.3070413921792228,0.23835813462555375,0.00816215779873711,2.9804071462917148,3.380622609717698,3.345369270913537,2.961263346888455,3.4565334487169186,3.319956315562415,3.3823512349856064,3.387303020710313,3.0728227988928727,3.5605052576678564,3.496421900029525,3.1603260181010246,3.3723530147285143,3.503018412978449,3.612917218985132,3.5351122262943027,3.585860254479354,3.32273224494389,3.1497299359943374,3.312528594905928,2.6073236187506983,3.514837803370455,3.40586061464526,3.1864687404013883,3.1520035326630738,3.1577376869651066,3.8312732381984955,3.252859446751341,3.0564393211982694,3.148303490644729,0.0019696917282618805,0.0024062646356733585,0.011344198796409176,0.004673892172393407,0.010590549969843474,0.004299013343661387,0.007160810709271712,0.009156052778384176,0.006544649402696245,0.012584750491679963,0.01194427271353141,0.004134202075095163,0.014867638702090565,0.013520700532295225,0.009941033466351038,0.007739784669906161,0.016966723470944616,0.007693076233031952,0.006254309732760676,0.0012488482053622336,0.007166051230591163,0.014410127530148607,0.0052780690380955795,0.016235794291661575,0.0,0.010514334531199172,0.003406644946125521,0.010364930251224144,0.004230966928737456,0.008217351384686235
135,3.2982025557896857,0.235852156866837,0.007957559165704427,2.9804071462917148,3.3096204950325085,3.345369270913537,2.93656918733133,3.4565334487169186,3.319956315562415,3.3823512349856064,3.387303020710313,3.0728227988928727,3.5605052576678564,3.496421900029525,3.1603260181010246,3.368473876826514,3.503018412978449,3.5138138826269167,3.5351122262943027,3.585860254479354,3.3117750993066974,3.1497299359943374,3.312528594905928,2.60015895063199,3.488979720837776,3.40586061464526,3.1639622935063874,3.1520035326630738,3.1577376869651066,3.8312732381984955,3.252859446751341,3.0564393211982694,3.148303490644729,0.0038576755801660533,0.006991196042531013,0.01041348199750627,0.001118304664475951,0.009176197187840747,0.009950275810887527,0.00924962726515871,0.00012822039306142533,0.0055014437528446425,0.01279598833508163,0.009436320023174823,0.00810076009469882,0.011658104298696476,0.009083685792233447,0.007034135265222545,0.006004215076511762,0.009705025562409953,0.006128747788993741,0.003616548688373507,0.005714948985510894,0.0,0.015033686455456349,0.00918354456922368,0.019541594642420924,0.002598911926534989,0.01209384563383505,0.008117828213892654,0.013639597182924052,0.004113402968503566,0.008739460772961604
136,3.273842836180463,0.23040385750803136,0.00756514681933872,2.9804071462917148,3.2113328465579127,3.277715585449411,2.93656918733133,3.4565334487169186,3.319956315562415,3.3823512349856064,3.387303020710313,3.0728227988928727,3.5605052576678564,3.496421900029525,3.1603260181010246,3.368473876826514,3.4412411877944575,3.5138138826269167,3.5351122262943027,3.585860254479354,3.0912933384359644,3.055068406119116,3.312528594905928,2.60015895063199,3.4755451254366645,3.40586061464526,3.1639622935063874,3.1520035326630738,3.1577376869651066,3.6927256730867914,3.2498266182342133,3.0564393211982694,3.115388741266639,0.004865722390960558,0.005483326727472222,0.009727869969311586,0.0019499261957051158,0.0075400853943033246,0.004285082388083432,0.013667855142576884,0.0,0.009856386985895825,0.01782383214583208,0.00584826883022292,0.004827661636791595,0.015336217800472816,0.003038515239756081,0.011532002361156759,0.006973039379368623,0.006077253019474495,0.008479980057803736,0.0068456327891006025,0.006457426359744008,0.0016974256649867757,0.011190076627161245,0.003901735513039039,0.011527621140035785,0.01166343294782717,0.012135580144305368,0.007954937225823279,0.008808713744041866,0.0022280902804081705,0.005230706478500288
137,3.2671202547260116,0.2241785988372294,0.006907847232406516,2.9804071462917148,3.2113328465579127,3.277715585449411,2.93656918733133,3.4565334487169186,3.319956315562415,3.3823512349856064,3.387303020710313,3.0728227988928727,3.5605052576678564,3.496421900029525,3.1603260181010246,3.368473876826514,3.4412411877944575,3.5138138826269167,3.517974309039126,3.585860254479354,3.0912933384359644,3.055068406119116,3.312528594905928,2.60015895063199,3.4215986978322417,3.40586061464526,3.1639622935063874,3.1520035326630738,3.1453689156867317,3.6105594420494502,3.2137685217760112,3.0564393211982694,3.115388741266639,0.0,0.005528338825719346,0.008134275695198753,0.006226193809367416,0.0042076188013127095,0.00992876948712264,0.007552894672570704,0.0,0.007535035241147423,0.013294104716638142,0.004902911519334973,0.00630153592405554,0.012148479569800488,0.010424257399886576,0.012596509337312904,0.011728455356788868,0.006216630408172457,0.005973815546041369,0.006839199917154018,0.0,0.001972165326453153,0.010512802391152027,0.0030730567696074314,0.010695672466273684,0.008624553921965438,0.0029793516058765498,0.011558914513198742,0.005774904466536052,0.0030528653511720043,0.009452103932336083
138,3.254495020132267,0.23135181143000091,0.008080559274680073,2.8543087513640235,3.2113328465579127,3.120351737865747,2.93656918733133,3.4565334487169186,3.319956315562415,3.3823512349856064,3.387303020710313,3.0728227988928727,3.5605052576678564,3.496421900029525,3.1603260181010246,3.2828720927376023,3.4412411877944575,3.5138138826269167,3.517974309039126,3.585860254479354,3.0912933384359644,3.050697131511719,3.312528594905928,2.60015895063199,3.4215986978322417,3.40586061464526,3.1639622935063874,3.1520035326630738,3.140047179082043,3.6105594420494502,3.2137685217760112,3.0564393211982694,3.115388741266639,0.00215339291678608,0.011332152333328441,0.00029562171742808843,0.005373466510600686,0.006127432572111865,0.007273063147479018,0.01253055177662461,0.0038995741282374197,0.006345545337868164,0.018534545063641966,0.00697038709624577,0.011130908347303627,0.010451781619878975,0.009491789069573047,0.010876949191175177,0.017447749567203692,0.011624091116839236,0.0047126528152555,0.011504812490870238,0.00875820424637315,0.0037497382088535567,0.010835267540036126,0.007340705817849753,0.0074603982787887465,0.00790870243514852,0.004144972782714335,0.002112242043469953,0.016243801586409645,2.8502866927495695e-05,0.005757775615379267
139,3.2441265028558295,0.22507338635300958,0.008667220506168114,2.8543087513640235,3.2113328465579127,3.120351737865747,2.93656918733133,3.386534668853088,3.2691718929046805,3.317145140934756,3.387303020710313,3.0728227988928727,3.5042303245852904,3.496421900029525,3.1603260181010246,3.255337911667809,3.4412411877944575,3.5138138826269167,3.517974309039126,3.585860254479354,3.0912933384359644,3.050697131511719,3.312528594905928,2.60015895063199,3.4215986978322417,3.364603507076915,3.1639622935063874,3.1520035326630738,3.140047179082043,3.6105594420494502,3.2137685217760112,3.0564393211982694,3.115388741266639,0.002457544340252032,0.009020807409375945,0.0,0.0059893837687582585,0.0028430908888867957,0.004954769250478088,0.011174949008552168,0.005306190459648985,0.010535195544333712,0.012063283597065206,0.005658803649931763,0.006950762118308003,0.011116614303018118,0.002795089241853362,0.00985935992965866,0.011663146071726237,0.010500963696856682,0.006482461860846016,0.0068357168494019,0.01867381242474583,0.00570828245679314,0.003448372104028952,0.01323624060560054,0.020794110854562464,0.011650813276093857,0.011229867460321449,0.011310006262568839,0.014932499178846254,0.003972034313181004,0.008852444259349166
140,3.2307538380647522,0.22441317638352218,0.007727598287144776,2.8543087513640235,3.1568731833904455,3.120351737865747,2.8684626044395647,3.386534668853088,3.2174309717691867,3.317145140934756,3.387303020710313,3.0395421825172595,3.5042303245852904,3.496421900029525,3.1603260181010246,3.255337911667809,3.4310359798160417,3.3304269304433594,3.517974309039126,3.585860254479354,3.0912933384359644,3.050697131511719,3.312528594905928,2.60015895063199,3.4215986978322417,3.364603507076915,3.1639622935063874,3.1520035326630738,3.140047179082043,3.6105594420494502,3.2137685217760112,3.0564393211982694,3.115388741266639,0.007741703395642635,0.0037399438217497346,0.003244489869604993,0.0018666517119125012,0.01025493777391221,0.009717197419826967,0.014088566573804705,0.0,0.004625467534034478,0.006083074486062872,0.005159202975369934,0.008472868430801162,0.010275321031328255,0.007071149931292864,0.00239807164211221,0.008638361334091538,0.006234388714606336,0.008905616276180462,0.007082845856288789,0.01444920110183017,0.00941972730121,0.00535403595633039,0.005429931558326568,0.017564678546139342,0.00513695115410152,0.004220348705299435,0.015564497287146449,0.015011134372142272,0.005670266028319822,0.00840731782487465
141,3.2100233318813998,0.25734220332873736,0.007824797421594015,2.5569856110223204,3.1175544735725826,3.120351737865747,2.8684626044395647,3.386534668853088,3.205560014891532,3.317145140934756,3.387303020710313,3.0395421825172595,3.5042303245852904,3.496421900029525,3.1603260181010246,3.255337911667809,3.4310359798160417,3.3304269304433594,3.517974309039126,3.585860254479354,3.0912933384359644,3.050697131511719,3.312528594905928,2.503267273371908,3.4215986978322417,3.364603507076915,3.1639622935063874,3.1520035326630738,3.140047179082043,3.6105594420494502,3.037257820572741,3.0564393211982694,3.115388741266639,0.0014723671910179678,0.008654372605287194,0.011463442532454458,0.006111433593576917,0.006065351116608894,0.00290990236677939,0.01711593679674646,0.009233338207979508,0.008298135027150592,0.013009888715757095,0.0020437385740465297,0.0007925248804426502,0.016311685921566548,0.0013111028993461392,0.0014777805153140338,0.011897046193960445,0.009809605072748027,0.012560530538898721,0.010374047641483388,0.009183441509394423,0.006580422717740137,0.006219338033404382,0.005255426204827633,0.018824306365063215,0.0006318008982834878,0.008183347696125172,0.0026804283770908914,0.009984745871767097,0.006862768137587078,0.009425666445371936
142,3.192345458819241,0.2577854041022339,0.007527319897012106,2.5569856110223204,3.042818046124229,3.120351737865747,2.8684626044395647,3.386534668853088,3.205560014891532,3.284567618587975,3.387303020710313,2.9804969518888638,3.4731465468463765,3.3803473855122346,3.1603260181010246,3.255337911667809,3.4170425288212845,3.3304269304433594,3.517974309039126,3.585860254479354,3.0103012312764297,3.050697131511719,3.312528594905928,2.503267273371908,3.4215986978322417,3.364603507076915,3.1639622935063874,3.0845848080817118,3.1307583376318893,3.6105594420494502,3.037257820572741,3.0113137261990457,3.115388741266639,0.005666558779683476,0.0027966712461395204,0.004468012287126297,0.0007394007485510251,0.002638713475143292,0.007988020865117185,0.012494650849684088,0.0041240340347715515,0.012959228497031653,0.011245657348770022,0.0025031823769940207,0.008731279806748428,0.012753923200891136,0.002536760629792647,0.005878785214810879,0.008275135484148216,0.010894010438217873,0.010901536458119554,0.00938560388720359,0.009599524105305365,0.0023875053445731294,0.008553886933769017,0.004671599382068337,0.016391227944103845,0.008146700730470061,0.006952239500205771,0.009260946823822482,0.013338888835736496,0.0016455309235109438,0.007890380757853307
143,3.1831873681680434,0.25906640336886755,0.008614685728035396,2.5569856110223204,3.042818046124229,3.120351737865747,2.8684626044395647,3.386534668853088,3.205560014891532,3.284567618587975,3.387303020710313,2.9804969518888638,3.4731465468463765,3.3803473855122346,3.1603260181010246,3.255337911667809,3.3644947297686234,3.3304269304433594,3.517974309039126,3.5695067575196906,3.0103012312764297,2.9958973439243732,3.312528594905928,2.503267273371908,3.4215986978322417,3.364603507076915,3.1639622935063874,3.058498478302966,3.00580303147439,3.6105594420494502,3.037257820572741,3.0113137261990457,3.115388741266639,0.0025830385665010884,0.0061952528186675765,0.009795753811296803,0.005764619049357316,0.011795953953768045,0.011142510107064992,0.021268757278595986,0.009806200110586626,0.01082141829582072,0.010929260501848302,0.001547544994092363,0.003307654076023499,0.014197823469772955,0.006943079884910141,0.003412920621351316,0.01664750839465571,0.011538426716541424,0.006067565570488019,0.0022589258530995057,0.009816046115794818,0.00318061318934812,0.008781745332528564,0.0,0.01077339235677944,0.008361537231510282,0.004306765310714991,0.010131976757083596,0.011482507641855235,0.005539006530127821,0.020042767300876646
144,3.178719650356274,0.2636516539675872,0.009381834822748245,2.5569856110223204,3.042818046124229,3.120351737865747,2.8684626044395647,3.386534668853088,3.205560014891532,3.284567618587975,3.387303020710313,2.9804969518888638,3.4594450113718165,3.3803473855122346,3.1603260181010246,3.255337911667809,3.3644947297686234,3.3304269304433594,3.517974309039126,3.5695067575196906,3.0103012312764297,2.9958973439243732,3.312528594905928,2.452500550518075,3.4215986978322417,3.364603507076915,3.100744671129665,3.058498478302966,3.00580303147439,3.6105594420494502,3.037257820572741,3.0049680725510837,3.115388741266639,0.005730582129685706,0.008150732363576843,0.010435861698262695,0.0035446276664806106,0.011050439118412591,0.006013484070426283,0.015322901833339076,0.013474023725287321,0.010715060037299618,0.0063220096669910795,0.0021727078508101644,0.011496111499302408,0.009405132597829905,0.0023044326781424904,0.00577706850661132,0.01703771909548308,0.012192026303151684,0.00669647706213331,0.0029431849083540046,0.01492033799321003,0.008347343168970045,0.01165886786311141,3.6450686611195395e-05,0.019945372496519922,0.015318171945035814,0.00398073641215997,0.009866705982051839,0.015478968421493886,0.0016664337982643803,0.019451073103438663
145,3.1733457717879796,0.2633974632720635,0.009691222900724045,2.5569856110223204,3.042818046124229,3.120351737865747,2.8684626044395647,3.386534668853088,3.205560014891532,3.284567618587975,3.319461660059116,2.9804969518888638,3.4594450113718165,3.3803473855122346,3.1603260181010246,3.255337911667809,3.3644947297686234,3.3304269304433594,3.517974309039126,3.5695067575196906,3.0103012312764297,2.9958973439243732,3.312528594905928,2.452500550518075,3.4215986978322417,3.364603507076915,3.100744671129665,3.058498478302966,3.00580303147439,3.6105594420494502,3.037257820572741,3.0049680725510837,3.022013744868993,0.01183986116398434,0.009779590227204224,0.016277452187863577,0.005072909310378118,0.0089225526891576,0.012237933601447664,0.01648687795976505,0.018153890153275405,0.004300320105063684,0.004411084080694902,0.0,0.014639231037335715,0.011020817708878862,0.004422401630557502,0.006654419204618345,0.010381567207724414,0.014185855035577694,0.01630108812435317,0.002510300922951402,0.015644237514982902,0.005565803014654979,0.006765353288603489,0.0,0.014378154586889052,0.013030669902808743,0.010778206458877674,0.012230378190788193,0.013574500963869454,0.0018036306557644103,0.009367600093650784
146,3.161245010501976,0.27134783083425473,0.008676434290216646,2.5569856110223204,3.042818046124229,3.120351737865747,2.7252114134479553,3.386534668853088,3.205560014891532,3.190751767487282,3.319461660059116,2.9804969518888638,3.4594450113718165,3.3803473855122346,3.1603260181010246,3.255337911667809,3.3644947297686234,3.3304269304433594,3.517974309039126,3.5695067575196906,2.933270383537455,2.9958973439243732,3.312528594905928,2.44971134346897,3.4044637787120178,3.364603507076915,3.100744671129665,3.058498478302966,3.00580303147439,3.6105594420494502,3.0328100116412178,3.0049680725510837,2.9974607312210293,0.013069233259532945,0.008164466964165038,0.016107171155349292,0.0034506270661447667,0.008322127016097894,0.007144785269933747,0.012440163621045454,0.01650138828133064,0.004043080817585012,0.012718530802995844,0.0,0.00792638776152845,0.017534602521013923,0.005586555091278475,0.006842654155993157,0.006353599926402268,0.013342690381519716,0.013442674004334168,0.001978623892728791,0.013417839739406549,0.0015169791640446116,0.009333216973073231,0.0056485027928767535,0.01160543058478931,0.008252910382423125,0.0017969710021901982,0.0045315510627733984,0.010623806295196046,0.006911811647253933,0.011684647073492609
147,3.1526321750944417,0.2700260073878959,0.008129382559047474,2.5569856110223204,2.979682601846783,3.1200687429234546,2.7252114134479553,3.355785136902256,3.205560014891532,3.190751767487282,3.319461660059116,2.9804969518888638,3.4594450113718165,3.3803473855122346,3.1578749413155873,3.255337911667809,3.3644947297686234,3.3304269304433594,3.517974309039126,3.5564417599058378,2.8896888231600077,2.9958973439243732,3.263563172544448,2.44971134346897,3.348309744794794,3.364603507076915,3.100744671129665,3.058498478302966,3.00580303147439,3.6105594420494502,3.0328100116412178,3.0049680725510837,2.9974607312210293,0.008718320659102463,0.010140535469353559,0.015055473508112819,0.014088819133546137,0.0061297615080377265,0.006918564804138428,0.010229812719382569,0.015347226844349166,0.0074960498590024025,0.008542554007821588,0.005414127319408266,0.0,0.013008348537487478,0.010729565241730288,0.0043590056333124025,0.01274980208200085,0.007286208043698413,0.011739167155601379,0.00015328236379825297,0.011212774456370209,0.0021384878809801006,0.0,0.005176383928228894,0.004791909338133426,0.012149471734300407,0.006845325291677706,0.003889853320940255,0.011638726038629098,0.010192320414971447,0.007739599477308554
148,3.1387675696888704,0.27173041096822664,0.0095767580431325,2.5569856110223204,2.979682601846783,3.0148653065016906,2.7252114134479553,3.355785136902256,3.1549407390589015,3.190751767487282,3.319461660059116,2.9804969518888638,3.4594450113718165,3.305373751041334,3.0712318042046616,3.255337911667809,3.3644947297686234,3.3304269304433594,3.517974309039126,3.5564417599058378,2.8896888231600077,2.9958973439243732,3.263563172544448,2.44971134346897,3.348309744794794,3.364603507076915,3.100744671129665,3.058498478302966,3.00580303147439,3.6105594420494502,3.0328100116412178,3.0049680725510837,2.8989620528900883,0.005679833160781148,0.00783570001453369,0.017397280884852925,0.008170944796192068,0.008049347813268541,0.008332622762622094,0.013433680927755282,0.013547510795808659,0.006779185917693293,0.00732964185463223,0.009556468920046529,0.00449677985814824,0.014519718270175872,0.012559539501610322,0.00821082707197212,0.019573583942187674,0.008931645380788914,0.011620577100181332,0.0022720588075885663,0.008910782242099308,0.007707961491448094,0.0037134108007991625,0.0008053484316168565,0.014613784162076298,0.013776110074749208,0.00890442067246544,0.004948746861339876,0.01097703901192503,0.007261409014584567,0.017386780750031673
149,3.1333230264559324,0.2759954288587465,0.008740049339333757,2.5569856110223204,2.979682601846783,3.0148653065016906,2.7252114134479553,3.355785136902256,3.1549407390589015,3.190751767487282,3.319461660059116,2.9804969518888638,3.4594450113718165,3.305373751041334,3.0712318042046616,3.255337911667809,3.3644947297686234,3.3304269304433594,3.4481629479474383,3.5564417599058378,2.8896888231600077,2.9958973439243732,3.263563172544448,2.365490376284257,3.348309744794794,3.3552995383651916,3.100744671129665,3.058498478302966,3.00580303147439,3.6105594420494502,3.0328100116412178,3.0049680725510837,2.8989620528900883,0.005503376060107453,0.007991354825887339,0.014083598516968221,0.0,0.012137796585358835,0.008151678566336832,0.006057381730785022,0.011113829845162527,0.0,0.0069514089264212375,0.004139641989956868,0.009104887241212077,0.01909830288492776,0.011506832463667915,0.013985434491948945,0.018712361652977683,0.006789859476087452,0.003870097854362218,0.0013722810729738062,0.0036291117255298306,0.0053002951066915905,0.005798261253587982,0.008513344181061587,0.013968425534013073,0.011971079075894404,0.009506348445864087,0.007708709986334963,0.011731860127239598,0.010316881595212662,0.013187038963440803
150,3.123867760246068,0.2715961577682309,0.007542064324344668,2.5569856110223204,2.979682601846783,3.0148653065016906,2.7252114134479553,3.355785136902256,3.1549407390589015,3.190751767487282,3.319461660059116,2.9804969518888638,3.4594450113718165,3.305373751041334,3.046986776474139,3.255337911667809,3.3644947297686234,3.3304269304433594,3.361212515800642,3.5564417599058378,2.8896888231600077,2.9820337596369524,3.263563172544448,2.365490376284257,3.273287830276907,3.3297749792172486,3.0432397548370287,3.058498478302966,3.00580303147439,3.6105594420494502,3.0328100116412178,3.0049680725510837,2.8984145007173336,0.0062808975435278995,0.006768055649774982,0.011055262034809511,0.0032573412720006316,0.006208672558599197,0.011780191263811305,0.004644376933875308,0.009353471413323353,0.0057037463922624725,0.009267621848305652,0.0061337476409392645,0.006452935489712364,0.012504615596662291,0.0029611403824460042,7.901271000772881e-05,0.014770353420304012,0.00420965755431385,0.008602924790214165,0.0009095328947508021,0.010361454776535944,0.006222536497343763,0.004159181473433775,0.006551587040746777,0.012705470741628451,0.010672332072139737,0.006386630021245922,0.0037274506557456017,0.012822882820089292,0.010528030027965355,0.011180816213824682
151,3.1051843291570225,0.28300543251209004,0.00797474059322432,2.431027313312509,2.9698688863827596,3.0148653065016906,2.7252114134479553,3.355785136902256,3.1549407390589015,3.190751767487282,3.319461660059116,2.9489477679554708,3.4594450113718165,3.305373751041334,2.9569867255273263,3.255337911667809,3.3088003300540945,3.3304269304433594,3.361212515800642,3.5564417599058378,2.8896888231600077,2.9820337596369524,3.1495602666331135,2.365490376284257,3.273287830276907,3.3297749792172486,3.0432397548370287,3.058498478302966,3.00580303147439,3.5933857542812047,3.032260688973665,3.0049680725510837,2.782653132161688,0.007567374480316697,0.012331066787686048,0.015363917928966424,0.005685891888255129,0.0075830934664009725,0.01011613189307909,0.007219920248771854,0.00983463131898309,0.0033375529234073815,0.01492598473663745,0.0022480645074326906,0.00875772131964796,0.013430381837089521,0.0011242957024724905,0.004838168414768218,0.013382507070309406,0.003095349036838487,0.0011254773629368942,0.004195050506217806,0.011879033004113684,0.00649199998345967,0.006144024171248245,0.007666738436221041,0.008232670802215371,0.011441144229057093,0.013231259663843453,0.005887662700403277,0.010119456748816877,0.002919912933908543,0.009065733693224751
152,3.094340360210673,0.2796756638487995,0.00799130385050969,2.431027313312509,2.8835451856690395,3.0148653065016906,2.7252114134479553,3.355785136902256,3.1549407390589015,3.190751767487282,3.319461660059116,2.9489477679554708,3.3742578768151117,3.305373751041334,2.9569867255273263,3.255337911667809,3.3088003300540945,3.3304269304433594,3.361212515800642,3.527973878673724,2.8896888231600077,2.9820337596369524,3.1495602666331135,2.365490376284257,3.273287830276907,3.3240608732382744,3.0432397548370287,2.9706490707209423,2.995973749933477,3.5714381974951377,3.032260688973665,3.0049680725510837,2.782653132161688,0.011335939453280689,0.003218886326020072,0.017711543239312216,0.004309230877755622,0.005842770193029622,0.008353138775025606,0.013319751109231429,0.010317928082788374,0.010209675416436156,0.014488527092830309,0.0013661689782997121,0.004282694047720003,0.01006011537508023,0.0,0.008094738665579127,0.014017548471673006,0.005326717206287706,0.008346236686118984,0.0,0.007627113195551004,0.00714015367538598,0.012460380681551086,0.0,0.007256397656836168,0.014530674909287203,0.007470269762885285,0.011112730656475006,0.011754764144046526,0.0,0.0097850208368036
153,3.0822213177653293,0.2821901528376802,0.008023519145236952,2.431027313312509,2.8794238977146525,3.0148653065016906,2.7252114134479553,3.355785136902256,3.108957404503624,3.190751767487282,3.319461660059116,2.9489477679554708,3.2886259840299705,3.2923838906172667,2.9569867255273263,3.255337911667809,3.3088003300540945,3.3304269304433594,3.361212515800642,3.527973878673724,2.8896888231600077,2.7671888619955074,3.1495602666331135,2.365490376284257,3.273287830276907,3.3240608732382744,3.0432397548370287,2.9706490707209423,2.995973749933477,3.5714381974951377,3.032260688973665,3.0049680725510837,2.782653132161688,0.010006819706570193,0.005114422031993732,0.014061959021602266,0.010797846092049843,0.00711011592819911,0.013339338348651529,0.01121255757645677,0.00835942868573435,0.006670119612389574,0.010510110177292956,0.008304591876497337,0.0008898533288840547,0.00649993706396452,0.0,0.0031977571639014673,0.015750879952025065,0.004236599590863416,0.008937060607031342,0.0062437606636535255,0.007722251713807897,0.008591626602663166,0.009683913524277,0.0037359785587258777,0.008440301764219518,0.013811671744117035,0.010243164640657087,0.003595321576723376,0.008882308912883094,0.005876209559819434,0.00887966833145405
154,3.069328783926127,0.2791413777260222,0.009172342064164426,2.431027313312509,2.8794238977146525,3.0148653065016906,2.7252114134479553,3.355785136902256,3.108957404503624,3.151040528580918,3.319461660059116,2.9489477679554708,3.2886259840299705,3.2923838906172667,2.9569867255273263,3.255337911667809,3.2069193516923993,3.3304269304433594,3.361212515800642,3.527973878673724,2.8896888231600077,2.7671888619955074,3.1495602666331135,2.365490376284257,3.1760695541375736,3.3240608732382744,2.971781630045275,2.9706490707209423,2.995973749933477,3.5714381974951377,2.9557532919967824,3.0049680725510837,2.782653132161688,0.011666774788458604,0.012866230358389182,0.013801476192931003,0.0027865208616124747,0.01157013655409503,0.012473423714433869,0.012106376604504024,0.016826150812725066,0.006421932860039809,0.011531114099989708,0.0037052381430818446,0.0046665166230272555,0.008784031500757752,0.007559814092975546,0.007337826089244563,0.01625536832126963,0.005462378636780557,0.0147800048543704,0.0065946696694661145,0.010031629854474597,0.007352892823008312,0.005819715424338461,0.006311409446112744,0.01304908956118326,0.013435800562242636,0.006409382119975188,0.0035047910792276797,0.01157511878327668,0.0076172529488273116,0.002867194544113484
155,3.0580397137969535,0.27879883100081476,0.008003979525668403,2.431027313312509,2.8794238977146525,3.0148653065016906,2.7120286770371966,3.355785136902256,3.108957404503624,3.13204218265857,3.2670170924294806,2.9313538704339916,3.2886259840299705,3.2923838906172667,2.9569867255273263,3.198446029427988,3.2069193516923993,3.3304269304433594,3.361212515800642,3.527973878673724,2.8896888231600077,2.7558498572932497,3.1495602666331135,2.365490376284257,3.105181006176903,3.3240608732382744,2.971781630045275,2.9706490707209423,2.995973749933477,3.5714381974951377,2.858420170508538,3.0049680725510837,2.782653132161688,0.006585889967997766,0.008486397824948729,0.009327001216173716,0.0013992554568847987,0.005822226024293683,0.00370042232235606,0.016116365470108415,0.011207957638502361,0.013918705780511345,0.011170204695276744,0.015557583601845573,0.003394819590861931,0.006201607462718126,0.009825722883904426,0.0007278018538376128,0.011516561589787061,0.0,0.012947049392153884,0.0077358480319406455,0.008214420275983294,0.003021833371541688,0.005402982151967019,0.007381177623915906,0.012188732039252885,0.014071545344318294,0.008532815147923747,0.002984934768609023,0.012307244510802192,0.007303911366686168,0.0030683683649489393
156,3.0535985406804427,0.27761492295157464,0.008535346585645651,2.431027313312509,2.8794238977146525,3.0148653065016906,2.7120286770371966,3.355785136902256,3.108957404503624,3.13204218265857,3.2670170924294806,2.9313538704339916,3.2886259840299705,3.2923838906172667,2.9569867255273263,3.198446029427988,3.2069193516923993,3.330091133029367,3.361212515800642,3.527973878673724,2.8896888231600077,2.7558498572932497,3.1126777481657553,2.365490376284257,3.105181006176903,3.2758552410381623,2.971781630045275,2.9706490707209423,2.995973749933477,3.56370517331488,2.818341949274942,3.0049680725510837,2.782653132161688,0.01069723096369857,0.009270871384975767,0.011322793272410174,0.00884217041448457,0.011994260326639769,0.0009094163468654303,0.014807679137107153,0.010118204809530396,0.005894877140063247,0.01222720715455894,0.01471157372780735,0.01045072656073278,0.008030346428718941,0.004222554113582007,0.0,0.013157980412175292,0.0050816489672437445,0.008758188440832676,0.008357701341998622,0.007374562121393437,0.004251822159022329,0.00483641662405134,0.009439785999109416,0.013672256738182818,0.012156140176672464,0.008700774201275047,0.008306107571471466,0.005829520917067289,0.0022075461579255697,0.010430033959772968
157,3.033756772221337,0.27820810070635804,0.009335088063184619,2.431027313312509,2.8794238977146525,3.0148653065016906,2.7120286770371966,3.2066521352802835,3.108957404503624,3.0922847162827343,3.2628147652352557,2.8414905610775247,3.203011646583978,3.2923838906172667,2.9569867255273263,3.1436744344051246,3.1983106418178733,3.330091133029367,3.361212515800642,3.478016527088546,2.8896888231600077,2.7558498572932497,3.1070593880182114,2.2577637811356834,3.105181006176903,3.2758552410381623,2.971781630045275,2.9706490707209423,2.995973749933477,3.56370517331488,2.818341949274942,3.0049680725510837,2.782653132161688,0.0038308215879384573,0.01135394056758146,0.010716418895190784,0.00730782190101738,0.013571943320693594,0.0045051782722168076,0.009873037628321521,0.015182223685537137,0.008059747492815954,0.010693367819663324,0.0159936216369812,0.011686705763322832,0.005203843883068377,0.01654584406576927,0.010944821897604571,0.008396575891788603,0.009535714894320736,0.010309530952497975,0.007193811082059079,0.006573321637530978,0.0037377488197997207,0.0036506546327753834,0.00860087818574222,0.013106090681099343,0.009874480175326725,0.01007065593156312,0.0041245967689314,0.0043017474243738415,0.01490777160591298,0.010199724794093793
158,3.0261492678169972,0.28359914567502703,0.008412068668896827,2.431027313312509,2.861878541595186,3.0148653065016906,2.7120286770371966,3.2066521352802835,3.108957404503624,3.0922847162827343,3.2628147652352557,2.8414905610775247,3.203011646583978,3.2899980002735707,2.9569867255273263,3.13954656992614,3.1983106418178733,3.330091133029367,3.361212515800642,3.478016527088546,2.8676972931047406,2.7558498572932497,3.1070593880182114,2.2577637811356834,3.105181006176903,3.2758552410381623,2.971781630045275,2.9706490707209423,2.995973749933477,3.56370517331488,2.818341949274942,2.942905703512349,2.662541010067621,0.007685551761739111,0.012641993260689962,0.0010920340941451467,0.005942410885621504,0.013317438539450848,0.004957142432478863,0.009039689550262341,0.00970213484098661,0.004915126638452771,0.010964516375956938,0.01760173164505056,0.007273901074288185,0.0068554349476736675,0.015484836901847078,0.005336053805918587,0.011838544929806571,0.007886692279086416,0.011717615625724119,0.014977754108250505,0.003730100842070705,0.0,0.007237427974471898,0.010457443492344561,0.016098637695283836,0.013532426447303278,0.0037820267126942395,0.007257706783180568,0.0014413448036793063,0.0095943416184466,0.0
159,3.025177515812388,0.28479836616393106,0.008282871976520062,2.415419143701279,2.861878541595186,3.0148653065016906,2.7120286770371966,3.2066521352802835,3.108957404503624,3.0922847162827343,3.2628147652352557,2.8414905610775247,3.203011646583978,3.2899980002735707,2.9569867255273263,3.13954656992614,3.1983106418178733,3.330091133029367,3.361212515800642,3.478016527088546,2.8676972931047406,2.7558498572932497,3.1070593880182114,2.2577637811356834,3.105181006176903,3.2758552410381623,2.9582372395182337,2.9706490707209423,2.995973749933477,3.56370517331488,2.818341949274942,2.942905703512349,2.662541010067621,0.0,0.01116131022498383,0.010148204779097347,0.004431747052915286,0.00836340912752545,0.005595452834774348,0.007792887801128461,0.004415950172394737,0.004929707712526798,0.015992305275405152,0.012775867560261419,0.008983725290388104,0.007247479663924428,0.006836503107521795,0.004694683407418676,0.011368494666797992,0.014596660745759294,0.010895662469223258,0.01016709366232218,0.008164844376421246,0.003052936029338966,0.011927237058738955,0.008602198204665413,0.01749627774080127,0.006602686443949555,0.006541951518896793,0.010658752056331794,0.0026237178884725497,0.007528540419834585,0.004889872003782195
160,3.0147273399474184,0.2759167680934012,0.008736008648872294,2.415419143701279,2.861878541595186,3.0148653065016906,2.7120286770371966,3.2066521352802835,3.108957404503624,3.0922847162827343,3.2628147652352557,2.8414905610775247,3.203011646583978,3.2540176593395462,2.9569867255273263,3.13954656992614,3.1069644850696574,3.330091133029367,3.361212515800642,3.478016527088546,2.8676972931047406,2.7558498572932497,3.1070593880182114,2.2577637811356834,3.051660330867986,3.2758552410381623,2.9582372395182337,2.9706490707209423,2.968002366538347,3.459018453752073,2.818341949274942,2.942905703512349,2.662541010067621,0.012372921853494773,0.01042394174555183,0.011236965892464187,0.004610242836898315,0.011966591730776539,0.009348956189099152,0.006001423127581312,0.011888172540283133,0.009890568225823694,0.010500461114809493,0.014340809483063613,0.008923734846920191,0.0033117728645530864,0.0028236042798062072,0.010483886988800501,0.010986040261208226,0.012432396761912273,0.014437760010461372,0.009490826650705575,3.8049679089363804e-05,0.005374844543858756,0.00914138571290367,0.0017079049649530002,0.014654561314013534,0.009268954879116994,0.011124161794469067,0.004179280997783258,0.00852706128999582,0.00629541733396086,0.006297559551810981
161,2.9994897803423575,0.2810720653249548,0.009516528155895276,2.415419143701279,2.780613262546716,3.0148653065016906,2.7120286770371966,3.2066521352802835,3.108957404503624,3.0922847162827343,3.2628147652352557,2.8070099732300915,3.203011646583978,3.2540176593395462,2.9569867255273263,3.13954656992614,3.1069644850696574,3.330091133029367,3.2751418102586034,3.478016527088546,2.8676972931047406,2.7558498572932497,3.098483312821998,2.1964752645355294,3.051660330867986,3.2248972584781197,2.9582372395182337,2.941979148937975,2.968002366538347,3.459018453752073,2.818341949274942,2.8370879839378422,2.662541010067621,0.014330138763136305,0.01052370375838072,0.007299068673772438,0.010606647156949419,0.011900485699741158,0.006497501420192585,0.009865285804719126,0.01291748206512373,0.007455450409406637,0.0020470566340035547,0.018621834258254907,0.014010266700158218,0.005855244635432598,0.010944716347032871,0.007651859541689199,0.017109639636310327,0.012340484164164212,0.007256539001432094,0.008408389175850099,0.005840571642144371,0.006609657979566032,0.010894137052224605,0.0010406413334828847,0.01204546796833004,0.008557624870322517,0.008097293740646013,0.009491024926944909,0.005705530865712159,0.010981180457763483,0.010590919993971068
162,2.98519742910987,0.2735845183150705,0.009500627927502395,2.415419143701279,2.780613262546716,3.0148653065016906,2.7120286770371966,3.2066521352802835,3.0169096795232417,3.0922847162827343,3.2628147652352557,2.72190531892208,3.169865662685336,3.2540176593395462,2.9569867255273263,3.13954656992614,3.1069644850696574,3.330091133029367,3.2751418102586034,3.4182719380700566,2.8676972931047406,2.7558498572932497,3.098483312821998,2.1964752645355294,3.051660330867986,3.2248972584781197,2.9582372395182337,2.941979148937975,2.968002366538347,3.3301730047330023,2.818341949274942,2.8370879839378422,2.6326588743176313,0.006768900200661925,0.009967464321497114,0.0081314561177163,0.006251951206796151,0.00773499541826047,0.012887730563997031,0.007337874730147282,0.013114796791053311,0.0016055999662503656,0.007153841989442515,0.017662264434190205,0.009899333744290122,0.01350446104022723,0.010622984870647546,0.010962493213626218,0.01229852132388063,0.006963539715053968,0.01386517977526927,0.00652328850641549,0.010362693247976217,0.006858872054551161,0.01515104322272912,7.07576343277066e-05,0.013162152651000287,0.012679683865302088,0.01056016580939714,0.004562808624201917,0.008340269662026575,0.012066449139732543,0.007947263984403931
163,2.976237344570003,0.2672215248915573,0.009325615461961933,2.415419143701279,2.780613262546716,3.0148653065016906,2.7120286770371966,3.2066521352802835,3.0169096795232417,3.0922847162827343,3.2485807554754733,2.72190531892208,3.169865662685336,3.098722654858556,2.936391321872201,3.13954656992614,3.1069644850696574,3.330091133029367,3.2047771543173273,3.4182719380700566,2.8676972931047406,2.7558498572932497,3.098483312821998,2.1964752645355294,3.051660330867986,3.2248972584781197,2.9499237771593916,2.941979148937975,2.968002366538347,3.3301730047330023,2.818341949274942,2.8370879839378422,2.6326588743176313,0.014285570730787626,0.008978536047504223,0.006752620577531867,0.010612509927152413,0.006244122739144683,0.00776464116927404,0.010407581308052952,0.01546210633483788,0.0,0.006940616220967414,0.012067861391836578,0.01145314851169034,0.00472899832539605,0.01031120696828894,0.012544342781944339,0.01647703681156471,0.007128369998963391,0.014879985659299244,0.008436962911964285,0.0030876200946575224,0.009218886831957014,0.008326863086121166,0.007119247579417102,0.011172082961423956,0.015470984269308869,0.00837462498188984,0.006303408567062934,0.0034496856822270475,0.01618618184913848,0.005582659539453138
164,2.971485890133747,0.27176952661970993,0.009130823649291573,2.415419143701279,2.780613262546716,3.0148653065016906,2.5955339188410744,3.2066521352802835,3.0169096795232417,3.0922847162827343,3.2485807554754733,2.72190531892208,3.169865662685336,3.098722654858556,2.936391321872201,3.13954656992614,3.1069644850696574,3.330091133029367,3.2047771543173273,3.4182719380700566,2.8676972931047406,2.7558498572932497,3.098483312821998,2.1964752645355294,3.041520476343099,3.2248972584781197,2.9499237771593916,2.941979148937975,2.9520933461716656,3.3301730047330023,2.818341949274942,2.8370879839378422,2.6326588743176313,0.01166876939362474,0.006908671729207346,0.006959235858825253,0.012717171270339929,0.006414556141429282,0.004045512672313785,0.0043822081673631635,0.016994920083163934,0.0021341553923139986,0.008415130131831344,0.011475412400335434,0.013184545977404103,0.006244888623948307,0.006029870304665692,0.011519484732157604,0.017805600475768433,0.013060427930522927,0.017953088114712704,0.010875368727563462,0.004285791612641079,0.0035624208464149205,0.012759773582752976,0.0065134329261541946,0.009132676751851544,0.0075646440259509555,0.009495014934195706,0.006766352653371196,0.004203276936727728,0.012006369146723296,0.008845937934472161
165,2.962973997855625,0.2729198443605923,0.009206127497975483,2.3187094841355678,2.780613262546716,3.0148653065016906,2.5955339188410744,3.2066521352802835,3.015652319215587,3.051842300121486,3.2485807554754733,2.72190531892208,3.169865662685336,3.098722654858556,2.936391321872201,3.13954656992614,3.1069644850696574,3.330091133029367,3.2047771543173273,3.307225473749956,2.8676972931047406,2.7558498572932497,3.098483312821998,2.1964752645355294,3.035619608354154,3.2248972584781197,2.9499237771593916,2.941979148937975,2.9520933461716656,3.3301730047330023,2.818341949274942,2.8370879839378422,2.6326588743176313,0.008000848105572594,0.013288528273162058,0.0031681984115069753,0.010528289719406808,0.006884930280537118,0.008848141055431014,0.00590203000402433,0.015022549997007986,0.008691676098947339,0.010199906872316526,0.016660256774687993,0.011069007072212818,0.013400595427696373,0.007370284221841115,0.014198239597093312,0.017104658326183284,0.0,0.006909860335878907,0.008043926882960083,0.001515631451774835,0.0030938708421596635,0.007416544153321997,0.011971879878247346,0.010237084062657172,0.02082997007145876,0.010967237575717817,0.0,0.002552540990792348,0.008116712312020347,0.014190426144647732
166,2.9474442566973833,0.28866474068556197,0.008235321535374391,2.2817183186594368,2.7505770149270785,2.8717369867851024,2.5955339188410744,3.2066521352802835,3.015652319215587,3.051842300121486,3.2485807554754733,2.72190531892208,3.169865662685336,3.092138652048274,2.936391321872201,3.13954656992614,3.105510721686788,3.330091133029367,3.2047771543173273,3.307225473749956,2.8676972931047406,2.7558498572932497,3.098483312821998,2.0982098923076014,3.0096225872383404,3.2248972584781197,2.9499237771593916,2.941979148937975,2.9520933461716656,3.3301730047330023,2.6949056068769477,2.8370879839378422,2.6326588743176313,0.0074119413794875195,0.010955593137749887,0.0032746756405466547,0.0,0.004395132839896132,0.006851602854669085,0.008972954948659795,0.009970416720115154,0.01201754248854952,0.004110626764200073,0.023488962774796587,0.010081765331171522,0.012564888218901895,0.006952520846105462,0.008951023281424586,0.01746493453027157,0.006454048376283048,0.0026240485299790306,0.010871064528368056,0.0012235000919629461,0.0008870975446988551,0.007562933783060351,0.0068994855430946226,0.009498598746632112,0.012396658000733965,0.012732464207864697,0.0,0.0070423450434874075,0.01136809161754877,0.010034728290972383
167,2.936328950611345,0.28816509618835434,0.009620832684294747,2.2817183186594368,2.6528471087365593,2.8717369867851024,2.5955339188410744,3.190846719737895,2.99444708995587,3.051842300121486,3.2485807554754733,2.72190531892208,3.169865662685336,3.0728178488096174,2.936391321872201,3.13954656992614,3.105510721686788,3.330091133029367,3.1160020294470425,3.307225473749956,2.8676972931047406,2.7558498572932497,3.098483312821998,2.0982098923076014,3.0096225872383404,3.1938608074387393,2.9499237771593916,2.941979148937975,2.9520933461716656,3.3301730047330023,2.6949056068769477,2.7775017314976265,2.6326588743176313,0.014510163226270873,0.010736286316723697,0.005182697923494963,0.006440503133866282,0.0034296297350554254,0.004359100215580888,0.007190981958305234,0.012146405852776971,0.008260321519440844,0.006497038138267988,0.01141432573371303,0.00823773589678135,0.01293288163923666,0.010962683993058926,0.012255423325437454,0.016828269517937776,0.00447032014861157,0.009640285511346693,0.016543461449757418,0.0,0.01036659290018649,0.010552056877189317,0.009402878312760246,0.013226491851021649,0.01706753404194739,0.00835851707151727,0.008480983660006335,0.0169037501893166,0.004153614727302659,0.008074045661930403
168,2.9315711958383344,0.2873316342802879,0.010450031940826299,2.2817183186594368,2.6528471087365593,2.807561215017263,2.5955339188410744,3.1882147092242374,2.99444708995587,3.051842300121486,3.231081871808865,2.72190531892208,3.169865662685336,3.0728178488096174,2.936391321872201,3.13954656992614,3.057287583086119,3.330091133029367,3.1160020294470425,3.307225473749956,2.8676972931047406,2.7558498572932497,3.098483312821998,2.0982098923076014,3.0096225872383404,3.1938608074387393,2.9397209385178695,2.941979148937975,2.9520933461716656,3.3301730047330023,2.6949056068769477,2.7775017314976265,2.6326588743176313,0.003658544883026429,0.013616116097433698,0.014023472107894024,0.013791286845701424,0.004334063134277157,0.009193207951784643,0.007055502465216795,0.015110162071901048,0.011815786644622423,0.008261595028467702,0.0158885918494865,0.011572702168403417,0.011841377816032436,0.005294803037178419,0.011120705470634762,0.015054886761120314,0.008446744860013844,0.009960557797106619,0.007987318604926977,0.005057950796701949,0.012145052596626479,0.00870639477243386,0.008486231422609701,0.014955654064079227,0.018964120310577336,0.010742912352556725,0.0062658473979980474,0.009574341767500005,0.010309536229033415,0.010265490919443543
169,2.9156563239300253,0.2868078410184037,0.00859703586105713,2.2817183186594368,2.562581459568506,2.807561215017263,2.5955339188410744,3.1255757389310586,2.9820831994359556,3.051842300121486,3.231081871808865,2.72190531892208,3.0174369015040736,3.062283610516204,2.8364436990514013,3.13954656992614,3.057287583086119,3.330091133029367,3.1160020294470425,3.307225473749956,2.8676972931047406,2.7558498572932497,3.098483312821998,2.0982098923076014,3.0096225872383404,3.1938608074387393,2.9108806325141647,2.941979148937975,2.9520933461716656,3.3301730047330023,2.6949056068769477,2.7775017314976265,2.6122321553486825,0.004939381553029261,0.012856284261090936,0.011323752197176821,0.0068689950061911545,0.006598777242416869,0.005917209908497366,0.0036348580654132897,0.010891571105115105,0.005236743747453375,0.009891757860446116,0.008308924280995396,0.010175904037718033,0.010842898023909368,0.0021954526998021777,0.0068990226219279895,0.019083309009478387,0.011280546623166226,0.013180264089238638,0.008673990531443005,0.0056909785716835505,0.006831058492435367,0.004011530325299178,0.011195907655612743,0.013319623842447205,0.010670598041538495,0.01190964604432118,0.0028155207234338096,0.0032085178737054163,0.006584111795300748,0.012873939601426757
170,2.905702285573155,0.28607577169727194,0.007752112594411641,2.2817183186594368,2.4884454644155167,2.807561215017263,2.5955339188410744,3.1255757389310586,2.9820831994359556,3.051842300121486,3.231081871808865,2.657928376676541,3.0174369015040736,3.062283610516204,2.8364436990514013,3.13954656992614,3.057287583086119,3.330091133029367,3.1160020294470425,3.307225473749956,2.863726540761974,2.7558498572932497,3.060702393688985,2.0982098923076014,3.0096225872383404,3.1938608074387393,2.9108806325141647,2.941979148937975,2.9520933461716656,3.211416462901202,2.6949056068769477,2.7775017314976265,2.6122321553486825,0.007168631702155166,0.011459701990272065,0.007255676584479214,0.008736287913637689,0.006768596428826362,0.005211044030907672,0.005786563433251433,0.002092245765132407,0.00701663034279752,0.004201505891765779,0.010459124631985837,0.0017880581272937425,0.014201435150772376,0.006461282802127271,0.011528053580345261,0.01755942767373563,0.006314351375783994,0.00986901818023642,0.004443722768126076,0.0065427468519157345,0.009918917654315164,0.007263826191881922,0.008330114010325358,0.01088867351775148,0.008063931567694168,0.006177706830767885,0.0031153966760590957,0.00624697967204192,0.004428916050896414,0.013264810435068214
171,2.8952034786043086,0.28889283962682016,0.00873358152288497,2.2817183186594368,2.4884454644155167,2.807561215017263,2.5955339188410744,3.1255757389310586,2.9820831994359556,3.051842300121486,3.231081871808865,2.657928376676541,3.0174369015040736,3.062283610516204,2.8364436990514013,3.109976275102096,3.057287583086119,3.330091133029367,3.1160020294470425,3.307225473749956,2.7983585043192076,2.7558498572932497,3.0072960941162425,2.058534255004688,2.9434484454376926,3.1938608074387393,2.9108806325141647,2.941979148937975,2.945498526341709,3.2075595345223644,2.6949056068769477,2.72718368058413,2.6122321553486825,0.005032276034701401,0.0062022675017609046,0.015942453822271503,0.012095743110339034,0.0028992719369695325,0.0022473222143722283,0.003029296234872795,0.012559432710946818,0.004099960765528972,0.010691286466003194,0.009103462479882349,0.002567865782584062,0.012617633240486153,0.0004640243327053921,0.008771858504953265,0.017658261833745977,0.006359147057485509,0.011583174537607727,0.004716297376273106,0.012659685144344688,0.010445261510629031,0.008123628560519465,0.010259431139599677,0.019391179094477295,0.0080932469318242,0.0064032269537176705,0.008478929457542007,0.006725601289919511,0.012554191261760913,0.010232028398724767
172,2.8875041077185823,0.28707581980306496,0.009504743920390555,2.2817183186594368,2.4884454644155167,2.807561215017263,2.5955339188410744,3.1255757389310586,2.9820831994359556,3.051842300121486,3.231081871808865,2.657928376676541,3.0123547072553483,3.062283610516204,2.8364436990514013,3.042740523002806,2.9487611430746488,3.330091133029367,3.1160020294470425,3.307225473749956,2.7983585043192076,2.7558498572932497,3.0072960941162425,2.058534255004688,2.9434484454376926,3.1938608074387393,2.9108806325141647,2.941979148937975,2.945498526341709,3.2075595345223644,2.6949056068769477,2.6770469403718278,2.6122321553486825,0.009174978947385838,0.009529976413467008,0.009496520067477367,0.012413138231651384,0.013581998027916403,0.01018941029757676,0.009633809818553702,0.013773693995859839,0.0065078012982336154,0.008485009506996391,0.006404077446915911,0.0027914099127364245,0.014069059943909078,0.0033912670440380726,0.010532085530528357,0.019176625606389268,0.009936583052272026,0.015450692302870864,0.0038608288272731213,0.004435975631007766,0.007995736274506402,0.013827862195774797,0.006822030615976238,0.010331755208410327,0.006137707294723888,0.009368462255282126,0.006362140777260869,0.006748035214315617,0.011103943154435653,0.01360970271797157
173,2.878326751148265,0.28501517201823956,0.008109300030269134,2.2817183186594368,2.4884454644155167,2.807561215017263,2.5955339188410744,3.1255757389310586,2.9820831994359556,3.051842300121486,3.231081871808865,2.657928376676541,2.8760938670419915,3.062283610516204,2.8364436990514013,3.042740523002806,2.9487611430746488,3.326422703754464,3.1160020294470425,3.307225473749956,2.7983585043192076,2.7558498572932497,2.9416808540251727,2.058534255004688,2.9434484454376926,3.1938608074387393,2.9108806325141647,2.872202961407791,2.945498526341709,3.2075595345223644,2.6949056068769477,2.6770469403718278,2.6122321553486825,0.004458091562980849,0.009124659914002896,0.012116633492680919,0.007601979735557696,0.011315574054776728,0.0071059250016337235,0.014742161815616935,0.014056174765308082,0.008244004959825618,0.007512006088980718,0.003358716778665728,0.007384288593292654,0.015598519931005389,0.0014627570095927765,0.010824929053135928,0.01868336734432558,0.004446087216329561,0.010226147248181161,0.002654958594541708,0.0,0.00477508690305969,0.008439245445732785,0.009352716363459548,0.010219406184568567,0.006029949647693768,0.0018566683678337365,0.007193101113583201,0.005325412798807064,0.008392903855387697,0.010777527067513316
174,2.871686171281468,0.27825098230257367,0.008902258186883089,2.2817183186594368,2.4884454644155167,2.807561215017263,2.5955339188410744,3.1255757389310586,2.9820831994359556,3.051842300121486,3.1684066041180405,2.657928376676541,2.8760938670419915,3.036599294777869,2.8364436990514013,3.042740523002806,2.9487611430746488,3.326422703754464,3.1160020294470425,3.273439846655599,2.7983585043192076,2.7558498572932497,2.9416808540251727,2.058534255004688,2.926045558023198,3.134191509372848,2.9108806325141647,2.872202961407791,2.945498526341709,3.2075595345223644,2.6949056068769477,2.6770469403718278,2.6122321553486825,0.00690311166267793,0.005979379190166287,0.019239994069751066,0.002528828541288591,0.012992732289592253,0.006436245764337193,0.014815061652290937,0.010276938991981859,0.013933697104990978,0.013068273723945433,0.0,0.0026932649745745707,0.0072814707452353526,0.005251047784203981,0.006580904169059754,0.013665504736629476,0.016682541715834904,0.00952967671561542,0.006476857855827106,0.007407798765632841,0.000821661636397932,0.009878778579048758,0.01306270223305529,0.013464489734786025,0.006109261881724547,0.007608692321155978,0.01315629076884671,0.004642294965322344,0.005627164338643353,0.010953078693875733
175,2.8569649071238215,0.27941595239861133,0.007835649139745784,2.2817183186594368,2.4884454644155167,2.807561215017263,2.5746212972505274,3.1255757389310586,2.9372898351639987,3.051842300121486,3.1061727930343186,2.657928376676541,2.8760938670419915,3.036599294777869,2.8364436990514013,3.042740523002806,2.9487611430746488,3.1927506361695497,3.1160020294470425,3.273439846655599,2.7983585043192076,2.7558498572932497,2.9294937338356495,1.972527950850552,2.926045558023198,3.134191509372848,2.8712397057688404,2.8650862766511307,2.945498526341709,3.2075595345223644,2.6671099237305467,2.6770469403718278,2.6049528141424507,0.006126462733515948,0.00632961574642677,0.012256298271913693,0.00470065521627693,0.011356441945250326,0.0009561619525952902,0.0028036302022678298,0.007773930906585609,0.007257018387507434,0.009766681960824983,0.009677125275868354,0.005007706685559487,0.004219934940633099,0.00937314469247879,0.008744740131886393,0.017461409851768358,0.01266588101058275,0.01691113863923139,0.011127631824828644,0.005629668309950879,0.0017929300353847187,0.0073891386093147896,0.011363139626776222,0.01140836216115729,0.008194758977489138,0.0009080623096223995,0.009808550722132605,0.0070634868271952705,0.0038964174677028006,0.0030993487696453544
176,2.8525048932696446,0.27653332915584744,0.008410189597504612,2.2817183186594368,2.4884454644155167,2.807561215017263,2.5746212972505274,3.1036296406583337,2.9372898351639987,3.0348155849187006,3.1061727930343186,2.657928376676541,2.8760938670419915,3.036599294777869,2.8364436990514013,3.042740523002806,2.9487611430746488,3.1927506361695497,3.1160020294470425,3.2220289302703624,2.7983585043192076,2.7558498572932497,2.92605792533254,1.972527950850552,2.916850622348314,3.134191509372848,2.8712397057688404,2.8650862766511307,2.945498526341709,3.2075595345223644,2.6671099237305467,2.64626099878527,2.6049528141424507,0.002292210379126969,0.01097270055901271,0.01488248005807703,0.00893843351907618,0.013483832976135523,0.0073220580319047395,0.006821670381509888,0.006267357308103207,0.014679362682344098,0.01231371225295468,0.008794977338762127,0.006075304874967133,0.009699336014363338,0.0072031654148729165,0.005229377155613475,0.006666664248727651,0.017770406717104305,0.018535007495979677,0.012830487706181138,0.003380655140716607,0.007690618634051408,0.005552680329533353,0.008654348610202511,0.0107923143458206,0.009550215407011595,0.0,0.009451038011535165,0.001136777206398089,0.005318495125052273,0.0
177,2.8310742507061515,0.2814859368999834,0.00891091144414188,2.2712819133429183,2.4884454644155167,2.807561215017263,2.3280893776794653,3.1036296406583337,2.9372898351639987,2.942040929654621,3.1061727930343186,2.657928376676541,2.8760938670419915,3.036599294777869,2.8364436990514013,3.0384105223653077,2.9383335949603446,3.1927506361695497,3.1160020294470425,3.1553451992675545,2.7983585043192076,2.7558498572932497,2.92605792533254,1.972527950850552,2.916850622348314,3.134191509372848,2.8712397057688404,2.8650862766511307,2.945498526341709,3.0764223974347726,2.5865120438196034,2.64626099878527,2.6049528141424507,0.0050819254120255675,0.007770309701246313,0.009870369863046204,0.01413904280467715,0.006697649416685223,0.0012677187042457693,0.0027493436536622025,0.006216088857865267,0.00845024496876606,0.006771295165022333,0.012883006196320877,0.012817788148640983,0.01096786947429357,0.012026787279034803,0.004158264827960986,0.015713510109799954,0.007541162152968281,0.01990139168196398,0.010243753129786915,0.006900426841436658,0.0,0.007340657703188491,0.011554367095552296,0.014754601689704702,0.01720740148974307,0.005278724638486951,0.006057227306356768,0.004059710958386616,0.011415990814868222,0.007490713238520192
178,2.8295906312193764,0.2819342058354081,0.00963737202079429,2.2712819133429183,2.464724005710256,2.807561215017263,2.3280893776794653,3.086840895353142,2.9372898351639987,2.942040929654621,3.1061727930343186,2.657928376676541,2.8760938670419915,3.036599294777869,2.8364436990514013,3.0384105223653077,2.9383335949603446,3.1927506361695497,3.1160020294470425,3.1553451992675545,2.7983585043192076,2.7558498572932497,2.92605792533254,1.972527950850552,2.916850622348314,3.134191509372848,2.8672413251760394,2.8650862766511307,2.945498526341709,3.0764223974347726,2.5865120438196034,2.64626099878527,2.6049528141424507,0.009315789472742564,0.005661828112503923,0.009156483022499254,0.008473918042462412,0.011473099622665187,0.00540068088198703,0.01115235254944794,0.008644052397163217,0.010859324650721128,0.006050767125989216,0.015628934814569492,0.00710371902389318,0.0028440522607201054,0.00511266701548994,0.007899462758263982,0.016970932463889404,0.010979659632777621,0.01895215604201984,0.013457095288889543,0.013873713466714182,0.010692772383187854,0.009451076157571408,0.007613238927655732,0.01429760921316581,0.013515200060864228,0.0022241274497154287,0.01213463689504513,0.005809246403435771,0.0123831146404652,0.001989449847312977
179,2.8217742637188468,0.28207186717727145,0.009209142112078485,2.2175826810053576,2.464724005710256,2.807561215017263,2.3280893776794653,3.003527096760035,2.9372898351639987,2.942040929654621,3.1061727930343186,2.657928376676541,2.8760938670419915,3.036599294777869,2.805295945838925,2.9720802814925738,2.9383335949603446,3.1927506361695497,3.1160020294470425,3.1553451992675545,2.7983585043192076,2.7558498572932497,2.92605792533254,1.972527950850552,2.916850622348314,3.134191509372848,2.8672413251760394,2.8650862766511307,2.945498526341709,3.0764223974347726,2.5865120438196034,2.64626099878527,2.6049528141424507,0.004340316334518553,0.008397388336162145,0.01350432350873226,0.0008523157499006726,0.008760986516578603,0.01315007118045064,0.005807229263090316,0.013586694457618075,0.010738639318940039,0.012233946646027116,0.005306952357098664,0.00819374268847979,0.010834413540373367,0.005902468889981069,0.005505184956657706,0.014189752591066432,0.010641660659119105,0.014504934360846088,0.016575893641629206,0.004367369273964057,0.013287271710077672,0.004229499723234237,0.005745126910479789,0.015450890371051946,0.007647973292676904,0.0025717951704114423,0.010113009530858919,0.008822385142705568,0.0116847927341194,0.009327234505504772
180,2.8142175930078372,0.2809611529308238,0.008613502647590988,2.2175826810053576,2.464724005710256,2.807561215017263,2.3280893776794653,3.003527096760035,2.9372898351639987,2.942040929654621,3.1061727930343186,2.657928376676541,2.8760938670419915,2.9887715055948445,2.805295945838925,2.9720802814925738,2.9383335949603446,3.186418211285457,3.0834463653525437,3.1553451992675545,2.7829139891611807,2.7558498572932497,2.920416939575994,1.972527950850552,2.916850622348314,3.134191509372848,2.86061713992633,2.8650862766511307,2.9104238100442363,3.0697087857421477,2.5865120438196034,2.64626099878527,2.5344665851281616,0.0064826778965021235,0.0018452190052663084,0.011758052389553634,0.00774884376982312,0.009976168170505529,0.007914787159138802,0.0016844227528578187,0.017402658516748146,0.018334441544644173,0.010262682225464718,0.01194660157393076,0.008709959191853432,0.015871320746481062,0.0062503749941287285,0.007395855796094314,0.011314168393244254,0.014307227937528946,0.0034777974020039236,0.014939208262407012,0.007094570524437313,0.008764621060752346,0.006116327350012612,0.0034150102797775046,0.011200120724799856,0.0038940874110019777,0.0,0.01060692881988277,0.008129091386853884,0.009219239265962478,0.0023426148760720754
181,2.805511421649106,0.2799827506217278,0.00956507581831392,2.2175826810053576,2.464724005710256,2.807561215017263,2.3280893776794653,2.8636419298055924,2.9372898351639987,2.938039551467018,3.1061727930343186,2.5764322692747617,2.8760938670419915,2.9887715055948445,2.805295945838925,2.9720802814925738,2.9383335949603446,3.182220448999147,3.0739266153149996,3.1553451992675545,2.7829139891611807,2.7558498572932497,2.920416939575994,1.972527950850552,2.916850622348314,3.134191509372848,2.86061713992633,2.8650862766511307,2.8883388341499594,3.0697087857421477,2.5865120438196034,2.64626099878527,2.5344665851281616,0.007201033813641328,0.004887101080721418,0.016351373465379997,0.005098945215057874,0.014735669253137169,0.0,0.007925141850497367,0.01603603162406532,0.01584772653117533,0.01134110745098186,0.012260505679036256,0.009109742721980112,0.015243354717101558,0.009327217184721143,0.005191332212488332,0.009748420330197391,0.018649016201932538,0.011704035215353634,0.007798776830631782,0.004002365933117702,0.019732426348362156,0.01047772202520753,0.013226011093241948,0.01376976188999251,0.001971181009549553,0.004439987942334775,0.009222268523621846,0.008979708020993188,0.0023479792291967345,0.0003263311556991834
182,2.790816247079715,0.2790654124108098,0.009966037151662126,2.2175826810053576,2.464724005710256,2.807561215017263,2.3280893776794653,2.8636419298055924,2.911530696302553,2.8196274047055714,3.1061727930343186,2.5764322692747617,2.8760938670419915,2.9887715055948445,2.805295945838925,2.9720802814925738,2.8862923840186565,3.182220448999147,3.0739266153149996,3.055162734096062,2.7829139891611807,2.7558498572932497,2.920416939575994,1.972527950850552,2.916850622348314,3.134191509372848,2.86061713992633,2.8650862766511307,2.8883388341499594,3.0697087857421477,2.542505754914274,2.64626099878527,2.4340125986878367,0.007271113321041108,0.0025840369967509375,0.01226186275265994,0.0,0.012166707633929089,0.0022209795776960244,0.005215131019355044,0.021154799785963307,0.0169222981938715,0.011601388500647864,0.01141784106134056,0.013184482705776598,0.010916054688918483,0.005373564585534871,0.0046499466694002855,0.010830941170218255,0.013860107372781552,0.016987794498173232,0.01150458276246793,0.004789427413055515,0.017476733814526777,0.007127176124191945,0.01721552347138514,0.012321732852192374,0.009240794993638519,0.008405436316969765,0.012603894994875447,0.010837160818733413,0.006551648940364072,0.002287951513404136
183,2.785213154407177,0.27707057018672393,0.010083460381661061,2.2175826810053576,2.464724005710256,2.7866638775286785,2.3280893776794653,2.8636419298055924,2.911530696302553,2.8196274047055714,3.1061727930343186,2.5764322692747617,2.8760938670419915,2.9887715055948445,2.805295945838925,2.9094982160976284,2.8862923840186565,3.182220448999147,3.0739266153149996,3.055162734096062,2.7829139891611807,2.7558498572932497,2.9020486125771545,1.972527950850552,2.916850622348314,3.134191509372848,2.8553594062859635,2.8650862766511307,2.827351517496567,3.0697087857421477,2.542505754914274,2.64626099878527,2.4340125986878367,0.006502420516589765,0.0073810346591877945,0.019426031950186193,0.008286624406346883,0.010096020663292663,0.003690481043464619,0.004031323553314688,0.012566508034318677,0.01980167302665488,0.011006864574873994,0.009523349812237465,0.008878578705435018,0.013858021814615257,0.010251126996820787,0.005286728949867741,0.014821076014030113,0.010154554601850645,0.011590101309169043,0.011721279445873237,0.0008056051207888008,0.011500684874224716,0.010826836117433994,0.016725442335079877,0.008991896373246036,0.010748289432052471,0.005649502077873032,0.014035889934571636,0.011844157052194418,0.007263727951217991,0.005237980103019439
184,2.7728031085831417,0.28128062853806124,0.010285132693847348,2.1558783531956682,2.464724005710256,2.7866638775286785,2.3280893776794653,2.8636419298055924,2.911530696302553,2.8196274047055714,3.1061727930343186,2.5764322692747617,2.8760938670419915,2.9887715055948445,2.805295945838925,2.9094982160976284,2.7192322993514435,3.182220448999147,3.0739266153149996,3.055162734096062,2.7829139891611807,2.7446829485406465,2.9020486125771545,1.972527950850552,2.916850622348314,3.134191509372848,2.8553594062859635,2.8650862766511307,2.6949814640050005,3.0697087857421477,2.542505754914274,2.64626099878527,2.4340125986878367,0.009031177946930749,0.007384981827709624,0.01582800450692459,0.011405890701877952,0.007627459657174476,4.941167505853478e-05,0.006877943999089132,0.01370885566339258,0.021520711773811974,0.014654065039919879,0.013549324248698551,0.008440655152739276,0.015188804194633235,0.01137018022801304,0.00920961638250559,0.019845634542907043,0.008323217010512857,0.015040521252220655,0.006009531208553644,0.003715397567173527,0.006942183166382775,0.01023191725346448,0.017264530278036594,0.007556356204787681,0.008387659794454327,0.008431754358717855,0.010697506190908425,0.00540172295551515,0.011467963235328109,0.003391002797978163
185,2.767913279431872,0.29047601640462384,0.00983146904383355,2.116335795601874,2.464724005710256,2.758224823040376,2.3280893776794653,2.8636419298055924,2.911530696302553,2.8196274047055714,3.1061727930343186,2.5764322692747617,2.8760938670419915,2.9887715055948445,2.793680068420724,2.9094982160976284,2.7192322993514435,3.182220448999147,3.0739266153149996,3.055162734096062,2.7829139891611807,2.7446829485406465,2.9020486125771545,1.9076003111759943,2.916850622348314,3.134191509372848,2.8553594062859635,2.8650862766511307,2.6949814640050005,3.0697087857421477,2.542505754914274,2.644091253422037,2.4340125986878367,0.0067174737483881464,0.00681021009013188,0.021718802441481888,0.0052995343247418565,0.009241437147405602,0.007776865152280829,0.013017333864328167,0.008121318659060347,0.018035664060762808,0.007121313700331686,0.006748932388297468,0.012199392371992458,0.010728745844064524,0.010459144631972908,0.002345418579864064,0.014401490877830374,0.011302267107115072,0.011123162034232905,0.008615449563193295,0.007607900682974188,0.01560699956528272,0.008433808199677803,0.010225371128274341,0.010745502549683223,0.01450035003484347,0.006768811885070436,0.015481784123249027,0.005546211631484897,0.006195731067315204,0.0020476438596749493
186,2.7630203850780743,0.2969250457827483,0.009832187885429212,2.044546653027741,2.464724005710256,2.758224823040376,2.3280893776794653,2.8636419298055924,2.911530696302553,2.8196274047055714,3.091641142456844,2.5764322692747617,2.8760938670419915,2.9887715055948445,2.793680068420724,2.9094982160976284,2.7192322993514435,3.182220448999147,3.0739266153149996,3.055162734096062,2.7829139891611807,2.7446829485406465,2.9020486125771545,1.9076003111759943,2.916850622348314,3.134191509372848,2.8553594062859635,2.8650862766511307,2.6949814640050005,3.064871872455552,2.4868766307385575,2.644091253422037,2.4340125986878367,0.0055976389605807845,0.005092158096473544,0.015304077113856049,0.0037963347730267257,0.01258734827199377,0.008918090468354593,0.010443958258893197,0.01207054066999649,0.014592301850591747,0.00786155846405878,0.010645036764389035,0.0053288551367780875,0.01691115168779006,0.010143446242472728,0.00846910026618669,0.013661238186030586,0.014621344214779362,0.01378046116781847,0.004614999288891209,0.0056005003351222,0.01177722446370683,0.006846986048144835,0.010500073708502363,0.006898734126977819,0.016911979243548498,0.0058917889716131695,0.014291856132033043,0.005258585375781311,0.007536263484081948,0.009012004790402357
187,2.7527570244912494,0.30249081218372403,0.010134293481332213,2.044546653027741,2.464724005710256,2.758224823040376,2.3280893776794653,2.8616728688138804,2.911530696302553,2.8196274047055714,3.091641142456844,2.5764322692747617,2.8760938670419915,2.9887715055948445,2.793680068420724,2.9094982160976284,2.7192322993514435,3.182220448999147,2.9878135440306512,3.055162734096062,2.7560740780217015,2.7446829485406465,2.9020486125771545,1.9076003111759943,2.916850622348314,3.134191509372848,2.8553594062859635,2.8650862766511307,2.6949814640050005,3.064871872455552,2.4537117311889856,2.644091253422037,2.2741987240481873,0.009957416708249177,0.0036020804233508276,0.013055046670492792,0.008045593711412271,0.005191509882080214,0.011086246421440163,0.007801992613445046,0.006363691377864123,0.01698489324479635,0.011967913014765151,0.016226395460103033,0.007590150642037307,0.01640908149130045,0.0064173790379839475,0.01045715668152908,0.015346297549440434,0.010460665352927797,0.011626097758620313,0.007005736537284866,0.0013425530317657398,0.006617214506890435,0.005578225331377177,0.014311064901112816,0.010109809451883672,0.01754266489343652,0.00752962107050631,0.0183235475923086,0.005933742425921274,0.00948136703541235,0.011663649620228223
188,2.7517363940188866,0.30197928606014796,0.008668484436157973,2.044546653027741,2.464724005710256,2.758224823040376,2.3280893776794653,2.8616728688138804,2.911530696302553,2.8196274047055714,3.091641142456844,2.5764322692747617,2.8760938670419915,2.9887715055948445,2.793680068420724,2.9061434305830933,2.7192322993514435,3.182220448999147,2.9878135440306512,3.055162734096062,2.7560740780217015,2.7446829485406465,2.9020486125771545,1.9076003111759943,2.889586493691987,3.134191509372848,2.8553594062859635,2.8650862766511307,2.6949814640050005,3.064871872455552,2.4537117311889856,2.644091253422037,2.2741987240481873,0.013127341703901356,0.005167370507246762,0.015083324664459913,0.005895825059984785,0.015756416010740352,0.011132128726220485,0.006651931589434658,0.020387024905661875,0.010402819982349322,0.013319933180636602,0.013364604667819633,0.002048700434084926,0.01163633103763302,0.0,0.0065830662170723395,0.009885137479031098,0.01136338772661077,0.005204170271570227,0.005234798566316164,0.0011771308346337547,0.005679846429859547,0.0,0.013419829891506854,0.00560486246251083,0.017599043421385442,0.004826845283289571,0.010503128823155341,0.0,0.007371698897136392,0.011627834310487181
189,2.73698568968181,0.3029310895303472,0.008461258337360689,2.044546653027741,2.464724005710256,2.758224823040376,2.3280893776794653,2.8616728688138804,2.8557897289740777,2.8196274047055714,3.091641142456844,2.5764322692747617,2.8760938670419915,2.929556032582188,2.793680068420724,2.8802801050868614,2.7192322993514435,3.15583212713678,2.9878135440306512,3.055162734096062,2.7560740780217015,2.7446829485406465,2.826673021110843,1.8094558144817587,2.889586493691987,3.0367167956896144,2.8510411657171706,2.8650862766511307,2.6949814640050005,3.064871872455552,2.4537117311889856,2.644091253422037,2.2741987240481873,0.006005939325825043,0.001720339486605196,0.005076893904281564,0.009869241765752766,0.01090659843938591,0.009599490767527401,0.00933817452093816,0.01652832808479453,0.005022181744313929,0.009711522164223774,0.00835704761921718,0.0022595900561448393,0.007726949615405727,0.008115529136387307,0.00760389386435448,0.008525643900941007,0.005046521765252189,0.009362863501553286,0.011496138991852381,0.005501994268708489,0.0,0.003236625677506345,0.015867362938805397,0.012338411154433314,0.018229940689479026,0.0033110071657776363,0.007296109621708494,0.007686954138538673,0.013799957036787266,0.014296498774319316
190,2.725985086448373,0.30858839098111895,0.009448209609991272,2.044546653027741,2.464724005710256,2.7360749221947143,2.3280893776794653,2.8616728688138804,2.8557897289740777,2.8196274047055714,3.091641142456844,2.5764322692747617,2.8760938670419915,2.929556032582188,2.793680068420724,2.8802801050868614,2.7124314595553582,3.139620850550014,2.948544097980655,3.055162734096062,2.7406319950994598,2.7446829485406465,2.826673021110843,1.8094558144817587,2.889586493691987,3.0367167956896144,2.813833508308783,2.8650862766511307,2.6949814640050005,3.064871872455552,2.261744086083706,2.644091253422037,2.273229475759486,0.006802819788729661,0.001793316860988213,0.007804627014940468,0.010495512050198955,0.01611189460046604,0.0043570582585672445,0.015809348633011637,0.00987477830845589,0.009233914959671201,0.011843022903959872,0.0012967547575848312,0.008668629072454465,0.010068189731813641,0.0008705357944725386,0.0012041867942813541,0.008604052077500006,0.01218703498816165,0.013020481179840839,0.012742832907952069,0.007474014245135736,0.007402736675669572,0.008610127349817597,0.013289618496582422,0.011212078229610083,0.019622230514638253,0.009826460864818557,0.009116689351178764,0.013304570467750451,0.009731270945872953,0.011067500475613239
191,2.712401483370146,0.30545008981017113,0.009203500311785356,2.044546653027741,2.464724005710256,2.7360749221947143,2.3280893776794653,2.8616728688138804,2.7777012508374956,2.8196274047055714,3.091641142456844,2.5158080117463872,2.8760938670419915,2.9130260352434445,2.793680068420724,2.8802801050868614,2.7124314595553582,3.0664147849777064,2.948544097980655,3.0268820444470568,2.7406319950994598,2.7446829485406465,2.826673021110843,1.8094558144817587,2.889586493691987,3.0367167956896144,2.788186259318142,2.8650862766511307,2.569850108873855,3.064871872455552,2.261744086083706,2.644091253422037,2.273229475759486,0.007383149804551164,0.0008860469419122141,0.010758557484002063,0.011062621879319416,0.010339803927035984,0.005312497664702494,0.004277555369634991,0.011795319421647186,0.013900500065087454,0.0038940516528667927,0.0034170270485149304,0.015533148149793494,0.020145757513045027,0.003177664728383871,0.0031645141166697513,0.006747274136288865,0.019882536525473792,0.013180205518713333,0.008732724821479345,0.006822388425282667,0.005632185874880223,0.0026137014884846863,0.015482431899105076,0.009123276442434542,0.019294153709007913,0.0002541847199566754,0.011397958007002424,0.010851962906002117,0.009953606278217656,0.011088202834064557
192,2.7058321523251765,0.3031445545656678,0.008249533033667088,2.044546653027741,2.464724005710256,2.7360749221947143,2.3280893776794653,2.8616728688138804,2.7667018057147037,2.8196274047055714,3.091641142456844,2.4533194792042754,2.8760938670419915,2.9130260352434445,2.793680068420724,2.8802801050868614,2.7124314595553582,3.0664147849777064,2.948544097980655,3.0268820444470568,2.7406319950994598,2.7446829485406465,2.826673021110843,1.8094558144817587,2.889586493691987,3.0367167956896144,2.7763857479858314,2.8650862766511307,2.569850108873855,2.9530804301036686,2.261744086083706,2.644091253422037,2.273229475759486,0.0016732566048727514,0.00755665920708117,0.006263232462805246,0.011580552547351656,0.016635622599060377,0.008516712952328732,0.0035584045856366306,0.011704635221663899,0.018469208759446513,0.0035736828019870934,0.0,0.013054188428237808,0.014529526205239479,0.0005131661313819533,0.0014920934238180244,0.006037152234030708,0.010509123584884926,0.005742071011891322,0.008672059557429815,0.005592301965325889,0.005667911865513457,0.0,0.01798512609689372,0.01278762042470869,0.016924576570588365,0.0,0.00981535881936327,0.011815860516548716,0.008523928856076496,0.008291957575845929
193,2.6811430805338428,0.30706065286345297,0.009697868369181413,2.044546653027741,2.464724005710256,2.69251205240051,2.3280893776794653,2.8616728688138804,2.7667018057147037,2.8196274047055714,3.091641142456844,2.4533194792042754,2.6301332674912783,2.9130260352434445,2.793680068420724,2.8802801050868614,2.7124314595553582,3.0664147849777064,2.948544097980655,2.9343243814152236,2.6953876913201253,2.6171913742354502,2.826673021110843,1.8094558144817587,2.889586493691987,3.0367167956896144,2.7763857479858314,2.8650862766511307,2.569850108873855,2.9530804301036686,2.261744086083706,2.609875666155148,2.12158991974766,0.00740338172669117,0.0048558648831979224,0.00870969291079358,0.008792050860465092,0.008596054239929811,0.006211319805982344,0.007216713573346819,0.009833948030675417,0.015166286944035538,0.001132438775214571,0.007543933161035747,0.012155444345463888,0.013168204621608805,0.0035205321669891593,0.008477136132768846,0.010133973329591464,0.007060247012698491,0.008455047552249012,0.011947808112434352,0.010266083307970266,0.005997153210005856,0.0043669060539915806,0.013248388508025528,0.012115692796533375,0.017288393259988277,0.009684179251946801,0.014500386975392028,0.015678764870598084,0.010427948362981887,0.016982076292836677
194,2.6807031212759256,0.3069640948451893,0.008249659192935637,2.044546653027741,2.464724005710256,2.69251205240051,2.3280893776794653,2.8616728688138804,2.754347133732161,2.8196274047055714,3.091641142456844,2.4533194792042754,2.6301332674912783,2.9130260352434445,2.793680068420724,2.8802801050868614,2.7124314595553582,3.0664147849777064,2.948544097980655,2.9343243814152236,2.6953876913201253,2.6171913742354502,2.826673021110843,1.8094558144817587,2.889586493691987,3.0367167956896144,2.7763857479858314,2.8650862766511307,2.569006003118869,2.9530804301036686,2.261744086083706,2.609875666155148,2.12158991974766,0.002485428248751756,0.0010380390116472356,0.0037201784054327032,0.008130811418331,0.00631182521256408,0.0029077168328269644,0.006077342313979076,0.012231521581977439,0.009719042243538686,0.0005600315504489159,0.010219207556510557,0.0068659219537356075,0.01428200796899396,0.0,0.009900235007748741,0.012533829570391881,0.01103002522106164,0.012210653040146601,0.005834617857974967,0.009190629332679938,0.009504722935868404,0.00698101065486498,0.011953681668325014,0.010068120583354071,0.012249840618043621,0.008514867702286866,0.010915617349454548,0.013171999114429386,0.006517713009737844,0.012363137822962573
195,2.677326543847884,0.3057727389834597,0.01020437197509926,2.044546653027741,2.464724005710256,2.69251205240051,2.3280893776794653,2.8616728688138804,2.694575694340149,2.8196274047055714,3.091641142456844,2.4533194792042754,2.6301332674912783,2.8833601597919523,2.793680068420724,2.8802801050868614,2.7124314595553582,3.0621695084858236,2.948544097980655,2.9343243814152236,2.6877729598142683,2.6171913742354502,2.826673021110843,1.8094558144817587,2.889586493691987,3.0367167956896144,2.7763857479858314,2.8650862766511307,2.569006003118869,2.9530804301036686,2.261744086083706,2.609875666155148,2.12158991974766,0.0,0.008639819911333155,0.010328303535690506,0.007927285698779013,0.009717474255691994,0.007828725058978655,0.012017377977365244,0.009163451943891085,0.013436229505965654,0.006536253489837481,0.013775879586259332,0.006902272450988244,0.015633703137877812,0.006150486203685002,0.00953097580617348,0.014696188587113721,0.00560693982189141,0.013340415470459221,0.008227190865541628,0.011110248010342265,0.006652749383303004,0.0111720744449828,0.01253113023240383,0.012759130560443142,0.012094989112807509,0.012091188072383045,0.012397237457305503,0.009388993975796026,0.013202695339796348,0.013271749355891711
196,2.6700867468399365,0.3028763215091192,0.00980689024236734,2.044546653027741,2.464724005710256,2.69251205240051,2.319061733199302,2.8616728688138804,2.694575694340149,2.8196274047055714,3.091641142456844,2.4533194792042754,2.6301332674912783,2.8833601597919523,2.793680068420724,2.8802801050868614,2.7124314595553582,3.0621695084858236,2.896263685030878,2.9343243814152236,2.6877729598142683,2.6171913742354502,2.7790826772476334,1.8094558144817587,2.8628965954287655,3.0367167956896144,2.6947801373037845,2.8650862766511307,2.569006003118869,2.9530804301036686,2.261744086083706,2.609875666155148,2.12158991974766,0.005760374097998019,0.010436066566361127,0.012182746086019183,0.0054476514710323784,0.0037974246166773674,0.007255119790406907,0.012974781144510986,0.0053781317832555684,0.012104620468304269,0.005645541922602992,0.012506787207605381,0.012084736776258804,0.009267968413855472,0.01227841811973443,0.009282125329766145,0.014047221235292097,0.007739812308793702,0.016429318526177777,0.009274951504717806,0.012850919751236084,0.01027959833242988,0.004909549571964987,0.0151754399189547,0.007898798938087075,0.012722778842184802,0.008311597056641841,0.008724381407033006,0.011057985220818911,0.008492531405915632,0.009889329456382923
197,2.6661061663570615,0.3035370506319694,0.010143905767413744,2.044546653027741,2.464724005710256,2.69251205240051,2.319061733199302,2.791153919088235,2.694575694340149,2.8196274047055714,3.091641142456844,2.4533194792042754,2.6301332674912783,2.8833601597919523,2.793680068420724,2.8802801050868614,2.6845165651988023,3.0621695084858236,2.896263685030878,2.9343243814152236,2.6877729598142683,2.6171913742354502,2.7790826772476334,1.788644546956132,2.8628965954287655,3.036544492811178,2.6947801373037845,2.8650862766511307,2.569006003118869,2.9530804301036686,2.261744086083706,2.609875666155148,2.12158991974766,0.012475143465894123,0.004293827843885978,0.014006111759156363,0.0033134112395265865,0.009888876497784747,0.011167006311785141,0.008712183702645041,0.007736801817975567,0.010091992138480813,0.006510957236819196,0.01328033448673902,0.0039970072417055014,0.01509763681620142,0.006503329239063889,0.013117608570145172,0.004989296397424837,0.008213341348290621,0.015619323706663833,0.013568271587973217,0.008095314593259621,0.011622153186743091,0.005808780592429336,0.011937743287099392,0.017450207542618904,0.013409537968633551,0.012738015299495324,0.010589810214479736,0.011192328233007365,0.012273805787332698,0.006617014909152157
198,2.6514911457002532,0.3173798114099822,0.009657120410397391,2.044546653027741,2.464724005710256,2.69251205240051,2.319061733199302,2.791153919088235,2.600676021399995,2.8196274047055714,3.091641142456844,2.4533194792042754,2.6301332674912783,2.8833601597919523,2.793680068420724,2.8802801050868614,2.6473599813240267,3.0174231489820866,2.8958365180882066,2.9343243814152236,2.6877729598142683,2.6171913742354502,2.7790826772476334,1.7794109679592158,2.8628965954287655,3.036544492811178,2.6947801373037845,2.8650862766511307,2.569006003118869,2.9530804301036686,2.261744086083706,2.5658577943568557,1.912620534099958,0.01170173202107069,0.004803218179411292,0.009247309372292095,0.0013415070364797474,0.007988038643748982,0.019171284294369928,0.005395994637031147,0.01259973645610848,0.013380196586974195,0.009076390808947973,0.01614172371874003,0.0,0.008188495823715865,0.01676985752178244,0.005843521190976256,0.00691491158255896,0.005801451269041616,0.01417963966177905,0.011077406730743953,0.005234068745718941,0.006259562834549356,0.006607435647727526,0.014096405688567142,0.010186380039744028,0.014907167571841625,0.01228684969668434,0.013911789887082636,0.0067770429469684685,0.012387306616762295,0.00743718710050266
199,2.644317533686674,0.3150428517693932,0.009213673295425915,2.044546653027741,2.464724005710256,2.6367435977379903,2.319061733199302,2.791153919088235,2.600676021399995,2.714625778212572,3.091641142456844,2.447275209175754,2.6301332674912783,2.8833601597919523,2.793680068420724,2.8802801050868614,2.6473599813240267,3.0174231489820866,2.8506554278173266,2.9343243814152236,2.6877729598142683,2.6171913742354502,2.7790826772476334,1.7794109679592158,2.8628965954287655,3.036544492811178,2.6947801373037845,2.8650862766511307,2.569006003118869,2.9530804301036686,2.261744086083706,2.562644875404399,1.912620534099958,0.013056255396967571,0.010339877443427549,0.017622465872125497,0.0021114878959362913,0.007548710551311358,0.01025896044568362,0.007071104171821108,0.01159421258094009,0.011965627551955892,0.0101233974113718,0.013875267831818095,0.005572124527518947,0.012365130584345449,0.01129316619852331,0.004637615382211583,0.007407581061422258,0.002725633915849278,0.0070983507164439005,0.0058358924385631065,0.008252491457366016,0.007987231050853583,0.0032412147581519037,0.00699139999423925,0.016909846216971336,0.008533231500998965,0.013003100668690204,0.012675927456563731,0.0068278799781161595,0.009661795557149454,0.009823218245440158
200,2.643181495029918,0.31492026045523386,0.009576706917498228,2.044546653027741,2.464724005710256,2.6367435977379903,2.319061733199302,2.791153919088235,2.600676021399995,2.714625778212572,3.091641142456844,2.447275209175754,2.6301332674912783,2.8833601597919523,2.793680068420724,2.8802801050868614,2.6473599813240267,3.0174231489820866,2.8506554278173266,2.9343243814152236,2.6877729598142683,2.6171913742354502,2.7790826772476334,1.7794109679592158,2.8628965954287655,3.036544492811178,2.6606989776011116,2.8650862766511307,2.569006003118869,2.9530804301036686,2.261744086083706,2.562644875404399,1.912620534099958,0.007854059983753103,0.012290414439315394,0.00925446851427189,0.006176283186297004,0.010508567270398226,0.013233504434887279,0.010912403878910367,0.011375088928319283,0.010737433655471432,0.007790929264611658,0.010466106647327608,0.00875809932604854,0.015274821537491795,0.00989698134793222,0.005563055003333518,0.009760385840936709,0.010242415324829711,0.008949283245072,0.005731787905994601,0.0064076985303080135,0.014224500773591353,0.002129578580286679,0.008353617280634251,0.015686118874075942,0.005905526835694788,0.01384383942407043,0.011654958911459049,0.00470035708626759,0.008925885652045556,0.010693035841310818
201,2.6282955047992114,0.3196270483099961,0.00999794991412225,2.044546653027741,2.464724005710256,2.6367435977379903,2.1437656862999686,2.791153919088235,2.600676021399995,2.714625778212572,3.091641142456844,2.447275209175754,2.6301332674912783,2.881096639190187,2.793680068420724,2.777353549562918,2.6473599813240267,2.990205932183209,2.820209659872465,2.9343243814152236,2.6877729598142683,2.6171913742354502,2.7730905381810627,1.7794109679592158,2.8628965954287655,3.036544492811178,2.6606989776011116,2.8650862766511307,2.4756417670790047,2.9530804301036686,2.261744086083706,2.5535706513584135,1.912620534099958,0.006929162076400115,0.005574179434050694,0.015449733316825011,0.005190310318013057,0.010381996423677074,0.011581294225868946,0.012386246608489587,0.012763866459694387,0.00925215083198219,0.012050144956810359,0.022428719648230573,0.010527325654851113,0.011905099699005873,0.00782919139604404,0.01137196307259093,0.009340046947676406,0.006447886246875796,0.015023494329277898,0.0028434685612488335,0.00638548922824909,0.008814200269350411,0.005677001663360576,0.00613993415009885,0.01873535669498108,0.01019515404888402,0.008863132996902964,0.012897681366850678,0.009728790907349898,0.0046604283851400434,0.008565047504887022
202,2.619438100223623,0.3213516447333812,0.009663903672573788,2.044546653027741,2.464724005710256,2.6086195737957856,2.1437656862999686,2.791153919088235,2.600676021399995,2.693362668702662,3.0793369859696367,2.447275209175754,2.6301332674912783,2.881096639190187,2.793680068420724,2.7598639523133888,2.6473599813240267,2.990205932183209,2.820209659872465,2.930958439550793,2.6877729598142683,2.6171913742354502,2.7730905381810627,1.7794109679592158,2.8628965954287655,3.036544492811178,2.6606989776011116,2.834800072526758,2.322752662989004,2.9530804301036686,2.261744086083706,2.5535706513584135,1.912620534099958,0.012148463248741049,0.001067840879936755,0.009556613772146845,0.003382970555993901,0.007328322371897693,0.007707335224115668,0.009531724001126948,0.018614925255190647,0.016570479594727735,0.01594518329594234,0.018649912392854757,0.006668165874907138,0.010494141273764144,0.003803905211016984,0.007216517920239118,0.008292390907572859,0.009821550077205579,0.011534483998971631,0.01422139977789111,0.007404553660917788,0.011585611146762289,0.008712686279940486,0.00947650292499679,0.01519867225326802,0.008228731768875001,0.00835943600126175,0.007352678893214688,0.005271175938830465,0.00836480179078726,0.007405933884116176
203,2.6165237526490963,0.31969475860608143,0.009413161982260032,2.044546653027741,2.464724005710256,2.6086195737957856,2.1437656862999686,2.791153919088235,2.600676021399995,2.693362668702662,3.0793369859696367,2.447275209175754,2.6301332674912783,2.881096639190187,2.793680068420724,2.7598639523133888,2.6473599813240267,2.976146924717192,2.764427531205627,2.930958439550793,2.670183668711339,2.6171913742354502,2.7730905381810627,1.7794109679592158,2.8628965954287655,3.036544492811178,2.6606989776011116,2.834800072526758,2.322752662989004,2.9530804301036686,2.261744086083706,2.5535706513584135,1.912620534099958,0.009585826391666845,0.0046881438042294075,0.011534825563327682,0.0050397882066257884,0.006315099470938976,0.008622631000328377,0.012272362730740805,0.013430575715410816,0.009853720091277725,0.01638943522915754,0.01661110363090066,0.0061262448675105715,0.008904526604814575,0.006304042909803363,0.008459391502744643,0.009931117190114417,0.005517675475762959,0.008725824436389442,0.012134210627168766,0.005714389271989849,0.011714121710357633,0.007710380522821751,0.012915130981792854,0.01435820985330003,0.011557469310314736,0.00868359260646878,0.002955146141732986,0.011092492068940033,0.010462138523354604,0.004785243027814422
204,2.614214790290835,0.31889524549287745,0.009330908355547564,2.044546653027741,2.4542673272139415,2.6086195737957856,2.1437656862999686,2.791153919088235,2.600676021399995,2.693362668702662,3.0793369859696367,2.447275209175754,2.6301332674912783,2.881096639190187,2.7931458934923055,2.7598639523133888,2.6473599813240267,2.976146924717192,2.764427531205627,2.930958439550793,2.6504575109572746,2.6171913742354502,2.7730905381810627,1.7794109679592158,2.8523831710968293,3.036544492811178,2.6606989776011116,2.8067616372896436,2.322752662989004,2.9530804301036686,2.261744086083706,2.5535706513584135,1.912620534099958,0.009505060788664255,0.00465452439308787,0.01145770797708456,0.008898383166031613,0.007561986795630258,0.008157673074454683,0.004242597562783062,0.011903779155417252,0.016628954083135628,0.0057972954342947105,0.018483337309668686,0.007916984177607998,0.000876509541226491,0.006067304174541193,0.011317199405529095,0.006455733057157027,0.007560981613369393,0.013979317453338348,0.0026877969497522735,0.008931499541582405,0.008266790595976427,0.01518666409814849,0.012106346267248812,0.01823335572548861,0.008734345878332895,0.008141504593062891,0.009608843444237408,0.010133721702369893,0.010081437550453364,0.006349615156751302
205,2.6055675359168444,0.3148704880969177,0.010415063794517922,2.044546653027741,2.4542673272139415,2.6086195737957856,2.1437656862999686,2.791153919088235,2.600676021399995,2.662964043229064,3.0793369859696367,2.447275209175754,2.6301332674912783,2.881096639190187,2.7931458934923055,2.7598639523133888,2.6473599813240267,2.976146924717192,2.764427531205627,2.8369579132257923,2.5770737710699376,2.6171913742354502,2.7730905381810627,1.7794109679592158,2.810196034108476,3.036544492811178,2.641251375055664,2.8067616372896436,2.322752662989004,2.9530804301036686,2.261744086083706,2.5535706513584135,1.912620534099958,0.011369794487356746,0.009287897835525838,0.013964415626213516,0.016594064354302676,0.008831351809990966,0.0050448150483078475,0.007264357610143218,0.012793493248383804,0.010065177344987014,0.008285162027299385,0.0187524662915723,0.008341574303029356,0.014739326576672807,0.009777273571564903,0.010336623285452769,0.012018411199983224,0.0007124335440175159,0.00674740172586173,0.005865210052882783,0.0,0.014832656411851372,0.01611169889462504,0.018220296465777334,0.022941183505714217,0.006587140952478054,0.005395392566274535,0.008470921316584359,0.013372127602475959,0.008709932821376831,0.007019313354831578
206,2.588950727555846,0.30382328588703106,0.01029663784234001,2.044546653027741,2.451714902053681,2.6086195737957856,2.1437656862999686,2.791153919088235,2.600676021399995,2.6365855114808743,3.0793369859696367,2.447275209175754,2.6301332674912783,2.881096639190187,2.6963704545417326,2.7598639523133888,2.6473599813240267,2.976146924717192,2.6769538436878695,2.8369579132257923,2.5770737710699376,2.6111225613921474,2.7730905381810627,1.7794109679592158,2.810196034108476,2.982962473175473,2.641251375055664,2.8067616372896436,2.3212610713148583,2.72889868680365,2.261744086083706,2.5535706513584135,1.912620534099958,0.016872903671531114,0.012614350539100566,0.015518613531482218,0.009143718231012878,0.009712575894389994,0.007266946982487557,0.009836281507830917,0.014570756618096767,0.005074960288756746,0.009623339758967899,0.01636907969513041,0.004514840686306304,0.01934013360624391,0.011158049907385949,0.007882187874981116,0.010202798159942749,0.006403691253639982,0.011547790732591037,0.008033730142459162,0.002036919861525665,0.011306570800827758,0.006089387355376531,0.011128115156816564,0.01945919866532201,0.010339920478577982,0.01119534976847374,0.009029406394594474,0.007479544199337829,0.011382426230198821,0.003765547276811684
207,2.584396837091662,0.302249208712689,0.011299313141776004,2.044546653027741,2.448402407938883,2.6086195737957856,2.1437656862999686,2.791153919088235,2.600676021399995,2.6365855114808743,3.0793369859696367,2.447275209175754,2.6301332674912783,2.881096639190187,2.6963704545417326,2.7473538983445818,2.6473599813240267,2.976146924717192,2.6769538436878695,2.8369579132257923,2.5770737710699376,2.5771932344589286,2.686225699272381,1.7794109679592158,2.810196034108476,2.982962473175473,2.641251375055664,2.8067616372896436,2.3212610713148583,2.72889868680365,2.261744086083706,2.5535706513584135,1.912620534099958,0.005581394923629627,0.011363177431941495,0.016514996085148146,0.0010898132951095414,0.013413815836892131,0.009876771570501758,0.009224340518725269,0.009874423338688954,0.009503301076977758,0.014498399701401892,0.020115076299500777,0.011860851823286089,0.014751165976836862,0.014986180984524545,0.012085749283038223,0.01921316870683837,0.0,0.013310949175856382,0.005303587797056826,0.004134615297862786,0.007306643472585939,0.01610148043543045,0.01670134581028496,0.01613526286894701,0.01198888859280306,0.014400136240783273,0.006296230579199598,0.016185285724735408,0.0022598697678966693,0.014902471636796267
208,2.5778254121080755,0.29981405281025675,0.008872045154079692,2.044546653027741,2.4209134465774373,2.6086195737957856,2.1437656862999686,2.791153919088235,2.600676021399995,2.6365855114808743,3.0269599066197306,2.4365982249930274,2.6301332674912783,2.881096639190187,2.6033319343563694,2.7473538983445818,2.6473599813240267,2.976146924717192,2.6769538436878695,2.8369579132257923,2.5770737710699376,2.5771932344589286,2.686225699272381,1.7794109679592158,2.810196034108476,2.982962473175473,2.641251375055664,2.8067616372896436,2.307699866886708,2.72889868680365,2.261744086083706,2.5535706513584135,1.912620534099958,0.001364823332105967,0.00887163513254976,0.014959223793421074,0.0033622144605306254,0.010366281564273822,0.007616564721027843,0.0037163266652320156,0.011689104592468084,0.015227149287991456,0.007197795353702075,0.020320636355451633,0.007584235254933682,0.008355294851941803,0.012214112195833772,0.011664138611791174,0.00697492668514543,0.0013043685264585326,0.01226714635944928,0.0030771396363239987,0.005224362823518614,0.0077514365508881584,0.005992206142231142,0.01215580005956528,0.00942866305474745,0.013607280038973787,0.009706870942469898,0.006051324322270219,0.007307797536701071,0.007565459802153688,0.013237035968239377
209,2.5737158380384586,0.3069468992782496,0.010095260738967552,2.044546653027741,2.4209134465774373,2.6086195737957856,2.1437656862999686,2.791153919088235,2.600676021399995,2.6365855114808743,3.0269599066197306,2.4365982249930274,2.6301332674912783,2.881096639190187,2.6033319343563694,2.7473538983445818,2.6473599813240267,2.976146924717192,2.6769538436878695,2.8130861239484166,2.5770737710699376,2.5771932344589286,2.686225699272381,1.7794109679592158,2.810196034108476,2.982962473175473,2.641251375055664,2.8067616372896436,2.307699866886708,2.72889868680365,2.261744086083706,2.5535706513584135,1.8132051012888302,0.011338075738571454,0.006677058840186325,0.01696250497681283,0.011678142620034094,0.00737873530988086,0.01231371719680972,0.01162570907882198,0.00771002901937975,0.01957017357656887,0.006919755908265537,0.015972411794701165,0.0045458079275269535,0.0102137090400537,0.01832066118955068,0.014952765936451371,0.008702973320103086,0.005520489798868999,0.008812181494390397,0.0072159475436104435,0.009491624185764082,0.010096541061097829,0.006216185181252536,0.009362141209999026,0.013474191937528218,0.010757151529790213,0.006141335623122639,0.00758633793325936,0.010991343333915854,0.00432560998981656,0.00798450987289213
210,2.5483672828206325,0.3249053865570744,0.010562847102586254,2.044546653027741,2.4209134465774373,2.6086195737957856,2.1437656862999686,2.791153919088235,2.6004756657580157,2.6365855114808743,3.006572645372153,2.190197068811742,2.6301332674912783,2.881096639190187,2.6033319343563694,2.7473538983445818,2.6473599813240267,2.976146924717192,2.6769538436878695,2.8130861239484166,2.5770737710699376,2.5771932344589286,2.686225699272381,1.7794109679592158,2.7387935449933107,2.982962473175473,2.5368471248321645,2.8067616372896436,2.2813773299379148,2.72889868680365,1.9704054789072214,2.5535706513584135,1.8132051012888302,0.014157545743904829,0.005358076547492906,0.015046655576073176,0.012457115986641638,0.012638309135698361,0.002613190149553287,0.006033994225110993,0.008829739228786656,0.009813919825174097,0.007880090488028391,0.01155113120238385,0.0057336350113306985,0.00798185816706021,0.018222021198145477,0.011793495946358677,0.012547755499018917,0.009933786236030225,0.01984244922257232,0.009534533853098813,0.016470064544220592,0.0065234373064989234,0.0,0.01658466254525254,0.013261402432362563,0.013945262692961698,0.013856884915273692,0.005799663880437009,0.016351089709487582,0.0017166238856838054,0.010407017922945601
211,2.543054077499099,0.3230971206137804,0.010965725371482228,2.044546653027741,2.4209134465774373,2.595160571983048,2.1437656862999686,2.791153919088235,2.6004756657580157,2.6365855114808743,3.006572645372153,2.190197068811742,2.6301332674912783,2.881096639190187,2.6033319343563694,2.7473538983445818,2.6473599813240267,2.9409038717046916,2.6591288502706694,2.8130861239484166,2.5770737710699376,2.5771932344589286,2.6685530465867413,1.7794109679592158,2.7387935449933107,2.982962473175473,2.5368471248321645,2.8067616372896436,2.2813773299379148,2.72889868680365,1.9704054789072214,2.478374192640484,1.8132051012888302,0.011836502281066115,0.00255354050093436,0.016160160346494673,0.008878597874236737,0.008058293145590109,0.011726507853356523,0.014604052765398712,0.010198246639260328,0.00951946998346941,0.01245665698556653,0.015285797318372438,0.014948287140254223,0.010124452937624219,0.01555191023346011,0.0032163490072436725,0.016127321625451784,0.013366382182550532,0.013783966819104492,0.007770784033677174,0.013936602889263438,0.012136994585992931,0.005578074271821863,0.0059593662689018554,0.011307347937173768,0.015685677519927915,0.01134683768319952,0.012848357168820044,0.008454685872841972,0.0005783169906045161,0.0149722202828069
212,2.537288893335725,0.31701003394995686,0.009632316440576964,2.0430161380533822,2.4209134465774373,2.595160571983048,2.1437656862999686,2.7432534666230457,2.6004756657580157,2.6365855114808743,2.894292485342515,2.190197068811742,2.6301332674912783,2.881096639190187,2.6033319343563694,2.7361095009125482,2.6473599813240267,2.9409038717046916,2.6591288502706694,2.8130861239484166,2.5770737710699376,2.5771932344589286,2.6685530465867413,1.7794109679592158,2.7387935449933107,2.982962473175473,2.5368471248321645,2.8067616372896436,2.2813773299379148,2.72889868680365,1.9704054789072214,2.478374192640484,1.8132051012888302,0.008332700589450555,0.006713941142703062,0.011998445512096254,0.008247371892057858,0.009092637677595416,0.0032563379142532415,0.010396835475661583,0.011014572568853158,0.01356997963048057,0.006572251974350164,0.018119434091400655,0.002756319044603948,0.016009354715056497,0.006708334750288351,0.005176710377902609,0.01874483010720928,0.01239240082473533,0.008112837013652731,0.007860742234347039,0.008961718338335983,0.013716021850401758,0.0021537770099903223,0.014167783726449357,0.0054924754543945655,0.009621119188474614,0.01270132336195085,0.01195211428202905,0.009052679440602429,0.0020099744272852075,0.014064468600696503
213,2.5307387341993053,0.3248448852323569,0.009331705159442366,2.0430161380533822,2.4209134465774373,2.595160571983048,1.9718875178474495,2.7432534666230457,2.6004756657580157,2.6365855114808743,2.894292485342515,2.190197068811742,2.6301332674912783,2.881096639190187,2.6033319343563694,2.7361095009125482,2.6473599813240267,2.9409038717046916,2.6591288502706694,2.8130861239484166,2.5770737710699376,2.5771932344589286,2.6685530465867413,1.7794109679592158,2.7387935449933107,2.982962473175473,2.5368471248321645,2.7821350316495814,2.2813773299379148,2.72889868680365,1.9704054789072214,2.478374192640484,1.8132051012888302,0.012653613720218051,0.003450097742241156,0.010944029226949028,0.005542074838672423,0.005093100720034976,0.010643829904312391,0.004698271510083337,0.003475696941275666,0.010125330165375472,0.010114723200701137,0.017548060830781535,0.002434242644604572,0.0187002520531381,0.01510573947217874,0.0028588121672127377,0.013282075345296561,0.007234900021190247,0.013613825189761659,0.00926630308065997,0.008241386897513069,0.0091258971378308,0.009902819723855386,0.01237191506823489,0.0010213149545796974,0.009613484956975922,0.009605564282043056,0.010527987398546306,0.010204849011434989,0.00966197255770067,0.012888984019868384
214,2.5193732718570705,0.32401253661396273,0.01010839771743303,2.0430161380533822,2.4209134465774373,2.595160571983048,1.9718875178474495,2.7432534666230457,2.6004756657580157,2.6365855114808743,2.894292485342515,2.143986410940219,2.6301332674912783,2.881096639190187,2.6033319343563694,2.7361095009125482,2.6325125888321748,2.9131894562067058,2.6591288502706694,2.8130861239484166,2.5770737710699376,2.403525273056179,2.616313860331424,1.7794109679592158,2.7387935449933107,2.9566782164278504,2.5368471248321645,2.7821350316495814,2.2813773299379148,2.72889868680365,1.9704054789072214,2.478374192640484,1.8132051012888302,0.014972866504942063,0.005490727069462849,0.005664845876543741,0.008833904229742472,0.012349212894888526,0.01226478111194611,0.009520811770780938,0.0007053050911259259,0.014663125888488341,0.013774726985634655,0.014011578285435393,0.005914880510338764,0.017696620837085838,0.017311974540380297,0.012646985789017616,0.017782266207683677,0.009433474798576872,0.008617431908899385,0.012976857372925957,0.0021765999778538374,0.011406576128320616,0.01463929674560258,0.008323349243909187,0.0014645188293019337,0.007560146010062444,0.005523246944564455,0.011962697387292016,0.008555036279922415,0.007613162880664075,0.009394923421597964
215,2.5138461043002094,0.3271380477969072,0.009857072589230015,2.0430161380533822,2.4209134465774373,2.595160571983048,1.9718875178474495,2.7432534666230457,2.6004756657580157,2.6365855114808743,2.894292485342515,2.143986410940219,2.6301332674912783,2.881096639190187,2.6033319343563694,2.7361095009125482,2.6325125888321748,2.9131894562067058,2.6591288502706694,2.8130861239484166,2.5770737710699376,2.403525273056179,2.616313860331424,1.7794109679592158,2.7387935449933107,2.9566782164278504,2.5368471248321645,2.7821350316495814,2.190935351071204,2.7271725839966945,1.9704054789072214,2.4047272476083177,1.8132051012888302,0.010700481174961592,0.0076006921867009915,0.012155591288493047,0.0016470587857484677,0.006107096861160361,0.00973600043882798,0.00750058009468532,0.00885849444715045,0.01607612372178967,0.009814738863193371,0.019129157227406456,0.0032998642050348103,0.016184400849915518,0.01919501174191443,0.014899425759042215,0.013941429122235621,0.010501575882784414,0.008948004046715252,0.0028491650013533817,0.007645235292531801,0.009144565365128737,0.007522563864153647,0.006853996381430753,0.007695679042843314,0.013778295985021833,0.0032973953231193016,0.015110984396836048,0.012957477631037493,0.005325052810961778,0.007236039884722461
216,2.5055854980755656,0.3240973275910427,0.009593617608998736,2.0430161380533822,2.4209134465774373,2.595160571983048,1.9718875178474495,2.7432534666230457,2.6004756657580157,2.5682615579956196,2.894292485342515,2.143986410940219,2.6301332674912783,2.881096639190187,2.6033319343563694,2.7308128153908418,2.6325125888321748,2.9131894562067058,2.6591288502706694,2.795640111384096,2.5770737710699376,2.403525273056179,2.616313860331424,1.7794109679592158,2.6766131696443023,2.9566782164278504,2.5368471248321645,2.706108334838064,2.190935351071204,2.7271725839966945,1.9704054789072214,2.4047272476083177,1.7946606382813077,0.010298700088907388,0.00865097825945553,0.008341017686206927,0.00665831330516844,0.007177649661505894,0.0022426553296912856,0.008376721276658856,0.009759919951302888,0.016071461036534396,0.006201160248438205,0.022066931726087494,0.003042166015321935,0.02003180578017836,0.01925758889352036,0.015185671234607713,0.008774088363868338,0.015090998419371185,0.01315983999472385,0.003581330604378542,0.00032159041476146965,0.006419891540624008,0.005875612708661597,0.013629561205071533,0.00940833170224399,0.008496780973520223,0.008356157763896465,0.01047128933404996,0.008305572405751459,0.007039512836398954,0.005515229509054851
217,2.5048736410741395,0.32391161551159947,0.009850532912449724,2.0430161380533822,2.4209134465774373,2.578305702980096,1.9718875178474495,2.7432534666230457,2.6004756657580157,2.5682615579956196,2.894292485342515,2.143986410940219,2.6301332674912783,2.881096639190187,2.5988310933165413,2.7308128153908418,2.6325125888321748,2.9131894562067058,2.6591288502706694,2.795640111384096,2.5770737710699376,2.403525273056179,2.616313860331424,1.7794109679592158,2.6766131696443023,2.9566782164278504,2.5368471248321645,2.706108334838064,2.190935351071204,2.7271725839966945,1.9704054789072214,2.4047272476083177,1.7946606382813077,0.007900413273067074,0.0068008026227351,0.009197501345251841,0.0049751111257361645,0.010776221253987597,0.01068596670789402,0.007112050282608888,0.00528097227791097,0.013668974568342514,0.001103259882287075,0.01985097889376466,0.002829183788771447,0.01919747999223135,0.012382508814734995,0.009524006059830932,0.008765729883777584,0.018046173113077223,0.015546670226562295,0.0,0.0011126032618191594,0.003973413408052562,0.013437243905626355,0.020307070002422333,0.014901597308843549,0.005505024262720404,0.00725412117914088,0.011414857995446594,0.014051205537071874,0.011272274677181756,0.008642571722594451
218,2.4943853251681816,0.3247265696268557,0.009109964745949325,2.0430161380533822,2.4209134465774373,2.578305702980096,1.9718875178474495,2.7432534666230457,2.6004756657580157,2.5682615579956196,2.894292485342515,2.143986410940219,2.6301332674912783,2.881096639190187,2.5988310933165413,2.7308128153908418,2.6325125888321748,2.9131894562067058,2.6591288502706694,2.795640111384096,2.5770737710699376,2.2882853161538503,2.616313860331424,1.7794109679592158,2.6766131696443023,2.9566782164278504,2.406898560332206,2.706108334838064,2.190935351071204,2.6577116282202415,1.9704054789072214,2.4047272476083177,1.7946606382813077,0.010145744272780541,0.010597839047534984,0.01009338973250275,0.011058720761938355,0.004031052392648935,0.007723284576162048,0.008253636971653567,0.003767850218239354,0.012262923791996092,0.004519106215857958,0.009894573825527941,0.0009961423376377266,0.010352824667053359,0.014730626951056579,0.017067757748946144,0.0029793298984556057,0.012641106786874301,0.01546019794970877,0.002016316597453978,0.0004038045145630418,0.004836140122846138,0.01724039426408052,0.013902991512001167,0.004593907088451582,0.01258125542198618,0.01342546719298609,0.0025390663074433177,0.013237014207319249,0.006207505213693518,0.015738971789079934
219,2.4773727938519277,0.31701387914219664,0.009832199976391698,2.0430161380533822,2.4209134465774373,2.578305702980096,1.9718875178474495,2.732835330973352,2.6004756657580157,2.527388538976329,2.894292485342515,2.143986410940219,2.6301332674912783,2.881096639190187,2.5988310933165413,2.7308128153908418,2.6325125888321748,2.9131894562067058,2.6591288502706694,2.7135958285888226,2.5770737710699376,2.2882853161538503,2.3975467220341753,1.7794109679592158,2.6766131696443023,2.8290563689620254,2.406898560332206,2.706108334838064,2.160283834810905,2.6577116282202415,1.9704054789072214,2.4047272476083177,1.7946606382813077,0.007348619652066446,0.009099343531707016,0.01605014254524021,0.007055465837748796,0.0037293659992617234,0.008012502304384182,0.008883528453853484,0.009765850028683399,0.010644905601501883,0.006128603382940637,0.014371692273131393,0.012738462966001843,0.011848329086185433,0.015118071707070597,0.016321718731925793,0.0100436479466197,0.013953126219046813,0.007183548418165862,0.0,0.005790782309804961,0.01607343683109293,0.007473447669389913,0.010460590209751663,0.011071271901260135,0.009178132649730658,0.015873495504094334,0.0022449116740707567,0.00975483746510181,0.002836671520498389,0.015911496871420197
220,2.4738325890794703,0.314320278556126,0.010694090708961984,2.0430161380533822,2.4209134465774373,2.578305702980096,1.9718875178474495,2.732835330973352,2.6004756657580157,2.527388538976329,2.860270106741407,2.143986410940219,2.6301332674912783,2.881096639190187,2.5988310933165413,2.6907325559236566,2.6325125888321748,2.9131894562067058,2.6591288502706694,2.7135958285888226,2.547146505025847,2.2882853161538503,2.3953704829728477,1.7794109679592158,2.6766131696443023,2.8290563689620254,2.406898560332206,2.706108334838064,2.160283834810905,2.6577116282202415,1.9704054789072214,2.4047272476083177,1.7946606382813077,0.010387778202066484,0.008453421647737797,0.012889691140353779,0.001708496244990556,0.0061838988534907826,0.013345851092744807,0.011675394889075028,0.01438213469675622,0.007457951494031688,0.008205576559685962,0.010291953046067278,0.015481374088125454,0.0041722544764236135,0.011288257767460492,0.02036704913265839,0.013134139896921575,0.008954858458296803,0.016173739862355943,0.0016313220834304543,0.005816088243225069,0.017978217413104798,0.013956599013805502,0.006032271905808418,0.009783020013593704,0.01668246307372849,0.011653441139640066,0.004281677751315766,0.015667403096465436,0.009086345222117135,0.013700050763382059
221,2.4616264512825494,0.3140230853703398,0.010709622150978019,2.0430161380533822,2.408087663995698,2.578305702980096,1.8599405126014337,2.732835330973352,2.6004756657580157,2.527388538976329,2.860270106741407,2.1302772023207273,2.6301332674912783,2.7676734718001303,2.5988310933165413,2.689897779062371,2.5944209162623975,2.8790506385228913,2.6591288502706694,2.7135958285888226,2.547146505025847,2.2882853161538503,2.3953704829728477,1.7794109679592158,2.6766131696443023,2.8290563689620254,2.406898560332206,2.6648946318826146,2.160283834810905,2.6577116282202415,1.9704054789072214,2.4047272476083177,1.7946606382813077,0.004736831077299624,0.010060164469770972,0.008317011609453676,0.011694630769945692,0.003815136777909369,0.012973465308414473,0.005283923540834698,0.015192991322784618,0.007381604684721626,0.004144914211999117,0.012509050841289955,0.009271483738326808,0.012362568297712677,0.007006208585250168,0.023111809867680796,0.01350629001948353,0.011756460116216467,0.009330287039814821,0.0029535021789659143,0.0027166529913761907,0.023701693031830357,0.0171910043340466,0.012732622243014005,0.013606223132793617,0.010431797260949206,0.018173275831867564,0.011223095777623949,0.006851409859622213,0.008281283239239585,0.010971272369102204
222,2.4583849032519796,0.31838989747223434,0.010791980908071099,1.951170599368862,2.408087663995698,2.578305702980096,1.8599405126014337,2.732835330973352,2.6004756657580157,2.527388538976329,2.860270106741407,2.1302772023207273,2.6301332674912783,2.7676734718001303,2.5988310933165413,2.689897779062371,2.5944209162623975,2.8790506385228913,2.6591288502706694,2.7135958285888226,2.547146505025847,2.2882853161538503,2.3953704829728477,1.7794109679592158,2.6766131696443023,2.8290563689620254,2.406898560332206,2.659493729650031,2.160283834810905,2.6577116282202415,1.9704054789072214,2.4047272476083177,1.7946606382813077,0.008048843946183623,0.01109129213768112,0.00457969371633264,0.013832079348391412,0.012730752542717248,0.015508988429419685,0.013203195068785928,0.005739182118749,0.013288659623810841,0.003605574561147704,0.01884072835653955,0.0030450989375015976,0.0055220302825916825,0.008769975803457909,0.016852223858585678,0.017153328984564155,0.00762917188291081,0.007502465878589806,0.004273427653663368,0.009112638822096503,0.02009433425701701,0.011104424597018556,0.008721688162916904,0.015551466658116537,0.0093421747551052,0.015207114583324197,0.007039103239256626,0.007193755306096634,0.012835690755421278,0.01634032297413986
223,2.454467191330194,0.3166488448096361,0.010387546421653043,1.951170599368862,2.408087663995698,2.578305702980096,1.8599405126014337,2.732835330973352,2.6004756657580157,2.527388538976329,2.860270106741407,2.1302772023207273,2.5600265439940455,2.7676734718001303,2.5620415158054404,2.689897779062371,2.5944209162623975,2.8790506385228913,2.6591288502706694,2.7135958285888226,2.5413547323207166,2.2882853161538503,2.3953704829728477,1.7794109679592158,2.6766131696443023,2.824213085021928,2.406898560332206,2.659493729650031,2.160283834810905,2.6577116282202415,1.9704054789072214,2.4047272476083177,1.7946606382813077,0.013676383421419578,0.008119658000070144,0.0019237621889941754,0.012652045570883773,0.005939765608210394,0.009987714437027503,0.008044707789408176,0.011173525944147606,0.009521659666504464,0.0,0.008450172971782252,0.0112721652420106,0.00935970177299178,0.009167779108837466,0.014082054428564798,0.011925164455628546,0.01497553539879938,0.01105886339604687,0.009561141059648667,0.002604195879830559,0.015520425069100884,0.010259530663156454,0.0101119404216346,0.019754760023381574,0.009879771045510948,0.014474371713258194,0.008954368463637744,0.008570516375119429,0.012823255200512421,0.017781457333472375
224,2.4360270245593005,0.3230950379029269,0.010573211370603498,1.9429717315957054,2.408087663995698,2.578305702980096,1.8599405126014337,2.732835330973352,2.580186644037948,2.5061394411813684,2.860270106741407,2.1302772023207273,2.5600265439940455,2.7676734718001303,2.5620415158054404,2.521898985099711,2.5944209162623975,2.8790506385228913,2.6591288502706694,2.7135958285888226,2.5413547323207166,2.2882853161538503,2.3953704829728477,1.7794109679592158,2.6766131696443023,2.7062894761012406,2.406898560332206,2.659493729650031,2.160283834810905,2.6577116282202415,1.7528598659519656,2.4047272476083177,1.7946606382813077,0.0066861561543851014,0.003205295534297208,0.0029070086416264143,0.013348771239471988,0.009271031062561335,0.014140067054298542,0.010023324383632383,0.011741991362604759,0.015738301168295953,0.0037220759206159294,0.014890608827742872,0.0098106953703635,0.012882585730612985,0.0055438334094240465,0.009099732852060128,0.005056237029746892,0.012306348981022078,0.006669109093560493,0.006742660783024321,0.008745763704093234,0.01696448756671949,0.014246445069497418,0.012564066787599618,0.015584458646725658,0.006968834074827772,0.017337432569907663,0.010887073180328614,0.010190681979357966,0.01185913135698188,0.018062131582718733
225,2.428634027020041,0.3197719323366914,0.00951985871785305,1.9429717315957054,2.408087663995698,2.578305702980096,1.8599405126014337,2.732835330973352,2.580186644037948,2.5061394411813684,2.860270106741407,2.1302772023207273,2.5600265439940455,2.7676734718001303,2.5620415158054404,2.521898985099711,2.588075092820127,2.8790506385228913,2.4956333096245698,2.6831523486840223,2.5413547323207166,2.2882853161538503,2.3953704829728477,1.7794109679592158,2.6766131696443023,2.7062894761012406,2.3853934781475954,2.659493729650031,2.160283834810905,2.6577116282202415,1.7528598659519656,2.4047272476083177,1.7946606382813077,0.0011427813620523395,0.004585280158435338,0.008935236720951638,0.007126598163404172,0.005351092329477983,0.0037597109258234013,0.008501520750324135,0.005538707614576342,0.013583718308411227,0.012521581991576602,0.010622221108913,0.006527582860482869,0.004646485697024919,0.010644652464999604,0.003793006756715051,0.007574890378571493,0.01349683634646302,0.01702146656719201,0.006424476265840681,0.010109706229371051,0.015466736499511476,0.010804378840293236,0.008989195594476996,0.014220173157923628,0.013319400298562076,0.01287043562865872,0.010740483286927824,0.006308803221363665,0.014134420755021901,0.016834181252245145
226,2.421044385263597,0.3357272317855968,0.00889214894430964,1.9429717315957054,2.408087663995698,2.578305702980096,1.8599405126014337,2.732835330973352,2.580186644037948,2.5061394411813684,2.860270106741407,2.1302772023207273,2.5600265439940455,2.7676734718001303,2.5620415158054404,2.521898985099711,2.588075092820127,2.8790506385228913,2.4956333096245698,2.6831523486840223,2.5413547323207166,2.2882853161538503,2.3953704829728477,1.7794109679592158,2.6766131696443023,2.7062894761012406,2.3853934781475954,2.6479057893917894,2.160283834810905,2.6577116282202415,1.7528598659519656,2.4047272476083177,1.5785593258462254,0.01013421418297703,0.0016435706301886179,0.0063310423094680175,0.004959587648221093,0.009508193005136592,0.005250483476272005,0.004879058179334513,0.004736610337775089,0.015703071468588722,0.011494824661379195,0.014059455056125804,0.006423636152959471,0.01171010794294222,0.004750642033694245,0.007591207198550987,0.007234241276538514,0.011599475885162453,0.005445024793334616,0.00770741922201502,0.007021192789040735,0.01932496143439168,0.011227321154106983,0.011213594054561987,0.01734207991284106,0.003109415790187817,0.006567868719206176,0.010570585414624733,0.009185600241426855,0.010745533562216239,0.009294449796020756
227,2.4143781755309575,0.33291296713568636,0.009304599420434538,1.9429717315957054,2.394726422309429,2.578305702980096,1.8599405126014337,2.732835330973352,2.580186644037948,2.5061394411813684,2.860270106741407,2.1302772023207273,2.5600265439940455,2.676700989162374,2.5620415158054404,2.520204463874084,2.5579857194290487,2.8790506385228913,2.4956333096245698,2.6831523486840223,2.5413547323207166,2.2882853161538503,2.3953704829728477,1.7794109679592158,2.6766131696443023,2.7062894761012406,2.321524805109132,2.6479057893917894,2.160283834810905,2.6577116282202415,1.7528598659519656,2.4047272476083177,1.5785593258462254,0.007874966985033087,0.0051926728298601526,0.011110635268044873,0.004387622125547754,0.00634520314643611,0.0024802551099157503,0.006854076380817621,0.01366262566149425,0.008558908368041416,0.010573752243172268,0.01807406014812469,0.01042768022388076,0.004971586759594407,0.005318704970464429,0.008607163214377479,0.010104910010461928,0.016985610469777375,0.008244502164349854,0.004204148552338565,0.0034100941942688113,0.013838625016107923,0.013715665351344015,0.009001523910937151,0.01637337995275589,0.01161989157979878,0.011635967805161768,0.011257037010082143,0.012067502672007674,0.00505652598627811,0.007182684502561152
228,2.409834847391606,0.3321615398952485,0.010088719916886809,1.9429717315957054,2.394726422309429,2.578305702980096,1.8599405126014337,2.732835330973352,2.580186644037948,2.5061394411813684,2.839437852128715,2.1302772023207273,2.5600265439940455,2.676700989162374,2.5620415158054404,2.520204463874084,2.492450759305829,2.8790506385228913,2.4956333096245698,2.6831523486840223,2.5299507902070677,2.2882853161538503,2.3953704829728477,1.7794109679592158,2.6766131696443023,2.7062894761012406,2.321524805109132,2.6479057893917894,2.121755147479917,2.6577116282202415,1.7528598659519656,2.4047272476083177,1.5785593258462254,0.00915105533837519,0.009218548389339503,0.01818527934262513,0.0064938300663069165,0.009099937754318438,0.006680749959739111,0.006988990615024149,0.017728606366644223,0.007679444466691144,0.01295040387396524,0.01989528236508581,0.006648337605105164,0.013675639513741492,0.004430411491573756,0.007648985176331766,0.005208450175613891,0.012262517942658858,0.006250978710088725,0.0022121306392553007,0.005357600535104976,0.012585963115838776,0.013203570621960117,0.01453511496529596,0.012814612912617221,0.012839869114522572,0.008326253829714853,0.01217756552151489,0.01040116113582469,0.005835323289373173,0.012174982672353217
229,2.405039038583864,0.3363759739908792,0.008913341861635721,1.9429717315957054,2.394726422309429,2.578305702980096,1.8599405126014337,2.732835330973352,2.580186644037948,2.5061394411813684,2.839437852128715,2.11634437281051,2.5600265439940455,2.667150172820499,2.5620415158054404,2.520204463874084,2.492450759305829,2.8790506385228913,2.4956333096245698,2.6831523486840223,2.5299507902070677,2.2882853161538503,2.3953704829728477,1.7794109679592158,2.6766131696443023,2.7062894761012406,2.310058357270169,2.6479057893917894,2.0229365286287337,2.6577116282202415,1.7427543142619446,2.4047272476083177,1.5785593258462254,0.010312905213143523,0.006928783335831257,0.020337045899251213,0.0034189346571669534,0.009499061689889348,0.009900811109369311,0.01361826289330298,0.010032485430570089,0.008845898702851577,0.010573655855650078,0.011784611597675618,0.011593734529513901,0.005981111513251651,0.0,0.003035288719705468,0.00778192269876003,0.009533488534298862,0.009831143541325561,0.0,0.0035555907602792497,0.00847050147722473,0.013026076494007846,0.020044757910334644,0.007711373929151897,0.007524084197592613,0.009037163416619776,0.012911915150754922,0.010199947815136669,0.004511021701701,0.00739867707471091
230,2.3904427449824572,0.333966293193952,0.009989182078241057,1.9429717315957054,2.394726422309429,2.5620141207172513,1.8599405126014337,2.732835330973352,2.2747629878909845,2.5061394411813684,2.839437852128715,2.11634437281051,2.5600265439940455,2.667150172820499,2.4458679461730566,2.520204463874084,2.492450759305829,2.8790506385228913,2.4956333096245698,2.6831523486840223,2.5299507902070677,2.2882853161538503,2.3953704829728477,1.7794109679592158,2.6766131696443023,2.7062894761012406,2.310058357270169,2.6479057893917894,2.0229365286287337,2.6577116282202415,1.7427543142619446,2.4047272476083177,1.5785593258462254,0.00960145278074826,0.005408093267817779,0.021381369603858676,0.010470927747805931,0.008578339872347157,0.008140166103156628,0.010651724978338247,0.013148667887202007,0.00814152579671069,0.011618329434067253,0.015561713550391746,0.008914425065059805,0.012658044698516857,0.0133461412014791,0.009192941540968808,0.00717721164490777,0.010986465980242176,0.008981916460754838,0.0,0.002596891397629131,0.0008245712103611623,0.009793541328209289,0.019455152545438725,0.011573222752988117,0.012535958704128443,0.009170409672479268,0.011571918623775898,0.008516226516934212,0.010263071615408655,0.009415040365505018
231,2.3805220305200123,0.33228146323069924,0.010087457596465418,1.9429717315957054,2.394726422309429,2.5620141207172513,1.8599405126014337,2.732835330973352,2.2747629878909845,2.5061394411813684,2.839437852128715,1.9782223881391023,2.5600265439940455,2.667150172820499,2.4458679461730566,2.520204463874084,2.492450759305829,2.754121220867948,2.4956333096245698,2.648582317137017,2.5299507902070677,2.2882853161538503,2.3953704829728477,1.7794109679592158,2.6766131696443023,2.7062894761012406,2.310058357270169,2.6479057893917894,2.0229365286287337,2.6577116282202415,1.7427543142619446,2.4047272476083177,1.5785593258462254,0.01249450666794216,0.004721480403008622,0.014898664131407842,0.00831266278822465,0.010346735095286287,0.009897783126010432,0.008359029695375593,0.010120397133026822,0.0008004139704719841,0.012640652279524794,0.018276492676352982,0.008195502635150394,0.015667741370301976,0.016584527687269233,0.0031163181097762097,0.011331361544826548,0.007198618015446604,0.008402664318635516,0.006669618163668016,0.0076646744490586755,0.00997453607944406,0.0060654487184944525,0.017812829790145656,0.016051785525089436,0.01471006734552964,0.009280211188993982,0.011566749874455365,0.0083597063488838,0.0056270214616045335,0.007475527300556248
232,2.3700597749301187,0.32674218987440135,0.01078955171434612,1.9429717315957054,2.394726422309429,2.5620141207172513,1.8599405126014337,2.732835330973352,2.2747629878909845,2.5061394411813684,2.839437852128715,1.9782223881391023,2.5600265439940455,2.667150172820499,2.4458679461730566,2.3991488957981386,2.4554090213657287,2.754121220867948,2.4956333096245698,2.648582317137017,2.5299507902070677,2.2882853161538503,2.3953704829728477,1.7794109679592158,2.6766131696443023,2.5690453988470563,2.310058357270169,2.629379504965215,2.0229365286287337,2.6577116282202415,1.7427543142619446,2.4047272476083177,1.5785593258462254,0.011139754120696312,0.003994235449786299,0.007655940048986017,0.00644164803990626,0.011024323040248073,0.010703619562607009,0.018241307745016182,0.014464726195689849,0.012706284065422771,0.01147035903007905,0.013853906051322196,0.004475128761378583,0.013351626934884578,0.011002326246013851,0.00858461878466323,0.01651294569866938,0.010685380742729539,0.0070639853710863145,0.01046045062367805,0.008580314100799832,0.011682739870530645,0.009183068878866371,0.017785416120821722,0.013580375662370877,0.011226655658096113,0.012097693581707866,0.01721035210515427,0.00438458361545511,0.005229048343017725,0.008893736980699469
233,2.364092543058538,0.32574646725044903,0.01093217914222753,1.9429717315957054,2.386012647165338,2.5620141207172513,1.8599405126014337,2.732835330973352,2.2747629878909845,2.5061394411813684,2.839437852128715,1.9782223881391023,2.5600265439940455,2.667150172820499,2.4458679461730566,2.3991488957981386,2.4554090213657287,2.754121220867948,2.4956333096245698,2.648582317137017,2.400494144250296,2.2882853161538503,2.3953704829728477,1.7794109679592158,2.6766131696443023,2.5690453988470563,2.2692118222236037,2.629379504965215,2.0229365286287337,2.6577116282202415,1.7427543142619446,2.4047272476083177,1.5785593258462254,0.01673117521872673,0.011023052769888908,0.01433327475996136,0.018143752160261678,0.011068429213298018,0.010222190437321168,0.013246082511305175,0.008519010793097878,0.011184773047024112,0.006724677175975409,0.010548040644227645,0.00972975139474861,0.01572526005105133,0.006246575544430972,0.0019105553357394692,0.004430191755971342,0.013090451596231498,0.01357240583644049,0.01253826229737554,0.01168739729444618,0.009572139914556613,0.005436994904151241,0.011974331234152083,0.02082556333483669,0.01018153462122605,0.011692253977905891,0.012329803728941236,0.002562473502435578,0.012453240402870859,0.010261728808226149
234,2.357821733024103,0.333118424525898,0.011606566217526267,1.9429717315957054,2.386012647165338,2.5620141207172513,1.8599405126014337,2.732835330973352,2.2747629878909845,2.5061394411813684,2.8314819088653818,1.9782223881391023,2.5600265439940455,2.667150172820499,2.4458679461730566,2.3991488957981386,2.4554090213657287,2.754121220867948,2.4956333096245698,2.648582317137017,2.338526327575018,2.2882853161538503,2.3953704829728477,1.7794109679592158,2.6766131696443023,2.5690453988470563,2.2406273867247646,2.629379504965215,2.0229365286287337,2.6577116282202415,1.7427543142619446,2.4047272476083177,1.4889432202506367,0.011954556680801975,0.011847803873899459,0.02199557028070968,0.008088046292492056,0.011218647308620863,0.016942228057573044,0.01952530735717112,0.010989606463218263,0.01519604742788797,0.011036770693739555,0.012645091392248587,0.012533952311321503,0.012654156274073033,0.007409167859815157,0.006245429505678856,0.008020715075647758,0.01069411134608159,0.005204481381329926,0.009151999606302419,0.005640790088957923,0.015015613046400741,0.007652179986540648,0.013930703521743693,0.015651439228748974,0.008803246071951933,0.014821964005438329,0.010347071309614457,0.006413949494427846,0.01376611621783197,0.01280022436551863
235,2.346612422040512,0.35160488781144716,0.011151817777489536,1.9429717315957054,2.386012647165338,2.5620141207172513,1.8599405126014337,2.732835330973352,2.2747629878909845,2.5061394411813684,2.8314819088653818,1.9782223881391023,2.5600265439940455,2.667150172820499,2.4458679461730566,2.3991488957981386,2.4554090213657287,2.754121220867948,2.4359088713378267,2.648582317137017,2.338526327575018,2.2882853161538503,2.3953704829728477,1.5028560767382193,2.6766131696443023,2.5690453988470563,2.2406273867247646,2.629379504965215,2.0229365286287337,2.6577116282202415,1.7427543142619446,2.4047272476083177,1.4889432202506367,0.01290236180421487,0.012876932987223779,0.027064346756669917,0.009813322872755556,0.011200635678689022,0.01235810271334339,0.01477667092114126,0.01516793471289453,0.010200212176257387,0.0027915177196335796,0.015301520278123008,0.005164677237962996,0.01370232217386399,0.011285851105325703,0.009194209243290423,0.007807370264709716,0.006617292825095589,0.004237435260685225,0.009593325102637548,0.013565325348227266,0.010354578854679214,0.0053059535837553,0.012465392372016203,0.013631791821788067,0.012703609734332554,0.010488706833644256,0.012513816082372571,0.011839095969123817,0.011840383117663476,0.007789837772565787
236,2.3418725681811887,0.35414763588999126,0.01113321894559963,1.9167541193445108,2.386012647165338,2.5620141207172513,1.8599405126014337,2.732835330973352,2.2747629878909845,2.5061394411813684,2.8314819088653818,1.964119119395232,2.5600265439940455,2.667150172820499,2.4458679461730566,2.3991488957981386,2.4554090213657287,2.754121220867948,2.4359088713378267,2.648582317137017,2.338526327575018,2.1882662390585215,2.3953704829728477,1.5028560767382193,2.6766131696443023,2.5690453988470563,2.238771729035474,2.629379504965215,2.0229365286287337,2.6577116282202415,1.7427543142619446,2.4047272476083177,1.4889432202506367,0.01925920051689898,0.00804458564903019,0.013632587440182808,0.00841860765996362,0.011756724863239415,0.00932024260785001,0.005798610368720238,0.007214262536149642,0.012438052100619481,0.006922962729314011,0.014992650320914902,0.009363239198834987,0.014029800549108991,0.010957071028713327,0.015054751365290322,0.011546221873320127,0.008512742805924019,0.003714674857619997,0.012486083678530182,0.008319732876978079,0.010046105436280225,0.009902368835230935,0.010426166773536697,0.01638574281820565,0.013358575024050558,0.01021293101626886,0.012871791823125533,0.014666731403174349,0.008086375395512633,0.01625697481540007
237,2.331413970779836,0.3551185373387451,0.008657841448777267,1.9167541193445108,2.386012647165338,2.5620141207172513,1.8599405126014337,2.732835330973352,2.2747629878909845,2.5061394411813684,2.8314819088653818,1.964119119395232,2.5600265439940455,2.667150172820499,2.4458679461730566,2.397938795743553,2.2089437631122277,2.754121220867948,2.4359088713378267,2.648582317137017,2.338526327575018,2.1882662390585215,2.361755901475839,1.5028560767382193,2.6766131696443023,2.5690453988470563,2.238771729035474,2.629379504965215,1.9904685463932599,2.6577116282202415,1.7427543142619446,2.4047272476083177,1.4889432202506367,0.0103009739337664,0.010320650936783313,0.009948749408450065,0.005857099516091509,0.006302241713531503,0.005142179476787837,0.00718967435464715,0.004102914331739691,0.007118666899644474,0.0075270666024739525,0.015564850784591003,0.007007347353550095,0.012320764709061478,0.007322832462273176,0.010850182283924517,0.01376353003205776,0.002121732161416529,0.0,0.014354679217823072,0.00297097436172079,0.0030569345045462952,0.012552967047215348,0.011539980271141993,0.013005582773300566,0.007630499513516281,0.014149112348093172,0.011739524137944933,0.012461222283709928,0.010243195230988074,0.0032691148125270344
238,2.3245335470753434,0.35109382658227656,0.010461689691553111,1.9167541193445108,2.386012647165338,2.5620141207172513,1.8599405126014337,2.678301437952531,2.2747629878909845,2.5061394411813684,2.8314819088653818,1.964119119395232,2.5600265439940455,2.667150172820499,2.3959529494402187,2.397938795743553,2.2089437631122277,2.754121220867948,2.4290840877725732,2.5806087089050718,2.338526327575018,2.1882662390585215,2.361755901475839,1.5028560767382193,2.6766131696443023,2.5690453988470563,2.211606299451557,2.629379504965215,1.9904685463932599,2.6577116282202415,1.7427543142619446,2.4047272476083177,1.4889432202506367,0.013684438180424929,0.011567148379954994,0.01885666053532006,0.009808854860712759,0.01612659019412352,0.003797168905963947,0.012843190760738669,0.010525067343517753,0.012476296983428666,0.004165655135568495,0.0194634157850655,0.006809348357889863,0.01214410201637374,0.012179633083914093,0.014064099287084133,0.012796093691989464,0.007827868051064344,0.005806081185214298,0.012980779907860372,0.0,0.008554833524869077,0.007826498680328163,0.0055728434864683535,0.00904112254950159,0.0009069600963163523,0.016782170950468283,0.0082787824177062,0.010928121090903742,0.016155837010126173,0.011881028293695767
239,2.3229645396087713,0.3502913413389533,0.00994777237678194,1.9167541193445108,2.386012647165338,2.5620141207172513,1.8599405126014337,2.678301437952531,2.2747629878909845,2.5061394411813684,2.8314819088653818,1.964119119395232,2.5600265439940455,2.667150172820499,2.3959529494402187,2.397938795743553,2.2089437631122277,2.754121220867948,2.4290840877725732,2.5806087089050718,2.338526327575018,2.1882662390585215,2.3584520611594226,1.5028560767382193,2.6766131696443023,2.5690453988470563,2.211606299451557,2.6059666595898716,1.9904685463932599,2.6577116282202415,1.7427543142619446,2.3843737093029067,1.4889432202506367,0.013658383571704813,0.00921265435610085,0.012680643399516588,0.007303779248738916,0.016189581109506385,0.009199872161375803,0.010312998807416148,0.008829255142719808,0.004811042735788203,0.01192518424998016,0.01331117528244324,0.009426060117423293,0.009247674817314777,0.01051652934108355,0.014905474546709355,0.00585082765121337,0.008644611193285778,0.007332994740851431,0.009780747593655319,0.0,0.01266350710760025,0.015307898630931054,0.01263019610044543,0.006833304493376664,0.005238139299093876,0.02104496861015526,0.01204318290243016,0.011890908897492515,0.0012212149702881298,0.006420360224817053
240,2.305497436380296,0.3495750123721286,0.009426506348163395,1.9167541193445108,2.274361052501661,2.437621236001107,1.8599405126014337,2.678301437952531,2.2747629878909845,2.5061394411813684,2.8314819088653818,1.964119119395232,2.5600265439940455,2.555122218010109,2.3959529494402187,2.388657746636764,2.2089437631122277,2.754121220867948,2.4290840877725732,2.5806087089050718,2.338526327575018,2.1882662390585215,2.3584520611594226,1.5028560767382193,2.6766131696443023,2.546200184148955,2.211606299451557,2.6059666595898716,1.8466541475340965,2.6577116282202415,1.7427543142619446,2.3843737093029067,1.4889432202506367,0.014237334496825495,0.0115031398114551,0.012603653886752482,0.00655785614630079,0.01121926015871906,0.00452902775473727,0.008694112593887564,0.006622155448026359,0.02086281346056366,0.006246128223162834,0.011391578374500347,0.006879827811800504,0.01066259426841771,0.00854021151227651,0.013270587861185764,0.002484950428970517,0.011953871752389001,0.004824186948821414,0.01023686499874762,0.0,0.006237551082436841,0.007419132036901678,0.016324468572777414,0.011018839907646709,0.010163169311233986,0.00932469897307098,0.010460562432970557,0.01296685356732964,0.005683422961197888,0.009876335661796175
241,2.3026344629961444,0.34695677052510787,0.010012241264205095,1.9167541193445108,2.274361052501661,2.437621236001107,1.8599405126014337,2.678301437952531,2.2747629878909845,2.5061394411813684,2.8314819088653818,1.964119119395232,2.5600265439940455,2.555122218010109,2.3959529494402187,2.388657746636764,2.2089437631122277,2.69275629226663,2.4062849971387483,2.5806087089050718,2.338526327575018,2.1882662390585215,2.3584520611594226,1.5028560767382193,2.6766131696443023,2.546200184148955,2.211606299451557,2.6059666595898716,1.8466541475340965,2.6577116282202415,1.7410291319725428,2.3843737093029067,1.4889432202506367,0.008950185139354538,0.010190893499854357,0.013392699561353793,0.007677048987932426,0.010641701195117181,0.01225674534819962,0.0019381234166302417,0.01486995527260493,0.010526513944834497,0.014142861782371794,0.011747682891385088,0.008034923189294118,0.008676809092160292,0.006903949224922051,0.012987694018375764,0.008749516011302924,0.006787921770182028,0.01391017109383045,0.006014974422930115,0.007672683910610962,0.006938706459028977,0.005194661802553532,0.011901846250076419,0.01254617259165085,0.007242213931368168,0.01378647163520913,0.011492098810985193,0.006397365294371121,0.009579182623773351,0.019215464753888918
242,2.2886165601136215,0.3599984570787753,0.01065754423498979,1.9167541193445108,2.274361052501661,2.437621236001107,1.8599405126014337,2.564782898495285,2.2747629878909845,2.5061394411813684,2.8314819088653818,1.964119119395232,2.5472433299695116,2.555122218010109,2.3959529494402187,2.358068772983277,2.2089437631122277,2.69275629226663,2.4062849971387483,2.5806087089050718,2.338526327575018,2.1882662390585215,2.3584520611594226,1.5028560767382193,2.6766131696443023,2.546200184148955,2.211606299451557,2.6059666595898716,1.8466541475340965,2.6577116282202415,1.4773827726321227,2.3843737093029067,1.4889432202506367,0.0058928584170557,0.005590445421208931,0.0169267167222357,0.0059950771670876785,0.01478824059093084,0.011440339021803636,0.015589605745052896,0.016013857356392776,0.01275258821642347,0.009607957212654283,0.012974999459757733,0.007065617808705392,0.008690673910014053,0.007397833014032873,0.012471013210531963,0.004944318447203516,0.013332483146948236,0.013850942485716044,0.012713205182612881,0.006262787468729607,0.008037977915683876,0.0037321109538921296,0.009542971626870667,0.009227595898100556,0.015207250107745412,0.018406829298875504,0.008015047662226589,0.006105320917274532,0.009287561632507782,0.017862101031418307
243,2.286263667088218,0.3603445210316188,0.010446828565222404,1.9167541193445108,2.274361052501661,2.437621236001107,1.8599405126014337,2.564782898495285,2.232325340805414,2.5061394411813684,2.8314819088653818,1.964119119395232,2.5472433299695116,2.555122218010109,2.3959529494402187,2.358068772983277,2.2089437631122277,2.69275629226663,2.4062849971387483,2.5806087089050718,2.338526327575018,2.1882662390585215,2.3584520611594226,1.5028560767382193,2.676146268052492,2.546200184148955,2.1839240573668346,2.6059666595898716,1.8466541475340965,2.6577116282202415,1.4773827726321227,2.3843737093029067,1.4889432202506367,0.011585870117955512,0.0038693063824899233,0.011801138561183032,0.005391453826961266,0.00802548175910387,0.006442389079385524,0.008794582451219416,0.021597165626401276,0.009427693035613575,0.015216180931726378,0.013203331168208713,0.011169440483938512,0.005614828981227135,0.0071059988485613875,0.015412542850629086,0.007818796599842165,0.006056419871979028,0.013938983952427705,0.016383287390512074,0.009022562744183856,0.010422479403447746,0.004981227403068613,0.013597406636895326,0.013013651971323946,0.007836879155427048,0.01864647983538488,0.005307886712259711,0.00829499833566015,0.004250868011938219,0.019175524827716978
244,2.2750101626249406,0.35494707093662015,0.009598875173741809,1.9167541193445108,2.2397012641943523,2.437621236001107,1.8599405126014337,2.564782898495285,2.224556678556557,2.5061394411813684,2.7570685006373172,1.964119119395232,2.5472433299695116,2.555122218010109,2.311004734862252,2.358068772983277,2.2089437631122277,2.69275629226663,2.4062849971387483,2.5806087089050718,2.338526327575018,2.1882662390585215,2.3584520611594226,1.5028560767382193,2.676146268052492,2.43217359352137,2.1839240573668346,2.605148363593376,1.8256839736220667,2.6577116282202415,1.4773827726321227,2.3843737093029067,1.4889432202506367,0.009713018420149117,0.0035827096744407917,0.01592454674339766,0.004625308923241013,0.007502999331469953,0.001901701923890407,0.006099715809832037,0.015037140988498468,0.01236945189732584,0.011305939597353045,0.013059552141145741,0.007249626671734927,0.010037010660720692,0.012202156286737098,0.016865176010266943,0.012080052027131305,0.010590636115775272,0.0,0.015088992877459129,0.01086515991573799,0.0045924224152370675,0.005611795487580405,0.013222766076731476,0.008975024295350704,0.010656793401952759,0.012972996202888084,0.005034748802801438,0.015154932567317144,6.203832950540728e-05,0.01558184161658241
245,2.267532614502444,0.354127915726271,0.010699564277442179,1.9167541193445108,2.2397012641943523,2.437621236001107,1.8599405126014337,2.564782898495285,2.186975249489944,2.5061394411813684,2.7570685006373172,1.964119119395232,2.5472433299695116,2.555122218010109,2.311004734862252,2.356900308994288,2.2089437631122277,2.69275629226663,2.4062849971387483,2.5806087089050718,2.186506445255081,2.1882662390585215,2.3584520611594226,1.5028560767382193,2.676146268052492,2.43217359352137,2.1839240573668346,2.605148363593376,1.8256839736220667,2.62415495992088,1.4773827726321227,2.3843737093029067,1.4889432202506367,0.014535969675352228,0.0069620232540532736,0.013474911416788419,0.007300901046493345,0.009375930541970471,0.003363023083209508,0.003460008422024038,0.011206522881858194,0.007692128495566635,0.014095133417822172,0.013319876148542598,0.009763045530311328,0.01719184782521254,0.012552243879393429,0.012661455470010751,0.007551274227768451,0.009461783832614916,0.012744077801077447,0.0189977541955092,0.01104018062656797,0.005043467195007494,0.0036134208247199724,0.01613197836168769,0.009397446375531533,0.010475802295864199,0.017120104966046563,0.006930550492683368,0.008586993399932925,0.01457215682993131,0.012364915809713386
246,2.2623536901173744,0.354638994160924,0.009525646977656175,1.9167541193445108,2.2397012641943523,2.437621236001107,1.8599405126014337,2.564782898495285,2.140771721016414,2.5061394411813684,2.7570685006373172,1.9458040626491884,2.5216047273460167,2.555122218010109,2.311004734862252,2.356900308994288,2.2089437631122277,2.69275629226663,2.4062849971387483,2.5806087089050718,2.186506445255081,2.1882662390585215,2.3056732524221393,1.5028560767382193,2.676146268052492,2.43217359352137,2.1839240573668346,2.605148363593376,1.813252238650318,2.62415495992088,1.4773827726321227,2.3843737093029067,1.4889432202506367,0.005363181416270838,0.005030224808819807,0.011035971589946321,0.001803464337276478,0.008582282431070398,0.007987704171175985,0.007088598402147871,0.012233953356868651,0.006553690602585439,0.015369802184833125,0.01228160779314614,0.015852815563612926,0.007428188340006934,0.00673958493261089,0.00594583136455244,0.006720482541904553,0.011790241926763732,0.015443272816633423,0.013641487105708094,0.011554531383746968,0.0052728473068985645,0.009041265147180276,0.011790952088836239,0.010167073942687363,0.01597087751071718,0.009922095936291689,0.00632184227565029,0.005342518068211948,0.009525275126376458,0.013967744857154176
247,2.2553223639160223,0.3580627388940225,0.009315223939368683,1.9167541193445108,2.2397012641943523,2.437621236001107,1.8599405126014337,2.564782898495285,1.9740103925809547,2.5061394411813684,2.7570685006373172,1.9359929889959173,2.5216047273460167,2.555122218010109,2.311004734862252,2.3495239967175263,2.2089437631122277,2.69275629226663,2.4062849971387483,2.5806087089050718,2.1628893034695946,2.1882662390585215,2.3056732524221393,1.5028560767382193,2.672772338162901,2.43217359352137,2.1839240573668346,2.605148363593376,1.813252238650318,2.62415495992088,1.4773827726321227,2.3843737093029067,1.4889432202506367,0.009727238141102346,0.0010801620189275947,0.012905939560245846,0.0,0.00404664999426048,0.00444917760867374,0.007612603342267755,0.008070218632651241,0.013519889107550176,0.01213271467136608,0.016701135791599094,0.01337056889848833,0.010972325979173407,0.008321277494314494,0.005951059932000182,0.009883381536016088,0.005036706122671941,0.01306372832764426,0.019742103059345987,0.011468341880142528,0.008886331125555012,0.004384704901373199,0.016258376027901113,0.008602554472411076,0.008436818490538234,0.012265157260004695,0.0038892764939499353,0.004714937037424415,0.008977658423255373,0.014985681850205856
248,2.251986737855006,0.35537940034856047,0.00866941369789961,1.9167541193445108,2.2397012641943523,2.437621236001107,1.8599405126014337,2.564782898495285,1.9740103925809547,2.4412997876981533,2.7570685006373172,1.9359929889959173,2.5216047273460167,2.555122218010109,2.311004734862252,2.3495239967175263,2.2089437631122277,2.6624335751696084,2.4062849971387483,2.5757022976548325,2.1628893034695946,2.1882662390585215,2.3056732524221393,1.5028560767382193,2.672772338162901,2.43217359352137,2.1839240573668346,2.605148363593376,1.813252238650318,2.62415495992088,1.4773827726321227,2.3843737093029067,1.4889432202506367,0.015507066919468378,0.0053608834768485115,0.013484244232033881,0.006502911458548552,0.008004024595361996,0.008906923674607908,0.006182266790054153,0.005116032458994842,0.007774957664076966,0.00442819153161329,0.015133759494495764,0.015779077301552542,0.008366174364219693,0.007966006600734902,0.014511971649896286,0.004769367106775367,0.01078289098170354,0.007490097511853994,0.008655339290445244,0.014051222358764444,0.006903230912817826,0.005516198777362456,0.0069400768994410675,0.005589301460646598,0.008839174548464971,0.010285476403149689,0.005371808317651826,0.004203242682581009,0.006726298225723698,0.010934193247098885
249,2.2383917166543954,0.3469188651006169,0.007592238761647318,1.9167541193445108,2.2397012641943523,2.437621236001107,1.8599405126014337,2.564782898495285,1.9740103925809547,2.217083333480702,2.7196030828610174,1.9359929889959173,2.5216047273460167,2.555122218010109,2.311004734862252,2.3495239967175263,2.2089437631122277,2.6624335751696084,2.4062849971387483,2.5757022976548325,2.1628893034695946,2.1882662390585215,2.3056732524221393,1.5028560767382193,2.526603574138321,2.43217359352137,2.1839240573668346,2.605148363593376,1.813252238650318,2.62415495992088,1.4773827726321227,2.3843737093029067,1.4889432202506367,0.008215268068485031,0.007081626508145592,0.015003514527753791,0.009675000551148944,0.009988787021557907,0.011740643777174091,0.0038643083737402635,0.006351676645454935,0.006066811280722353,0.0035319775717552885,0.009168883417264488,0.010966910088546339,0.0129733551589903,0.011322074514823316,0.011130987353085327,0.0066740642404383,0.007509468062496217,0.001207406715322775,0.003582744884651295,0.009737526324119172,0.009180940315847399,0.0010456212539208763,0.013755489183193224,0.007107378455250165,0.003086934743571066,0.008963535346671927,0.00395838164471821,0.00016051818378054917,0.0036387745483450573,0.011076554088445368
250,2.231810754334141,0.34624078803575853,0.008241972944834886,1.9167541193445108,2.2397012641943523,2.437621236001107,1.8599405126014337,2.564782898495285,1.8996307214929549,2.217083333480702,2.6249939192290523,1.934150161833259,2.5216047273460167,2.555122218010109,2.311004734862252,2.3495239967175263,2.2089437631122277,2.6624335751696084,2.4062849971387483,2.5757022976548325,2.1628893034695946,2.1882662390585215,2.3056732524221393,1.5028560767382193,2.526603574138321,2.43217359352137,2.1839240573668346,2.605148363593376,1.7866550309253104,2.62415495992088,1.4773827726321227,2.3843737093029067,1.4889432202506367,0.0074970630999676765,0.008840812448861323,0.015144038684499496,0.011469603215960193,0.006293531226397831,0.006808671604733835,0.0025326649349617304,0.0052340278818868505,0.0048462702863147555,0.0,0.010346738444547636,0.008946995344327956,0.01335307132845806,0.009798509824084565,0.005302305428792067,0.010228293682018491,0.0053257084848067565,0.012923152190650735,0.006841710466911349,0.01941251455193369,0.005819469721993443,0.007881451968663047,0.013482847751322947,0.005319337939470191,0.005525292301779687,0.001930180543152947,0.008875976694512441,0.003779096248564726,0.00696761803659878,0.016532234008873384
251,2.2241727811159575,0.3405984628477692,0.00929521603625628,1.9167541193445108,2.2397012641943523,2.437621236001107,1.8599405126014337,2.564782898495285,1.8996307214929549,2.217083333480702,2.5240856517787162,1.934150161833259,2.5216047273460167,2.555122218010109,2.311004734862252,2.3495239967175263,2.1929447246729628,2.6624335751696084,2.4062849971387483,2.5281296761700642,2.1628893034695946,2.1882662390585215,2.3056732524221393,1.5028560767382193,2.526603574138321,2.43217359352137,2.1839240573668346,2.605148363593376,1.7866550309253104,2.6236196792073945,1.4773827726321227,2.3202497208452653,1.4889432202506367,0.011783255336281823,0.011643710731754372,0.006122755340229482,0.010098636046091448,0.0054959199242298655,0.008495490378153744,0.006034330740100876,0.010475321356240581,0.006951728989849794,0.008530321953436318,0.015864346394315988,0.012057303998173872,0.0165567183450877,0.0032811059881863625,0.007160005182117268,0.009617297420123062,0.0044116760603359435,0.010068858364340674,0.012284327905223755,0.01314376852786299,0.010612394086697815,0.006301330131292503,0.006775758884912752,0.007045567193337795,0.009604325658394067,0.009974661117173394,0.012499509091903073,0.004838927975156071,0.010514227786534228,0.010612900180150816
252,2.215487177878583,0.34914504305578054,0.010213941143673551,1.9167541193445108,2.2397012641943523,2.437621236001107,1.748747378147375,2.564782898495285,1.8244032376759205,2.217083333480702,2.5240856517787162,1.8802747469692602,2.5216047273460167,2.555122218010109,2.311004734862252,2.3495239967175263,2.1929447246729628,2.6624335751696084,2.4062849971387483,2.5281296761700642,2.1628893034695946,2.1882662390585215,2.2854011884359875,1.5028560767382193,2.526603574138321,2.43217359352137,2.1839240573668346,2.605148363593376,1.7866550309253104,2.6236196792073945,1.4773827726321227,2.3202497208452653,1.4889432202506367,0.020327547346191598,0.017406195720218613,0.014245962224430106,0.007839903668930276,0.010302271649293442,0.0037564143725392165,0.007693162536149866,0.007189046427454785,0.007166762076771395,0.010653474986257207,0.011318251894487985,0.008676354153383229,0.010237877172322767,0.0071018566869428396,0.009396385839424197,0.006857786297927488,0.0063861477144255595,0.010952702920575492,0.01179279671862244,0.010985116825718793,0.019271485092534603,0.006919311115173298,0.00815998180495102,0.008140105638731488,0.006532402216878458,0.010393019967220703,0.010250814318387168,0.009417590926237483,0.009529541712034803,0.017517964285990246
253,2.2083629029779166,0.3437527286122677,0.009964753989471591,1.9167541193445108,2.2397012641943523,2.437621236001107,1.748747378147375,2.564782898495285,1.8244032376759205,2.217083333480702,2.5240856517787162,1.8802747469692602,2.5216047273460167,2.5024843512005686,2.311004734862252,2.3495239967175263,2.1929447246729628,2.6624335751696084,2.318583058234911,2.5281296761700642,2.1628893034695946,2.1882662390585215,2.2854011884359875,1.5028560767382193,2.526603574138321,2.43217359352137,2.1839240573668346,2.5317599222867675,1.7866550309253104,2.6236196792073945,1.4773827726321227,2.3202497208452653,1.4889432202506367,0.013641768505708677,0.010542142401084979,0.017630963941907742,0.007546900298840826,4.119532702046031e-05,0.0017226683239898518,0.009432567638877797,0.004889823449980238,0.011931941426597835,0.012616745695106873,0.011641600770147304,0.014212854373006494,0.013846488855971421,0.00755624704322914,0.010400896783182297,0.006959448237273367,0.007518203883546701,0.02083212766825582,0.0104874804014034,0.014697068018708983,0.01114976738480004,0.014856269848762007,0.001971224681962354,0.00510668028069798,0.010015688858583217,0.008578849372576337,0.006952506758791336,0.006548508515536311,0.013294925629099424,0.0123190653094986
254,2.2019998230656705,0.34130904266253,0.00971727766419044,1.9167541193445108,2.2397012641943523,2.437621236001107,1.748747378147375,2.564782898495285,1.8244032376759205,2.217083333480702,2.5240856517787162,1.8802747469692602,2.5216047273460167,2.5024843512005686,2.311004734862252,2.3495239967175263,2.1929447246729628,2.6624335751696084,2.318583058234911,2.5281296761700642,2.1628893034695946,2.1882662390585215,2.2854011884359875,1.5028560767382193,2.526603574138321,2.241281196153992,2.1839240573668346,2.5317599222867675,1.7866550309253104,2.6236196792073945,1.4773827726321227,2.3202497208452653,1.4889432202506367,0.005674830987744279,0.00853967144286961,0.00975762866030327,0.009381729224129517,0.006120779498367567,0.005151874693066558,0.015809475176106556,0.008041720309565271,0.013313440409803515,0.008703962502427621,0.015533009827350069,0.012962633916637462,0.008770842418013375,0.0077416116085149275,0.004788352560018232,0.007399948069508523,0.0073790689015124315,0.0116249564307843,0.013796475252895913,0.00815838712720973,0.013456940401956136,0.012925419305306739,0.011049100827402238,0.007351294643067188,0.005181648521455575,0.013281290516222462,0.013859352990319327,0.007761135671295028,0.006847638819338359,0.011154109212521395
255,2.1959222827700757,0.33738867455388977,0.010855857581729297,1.9167541193445108,2.238016479348993,2.312380567140018,1.748747378147375,2.564782898495285,1.8244032376759205,2.217083333480702,2.5240856517787162,1.8802747469692602,2.5216047273460167,2.5024843512005686,2.311004734862252,2.3492835024255077,2.182219453478901,2.6624335751696084,2.318583058234911,2.5281296761700642,2.1628893034695946,2.1882662390585215,2.2854011884359875,1.5028560767382193,2.526603574138321,2.241281196153992,2.1839240573668346,2.5317599222867675,1.7866550309253104,2.5791846895320742,1.4773827726321227,2.3202497208452653,1.4889432202506367,0.005877119745367856,0.005887476297392667,0.009582616665780004,0.009200067257614,0.007543601375343192,0.016612056595921104,0.013336565738591571,0.0037051763074316788,0.008941038629398441,0.011366964240802085,0.012731313882269031,0.005533213968099877,0.006385466448049099,0.010602966502156834,0.016622504289401433,0.011171443922560215,0.015893216933912928,0.012141864191956958,0.014037004664022926,0.014673863473863884,0.012467390629791275,0.010743744281925819,0.007851832708853826,0.01299287199840993,0.008838119128790043,0.012386466867189316,0.015584995738865742,0.011607758323374915,0.009315150925835583,0.012041855718906721
256,2.192328811352934,0.3351118293372488,0.00922043840318771,1.9167541193445108,2.238016479348993,2.312380567140018,1.748747378147375,2.564782898495285,1.8244032376759205,2.217083333480702,2.5240856517787162,1.8802747469692602,2.5216047273460167,2.5024843512005686,2.311004734862252,2.3390722328104805,2.182219453478901,2.6624335751696084,2.2769270483519937,2.4721928131537507,2.1628893034695946,2.1882662390585215,2.2854011884359875,1.5028560767382193,2.526603574138321,2.241281196153992,2.1839240573668346,2.5317599222867675,1.7866550309253104,2.5791846895320742,1.4773827726321227,2.3202497208452653,1.4889432202506367,0.010122973502622264,0.0028710873540922074,0.006198534627477926,0.007611304614589909,0.007936358995027397,0.005845835513085939,0.006182186429596196,0.005275967677013952,0.006490252919261072,0.009231915872307019,0.01745710629951418,0.004797757684471114,0.01169756807214255,0.005419232993026313,0.008115734431068186,0.017412245413073065,0.011150647673505463,0.011632931863803365,0.008190270052075932,0.01751668719544498,0.008871677620019286,0.009964184901748165,0.011707504928172721,0.003509233379767506,0.007588804144296748,0.011607939659936232,0.011823010336419767,0.0077507337445075755,0.008077941135960325,0.014555523061604028
257,2.1911986388428457,0.33501299926434674,0.009327404675115496,1.9167541193445108,2.2041113040463434,2.312380567140018,1.748747378147375,2.564782898495285,1.8244032376759205,2.217083333480702,2.5240856517787162,1.8802747469692602,2.5216047273460167,2.5024843512005686,2.311004734862252,2.3390722328104805,2.182219453478901,2.6624335751696084,2.2769270483519937,2.4721928131537507,2.1628893034695946,2.1882662390585215,2.2854011884359875,1.5028560767382193,2.526603574138321,2.241281196153992,2.1839240573668346,2.5317599222867675,1.7866550309253104,2.5791846895320742,1.4773827726321227,2.3202497208452653,1.4889432202506367,0.005137883419671379,0.009592726996957159,0.011275932379907025,0.011964886656563482,0.008379593060828059,0.0020537347100144064,0.006915111886685528,0.003506533830657267,0.006746895774347108,0.0096078592472623,0.013093620722940616,0.007112050453254842,0.005603975877417849,0.007348359509075534,0.008135835616248727,0.013009104959460137,0.012778592283537853,0.016362798804161128,0.010721051272154891,0.013088877530700654,0.01288152582903983,0.011086051010286764,0.006181292899264059,0.007332103745752142,0.015712374530906598,0.01278176511522575,0.008228274098662528,0.0028872449848036915,0.00877422747196863,0.01152185557570889
258,2.188875113851914,0.33863175315140304,0.009682544211282906,1.9167541193445108,2.2041113040463434,2.312380567140018,1.748747378147375,2.5521144307051,1.8244032376759205,2.217083333480702,2.5240856517787162,1.8802747469692602,2.5216047273460167,2.5024843512005686,2.311004734862252,2.3390722328104805,2.182219453478901,2.6624335751696084,2.2769270483519937,2.4721928131537507,2.1628893034695946,2.1882662390585215,2.2854011884359875,1.5028560767382193,2.526603574138321,2.241281196153992,2.1839240573668346,2.5317599222867675,1.7866550309253104,2.5791846895320742,1.4662832853815542,2.3202497208452653,1.443005425563435,0.006523541462644661,0.008975910090523316,0.014359064884753374,0.013572146552407903,0.014063316140702773,0.003887741836883141,0.0,0.012085663689640607,0.009909237241783978,0.011021721301981334,0.021194534842315572,0.0005832722662159973,0.006315546580498771,0.013926689801664642,0.009016383093302004,0.018446589313361024,0.009743649378779747,0.016763003292818296,0.0064313420817720965,0.005293222855206592,0.004542254132303108,0.009107803402212237,0.009136897317470218,0.008105515481704255,0.013465998133866243,0.013687103293303743,0.004409463755450367,0.0051756852330243665,0.009210794650317653,0.011522234231579206
259,2.168638733871217,0.33876425983199593,0.010682804534175389,1.7193304253093697,2.2041113040463434,2.312380567140018,1.748747378147375,2.518970607433119,1.8244032376759205,2.217083333480702,2.498343968327838,1.8802747469692602,2.4048723603514834,2.5024843512005686,2.311004734862252,2.3390722328104805,2.182219453478901,2.635183666018009,2.2769270483519937,2.418286531448221,2.1628893034695946,2.1882662390585215,2.2854011884359875,1.5028560767382193,2.526603574138321,2.241281196153992,2.031030416555599,2.5317599222867675,1.7866550309253104,2.5791846895320742,1.4662832853815542,2.3202497208452653,1.443005425563435,0.012346035939484301,0.008911004878278759,0.011083128574000935,0.01618500113929639,0.009848730522322827,0.0018596928321907835,0.0014210776246716096,0.007197960671153133,0.00875861719210903,0.013720546963793314,0.014628280789953917,0.014660396286454463,0.013595554917447092,0.01164035135831996,0.012964501477075901,0.010515671196990801,0.013536432532489671,0.015066753679421133,0.011945029637513281,0.01585038342429679,0.014370265073007562,0.005582694190583228,0.0037556149342662186,0.015668988026063327,0.00837660000393135,0.009248775115338547,0.009473130964617719,0.003933925335648696,0.004066863491353127,0.020272127253187857
260,2.1636386757607533,0.3368724754592049,0.010187124129924768,1.7193304253093697,2.2041113040463434,2.312380567140018,1.748747378147375,2.518970607433119,1.8244032376759205,2.217083333480702,2.483099499474385,1.8802747469692602,2.4048723603514834,2.5024843512005686,2.311004734862252,2.204314958350022,2.182219453478901,2.635183666018009,2.2769270483519937,2.418286531448221,2.1628893034695946,2.1882662390585215,2.2854011884359875,1.5028560767382193,2.526603574138321,2.241281196153992,2.031030416555599,2.5317599222867675,1.7866550309253104,2.5791846895320742,1.4662832853815542,2.3202497208452653,1.443005425563435,0.006362808042408881,0.0031520907230533535,0.018126654420281905,0.010543303641973704,0.010890555038374702,0.003951284526581247,0.010965437438209186,0.008891420758605469,0.012292314527333481,0.015167159517888676,0.017488827682550993,0.008821051352084915,0.0069792021868363896,0.007330630330431961,0.01620720061359331,0.006264676657829878,0.01644260400033067,0.013740016409806552,0.008739276252323751,0.0068304343570513544,0.010097514697323373,0.010261681761677154,0.006205821477268856,0.009422697202211136,0.013225789528442958,0.009388711109532167,0.011092346706326169,0.010167332090355651,0.005670895442567824,0.01089398540448733
261,2.1448827252323186,0.32210852273651364,0.010494976274845132,1.7193304253093697,2.2014737542181106,2.3084640853444722,1.748747378147375,2.518970607433119,1.8244032376759205,2.217083333480702,2.397628815560854,1.8596060276318203,2.4048723603514834,2.5024843512005686,2.311004734862252,2.204314958350022,2.182219453478901,2.635183666018009,2.2769270483519937,2.323762743073513,2.1628893034695946,2.1882662390585215,2.2854011884359875,1.5028560767382193,2.526603574138321,2.216575004431999,2.031030416555599,2.3497402057818317,1.7866550309253104,2.4304493051554066,1.4662832853815542,2.3202497208452653,1.443005425563435,0.011380497698086679,0.01812157296307913,0.015764202062378226,0.013096927535735247,0.013604260017837306,0.002011694992229911,0.014005854241619648,0.019609229275413528,0.007626184681830294,0.013250186184904792,0.011299358858487167,0.0009803122364456253,0.0052527171916210355,0.010762080551552833,0.01724262501582098,0.01194383978057402,0.011610023223673159,0.012865608943065614,0.007347727188433819,0.010952885350259865,0.006537824109192317,0.004802142677501138,0.002719439287656484,0.0076521981448504535,0.010874626954913803,0.010676453361684206,0.011610098118074261,0.016899100296706812,0.004779947423986995,0.00956966987773851
262,2.1421432810979275,0.3206993858166468,0.00979467125390791,1.7193304253093697,2.2014737542181106,2.3084640853444722,1.748747378147375,2.459928575177305,1.8244032376759205,2.217083333480702,2.397628815560854,1.8364647358559023,2.4048723603514834,2.5024843512005686,2.311004734862252,2.204314958350022,2.182219453478901,2.635183666018009,2.2769270483519937,2.323762743073513,2.1628893034695946,2.1882662390585215,2.2854011884359875,1.5028560767382193,2.526603574138321,2.216575004431999,2.031030416555599,2.3497402057818317,1.7866550309253104,2.4304493051554066,1.4662832853815542,2.3202497208452653,1.443005425563435,0.013210013313364221,0.010539858863978816,0.008723939763531172,0.010330198851973553,0.007930547699883468,0.010398571783563473,0.008045595248401715,0.015664950087340937,0.004246464060728642,0.013072551116527577,0.017908087309482533,0.005629280317176437,0.0020991345309141064,0.01750581774133647,0.01578618178465031,0.008150859305975939,0.0074041214627765485,0.009880931042336803,0.004515275480069538,0.015232053094704606,0.008077940785004725,0.006609158290142111,0.006914205545286588,0.010880339235755267,0.008035176216235082,0.0159734723227568,0.01282641916254188,0.0067108197616250875,0.004968981053878269,0.006569192385294646
263,2.1340023084301505,0.32018506035941663,0.009417874464812757,1.6671411459402674,2.2014737542181106,2.3084640853444722,1.748747378147375,2.459928575177305,1.816855377538229,2.217083333480702,2.397628815560854,1.8364647358559023,2.4048723603514834,2.5024843512005686,2.311004734862252,2.204314958350022,2.182219453478901,2.5918898059612983,2.1379941295976868,2.323762743073513,2.1628893034695946,2.1882662390585215,2.283135926720505,1.5028560767382193,2.526603574138321,2.216575004431999,2.031030416555599,2.3497402057818317,1.7866550309253104,2.4304493051554066,1.4662832853815542,2.3202497208452653,1.443005425563435,0.013762576291361246,0.005061772803414307,0.010932376789393738,0.0027631492147611246,0.009252095509825444,0.007972686949341817,0.0014541743484775256,0.008363458715548248,0.0076286376116968735,0.009936544341915394,0.015534629216974242,0.006225463585824506,0.006402703419472391,0.01703610567618446,0.007234799692701164,0.0062745720720541,0.011840645536839042,0.012317156532876758,0.005699810330890725,0.019086122617438906,0.004524028614168274,0.007143480798203066,0.011373517586721829,0.00846530226103098,0.007327676866030939,0.014726475179510125,0.009042852236139971,0.017500664289384463,0.008858864598211657,0.008793890257989346
264,2.127481335729208,0.3201533885350662,0.00968575281657083,1.6671411459402674,2.2014737542181106,2.3084640853444722,1.7471995395262678,2.459928575177305,1.8097625452374335,2.217083333480702,2.3873862329242432,1.8364647358559023,2.4048723603514834,2.5024843512005686,2.311004734862252,2.182872631264051,2.182219453478901,2.5918898059612983,2.1379941295976868,2.323762743073513,2.1628893034695946,2.1882662390585215,2.283135926720505,1.5028560767382193,2.466460581396117,2.216575004431999,2.031030416555599,2.3497402057818317,1.7866550309253104,2.3850455723360686,1.4662832853815542,2.3202497208452653,1.3932485507411738,0.0141477480055665,0.010445461478623795,0.013816413398002842,0.008448905997935024,0.012420121546156878,0.004109730874724834,0.010427033055949171,0.007580120672751035,0.013422996057276529,0.001383757164083913,0.017022169259950575,0.0016330125108401062,0.007838465268548735,0.01336017879847837,0.002273940479100712,0.003394963506789053,0.015127316596745106,0.005159948940264253,0.011700420096806026,0.019302990063082885,0.0097015707666756,0.0012041347626331942,0.016031313961355906,0.016662808301610224,0.0047933312140859075,0.013337552142481073,0.006282927048000376,0.017066721856202092,0.004150454535302957,0.008326076137101245
265,2.1261718498547295,0.31902339094446264,0.009701462977307625,1.6671411459402674,2.2014737542181106,2.3084640853444722,1.7471995395262678,2.4459272584974063,1.8097625452374335,2.217083333480702,2.3621029733697907,1.8364647358559023,2.4048723603514834,2.5024843512005686,2.311004734862252,2.182872631264051,2.182219453478901,2.5918898059612983,2.1379941295976868,2.323762743073513,2.1628893034695946,2.1882662390585215,2.283135926720505,1.5028560767382193,2.466460581396117,2.216575004431999,2.031030416555599,2.3497402057818317,1.7866550309253104,2.3850455723360686,1.4662832853815542,2.3202497208452653,1.3932485507411738,0.01854631122266296,0.010341600537343457,0.011095760706715217,0.008531008807136965,0.007239299991077121,0.002335019381925298,0.011172744614676147,0.011037038438516517,0.008275731185608466,0.010776998019604423,0.019849565933405595,0.0008458297283695749,0.0031745136195897115,0.0100122986646694,0.0007598784402735907,0.007830994894989512,0.017215922900070173,0.01128115271603274,0.004941807034908968,0.012076883067610886,0.011407857448100758,0.009942776285715205,0.011675726305224395,0.010784513942311431,0.01111062853876896,0.016606305470108332,0.005328042871881367,0.013924583868296132,0.006473570772661775,0.006449523910973689
266,2.1106041324315172,0.31420807981995447,0.009739988989082092,1.6671411459402674,2.2014737542181106,2.3007522848537936,1.7471995395262678,2.4459272584974063,1.8097625452374335,2.1333485249607453,2.3621029733697907,1.8364647358559023,2.3380433689932123,2.5024843512005686,2.311004734862252,2.182872631264051,2.182219453478901,2.5918898059612983,2.0439678136720407,2.323762743073513,2.1628893034695946,2.08214227270042,2.283135926720505,1.5028560767382193,2.466460581396117,2.216575004431999,2.031030416555599,2.3497402057818317,1.7866550309253104,2.309265105375506,1.4662832853815542,2.287424547762108,1.3932485507411738,0.01917092149951511,0.013211073804116553,0.00632160425572041,0.01055014048951261,0.006788613360364716,0.008986102658912386,0.011569284620719423,0.00801694563388528,0.00866045514206154,0.007640201803149338,0.01868919611916514,0.008346920067905017,0.007018543347181996,0.01325600897894148,0.003912307779822897,0.009257932839068112,0.013771419659751608,0.009134852623085629,0.0038245163750368935,0.0130184414475722,0.01735466387658454,0.00872029705188714,0.006320319168443248,0.009410807344288202,0.008373123316393359,0.015417562576973218,0.009098125052560123,0.007513243805944193,0.005029084448818782,0.003816960525081563
267,2.102855873145819,0.3096950594442304,0.009938009988662722,1.6671411459402674,2.2014737542181106,2.287610307539872,1.7471995395262678,2.3095939317934726,1.8097625452374335,2.1333485249607453,2.3621029733697907,1.8364647358559023,2.3380433689932123,2.5024843512005686,2.311004734862252,2.182872631264051,2.0992469789258092,2.5918898059612983,2.0439678136720407,2.323762743073513,2.1628893034695946,2.08214227270042,2.283135926720505,1.5028560767382193,2.466460581396117,2.216575004431999,2.031030416555599,2.3497402057818317,1.7866550309253104,2.309265105375506,1.4662832853815542,2.287424547762108,1.3932485507411738,0.016977133937415564,0.013250423704775057,0.00872742071337606,0.016847549354360804,0.005795514297061533,0.009575484136801643,0.011605349980832213,0.0037470863244946865,0.011291788443680213,0.004005242677953242,0.015610211278995057,0.008263490439532869,0.00910639777922239,0.009934902360213169,0.0009995028936692276,0.014514424053645251,0.015831686970576957,0.010534973520076794,0.010987081743225017,0.008885948926626941,0.014946725804446833,0.014294891659738296,0.00992241112492392,0.013667190563642398,0.0105191406636895,0.008481588968006845,0.001105938123063925,0.007999838386865432,0.0008033637465458121,0.009907597082424006
268,2.096463047382291,0.30711070949041197,0.01027081060241817,1.6671411459402674,2.2014737542181106,2.1177486159436794,1.7471995395262678,2.3095939317934726,1.8097625452374335,2.1333485249607453,2.3621029733697907,1.8364647358559023,2.3380433689932123,2.5024843512005686,2.311004734862252,2.172459199577926,2.0992469789258092,2.580380156337768,2.0439678136720407,2.323762743073513,2.1628893034695946,2.08214227270042,2.283135926720505,1.5028560767382193,2.466460581396117,2.216575004431999,2.031030416555599,2.3497402057818317,1.7866550309253104,2.309265105375506,1.4662832853815542,2.287424547762108,1.3932485507411738,0.014318014225128912,0.012039271042733867,0.01640816543897101,0.009763503533862402,0.006795576863752115,0.013882668056312313,0.009575321866017667,0.002392610711708482,0.012456171502419375,0.007828824716020874,0.015048327735942984,0.007542853052098259,0.007786042202397428,0.012418765176896863,0.009075979623590594,0.006938973372967209,0.017161669677340445,0.00971611436543088,0.005389143693533216,0.017756139284417157,0.010742081877985974,0.01437084048088794,0.015268911449532305,0.015122112822847467,0.011825881427796307,0.010864546907151997,0.0029065882361245755,0.004125006761698007,0.001521920752197449,0.007082291214781065
269,2.0890260753014953,0.31416284069713646,0.010088020328195887,1.6671411459402674,2.2014737542181106,2.1177486159436794,1.7471995395262678,2.3095939317934726,1.8097625452374335,2.1333485249607453,2.3621029733697907,1.8364647358559023,2.3380433689932123,2.5024843512005686,2.311004734862252,2.172459199577926,1.967195079383416,2.580380156337768,2.0439678136720407,2.323762743073513,2.1628893034695946,2.08214227270042,2.283135926720505,1.411798813856738,2.466460581396117,2.216575004431999,2.031030416555599,2.3497402057818317,1.7866550309253104,2.309265105375506,1.4662832853815542,2.287424547762108,1.3932485507411738,0.01478959118709937,0.008313343900229588,0.012297599055557324,0.005268266280878141,0.0124596499888897,0.008256420356548748,0.018626276641308906,0.004306446593691699,0.001974685064915023,0.011633367986908658,0.013427783597024205,0.004306951131238736,0.013801125715341587,0.009653054367280832,0.006900071719560617,0.018026695467149953,0.01729885769598705,0.00774738320833012,0.012050411034203007,0.010660631334161449,0.0038306985163963133,0.012536469992523452,0.01719034472297504,0.01699440957317399,0.008843888898267205,0.00755788715643951,0.011808310695920907,0.009664414424257629,0.0,0.0024155735396178685
270,2.083768697130261,0.3148725952945597,0.010142373374866842,1.6671411459402674,2.2014737542181106,2.1177486159436794,1.6705263899516258,2.3095939317934726,1.8097625452374335,2.1333485249607453,2.3621029733697907,1.8364647358559023,2.3380433689932123,2.5024843512005686,2.311004734862252,2.1523784972821542,1.967195079383416,2.5482968925326657,2.0439678136720407,2.323762743073513,2.1628893034695946,2.08214227270042,2.283135926720505,1.411798813856738,2.466460581396117,2.216575004431999,2.031030416555599,2.3497402057818317,1.7866550309253104,2.309265105375506,1.4662832853815542,2.2585403183006005,1.3932485507411738,0.02009787536630755,0.011219382827142304,0.007247143050153037,0.008180998063824168,0.0024887551491691046,0.004564043098513676,0.007855273547046468,0.007364476179440576,0.004088707477420502,0.017057522113325407,0.011644693242588506,0.013016198555291607,0.012131765931819695,0.007108281536991121,0.007308758024812744,0.01287008909166806,0.020188252944565704,0.009648015498672372,0.015242419760907839,0.01297389297982613,0.006321354830239652,0.013646362640974788,0.016131841912223558,0.008303174143773094,0.010502542396114803,0.009111018384539489,0.006625459152171212,0.010384979373984362,0.0006162318865247164,0.01033169208597309
271,2.0707522508289853,0.3130843895033969,0.01043542693299961,1.6671411459402674,2.2014737542181106,2.1177486159436794,1.6705263899516258,2.3095939317934726,1.705696525718594,2.1333485249607453,2.214480793138162,1.8364647358559023,2.3380433689932123,2.5024843512005686,2.311004734862252,2.1523784972821542,1.967195079383416,2.5482968925326657,2.0439678136720407,2.323762743073513,2.1628893034695946,2.08214227270042,2.144330737432693,1.411798813856738,2.466460581396117,2.216575004431999,2.031030416555599,2.3497402057818317,1.7866550309253104,2.309265105375506,1.4662832853815542,2.2585403183006005,1.3932485507411738,0.014730810743929278,0.00875199498571956,0.010099985460398054,0.007868883430298717,0.006981420281452344,0.004789263482304288,0.01538157114663164,0.012151237935575732,0.010570274978692581,0.0183538769801972,0.014580503610873388,0.011606354792822049,0.0060413552502855275,0.007980148917005558,0.0029428584410110124,0.013783649805540253,0.015834552601876484,0.014154194857509765,0.011416671784578735,0.011136179533105132,0.010089509237661623,0.014278521447777219,0.015288214450602041,0.0044540063815274224,0.01721235458855429,0.010078355195466827,0.005697783634204566,0.012507192942639219,0.0010270459125513995,0.003274035179196271
272,2.0647029239748,0.3130510772213033,0.009791043641432509,1.6671411459402674,2.2014737542181106,2.1177486159436794,1.6705263899516258,2.3095939317934726,1.705696525718594,2.1333485249607453,2.214480793138162,1.8364647358559023,2.3380433689932123,2.5024843512005686,2.311004734862252,2.1523784972821542,1.967195079383416,2.5482968925326657,2.0439678136720407,2.323762743073513,2.039463884224397,2.08214227270042,2.144330737432693,1.411798813856738,2.466460581396117,2.216575004431999,1.9729760301752397,2.3497402057818317,1.7866550309253104,2.309265105375506,1.4662832853815542,2.2585403183006005,1.3932485507411738,0.01311806214370759,0.015042482105479888,0.011839541519965203,0.005755435150212361,0.004779680735121058,0.002330961346596328,0.011507750409843889,0.010816292801220007,0.005643380349684645,0.022005838148358155,0.012162155371602004,0.008662173706432541,0.011123811312684901,0.00924096394043745,0.007209715870473743,0.014967095946076257,0.016866902946204552,0.016075621156167844,0.012421379420060361,0.00615770612294153,0.005969825669889564,0.0136258834559301,0.013277703957751972,0.00026747615333499666,0.013661170131702748,0.008853046082901632,0.007147852589700732,0.009200056909429731,0.002299892035460775,0.0017014517536027207
273,2.0621507162134898,0.31135165112298446,0.009538443856838413,1.6671411459402674,2.2014737542181106,2.1177486159436794,1.6705263899516258,2.2330276989541784,1.705696525718594,2.1333485249607453,2.214480793138162,1.8364647358559023,2.3380433689932123,2.5024843512005686,2.311004734862252,2.1523784972821542,1.967195079383416,2.5482968925326657,2.0439678136720407,2.323762743073513,2.039463884224397,2.08214227270042,2.144330737432693,1.411798813856738,2.466460581396117,2.216575004431999,1.9729760301752397,2.3497402057818317,1.7866550309253104,2.309265105375506,1.4662832853815542,2.2585403183006005,1.3932485507411738,0.011463082472007162,0.005385193140416926,0.01171756543354004,0.004951976761382233,0.0015391547548816754,0.0046416468151102355,0.013990899747379252,0.005639587906451127,0.0020112313562532214,0.015534444759194355,0.0112033586469111,0.01012582383826574,0.00994304969010711,0.012213017088532892,0.006113248934595277,0.014756264046280585,0.017622391004847818,0.0148769397770263,0.004796136976192363,0.008404036396814921,0.008591274144626319,0.01669683938808428,0.013571656244820941,0.0027213593994986542,0.01688155561494667,0.006809113958245757,0.00525124067197235,0.015751620331855013,0.004476429122696999,0.00847317728221509
274,2.0592636245345384,0.312528761597234,0.008950289763973775,1.6671411459402674,2.2014737542181106,2.1177486159436794,1.6481747551581702,2.2330276989541784,1.705696525718594,2.1333485249607453,2.214480793138162,1.8364647358559023,2.3380433689932123,2.5024843512005686,2.311004734862252,2.1523784972821542,1.916862303202365,2.5482968925326657,2.0439678136720407,2.323762743073513,2.039463884224397,2.08214227270042,2.144330737432693,1.411798813856738,2.466460581396117,2.216575004431999,1.9729760301752397,2.3358118663877865,1.7866550309253104,2.309265105375506,1.4662832853815542,2.2585403183006005,1.3932485507411738,0.004394798902846299,0.00829168164882495,0.011582373307827252,0.009311900796242365,0.007063564388228361,0.0023048661628987505,0.008285671515097964,0.0009597946986145495,0.0028439367281905543,0.014148667174266254,0.01655601461707129,0.012444336942324472,0.01156242037455534,0.012231036379446999,0.008632706596164967,0.013742325975461928,0.019517141436448903,0.008292785966936604,0.004773054677046918,0.004670210937430044,0.016528833836116447,0.010974450047808915,0.010892394304552794,0.004140506013129965,0.010564801351436911,0.005917315047392141,0.0,0.014714187603158936,0.00352042596950366,0.00964648952018873
275,2.05505839126874,0.31773711443589603,0.010342237800603555,1.556041771006829,2.2014737542181106,2.1177486159436794,1.6481747551581702,2.2330276989541784,1.705696525718594,2.1333485249607453,2.214480793138162,1.8364647358559023,2.3380433689932123,2.5024843512005686,2.311004734862252,2.1523784972821542,1.916862303202365,2.5482968925326657,2.0439678136720407,2.323762743073513,2.039463884224397,2.067084649659915,2.144330737432693,1.411798813856738,2.466460581396117,2.216575004431999,1.9729760301752397,2.3358118663877865,1.7866550309253104,2.309265105375506,1.4662832853815542,2.2585403183006005,1.3932485507411738,0.013108754334708301,0.011114000000460882,0.014055328963300513,0.012443020679633784,0.013651994243501357,0.006849116687430932,0.013027099802049037,0.011031803483533094,0.006530465176512394,0.015351316551341485,0.01709667158243467,0.007955153786326363,0.005328426273585387,0.007624940477036298,0.008060553648820681,0.014067825233349417,0.02068766340948334,0.012807122394728254,0.001457366581235916,0.010923467523302945,0.016239488748732028,0.009984977819322284,0.008970119902676928,0.008738951818575603,0.004739557701532612,0.0056384327051069464,0.008043855540143828,0.008913695677191531,0.009397646274073104,0.006428316997976781
276,2.050999956376296,0.3173708057372247,0.010054366548090419,1.556041771006829,2.2014737542181106,2.1177486159436794,1.6481747551581702,2.2330276989541784,1.705696525718594,2.1333485249607453,2.214480793138162,1.8364647358559023,2.3380433689932123,2.5024843512005686,2.311004734862252,2.1523784972821542,1.916862303202365,2.5482968925326657,2.0439678136720407,2.323762743073513,2.039463884224397,2.067084649659915,2.044128085618692,1.411798813856738,2.453695248539955,2.216575004431999,1.9729760301752397,2.3358118663877865,1.7866550309253104,2.309265105375506,1.4662832853815542,2.2585403183006005,1.384463488638009,0.010081875785548535,0.01160978483137791,0.0106842465760924,0.005359181482480396,0.00877397663545059,0.0024593896911051082,0.016894890420268423,0.009795436130021111,0.0022457033953507195,0.007511250418273462,0.018599392363697582,0.009362364459700727,0.013048733345813697,0.011388408352496292,0.01755957716804165,0.00790593972662175,0.013204523737108457,0.013326967072926252,0.0,0.011856429033963906,0.015310890692003138,0.012540260302900508,0.00685394940773133,0.016445591082885878,0.010924360490126602,0.00914078999199527,0.00716436553205849,0.004981911645135034,0.008092455937144902,0.008508350734392432
277,2.0460174239382423,0.31611389504926174,0.010829605411324099,1.556041771006829,2.2014737542181106,2.1177486159436794,1.590731218107241,2.2330276989541784,1.705696525718594,2.1333485249607453,2.214480793138162,1.8364647358559023,2.3266423042787285,2.421852979824369,2.311004734862252,2.1523784972821542,1.916862303202365,2.5482968925326657,2.0439678136720407,2.323762743073513,2.039463884224397,2.067084649659915,2.044128085618692,1.411798813856738,2.453695248539955,2.216575004431999,1.9729760301752397,2.3358118663877865,1.7866550309253104,2.309265105375506,1.4662832853815542,2.2585403183006005,1.384463488638009,0.015113579087917228,0.014785030502006111,0.010001932099895814,0.01095586383350976,0.004527968174531505,0.0016333039028819244,0.012391476624449185,0.005344251113818553,0.0021285540633382057,0.00922137062815223,0.012951264952469774,0.01042600646734288,0.008666073394078681,0.013346633379319118,0.008522556435522643,0.010738398900944092,0.010609095913861794,0.012872960761685096,0.0032235224719768226,0.016873653355563466,0.01680438745498131,0.012534284190625916,0.016826211601988068,0.013478251273975143,0.019044899420011877,0.013769995616606636,0.013319808794196348,0.004479960263574791,0.007294075497056279,0.013002792163441768
278,2.0419040187937845,0.31748450232055225,0.011840659495286354,1.556041771006829,2.2014737542181106,2.113708250235803,1.590731218107241,2.2330276989541784,1.705696525718594,2.1333485249607453,2.214480793138162,1.8364647358559023,2.3266423042787285,2.421852979824369,2.311004734862252,2.1523784972821542,1.916862303202365,2.5482968925326657,2.0439678136720407,2.323762743073513,2.039463884224397,2.067084649659915,2.044128085618692,1.411798813856738,2.453695248539955,2.1900383145458098,1.8956331527251682,2.3358118663877865,1.7866550309253104,2.309265105375506,1.4508010640919697,2.2585403183006005,1.384463488638009,0.013958548574853215,0.018678354482022687,0.005196856440516516,0.014206869229308267,0.011196291454701442,0.001850566311166524,0.007987645165681234,0.012408026428762856,0.0072131510044112475,0.013297837676401783,0.016729841498326705,0.010780552880150465,0.011204581050450914,0.012797939562703744,0.011940927573634965,0.010438109229904785,0.009983641476918492,0.012275792610163247,0.009341388501147666,0.01772801838541305,0.011948076083520451,0.010600599509117072,0.01579550045722543,0.007426273107204704,0.014542868557634096,0.01779423686492717,0.013719597275071847,0.006291338308100672,0.008523861260038321,0.01936249389911101
279,2.035770752146962,0.31294694432288356,0.0100927826119418,1.556041771006829,2.2014737542181106,2.113708250235803,1.590731218107241,2.2330276989541784,1.705696525718594,2.1333485249607453,2.214480793138162,1.8364647358559023,2.2148914647499045,2.421852979824369,2.311004734862252,2.1523784972821542,1.9160064829749115,2.5482968925326657,2.0439678136720407,2.323762743073513,2.039463884224397,2.067084649659915,2.044128085618692,1.411798813856738,2.453695248539955,2.1900383145458098,1.8956331527251682,2.266330105367818,1.7866550309253104,2.309265105375506,1.4488914854635415,2.2585403183006005,1.384463488638009,0.00768635526256266,0.010808260868795072,0.0043688464690633715,0.011565438013731577,0.009294846664624759,0.0011917970066170221,0.009010554498742657,0.012980877441254618,0.00905190087779066,0.02015723191263985,0.01151060250467513,0.010890700596773563,0.014102673004095892,0.005521134903572077,0.006339198372520127,0.01792387557673106,0.004312139421184993,0.009858309017751322,0.004205925237327147,0.01568600678937538,0.009558369107952384,0.009744834541630075,0.014239422007189565,0.013316219318785722,0.006829769673001059,0.012341093645531622,0.015319798065775141,0.007673520366514894,0.002452380015242196,0.014841397176802445
280,2.0289332658431136,0.3152947841981271,0.009101877501120577,1.556041771006829,2.2014737542181106,2.113708250235803,1.590731218107241,2.2330276989541784,1.705696525718594,2.1333485249607453,2.214480793138162,1.8364647358559023,2.2148914647499045,2.3783474797472164,2.311004734862252,2.1523784972821542,1.9160064829749115,2.5482968925326657,2.0439678136720407,2.323762743073513,2.039463884224397,1.9649150331880034,2.044128085618692,1.411798813856738,2.453695248539955,2.1900383145458098,1.8956331527251682,2.266330105367818,1.7866550309253104,2.309265105375506,1.389442012897153,2.2585403183006005,1.384463488638009,0.012884088141360165,0.007899417692507463,0.00012593551489030737,0.007951368984382283,0.011009902111697199,0.00468654345730188,0.009974687247091702,0.008987703367000055,0.009834131703687328,0.01932189716772817,0.01131978423737764,0.006100269826138104,0.014295975451525899,0.007838228145441979,0.005865364673459449,0.005897281980524614,0.004700472718504835,0.004758431141691245,0.01163477537987007,0.012486874682387955,0.010507759469833577,0.00923418428691651,0.01653216111365482,0.009438848795801784,0.013869953852236376,0.003065409482267292,0.01251786104837397,0.007307154643538068,0.001265331259218593,0.011744527457207917
281,2.0272789977614147,0.31831602167152906,0.010069867067551315,1.556041771006829,2.2014737542181106,2.113708250235803,1.590731218107241,2.2330276989541784,1.705696525718594,2.1333485249607453,2.214480793138162,1.8364647358559023,2.2148914647499045,2.3783474797472164,2.311004734862252,2.1523784972821542,1.9160064829749115,2.5482968925326657,2.0439678136720407,2.323762743073513,2.039463884224397,1.9577554216180109,2.044128085618692,1.411798813856738,2.453695248539955,2.1900383145458098,1.8956331527251682,2.266330105367818,1.7866550309253104,2.309265105375506,1.389442012897153,2.2585403183006005,1.3419950577570394,0.011412688465223328,0.011860049692161211,0.005320619417869579,0.011569143100097263,0.008270340858697755,0.006836534152524989,0.011500272033831627,0.0070259600960174175,0.009929175178717704,0.016612660748980882,0.007909122996159826,0.015255728768077568,0.013693751434619273,0.003947872411133814,0.004223205850803249,0.009437522655604857,0.005771467046668156,0.0037347911513674475,0.008173302101262896,0.011554692764023659,0.00665619417528611,0.012075287622955485,0.020617933263779344,0.01087318797657636,0.013640524623653527,0.007717087951058406,0.01842653562213775,0.009132508685508906,0.006150707278590908,0.012767143903150188
282,2.026124037027752,0.31829291298422113,0.011181373655728943,1.556041771006829,2.2014737542181106,2.113708250235803,1.590731218107241,2.2330276989541784,1.705696525718594,2.1333485249607453,2.214480793138162,1.8364647358559023,2.2148914647499045,2.3783474797472164,2.311004734862252,2.1523784972821542,1.9160064829749115,2.5482968925326657,2.0265120694346384,2.323762743073513,2.022270806451911,1.9577554216180109,2.044128085618692,1.411798813856738,2.453695248539955,2.1900383145458098,1.8956331527251682,2.266330105367818,1.7866550309253104,2.309265105375506,1.389442012897153,2.2585403183006005,1.3419950577570394,0.016597233947792226,0.005482483313956415,0.008796297401890073,0.008702106332846543,0.011347710286025707,0.005806475602334878,0.007673499405270386,0.004714274522949685,0.015370555677151955,0.020526682807343887,0.01132371901790532,0.012823888334035248,0.01441029313711791,0.005467976393527303,0.0058623369888289615,0.009149129927314717,0.00806702415137338,0.008935085687986843,0.010290895206203205,0.019119485826939557,0.011523312770666786,0.013312139114085809,0.01647949249433008,0.014854713125996337,0.01047276983160938,0.005689161927763958,0.016930011948494184,0.010621016678169008,0.015915211839696044,0.009176225972262477
283,2.0179004880097997,0.31851959625025467,0.01233495800846606,1.556041771006829,2.2014737542181106,2.0142377572813293,1.590731218107241,2.2330276989541784,1.6465103348829015,2.0965059821875554,2.214480793138162,1.8364647358559023,2.2148914647499045,2.3772624261383837,2.311004734862252,2.1523784972821542,1.9160064829749115,2.5482968925326657,2.0265120694346384,2.323762743073513,2.022270806451911,1.9362372562937407,2.044128085618692,1.411798813856738,2.4250912234978483,2.1900383145458098,1.8956331527251682,2.266330105367818,1.7866550309253104,2.309265105375506,1.389442012897153,2.2585403183006005,1.3419950577570394,0.01338106196289633,0.004763139501662432,0.013525186458319632,0.016234495118276984,0.015366373683256716,0.0068296429914352814,0.008480138532392947,0.006018918823774256,0.014383387693682815,0.01620725758094271,0.018078876027286625,0.012621780954488702,0.015671491465399635,0.012167716837667996,0.008892471663263539,0.00929740631888916,0.012681565062689526,0.008315442762929469,0.011833831426183088,0.013934073020893743,0.011597379388681574,0.012510805044170877,0.015058876897784457,0.01447146324001209,0.012670814660096466,0.006012788429861132,0.018999009023634845,0.013187991011417662,0.014119360490933867,0.012735994181057201
284,2.005888252541644,0.3148481077700149,0.011374124555768134,1.556041771006829,2.2014737542181106,2.0142377572813293,1.53781145969888,2.2330276989541784,1.6465103348829015,2.0965059821875554,2.105606987949628,1.8364647358559023,2.2148914647499045,2.3772624261383837,2.311004734862252,2.1523784972821542,1.9160064829749115,2.5482968925326657,2.0265120694346384,2.251281231179235,2.0022261656940192,1.9362372562937407,2.044128085618692,1.411798813856738,2.4250912234978483,2.1900383145458098,1.8956331527251682,2.266330105367818,1.7866550309253104,2.2958634562309865,1.389442012897153,2.1658946196495212,1.3419950577570394,0.01244363982342638,0.0067448604319057534,0.007457312294700967,0.021913674217500165,0.005199558206192254,0.007962448443171089,0.011677071658687544,0.010098601010256069,0.015203135374939714,0.014966164149574657,0.02087629165320442,0.011526276517695392,0.007245630668894815,0.010397954895364084,0.006905367676845332,0.01363291227698311,0.009922828315737731,0.01859173423479543,0.013747311383876809,0.009477583309187994,0.013011752485590474,0.004962712725601221,0.018709833930594975,0.018624172428215013,0.011190853893240848,0.0007887965091486618,0.014892154079374088,0.006378678062348676,0.008981449196879541,0.007692976819110806
285,2.005888252541644,0.3148481077700149,0.010704233906713543,1.556041771006829,2.2014737542181106,2.0142377572813293,1.53781145969888,2.2330276989541784,1.6465103348829015,2.0965059821875554,2.105606987949628,1.8364647358559023,2.2148914647499045,2.3772624261383837,2.311004734862252,2.1523784972821542,1.9160064829749115,2.5482968925326657,2.0265120694346384,2.251281231179235,2.0022261656940192,1.9362372562937407,2.044128085618692,1.411798813856738,2.4250912234978483,2.1900383145458098,1.8956331527251682,2.266330105367818,1.7866550309253104,2.2958634562309865,1.389442012897153,2.1658946196495212,1.3419950577570394,0.013711939037279318,0.008567021617972032,0.010665624484764274,0.009882258388763781,0.00478881254829169,0.007976924669129309,0.0111344565734512,0.012490921465421523,0.011890997327269668,0.01694013672216648,0.017026203357741694,0.013947036108494093,0.005419693990824335,0.013599130237256658,0.00879604638062414,0.009135230311538359,0.008488718285979134,0.011287577277986375,0.014102299179650267,0.004503505231417625,0.012306281919056947,0.0033473888894846515,0.01611583976293438,0.018533704070557617,0.013043860707497263,0.0,0.013368672172138728,0.009313669527276431,0.011873656023551,0.008869410932887319
286,2.002123802687929,0.3136025234345087,0.00987207526120287,1.556041771006829,2.2014737542181106,2.0142377572813293,1.53781145969888,2.2330276989541784,1.6465103348829015,2.0682167948973995,2.105606987949628,1.8364647358559023,2.2148914647499045,2.3772624261383837,2.311004734862252,2.1523784972821542,1.9160064829749115,2.5482968925326657,2.0265120694346384,2.1929486821919295,2.0022261656940192,1.9362372562937407,2.044128085618692,1.411798813856738,2.4250912234978483,2.1900383145458098,1.8693213933911825,2.266330105367818,1.7866550309253104,2.2958634562309865,1.389442012897153,2.1658946196495212,1.3419950577570394,0.011223134012668227,0.006506224467612189,0.013200411237009827,0.010236386366457809,0.012960804824287133,0.008817749715363313,0.010230616190091428,0.008529321111934733,0.011376988299881872,0.014092914704968557,0.019821500116780702,0.012000801644870792,0.005915787453954164,0.015486625259724053,0.010968469721994658,0.0036737923698757146,0.00657026960154716,0.012330156824001171,0.008682800521032812,0.004657837854591612,0.008911074872750767,0.0062698063122352135,0.015851073918220118,0.00820716006190781,0.014981172924955632,0.007264649919391588,0.007467060804787315,0.003762567716066783,0.007148348469646258,0.009016750537476624
287,1.996149422351933,0.3122637835626548,0.010332252664879445,1.556041771006829,2.2014737542181106,2.0142377572813293,1.53781145969888,2.1753041758414224,1.6465103348829015,2.0682167948973995,2.105606987949628,1.8364647358559023,2.2148914647499045,2.3772624261383837,2.311004734862252,2.1523784972821542,1.9160064829749115,2.5482968925326657,2.0265120694346384,2.1929486821919295,2.0022261656940192,1.852838801729725,2.044128085618692,1.411798813856738,2.4250912234978483,2.1900383145458098,1.8693213933911825,2.2282206729647034,1.7866550309253104,2.2958634562309865,1.389442012897153,2.1658946196495212,1.3419950577570394,0.012296086586690909,0.014497105427084347,0.009981552891092092,0.010432800463713322,0.003952234920126034,0.0010254770801732802,0.006047540836521854,0.015402097203641192,0.006533661516826397,0.016798871644495277,0.015485459547660346,0.006716796366951699,0.015347120626714323,0.01701796895795774,0.007563233394136508,0.01661820404537778,0.0034566394978602847,0.012286174400137283,0.007561911848214057,0.008182137553717045,0.010372854768794952,0.003012277986114617,0.017208424936758532,0.014487315701799586,0.010232595562283089,0.006901925425635539,0.011204300959179044,0.00846718484435951,0.012254760712382854,0.008622864239983822
288,1.994820654504822,0.31295483174139205,0.01032027300522184,1.556041771006829,2.2014737542181106,2.0142377572813293,1.53781145969888,2.1753041758414224,1.6465103348829015,2.0682167948973995,2.105606987949628,1.8364647358559023,2.2148914647499045,2.3772624261383837,2.311004734862252,2.1523784972821542,1.9160064829749115,2.5482968925326657,2.0265120694346384,2.1929486821919295,2.0022261656940192,1.812975766316399,2.044128085618692,1.411798813856738,2.4250912234978483,2.1900383145458098,1.8693213933911825,2.2282206729647034,1.7866550309253104,2.2958634562309865,1.389442012897153,2.1658946196495212,1.3419950577570394,0.014855576426664872,0.00898721118447107,0.013021119927734692,0.007289937061556292,0.0046501230909299605,0.003137325262745672,0.009731475921858862,0.013637544083617255,0.006229754318679013,0.018128040638874056,0.012889539691583133,0.008494457728240043,0.013784748984451159,0.012683332752905714,0.006601916821663041,0.01868887819448646,0.005725819223787456,0.01647268056016406,0.0041463707977752624,0.011413691322747405,0.01834375649008951,0.0,0.012597495780572161,0.01158514707203852,0.012354259043134322,0.006582024911367039,0.008207123804943341,0.012088247195460039,0.008537730141539674,0.008742861722575084
289,1.9929158918302268,0.3121834943233537,0.010478702816684815,1.556041771006829,2.2014737542181106,2.0142377572813293,1.53781145969888,2.1753041758414224,1.6465103348829015,2.0682167948973995,2.105606987949628,1.8364647358559023,2.2148914647499045,2.3772624261383837,2.311004734862252,2.0987538753248356,1.9160064829749115,2.5482968925326657,2.0265120694346384,2.1929486821919295,2.0022261656940192,1.812975766316399,2.040609827338159,1.411798813856738,2.4250912234978483,2.1900383145458098,1.8693213933911825,2.2282206729647034,1.7866550309253104,2.2958634562309865,1.389442012897153,2.1658946196495212,1.3419950577570394,0.012973807306545867,0.009235245078397484,0.007607355286798425,0.0074536807806641495,0.010572937419256035,0.00675411755890032,0.012713175911418247,0.007754816379844803,0.00968254266703164,0.01577950694767039,0.01652344236129749,0.006467206573686018,0.012804985272333569,0.014155093218096078,0.00046652316993349636,0.007444357864789375,0.0029706923850682052,0.015836901849266786,0.008481317134677755,0.014852967947610301,0.01211362778906071,0.011744265847378163,0.01466677313440351,0.014307543301444726,0.011052390262039857,0.006396268327369629,0.0070560206086249634,0.01274082599210685,0.011865268718997518,0.011887427405832091
290,1.9818981921991194,0.31254065016728433,0.008821763767930023,1.556041771006829,2.2014737542181106,2.0142377572813293,1.53781145969888,2.114987077653336,1.6465103348829015,2.0682167948973995,2.105606987949628,1.712541411463786,2.210769870372332,2.3772624261383837,2.311004734862252,2.0987538753248356,1.9160064829749115,2.5482968925326657,2.0265120694346384,2.1929486821919295,2.0022261656940192,1.812975766316399,2.040609827338159,1.411798813856738,2.4250912234978483,2.1900383145458098,1.8693213933911825,2.2282206729647034,1.7758592310550019,2.2958634562309865,1.389442012897153,2.034521447544386,1.3419950577570394,0.013993033870903969,0.010914957695356959,0.013922250972799224,0.006093430648077144,0.005018121183299506,0.010677666403034754,0.0007500788174105371,0.009620551447760375,0.007516757044484266,0.008732816517793193,0.006944002930719012,0.005506797696696874,0.00880571255979838,0.014073582051577618,0.005301527952672445,0.009911182014827262,0.009052635629784624,0.009080099620669961,0.00529785683358182,0.016139629145627863,0.002440017317388803,0.004007439801748476,0.012191540887953106,0.015021032159150112,0.012273162014251217,0.010147593577096435,0.010072790796192298,0.009843431004944055,0.011303214442300414,0.0
291,1.9795137747272655,0.3142324580808124,0.01052835890695572,1.545868819242632,2.2014737542181106,2.0142377572813293,1.53781145969888,2.114987077653336,1.6465103348829015,2.0527647512066065,2.105606987949628,1.712541411463786,2.210769870372332,2.3772624261383837,2.311004734862252,2.0987538753248356,1.9160064829749115,2.5482968925326657,2.0265120694346384,2.1929486821919295,1.98477422565302,1.812975766316399,2.040609827338159,1.411798813856738,2.4250912234978483,2.1900383145458098,1.8593696623023672,2.2282206729647034,1.7758592310550019,2.2958634562309865,1.3869553177904632,2.034521447544386,1.325977895292905,0.011748988080200343,0.007967413868715583,0.009408131315753335,0.007124034498774377,0.004579251905008425,0.0030699441248682358,0.0070329556798716655,0.01125496566626657,0.01189837334757653,0.019119491265944717,0.014151971978485433,0.012626659818913902,0.009837555236152958,0.01785026297988726,0.011095898227237024,0.013203122957279472,0.009886824075839813,0.0025206173204566774,0.012510386363813715,0.017142180169607783,0.0008299522494242555,0.013465582607540704,0.01738865673414623,0.012312726506527372,0.007654789644566199,0.013430656409149892,0.01384394499365703,0.006335713347713207,0.005746910846664554,0.010812804988628364
292,1.9782348246849095,0.3134034491582402,0.009890537846025086,1.545868819242632,2.163105252947432,2.0142377572813293,1.53781145969888,2.114987077653336,1.6465103348829015,2.0527647512066065,2.105606987949628,1.712541411463786,2.210769870372332,2.3772624261383837,2.311004734862252,2.0987538753248356,1.9160064829749115,2.5482968925326657,2.0265120694346384,2.1929486821919295,1.98477422565302,1.812975766316399,2.040609827338159,1.411798813856738,2.4250912234978483,2.1900383145458098,1.8593696623023672,2.2282206729647034,1.7758592310550019,2.2958634562309865,1.3869553177904632,2.034521447544386,1.325977895292905,0.011441676010958548,0.004934567905843313,0.008387516273876829,0.010989067877639066,0.006603109542066817,0.00468953674227519,0.011259817053437109,0.008790544468740988,0.006657891986400135,0.020159870368142086,0.015820664324180705,0.004381311548084151,0.008513620543222212,0.011058703826567522,0.01805501879459176,0.011993999224646812,0.009441996031852732,0.012191053966327137,0.012004284786013685,0.01537915382968834,0.010327080306006995,0.012596155218765672,0.010649968071934987,0.007904898302183798,0.001526682622021583,0.009995400812900112,0.01517121455963342,0.006186137132491401,0.00402283500405995,0.005582358246199498
293,1.969791900122725,0.31053640846850483,0.010610503508903052,1.545868819242632,2.163105252947432,2.0142377572813293,1.53781145969888,2.114987077653336,1.6465103348829015,2.0527647512066065,2.105606987949628,1.712541411463786,2.1910867171324786,2.3772624261383837,2.311004734862252,2.0987538753248356,1.849119023182738,2.5482968925326657,2.0265120694346384,2.1929486821919295,1.98477422565302,1.812975766316399,2.040609827338159,1.411798813856738,2.4250912234978483,2.1900383145458098,1.8593696623023672,2.061503549131196,1.7758592310550019,2.2958634562309865,1.3869553177904632,2.034521447544386,1.325977895292905,0.010358773638052664,0.011235753439271507,0.007778284087699937,0.004741324478407494,0.007092146244992304,0.0049550158415208965,0.01086674456690316,0.008412506389428255,0.014766956989320271,0.013770874021169284,0.02530680114580142,0.01048994076196012,0.016751481339502886,0.013290668115031618,0.01011601106237172,0.016880223316115554,0.007706644509287621,0.010930117770035483,0.01162123014624046,0.011325952453660894,0.003737597834030474,0.009576485116159503,0.010324386344530633,0.01878042666113504,0.003894546074790334,0.010659559823296168,0.015733804837178872,0.0,0.008062552308983992,0.009148295950213006
294,1.9611306447861723,0.30042724372811674,0.010665589862243956,1.545868819242632,2.163105252947432,2.0142377572813293,1.53781145969888,2.056260764225208,1.6465103348829015,2.0527647512066065,2.105606987949628,1.712541411463786,2.1910867171324786,2.3772624261383837,2.311004734862252,2.0987538753248356,1.849119023182738,2.3884937973352085,2.0265120694346384,2.1929486821919295,1.98477422565302,1.812975766316399,2.040609827338159,1.402901653356658,2.4250912234978483,2.1900383145458098,1.8593696623023672,2.061503549131196,1.7758592310550019,2.263452365260069,1.3869553177904632,2.034521447544386,1.325977895292905,0.00804203969001085,0.008676494134232915,0.009607546173124383,0.011355983708732352,0.003949242862984538,0.004981764097695278,0.016310807654417444,0.009238081339648955,0.011418698383817044,0.014107505781031789,0.017037858838290117,0.01350145448766315,0.013371753838300141,0.010951767247559831,0.013044949563077765,0.009066491216808255,0.008248931052797394,0.010487478989288226,0.006244622527641298,0.014923415454940936,0.011984980934722982,0.00667790364488059,0.01155502240998187,0.01796277601097356,0.009662915697484046,0.009779455502605765,0.014737810101741015,0.009184244905826188,0.007975402796451874,0.005880296820588119
295,1.9524581754431831,0.3013562723323552,0.011234462091592989,1.545868819242632,2.163105252947432,2.0142377572813293,1.53781145969888,1.9112057345049185,1.6465103348829015,2.0275746420157508,2.105606987949628,1.712541411463786,2.1910867171324786,2.3772624261383837,2.311004734862252,2.0987538753248356,1.849119023182738,2.3884937973352085,2.0265120694346384,2.1929486821919295,1.9791258043054083,1.812975766316399,2.0279300306229726,1.402901653356658,2.4250912234978483,2.1900383145458098,1.8593696623023672,2.061503549131196,1.7042585077392691,2.263452365260069,1.3869553177904632,2.034521447544386,1.325977895292905,0.008128866215463406,0.005044761242056049,0.01406992221294147,0.009119126294441652,0.011743672920617239,0.009836140980262543,0.012402541936985442,0.008856446708443,0.012760078650321848,0.013582232350522744,0.02060659347247723,0.014378914582060217,0.010522832088309893,0.011114188984947508,0.015627730572428368,0.007966067215393821,0.006066872417538615,0.013207301757204233,0.01100464824902932,0.017556273690478262,0.009722061570022086,0.0035708851802418247,0.015418619008468656,0.020416652351664708,0.0008459541099536126,0.016256029728096977,0.01393089599711679,0.007030291308457234,0.007638407934434285,0.008608853017410632
296,1.9449134580896774,0.30044850946748614,0.0108544403086708,1.545868819242632,2.163105252947432,2.0142377572813293,1.53781145969888,1.9112057345049185,1.6436552970563736,2.0275746420157508,2.105606987949628,1.712541411463786,2.1910867171324786,2.3772624261383837,2.311004734862252,2.0987538753248356,1.849119023182738,2.3884937973352085,2.0265120694346384,2.1929486821919295,1.9791258043054083,1.812975766316399,2.0279300306229726,1.402901653356658,2.4250912234978483,2.1900383145458098,1.7387993893450973,2.061503549131196,1.7042585077392691,2.160536155438703,1.3869553177904632,2.034521447544386,1.325977895292905,0.00975148996411558,0.01104415322295072,0.013083735012254794,0.004516072140981226,0.0036501245872064604,0.010929395380741462,0.004879077656063941,0.010453623295699477,0.008706134370731727,0.016387636525775004,0.01137917189571028,0.009889354724778811,0.009061541955842786,0.01573507642741275,0.017672179068558468,0.012695008081864426,0.00403453421796805,0.012546296266264325,0.009500010476836506,0.018255195183221273,0.011646927821482883,0.005749536831841006,0.010712566464968796,0.017676132375148177,0.008339117039430164,0.012747700184024768,0.01099319793676365,0.01287385553591659,0.006113835681338241,0.014610528934231629
297,1.9401011058654267,0.30633265548736155,0.011109405354303882,1.545868819242632,2.163105252947432,2.0142377572813293,1.53781145969888,1.9112057345049185,1.499298314117866,2.0275746420157508,2.105606987949628,1.712541411463786,2.1910867171324786,2.3772624261383837,2.3109911510732357,2.0987538753248356,1.849119023182738,2.3884937973352085,2.0265120694346384,2.1929486821919295,1.9791258043054083,1.812975766316399,2.0279300306229726,1.402901653356658,2.4250912234978483,2.1900383145458098,1.7387993893450973,2.061503549131196,1.7042585077392691,2.160536155438703,1.3869553177904632,2.034521447544386,1.325977895292905,0.009004589457374652,0.008708122858405401,0.020268650509714204,0.015808211673612335,0.000346539980518362,0.004504807241826887,0.008615429070891254,0.006266414233530157,0.0158885402887275,0.008127375328757574,0.01599681201178316,0.009515457194672838,0.005567470050384756,0.0088231136122988,0.013847434776445892,0.01158784037474702,0.01018333795042678,0.01951338558226681,0.010675625707728512,0.019447278195624952,0.011967225273022677,0.01421447675584671,0.011074215039096757,0.01731518631753132,0.010061079199713103,0.012379145463013143,0.010215201093545245,0.0088472414379994,0.004278723899205145,0.01023323005040511
298,1.928644834805669,0.30608648855744747,0.011570992742467921,1.545868819242632,2.163105252947432,1.8001654003401382,1.53781145969888,1.9112057345049185,1.499298314117866,2.0275746420157508,2.105606987949628,1.712541411463786,2.1910867171324786,2.3772624261383837,2.3109911510732357,2.0987538753248356,1.849119023182738,2.3884937973352085,2.0265120694346384,2.1929486821919295,1.9791258043054083,1.812975766316399,2.0279300306229726,1.402901653356658,2.4250912234978483,2.1900383145458098,1.7387993893450973,1.9318877742796556,1.7042585077392691,2.160536155438703,1.3869553177904632,2.034521447544386,1.325977895292905,0.013520606086507635,0.007281711054719481,0.014360568902604506,0.015638289721361876,0.006687556069682745,0.006508885679575585,0.008143270159719723,0.011346823069336558,0.014822925722657872,0.013469761514804704,0.018173682841016288,0.006689532362001135,0.011545741734108616,0.017722366722254416,0.009398848917481868,0.014275718748884912,0.007006559102245034,0.008959237830955912,0.014250425863840477,0.01088833419306257,0.012673161650747056,0.010895448245048418,0.015289214173281142,0.0074021497600199266,0.010610577338645994,0.014824407756810943,0.017616639044027906,0.009132941933333867,0.010891835569131113,0.007102560506169412
299,1.9242152738478484,0.3031772547021839,0.010903494912629475,1.545868819242632,2.163105252947432,1.8001654003401382,1.53781145969888,1.9112057345049185,1.499298314117866,2.0275746420157508,2.105606987949628,1.712541411463786,2.1910867171324786,2.3772624261383837,2.3109911510732357,2.0987538753248356,1.849119023182738,2.3884937973352085,2.0265120694346384,2.0600618534573063,1.9791258043054083,1.812975766316399,2.0279300306229726,1.402901653356658,2.4250912234978483,2.1900383145458098,1.7387993893450973,1.9318877742796556,1.7042585077392691,2.160536155438703,1.3869553177904632,2.034521447544386,1.325977895292905,0.0111086285353831,0.007577055864636988,0.012053069460218831,0.01271645318939202,0.0,0.001113353091676705,0.01146048671500937,0.014998448032577962,0.01621061070115104,0.01594901008910621,0.01962482359633696,0.005651033415321385,0.012883412447980828,0.012711896404437418,0.005814779308705879,0.008579377865059547,0.013360660918448546,0.014957500713001401,0.013845304729049143,0.014395736231611032,0.002558219700079461,0.005687659359240469,0.02159243147162444,0.005498960213069974,0.006187986560867263,0.01749823513769306,0.009326534908488006,0.00784821122250334,0.014564252593936736,0.011330714902277099
300,1.9212385036982382,0.3025856362424496,0.011642675017746358,1.545868819242632,2.163105252947432,1.8001654003401382,1.53781145969888,1.9112057345049185,1.499298314117866,1.9382715375274526,2.105606987949628,1.712541411463786,2.1910867171324786,2.3772624261383837,2.3109911510732357,2.0987538753248356,1.849119023182738,2.3884937973352085,2.0265120694346384,2.0600618534573063,1.9791258043054083,1.812975766316399,2.0279300306229726,1.402901653356658,2.4250912234978483,2.1900383145458098,1.7387993893450973,1.9318877742796556,1.7042585077392691,2.160536155438703,1.3869553177904632,2.034521447544386,1.325977895292905,0.012727506323710785,0.006353957157886956,0.011763015956575818,0.013739433026489004,0.009291731291043548,0.004934625823832092,0.010748059249632312,0.015267883202772678,0.018105683874563513,0.0201829227266611,0.014689741861298827,0.0073632419915315986,0.010071059833552935,0.012603547900998763,0.011416970315396525,0.01001864707591885,0.019318337442422007,0.014987628448650552,0.014955529152438782,0.008336335873579136,0.0046086963891674125,0.006843337702442043,0.022017698871016688,0.007869368053499455,0.006926249681573189,0.0140869004835105,0.0066475706770489345,0.009281384455631935,0.009337995790845169,0.014785189898699718
301,1.9192050474634668,0.3045759204869461,0.01045598734623843,1.545868819242632,2.163105252947432,1.8001654003401382,1.53781145969888,1.9112057345049185,1.499298314117866,1.9253073065174964,2.105606987949628,1.712541411463786,2.1910867171324786,2.3772624261383837,2.3109911510732357,2.0987538753248356,1.849119023182738,2.3884937973352085,2.0265120694346384,2.0600618534573063,1.9791258043054083,1.812975766316399,2.0279300306229726,1.3642218375166633,2.4250912234978483,2.180678674352603,1.7387993893450973,1.9318877742796556,1.7042585077392691,2.160536155438703,1.3869553177904632,2.034521447544386,1.325977895292905,0.008040625466772037,0.005805496375537406,0.012206648724884162,0.011703159491736573,0.0076895593779961555,0.0023287704213779304,0.003666241587530395,0.01250604397599781,0.014099431151096206,0.014452476312922524,0.010079453154815324,0.011261404046782454,0.014260219502973407,0.015722330995736042,0.007753721514131661,0.00948167378197366,0.009441177120544493,0.013772355454607615,0.0069608020905149925,0.010835137301176245,0.014912401016963674,0.009102188370234807,0.014377530327861569,0.014815331798623538,0.008546052652388282,0.012616992107309592,0.0,0.011485549319578401,0.013900665172961664,0.011856181772124273
302,1.9141144229978586,0.3025057492321693,0.010729953827285086,1.545868819242632,2.163105252947432,1.8001654003401382,1.53781145969888,1.9112057345049185,1.499298314117866,1.9253073065174964,2.105606987949628,1.712541411463786,2.1585836769269773,2.3772624261383837,2.3109911510732357,2.0987538753248356,1.849119023182738,2.3884937973352085,2.0265120694346384,2.0600618534573063,1.9615109039187932,1.812975766316399,2.0279300306229726,1.3642218375166633,2.4250912234978483,2.180678674352603,1.7387993893450973,1.9318877742796556,1.6773433694561253,2.084850500345731,1.3869553177904632,2.034521447544386,1.325977895292905,0.013554965943193529,0.004621684228604793,0.017274121831122126,0.003400699310698189,0.008693594575255,0.010531524878890086,0.005107399598986067,0.013238607536208218,0.012964248419519209,0.016487247742203077,0.014013999234585382,0.010867528426025048,0.008774862183851173,0.019020793927964453,0.006810977361416213,0.003052045630159946,0.012437253538287578,0.013369017077271188,0.013161791315830744,0.014496865670476523,0.009585937490121616,0.013888977509411654,0.01977620479179388,0.00795677502004314,0.006434209268383558,0.006534291297165149,0.00943889099958272,0.003148294516694701,0.012608023255057008,0.010647782239750521
303,1.9122177542362395,0.303938622103523,0.011529858557106774,1.545868819242632,2.163105252947432,1.8001654003401382,1.53781145969888,1.9112057345049185,1.499298314117866,1.9253073065174964,2.105606987949628,1.6556413486152128,2.1585836769269773,2.3772624261383837,2.3109911510732357,2.0987538753248356,1.849119023182738,2.3884937973352085,2.0265120694346384,2.0600618534573063,1.9615109039187932,1.812975766316399,2.0279300306229726,1.3642218375166633,2.4250912234978483,2.180678674352603,1.7387993893450973,1.9318877742796556,1.6773433694561253,2.084850500345731,1.3869553177904632,2.034521447544386,1.325977895292905,0.015025908358732347,0.008270995823859617,0.010778778390203723,0.012253837901221715,0.015488558067842028,0.0082052162469262,0.008174477734056534,0.015325315697652503,0.015182238430185626,0.022078539578900314,0.019334485861096467,0.012886474546756099,0.009103477645498391,0.010739391212875742,0.008574925822063047,0.014274476328224857,0.015745225703358016,0.004515928847776093,0.006711615925605779,0.013352265164251335,0.01016220535461062,0.008061530400945933,0.017448833317096298,0.016796715214789443,0.0071323396565840325,0.0008795811840344525,0.010323710422547315,0.006785476966196359,0.009324023821636659,0.012959207087675662
304,1.9104881697142302,0.3034444792311193,0.011320243122204783,1.545868819242632,2.163105252947432,1.8001654003401382,1.53781145969888,1.9112057345049185,1.499298314117866,1.9253073065174964,2.105606987949628,1.6556413486152128,2.1585836769269773,2.3772624261383837,2.3109911510732357,2.0987538753248356,1.849119023182738,2.3884937973352085,2.0265120694346384,2.0600618534573063,1.9528543893821042,1.812975766316399,1.9846990094993804,1.3642218375166633,2.4250912234978483,2.180678674352603,1.7387993893450973,1.9318877742796556,1.6773433694561253,2.084850500345731,1.3869553177904632,2.034521447544386,1.325977895292905,0.004692299499495476,0.01687205086098027,0.01120345150659866,0.0101664234265811,0.01451927199894911,0.00906674288579894,0.005407549056758337,0.023121843218460496,0.006171560745207601,0.011635048482394937,0.02350088321115778,0.009985533189393098,0.011383239881878345,0.015839872142474763,0.009169535017485315,0.01452325158874074,0.011783777999795228,0.007113656270910839,0.012432724167148275,0.012442536211165887,0.007197376053420312,0.0068528312428928935,0.0177822851312088,0.013201546214193415,0.008506727223184121,0.0049708804370726944,0.0060779447242886074,0.005908395395714439,0.015494747212292105,0.012583308670500967
305,1.907007299392595,0.3036328186412405,0.011588008655340466,1.545868819242632,2.163105252947432,1.8001654003401382,1.53781145969888,1.9112057345049185,1.499298314117866,1.9253073065174964,2.105606987949628,1.6556413486152128,2.1585836769269773,2.3772624261383837,2.3109911510732357,2.0987538753248356,1.849119023182738,2.3884937973352085,2.0265120694346384,2.0600618534573063,1.935227624357545,1.812975766316399,1.9255448493691998,1.3642218375166633,2.4250912234978483,2.180678674352603,1.711154204850779,1.9318877742796556,1.6773433694561253,2.084850500345731,1.3869553177904632,2.034521447544386,1.325977895292905,0.012978632873169988,0.01181251824740409,0.012435706329568318,0.014680404836122141,0.024279291055317287,0.010945040215530253,0.012898252550420925,0.024385964773153895,0.007764496706564898,0.01722760142273577,0.016088053156279307,0.013547002688593318,0.008778128474821508,0.015352033621323057,0.0068703764980846994,0.010034852006522266,0.007830809548112144,0.00399846380212476,0.01264323189374261,0.013296345683794624,0.007595590645439072,0.005583390679493465,0.014846775925752386,0.01037171664993967,0.009758679332784348,0.0057082982384439795,0.010072523530926886,0.005893068833271639,0.011531594370427082,0.008431415070349616
306,1.8969152859081417,0.30148752212587593,0.00981417724848279,1.545868819242632,2.163105252947432,1.8001654003401382,1.53781145969888,1.9112057345049185,1.499298314117866,1.9253073065174964,2.0274553363267604,1.6556413486152128,2.1585836769269773,2.3772624261383837,2.258564210341277,2.0211571951887106,1.849119023182738,2.3884937973352085,2.0265120694346384,2.0600618534573063,1.935227624357545,1.812975766316399,1.9255448493691998,1.3642218375166633,2.4250912234978483,2.180678674352603,1.711154204850779,1.9318877742796556,1.5827582374134797,2.084850500345731,1.3869553177904632,2.034521447544386,1.325977895292905,0.007440449271380062,0.004792523349216876,0.009800216322091554,0.010090150163724144,0.016615467883709656,0.008926269283070465,0.004110052785532982,0.023733929990358976,0.008010042453066588,0.015827592574100137,0.011828292866317931,0.012411148568308831,0.008839890477686357,0.007468272374311953,0.00792279955520818,0.009814143008250325,0.013036264873018354,0.005935958456531527,0.015237190418201164,0.007429748131344221,0.007664094303429845,0.0127020899592135,0.010139674331228107,0.010532809952250526,0.009065410958444006,0.0066172286022064255,0.010199567002798143,0.0011883096421054513,0.004875254782469696,0.012170475114907745
307,1.8942691451262272,0.30048965556321977,0.009645661356920921,1.545868819242632,2.163105252947432,1.8001654003401382,1.53781145969888,1.9112057345049185,1.499298314117866,1.9253073065174964,2.0274553363267604,1.6556413486152128,2.1585836769269773,2.3772624261383837,2.2125551075906107,2.0211571951887106,1.849119023182738,2.3778505490988953,2.0265120694346384,2.0600618534573063,1.935227624357545,1.812975766316399,1.9255448493691998,1.3642218375166633,2.4250912234978483,2.180678674352603,1.711154204850779,1.9318877742796556,1.5827582374134797,2.084850500345731,1.364223445320015,2.034521447544386,1.325977895292905,0.013355085579443711,0.0031724370268612213,0.013067472797996861,0.011229983887140084,0.01376713934721279,0.004725579814347355,0.0030836990354902705,0.016060006153691842,0.008689069687949219,0.013874171848332607,0.00857678333796925,0.01317208822010248,0.010133468717976515,0.009929020447352811,0.010023331500980852,0.013224411669253382,0.012359197692727482,0.005999023682219888,0.014729661766087324,0.007213663022466332,0.009559736201731788,0.008839552500941265,0.014885061755882417,0.00962507609072164,0.006937377261718285,0.006016766420934247,0.009839303745670417,0.00845763179413989,0.0020135702633852968,0.006810469436900169
308,1.8929476866608554,0.2991449965453145,0.009992246760607183,1.545868819242632,2.163105252947432,1.8001654003401382,1.53781145969888,1.9112057345049185,1.499298314117866,1.9089279650129716,2.0274553363267604,1.6556413486152128,2.1585836769269773,2.3772624261383837,2.2125551075906107,2.0211571951887106,1.849119023182738,2.366855262240968,2.0265120694346384,2.0600618534573063,1.935227624357545,1.812975766316399,1.9255448493691998,1.3642218375166633,2.4128220978991526,2.180678674352603,1.711154204850779,1.9318877742796556,1.5827582374134797,2.084850500345731,1.364223445320015,2.034521447544386,1.325977895292905,0.013569935964775435,0.0,0.012567294903164935,0.015665542293391062,0.017181761174530543,0.004678799517488873,0.005419859515005687,0.014549418389853658,0.006149727266847844,0.01868339837176975,0.008712146784636589,0.012468367716861266,0.013884060471713141,0.0074866639369971805,0.015504848457550258,0.0033137296435446686,0.010707275773573693,0.009493481432283638,0.018483031126275546,0.00976524253604064,0.004533724364607356,0.005245197716753221,0.015298118746961341,0.006793167221359965,0.0054808649816856245,0.014030378918214579,0.005838504335917741,0.0047473019374417655,0.008766279408105364,0.010749279910864036
309,1.8897976566978485,0.29952097948550566,0.011361080040611744,1.545868819242632,2.1611240975144423,1.8001654003401382,1.53781145969888,1.8419624041060563,1.499298314117866,1.9089279650129716,2.0274553363267604,1.642154938757319,2.1585836769269773,2.3772624261383837,2.2125551075906107,2.0211571951887106,1.849119023182738,2.366855262240968,2.0265120694346384,2.0600618534573063,1.9254376211570805,1.812975766316399,1.9255448493691998,1.3642218375166633,2.4128220978991526,2.180678674352603,1.711154204850779,1.9318877742796556,1.5827582374134797,2.084850500345731,1.364223445320015,2.034521447544386,1.325977895292905,0.008747133129282233,0.010449440525239103,0.020156795467162782,0.01046267110332173,0.008444757905751972,0.013999831325941514,0.008082956101189339,0.011850732307028853,0.004834923881373146,0.014994452114490226,0.015374955129402566,0.007010689494045006,0.014338935002832603,0.006534816704419045,0.01010001321303525,0.02130267304517491,0.014623621954553268,0.014122665784143092,0.021780324155858,0.014245541978165955,0.0023077602652066182,0.004470875599881913,0.01792565830226629,0.005071014469617869,0.01347076355671673,0.019046300923175122,0.007469888629658736,0.007356322820098367,0.006387222179099899,0.005868664150220235
310,1.8816248553016666,0.300807406924752,0.010405014050622984,1.545868819242632,2.1611240975144423,1.8001654003401382,1.4809260573162786,1.8419624041060563,1.499298314117866,1.9089279650129716,2.0274553363267604,1.642154938757319,2.1585836769269773,2.3772624261383837,2.2125551075906107,1.841266809573114,1.849119023182738,2.366855262240968,2.0265120694346384,2.0600618534573063,1.9254376211570805,1.812975766316399,1.9255448493691998,1.3642218375166633,2.4128220978991526,2.180678674352603,1.711154204850779,1.9318877742796556,1.5827582374134797,2.0764422464584666,1.364223445320015,2.034521447544386,1.325977895292905,0.009101302256907282,0.00214210444520052,0.011708426756320204,0.009372398507243055,0.014599112707774548,0.016541744671125357,0.009359309736837332,0.01714301688644355,0.011253187524093083,0.014025053182390347,0.01549884520579694,0.010061300376333335,0.00836411096834056,0.008600363599008641,0.005401396994329277,0.00784497989870536,0.014571490862501498,0.0041199714236793104,0.015525679732501463,0.015258022911407274,0.00521339519524441,0.012370037488010452,0.014076434388869281,0.002633897745470615,0.011791745572649172,0.01336179355341835,0.010369113933973613,0.0060111642375382125,0.007043527025550884,0.008787493731025518
311,1.8729883224115922,0.3136775910573007,0.011719146848554813,1.545868819242632,2.1611240975144423,1.8001654003401382,1.4809260573162786,1.8419624041060563,1.499298314117866,1.844123771393488,2.0274553363267604,1.642154938757319,2.1585836769269773,2.3772624261383837,2.2125551075906107,1.841266809573114,1.849119023182738,2.366855262240968,2.0265120694346384,2.0600618534573063,1.9254376211570805,1.812975766316399,1.9255448493691998,1.326071562356376,2.4128220978991526,2.180678674352603,1.711154204850779,1.9318877742796556,1.5827582374134797,2.0764422464584666,1.364223445320015,2.034521447544386,1.1698363773704448,0.011296002293580477,0.01699489794136041,0.023227798607179016,0.01342226001746101,0.022712243927485967,0.014045728567190432,0.01453967542464954,0.009176821550315042,0.014089226349161538,0.013357886975320294,0.014201517523731517,0.013289428412541784,0.012310404238284037,0.006431246472203141,0.007855286205845564,0.011961218149132282,0.012363200425483502,0.002895067068336032,0.017574809462168578,0.02156060956921945,0.008423368945867338,0.010668221225877511,0.010522914981371456,0.005010639753272608,0.0054038445899610875,0.009309078003956257,0.009710814319269345,0.009738967535481423,0.0017738556793659007,0.007707371241571835
312,1.8665391756895593,0.31515790126403054,0.010810198878615325,1.545868819242632,2.1611240975144423,1.8001654003401382,1.4629639747045968,1.8419624041060563,1.499298314117866,1.844123771393488,2.0274553363267604,1.642154938757319,2.1585836769269773,2.3772624261383837,2.2125551075906107,1.841266809573114,1.6989492932376362,2.366855262240968,2.0265120694346384,2.0600618534573063,1.9254376211570805,1.812975766316399,1.9255448493691998,1.326071562356376,2.4128220978991526,2.155336085248408,1.711154204850779,1.9318877742796556,1.5827582374134797,2.0764422464584666,1.364223445320015,2.034521447544386,1.1698363773704448,0.01856881014153432,0.010728669426939627,0.016517266594302797,0.006646720869811391,0.013179543492865218,0.007888854392617441,0.01712697658455412,0.012562608975090601,0.010624862110909801,0.013803865097188282,0.014852162641982528,0.012702520302575553,0.011227638014080943,0.004681091674191594,0.011714683622999343,0.005622240728851696,0.010488167890465793,0.008530235231460122,0.01792746869787477,0.016482420580101877,0.010522556878475182,0.011341386352628475,0.013494523089094962,0.009858632973383496,0.014630872642591818,0.0029338407572714357,0.0016899171408403825,0.010809337600426273,0.0,0.00714809185334982
313,1.8571479304642047,0.3172477068623641,0.010616213558652714,1.545868819242632,2.1611240975144423,1.8001654003401382,1.4629639747045968,1.6154669679928877,1.499298314117866,1.844123771393488,2.0274553363267604,1.642154938757319,2.1585836769269773,2.3772624261383837,2.2125551075906107,1.841266809573114,1.6989492932376362,2.366855262240968,2.0265120694346384,2.0600618534573063,1.9254376211570805,1.812975766316399,1.9255448493691998,1.326071562356376,2.4128220978991526,2.155336085248408,1.711154204850779,1.9318877742796556,1.5827582374134797,2.021200325811002,1.364223445320015,2.034521447544386,1.1698363773704448,0.013618131105445415,0.01120414497721589,0.020851226878381174,0.011611843792931115,0.01396351432519324,0.0069514822924738795,0.020786465181209048,0.011807536572475913,0.008080305757995544,0.016139856221569444,0.015558554536671144,0.0085257989643762,0.015495130405448495,0.007708530734792244,0.004861455735004637,0.012056386589169733,0.013466152230632219,0.007476802861849072,0.011489132595099144,0.012455166348102214,0.006277644753420044,0.007936260130713267,0.00920447716385417,0.005786903415677228,0.00686812593562773,0.0063689248617321914,0.0016962898375800445,0.014454437142668777,0.009566459928274481,0.006219265483997748
314,1.8544213548951578,0.3127803134894348,0.011149439411757053,1.545868819242632,2.1611240975144423,1.8001654003401382,1.4629639747045968,1.6154669679928877,1.499298314117866,1.844123771393488,2.0274553363267604,1.642154938757319,2.1585836769269773,2.3772624261383837,2.2125551075906107,1.841266809573114,1.6989492932376362,2.366855262240968,2.0265120694346384,2.0600618534573063,1.9254376211570805,1.812975766316399,1.9255448493691998,1.326071562356376,2.3310248308277406,2.155336085248408,1.711154204850779,1.9318877742796556,1.5827582374134797,2.021200325811002,1.364223445320015,2.034521447544386,1.1698363773704448,0.012358700053396687,0.013732365943701046,0.015677269446347633,0.011237357987586375,0.01191836213888934,0.008040728945744414,0.014473500954640506,0.013262337420126493,0.01009448146034244,0.018222771548691917,0.01984409391165367,0.0018113557447043051,0.009179123740681886,0.008093736255927788,0.008260455155360094,0.012436811873877629,0.01743092171766966,0.017432718835926085,0.012797113625984294,0.003711983458218562,0.006468228416199506,0.008565629296656597,0.015544462839539985,0.005814928739792932,0.011945377567414124,0.0067721812412015045,0.0,0.014586943044089128,0.007919797649478233,0.016849443338868668
315,1.8505803584039733,0.3071202617765622,0.0103058398779362,1.545868819242632,2.1611240975144423,1.8001654003401382,1.4629639747045968,1.6154669679928877,1.499298314117866,1.844123771393488,2.0274553363267604,1.642154938757319,2.1585836769269773,2.3772624261383837,2.2125551075906107,1.841266809573114,1.6989492932376362,2.2516253675054334,2.0265120694346384,2.0600618534573063,1.9254376211570805,1.812975766316399,1.9255448493691998,1.326071562356376,2.3310248308277406,2.155336085248408,1.711154204850779,1.9318877742796556,1.5827582374134797,2.021200325811002,1.364223445320015,2.034521447544386,1.1698363773704448,0.012056112495565234,0.00601687637686447,0.019606137273945168,0.005180632211482091,0.008618990518596567,0.0028273746135388635,0.012207169826489625,0.011171689618231785,0.013525712124840857,0.018864242113155603,0.022766935670200772,0.008147266108150636,0.008961981053017083,0.009288027731151732,0.003927221075443445,0.013225101245313769,0.015448200483352664,0.011300609572745235,0.00784716101757694,0.0020516589412276033,0.009557160007560734,0.009981228539782172,0.01611572300496972,0.006932194361555875,0.013870810614308882,0.009301165970980376,0.0044421959736584546,0.01230369407369936,0.0037621227185876,0.009869801002092683
316,1.8489342145211485,0.30683169486170153,0.01190935510303518,1.545868819242632,2.1611240975144423,1.8001654003401382,1.4629639747045968,1.6154669679928877,1.499298314117866,1.840896273821198,2.0274553363267604,1.642154938757319,2.157890084418455,2.3772624261383837,2.199783962266974,1.841266809573114,1.6989492932376362,2.2516253675054334,2.0265120694346384,2.0600618534573063,1.9254376211570805,1.812975766316399,1.9255448493691998,1.326071562356376,2.3310248308277406,2.155336085248408,1.711154204850779,1.9120578357730733,1.5698960948397667,2.021200325811002,1.364223445320015,2.034521447544386,1.1698363773704448,0.01766596738400313,0.012326045353799685,0.020225635259981504,0.00717184209499717,0.008853703095158753,0.0007371264446189945,0.004693483907948938,0.016029123818916784,0.015437944675891598,0.02458680037719529,0.01909813510072894,0.012626619270369574,0.010147028803823595,0.012683156374541,0.003165165449067406,0.007347383480505543,0.015589421029788308,0.008805504665391808,0.011700667081082595,0.008093800635093178,0.008531285089153486,0.007519188735809544,0.011235569683696389,0.014615119557714738,0.007546791313901464,0.020687724723521532,0.0035689417049851045,0.02078731009823907,0.007737989238009445,0.018066178643120795
317,1.841475732179795,0.30390753188311126,0.011113765322058286,1.5303035001654846,2.1611240975144423,1.8001654003401382,1.4629639747045968,1.6154669679928877,1.499298314117866,1.840896273821198,2.0274553363267604,1.642154938757319,2.157890084418455,2.3772624261383837,2.199783962266974,1.841266809573114,1.6989492932376362,2.245137224564623,1.9091069318546912,1.9757659828146008,1.9254376211570805,1.812975766316399,1.9255448493691998,1.326071562356376,2.3310248308277406,2.155336085248408,1.711154204850779,1.9120578357730733,1.5698960948397667,2.021200325811002,1.364223445320015,2.034521447544386,1.1698363773704448,0.006360992083572555,0.006198352432612186,0.015863859058983812,0.006988716854407963,0.01152356190822984,0.004890677456410483,0.010005015637191328,0.009682330072834453,0.009806421906226714,0.012806852500697566,0.022399625973757574,0.012735585531892546,0.016379891489192982,0.011146071579344519,0.009060013575001828,0.00539401154237076,0.01970758254516195,0.0124092030866329,0.013368567740387015,0.010461363562442623,0.008251162710937704,0.003926153921496038,0.0030975561959608504,0.012380920585294738,0.009810716552390434,0.0162077555315552,0.006954668404291262,0.02165120381946957,0.007523110556429677,0.016421014846571557
318,1.8389617251213075,0.3038593068234217,0.010334745944802808,1.5303035001654846,2.1611240975144423,1.8001654003401382,1.4629639747045968,1.6154669679928877,1.4772665769708202,1.838118017750539,1.9768451177898432,1.642154938757319,2.157890084418455,2.3772624261383837,2.199783962266974,1.841266809573114,1.6989492932376362,2.245137224564623,1.9091069318546912,1.9757659828146008,1.9254376211570805,1.812975766316399,1.9255448493691998,1.326071562356376,2.3310248308277406,2.155336085248408,1.711154204850779,1.9120578357730733,1.5698960948397667,2.021200325811002,1.364223445320015,2.034521447544386,1.1698363773704448,0.0073886028443316,0.011980406250375332,0.013048910282724325,0.004340048408307212,0.009436905060380881,0.009068459330386977,0.010009272223767872,0.007446273462327864,0.00892937715471844,0.013811932183073515,0.017856873121714446,0.006556439768528981,0.01355456441837005,0.010821076209665176,0.01151332428912065,0.0028446395433437224,0.011934206371861352,0.008939133848285354,0.014446510838715091,0.005781065504856057,0.010651566862820963,0.014161119486308034,0.010217527401957699,0.005046603938906007,0.008354572416008923,0.013195680868642402,0.005046036541359109,0.016261139457448656,0.012150022651256436,0.015250087604521189
319,1.829461703475578,0.30572386845459454,0.010917629687299502,1.5303035001654846,2.1611240975144423,1.8001654003401382,1.4629639747045968,1.6154669679928877,1.4772665769708202,1.6605738533948196,1.9768451177898432,1.642154938757319,2.157890084418455,2.3772624261383837,2.199783962266974,1.841266809573114,1.6989492932376362,2.245137224564623,1.9091069318546912,1.9757659828146008,1.9254376211570805,1.7261012909528763,1.9255448493691998,1.326071562356376,2.3310248308277406,2.155336085248408,1.711154204850779,1.9120578357730733,1.5698960948397667,2.000618316158356,1.364223445320015,2.034521447544386,1.1698363773704448,0.011760249207642978,0.0036654884876565225,0.013298091894626144,0.010569037776041963,0.013394317934799727,0.0030048461703576397,0.009137048724691616,0.012798938090361686,0.005490461922139292,0.02273729310281767,0.019689982059032475,0.005808178444464014,0.013561647570380466,0.007108738202562576,0.009945773954707065,0.008788476283652879,0.009870044319601244,0.011919129264924184,0.014444124513301498,0.007806660681354387,0.011417507811809908,0.01104199945341328,0.016758762229731793,0.011069020675665531,0.012199077737644818,0.009310466474834776,0.009314460806207374,0.009453691048923863,0.008756702643414197,0.01340867313222347
320,1.8286515858326722,0.30553607152362106,0.010302824897033392,1.5303035001654846,2.1611240975144423,1.8001654003401382,1.4629639747045968,1.6154669679928877,1.4772665769708202,1.6605738533948196,1.9768451177898432,1.642154938757319,2.157890084418455,2.3772624261383837,2.199783962266974,1.841266809573114,1.6989492932376362,2.245137224564623,1.9091069318546912,1.9757659828146008,1.9254376211570805,1.7261012909528763,1.9255448493691998,1.326071562356376,2.3310248308277406,2.155336085248408,1.711154204850779,1.8877543064858924,1.5698960948397667,2.000618316158356,1.364223445320015,2.034521447544386,1.1698363773704448,0.006454701545551371,0.007677740312395299,0.0132007444401894,0.007361278816755728,0.011164257904543994,0.0018120886733302296,0.013592917739713316,0.00856582068911032,0.003159293002767022,0.02081191961874535,0.023472681128821133,0.0032641348260013135,0.013046022891390556,0.008712189504214412,0.011742094776242993,0.006352992653025793,0.007530544596925161,0.012421628867017264,0.008754073315340923,0.007882877281809881,0.006106307356934432,0.005802022051068035,0.01761214648987632,0.003109114683662141,0.012155579418631653,0.015380616605931381,0.012804275320548899,0.01622102716106706,0.006975504666152867,0.01593815057323754
321,1.824890408786603,0.3044466966847684,0.011901098718188903,1.5303035001654846,2.1611240975144423,1.8001654003401382,1.4629639747045968,1.6154669679928877,1.4772665769708202,1.6605738533948196,1.9653268049934032,1.642154938757319,2.157890084418455,2.3772624261383837,2.199783962266974,1.7894257993439742,1.6989492932376362,2.245137224564623,1.9091069318546912,1.9757659828146008,1.9254376211570805,1.7261012909528763,1.9255448493691998,1.3107978015869048,2.29682260324071,2.155336085248408,1.711154204850779,1.8877543064858924,1.5698960948397667,2.000618316158356,1.364223445320015,2.034521447544386,1.1698363773704448,0.013561930065134056,0.006172082367059611,0.006986917812692271,0.0048425260149679095,0.018227024005384364,0.010507333059447909,0.00802237957070747,0.007809283082372991,0.0013146813082741502,0.01894196813051367,0.015089210156558917,0.014069354681291538,0.006867204931910676,0.012331378280210635,0.007552352843686182,0.010776497912492104,0.010732289540160502,0.013521034052504056,0.010602995521033356,0.012492325441740568,0.013455293081389378,0.007693259080110675,0.016850978481962844,0.009972414426407812,0.013937609120450556,0.019179853988536763,0.01684442264003189,0.014395059540086772,0.013642999977447974,0.020640302431099423
322,1.8137735503310835,0.31328839304489187,0.011345517251038663,1.5303035001654846,2.1611240975144423,1.8001654003401382,1.4629639747045968,1.6154669679928877,1.4772665769708202,1.6605738533948196,1.9653268049934032,1.596324712625624,2.157890084418455,2.373883450569512,2.199783962266974,1.7894257993439742,1.414652741272619,2.245137224564623,1.9091069318546912,1.9757659828146008,1.9254376211570805,1.7261012909528763,1.9255448493691998,1.3107978015869048,2.29682260324071,2.155336085248408,1.711154204850779,1.8877543064858924,1.5698960948397667,2.000618316158356,1.364223445320015,2.034521447544386,1.1698363773704448,0.013657342144012763,0.00812205983697777,0.0036960143101274923,0.008959100474554707,0.01276202882277201,0.009188934399136687,0.012817533161120444,0.009297143675816933,0.00783677010586386,0.023092696963168874,0.01201045495594619,0.010254000310388929,0.006492826314899425,0.015577200955869407,0.00715658969918668,0.005661842609827609,0.01408757069424752,0.01170336550876487,0.016007642164510828,0.012350682916566238,0.0069620769219139135,0.008873823175556616,0.01349002505579907,0.013793546059889453,0.01087913533294971,0.016589987388874336,0.01549639218136978,0.01215389843869512,0.010375985697650676,0.011018847254701944
323,1.81279538422341,0.3129838856182356,0.011554452882704217,1.5303035001654846,2.1611240975144423,1.8001654003401382,1.4629639747045968,1.6154669679928877,1.4772665769708202,1.6605738533948196,1.9653268049934032,1.596324712625624,2.157890084418455,2.373883450569512,2.199783962266974,1.7894257993439742,1.414652741272619,2.245137224564623,1.9091069318546912,1.9757659828146008,1.8960926379268774,1.7261012909528763,1.9255448493691998,1.3107978015869048,2.29682260324071,2.155336085248408,1.711154204850779,1.8877543064858924,1.5698960948397667,2.000618316158356,1.364223445320015,2.034521447544386,1.1698363773704448,0.00585387476823043,0.006154099239967923,0.008057484414423326,0.005504780089800911,0.01578778471949156,0.01048752973279302,0.015232788437262319,0.010376239670060622,0.00923727090776073,0.012073488046287193,0.020682609200154165,0.015232744898803063,0.01126481556547627,0.018231179829601343,0.01126081400187239,0.0069108536555522945,0.012617391830050359,0.013154863762317613,0.018892451129684764,0.0067520286749229285,0.0028181903042924323,0.014581438326653536,0.0130609136067285,0.00785782969506638,0.007703547548890062,0.022681831931018637,0.013987801971748924,0.009370797289938742,0.006298599513503958,0.014507543718772128
324,1.8081838281962752,0.3094592200264304,0.011760931525161866,1.5303035001654846,2.1611240975144423,1.8001654003401382,1.4629639747045968,1.6154669679928877,1.4728055558040372,1.6605738533948196,1.9653268049934032,1.596324712625624,2.106583310161508,2.373883450569512,2.199783962266974,1.7894257993439742,1.414652741272619,2.2237423592239307,1.9091069318546912,1.9757659828146008,1.8960926379268774,1.7261012909528763,1.9255448493691998,1.3107978015869048,2.29682260324071,2.155336085248408,1.711154204850779,1.86097802693503,1.5698960948397667,2.000618316158356,1.364223445320015,2.000113707045632,1.1698363773704448,0.012626097247161589,0.0018067273957890514,0.011273397414149613,0.0071361396798272645,0.017566221477109272,0.009949291313282788,0.015129678624699171,0.01352920243900732,0.010380183391625598,0.012722343011163062,0.014292687975619014,0.007478203261592448,0.00602742348113859,0.015737399960143606,0.01233937211372857,0.006918365018767528,0.008559575925428026,0.008018820906864555,0.013140411442998478,0.017133755768954893,0.004755128498160896,0.01780261196160097,0.012984319581204842,0.016550999360584896,0.0016744860650725142,0.015862687533160433,0.015795642737379174,0.017492054451815568,0.010427910995992457,0.017716806720833773
325,1.805329391431873,0.30750614640643514,0.012330020100837268,1.5303035001654846,2.0925485262238657,1.8001654003401382,1.4629639747045968,1.6154669679928877,1.4728055558040372,1.6605738533948196,1.9653268049934032,1.596324712625624,2.106583310161508,2.373883450569512,2.199783962266974,1.7894257993439742,1.414652741272619,2.2237423592239307,1.9091069318546912,1.9757659828146008,1.8960926379268774,1.7261012909528763,1.9247091588823335,1.3107978015869048,2.29682260324071,2.155336085248408,1.711154204850779,1.86097802693503,1.5536742536851489,2.000618316158356,1.364223445320015,2.000113707045632,1.1698363773704448,0.008695757163496229,0.004705674403578616,0.009638624287913596,0.009164433246683326,0.015496651961328593,0.009412274130703361,0.01002614706081244,0.010335345763818329,0.0069214936099755275,0.011524326239506041,0.017352798376483312,0.01140904350456226,0.0038499211728452738,0.016035506655764642,0.011774280704138886,0.010424796561921504,0.011727794987753245,0.011001946286185687,0.01639012340740203,0.018268920545832526,0.010310920835455258,0.020240216015646545,0.02095438245689158,0.0169309795647353,0.007261276413072165,0.014660400020635718,0.011567826909179594,0.013448473222525912,0.009638756861044777,0.020731510655225816
326,1.7995812050896989,0.3146502061965983,0.011778559614019229,1.5303035001654846,2.0925485262238657,1.8001654003401382,1.4629639747045968,1.6154669679928877,1.3143245339022624,1.6605738533948196,1.9653268049934032,1.596324712625624,2.106583310161508,2.373883450569512,2.199783962266974,1.7894257993439742,1.414652741272619,2.2237423592239307,1.9091069318546912,1.9757659828146008,1.8960926379268774,1.7164717534290657,1.9247091588823335,1.3107978015869048,2.29682260324071,2.155336085248408,1.711154204850779,1.86097802693503,1.549339222845504,2.000618316158356,1.364223445320015,2.000113707045632,1.1698363773704448,0.007102371118042197,2.8484169342606717e-05,0.011464722342440973,0.010440388140889765,0.020506673751017408,0.009760063029177021,0.008349901712969966,0.003570942143283477,0.00852040963153845,0.012542981688840346,0.01602305540250155,0.014187567849028332,0.007759702628420604,0.015807060518824204,0.010367885920139338,0.011065599435030474,0.011027173273464766,0.013762113022748391,0.02021402185449692,0.01659035096963107,0.011353602020777174,0.012840812299294709,0.012730415010280398,0.019013725537867274,0.006302800234517353,0.015008901651798193,0.007491581291951347,0.015121482235253232,0.013741196871016546,0.01066080266599284
327,1.7848129663086216,0.3175436747854574,0.011700418399543411,1.303984814677826,2.0925485262238657,1.8001654003401382,1.4629639747045968,1.6154669679928877,1.3143245339022624,1.6605738533948196,1.9653268049934032,1.5880264899964023,2.106583310161508,2.373883450569512,2.0937573839609382,1.7894257993439742,1.414652741272619,2.202132676968223,1.9091069318546912,1.9757659828146008,1.8960926379268774,1.7164717534290657,1.9247091588823335,1.3107978015869048,2.29682260324071,2.155336085248408,1.7059150529168652,1.86097802693503,1.549339222845504,2.000618316158356,1.364223445320015,1.924558864225855,1.1698363773704448,0.005290384244069176,0.007704739265347078,0.007958004407399674,0.01311573104650225,0.020244580786980257,0.007646992306706946,0.01270621794047977,0.007699563588727435,0.011331453218074638,0.015410492360360425,0.013307956342041422,0.0163049499147663,0.004162067791404325,0.015874812083444125,0.006970337618208487,0.010500230905985695,0.010156509314745023,0.009224428845182117,0.013438106244139849,0.009499869674261596,0.00799285047523347,0.00739929364261724,0.012137791694528353,0.02244604685191832,0.01673752378758531,0.005536986534809157,0.019119129651159635,0.014229606506982212,0.008153520646827339,0.018712374295814654
328,1.7837000353880212,0.3170171903639301,0.011723884279313528,1.303984814677826,2.0925485262238657,1.8001654003401382,1.4629639747045968,1.6154669679928877,1.3143245339022624,1.6605738533948196,1.9653268049934032,1.5880264899964023,2.106583310161508,2.373883450569512,2.0937573839609382,1.7894257993439742,1.414652741272619,2.202132676968223,1.8881708234677856,1.9757659828146008,1.8960926379268774,1.7164717534290657,1.9247091588823335,1.3107978015869048,2.29682260324071,2.155336085248408,1.7059150529168652,1.86097802693503,1.549339222845504,1.9881664969272461,1.364223445320015,1.924558864225855,1.1698363773704448,0.0091714652661748,0.0030449482397814625,0.004284760137928496,0.016387526958525127,0.013122173749105907,0.009749766649294875,0.01549276465003789,0.010027213229184088,0.013738813443178356,0.013621715135570325,0.016546358562008888,0.011780472037408105,0.006481283381608978,0.014312635061938637,0.010239868289899269,0.012049438011454534,0.013013410745689607,0.01229935947697922,0.008987508599353287,0.016017576332509196,0.006265087316775347,0.012965722055101572,0.01413425273707243,0.017585428765794518,0.010797154139288901,0.015108877922537614,0.019448575418986164,0.009674364275993594,0.0,0.015368007790224706
329,1.774390516701922,0.32148340164418526,0.012407914990962936,1.303984814677826,2.0925485262238657,1.8001654003401382,1.4629639747045968,1.6154669679928877,1.3143245339022624,1.6605738533948196,1.9653268049934032,1.5681652134472768,2.106583310161508,2.373883450569512,2.0937573839609382,1.7894257993439742,1.414652741272619,2.202132676968223,1.7221761981757457,1.9757659828146008,1.8960926379268774,1.7164717534290657,1.9247091588823335,1.3107978015869048,2.29682260324071,2.155336085248408,1.7059150529168652,1.86097802693503,1.549339222845504,1.9881664969272461,1.2707937865782069,1.924558864225855,1.1698363773704448,0.00966490763399611,0.00766704163139232,0.013908511757782793,0.015770528809709666,0.01656371924482523,0.008334233182178215,0.02302321232394394,0.0038984203543079034,0.016244189644773185,0.018182279313279915,0.015507221308482179,0.013855445497477708,0.010146648714461871,0.010023519152918638,0.006398365753660359,0.008385861160756512,0.00997809370542809,0.014698769713097352,0.009694464560388364,0.015515639370131994,0.009545920099391413,0.011231500887835253,0.008307674522199878,0.013966257098460316,0.009124377411604928,0.015258666542176605,0.014937943976093855,0.015147577779459003,0.0075627613279329025,0.01969369725074147
330,1.7730725100082265,0.32025503254126236,0.012128710180377531,1.303984814677826,2.053008325412993,1.8001654003401382,1.4629639747045968,1.6154669679928877,1.3143245339022624,1.6605738533948196,1.9653268049934032,1.5681652134472768,2.106583310161508,2.373883450569512,2.0937573839609382,1.7894257993439742,1.414652741272619,2.202132676968223,1.7221761981757457,1.9757659828146008,1.8960926379268774,1.7164717534290657,1.9247091588823335,1.3107978015869048,2.29682260324071,2.155336085248408,1.7059150529168652,1.86097802693503,1.549339222845504,1.9881664969272461,1.2707937865782069,1.924558864225855,1.1698363773704448,0.012754711741937428,0.002812396008906212,0.008962550261094007,0.017562345747571515,0.01573500944705784,0.00944209435290437,0.014206771348139722,0.009790826646067211,0.012322241095342603,0.017281249993022548,0.01781000403718147,0.01609943534104245,0.005803036835619718,0.016781920218431765,0.010166518102999268,0.007636668969316544,0.012016544054549761,0.011269046273781487,0.002789555768207354,0.013554321651679649,0.013153300421885061,0.010536589017956203,0.00946697285379227,0.011885349029890267,0.014511171904095043,0.012221192731665064,0.017708902022879877,0.01172346416499595,0.00850981555626013,0.01934729981305317
331,1.771323728722655,0.32161233788936394,0.011905190558784877,1.303984814677826,2.053008325412993,1.8001654003401382,1.4629639747045968,1.6154669679928877,1.3143245339022624,1.6605738533948196,1.9653268049934032,1.5681652134472768,2.106583310161508,2.373883450569512,2.0937573839609382,1.7894257993439742,1.414652741272619,2.202132676968223,1.7221761981757457,1.9757659828146008,1.8960926379268774,1.7164717534290657,1.9247091588823335,1.3107978015869048,2.29682260324071,2.155336085248408,1.7059150529168652,1.86097802693503,1.4968757842783558,1.9881664969272461,1.2707937865782069,1.924558864225855,1.1698363773704448,0.009961603179176817,0.004849993099294753,0.006532962251000679,0.009804249607670002,0.014859636050342424,0.0037558646143009498,0.015532875477017405,0.01006268623450783,0.014690688546992245,0.015301478550004586,0.014156985341460485,0.012328563294043256,0.015009257371146292,0.013438472236236438,0.013160462886605164,0.015307601308081195,0.00673197889311597,0.010244664794345456,0.011981707869046527,0.013348138367936604,0.00564518290224356,0.01924263752123117,0.011231093347626724,0.011437676778498877,0.006312773140765864,0.009485144531877354,0.019054847755032273,0.01106068561314127,0.009773062481185382,0.022852742719618763
332,1.7695263796297336,0.3209008340097523,0.01032794604584745,1.303984814677826,2.053008325412993,1.8001654003401382,1.4629639747045968,1.6154669679928877,1.3143245339022624,1.6605738533948196,1.9653268049934032,1.5681652134472768,2.106583310161508,2.373883450569512,2.0937573839609382,1.7894257993439742,1.414652741272619,2.202132676968223,1.7221761981757457,1.9757659828146008,1.8960926379268774,1.7164717534290657,1.9247091588823335,1.3107978015869048,2.29682260324071,2.155336085248408,1.7059150529168652,1.86097802693503,1.4968757842783558,1.9881664969272461,1.2707937865782069,1.8706383914382099,1.1698363773704448,0.010089393189667555,0.010032761167605651,0.0024801147766946243,0.014203648118795379,0.004326470776304883,0.00039123507457690084,0.01541751030601623,0.010443118425759455,0.015026078840565643,0.01366032392364604,0.016736527209726917,0.00608751145630476,0.013616246343758156,0.010200402527182214,0.004243499213580367,0.01107143585228557,0.004759199496181969,0.00902165294535353,0.010743935704101962,0.0045181833654271,0.009369738476777802,0.009842565246915968,0.013530648425685384,0.01264660851032028,0.014342604350221154,0.010733884855815489,0.014673576975643908,0.008814481734190308,0.013637063742531323,0.01517796034378703
333,1.7656631342625397,0.3169709486449672,0.011398094069815524,1.303984814677826,2.053008325412993,1.8001654003401382,1.4629639747045968,1.6154669679928877,1.3143245339022624,1.6605738533948196,1.9653268049934032,1.5681652134472768,2.004294767242254,2.360274632472955,2.0937573839609382,1.7894257993439742,1.414652741272619,2.202132676968223,1.7221761981757457,1.9757659828146008,1.8960926379268774,1.7164717534290657,1.9247091588823335,1.3107978015869048,2.29682260324071,2.155336085248408,1.7059150529168652,1.86097802693503,1.4968757842783558,1.9881664969272461,1.2707937865782069,1.8706383914382099,1.1698363773704448,0.006465090186449569,0.013655189562716214,0.002613496479828663,0.016726871879182138,0.0116955125653108,0.009121240523774294,0.007413978938195029,0.009835415380557625,0.013536992613072025,0.019627474588817768,0.01180646548671042,0.01753731757789824,0.010520071809858346,0.010353326797323627,0.008512015036426169,0.015532177848394595,0.015119285844926859,0.00802470702727975,0.009771870442667403,0.004511728359424835,0.006416233975339035,0.012337015221372103,0.014214669140761811,0.008179159413492032,0.016053440183698132,0.01883446294043543,0.007333115240765008,0.01097018154633936,0.010034187457845102,0.015190128025603312
334,1.761720896007712,0.3159460697446677,0.010077741772725864,1.303984814677826,2.053008325412993,1.8001654003401382,1.4629639747045968,1.6154669679928877,1.3096554667430103,1.6605738533948196,1.9653268049934032,1.5681652134472768,2.004294767242254,2.360274632472955,2.0937573839609382,1.7894257993439742,1.414652741272619,2.202132676968223,1.7221761981757457,1.9757659828146008,1.8960926379268774,1.7164717534290657,1.811111078396753,1.3107978015869048,2.29682260324071,2.155336085248408,1.7059150529168652,1.86097802693503,1.4968757842783558,1.9881664969272461,1.2707937865782069,1.8706383914382099,1.1698363773704448,0.007784045054376217,0.007671714048776788,0.008071108368378427,0.01267513486310398,0.011181149938213807,0.0066432080218623,0.009968452874758943,0.004526410980932339,0.003274609245957896,0.01558294928260243,0.010745984080216346,0.01265812766628166,0.01104373591800312,0.015337697561404299,0.00406480683598208,0.016054777593595342,0.007876017435506902,0.009314982983172218,0.012918858423692975,0.012978297331097465,0.002958006160057181,0.004651031884378476,0.013906158204206613,0.010026071495484833,0.01413933622919242,0.018191953401055626,0.00858389874964931,0.014899665797594788,0.005406664196309966,0.009197398555931154
335,1.7573671149702141,0.3090805861738582,0.01065936256100833,1.303984814677826,2.053008325412993,1.7945636502929188,1.4629639747045968,1.6154669679928877,1.3096554667430103,1.6605738533948196,1.9653268049934032,1.5681652134472768,2.004294767242254,2.261702312168119,2.0937573839609382,1.7894257993439742,1.414652741272619,2.181147046308475,1.7221761981757457,1.9757659828146008,1.8906389078137456,1.7164717534290657,1.811111078396753,1.3107978015869048,2.29682260324071,2.155336085248408,1.7059150529168652,1.86097802693503,1.4968757842783558,1.9881664969272461,1.2707937865782069,1.8706383914382099,1.1698363773704448,0.004607454772934278,0.006497503492855384,0.0124238938803484,0.010833713731649406,0.011547386400384899,0.010200210502885776,0.007893902569017973,0.011359036046850022,0.008803867806764598,0.012036672696947965,0.012192187423609386,0.01609608077837746,0.015011424854345977,0.0064717880737686,0.008939102745977673,0.016502804927509135,0.005361894919309053,0.007582412332499564,0.017168152370298864,0.011870870656195815,0.00538676491759223,0.01147812487992041,0.01343038435005434,0.011670958307233019,0.014262672286514365,0.009642285021119003,0.012422646477699865,0.009690542763817941,0.00587674443293476,0.012519392410833776
336,1.7528622994534335,0.3027552795657067,0.01052285397860941,1.303984814677826,2.041190463330967,1.7945636502929188,1.4629639747045968,1.6154669679928877,1.3096554667430103,1.6605738533948196,1.9653268049934032,1.5681652134472768,2.004294767242254,2.139016814788676,2.0937573839609382,1.7894257993439742,1.414652741272619,2.181147046308475,1.7221761981757457,1.9757659828146008,1.8906389078137456,1.715830647387119,1.811111078396753,1.3107978015869048,2.29682260324071,2.155336085248408,1.7059150529168652,1.86097802693503,1.4968757842783558,1.9881664969272461,1.2707937865782069,1.8706383914382099,1.1698363773704448,0.00943641951515471,0.002543107885305679,0.00703136348820404,0.015128438537514253,0.0024089534235921944,0.011472532598734304,0.007522218705630436,0.0026347671738156703,0.012278003614585826,0.014310466123759373,0.008665472608453559,0.007262915890656452,0.01858666479624808,0.012551962660606255,0.00983654885899441,0.014444379109724608,0.003962081116658991,0.013621426787296713,0.01571238076663412,0.01565582104474436,0.003678584980250486,0.009173655037476231,0.015060750588224394,0.012888550999519584,0.015441541006010952,0.008611946293986912,0.010042172242554393,0.00608721355772004,0.010123655018862912,0.019511624927362352
337,1.7506122144803404,0.3063129247364763,0.011090979992795852,1.2364822654850305,2.041190463330967,1.7945636502929188,1.4629639747045968,1.6154669679928877,1.3096554667430103,1.6605738533948196,1.9653268049934032,1.5681652134472768,2.004294767242254,2.139016814788676,2.0937573839609382,1.7894257993439742,1.414652741272619,2.181147046308475,1.7221761981757457,1.9757659828146008,1.8906389078137456,1.715830647387119,1.811111078396753,1.3107978015869048,2.29682260324071,2.155336085248408,1.7059150529168652,1.86097802693503,1.4968757842783558,1.9881664969272461,1.2707937865782069,1.8706383914382099,1.1698363773704448,0.008254387041546438,0.008066081794296123,0.005139427175006378,0.013346121676832171,0.005992261445155682,0.013067773304696792,0.01191170018319944,0.0054579012712806085,0.014101695849088743,0.022127197630668376,0.010590852630139097,0.009838801124965114,0.018084869982414445,0.007794054078249799,0.002392675107862198,0.013576899765347088,0.002022439008108139,0.011324057543523005,0.010231782100325978,0.015138312666477085,0.004736666753228576,0.010676085217653015,0.012132254409683131,0.006594454639644304,0.01883947010261216,0.004893919958703386,0.014574503861532672,0.017819507794226228,0.014244877075142045,0.019758368592267317
338,1.7486793197141342,0.30392659794861837,0.010686884310203653,1.2364822654850305,2.041190463330967,1.7945636502929188,1.4629639747045968,1.6154669679928877,1.3096554667430103,1.6605738533948196,1.9653268049934032,1.5681652134472768,2.004294767242254,2.139016814788676,2.0937573839609382,1.7894257993439742,1.414652741272619,2.181147046308475,1.7221761981757457,1.9757659828146008,1.8906389078137456,1.715830647387119,1.811111078396753,1.3107978015869048,2.29682260324071,2.097349242262219,1.7059150529168652,1.86097802693503,1.4968757842783558,1.9881664969272461,1.2707937865782069,1.8706383914382099,1.1698363773704448,0.012059650454826243,0.0052609279166111285,0.004287468661062898,0.012786634218791022,0.013921314868677006,0.011550265796623861,0.011001427361172844,0.001961949170166388,0.012840737867768652,0.020466532027460183,0.01320833685361977,0.01744704266373884,0.01279422194385742,0.011458307727571707,0.006762973453645065,0.014872069473094255,0.004922683069769042,0.01236240144417381,0.010059333336201601,0.01300784731192843,0.011875381867895345,0.0038594271369443525,0.010898268060209722,0.008987758654028176,0.01195601791797317,0.0041931628471375835,0.006759384650770051,0.013052726930852254,0.011750256074496566,0.01424201954504225
339,1.7437516254452397,0.30434084837299435,0.011984829123527158,1.2364822654850305,2.041190463330967,1.6467328222260922,1.4629639747045968,1.6154669679928877,1.3096554667430103,1.6605738533948196,1.9653268049934032,1.5681652134472768,2.004294767242254,2.139016814788676,2.0937573839609382,1.7894257993439742,1.414652741272619,2.181147046308475,1.7221761981757457,1.9757659828146008,1.8906389078137456,1.715830647387119,1.811111078396753,1.3107978015869048,2.29682260324071,2.097349242262219,1.7059150529168652,1.86097802693503,1.4968757842783558,1.9881664969272461,1.2707937865782069,1.8706383914382099,1.1698363773704448,0.02058388889330428,0.006682053597347093,0.008795837467324642,0.01712942587559793,0.013531466329932414,0.007423083561681047,0.014019609012189965,0.007839059336939952,0.01625742773438851,0.018683341518493046,0.014902707495420038,0.014366246083909356,0.014142484433383668,0.011143653879193657,0.007826619426758798,0.01351615989435926,0.0030570749420828877,0.013952599462796676,0.00916219387058693,0.012929932590311917,0.012756237707045712,0.008633022935497435,0.010935888956345336,0.006182519885753388,0.018540047178888294,0.007775798216937349,0.015891103526974183,0.007976550175195454,0.012503027298971597,0.01240581241820385
340,1.7374302508064878,0.3007770761831034,0.011000945536264073,1.2364822654850305,2.041190463330967,1.6467328222260922,1.4629639747045968,1.6154669679928877,1.3096554667430103,1.6605738533948196,1.9653268049934032,1.5681652134472768,2.004294767242254,2.139016814788676,2.0818306777756814,1.7894257993439742,1.414652741272619,2.181147046308475,1.7221761981757457,1.9757659828146008,1.8906389078137456,1.715830647387119,1.811111078396753,1.3107978015869048,2.29682260324071,2.097349242262219,1.7059150529168652,1.86097802693503,1.4968757842783558,1.810451963949952,1.2707937865782069,1.8706383914382099,1.1698363773704448,0.011314961480390611,0.007985218047826663,0.00516776204126247,0.015401744030093594,0.011452508919440446,0.0013812278995384568,0.015819903761209776,0.0044537846487206455,0.0138126757527436,0.01387128577947944,0.013430917047516418,0.013129280254985462,0.01686515903109253,0.011214972398886245,0.008584261124122137,0.012410166036944406,0.005971496480232963,0.006315027798725908,0.011719063600083996,0.009790975630546556,0.009327272627231372,0.006128461385911032,0.009607447069786106,0.011377922159504955,0.017747328599508342,0.00974781203138328,0.019856023692537295,0.016495752473623986,0.011182661506386147,0.008465292778207257
341,1.7238390150709961,0.2874064103920785,0.010661863655076754,1.2364822654850305,1.9697472040529687,1.6467328222260922,1.4629639747045968,1.6154669679928877,1.3096554667430103,1.6605738533948196,1.9653268049934032,1.5681652134472768,2.004294767242254,1.993981742474674,2.0818306777756814,1.7894257993439742,1.414652741272619,2.181147046308475,1.7221761981757457,1.9757659828146008,1.8505291403712651,1.715830647387119,1.811111078396753,1.3107978015869048,2.29682260324071,1.946200269231945,1.7059150529168652,1.86097802693503,1.4968757842783558,1.810451963949952,1.2707937865782069,1.8706383914382099,1.1698363773704448,0.008010039856771279,0.005990825785231938,0.016235383338461654,0.01235143158706403,0.015508537332900672,0.008265205003085887,0.01349746789165294,0.0024928562571776324,0.013700822839302018,0.012414419973766562,0.022694933071911692,0.006658326530995718,0.015162246207980295,0.013292379760731566,0.0038168297896206144,0.019184836985852084,0.0109903060758677,0.009302712004994393,0.009917603641825645,0.00932784638572766,0.008280791603711177,0.005448132849021071,0.006990448018144232,0.011031736025306025,0.013606395217511348,0.0003387564655862965,0.017378042345593085,0.010987148349111586,0.007194140929210293,0.009785307528185587
342,1.7150238114487126,0.27415763963899653,0.009782843038121096,1.2364822654850305,1.9533030950248258,1.6467328222260922,1.4629639747045968,1.6154669679928877,1.3096554667430103,1.6605738533948196,1.9653268049934032,1.5681652134472768,2.004294767242254,1.993981742474674,2.0818306777756814,1.7894257993439742,1.414652741272619,2.0190428228481605,1.7221761981757457,1.9757659828146008,1.8505291403712651,1.715830647387119,1.811111078396753,1.3107978015869048,2.2109148270606593,1.946200269231945,1.7059150529168652,1.86097802693503,1.4968757842783558,1.810451963949952,1.2707937865782069,1.8706383914382099,1.1698363773704448,0.0028557161438925744,0.0025716948691081884,0.006494943201156366,0.009749120895129484,0.017269913232479603,0.010456311285843095,0.002526667404732611,0.009157576826469836,0.016133750078847674,0.012712556834790653,0.016156105216724014,0.010081462981711618,0.014206748776822157,0.009681900377981646,0.0022799591212106745,0.017556318684842604,0.00914549436751493,0.007493741303704405,0.00904697666729689,0.010033110678855005,0.007923635072553488,0.005546226485036787,0.005300414167827375,0.009920197847728582,0.012429943121657482,0.013229022553486404,0.013077876656206435,0.01211013158681525,0.005994054636283584,0.012343720066923445
343,1.7094448303613814,0.2729904329573525,0.010317032344256254,1.2364822654850305,1.9533030950248258,1.6467328222260922,1.4629639747045968,1.6154669679928877,1.3096554667430103,1.6602074048378879,1.9653268049934032,1.5681652134472768,2.004294767242254,1.993981742474674,1.962966306816242,1.7894257993439742,1.414652741272619,2.0190428228481605,1.7221761981757457,1.9757659828146008,1.8505291403712651,1.715830647387119,1.811111078396753,1.3107978015869048,2.2109148270606593,1.946200269231945,1.7059150529168652,1.86097802693503,1.4968757842783558,1.810451963949952,1.2707937865782069,1.8706383914382099,1.1216977642668806,0.00404311726582195,0.006037873283888884,0.015074378551605603,0.015685809515265867,0.021462906432659683,0.004781623002253922,0.005255982990244441,0.005979841568499904,0.01206704824908299,0.012873540647966173,0.014146724940139915,0.0047119415873922085,0.012494170211156144,0.009268194981596967,0.003138629076128636,0.015104289438505041,0.007493989408582411,0.01102943793280349,0.012263465179629545,0.0161309058745424,0.010782958782083353,0.007821867072325505,0.0035451184715787993,0.014175132090311286,0.007361852577244255,0.010678454840238613,0.01015166226218601,0.015159487465996902,0.01154563047839342,0.009244936149563312
344,1.6892931400000024,0.29023014311235446,0.0094271856161357,1.00877531943943,1.9533030950248258,1.6467328222260922,1.4629639747045968,1.6154669679928877,1.2999557989446768,1.6602074048378879,1.9653268049934032,1.3905889525811443,1.91905843433284,1.993981742474674,1.962966306816242,1.7894257993439742,1.414652741272619,2.0190428228481605,1.7221761981757457,1.9757659828146008,1.8505291403712651,1.715830647387119,1.7067795751748638,1.3107978015869048,2.2109148270606593,1.946200269231945,1.7059150529168652,1.86097802693503,1.4968757842783558,1.810451963949952,1.2707937865782069,1.8706383914382099,1.1216977642668806,0.010465872166530122,0.0,0.0084165429119443,0.01577879635104587,0.016352998443244005,0.0034678784964735313,0.011513870005589597,0.00840063673359939,0.00606248070167724,0.01102604993325326,0.017609869673227675,0.004108313876832263,0.012137123339480192,0.013370484082427525,0.007230558290217883,0.007044734007850459,0.00010143830656135182,0.008917721940734901,0.007172041290994414,0.01746790203173401,0.001393019708875406,0.0017249035870128488,0.008728424091038122,0.00906449224250467,0.013424599788076209,0.009849520506620198,0.013176809601690945,0.012995375001076923,0.01264458310337336,0.01316852827038435
345,1.6879015021687696,0.29068054213958733,0.011310465916283402,1.00877531943943,1.9533030950248258,1.6467328222260922,1.4629639747045968,1.5737178330559023,1.2999557989446768,1.6602074048378879,1.9653268049934032,1.3905889525811443,1.91905843433284,1.993981742474674,1.962966306816242,1.7894257993439742,1.414652741272619,2.0190428228481605,1.7221761981757457,1.9757659828146008,1.8505291403712651,1.715830647387119,1.7067795751748638,1.3107978015869048,2.2109148270606593,1.946200269231945,1.7059150529168652,1.86097802693503,1.4968757842783558,1.810451963949952,1.2707937865782069,1.8706383914382099,1.1216977642668806,0.008126680323957634,0.004822966338573302,0.00602223177997399,0.014962055190807259,0.018332699905983775,0.00801013511584984,0.007476331353656158,0.010252598198450239,0.00988650615210147,0.01411506346795358,0.017672824732635744,0.0077068066237126484,0.013404206265632514,0.015234248401477902,0.011720295173583702,0.01102002358645208,0.003808184498636484,0.009557352899761505,0.012927725382307456,0.017031327676864324,0.010722654120528276,0.007148150506643341,0.018293138502341003,0.005225813037283315,0.018427898605284213,0.010269548253108553,0.014948257734586181,0.011304940749783747,0.009160133705214237,0.011723179205357584
346,1.6838230118123763,0.2965612203929512,0.01129519181651414,1.00877531943943,1.9533030950248258,1.6467328222260922,1.4629639747045968,1.5737178330559023,1.2999557989446768,1.6602074048378879,1.9653268049934032,1.3905889525811443,1.91905843433284,1.993981742474674,1.962966306816242,1.7894257993439742,1.3961444070495976,2.0190428228481605,1.7221761981757457,1.9757659828146008,1.8505291403712651,1.715830647387119,1.7067795751748638,1.2962104166461619,2.2109148270606593,1.946200269231945,1.7059150529168652,1.86097802693503,1.4968757842783558,1.810451963949952,1.1815347950501836,1.8706383914382099,1.1216977642668806,0.012983127136161456,0.009077260547936753,0.010377664968660102,0.013814996533838237,0.021339308241392886,0.008531895940469741,0.00255335303404881,0.010044557620529578,0.013366045292644953,0.011369753276870313,0.01738226198034553,0.007152822835224119,0.00922472906428534,0.009555581982548774,0.009977195038549203,0.013333485258875791,0.009517434176920764,0.009328225609918047,0.013980768896025399,0.006733537698645837,0.012309726957154031,0.01162944689700421,0.013519790759531804,0.014961653945048099,0.013722546004889053,0.007763127576920428,0.012091031287946676,0.009031140169375704,0.01313859175472404,0.011044694008938434
347,1.6838230118123763,0.2965612203929512,0.011662016911022319,1.00877531943943,1.9533030950248258,1.6467328222260922,1.4629639747045968,1.5737178330559023,1.2999557989446768,1.6602074048378879,1.9653268049934032,1.3905889525811443,1.91905843433284,1.993981742474674,1.962966306816242,1.7894257993439742,1.3961444070495976,2.0190428228481605,1.7221761981757457,1.9757659828146008,1.8505291403712651,1.715830647387119,1.7067795751748638,1.2962104166461619,2.2109148270606593,1.946200269231945,1.7059150529168652,1.86097802693503,1.4968757842783558,1.810451963949952,1.1815347950501836,1.8706383914382099,1.1216977642668806,0.011730974235995185,0.008576996709267898,0.0129141428612663,0.016917892974714924,0.018866140495565124,0.009423305223096564,0.0058758503890757995,0.009534326481896128,0.007417225666034272,0.015385086508815598,0.01997484956090044,0.015135964623546357,0.013364032195073643,0.00783212826621302,0.005760125524823072,0.016170658955340377,0.004965283363002437,0.013467045223782384,0.014446465781739476,0.005329102499410924,0.004843388304332954,0.008294906639241576,0.01053655249331046,0.008457715905724106,0.02032313112326662,0.013452943069588953,0.014952537679499535,0.009214031166256683,0.01303179609129887,0.013665907318589922
348,1.6787482551533919,0.29251229245552723,0.01056666061317859,1.00877531943943,1.8893672321960975,1.6467328222260922,1.4629639747045968,1.5737178330559023,1.2999557989446768,1.6602074048378879,1.9653268049934032,1.3905889525811443,1.8894981688906047,1.993981742474674,1.962966306816242,1.7894257993439742,1.3961444070495976,2.0190428228481605,1.7221761981757457,1.9757659828146008,1.8505291403712651,1.715830647387119,1.7067795751748638,1.2962104166461619,2.2109148270606593,1.8874536977333745,1.7059150529168652,1.86097802693503,1.4968757842783558,1.810451963949952,1.1815347950501836,1.8706383914382099,1.1216977642668806,0.01373531072903329,0.009406149286343013,0.01694595861403001,0.004891239612405265,0.014313718721845819,0.007348503936000004,0.005545348964474324,0.005517372213957642,0.011731425381287625,0.01308470757171751,0.01830691584371725,0.010105609827575282,0.014816315510559624,0.009643771957398111,0.0009608727664338239,0.013101906075401964,0.009381840797562213,0.010274081828241662,0.02082839448590994,0.008666873993290011,0.00897962141839169,0.012006654212035332,0.004248966972181663,0.011955827605870764,0.012900040572487675,0.015870421510083978,0.015043949109136244,0.0011495581851045256,0.00391161879410574,0.012326841898775627
349,1.6738666166687002,0.2884049254868208,0.011894567829754118,1.00877531943943,1.8893672321960975,1.6467328222260922,1.4629639747045968,1.5737178330559023,1.2999557989446768,1.6602074048378879,1.9195788334843837,1.3905889525811443,1.8894981688906047,1.993981742474674,1.962966306816242,1.7894257993439742,1.3961444070495976,2.0190428228481605,1.7221761981757457,1.8928999711367074,1.8505291403712651,1.715830647387119,1.7067795751748638,1.2962104166461619,2.2109148270606593,1.8874536977333745,1.7059150529168652,1.86097802693503,1.4968757842783558,1.7926167925961036,1.1815347950501836,1.8706383914382099,1.1216977642668806,0.011880955271575821,0.004288268164710628,0.015327375393600842,0.007931207302406833,0.015349332414764782,0.004572865488814707,0.00580449461252951,0.008637633351874787,0.00867125611622448,0.016583038378044434,0.019891827562228504,0.015352781655025202,0.018995808382258613,0.009146277972417047,0.006810817294489436,0.01329370634730611,0.01211689707156551,0.007861298003427669,0.021973414886619726,0.014470218208735059,0.013826244087087325,0.014478848868603742,0.008104275724733245,0.013466404171478296,0.013778545566635714,0.013431438168696746,0.011529031233464077,0.005810542009873248,0.008409605270800122,0.01504262591263124
350,1.6635011878154253,0.2901442738539934,0.011413132821365603,1.00877531943943,1.8597506404867343,1.6467328222260922,1.4629639747045968,1.5737178330559023,1.2999557989446768,1.651247639537662,1.9195788334843837,1.3905889525811443,1.8894981688906047,1.993981742474674,1.962966306816242,1.7894257993439742,1.3961444070495976,2.0174940643323542,1.7221761981757457,1.8928999711367074,1.8505291403712651,1.715830647387119,1.7067795751748638,1.2127466149934532,2.2109148270606593,1.8874536977333745,1.7059150529168652,1.6845819494391496,1.4968757842783558,1.7926167925961036,1.170556924125926,1.8706383914382099,1.1216977642668806,0.015169605572888729,0.005792268781880652,0.02313762257127016,0.013424666656555876,0.009886845176866959,0.0,0.010382898218893809,0.00959399580138423,0.003907930713201959,0.01582565357559645,0.024273859484612463,0.01226097752504466,0.011833568953380679,0.013604310395945096,0.011553033601389259,0.003242898035466782,0.01039417755262754,0.005383139453456206,0.01820975644480438,0.012433933423461973,0.00935331254447826,0.007299091987663403,0.008018215183418685,0.011169988398865394,0.015948697774627613,0.01254916180876526,0.017063840777374,0.00981703847437978,0.008613068690979787,0.012250427061688102
351,1.654590088794137,0.28921206445108,0.011176638020344418,1.00877531943943,1.8597506404867343,1.6410355255732623,1.3662128862016023,1.5737178330559023,1.2999557989446768,1.651247639537662,1.9195788334843837,1.3905889525811443,1.8894981688906047,1.993981742474674,1.962966306816242,1.7894257993439742,1.3961444070495976,2.0174940643323542,1.7221761981757457,1.776478318755196,1.8505291403712651,1.715830647387119,1.7067795751748638,1.2127466149934532,2.1911107214593994,1.8661532988885772,1.7059150529168652,1.6845819494391496,1.4968757842783558,1.7926167925961036,1.170556924125926,1.8706383914382099,1.1143393356116253,0.016191315426428373,0.014410443352364693,0.014556364540905585,0.011637253222740807,0.004243512134587123,0.0017206726356898932,0.010165842590339985,0.008712266219970038,0.006477717704506529,0.011564575039728872,0.024569358956830607,0.007903080303996066,0.012726950534721705,0.017435372340448074,0.013660301216404321,0.005758671019830388,0.008863121062722738,0.00950249113374199,0.016433109131956978,0.016424470275757604,0.006680033569679431,0.006637162101785577,0.004040933599066299,0.013985503336858437,0.01063248716851022,0.010297474436008959,0.013203078121529552,0.00719941543355925,0.01605409091747061,0.013612073082191865
352,1.648840146196065,0.2845256620667426,0.010023712378054555,1.00877531943943,1.8597506404867343,1.6410355255732623,1.3662128862016023,1.5737178330559023,1.2999557989446768,1.5673955167935714,1.9195788334843837,1.3905889525811443,1.8894981688906047,1.993981742474674,1.962966306816242,1.7894257993439742,1.3961444070495976,2.0174940643323542,1.7221761981757457,1.776478318755196,1.8505291403712651,1.715830647387119,1.7067795751748638,1.2127466149934532,2.102464566261333,1.8661532988885772,1.7059150529168652,1.6845819494391496,1.4968757842783558,1.7926167925961036,1.170556924125926,1.8706383914382099,1.1143393356116253,0.011956840927404564,0.00863484047253928,0.018144228683437943,0.017194095998369446,0.009912845663453922,0.0,0.0,0.006355644517069275,0.012164359896980935,0.011088462315202486,0.02164406351754022,0.010005340060075328,0.009833695453664216,0.015916226302349165,0.005216776186779806,0.0013625046200117683,0.011575248847887291,0.005724347423490036,0.011743972930636847,0.01475893373201877,0.011617378588009167,0.0029340896330074637,0.006213517294983907,0.011628081096583517,0.008359056155152545,0.0043499703262858845,0.01971631042740228,0.011736130628055855,0.014667998190115702,0.00625641145312908
353,1.6453693859418188,0.2826526987772271,0.011199093340597906,1.00877531943943,1.8597506404867343,1.6410355255732623,1.3662128862016023,1.5737178330559023,1.2999557989446768,1.5673955167935714,1.9195788334843837,1.3905889525811443,1.8894981688906047,1.993981742474674,1.962966306816242,1.7894257993439742,1.3961444070495976,2.0174940643323542,1.7221761981757457,1.776478318755196,1.7505477713557238,1.715830647387119,1.7067795751748638,1.2127466149934532,2.102464566261333,1.8661532988885772,1.7059150529168652,1.6845819494391496,1.4968757842783558,1.788475353984261,1.170556924125926,1.8706383914382099,1.1143393356116253,0.008159641685419907,0.00798801254340391,0.017918963764389846,0.024490137012085335,0.016345907682721244,0.008723580201609455,0.011117169925661039,0.00480107926579655,0.015510885270743999,0.01576608490005409,0.013625447759319407,0.004774726839081288,0.009350664330739283,0.01539419729321448,0.009465602534775639,0.005214313112049438,0.014184139648817571,0.006010866703244358,0.009936897156959584,0.01859683317846996,0.008645823542229722,0.003023307042076635,0.01197173847889238,0.008836069674207815,0.013040129997279774,0.008650530604619695,0.016231038461443945,0.0066067660903534,0.013778219200246074,0.007814026318031348
354,1.6352953949275708,0.2833960181511339,0.01161329387548867,1.00877531943943,1.8597506404867343,1.6410355255732623,1.3662128862016023,1.5610808367757554,1.2999557989446768,1.5673955167935714,1.9195788334843837,1.3905889525811443,1.8894981688906047,1.993981742474674,1.962966306816242,1.7894257993439742,1.3961444070495976,2.0174940643323542,1.4802580691560405,1.776478318755196,1.7505477713557238,1.715830647387119,1.7067795751748638,1.2127466149934532,2.102464566261333,1.8555983051569673,1.668805441520885,1.6845819494391496,1.4968757842783558,1.788475353984261,1.170556924125926,1.8706383914382099,1.1143393356116253,0.013955019838215085,0.008027733492114048,0.020690196126201543,0.020157773186044635,0.01934697888318071,0.009152069809662643,0.009045035453595642,0.0070862707691440405,0.02075028663344518,0.016825128604413594,0.015822434105020863,0.009962568739217779,0.007009815985650807,0.003818641413452597,0.01609653760872181,0.006733293890253399,0.007302251704081032,0.013693140933524342,0.015258052091479993,0.010022484426081946,0.008285260766907889,0.004051834060112238,0.005626676346706601,0.010241000789838297,0.008092005443530278,0.015076942477886978,0.02096132184259352,0.0033094211100355214,0.01685508502982755,0.005143554703719543
355,1.6179991815065302,0.28161659755323276,0.01091287961598424,1.00877531943943,1.8597506404867343,1.6410355255732623,1.3662128862016023,1.5610808367757554,1.2999557989446768,1.5673955167935714,1.9195788334843837,1.3905889525811443,1.8894981688906047,1.993981742474674,1.962966306816242,1.7894257993439742,1.3961444070495976,2.0174940643323542,1.4802580691560405,1.776478318755196,1.4666364279353314,1.715830647387119,1.7067795751748638,1.2127466149934532,1.9445666558688228,1.8555983051569673,1.668805441520885,1.6845819494391496,1.4968757842783558,1.788475353984261,1.170556924125926,1.8706383914382099,1.0372621867933032,0.01352177811049802,0.003647130375592302,0.019342297765014102,0.01540866017870461,0.015911459218193924,0.0034902779394696912,0.009868979066446446,0.005766941863307851,0.016515542803537217,0.018572127705343198,0.015180868132356046,0.011192455823134507,0.011216769412020829,0.0050909305177544864,0.0081273074582615,0.004674591459608924,0.014492444813128114,0.01048180486827188,0.016888733289166492,0.006639747446555603,0.015315832437251754,0.0018857073801527284,0.01259324137847556,0.0022099782742162023,0.010556860953978705,0.01468773739241581,0.01884934224160561,0.005987077284736161,0.01665473660632129,0.002615026284007571
356,1.6156241117093226,0.2853007220795249,0.011633751087820964,1.00877531943943,1.8597506404867343,1.6410355255732623,1.3662128862016023,1.5610808367757554,1.2999557989446768,1.5673955167935714,1.9195788334843837,1.3905889525811443,1.8894981688906047,1.993981742474674,1.962966306816242,1.7894257993439742,1.3961444070495976,2.0174940643323542,1.4802580691560405,1.776478318755196,1.4666364279353314,1.715830647387119,1.7067795751748638,1.1414945210772243,1.9445666558688228,1.8555983051569673,1.668805441520885,1.6845819494391496,1.4968757842783558,1.788475353984261,1.170556924125926,1.8706383914382099,1.0372621867933032,0.013345058192497029,0.007376322672429935,0.01390415462380114,0.016837121113123767,0.014700552874784362,0.007832177131561452,0.01221509364380742,0.007576458665704059,0.01473044594200835,0.016317636002769594,0.025226490118269048,0.007177786047790353,0.017956283242506522,0.012156969389988434,0.00959079394063389,0.0014604608315705858,0.013726307438313762,0.006028100449115309,0.01986109266668033,0.015933767303627142,0.009122497096161199,0.005752517792810112,0.012735435608320432,0.008340983157677794,0.005763482815406949,0.009522034875642557,0.018570162536618876,0.005190226689036935,0.015314259943543853,0.004747859828427671
357,1.606476976398765,0.2897997017338404,0.010902134960888333,1.00877531943943,1.8597506404867343,1.6410355255732623,1.3662128862016023,1.489671740254288,1.2999557989446768,1.5673955167935714,1.9195788334843837,1.3905889525811443,1.8894981688906047,1.993981742474674,1.962966306816242,1.7894257993439742,1.3961444070495976,2.0174940643323542,1.4802580691560405,1.776478318755196,1.2988188554327178,1.715830647387119,1.7067795751748638,1.1414945210772243,1.9445666558688228,1.8555983051569673,1.668805441520885,1.6845819494391496,1.4968757842783558,1.753287963691616,1.170556924125926,1.8706383914382099,1.0372621867933032,0.011482155576873026,0.007446767949327007,0.015805081656740508,0.012197716875034131,0.016415341618862614,0.0076166615034684165,0.01060145978707822,0.007643598667345377,0.012921738324594447,0.010726101110106842,0.015028257373985655,0.006632122485537329,0.016916115432959553,0.011773562366600198,0.006228553146991922,0.011879379546889165,0.010578650826028303,0.006142445183109426,0.011815290040384133,0.009595324372762325,0.008008053734570801,0.005737948049892465,0.01307291928219851,0.009877649387923376,0.007467114945108547,0.007628275555093978,0.02009876134214145,0.0073461569962489735,0.014624712267748963,0.013756133421044344
358,1.5933823894961237,0.2860205786313676,0.012274525943875828,1.00877531943943,1.8597506404867343,1.6410355255732623,1.3662128862016023,1.489671740254288,1.2999557989446768,1.5673955167935714,1.9195788334843837,1.3905889525811443,1.739860533624118,1.993981742474674,1.962966306816242,1.7894257993439742,1.3961444070495976,2.0174940643323542,1.4802580691560405,1.776478318755196,1.2988188554327178,1.715830647387119,1.7067795751748638,1.1414945210772243,1.9445666558688228,1.8555983051569673,1.4579003717822876,1.6845819494391496,1.4968757842783558,1.753287963691616,1.170556924125926,1.8383434893640538,1.0372621867933032,0.013676439289974354,0.010722995562355068,0.016855149062615864,0.012410317068957295,0.02081860795232709,0.011196682868166627,0.007720672302112207,0.009151402101687684,0.015102580131599656,0.014581799298700848,0.014734972006720262,0.007207185540586967,0.01692156391852939,0.014796610575421263,0.014642894416521246,0.007341050440379563,0.008411407053834993,0.0026392258069454755,0.015545383750525471,0.019258408649527537,0.012499796857313776,0.010894600125593746,0.011529929746148684,0.007979536585834465,0.008804533589233575,0.006676904503964344,0.01699580183790453,0.007783086890611801,0.012721881699267487,0.01861435868291362
359,1.5777310866741892,0.2850647649743553,0.010910829755001761,1.00877531943943,1.8597506404867343,1.6410355255732623,1.2306256638271127,1.489671740254288,1.2999557989446768,1.5673955167935714,1.9195788334843837,1.3905889525811443,1.6015157839521525,1.993981742474674,1.962966306816242,1.697297893034055,1.3961444070495976,2.0174940643323542,1.4802580691560405,1.776478318755196,1.2988188554327178,1.715830647387119,1.7067795751748638,1.1414945210772243,1.9445666558688228,1.8555983051569673,1.4579003717822876,1.6845819494391496,1.4968757842783558,1.753287963691616,1.170556924125926,1.734864283062397,1.0372621867933032,0.009943990448850186,0.0063867596417017955,0.017492693964642942,0.008559724949057745,0.023042520609773944,0.008486392905619533,0.010677271391842267,0.008160587756473903,0.01141844027423023,0.010524683695791095,0.0161526331246016,0.003470583880340923,0.010055387472682123,0.012444421313097614,0.011217912557457218,0.015257284709778322,0.007641498421973649,0.00023751494620904347,0.015748124295111517,0.013084508161776802,0.009967429331080612,0.007501619661663157,0.005660043869863949,0.01185921894841613,0.017263497653016244,0.00706023615863394,0.022493110378554646,0.0019183719430384551,0.010709300618114558,0.012889129566658624
360,1.57450115075511,0.2837356300366675,0.010711432030572964,1.00877531943943,1.8597506404867343,1.6410355255732623,1.2306256638271127,1.489671740254288,1.2999557989446768,1.5107571446471906,1.8865748945662948,1.3905889525811443,1.6015157839521525,1.993981742474674,1.962966306816242,1.697297893034055,1.3961444070495976,2.0174940643323542,1.4802580691560405,1.776478318755196,1.2988188554327178,1.715830647387119,1.7067795751748638,1.1414945210772243,1.9373108893609232,1.8555983051569673,1.4579003717822876,1.6845819494391496,1.4968757842783558,1.753287963691616,1.170556924125926,1.734864283062397,1.0372621867933032,0.015323775415590728,0.0086259011671236,0.017030991687401787,0.017749712723836315,0.01934681649398759,0.009152848620662372,0.008693023767075382,0.009774565227212883,0.005314346453208243,0.009438263156751229,0.010266549385710326,0.013586649907171922,0.005816222375670178,0.01810481652837319,0.009248339000242788,0.013632115765289133,0.01017464032494384,0.0022130546644962075,0.010890489719411537,0.011038974496453444,0.010182715049848318,0.015706454117546894,0.007588890785344284,0.0,0.010325370722879043,0.008303904479302694,0.0184175143500079,0.005681707150956331,0.006076757895402197,0.013637549485288634
361,1.5659035786812152,0.28782776051585834,0.010056964751782181,1.00877531943943,1.8597506404867343,1.6410355255732623,1.2306256638271127,1.489671740254288,1.2999557989446768,1.5107571446471906,1.8865748945662948,1.3905889525811443,1.6015157839521525,1.993981742474674,1.8555811947119598,1.697297893034055,1.3961444070495976,2.0174940643323542,1.4802580691560405,1.776478318755196,1.2988188554327178,1.715830647387119,1.7067795751748638,1.1414945210772243,1.9373108893609232,1.8555983051569673,1.4579003717822876,1.6845819494391496,1.4968757842783558,1.753287963691616,1.0200148740133597,1.734864283062397,1.0372621867933032,0.013144408185843233,0.009980539257623072,0.00997468302079163,0.011855171211496242,0.016094643941393566,0.008177333732104861,0.003982316579591627,0.0073846163037523125,0.01018008145811185,0.0061895395334379735,0.011939048048868521,0.01080195069650866,0.00870246376256481,0.013103625397878002,0.006999769054782635,0.006331230705632192,0.007308636297115184,0.0,0.016270955946695694,0.010220764359271368,0.015764918944200883,0.007452203422322547,0.011404475362391494,0.014326607209472696,0.014001533631890328,0.011414792155410441,0.013935717704026818,0.006911700873384609,0.008419512928587038,0.009435702828315129
362,1.5657768596062707,0.2877954900549192,0.011298474291734419,1.00877531943943,1.8597506404867343,1.6372339533249272,1.2306256638271127,1.489671740254288,1.2999557989446768,1.5107571446471906,1.8865748945662948,1.3905889525811443,1.6015157839521525,1.993981742474674,1.8555811947119598,1.697297893034055,1.3961444070495976,2.0174940643323542,1.4802580691560405,1.776478318755196,1.2988188554327178,1.715830647387119,1.7067795751748638,1.1414945210772243,1.9373108893609232,1.8555983051569673,1.4579003717822876,1.6845819494391496,1.4968757842783558,1.753287963691616,1.0200148740133597,1.734864283062397,1.0372621867933032,0.010977046906446538,0.010880965710655268,0.016494253712496562,0.006962378119376332,0.017916306431248717,0.013021986433030172,0.009809938532835181,0.011471506804098247,0.011061951317455262,0.019129853858977697,0.017126550429716954,0.008021624776914538,0.014861799412073051,0.006575947754085654,0.009073861084334427,0.002258878095540499,0.011154202622940201,0.013014882035516009,0.019130623648656996,0.009963415222930021,0.0076393504048040736,0.014788603195442545,0.003849258035885468,0.013979808001169415,0.006893390669150986,0.008887245319489742,0.01376815222218841,0.00858008026371916,0.010190042117566914,0.011470325613287502
363,1.5593905968793227,0.28782892594883036,0.011141129278586888,0.9773239467912309,1.8597506404867343,1.6372339533249272,1.2306256638271127,1.489671740254288,1.2999557989446768,1.5107571446471906,1.8865748945662948,1.3905889525811443,1.6015157839521525,1.993981742474674,1.8555811947119598,1.697297893034055,1.3961444070495976,2.0174940643323542,1.4802580691560405,1.776478318755196,1.2988188554327178,1.715830647387119,1.7067795751748638,1.1414945210772243,1.9373108893609232,1.8555983051569673,1.4579003717822876,1.6422885279872017,1.4968757842783558,1.753287963691616,1.0200148740133597,1.617021195354106,1.0372621867933032,0.012014986188582094,0.008717164245026915,0.012194076060357346,0.007476524923570143,0.0154483076902179,0.005163163637137691,0.014524491688614452,0.012607092059850371,0.014033839368026955,0.015292474918755117,0.016549542013876824,0.004876563745701193,0.009067334206730416,0.011921013691402652,0.010719638784934165,0.002701469979145456,0.020095466973746437,0.011202535191892567,0.01954086282248593,0.01234310131811791,0.004114104574534876,0.007294789488726705,0.005301734025278237,0.016093198308881514,0.007603433679489058,0.011204504230904565,0.011917887574928373,0.009306348137613281,0.01069470529794547,0.014213523531131996
364,1.5449051426592126,0.2920946143743565,0.011116875077684597,0.9773239467912309,1.8597506404867343,1.5617727034899755,1.2306256638271127,1.489671740254288,1.2999557989446768,1.5107571446471906,1.8865748945662948,1.3905889525811443,1.6015157839521525,1.993981742474674,1.8555811947119598,1.697297893034055,1.3961444070495976,1.9647146213197755,1.4802580691560405,1.776478318755196,1.2988188554327178,1.715830647387119,1.7067795751748638,1.1414945210772243,1.9373108893609232,1.8555983051569673,1.4579003717822876,1.6422885279872017,1.1905528505225758,1.753287963691616,1.0200148740133597,1.617021195354106,1.0372621867933032,0.009167431349413939,0.011518782408877342,0.010858791418411753,0.004899138379128016,0.018048190188689823,0.01600234982850683,0.014542496718282678,0.008998477974019713,0.017147017883284023,0.012830001860187389,0.02074077986296462,0.005045073780357205,0.008288789804631899,0.013078919820442523,0.0,0.0013600485960812924,0.01035561345819451,0.010729980079857634,0.009792794408629797,0.014039945456087747,0.009850457453979678,0.008614684664414982,0.01444527712363768,0.009755253964639067,0.00989117380837427,0.019516841896702716,0.01505851473982221,0.00927582307454691,0.014087583383140864,0.005566018945230729
365,1.5425920198319891,0.2906237262045203,0.012017557303112703,0.9773239467912309,1.8597506404867343,1.5617727034899755,1.2306256638271127,1.489671740254288,1.2999557989446768,1.5107571446471906,1.8865748945662948,1.3905889525811443,1.6015157839521525,1.993981742474674,1.8555811947119598,1.697297893034055,1.3961444070495976,1.9647146213197755,1.4802580691560405,1.776478318755196,1.2988188554327178,1.7049634668837155,1.7067795751748638,1.1414945210772243,1.9373108893609232,1.8268368726171293,1.4579003717822876,1.6125234562137405,1.1905528505225758,1.753287963691616,1.0200148740133597,1.617021195354106,1.0372621867933032,0.012450119510508112,0.013023891366906019,0.011807723124125206,0.00783097289398792,0.020822432972272317,0.010822729768977505,0.018258443543057994,0.008738695821240055,0.011734981153273403,0.015832038841333763,0.020987461051936652,0.009240842660748998,0.0155648531391477,0.013702723856283884,0.010759330291684716,0.010748566115245939,0.011710376090235838,0.007718794854871023,0.008323118777977754,0.015565065135020035,0.011863298595880999,0.010240733959897625,0.007207000536165253,0.010870829742665018,0.0,0.017255493845614856,0.01474209877135096,0.006769702878229529,0.010104875768916829,0.01582952402582513
366,1.5421884138042674,0.2913327695319336,0.01109988699451975,0.9773239467912309,1.8597506404867343,1.5617727034899755,1.2306256638271127,1.489671740254288,1.2999557989446768,1.5107571446471906,1.8865748945662948,1.3905889525811443,1.6015157839521525,1.993981742474674,1.8555811947119598,1.697297893034055,1.3961444070495976,1.9647146213197755,1.4802580691560405,1.776478318755196,1.2988188554327178,1.7049634668837155,1.7067795751748638,1.1414945210772243,1.9373108893609232,1.8268368726171293,1.4579003717822876,1.6125234562137405,1.1905528505225758,1.753287963691616,1.0200148740133597,1.617021195354106,1.0251540059616535,0.005107031468134651,0.005093320219499814,0.014634657444850046,0.003953491383515852,0.012453525823804039,0.009591071025255943,0.022240060137418305,0.010846228260059062,0.012264368157781872,0.012731212371751201,0.015885076754367924,0.007744265851638935,0.012473862396760271,0.005384535507936569,0.004174831518165583,0.012215400106985685,0.016119838102576636,0.007269395582897599,0.01492483091164307,0.014251362540232595,0.012473452470566948,0.009407716601416998,0.00532669238271224,0.010618141483987417,0.007048624914841895,0.01768030127158384,0.010609985797036205,0.010103549217570144,0.0110638140162346,0.019305966114366656
367,1.531818887341232,0.28726046767032953,0.011095763743147823,0.9773239467912309,1.8597506404867343,1.5617727034899755,1.2306256638271127,1.489671740254288,1.2999557989446768,1.3865561467511047,1.8865748945662948,1.3905889525811443,1.6015157839521525,1.993981742474674,1.8555811947119598,1.697297893034055,1.3961444070495976,1.8553998155443243,1.4802580691560405,1.776478318755196,1.2988188554327178,1.7049634668837155,1.7067795751748638,1.1414945210772243,1.9373108893609232,1.8268368726171293,1.4304454518381289,1.6125234562137405,1.1905528505225758,1.7180160315924558,1.0200148740133597,1.6021780571778987,1.0251540059616535,0.007952705772796904,0.013769872322985308,0.011764900056033575,0.004991508945144408,0.020644791162260697,0.011186810593481165,0.0227583959626991,0.011212474499187865,0.015187271349138252,0.00972793408115804,0.015596955306513161,0.007334836213525718,0.015106385955552571,0.0102338098657441,0.005291395488396189,0.009847079601417673,0.007056695842647961,0.012384601774063688,0.011562152375686849,0.017109699084247393,0.01615710239707595,0.005631519371299287,0.004452802389066685,0.011402811928518948,0.00485726871186573,0.005152889173555666,0.008885173994856482,0.00929851512095722,0.010859163943142756,0.01545538901141536
368,1.5222163135239626,0.28124056323675944,0.010389700713769878,0.9773239467912309,1.8588808297897548,1.5617727034899755,1.2306256638271127,1.489671740254288,1.2999557989446768,1.3865561467511047,1.8865748945662948,1.3905889525811443,1.6015157839521525,1.8317465588944413,1.8400053880955487,1.697297893034055,1.3961444070495976,1.8553998155443243,1.4802580691560405,1.776478318755196,1.2988188554327178,1.7049634668837155,1.7067795751748638,1.1414945210772243,1.9373108893609232,1.8268368726171293,1.3210490382136695,1.6125234562137405,1.1905528505225758,1.7180160315924558,1.0200148740133597,1.6021780571778987,1.0251540059616535,0.01272939470668049,0.008891077693059602,0.011567121510050092,0.00870061482365364,0.015459979646208913,0.006371061124413765,0.016684572108795977,0.007307470358467876,0.01091263089460022,0.00978090185200862,0.019603039914491843,0.005059239621686371,0.01055907659099812,0.007029507130969155,0.012156979000327174,0.0064544063825795394,0.012170603215407319,0.009048416089429698,0.013064208199100638,0.013965288761274454,0.015502817312733341,0.009707105965208379,0.010468376025708569,0.009137923894785314,0.0,0.008483710004191484,0.008752934563544148,0.00725887372908331,0.007105581866973003,0.01775810842666537
369,1.5195394497042587,0.28121228199074294,0.009995186437045714,0.9773239467912309,1.8588808297897548,1.4920939002353149,1.2306256638271127,1.489671740254288,1.2999557989446768,1.3865561467511047,1.8865748945662948,1.3905889525811443,1.6015157839521525,1.8317465588944413,1.8400053880955487,1.697297893034055,1.3961444070495976,1.8553998155443243,1.4802580691560405,1.776478318755196,1.2988188554327178,1.7049634668837155,1.7002771673396109,1.1414945210772243,1.9373108893609232,1.8268368726171293,1.3210490382136695,1.6125234562137405,1.1864281470213816,1.7180160315924558,1.0200148740133597,1.6021780571778987,1.0251540059616535,0.005969560973926547,0.002490791222300068,0.008669386556157049,0.007068350756345332,0.017607132908628143,0.002621175977911674,0.010836146323705834,0.015930049824841145,0.01725396735604063,0.010027094905682538,0.01385913789329495,0.010845395729632981,0.007425375785366439,0.01087838333028581,0.009094507132870426,0.00581659884923744,0.016729240333920047,0.015658685199965716,0.011212271852859692,0.014012885723191558,0.006957828064727116,0.00488105665722333,0.002773988679448817,0.011602353459109947,0.008137864581060096,0.012971371589400083,0.01159916935304647,0.005841543572284551,0.010055831047710356,0.01102844747119665
370,1.5182999855091832,0.2819694976173497,0.011780298265015067,0.9773239467912309,1.8588808297897548,1.4920939002353149,1.2306256638271127,1.489671740254288,1.29573117224496,1.3865561467511047,1.8865748945662948,1.3905889525811443,1.6015157839521525,1.8317465588944413,1.8400053880955487,1.697297893034055,1.3961444070495976,1.8553998155443243,1.4802580691560405,1.776478318755196,1.2988188554327178,1.701084359439609,1.7002771673396109,1.1414945210772243,1.9373108893609232,1.8268368726171293,1.2919688465052244,1.6125234562137405,1.1864281470213816,1.7180160315924558,1.0200148740133597,1.6021780571778987,1.0251540059616535,0.011087250582593773,0.00022622679840744793,0.00963298296668881,0.009049050320895409,0.015473340559678748,0.011278749193997389,0.014883357517593105,0.013787963078499254,0.01400858964677384,0.008478652084313771,0.01842905341457943,0.017937125704131366,0.01727600966213325,0.0173802764277885,0.007455578689874387,0.011285458096859144,0.009704885244891149,0.004847356625946523,0.014893802749605447,0.016134340466706653,0.010923006339326325,0.006710813663131358,0.005590216626223039,0.009135595042018758,0.00748298317607839,0.011337075720399808,0.012107424757747088,0.01232087165790507,0.016939020517829646,0.01761189061783516
371,1.5125245514702896,0.2819978852336319,0.012337816554652027,0.9289190865867778,1.8588808297897548,1.4920939002353149,1.2306256638271127,1.489671740254288,1.29573117224496,1.3865561467511047,1.8865748945662948,1.3905889525811443,1.6015157839521525,1.8317465588944413,1.8400053880955487,1.697297893034055,1.3961444070495976,1.8354111641478785,1.4802580691560405,1.776478318755196,1.2988188554327178,1.701084359439609,1.6280776133181658,1.1414945210772243,1.9373108893609232,1.794166917072666,1.2919688465052244,1.6125234562137405,1.1864281470213816,1.7180160315924558,1.0200148740133597,1.6021780571778987,1.0251540059616535,0.012168536810350778,0.009676221146503697,0.013269708927089039,0.012721430998300313,0.019442685065221052,0.007270702989548965,0.016560852172604446,0.019175257931790573,0.016035647979763593,0.01170633278435473,0.01947816826952782,0.012336225972650194,0.023625648590134652,0.010069462501588163,0.003631242723769797,0.011097639783265872,0.009769582503452346,0.009674069031464253,0.014252344022082366,0.013921443895240347,0.004463307126101378,0.004351459485681718,0.008999266947262642,0.010064683227846549,0.00857656395929983,0.014907551965673988,0.014054219573661665,0.00811682865155606,0.013315082733477621,0.01740232887029637
372,1.512429591223467,0.28203940655763043,0.011279146639082081,0.9289190865867778,1.8588808297897548,1.4920939002353149,1.2306256638271127,1.489671740254288,1.29573117224496,1.3865561467511047,1.8865748945662948,1.3877401451764695,1.6015157839521525,1.8317465588944413,1.8400053880955487,1.697297893034055,1.3961444070495976,1.8354111641478785,1.4802580691560405,1.776478318755196,1.2988188554327178,1.701084359439609,1.6280776133181658,1.1414945210772243,1.9373108893609232,1.794166917072666,1.2919688465052244,1.6125234562137405,1.1864281470213816,1.7180160315924558,1.0200148740133597,1.6021780571778987,1.0251540059616535,0.007274423574921196,0.009435961758713526,0.006205401349180363,0.010510761645989254,0.023761919917518734,0.009173771593873602,0.01705830795160412,0.0055450184576250295,0.010612951217394043,0.011168024504858067,0.018241616445190918,0.009220468898722644,0.0058775858991746,0.01181209453955669,0.010728360291600375,0.014739949900306122,0.005095869155765253,0.015589960336567012,0.011743055849028334,0.00440561242519524,0.005129567065036103,0.009644661642034182,0.015434962582569989,0.005189276208324625,0.009736929188794399,0.017423139772897025,0.016196362511200352,0.01724872629716916,0.01106000380720053,0.013109654384451023
373,1.5091962642544323,0.2836118092885237,0.01131667345117934,0.9289190865867778,1.8588808297897548,1.4443402313663438,1.2306256638271127,1.489671740254288,1.29573117224496,1.3865561467511047,1.8865748945662948,1.3877401451764695,1.6015157839521525,1.8317465588944413,1.8400053880955487,1.697297893034055,1.3961444070495976,1.8243571604810147,1.4802580691560405,1.776478318755196,1.2988188554327178,1.701084359439609,1.6280776133181658,1.1033023845420193,1.9373108893609232,1.794166917072666,1.2919688465052244,1.6125234562137405,1.1864281470213816,1.7180160315924558,1.0200148740133597,1.6021780571778987,1.0251540059616535,0.006777519480968282,0.0038363381263836955,0.009377142707380914,0.011193248020679092,0.013633042887361516,0.008813443996558444,0.018344407139880184,0.007160724593278836,0.017172174793032357,0.011701747347146792,0.018823107817136028,0.0031884122235906766,0.011432044646329628,0.010464114078824473,0.009716269242016908,0.015262735199664142,0.006151710339682149,0.011390758769045354,0.011387196365159825,0.0,0.004142877097022805,0.009766684771076804,0.007577273310324745,0.015737220945005258,0.013427249496749612,0.012489286028530272,0.02087800901312387,0.016622301150741908,0.01700878733176726,0.016024376616918357
374,1.5050285092064357,0.2798554450739276,0.01174561664363401,0.9289190865867778,1.8588808297897548,1.4443402313663438,1.2306256638271127,1.489671740254288,1.29573117224496,1.3865561467511047,1.828367214850275,1.3877401451764695,1.6015157839521525,1.8317465588944413,1.8400053880955487,1.697297893034055,1.3961444070495976,1.8243571604810147,1.4593805674438483,1.776478318755196,1.2988188554327178,1.701084359439609,1.6280776133181658,1.1033023845420193,1.9373108893609232,1.748219447060976,1.2919688465052244,1.6125234562137405,1.1864281470213816,1.7180160315924558,1.0200148740133597,1.6021780571778987,1.0251540059616535,0.0043565383165655985,0.0021334013520557865,0.010673111621768082,0.00781278492888874,0.01167823461252513,0.015041938042935792,0.015925621575710952,0.013750635852777162,0.014988065323683276,0.02501813948259024,0.021265876204945616,0.011543885614671621,0.010887524118236831,0.0077362409176808256,0.01123805420096195,0.016483266751386165,0.004450249571803522,0.01431987219501963,0.012213855037310435,0.010147331748411224,0.0034826529940470267,0.00852617963742549,0.006948335758351741,0.010249415605740176,0.008945743426931236,0.018019020404382455,0.025021146731679548,0.008646325625791235,0.010011607820956123,0.01085344383378675
375,1.5032155378601866,0.28041833292965707,0.01165527664736925,0.9289190865867778,1.8588808297897548,1.3899510909788693,1.2306256638271127,1.489671740254288,1.29573117224496,1.3865561467511047,1.828367214850275,1.3877401451764695,1.6015157839521525,1.8317465588944413,1.8400053880955487,1.697297893034055,1.3961444070495976,1.8243571604810147,1.4593805674438483,1.776478318755196,1.2988188554327178,1.701084359439609,1.6280776133181658,1.1033023845420193,1.9373108893609232,1.748219447060976,1.2919688465052244,1.6125234562137405,1.1864281470213816,1.7180160315924558,1.0200148740133597,1.6021780571778987,1.0251540059616535,0.008466366615441008,0.0005667937044252583,0.013760283698957152,0.013614907579760959,0.012438493970510911,0.012770444945142356,0.019601464849794054,0.008318981975899491,0.00959719903276588,0.01279309910485569,0.02094196758424084,0.00542988451282021,0.0163896657381257,0.01621282012801097,0.01111124609631377,0.006389607268398664,0.007564420120396619,0.008685341726934612,0.012724747741608266,0.009681594366712095,0.0041633537559320885,0.005113696747876859,0.009181107230257793,0.017818260224916237,0.007517770908576522,0.015294571170112374,0.021940371348889362,0.016251112937403153,0.015634945375281647,0.009683778960716958
376,1.5010430239175394,0.27907694673544187,0.010570968355290608,0.9289190865867778,1.8588808297897548,1.3899510909788693,1.2306256638271127,1.489671740254288,1.29573117224496,1.3865561467511047,1.828367214850275,1.3682485035158476,1.6015157839521525,1.8317465588944413,1.8400053880955487,1.697297893034055,1.3961444070495976,1.7786733838622202,1.4593805674438483,1.776478318755196,1.2988188554327178,1.701084359439609,1.6280776133181658,1.1033023845420193,1.9373108893609232,1.748219447060976,1.2919688465052244,1.6125234562137405,1.1864281470213816,1.7180160315924558,1.0200148740133597,1.6021780571778987,1.0251540059616535,0.00463858311182167,0.0002596238007013711,0.018389855772209824,0.00823686679983206,0.012282234257172776,0.018323151679100834,0.010465743308600438,0.012014720581155488,0.01677895957022276,0.007956157919713098,0.018883013090883197,0.007869254125722555,0.014051308174388374,0.01283199943297808,0.01029552544202212,0.005805595933974753,0.010969203723323958,0.007429481600349606,0.007871176104988647,0.007938373229652972,0.0008524720787223229,0.010053349970298628,0.006568993322700924,0.01384702148737837,0.01167109487365141,0.012219891229552776,0.00923941050580167,0.01507729280204352,0.015932015498455365,0.008376681231298672
377,1.4969513657196343,0.27366392176353616,0.010637633825996601,0.9289190865867778,1.8588808297897548,1.3899510909788693,1.2306256638271127,1.4854508371321242,1.29573117224496,1.3865561467511047,1.828367214850275,1.3682485035158476,1.6015157839521525,1.8317465588944413,1.8400053880955487,1.697297893034055,1.3961444070495976,1.7786733838622202,1.4593805674438483,1.776478318755196,1.2988188554327178,1.701084359439609,1.6280776133181658,1.1033023845420193,1.8187820465459308,1.748219447060976,1.2919688465052244,1.6125234562137405,1.1864281470213816,1.7180160315924558,1.0200148740133597,1.6021780571778987,1.0251540059616535,0.0038347803964581895,0.0020366717041952363,0.013132588294922877,0.014607665561749398,0.011292179474884397,0.011340175224023129,0.015286287168763816,0.009215270869912145,0.010869606198288109,0.019356222606942745,0.01003718322936312,0.007458721447641312,0.014252179670996833,0.012883711478373335,0.00923376791981075,0.008730827397177687,0.012444468371843197,0.009270431233899791,0.014584417789416233,0.00997398067245816,0.0018173950621515542,0.0074649977547374255,0.0011773637577394366,0.014957014295081497,0.012409320304898492,0.010538254062589483,0.007252832863248864,0.017208818530962677,0.01586779392400704,0.010594087513361106
378,1.4958352420366956,0.2741796814899667,0.01065264482026282,0.9289190865867778,1.8588808297897548,1.3899510909788693,1.2306256638271127,1.4854508371321242,1.29573117224496,1.3530724362629525,1.828367214850275,1.3682485035158476,1.6015157839521525,1.8317465588944413,1.8400053880955487,1.697297893034055,1.3961444070495976,1.7786733838622202,1.4593805674438483,1.776478318755196,1.2988188554327178,1.701084359439609,1.6280776133181658,1.1033023845420193,1.8187820465459308,1.748219447060976,1.2919688465052244,1.6125234562137405,1.1864281470213816,1.7180160315924558,1.0200148740133597,1.6021780571778987,1.0251540059616535,0.01294431749006742,0.0023164037615684527,0.009337029594792663,0.003899900827444975,0.015448617665703468,0.012192758804392452,0.015351960539828605,0.008953748727635604,0.009003860692004451,0.017359591600664723,0.00861348234303748,0.009459599758207624,0.01761069302381845,0.012275517148920395,0.006569846373397452,0.007516219646306416,0.013971773206136882,0.009803079529592881,0.012117018678327934,0.015747310472515284,0.0026030187988330244,0.008038328095181218,0.011324721740723846,0.011171493005484008,0.010577312486721252,0.014438215156805809,0.01001396988998724,0.010667498139314413,0.009562088294201732,0.01068996911626848
379,1.4902247530800798,0.27313407411392004,0.011367048693185467,0.9289190865867778,1.8588808297897548,1.3899510909788693,1.2306256638271127,1.4847072343814216,1.29573117224496,1.3530724362629525,1.828367214850275,1.3682485035158476,1.6015157839521525,1.8317465588944413,1.8400053880955487,1.697297893034055,1.3961444070495976,1.7786733838622202,1.4593805674438483,1.776478318755196,1.2988188554327178,1.701084359439609,1.4605065473703864,1.1033023845420193,1.8187820465459308,1.748219447060976,1.2919688465052244,1.6125234562137405,1.1864281470213816,1.7180160315924558,1.0200148740133597,1.6021780571778987,1.0251540059616535,0.009691738931795943,0.004416010600784527,0.010329713155397912,0.0042130043560146616,0.02052416450125855,0.012728955198185126,0.014020253661324112,0.006115381235906458,0.011595843331546665,0.021675356103910116,0.014378821513406616,0.00631196545273489,0.022043784264124726,0.015144275319021181,0.008645814455925658,0.015416133369634665,0.010763853257431543,0.007115705710428542,0.0037222240206733156,0.011549963574266207,0.006287826405535614,0.007123899502602828,0.010386814815914669,0.011628790728501096,0.014201191480535691,0.018261504467500935,0.012683062283698383,0.0077255340294808935,0.012196674331162468,0.010113200736860036
380,1.4819128714209004,0.2758428229736101,0.010570893009419777,0.9289190865867778,1.8588808297897548,1.3899510909788693,1.2306256638271127,1.4847072343814216,1.29573117224496,1.3530724362629525,1.828367214850275,1.3682485035158476,1.6015157839521525,1.8317465588944413,1.822672043104696,1.697297893034055,1.1994596085043807,1.7786733838622202,1.4593805674438483,1.7748754865918923,1.2988188554327178,1.701084359439609,1.4605065473703864,1.1033023845420193,1.8187820465459308,1.7144839729849726,1.2919688465052244,1.6125234562137405,1.1864281470213816,1.7180160315924558,1.0200148740133597,1.6021780571778987,1.0251540059616535,0.00895370706801771,0.001514679209498258,0.005352504581093042,0.005365223320309771,0.013911880301974025,0.014301435535123046,0.013376293219261655,0.012657061600606315,0.007204870230359669,0.014387182916205585,0.018807903121698614,0.010915652548383616,0.011806429650076158,0.0014361138781209856,0.008170182660353143,0.016274718215919602,0.009989986452470038,0.014441797497332159,0.0068150270905117626,0.016961147553654663,0.007329958104882109,0.0038744894989846193,0.010505334756965122,0.01071180797927516,0.017043081558633544,0.017889307019986336,0.013320089086407095,0.006034696609733422,0.005153599736696893,0.012620629280059224
381,1.4803461119871903,0.27580601358613893,0.012446690457846916,0.9289190865867778,1.8588808297897548,1.3899510909788693,1.2306256638271127,1.4825138761124426,1.29573117224496,1.3530724362629525,1.828367214850275,1.3365240244044654,1.6015157839521525,1.8317465588944413,1.8095870974737491,1.697297893034055,1.1994596085043807,1.7786733838622202,1.4593805674438483,1.7748754865918923,1.2988188554327178,1.701084359439609,1.4605065473703864,1.1033023845420193,1.8187820465459308,1.7144839729849726,1.2919688465052244,1.6125234562137405,1.1864281470213816,1.7180160315924558,1.0200148740133597,1.6021780571778987,1.0251540059616535,0.011863104629086062,0.01033112341905159,0.014104969482385338,0.010818699651918572,0.014735427718742956,0.016787447706816134,0.014797939023312218,0.0058589390341706,0.011770478794500062,0.019340772134087962,0.015123215814692987,0.01656494659698048,0.009972380084889081,0.009236581968842281,0.012910908721262767,0.011546637781128641,0.012377583155912652,0.01442574310329158,0.009867921322408612,0.009793835188738352,0.012767171882000612,0.0024150147596285216,0.011956830033067951,0.015027497270947253,0.008122768124521944,0.015389784128986006,0.020176125796224288,0.007104410454611479,0.012588572880587762,0.015623883072612728
382,1.4788016900220395,0.2747723976354254,0.01106109587798982,0.9289190865867778,1.8588808297897548,1.3857890126920052,1.2306256638271127,1.4825138761124426,1.29573117224496,1.3530724362629525,1.828367214850275,1.3365240244044654,1.6015157839521525,1.8317465588944413,1.8095870974737491,1.697297893034055,1.1994596085043807,1.7786733838622202,1.4593805674438483,1.7748754865918923,1.2988188554327178,1.701084359439609,1.4605065473703864,1.1033023845420193,1.8187820465459308,1.6736995104651702,1.2919688465052244,1.6125234562137405,1.1864281470213816,1.7180160315924558,1.0200148740133597,1.6007919390300498,1.0251540059616535,0.014123523441774267,0.0024224258356297045,0.010101657108579284,0.01126108124487622,0.012002719635411852,0.009983984704680919,0.006898282413283674,0.005124517020734993,0.008991388883002965,0.016234209023705235,0.01707426085782457,0.00882221391531651,0.012701407821060499,0.013126390424430747,0.0050423493669491184,0.008695842742686623,0.011365941490107756,0.017712649190912658,0.007697518499666126,0.011602379101388543,0.01610394269430467,0.005780248242606354,0.006679798039953493,0.011065995697938386,0.011812107983870371,0.007897589402842502,0.01677546340435158,0.011758662108245008,0.014484730129755569,0.018489595913804384
383,1.4669560674698452,0.27346904971341407,0.009983749864511471,0.9289190865867778,1.8019510222633035,1.3857890126920052,1.2306256638271127,1.4324043605995986,1.2911279718351598,1.3530724362629525,1.828367214850275,1.3365240244044654,1.6015157839521525,1.8317465588944413,1.8095870974737491,1.6197636425631967,1.1994596085043807,1.7786733838622202,1.4593805674438483,1.7748754865918923,1.2155053309328925,1.701084359439609,1.3776281692243342,1.1033023845420193,1.8187820465459308,1.6736995104651702,1.2919688465052244,1.6125234562137405,1.1864281470213816,1.7180160315924558,1.0200148740133597,1.6007919390300498,1.0251540059616535,0.016351830633521858,0.003980312711282364,0.00788822312449693,0.004120859504690727,0.01488581742485181,0.006216510472812413,0.008227984644999332,0.012811170155341074,0.013298006931027041,0.006640593306514388,0.009583488013227634,0.006814472472198058,0.015215228838486198,0.012573042431986267,0.005964161853796592,0.01300173366986168,0.011901714281184353,0.009826981308930794,0.01299270688569654,0.011804195958916125,0.010231554080408614,0.004076361291336179,0.006244986229255218,0.004592723215877485,0.005857826530614898,0.010035934370416465,0.017680811905527703,0.012935976210406267,0.00958920880500995,0.01416807867266918
384,1.4607088587674604,0.26721059167183725,0.010579578609559265,0.9289190865867778,1.8019510222633035,1.3857890126920052,1.2306256638271127,1.4324043605995986,1.2911279718351598,1.3530724362629525,1.6409509537787277,1.3365240244044654,1.6015157839521525,1.8317465588944413,1.8095870974737491,1.6197636425631967,1.1994596085043807,1.7786733838622202,1.4593805674438483,1.7748754865918923,1.2155053309328925,1.701084359439609,1.3776281692243342,1.1033023845420193,1.8187820465459308,1.6736995104651702,1.2919688465052244,1.6125234562137405,1.1864281470213816,1.7180160315924558,1.0200148740133597,1.6007919390300498,1.0251540059616535,0.014283344429911589,0.009810309447549775,0.010719070617938514,0.006839280741115171,0.01494001503424447,0.0049288483505699,0.012044266536458391,0.011065995533330347,0.003793643271830562,0.016889780638493654,0.01086705371463577,0.011119964223324659,0.01175331584254875,0.0074141551890863,0.0016622313312647824,0.013357647562511977,0.012619842600466709,0.020086874730497185,0.00908228679910822,0.009395710515299983,0.005501038549542724,0.012974171653612254,0.003585257849243627,0.012440812526315393,0.009233723067968061,0.010344544525038116,0.01760309667118826,0.00817065942310365,0.010363230600481192,0.014497186310098024
385,1.4540642941973876,0.27157890412546803,0.012225169685371776,0.9107427270078436,1.8019510222633035,1.2145896012033686,1.2306256638271127,1.4324043605995986,1.2911279718351598,1.3530724362629525,1.6409509537787277,1.3365240244044654,1.6015157839521525,1.8317465588944413,1.8095870974737491,1.6197636425631967,1.1994596085043807,1.7786733838622202,1.4593805674438483,1.7748754865918923,1.2155053309328925,1.701084359439609,1.3776281692243342,1.1033023845420193,1.8187820465459308,1.6736995104651702,1.2919688465052244,1.6125234562137405,1.1864281470213816,1.7180160315924558,1.0200148740133597,1.5908307729954356,1.0251540059616535,0.020114522807544298,0.017382282717923588,0.009285573489075785,0.011785164555243283,0.017201573291977187,0.009939751103413469,0.01823480837780494,0.015061171436713428,0.01755884418327334,0.018574880168083573,0.011338410924164707,0.002235387923649747,0.009220174010284486,0.01528866484293626,0.002288006959747775,0.00714469539943299,0.008522745802650911,0.010034947989647908,0.01601450869459868,0.0095285870355251,0.015526982016321177,0.0141244052247891,0.0037219107243824053,0.009212431652484178,0.009199654065602407,0.017308402749133964,0.019789956893895583,0.008050026595377024,0.006525182229028731,0.016541436696447392
386,1.4538309843608774,0.2716474670166217,0.011083962037044334,0.9107427270078436,1.8019510222633035,1.2145896012033686,1.2306256638271127,1.4324043605995986,1.2911279718351598,1.3530724362629525,1.6409509537787277,1.3365240244044654,1.6015157839521525,1.8317465588944413,1.8095870974737491,1.6197636425631967,1.1994596085043807,1.7786733838622202,1.4593805674438483,1.7748754865918923,1.2155053309328925,1.701084359439609,1.3706288741290327,1.1033023845420193,1.8187820465459308,1.6736995104651702,1.2919688465052244,1.6125234562137405,1.1864281470213816,1.7180160315924558,1.0200148740133597,1.5908307729954356,1.0251540059616535,0.012572257696088432,0.01785834672898125,0.005581420661130856,0.012180638329391003,0.012389134082799238,0.006248409734436451,0.01862072074563164,0.009038154689040956,0.010157988131549445,0.011576330149084015,0.018210538295363732,0.011504497990157597,0.009791950777306024,0.01588559336890375,0.002025116597674569,0.006342831093305654,0.009498854244415472,0.00829551980964654,0.01042657365219805,0.010074580840421028,0.007510870779829836,0.009832098709561763,0.0040375130948454895,0.015736350705622883,0.008732851452864334,0.014599271682666115,0.020473393979107003,0.00717209024827447,0.011830113389273986,0.01431484945175845
387,1.452565425847307,0.27078686711776173,0.011657631731832421,0.9107427270078436,1.8019510222633035,1.2145896012033686,1.2306256638271127,1.4266244082193293,1.2911279718351598,1.3530724362629525,1.6409509537787277,1.3365240244044654,1.6015157839521525,1.8219503958534493,1.8095870974737491,1.597373002577346,1.1994596085043807,1.7786733838622202,1.4593805674438483,1.7748754865918923,1.2155053309328925,1.701084359439609,1.3706288741290327,1.1033023845420193,1.8187820465459308,1.6736995104651702,1.2919688465052244,1.6125234562137405,1.1864281470213816,1.7180160315924558,1.0200148740133597,1.5908307729954356,1.0251540059616535,0.016583254924157388,0.01676536606248943,0.011939560819497163,0.013023257629332938,0.01791817499144683,0.008649091288950823,0.01044488540111112,0.009179689802044845,0.013388935721073476,0.016213265290864774,0.018539358113106166,0.010939663673650664,0.005492595766248193,0.014495171948491708,0.002488653602488212,0.0028246167302946623,0.012298549045723991,0.010364310076806715,0.011645301908414056,0.012685393692769708,0.008946101876923006,0.01783054380269714,0.004011902826808771,0.013759442954787218,0.012229703790384377,0.013093688598723702,0.016115259481971074,0.010437792464945085,0.006669988347799059,0.010755431320970284
388,1.450687431799261,0.2686627642105459,0.012559019389249757,0.9107427270078436,1.8019510222633035,1.2145896012033686,1.2306256638271127,1.4266244082193293,1.2911279718351598,1.3530724362629525,1.6409509537787277,1.3365240244044654,1.6015157839521525,1.8219503958534493,1.8095870974737491,1.597373002577346,1.1994596085043807,1.7786733838622202,1.4593805674438483,1.7748754865918923,1.2155053309328925,1.701084359439609,1.3706288741290327,1.1033023845420193,1.780356609339798,1.6557851262299192,1.2919688465052244,1.6125234562137405,1.1864281470213816,1.7180160315924558,1.0200148740133597,1.5908307729954356,1.0251540059616535,0.016344257172547,0.017253175769818784,0.0135393778923578,0.006015193970233084,0.019139987686269,0.009532978501902262,0.006498357886431288,0.011403302728941155,0.01957366689672738,0.019485478283354795,0.015691677686273685,0.012979767197298054,0.010172270890325363,0.004513765682956108,0.012523496335982525,0.0070287953865464025,0.011150145002077415,0.01368732876289152,0.016659382675188385,0.010303806180950895,0.006793829056009486,0.011668544286993479,0.0001510552340580658,0.018936677763308894,0.0067801845174541645,0.015270920890756146,0.022191323127725298,0.014817730602506483,0.011608220099834319,0.015055883509773518
389,1.450687431799261,0.2686627642105459,0.012656577726993752,0.9107427270078436,1.8019510222633035,1.2145896012033686,1.2306256638271127,1.4266244082193293,1.2911279718351598,1.3530724362629525,1.6409509537787277,1.3365240244044654,1.6015157839521525,1.8219503958534493,1.8095870974737491,1.597373002577346,1.1994596085043807,1.7786733838622202,1.4593805674438483,1.7748754865918923,1.2155053309328925,1.701084359439609,1.3706288741290327,1.1033023845420193,1.780356609339798,1.6557851262299192,1.2919688465052244,1.6125234562137405,1.1864281470213816,1.7180160315924558,1.0200148740133597,1.5908307729954356,1.0251540059616535,0.016743382398901673,0.014057182519186457,0.014676333979357338,0.007668786688645934,0.02206584565314527,0.008122473752899493,0.009472998219023199,0.01470500776920245,0.01431289963631872,0.018086002751027525,0.01364549056084569,0.010409128048899246,0.004382323670532368,0.008087607420444207,0.017350989870179884,0.002577722497300993,0.012819028384149512,0.015198870125379196,0.0106966144782897,0.009689947515385785,0.006257604952970262,0.016048146235346054,0.008056705009263313,0.02108174027068036,0.005954529248286213,0.014924934243249305,0.01898083742173419,0.014090703305372612,0.005671700422751093,0.0238617947610445
390,1.4441303143206456,0.26163526088124667,0.012946291654435579,0.9107427270078436,1.7769125127163687,1.2145896012033686,1.2306256638271127,1.4266244082193293,1.2911279718351598,1.3530724362629525,1.6409509537787277,1.3365240244044654,1.6015157839521525,1.8219503958534493,1.8095870974737491,1.591271059392835,1.1994596085043807,1.655557342534483,1.4593805674438483,1.7748754865918923,1.2155053309328925,1.701084359439609,1.3706288741290327,1.1033023845420193,1.737899579040516,1.6557851262299192,1.2919688465052244,1.6125234562137405,1.1864281470213816,1.7180160315924558,1.0200148740133597,1.5908307729954356,1.0251540059616535,0.0066579084485263096,0.013801364651129367,0.0105740312063037,0.005934838876852034,0.02574800589836169,0.014131213643840554,0.010555268851973235,0.009379840110372233,0.01839880882111393,0.011014367012380228,0.011752265054308628,0.004159120143713524,0.007463089899439135,0.011574787520426025,0.007660198756059182,0.009985910206380271,0.016123216675222762,0.02000976675807753,0.015958113940314073,0.016463826358115562,0.014134934438051232,0.009011147142344566,0.008857566982994764,0.019436280438727777,0.00959437730653058,0.017084691247551763,0.02160556373339907,0.015844740597247598,0.0018432826173766603,0.023630222295933354
391,1.4415702275242153,0.2586599470178545,0.011907090577308203,0.9107427270078436,1.7750213943714468,1.2145896012033686,1.2306256638271127,1.4266244082193293,1.2911279718351598,1.3530724362629525,1.6409509537787277,1.3365240244044654,1.6015157839521525,1.8219503958534493,1.749800336740123,1.591271059392835,1.1994596085043807,1.655557342534483,1.4593805674438483,1.7748754865918923,1.2155053309328925,1.701084359439609,1.3706288741290327,1.1033023845420193,1.737899579040516,1.6557851262299192,1.2919688465052244,1.5973987313993772,1.1864281470213816,1.7180160315924558,1.0200148740133597,1.5908307729954356,1.0251540059616535,0.0071849520033060565,0.012140019474408405,0.009214381409461174,0.0028187411094824626,0.017541786109044052,0.009269322905554466,0.00578517197380919,0.010036764537515843,0.015843770390939857,0.013076074865929372,0.010428266892304227,0.007513442714551701,0.009140675609668737,0.0046398556636168325,0.011105657869852417,0.014270059101284956,0.01396672630428408,0.018619763872405527,0.014825700479559818,0.013321415627804749,0.012904030684422689,0.011991537533995372,0.013565485105378184,0.013744541114802155,0.014030754362473297,0.011949832000634038,0.022926695781715436,0.012181860642750965,0.008397658082784044,0.014777773095506014
392,1.4383445754541377,0.26146912082807555,0.011734184908140257,0.9107427270078436,1.7750213943714468,1.2145896012033686,1.2306256638271127,1.4266244082193293,1.2911279718351598,1.3530724362629525,1.6409509537787277,1.3365240244044654,1.6015157839521525,1.8219503958534493,1.749800336740123,1.591271059392835,1.1994596085043807,1.655557342534483,1.422118935394821,1.7748754865918923,1.2155053309328925,1.701084359439609,1.3706288741290327,1.0487464463172071,1.737899579040516,1.6557851262299192,1.2919688465052244,1.5973987313993772,1.1864281470213816,1.7180160315924558,1.0150628821848788,1.5908307729954356,1.0251540059616535,0.012786254678866928,0.005193311796467492,0.00031136514283492794,0.010419792393939012,0.02386320125928489,0.009312193712140728,0.0009778380385163583,0.007129380572747992,0.013762198275152947,0.02010834069480161,0.014457409825059398,0.010971468836174761,0.008077071922426715,0.012515859040327261,0.00627841007671329,0.005443975291742565,0.011805439800240167,0.008572446799879405,0.008574323576709755,0.020014996059667407,0.015267154888145798,0.013374604712507324,0.013078385499362546,0.010973900084106715,0.010698195188331648,0.015615326394518615,0.017847734680751435,0.011323452361326791,0.018223086642870593,0.015048428998592605
393,1.435293215401136,0.25962632069673475,0.011380312998748891,0.9107427270078436,1.7750213943714468,1.2101269426749401,1.2306256638271127,1.4266244082193293,1.2911279718351598,1.3530724362629525,1.6118261034743537,1.322504566076717,1.6015157839521525,1.8219503958534493,1.749800336740123,1.591271059392835,1.1994596085043807,1.655557342534483,1.422118935394821,1.7748754865918923,1.2155053309328925,1.701084359439609,1.3706288741290327,1.0487464463172071,1.737899579040516,1.6557851262299192,1.2919688465052244,1.5973987313993772,1.1864281470213816,1.6740821971629498,1.0150628821848788,1.5908307729954356,1.0251540059616535,0.01824553273345122,0.015634051702027,0.0004287017207970826,0.013903290175155458,0.018521373000251994,0.003968729081558053,0.007574740757251465,0.011068832047416852,0.012962696311784226,0.017026114434924952,0.010525451673875651,0.008651085578453106,0.009005570827502227,0.009774844202423314,0.008825871205650421,0.003934758339453475,0.017052828080829606,0.014293571801701386,0.01264178836768256,0.018504900960557964,0.010451084316739233,0.01299270027740521,0.006245696277173372,0.007523073814092626,0.0067612519615766,0.011777502173756199,0.013023301448035662,0.00977264774165897,0.01304105576319413,0.017276343186086736
394,1.427344687884703,0.25391949972928585,0.01111781458788489,0.9107427270078436,1.7750213943714468,1.2101269426749401,1.2306256638271127,1.4266244082193293,1.2911279718351598,1.3530724362629525,1.6118261034743537,1.322504566076717,1.6015157839521525,1.8219503958534493,1.749800336740123,1.591271059392835,1.1732160481105898,1.655557342534483,1.422118935394821,1.5626632214926954,1.2155053309328925,1.701084359439609,1.3706288741290327,1.0487464463172071,1.737899579040516,1.6557851262299192,1.2919688465052244,1.5973987313993772,1.1864281470213816,1.6740821971629498,1.0150628821848788,1.5908307729954356,1.0251540059616535,0.014752482319419391,0.007790380427207207,0.008403119666510936,0.015519387176531386,0.0169926433904353,0.011686345799500812,0.008951059717717754,0.009117413041667473,0.012883760588810906,0.01429571877197493,0.020135396102832864,0.00960334169165143,0.0019415712230341493,0.007539683760207277,0.010010179692893539,0.008302263103787032,0.017843993958738077,0.014492648611161254,0.012274754381344986,0.015341547630665328,0.0122322740081574,0.007852757614315415,0.005471118969552802,0.009435431959554388,0.00913354246082919,0.002777659384547421,0.014044128186511897,0.005699230039265717,0.012739783036242664,0.016270820921477754
395,1.414286077608654,0.24677632146258027,0.010925043224783161,0.9107427270078436,1.7684130551815938,1.2101269426749401,1.2306256638271127,1.4266244082193293,1.2911279718351598,1.3530724362629525,1.6118261034743537,1.322504566076717,1.6015157839521525,1.8219503958534493,1.6632670901264253,1.3977327910630817,1.1732160481105898,1.655557342534483,1.422118935394821,1.5626632214926954,1.2155053309328925,1.701084359439609,1.3706288741290327,1.0487464463172071,1.737899579040516,1.6557851262299192,1.2919688465052244,1.5973987313993772,1.1864281470213816,1.6740821971629498,1.0150628821848788,1.4857523188472759,1.0251540059616535,0.013794483155454373,0.010059646163673096,0.007379298930489248,0.014798157641958354,0.016095223106850173,0.01658377262941684,0.01712632110194728,0.007908693675439121,0.015559571925302093,0.014146456590959117,0.013223047824558486,0.00439010313206089,0.009903104261930855,0.0052798268271798555,0.005308681015152716,0.011449911261679121,0.017736865055908938,0.012037402576119762,0.005324803907333001,0.011895390567756787,0.007774150904186041,0.007316732745525381,0.011403134519566701,0.010822516701360892,0.0073953867007842825,0.007676036347717386,0.014682864307191002,0.006205852139362462,0.010291390885786494,0.014182470140843933
396,1.4094804721403027,0.2444112505087695,0.01020746149363492,0.9107427270078436,1.7684130551815938,1.2101269426749401,1.2266690900779342,1.401110079913821,1.2911279718351598,1.3416937084706686,1.6118261034743537,1.322504566076717,1.6015157839521525,1.8219503958534493,1.6632670901264253,1.3977327910630817,1.1732160481105898,1.655557342534483,1.422118935394821,1.5626632214926954,1.2155053309328925,1.6390246164098419,1.3706288741290327,1.0487464463172071,1.737899579040516,1.6251927986345156,1.2919688465052244,1.5973987313993772,1.1864281470213816,1.6740821971629498,1.0150628821848788,1.4857523188472759,1.0144875423832542,0.015812867340432947,0.006964393265179179,0.008654103417843671,0.010754418794443917,0.013619327168840041,0.01037798703338708,0.014806936751500731,0.01049712249000349,0.010897464218575369,0.01595489653622123,0.012079125373222576,0.006978834350487294,0.009158142723459812,0.0,0.007027698872233539,0.0036899534417298603,0.014787056551064546,0.014697820852448244,0.0,0.012954084691123332,0.011312662011642747,0.008988115449794984,0.009524399957106088,0.014671668221769086,0.011561137699979823,0.0059214987433573885,0.01552031510617311,0.0043207678839389625,0.011437916873364802,0.01325312898972369
397,1.40868430526065,0.24466953446801082,0.010562135348881787,0.9107427270078436,1.7684130551815938,1.2101269426749401,1.2266690900779342,1.401110079913821,1.2911279718351598,1.3178087020810847,1.6118261034743537,1.322504566076717,1.6015157839521525,1.8219503958534493,1.6632670901264253,1.3977327910630817,1.1732160481105898,1.655557342534483,1.422118935394821,1.5626632214926954,1.2155053309328925,1.6390246164098419,1.3706288741290327,1.0487464463172071,1.737899579040516,1.6251927986345156,1.2919688465052244,1.5973987313993772,1.1864281470213816,1.6740821971629498,1.0150628821848788,1.4857523188472759,1.0144875423832542,0.01979234877623243,0.009102434648039734,0.006126025348216259,0.00720723772739149,0.015147530586129835,0.011117347434056082,0.00705607264601744,0.011270788458324752,0.006535813547215853,0.007736243137688836,0.015336284027010504,0.012410008298785908,0.016970494526994014,0.0,0.009574713937233447,0.008990292380527044,0.008434780023078054,0.019816271909882024,0.00832496869756616,0.012907754453499315,0.01515182626960697,0.011026242631367788,0.007780395462492777,0.012327393074802524,0.013481898163411167,0.006825498269102446,0.012412015224659236,0.0027262816405716705,0.009903284305959407,0.011371814860590483
398,1.3985206384715845,0.24032900772779425,0.009811855921591341,0.9107427270078436,1.6340910280458805,1.2101269426749401,1.2266690900779342,1.3952519598865547,1.2911279718351598,1.3178087020810847,1.6118261034743537,1.322504566076717,1.5923289367628262,1.8219503958534493,1.6632670901264253,1.3977327910630817,1.0859946829217795,1.655557342534483,1.422118935394821,1.5626632214926954,1.2155053309328925,1.5707029722789945,1.3706288741290327,1.0487464463172071,1.737899579040516,1.6251927986345156,1.2919688465052244,1.5973987313993772,1.1864281470213816,1.6740821971629498,1.0150628821848788,1.4857523188472759,1.0144875423832542,0.018078087410418872,0.007002962564353719,0.007441562194268968,0.007299016997505902,0.013606209874568356,0.008664401882424679,0.007891920086306575,0.010135838350354512,0.00726130970659336,0.008813826520410992,0.016000980040211887,0.010613901995215523,0.012673004994258379,0.013247685530364232,0.0061779258349119355,0.004686390307118853,0.011130775614603948,0.01625171064871761,0.0007844388100692855,0.014565212055774653,0.014347920389904059,0.0017874557835565986,0.006969784345166196,0.013589836890441628,0.009431156681882723,0.008213792113776543,0.017949211290852612,0.0024687862034692668,0.009279678122438701,0.007990894407799622
399,1.3941640448584713,0.2363625605027891,0.011748437536947008,0.9107427270078436,1.6340910280458805,1.2101269426749401,1.2266690900779342,1.3952519598865547,1.2911279718351598,1.3178087020810847,1.6014488975981434,1.322504566076717,1.5923289367628262,1.8219503958534493,1.6632670901264253,1.3977327910630817,1.0859946829217795,1.655557342534483,1.422118935394821,1.5626632214926954,1.2155053309328925,1.5707029722789945,1.3706288741290327,1.0487464463172071,1.737899579040516,1.6251927986345156,1.2919688465052244,1.5973987313993772,1.1864281470213816,1.5537615946457675,1.0150628821848788,1.4857523188472759,1.0144875423832542,0.0158432877133872,0.008338973972346566,0.008113221717108873,0.006560411306379562,0.01650745261589345,0.008698313940303357,0.01251507411200774,0.0077736345155804245,0.015103981420256268,0.01189563177936483,0.011435058358038683,0.007894217236659432,0.0065183218980640915,0.011598315406853715,0.015006947692758286,0.013822269950829523,0.017728484649011743,0.014375931104881034,0.015856366312608974,0.014050748572991836,0.009027952827972483,0.0033729851052830932,0.005561976714927072,0.01819426567336998,0.007046561673522786,0.019819851189613668,0.020069483180571623,0.009065319884355485,0.009722723858226237,0.010935361725242163
400,1.3844171331940631,0.23202137394416011,0.01036791454422978,0.9107427270078436,1.6340910280458805,1.2101269426749401,1.2266690900779342,1.3952519598865547,1.2911279718351598,1.3178087020810847,1.6014488975981434,1.322504566076717,1.5923289367628262,1.8219503958534493,1.6632670901264253,1.3977327910630817,1.0859946829217795,1.655557342534483,1.422118935394821,1.503621002169727,1.2155053309328925,1.5707029722789945,1.3706288741290327,1.0487464463172071,1.7370940438288227,1.6141616006245596,1.2919688465052244,1.3876933564356801,1.1746051245974454,1.5537615946457675,1.0150628821848788,1.4857523188472759,1.0144875423832542,0.010665791618621124,0.014301623887806385,0.008613292726095902,0.008616253074462938,0.015154023630254124,0.005920255574365369,0.012649154734828139,0.004827404563725419,0.004270713156423326,0.01281626894232791,0.009747727277422253,0.010268869294095064,0.0037803742148404614,0.010610399346184308,0.016247082272540726,0.00890302671852102,0.01362916507369859,0.015463079239819037,0.006554741328548218,0.010817794213075067,0.005617250185179545,0.00831808317439037,0.007805208513059181,0.010794900980654613,0.00810017161847036,0.018997499844847925,0.019893769421968518,0.006752612941368523,0.00783765840795493,0.013063240351343984
401,1.3780312044260845,0.2355665199614131,0.011331687891904653,0.9107427270078436,1.6340910280458805,1.2101269426749401,1.2266690900779342,1.3952519598865547,1.2911279718351598,1.3178087020810847,1.6014488975981434,1.322504566076717,1.5923289367628262,1.8219503958534493,1.6632670901264253,1.3977327910630817,1.0859946829217795,1.655557342534483,1.422118935394821,1.503621002169727,1.2155053309328925,1.5707029722789945,1.3230984957969736,1.0487464463172071,1.7370940438288227,1.6141616006245596,1.1479213617979274,1.3876933564356801,1.1746051245974454,1.5537615946457675,1.0150628821848788,1.4857523188472759,1.0144875423832542,0.015586827529606719,0.011726712562325948,0.005174867096305256,0.017169560953091304,0.014313263367873535,0.0032128179731744032,0.01635541987891322,0.010416611652832737,0.00782373981378341,0.008366301033067378,0.013855983479018707,0.005687395751404051,0.008064845227129839,0.011552361850945124,0.008882634985516207,0.011447640443365876,0.014329120045140666,0.01580920543935262,0.008841562530703083,0.016349692315471596,0.006830635690723116,0.009066203445070685,0.011001990097405375,0.015041950372887025,0.006959124980750153,0.017549433502885514,0.021862699750981377,0.011885167093259862,0.0016523017911051192,0.013134566103049767
402,1.3750232472276904,0.23717071686595562,0.010152000738939269,0.9107427270078436,1.6340910280458805,1.2101269426749401,1.2266690900779342,1.3952519598865547,1.2911279718351598,1.3178087020810847,1.6014488975981434,1.322504566076717,1.5923289367628262,1.8219503958534493,1.6632670901264253,1.3977327910630817,1.0859946829217795,1.655557342534483,1.4212701107700032,1.503621002169727,1.2155053309328925,1.5707029722789945,1.3230984957969736,1.0487464463172071,1.7370940438288227,1.6141616006245596,1.1479213617979274,1.325422508460989,1.1746051245974454,1.5537615946457675,0.9879438388325643,1.4857523188472759,1.0144875423832542,0.01567735881802641,0.007142990369953644,0.0074435116305948045,0.007077057657696196,0.014093057127524336,0.00810964533982297,0.015400088105574052,0.008708893470689419,0.011877226190990083,0.010542718339435698,0.01495880290981721,0.007379194058850895,0.012200468719443153,0.0070469089973076654,0.006755652004776221,0.015044313067795956,0.010995045782476317,0.013338675988254238,0.00596128650320255,0.009473811262852457,0.004244844092834385,0.009176975582400975,0.011758678709635968,0.007006111152842615,0.007244463856459609,0.009198291795325877,0.019499341551329097,0.011302067573094241,0.003692659631439269,0.012209881877731733
403,1.368815946409879,0.2322377911155217,0.009295954350339797,0.9107427270078436,1.6340910280458805,1.2035674269495797,1.2266690900779342,1.3952519598865547,1.2911279718351598,1.3178087020810847,1.4605448979109963,1.322504566076717,1.5923289367628262,1.8219503958534493,1.6632670901264253,1.3977327910630817,1.0859946829217795,1.655557342534483,1.4212701107700032,1.503621002169727,1.2155053309328925,1.5707029722789945,1.3230984957969736,1.0487464463172071,1.6983385347069917,1.6141616006245596,1.1479213617979274,1.325422508460989,1.1746051245974454,1.5537615946457675,0.9879438388325643,1.4857523188472759,1.0144875423832542,0.00899191212687388,0.005485425714083818,0.009259442809465512,0.0018628902697641308,0.010466247220236664,0.006161854893018354,0.016078519878155294,0.0,0.012711824847478573,0.012899206199499415,0.013744717601058335,0.012190167008117262,0.006395772599881917,0.007380586730720022,0.004831126200069191,0.009741706278855851,0.01810424399018293,0.010327385764566687,0.01221695762902179,0.00841913731513591,0.003133915542364334,0.011759309177759442,0.004547673861753703,0.014090733477696862,0.010434561918008596,0.013481752104674444,0.01852737757586318,0.00843396754894782,0.0,0.007200214226939986
404,1.3638375740685371,0.22448255052090824,0.010523292946940575,0.9107427270078436,1.6340910280458805,1.2035674269495797,1.2266690900779342,1.3952519598865547,1.2911279718351598,1.3178087020810847,1.4605448979109963,1.322504566076717,1.5923289367628262,1.7481667520739674,1.6632670901264253,1.3977327910630817,1.0859946829217795,1.655557342534483,1.4212701107700032,1.503621002169727,1.2155053309328925,1.5707029722789945,1.3230984957969736,1.0487464463172071,1.622771008246215,1.6141616006245596,1.1479213617979274,1.325422508460989,1.1746051245974454,1.5537615946457675,0.9879438388325643,1.4857523188472759,1.0144875423832542,0.0029429819022737482,0.012007412381038206,0.00744992825321862,0.009272456720208587,0.011261946290592352,0.00929904857892059,0.014588957893933871,0.006373037108282313,0.013775861035991212,0.010577195466301462,0.006850394974156013,0.010254701152278384,0.0026340868592815182,0.007839148206564991,0.0141020536054467,0.012913691389905833,0.013179400647170969,0.010244453097182821,0.02044604957156825,0.010053267021901425,0.004642499504123185,0.016324913248065724,0.00793340530039551,0.012321816350561543,0.004810387614496876,0.01935722075986797,0.014294908594683266,0.007257964583016787,0.009214416472073989,0.013475183824714531
405,1.3567249842422051,0.2287561526331029,0.010206197080703234,0.9107427270078436,1.6340910280458805,1.2035674269495797,1.2266690900779342,1.3952519598865547,1.2911279718351598,1.3178087020810847,1.4569926732226794,1.1137494188271515,1.5923289367628262,1.7481667520739674,1.6632670901264253,1.3977327910630817,1.0859946829217795,1.655557342534483,1.4212701107700032,1.503621002169727,1.2155053309328925,1.5707029722789945,1.3230984957969736,1.0487464463172071,1.622771008246215,1.6130912777724835,1.1479213617979274,1.325422508460989,1.1746051245974454,1.5537615946457675,0.9879438388325643,1.4857523188472759,1.0144875423832542,0.009638986994662582,0.00577429242203378,0.012189193568641987,0.010663309833361995,0.01181581070820148,0.015489403528213827,0.01123270175824877,0.004745621952921138,0.011549145963440114,0.008637580018220271,0.010407782231236177,0.007487565804037906,0.007825201061598041,0.005585498336967649,0.01067452812852953,0.01372259555731858,0.0063083146733392235,0.014551765172234702,0.009516359628544151,0.010508915757102789,0.005659088761559797,0.010840963003314944,0.004728248273990582,0.011643566816200074,0.014271165580585955,0.007862422276780238,0.013509113440231174,0.015197098511069752,0.014472171684351972,0.009677500974157852
406,1.3502675137175766,0.22930674637913823,0.010121150593942606,0.9107427270078436,1.6340910280458805,1.2035674269495797,1.2266690900779342,1.3952519598865547,1.2911279718351598,1.3178087020810847,1.4284215239403406,1.1137494188271515,1.5923289367628262,1.7481667520739674,1.6632670901264253,1.2325798246065642,1.0859946829217795,1.655557342534483,1.4212701107700032,1.503621002169727,1.2155053309328925,1.5707029722789945,1.3230984957969736,1.0487464463172071,1.622771008246215,1.6130912777724835,1.1479213617979274,1.325422508460989,1.1746051245974454,1.5537615946457675,0.9879438388325643,1.4857523188472759,1.0144875423832542,0.012007446932858941,0.0048595930819851875,0.009103312400406712,0.01086064293548966,0.01440736450789363,0.00781600688542224,0.009325063318806392,0.004088401290679499,0.01600443629849781,0.020294559930004598,0.01510952041217751,0.006907226628017976,0.010799663128552864,0.004206919487672852,0.009326403380426274,0.013128188029823159,0.012123599106447462,0.012061895581412851,0.01409132872298253,0.010901842215781552,0.0,0.007641033642277631,0.005690073381175547,0.010439261550884593,0.00888345833444608,0.008638138404825437,0.013427747623974853,0.011473373949233437,0.013203338383130009,0.006814678272990909
407,1.3474443423074345,0.22650074965614975,0.011041818241547997,0.9107427270078436,1.6340910280458805,1.2035674269495797,1.2253018362491734,1.3952519598865547,1.2911279718351598,1.3178087020810847,1.4284215239403406,1.1137494188271515,1.5923289367628262,1.7481667520739674,1.6632670901264253,1.2325798246065642,1.0859946829217795,1.655557342534483,1.4212701107700032,1.503621002169727,1.2155053309328925,1.5707029722789945,1.3230984957969736,1.0487464463172071,1.6130924528305717,1.539441944712625,1.1479213617979274,1.325422508460989,1.1746051245974454,1.5537615946457675,0.9879438388325643,1.4857523188472759,1.0144875423832542,0.011183912345274992,0.009915347767388465,0.011108396068062416,0.007866066161238552,0.015955248598254135,0.010746650781151444,0.01205553990268036,0.0037481189587531757,0.014420077551531072,0.013469767975630684,0.015403447599592947,0.0042355554913432215,0.011178121066207143,0.012665917811257196,0.005548602307357069,0.01161100416625758,0.01771696356857323,0.01830128431299142,0.010370795432146562,0.011567579476834768,0.0034718019557058413,0.00867468671457815,0.011628125017826771,0.01295224449546432,0.011726802272870518,0.005469897372487613,0.012974854562071711,0.013301843760657765,0.009306000279051856,0.012679893473199004
408,1.3416630427864653,0.22815127588183978,0.010228074149421782,0.9107427270078436,1.6090235279443026,1.2035674269495797,1.2253018362491734,1.3952519598865547,1.2911279718351598,1.2925797218205166,1.4284215239403406,1.0303213767946855,1.5923289367628262,1.7481667520739674,1.6632670901264253,1.2325798246065642,1.0859946829217795,1.655557342534483,1.4212701107700032,1.4639065389352628,1.2155053309328925,1.5707029722789945,1.3230984957969736,1.0487464463172071,1.6130924528305717,1.539441944712625,1.1479213617979274,1.325422508460989,1.1746051245974454,1.5537615946457675,0.9879438388325643,1.4857523188472759,1.0144875423832542,0.01308631258113205,0.007350477542277973,0.007711065667326169,0.005881094458223624,0.013766757504296515,0.0071973590028858005,0.008004704182668038,0.012872333018313972,0.008825925664762806,0.006151020240626157,0.016884617904407248,0.014261025221111605,0.007515176028515481,0.009846153160260853,0.003719377411888917,0.008607076048371937,0.01662126267078127,0.017716080880591137,0.013572130279230057,0.010289513546824322,0.013144904466598984,0.00891807654192829,0.008432572628727762,0.007098213940868228,0.005308492050846692,0.006976403866763445,0.013112811620606018,0.005794580557844396,0.013057880092342565,0.015118825701631207
409,1.339996133121075,0.22721909357611844,0.010535220998008955,0.9107427270078436,1.603856630839172,1.2035674269495797,1.2253018362491734,1.364792310780587,1.2911279718351598,1.2925797218205166,1.4284215239403406,1.0303213767946855,1.5909404923036026,1.7481667520739674,1.6632670901264253,1.2325798246065642,1.0859946829217795,1.655557342534483,1.4212701107700032,1.4639065389352628,1.2155053309328925,1.5707029722789945,1.3230984957969736,1.0487464463172071,1.6001001535391812,1.539441944712625,1.1479213617979274,1.325422508460989,1.1746051245974454,1.5537615946457675,0.9879438388325643,1.4857523188472759,1.0144875423832542,0.009444630483382387,0.009416999962665812,0.00734616073724252,0.009798610064332915,0.008086242137843367,0.009347933490545886,0.005028211103030634,0.012169604439617607,0.013415207819729822,0.0141489504836512,0.01439693112885195,0.008817838718944414,0.003470486485838208,0.012361364921801753,0.009713958478538771,0.004646948191351634,0.015744533274234036,0.019055813992639274,0.016193164846708855,0.01290719925278359,0.011168988118644202,0.00468546806133916,0.010971033100412345,0.010705368131214268,0.007966114948451005,0.016375069640536224,0.00841930500914876,0.011359127528023273,0.005591043883981169,0.013304321504783622
410,1.3399664916521556,0.22727514023409628,0.010924713179466899,0.9098534829402678,1.603856630839172,1.2035674269495797,1.2253018362491734,1.364792310780587,1.2911279718351598,1.2925797218205166,1.4284215239403406,1.0303213767946855,1.5909404923036026,1.7481667520739674,1.6632670901264253,1.2325798246065642,1.0859946829217795,1.655557342534483,1.4212701107700032,1.4639065389352628,1.2155053309328925,1.5707029722789945,1.3230984957969736,1.0487464463172071,1.6001001535391812,1.539441944712625,1.1479213617979274,1.325422508460989,1.1746051245974454,1.5537615946457675,0.9879438388325643,1.4857523188472759,1.0144875423832542,0.006148427500612486,0.007930934149493439,0.009247440944332882,0.004713533587016786,0.006189834351057238,0.010708878501350246,0.01141680992242034,0.010022645760024958,0.008733049693902373,0.017226235498163704,0.012069752106484111,0.011107708162458221,0.008139873376597875,0.01343712992260073,0.011857199541870523,0.006153508499972874,0.014492037248177976,0.02570504211526842,0.01544431434399589,0.009565398900286076,0.01933562627362982,0.0,0.010784615915317998,0.014152863849920533,0.014980021299689138,0.0119275596313267,0.008113527556993159,0.0008073141400399838,0.01666719352067151,0.010662919070330972
411,1.33874968736446,0.22764750069403297,0.010199520817228868,0.9098534829402678,1.603856630839172,1.1744641202283224,1.2253018362491734,1.364792310780587,1.2911279718351598,1.2925797218205166,1.4284215239403406,1.0303213767946855,1.5835396703939932,1.7481667520739674,1.6632670901264253,1.2325798246065642,1.0859946829217795,1.655557342534483,1.4212701107700032,1.4639065389352628,1.2155053309328925,1.5707029722789945,1.3230984957969736,1.0487464463172071,1.6001001535391812,1.539441944712625,1.1479213617979274,1.325422508460989,1.1746051245974454,1.5537615946457675,0.9879438388325643,1.4857523188472759,1.0144875423832542,0.005304867394595604,0.004891161623065905,0.004851536577562965,0.0,0.008779476774147053,0.01129523612821179,0.011799526799612683,0.007363527390019057,0.009938309578927648,0.01452402275644234,0.01761409402033612,0.012509958939409791,0.009789600929166392,0.009631442592062948,0.005938183794846056,0.011137694527445733,0.012070912791877457,0.02051885373135793,0.014303365514323079,0.006494172709282802,0.018021769570976957,0.011140917664136149,0.008470756396221713,0.008749476944847304,0.008894642937440711,0.011050809519951297,0.009030635336007557,0.004114839119822054,0.012064360059906892,0.015691472394862047
412,1.3376198114951463,0.22609573196377042,0.01215751982472086,0.9098534829402678,1.5828492484368266,1.1744641202283224,1.2253018362491734,1.364792310780587,1.2911279718351598,1.2925797218205166,1.4284215239403406,1.0303213767946855,1.5835396703939932,1.7352778583969024,1.6632670901264253,1.2325798246065642,1.0859946829217795,1.655557342534483,1.4212701107700032,1.4639065389352628,1.2155053309328925,1.5707029722789945,1.3230984957969736,1.0487464463172071,1.6001001535391812,1.539441944712625,1.1479213617979274,1.325422508460989,1.1746051245974454,1.5537615946457675,0.9879438388325643,1.4857523188472759,1.0144875423832542,0.008204496422061648,0.004746665884619556,0.014427253979165035,0.009325884510081567,0.014926372209199897,0.01841243055030939,0.01382691735802662,0.007981619357520774,0.017351659858039756,0.010090109671401714,0.013239807607618538,0.01670649702706585,0.00941152585937025,0.011387272001061717,0.014642181795485909,0.01078808593601272,0.016777526465746453,0.020840362383938042,0.013162093430360422,0.017731937994839006,0.0106873136550319,0.010811129987727307,0.010802164304104411,0.008110819405135942,0.008060271093877275,0.006077723937641535,0.009040925729307836,0.008194709288935132,0.009981435360764153,0.018978401677175415
413,1.3362718487652552,0.22474205548956722,0.011711634123811921,0.9098534829402678,1.5828492484368266,1.1744641202283224,1.2253018362491734,1.364792310780587,1.2911279718351598,1.2925797218205166,1.4284215239403406,1.0303213767946855,1.5431007884972563,1.7352778583969024,1.6632670901264253,1.2325798246065642,1.0859946829217795,1.655557342534483,1.4212701107700032,1.4639065389352628,1.2155053309328925,1.5707029722789945,1.3230984957969736,1.0487464463172071,1.6001001535391812,1.539441944712625,1.1479213617979274,1.325422508460989,1.1746051245974454,1.5537615946457675,0.9879438388325643,1.4857523188472759,1.0144875423832542,0.005373974622489758,0.009863116168978359,0.014195180937051226,0.008666818391365542,0.015770229734612756,0.015252293116694248,0.012785751639187133,0.008267792444532938,0.017915859372045203,0.010928470469715061,0.011511324230628877,0.016384532714225943,0.009115756643763162,0.007080610879219897,0.012826672014638515,0.00885717920499018,0.017486921671391414,0.017849221673993384,0.015223943885305279,0.003472391036794959,0.012652120446812859,0.010972266531082013,0.008807412083100196,0.011086300190975727,0.010033206444880462,0.011444551076119793,0.015530291329354419,0.005356251870855454,0.012636665099682864,0.014001917789869901
414,1.333261461714259,0.2221830923299345,0.011400590170510016,0.9098534829402678,1.5828492484368266,1.1744641202283224,1.2253018362491734,1.364792310780587,1.2911279718351598,1.2925797218205166,1.4284215239403406,1.0303213767946855,1.5431007884972563,1.7352778583969024,1.6632670901264253,1.2325798246065642,1.0859946829217795,1.655557342534483,1.4212701107700032,1.4293074481460377,1.2155053309328925,1.568416319490677,1.3230984957969736,1.0487464463172071,1.546674285586843,1.539441944712625,1.1479213617979274,1.325422508460989,1.1746051245974454,1.5537615946457675,0.9879438388325643,1.4857523188472759,1.0144875423832542,0.0074318543439614825,0.0030505443779789664,0.01657299792156237,0.011429738068729193,0.01616570527486145,0.01221355285281803,0.004976498379725674,0.01653991302127221,0.008931685419931687,0.01584610267470447,0.00927561601485967,0.013286674717810525,0.005552321084044922,0.011579895962193054,0.01723608647076686,0.007371143012015258,0.008537301055262774,0.01433675554903278,0.010965270016727062,0.005239407988949461,0.018069875961568338,0.009329561082298111,0.014582786384008749,0.005116590554261985,0.008267697164695114,0.01245856621180495,0.016160698243522904,0.01074424095661675,0.01355211890585751,0.017196505443458222
415,1.3305056637318704,0.2197477930270935,0.011547022581201305,0.9098534829402678,1.5630834325074763,1.1699263184683315,1.2253018362491734,1.364792310780587,1.2911279718351598,1.2925797218205166,1.4284215239403406,1.0303213767946855,1.5431007884972563,1.7352778583969024,1.6632670901264253,1.2325798246065642,1.0859946829217795,1.655557342534483,1.4212701107700032,1.4293074481460377,1.2155053309328925,1.5100459977083571,1.3230984957969736,1.0487464463172071,1.546674285586843,1.539441944712625,1.1479213617979274,1.325422508460989,1.1746051245974454,1.5537615946457675,0.9879438388325643,1.4857523188472759,1.0144875423832542,0.008937976026617507,0.010935483437244788,0.00851347348061779,0.013265853622269357,0.014081727543384524,0.0169008906384167,0.007987830012888395,0.014472505768854898,0.013486342828879982,0.012125225499441122,0.007991852662400458,0.010427794314437544,0.004234685146646966,0.021231314849080994,0.012213966533325717,0.014943059312508904,0.0125681482456966,0.011364052816788964,0.006752694191020666,0.008611200821485742,0.015681444928014047,0.007751112623326127,0.009077726155704516,0.004673250442812151,0.013336658186358714,0.011371575315834366,0.014516969590313481,0.013127974445433344,0.015923753878239952,0.00990413411799486
416,1.3302613400553815,0.21987032907621046,0.012031998575146715,0.9098534829402678,1.5630834325074763,1.1699263184683315,1.2253018362491734,1.364792310780587,1.2911279718351598,1.2896323056074164,1.4284215239403406,1.0303213767946855,1.5431007884972563,1.7352778583969024,1.6632670901264253,1.2325798246065642,1.0859946829217795,1.655557342534483,1.4212701107700032,1.4293074481460377,1.2155053309328925,1.5100459977083571,1.3230984957969736,1.0487464463172071,1.546674285586843,1.539441944712625,1.1479213617979274,1.325422508460989,1.1702228305158724,1.5537615946457675,0.9879438388325643,1.4857523188472759,1.0144875423832542,0.012980342875753422,0.0020498675146796226,0.011158259685302667,0.017285543258911674,0.020682940350799293,0.011415832011981045,0.009897626821393194,0.01422770773293629,0.01140884801386998,0.018360267831361344,0.01207855788343463,0.012365158805251911,0.013280184307185068,0.011386045163960896,0.011459029236240563,0.006987701760841619,0.012223324917202981,0.015138182613515596,0.009749483536274747,0.011783348424492681,0.01070624761747514,0.010997020659496336,0.007511423373655516,0.014541906501413416,0.012939108897211149,0.007853734455696175,0.01133512882020139,0.01577376838207961,0.00881534877872842,0.014568017023055116
417,1.3231231189405153,0.2164122884911307,0.011553855527172089,0.9098534829402678,1.5630834325074763,1.1699263184683315,1.2253018362491734,1.364792310780587,1.2911279718351598,1.2896323056074164,1.4284215239403406,1.0303213767946855,1.5431007884972563,1.7352778583969024,1.6632670901264253,1.2325798246065642,1.0859946829217795,1.655557342534483,1.4212701107700032,1.4293074481460377,1.2155053309328925,1.5100459977083571,1.3230984957969736,1.0487464463172071,1.546674285586843,1.3252953112666437,1.1479213617979274,1.325422508460989,1.1702228305158724,1.5537615946457675,0.9879438388325643,1.4857523188472759,1.0144875423832542,0.011099555723917243,0.008675579527670457,0.009404456155017437,0.011617336261644079,0.015360204858570125,0.019042146049896777,0.013114846924978428,0.018073486327373062,0.004552939597562278,0.020917522203581413,0.014773661692721247,0.009947110497812906,0.009044347266607198,0.008719141606105764,0.010675226095544397,0.011167554468359483,0.010175421474861937,0.0082117715870742,0.004338235327541376,0.010789780387446641,0.010908112934917504,0.01719152267107384,0.017068519074261053,0.013470114256789251,0.017374990692644147,0.009341371776830159,0.009073805468910043,0.010885081433055587,0.005720816485284898,0.005881006987109768
418,1.3190543413447127,0.22092693778077363,0.011456465651398592,0.9098534829402678,1.5630834325074763,1.1699263184683315,1.2253018362491734,1.364792310780587,1.2911279718351598,1.2780305046132239,1.4284215239403406,0.9893553285282164,1.5431007884972563,1.7352778583969024,1.6632670901264253,1.2325798246065642,1.0859946829217795,1.655557342534483,1.4212701107700032,1.4293074481460377,1.2155053309328925,1.5100459977083571,1.3230984957969736,1.0487464463172071,1.546674285586843,1.3252953112666437,1.0966761086037953,1.325422508460989,1.1702228305158724,1.5537615946457675,0.9696936134132739,1.4857523188472759,1.0144875423832542,0.009589944491377405,6.391713259033805e-05,0.009145335508252288,0.012530404499647868,0.01632026330987387,0.014203496444182145,0.017703625676488744,0.007667845824420085,0.00643889128739397,0.019777404340474657,0.01270057329525476,0.016642365633199197,0.011129223738153676,0.010560020978310027,0.011350179038055928,0.010131088384892857,0.016506481224471944,0.010158659695430259,0.013241377338744578,0.014264106396541637,0.009637859319483934,0.013605285687141913,0.007475747687713682,0.009721181246924265,0.012812284231414875,0.011276351983125946,0.007182412689525366,0.011019801613956808,0.010238129904759816,0.010599710940154883
419,1.3130495891915182,0.21994222584937734,0.011185617783782775,0.8951824007095088,1.5630834325074763,1.1699263184683315,1.2253018362491734,1.364792310780587,1.2911279718351598,1.2780305046132239,1.4284215239403406,0.971828338639384,1.5431007884972563,1.7352778583969024,1.6632670901264253,1.2325798246065642,1.0859946829217795,1.655557342534483,1.4212701107700032,1.3376763604724435,1.2155053309328925,1.5100459977083571,1.3230984957969736,1.0487464463172071,1.5333528723823204,1.3252953112666437,1.0966761086037953,1.325422508460989,1.1702228305158724,1.5107696030476387,0.9696936134132739,1.4857523188472759,1.0144875423832542,0.015893532034749958,0.0005056706988150368,0.0119302317759808,0.01919753094840092,0.017438171745942577,0.010828913199239332,0.014880668826777575,0.009337549281476058,0.0046973722131862985,0.016885660644217038,0.013890056151649453,0.014079209847673333,0.01144747999525664,0.0035321279328865275,0.009378081924053486,0.008524875884092824,0.00811328366244882,0.014124897167363402,0.0094778519302568,0.016684857524819418,0.006380094742781222,0.009415585858946939,0.012227948544092095,0.009386425608233653,0.0064028561798725936,0.01585695192655646,0.011851521274208545,0.015919705588170706,0.008587416226901621,0.008692004174433238
420,1.311731195679905,0.22157364407769048,0.011688274659202821,0.866175431204891,1.5630834325074763,1.1699263184683315,1.2253018362491734,1.364792310780587,1.2911279718351598,1.2780305046132239,1.4284215239403406,0.971828338639384,1.5431007884972563,1.7352778583969024,1.6558947155020118,1.2325798246065642,1.0859946829217795,1.655557342534483,1.4212701107700032,1.3376763604724435,1.2155053309328925,1.5100459977083571,1.3230984957969736,1.0455739850978465,1.5333528723823204,1.3252953112666437,1.0966761086037953,1.325422508460989,1.1702228305158724,1.5107696030476387,0.9696936134132739,1.4857523188472759,1.0144875423832542,0.014096205598571524,0.005516749180770549,0.013548982187090466,0.00988545863973015,0.01679068186720164,0.012413580956231487,0.014870740135310579,0.010061053777041386,0.00536256226611346,0.019306951446298955,0.010214928275284023,0.006054656577726444,0.007732112743214068,0.008957522080146416,0.00915483577988177,0.016844186563851924,0.01675006945558691,0.014633725667130294,0.010333212430488847,0.01119898950756981,0.014014794412563432,0.008547517777325542,0.015287567205081148,0.015011549152582926,0.009052553558186141,0.01689838860050919,0.002505506913829853,0.010059518426426783,0.01115342784913805,0.014390210745200966
421,1.3086469113801078,0.22169091738482405,0.011425949480395816,0.866175431204891,1.5630834325074763,1.1699263184683315,1.2253018362491734,1.364792310780587,1.2211309978456986,1.2780305046132239,1.4284215239403406,0.971828338639384,1.5301779527904498,1.7352778583969024,1.6558947155020118,1.2325798246065642,1.0859946829217795,1.655557342534483,1.4212701107700032,1.3376763604724435,1.2155053309328925,1.5100459977083571,1.313489776499321,1.0455739850978465,1.5333528723823204,1.3252953112666437,1.0966761086037953,1.325422508460989,1.1702228305158724,1.5107696030476387,0.9696936134132739,1.4857523188472759,1.0144875423832542,0.009192791300784707,0.010414421538142333,0.008753930243903816,0.012442706301741602,0.018815376306019708,0.010718257413965789,0.0167158592247142,0.00713302992287283,0.015226252887257468,0.01683548001493905,0.011329335683091645,0.008669012765770388,0.005468223699886696,0.010710566772299836,0.004301056192152573,0.0174153401630812,0.011682605951532664,0.012929312529330191,0.00842148015147112,0.01144634177352581,0.01548815581282437,0.010072497526075499,0.009564039406239429,0.016201828489151044,0.009513355873385514,0.012743158579178496,0.011502115029710802,0.00996104312659582,0.006927707094808124,0.012183202637421694
422,1.3061697187781725,0.22197780784115473,0.010276512593150506,0.866175431204891,1.5630834325074763,1.1699263184683315,1.2253018362491734,1.364792310780587,1.2211309978456986,1.2780305046132239,1.4284215239403406,0.971828338639384,1.5301779527904498,1.7352778583969024,1.6558947155020118,1.2325798246065642,1.0859946829217795,1.655557342534483,1.4212701107700032,1.3376763604724435,1.2155053309328925,1.494344343351195,1.313489776499321,1.0455739850978465,1.5333528723823204,1.299842532094488,1.0966761086037953,1.325422508460989,1.1370614859871364,1.5107696030476387,0.9696936134132739,1.4857523188472759,1.0144875423832542,0.00576467483810983,0.012730485669666601,0.009379973811610896,0.012589528468020176,0.016123003949996783,0.00999528729591807,0.012557839374921623,0.0068347226453877785,0.011199310770230095,0.01570416049788893,0.017675786200535996,0.0034101336202961054,0.005217583866487485,0.00956674324669106,0.0039306072357222195,0.013706582372712484,0.013703665510347247,0.017141127588217578,0.007978187505021923,0.011232430490740216,0.01254227669999548,0.0075834278543339215,0.00807513454196,0.010497229088207395,0.009449737992807702,0.012784912883291649,0.0069245820659536595,0.013152851971536636,0.004671737424309659,0.006171652313596013
423,1.3036868359946299,0.22610569460480223,0.010464842019126792,0.866175431204891,1.5630834325074763,1.1699263184683315,1.2253018362491734,1.364792310780587,1.2211309978456986,1.2780305046132239,1.4284215239403406,0.971828338639384,1.5301779527904498,1.7352778583969024,1.6558947155020118,1.2325798246065642,1.0859946829217795,1.655557342534483,1.4212701107700032,1.3376763604724435,1.2155053309328925,1.494344343351195,1.313489776499321,1.0455739850978465,1.5333528723823204,1.299842532094488,1.0966761086037953,1.325422508460989,1.1370614859871364,1.5107696030476387,0.8952071299069968,1.4857523188472759,1.0144875423832542,0.0030197275776315037,0.008209884565507536,0.00992095560708028,0.009079190704046,0.022589670882556263,0.015323895939087614,0.012026945547285886,0.003077175153898718,0.0065422701781299945,0.014401767542986768,0.018908752621112183,0.004606677293789984,0.008925197345492098,0.004512331773645497,0.011026284127476986,0.006870048009971375,0.0029173546248695108,0.014189530612618729,0.006832012169646958,0.019183516675452948,0.011755746760071824,0.005897611069783573,0.00983875611987712,0.01104187750219175,0.009311955724486138,0.008314901007843873,0.01754644603723007,0.015527501322243625,0.011804521377785602,0.01074275470000343
424,1.2963555019742259,0.22761268053706207,0.010612695631726825,0.866175431204891,1.5139074316980516,1.1699263184683315,1.2253018362491734,1.364792310780587,1.2211309978456986,1.2780305046132239,1.4284215239403406,0.971828338639384,1.5301779527904498,1.7352778583969024,1.601305755213453,1.2325798246065642,1.0859946829217795,1.655557342534483,1.4212701107700032,1.3376763604724435,1.2155053309328925,1.494344343351195,1.313489776499321,1.0455739850978465,1.5333528723823204,1.299842532094488,1.0966761086037953,1.325422508460989,1.1370614859871364,1.5107696030476387,0.8952071299069968,1.4857523188472759,0.8983124828691129,0.008882559030898907,0.011833377819443179,0.009241665642963604,0.006279776414650787,0.016524466596640027,0.015268390810411004,0.013618554760826173,0.004555722859504098,0.0032839177279379334,0.018252003478713686,0.018838892756866107,0.006815038456773675,0.005721439886303424,0.007304810604605896,0.010195663556281693,0.011373705240459244,0.004568843872337104,0.01507677942574333,0.011927722456739877,0.008675068324345472,0.009146044488951599,0.0060189942085162,0.008503711630319275,0.007811985370567512,0.012924468410801233,0.005440228460164469,0.013950402862863321,0.017532557522167876,0.012524158176070948,0.0162899180989372
425,1.2962982030395183,0.22767601230840956,0.010469479820391064,0.866175431204891,1.5139074316980516,1.1699263184683315,1.2253018362491734,1.364792310780587,1.2211309978456986,1.2780305046132239,1.4284215239403406,0.971828338639384,1.5301779527904498,1.7352778583969024,1.601305755213453,1.2325798246065642,1.0859946829217795,1.655557342534483,1.4212701107700032,1.3376763604724435,1.2155053309328925,1.494344343351195,1.313489776499321,1.0438550170566185,1.5333528723823204,1.299842532094488,1.0966761086037953,1.325422508460989,1.1370614859871364,1.5107696030476387,0.8952071299069968,1.4857523188472759,0.8983124828691129,0.005669845929700234,0.00797369828979882,0.016168888457349567,0.006341655445980657,0.015319046881865707,0.012448317917602338,0.016771039820015436,0.0007150027822375621,0.005800470949887542,0.01875395884449169,0.016721148227168286,0.009663030963856666,0.005854327510715772,0.013282098163415504,0.006244298544975318,0.011972769064136133,0.008464000743008496,0.017136899264766373,0.009623886108687712,0.008735387208810962,0.006430193215809461,0.005317182371510001,0.009259413168949534,0.005170934469022469,0.009427054326826532,0.006633390380791658,0.010774232034024441,0.014615190716541833,0.015034984293919461,0.017762048515865794
426,1.2933125705152684,0.2265081218367195,0.010625964390821379,0.866175431204891,1.5139074316980516,1.1699263184683315,1.2253018362491734,1.364792310780587,1.2211309978456986,1.2780305046132239,1.338852548212842,0.971828338639384,1.5301779527904498,1.7352778583969024,1.601305755213453,1.2325798246065642,1.0859946829217795,1.655557342534483,1.4212701107700032,1.3376763604724435,1.2155053309328925,1.494344343351195,1.313489776499321,1.0438550170566185,1.5333528723823204,1.299842532094488,1.0966761086037953,1.325422508460989,1.1370614859871364,1.5107696030476387,0.8952071299069968,1.4857523188472759,0.8983124828691129,0.0073628999798181355,0.009168228594667888,0.02032399785788017,0.004269025022680823,0.01791239370875225,0.01857040895035127,0.012247315555580464,0.0076732550735799585,0.006698659388535625,0.01105544873531023,0.011687690903447215,0.005430981683979516,0.002608896522388615,0.010744080816081338,0.011592982706840041,0.010408324563647847,0.004289263977162776,0.02065581671893119,0.01429307547522394,0.013473832164351388,0.004843645959914502,0.011156240738384109,0.00898671245906834,0.012199483946678729,0.01514077913111871,0.004747255057384316,0.006616621102047937,0.009101630320514462,0.014656652210615547,0.010863332399704008
427,1.2868836789479106,0.2327334819804951,0.010535919575370402,0.866175431204891,1.5139074316980516,1.1699263184683315,1.2253018362491734,1.364792310780587,1.2211309978456986,1.2780305046132239,1.338852548212842,0.971828338639384,1.5301779527904498,1.7352778583969024,1.601305755213453,1.2325798246065642,1.0178686755538497,1.655557342534483,1.4212701107700032,1.3376763604724435,1.2155053309328925,1.494344343351195,1.313489776499321,1.0342042215306937,1.5333528723823204,1.299842532094488,1.0966761086037953,1.325422508460989,1.021971541860268,1.5107696030476387,0.8952071299069968,1.4857523188472759,0.8983124828691129,0.0045084526184984205,0.005075789852532495,0.0083666482281799,0.009175753488063942,0.00950548576232143,0.012037014244392043,0.014270980571960598,0.010543925558491414,0.009351556359563988,0.01621386973502019,0.00913657024208878,0.009396591894238207,0.004175949156504386,0.006654954425571542,0.007817474709015438,0.013226810454066646,0.008213800365864811,0.02167692417833602,0.01909570087237034,0.011563862118446787,0.005261624450422062,0.014012012814725089,0.010295200904370402,0.008990722195325878,0.013070399325839414,0.010738879922939605,0.013647522617661443,0.0068087078211159485,0.008623607761757903,0.014620794611426973
428,1.2845341236933017,0.2362398410992004,0.01015145119099815,0.866175431204891,1.5139074316980516,1.1699263184683315,1.2253018362491734,1.364792310780587,1.2189970851880898,1.2780305046132239,1.338852548212842,0.971828338639384,1.5301779527904498,1.7330268882953814,1.601305755213453,1.2325798246065642,1.0178686755538497,1.655557342534483,1.4212701107700032,1.3376763604724435,1.2115930694276966,1.494344343351195,1.313489776499321,1.0292822717533743,1.5333528723823204,1.299842532094488,1.0966761086037953,1.325422508460989,1.021971541860268,1.5107696030476387,0.8379395663103719,1.4857523188472759,0.8983124828691129,0.0053367058646134145,0.0018849811788034705,0.013428334179847467,0.009662526646499194,0.010669610320465083,0.011274210182376574,0.014516142794888559,0.006673992470814035,0.009004714744700017,0.01766817075800992,0.010339586741561328,0.007308772013497882,0.006547983720116684,0.005890976738895125,0.006517906081188191,0.013604656255078826,0.009440758532795973,0.011758048464466408,0.010847530808456915,0.011428719130858796,0.010068089026209981,0.015057764232315562,0.00939460682307122,0.013543284181920778,0.01036834815172132,0.00660282916404539,0.013734373532256306,0.007333652627489315,0.010550253489402287,0.014086006873578555
429,1.2845341236933017,0.2362398410992004,0.009688180822058674,0.866175431204891,1.5139074316980516,1.1699263184683315,1.2253018362491734,1.364792310780587,1.2189970851880898,1.2780305046132239,1.338852548212842,0.971828338639384,1.5301779527904498,1.7330268882953814,1.601305755213453,1.2325798246065642,1.0178686755538497,1.655557342534483,1.4212701107700032,1.3376763604724435,1.2115930694276966,1.494344343351195,1.313489776499321,1.0292822717533743,1.5333528723823204,1.299842532094488,1.0966761086037953,1.325422508460989,1.021971541860268,1.5107696030476387,0.8379395663103719,1.4857523188472759,0.8983124828691129,0.003761769920869377,0.005955068693575847,0.011428710519188107,0.008942641648867258,0.013917137042003548,0.005934690417139151,0.01147784950381147,0.009935912313877983,0.011848010183988221,0.010497613686679232,0.013641056708725497,0.008346690153678006,0.011492588609695962,0.0006644742899200401,0.00924210773138971,0.014069156739841831,0.008596674350593693,0.015393184749031483,0.008605026292563323,0.01617044095404251,0.007720164967492427,0.012720353539696565,0.0020771214693179768,0.014634319791583559,0.013384817280187755,0.006585614365936435,0.0015825627770479618,0.008107234464899719,0.011819647252655134,0.0120927842434606
430,1.280227117423616,0.23902438875723317,0.009785873379991985,0.866175431204891,1.5139074316980516,1.1699263184683315,1.2253018362491734,1.364792310780587,1.2189970851880898,1.2780305046132239,1.338852548212842,0.971828338639384,1.5301779527904498,1.7330268882953814,1.601305755213453,1.2325798246065642,1.0178686755538497,1.655557342534483,1.4212701107700032,1.3376763604724435,1.1385998873679886,1.494344343351195,1.313489776499321,1.0292822717533743,1.5333528723823204,1.299842532094488,1.040459102572925,1.325422508460989,1.021971541860268,1.5107696030476387,0.8379395663103719,1.4857523188472759,0.8983124828691129,0.0,0.003452503876200539,0.006469962804232659,0.007859182126146771,0.014662686603898032,0.009385622023081663,0.012139586383884116,0.0026037416941196165,0.006723470216931511,0.019597745642901884,0.013591140696393306,0.014651957974836722,0.01390507481538048,0.006258083196108676,0.012014934749863143,0.016979328635334065,0.0,0.012684607910563658,0.011316362244790823,0.010901007288655538,0.011061154059393816,0.017444908874284907,0.0061237115589597765,0.01062906338209827,0.00999193804646844,0.007060621195850404,0.008335972367636819,0.011274798971381993,0.006052139184908275,0.010404894875453635
431,1.2751306630480022,0.24017902043640263,0.010475005512736254,0.866175431204891,1.5139074316980516,1.1699263184683315,1.2253018362491734,1.364792310780587,1.2189970851880898,1.2780305046132239,1.338852548212842,0.971828338639384,1.5301779527904498,1.7330268882953814,1.601305755213453,1.2325798246065642,1.0178686755538497,1.655557342534483,1.4212701107700032,1.3376763604724435,1.1385998873679886,1.494344343351195,1.313489776499321,1.0292822717533743,1.5333528723823204,1.1469489008260756,1.040459102572925,1.325422508460989,1.021971541860268,1.5107696030476387,0.8379395663103719,1.4857523188472759,0.8983124828691129,0.010286584167189807,0.012225577448271291,0.0043346829647405655,0.0022464254162178313,0.018411209959849576,0.004277643606818047,0.017348691324854656,0.006178383476495021,0.007231072526961331,0.013234246179907113,0.011543924233993771,0.017046087941757,0.010645396985534794,0.011999998254139705,0.011840818745460835,0.01890889050533523,0.010187294502346707,0.01178156195397114,0.005456424116967815,0.011421816968465648,0.007945473106918092,0.014865814977779076,0.009261230572067467,0.009695830782893732,0.013868093214790869,0.009439719988341462,0.004057698204680277,0.008446071650864907,0.012393843690288012,0.007669657914185829
432,1.2692465753345563,0.24108880973041125,0.011055517908522473,0.866175431204891,1.5139074316980516,1.1699263184683315,1.2253018362491734,1.364792310780587,1.2189970851880898,1.2780305046132239,1.3299298611007164,0.971828338639384,1.5301779527904498,1.7330268882953814,1.601305755213453,1.2325798246065642,1.0178686755538497,1.655557342534483,1.4212701107700032,1.3376763604724435,1.1385998873679886,1.494344343351195,1.1458898322080775,1.0292822717533743,1.5333528723823204,1.1469489008260756,1.040459102572925,1.325422508460989,1.021971541860268,1.5107696030476387,0.8379395663103719,1.4857523188472759,0.8983124828691129,0.004575385652908373,0.0030861452898213407,0.010484101456299027,0.005452770352128049,0.013572869835840138,0.015195782618338932,0.01062500952223358,0.011437634684550967,0.00758443603276222,0.016100356495512887,0.01751939409210495,0.014098082597334045,0.012176437540031738,0.017179655469918283,0.008538825165445595,0.009406122590039718,0.005555107108596534,0.013028711523232013,0.007628706936781324,0.016870851383800685,0.0076451673861613135,0.015810188306616176,0.008635066880334712,0.01710112598668331,0.015326192479094471,0.010394966295158153,0.01113959878322431,0.008298292207391722,0.006698105213386548,0.010500447369943204
433,1.268628665238919,0.24120572186792538,0.011208109497855279,0.866175431204891,1.5139074316980516,1.1699263184683315,1.2253018362491734,1.364792310780587,1.2189970851880898,1.2780305046132239,1.3299298611007164,0.971828338639384,1.5301779527904498,1.7330268882953814,1.601305755213453,1.214042521737444,1.0178686755538497,1.655557342534483,1.4212701107700032,1.3376763604724435,1.1385998873679886,1.494344343351195,1.1458898322080775,1.0292822717533743,1.5333528723823204,1.1469489008260756,1.040459102572925,1.325422508460989,1.021971541860268,1.5107696030476387,0.8379395663103719,1.4857523188472759,0.8983124828691129,0.011560760526254887,0.009026640903907857,0.014132003923038927,0.010503398674357367,0.019077448257215815,0.014113330947511526,0.013281123992570016,0.012107408925884366,0.007401533550453202,0.007277616443522612,0.016481544638524193,0.010619347951333553,0.0004099305958003315,0.02097782360354682,0.0030284897388531164,0.010709326647685787,0.004291804223582307,0.0076480144125273255,0.01581615288991942,0.006997216475754859,0.006270438578245756,0.015524620056562823,0.005266484412624386,0.015289469893077097,0.01011549679628813,0.006061300057421749,0.015261563320022336,0.021476678883555853,0.012818860300472064,0.012697455315143933
434,1.266014331657354,0.238892709173238,0.011969557077611699,0.866175431204891,1.5139074316980516,1.1699263184683315,1.2253018362491734,1.364792310780587,1.2189970851880898,1.2780305046132239,1.3299298611007164,0.971828338639384,1.5301779527904498,1.6994887617078196,1.601305755213453,1.214042521737444,1.0178686755538497,1.655557342534483,1.4212701107700032,1.3376763604724435,1.1385998873679886,1.494344343351195,1.1458898322080775,1.0292822717533743,1.5333528723823204,1.1469489008260756,1.040459102572925,1.2805306276016002,1.021971541860268,1.5107696030476387,0.8379395663103719,1.4857523188472759,0.8983124828691129,0.006075504279452933,0.0072486903611830985,0.013531063780718808,0.006526754322715551,0.016368771597700546,0.016928198677780306,0.01187361907470263,0.011062605304266284,0.00796596660414712,0.008304093695441194,0.024627705085208815,0.01336497594670911,0.010232729443079151,0.020338591967402883,0.008718438186070945,0.011408091239934349,0.008047610195899965,0.012493124013542955,0.013249990009522677,0.008013396943200884,0.01242502396868121,0.00877745954516105,0.0006592554370859877,0.015437475046147914,0.013370695817059195,0.015352947196628707,0.012390238067287037,0.012943023562904098,0.011860235479469872,0.019490437479245663
435,1.2637303542426015,0.24007892637787756,0.011346644253619843,0.866175431204891,1.5139074316980516,1.1239031430805508,1.2253018362491734,1.364792310780587,1.2189970851880898,1.2780305046132239,1.3299298611007164,0.971828338639384,1.5301779527904498,1.6994887617078196,1.601305755213453,1.214042521737444,1.0178686755538497,1.655557342534483,1.4212701107700032,1.3376763604724435,1.1161037403131968,1.494344343351195,1.1458898322080775,1.0292822717533743,1.5333528723823204,1.1469489008260756,1.040459102572925,1.2805306276016002,1.021971541860268,1.5107696030476387,0.8379395663103719,1.4857523188472759,0.8983124828691129,0.0030341794016830684,0.013424612376436221,0.014618553365847371,0.005598622107381438,0.015238416815872175,0.012193708437235086,0.012587791435516893,0.00862615951521066,0.010033180677026422,0.009755246008809582,0.016759848183100487,0.009454930360150313,0.010467899893450715,0.013981073545287968,0.008289806011615136,0.006640486269545885,0.013556079341404957,0.01391945561594026,0.012479218846500592,0.010309969292287299,0.009825162966959003,0.010323061550408148,0.00804068496335846,0.014676291204835146,0.011783292664592802,0.008471211512917916,0.013933368084902573,0.01972877044645042,0.0043404715074043905,0.018307775206463834
436,1.2637303542426015,0.24007892637787756,0.012015823457539706,0.866175431204891,1.5139074316980516,1.1239031430805508,1.2253018362491734,1.364792310780587,1.2189970851880898,1.2780305046132239,1.3299298611007164,0.971828338639384,1.5301779527904498,1.6994887617078196,1.601305755213453,1.214042521737444,1.0178686755538497,1.655557342534483,1.4212701107700032,1.3376763604724435,1.1161037403131968,1.494344343351195,1.1458898322080775,1.0292822717533743,1.5333528723823204,1.1469489008260756,1.040459102572925,1.2805306276016002,1.021971541860268,1.5107696030476387,0.8379395663103719,1.4857523188472759,0.8983124828691129,0.007273925483759778,0.011050707831304466,0.016962290866941957,0.007550492355804678,0.017990101572192413,0.005178079484028508,0.009132502242193528,0.012699320587150727,0.010352925104325363,0.015581816895941403,0.018197433660198638,0.007952083229329084,0.005913395646008779,0.022528953083341418,0.009543366796107244,0.009305533906265123,0.01442029606013056,0.01233478810288935,0.009014962490988843,0.010220182474837679,0.013297187780498917,0.014904822952870555,0.01253853156695175,0.009570998082019649,0.010488074401470569,0.00632082531500932,0.018717222987481266,0.008040415088794453,0.014190690991873683,0.019202776685481496
437,1.2619109100842631,0.24116944318037253,0.011203738180201702,0.866175431204891,1.5139074316980516,1.1239031430805508,1.2253018362491734,1.364792310780587,1.2189970851880898,1.2780305046132239,1.3299298611007164,0.971828338639384,1.5301779527904498,1.6994887617078196,1.601305755213453,1.214042521737444,1.0178686755538497,1.655557342534483,1.4212701107700032,1.3376763604724435,1.1161037403131968,1.494344343351195,1.0913065074579227,1.0292822717533743,1.5333528723823204,1.1469489008260756,1.040459102572925,1.2805306276016002,1.021971541860268,1.5107696030476387,0.8379395663103719,1.4857523188472759,0.8983124828691129,0.011301607181195104,0.012749597466342594,0.010156817630365687,0.01170110199575064,0.021334565688531797,0.012720081556208448,0.010960910686721233,0.01445744490680599,0.004765575408141901,0.011604151223645076,0.013403762094066102,0.008412473420349408,0.00933320969972504,0.012008635742430078,0.020948625641403217,0.0079722123734308,0.012301385587291725,0.009191089157598885,0.004589627021765007,0.015184280517212389,0.011730518857686499,0.009224133239244139,0.010025514481457061,0.009691358868601915,0.008199721123563049,0.004742570945986273,0.012848428508582782,0.007235964671697193,0.013049859283927807,0.014266920426323236
438,1.2551722016001539,0.23108769562290543,0.011550044014829152,0.866175431204891,1.491395473588725,1.1239031430805508,1.2253018362491734,1.364792310780587,1.2189970851880898,1.2780305046132239,1.3299298611007164,0.971828338639384,1.5301779527904498,1.6257012535677196,1.601305755213453,1.214042521737444,1.0178686755538497,1.5565217866979428,1.4212701107700032,1.3376763604724435,1.1161037403131968,1.494344343351195,1.0913065074579227,1.0292822717533743,1.5333528723823204,1.1469489008260756,1.040459102572925,1.2805306276016002,1.021971541860268,1.5042119194156425,0.8379395663103719,1.4854837700419599,0.8983124828691129,0.016783634483511105,0.01271326392282944,0.011757354202430677,0.010671283529832803,0.014937130169119723,0.008896472973685517,0.006785082490463742,0.01372096155617345,0.006876118764089181,0.014148688922572063,0.008515874608995805,0.00595364486857278,0.0024206716641312666,0.015178443874954666,0.017196093672397512,0.012455197308183836,0.010962768448468491,0.011062997361329813,0.010095783170770992,0.017229383923499954,0.013283851644335737,0.016096626301058868,0.004972204005283627,0.006127328860157668,0.012719012124715547,0.017607584892366305,0.011828218894384995,0.009216931307831055,0.011572337453961445,0.014716375044766477
439,1.2547937508357807,0.2315602297368678,0.01133360237842785,0.866175431204891,1.491395473588725,1.1239031430805508,1.2253018362491734,1.364792310780587,1.2189970851880898,1.2780305046132239,1.3299298611007164,0.9604748157081926,1.5301779527904498,1.6257012535677196,1.601305755213453,1.214042521737444,1.0178686755538497,1.5565217866979428,1.4212701107700032,1.3376763604724435,1.1161037403131968,1.494344343351195,1.0913065074579227,1.0292822717533743,1.5333528723823204,1.1469489008260756,1.040459102572925,1.2805306276016002,1.021971541860268,1.5042119194156425,0.8379395663103719,1.4854837700419599,0.8983124828691129,0.019448562568085075,0.012434732093702936,0.008882136468997433,0.008487244410141296,0.015154944522790282,0.00932737819219559,0.009679890896915006,0.011382399224159893,0.004812390529388888,0.011447273775160905,0.01316314869323615,0.008078262197458958,0.00550405713029422,0.011273171987340172,0.014415048824707843,0.012371347811104999,0.011998590461739676,0.008463365513916495,0.006125911562540387,0.011706753338650637,0.015060222644540832,0.019759222407669454,0.011203156148282123,0.0063400051910969734,0.005643039391399559,0.015274641720488839,0.010304084122230354,0.010779228704561928,0.01866795037736606,0.012819910442672597
440,1.2547937508357807,0.2315602297368678,0.010901276692490882,0.866175431204891,1.491395473588725,1.1239031430805508,1.2253018362491734,1.364792310780587,1.2189970851880898,1.2780305046132239,1.3299298611007164,0.9604748157081926,1.5301779527904498,1.6257012535677196,1.601305755213453,1.214042521737444,1.0178686755538497,1.5565217866979428,1.4212701107700032,1.3376763604724435,1.1161037403131968,1.494344343351195,1.0913065074579227,1.0292822717533743,1.5333528723823204,1.1469489008260756,1.040459102572925,1.2805306276016002,1.021971541860268,1.5042119194156425,0.8379395663103719,1.4854837700419599,0.8983124828691129,0.019487420818626495,0.006806511276497533,0.013890967353827065,0.0012004461492507888,0.017961154372470915,0.003914826888855138,0.004856684905689753,0.013711407233422788,0.010661888412670078,0.015630015608296063,0.01349545752622354,0.011666016442877356,0.002351995022415316,0.009899344044120174,0.011387341993141236,0.012925284255499903,0.015261254214947013,0.011355036273181624,0.010631984406420257,0.012337180597076157,0.01516926310983438,0.012026041367504804,0.008946214643305146,0.005889394388385111,0.011582419295249273,0.009094123495680723,0.010534143291124638,0.011725981683933118,0.01546809941915122,0.007170402285048853
441,1.2543281544842628,0.2321647997855424,0.012815674138979122,0.866175431204891,1.491395473588725,1.1239031430805508,1.2253018362491734,1.364792310780587,1.2189970851880898,1.2780305046132239,1.3299298611007164,0.9465069251626521,1.5301779527904498,1.6257012535677196,1.601305755213453,1.214042521737444,1.0178686755538497,1.5565217866979428,1.4212701107700032,1.3376763604724435,1.1161037403131968,1.494344343351195,1.0913065074579227,1.0292822717533743,1.5333528723823204,1.1469489008260756,1.040459102572925,1.2805306276016002,1.021971541860268,1.5042119194156425,0.8379395663103719,1.4854837700419599,0.8983124828691129,0.012023093243202857,0.011041757354314407,0.011837731044357576,0.00979356430120681,0.02654880181786855,0.007890021897408157,0.011598787435432911,0.017632150506958995,0.009980627376847271,0.015927246136950457,0.01234191800035561,0.012609844781444555,0.006810757602224244,0.011772614270490435,0.012823843373568131,0.016901232340295655,0.009755986064831208,0.01448593765746474,0.01440272558945445,0.01119961471530659,0.012410890682327329,0.010881023516414552,0.014423028713889282,0.010119010823662854,0.016187889936951423,0.012730204237690444,0.0055188206922659215,0.013510472420713921,0.020296238678239417,0.01101438895723487
442,1.251293481356504,0.22918973473485463,0.01220199575863339,0.866175431204891,1.491395473588725,1.1239031430805508,1.2253018362491734,1.364792310780587,1.2189970851880898,1.2780305046132239,1.3299298611007164,0.9465069251626521,1.5301779527904498,1.6257012535677196,1.601305755213453,1.214042521737444,1.0178686755538497,1.5436970620938557,1.4212701107700032,1.3376763604724435,1.1161037403131968,1.4248152171875366,1.0913065074579227,1.0292822717533743,1.5246665293172978,1.1469489008260756,1.040459102572925,1.2805306276016002,1.021971541860268,1.5042119194156425,0.8379395663103719,1.4854837700419599,0.8983124828691129,0.018148570141731622,0.011231285172774353,0.015120956465759254,0.015575655994069654,0.018488196831946538,0.012991273513253257,0.01808308035670884,0.01330040664412094,0.009248128287257901,0.012644373387386876,0.009848579250994405,0.011404807040773282,0.009165557966692054,0.006547930463885313,0.007450503498619184,0.016221597476854286,0.013076247561215953,0.008099704489019411,0.009369667838688622,0.011583614930235199,0.013344498635482894,0.0080101371006969,0.010115254890710362,0.009709975763204093,0.01190925290111559,0.011169318273687548,0.016539044686418893,0.016987685370124992,0.011470180107334561,0.009204387718238853
443,1.251202692118688,0.2292030494476526,0.012808071836471358,0.866175431204891,1.491395473588725,1.1239031430805508,1.2253018362491734,1.364792310780587,1.2162734080536173,1.2780305046132239,1.3299298611007164,0.9465069251626521,1.5301779527904498,1.6257012535677196,1.601305755213453,1.214042521737444,1.0178686755538497,1.5436970620938557,1.4212701107700032,1.3376763604724435,1.1161037403131968,1.4248152171875366,1.0913065074579227,1.0292822717533743,1.5246665293172978,1.1469489008260756,1.040459102572925,1.2805306276016002,1.021971541860268,1.5042119194156425,0.8379395663103719,1.4854837700419599,0.8983124828691129,0.020389538716826656,0.008700680502851265,0.01740930007851797,0.010888394084607948,0.01936815608228035,0.007539004024811304,0.014097691164441135,0.0174860022692524,0.009525811207545155,0.013804879361470093,0.011122317423286962,0.006766515375230673,0.002470865032605032,0.004959416988033785,0.011966587676635842,0.016126373554567055,0.01831820491732094,0.014059849037826156,0.015465745249468206,0.012001999164193035,0.0099507843971543,0.014655328389443525,0.009848789883138535,0.0110518559609893,0.013311530724195863,0.012897079352186026,0.011107156388282712,0.015609834005616543,0.015561266698942432,0.01778119738241956
444,1.2495357811932861,0.22724149301997848,0.01239770625001663,0.866175431204891,1.491395473588725,1.1239031430805508,1.2253018362491734,1.364792310780587,1.2162734080536173,1.2780305046132239,1.3299298611007164,0.9465069251626521,1.485062639452544,1.6208092391435618,1.601305755213453,1.214042521737444,1.0178686755538497,1.5436970620938557,1.4212701107700032,1.3376763604724435,1.1161037403131968,1.4248152171875366,1.0913065074579227,1.0292822717533743,1.5246665293172978,1.1469489008260756,1.040459102572925,1.2805306276016002,1.021971541860268,1.5042119194156425,0.8379395663103719,1.4854837700419599,0.8983124828691129,0.012997521441699968,0.010757636403156034,0.01586838326250658,0.01022979164876402,0.0199893260699314,0.008392968633175079,0.018745123257344568,0.01739662276944966,0.006323867107609358,0.016742739913555925,0.013619117688503614,0.010330237714254063,0.007999683736336586,0.009625823161199722,0.006870020431378821,0.00962401763363185,0.019120659164095406,0.011933317649708059,0.008055570077368112,0.014076187927644958,0.007962923589062424,0.014224021361507138,0.010141003048501164,0.012629303419794244,0.01500645822382356,0.013252531457807373,0.01142526956117559,0.01495735217443901,0.014763559274782371,0.0088701496982923
445,1.2465727080220215,0.22872290079940955,0.011623502399323613,0.866175431204891,1.491395473588725,1.1234523536645438,1.2253018362491734,1.3557815053358877,1.1741702412033104,1.2780305046132239,1.3299298611007164,0.9465069251626521,1.485062639452544,1.6208092391435618,1.601305755213453,1.214042521737444,1.0178686755538497,1.5436970620938557,1.4212701107700032,1.3376763604724435,1.1161037403131968,1.4248152171875366,1.0913065074579227,0.9919548383264503,1.5246665293172978,1.1469489008260756,1.040459102572925,1.2805306276016002,1.021971541860268,1.5042119194156425,0.8379395663103719,1.4854837700419599,0.8983124828691129,0.015546252330518439,0.00939659910203924,0.007979776792205566,0.006838126785233503,0.020599391089901036,0.010535140047477565,0.016291872572602048,0.017075840798393884,0.006716970248194867,0.013261934535110195,0.009783890852117939,0.009725988039356218,0.006267133320580345,0.012439467535577226,0.009210099066567036,0.011254915976641761,0.016125590474667592,0.016676020094406496,0.010099993476396469,0.012092877283419713,0.008440454958451058,0.01197899732461334,0.010856762912725063,0.012053737102239285,0.011195922492413215,0.010899458269151771,0.013407893375371316,0.010053433871098328,0.010702955414059037,0.011197575838178889
446,1.2465727080220215,0.22872290079940955,0.012302330404644653,0.866175431204891,1.491395473588725,1.1234523536645438,1.2253018362491734,1.3557815053358877,1.1741702412033104,1.2780305046132239,1.3299298611007164,0.9465069251626521,1.485062639452544,1.6208092391435618,1.601305755213453,1.214042521737444,1.0178686755538497,1.5436970620938557,1.4212701107700032,1.3376763604724435,1.1161037403131968,1.4248152171875366,1.0913065074579227,0.9919548383264503,1.5246665293172978,1.1469489008260756,1.040459102572925,1.2805306276016002,1.021971541860268,1.5042119194156425,0.8379395663103719,1.4854837700419599,0.8983124828691129,0.02093867433913009,0.011048134051163344,0.013619128388528875,0.0062724940181549125,0.01873539837598553,0.006981723491292154,0.015762037159536613,0.0193903484766473,0.005125741098400837,0.010579254302973046,0.004959167736714583,0.016414844046624612,0.010063864677714295,0.0020163230524309016,0.014249237008455158,0.01273362521588079,0.015273226399531289,0.01145826683261336,0.0149891307557299,0.015761535076412023,0.001989187332641976,0.009859383719369608,0.01384131792358806,0.012730774445570626,0.008462165809646224,0.016824899744456497,0.017395060096219384,0.012706973492070816,0.013718170317656955,0.01516982475419984
447,1.2331037364810047,0.24216640611697196,0.012428261943788115,0.7777555829741343,1.491395473588725,1.1234523536645438,1.2253018362491734,1.3557815053358877,0.9431365414275281,1.2780305046132239,1.3299298611007164,0.9465069251626521,1.485062639452544,1.6208092391435618,1.601305755213453,1.214042521737444,1.0178686755538497,1.5436970620938557,1.4212701107700032,1.3376763604724435,1.1161037403131968,1.4248152171875366,1.0066909092339569,0.9919548383264503,1.5246665293172978,1.1469489008260756,1.040459102572925,1.2805306276016002,1.021971541860268,1.5042119194156425,0.8379395663103719,1.4854837700419599,0.8983124828691129,0.016884788197080138,0.012487536571773082,0.018010392237922092,0.0006627643722254386,0.021066887779059493,0.013508937292526045,0.015791998369084605,0.023035497594591333,0.007280823039992546,0.01585145055311248,0.006046672527461137,0.014898265332005995,0.00973292066219357,0.002734493845001619,0.007154387866223674,0.01409543637809204,0.012860852981970669,0.011342883866390452,0.015177550238694465,0.01233922014611439,0.010855027859483881,0.0178974722584654,0.010081748704365382,0.01325747517105847,0.00858090591827118,0.007815808518266975,0.012098729205757922,0.013717083693068705,0.014689684072916633,0.012890163060473591
448,1.2330590200544658,0.2421684772062574,0.011747439387716722,0.7777555829741343,1.491395473588725,1.1234523536645438,1.2253018362491734,1.3557815053358877,0.9431365414275281,1.2780305046132239,1.3299298611007164,0.9458285804732296,1.485062639452544,1.6208092391435618,1.601305755213453,1.214042521737444,1.0178686755538497,1.5436970620938557,1.4212701107700032,1.3376763604724435,1.1161037403131968,1.4248152171875366,1.0066909092339569,0.9919548383264503,1.5246665293172978,1.1469489008260756,1.040459102572925,1.2805306276016002,1.021971541860268,1.5035487713089037,0.8379395663103719,1.4854837700419599,0.8983124828691129,0.015401702427279599,0.0123705960889728,0.011398226137619961,0.004357635838492349,0.013444572319382803,0.00570232223518406,0.016498001120498984,0.012582702992570272,0.011818090943998405,0.016339883660529006,0.016546044496535874,0.01598102220269569,0.004022391939604704,0.0019701036765499263,0.006160698940786308,0.005414386425604998,0.00993891136005463,0.015107421504070389,0.013626230298227413,0.015694286174303074,0.019270377501557464,0.01563655292941101,0.01356627628359252,0.011693544180817451,0.008207493940358336,0.010542522542480809,0.009314656035592178,0.015305730179896821,0.012452253923467525,0.012058543331366321
449,1.2254694841857634,0.23753455285287015,0.0118686178647684,0.7777555829741343,1.491395473588725,1.1234523536645438,1.2253018362491734,1.2230986024360253,0.9431365414275281,1.2780305046132239,1.3299298611007164,0.9458285804732296,1.485062639452544,1.6208092391435618,1.601305755213453,1.214042521737444,1.0178686755538497,1.4486938889326493,1.4212701107700032,1.3376763604724435,1.1161037403131968,1.4248152171875366,1.0066909092339569,0.9919548383264503,1.5246665293172978,1.1469489008260756,1.040459102572925,1.2805306276016002,1.021971541860268,1.5035487713089037,0.8379395663103719,1.4854837700419599,0.8983124828691129,0.01089703065502606,0.005273580804126768,0.01286472240492923,0.010172309970591856,0.013394804497164497,0.006099143122987871,0.009115252083995674,0.009822999087218795,0.013152119263443389,0.01591135683280317,0.01093410873350269,0.01813430008510246,0.009441643334344904,0.00842978780078047,0.00694820257582902,0.007454662155868513,0.014253217382384735,0.021316694088757557,0.020667307725705315,0.011178799862563217,0.011038966524545476,0.016665735190878047,0.008330613200400358,0.01119722883565063,0.012141920696867255,0.001529635706499808,0.012957300224453393,0.01663439564279531,0.01665216809888505,0.013448529354950528
450,1.224395415486896,0.23634459242033654,0.01138770367621811,0.7777555829741343,1.491395473588725,1.1234523536645438,1.2253018362491734,1.2230986024360253,0.9431365414275281,1.2780305046132239,1.3299298611007164,0.9458285804732296,1.485062639452544,1.6208092391435618,1.601305755213453,1.214042521737444,1.0178686755538497,1.4486938889326493,1.4212701107700032,1.3376763604724435,1.1161037403131968,1.4248152171875366,1.0066909092339569,0.9919548383264503,1.5246665293172978,1.1469489008260756,1.040459102572925,1.2805306276016002,1.021971541860268,1.4713267103428795,0.8379395663103719,1.4854837700419599,0.8983124828691129,0.016342218375391116,0.006657307637552756,0.004732344882937251,0.007283194645973621,0.01220498999725579,0.007962320594640426,0.0120686926547666,0.011742007223611642,0.012937887110001182,0.01664163575536091,0.01674612855410475,0.00821991220046021,0.008272280951483052,0.005497464165584043,0.0072540325900191565,0.009417887009031008,0.009962831842130752,0.01604416089501867,0.02100257197238968,0.0181393798926496,0.010656669528121745,0.024885523965212226,0.008907619929306835,0.008787172193826291,0.016188781490944333,0.002738864406774261,0.005861012938546986,0.017280212126295887,0.010295812705071253,0.006900192052081281
451,1.2225293096975685,0.23804566509468084,0.011416907423910858,0.7777555829741343,1.491395473588725,1.1234523536645438,1.2253018362491734,1.2230986024360253,0.9431365414275281,1.2756323670039973,1.3299298611007164,0.9458285804732296,1.485062639452544,1.6208092391435618,1.601305755213453,1.214042521737444,1.0178686755538497,1.4486938889326493,1.4212701107700032,1.3376763604724435,1.1161037403131968,1.4248152171875366,1.0066909092339569,0.9919548383264503,1.5246665293172978,1.1469489008260756,1.040459102572925,1.2805306276016002,0.9683865057896743,1.4713267103428795,0.8379395663103719,1.4854837700419599,0.8983124828691129,0.01628680256569541,0.0067919443776254355,0.00835096017524407,0.0048435829220169055,0.011284631704409825,0.006570451501456303,0.009092473045299787,0.017497910376694868,0.014956165948230678,0.012576527210364041,0.015092665296230866,0.006928438472566172,0.010735867156797623,0.009170666762321365,0.003956911794216247,0.008158758178757913,0.006646274727377968,0.010518566894580542,0.014840867813079858,0.01871675695829137,0.011784511834226765,0.01986639326812833,0.014560435461073863,0.008104801648918967,0.00970616787581288,0.013348972155338337,0.019956565693284464,0.013281886742896013,0.008514433438023213,0.010365830718365712
452,1.2223203065353951,0.2378737701932415,0.00996087692929832,0.7777555829741343,1.491395473588725,1.1234523536645438,1.2253018362491734,1.2230986024360253,0.9431365414275281,1.2756323670039973,1.3299298611007164,0.9458285804732296,1.485062639452544,1.6208092391435618,1.601305755213453,1.214042521737444,1.0178686755538497,1.4486938889326493,1.4150000159047988,1.3376763604724435,1.1161037403131968,1.4248152171875366,1.0066909092339569,0.9919548383264503,1.5246665293172978,1.1469489008260756,1.040459102572925,1.2805306276016002,0.9683865057896743,1.4713267103428795,0.8379395663103719,1.4854837700419599,0.8983124828691129,0.011789960977989287,0.007016155357913039,0.010924192858023615,0.001525017881088609,0.00992958756714479,0.004843061338033501,0.011670353726013119,0.009383207734960614,0.01137300651350939,0.017463238206909242,0.014419963705284542,0.008423381374084405,0.008106484882485105,0.0070729402813830685,0.0045126570171041755,0.004643885511638163,0.004574162075679307,0.017968815133526245,0.015142610120203643,0.016022103562977272,0.01132558722292548,0.013537094837452156,0.011963152253547722,0.005513999547762944,0.009552814844534031,0.009983808624356222,0.01073652352472617,0.013192802070961929,0.005118029905896612,0.01109770922083517
453,1.22016772683098,0.23833469229601853,0.010153246198435164,0.7777555829741343,1.491395473588725,1.1234523536645438,1.2253018362491734,1.2230986024360253,0.9431365414275281,1.2756323670039973,1.3299298611007164,0.9458285804732296,1.485062639452544,1.6208092391435618,1.601305755213453,1.214042521737444,1.0178686755538497,1.432778003985622,1.4041541364784718,1.3376763604724435,1.1161037403131968,1.4248152171875366,0.9688752824748588,0.9919548383264503,1.5246665293172978,1.1469489008260756,1.040459102572925,1.2805306276016002,0.9683865057896743,1.4713267103428795,0.8379395663103719,1.4854837700419599,0.8983124828691129,0.01083301758927751,0.0073189079670343184,0.007909647857585108,0.005970473819789212,0.013692522463185978,0.0,0.003590653521960667,0.01750352467871866,0.01089442323011716,0.01540907610920051,0.015770863950834987,0.005108643018676717,0.015705951188096232,0.009948602700970673,0.002486582818973139,0.005105136851396397,0.013299315735699656,0.014142853708353536,0.006031243448986772,0.012399380390755603,0.007991376364483325,0.018384151232047317,0.015458206493316216,0.011746259408373967,0.004896919078185293,0.007501515480534564,0.012681824682383852,0.012806978021347781,0.005184863588435684,0.014824470554334107
454,1.2184896132897576,0.24044723122887177,0.010828256449176787,0.7777555829741343,1.491395473588725,1.1234523536645438,1.2253018362491734,1.2230986024360253,0.8927931351908538,1.2756323670039973,1.3299298611007164,0.9458285804732296,1.485062639452544,1.6208092391435618,1.601305755213453,1.214042521737444,1.0178686755538497,1.432778003985622,1.4041541364784718,1.3376763604724435,1.1161037403131968,1.4248152171875366,0.9688752824748588,0.9919548383264503,1.5246665293172978,1.1469489008260756,1.040459102572925,1.2805306276016002,0.9683865057896743,1.4713267103428795,0.8379395663103719,1.4854837700419599,0.8983124828691129,0.004865813164844599,0.0037929613915779845,0.010400776280361011,0.012417399681892588,0.019209680977990785,0.0051337556289992245,0.008331163159901338,0.010617116445914008,0.008493556249542811,0.018988411119160876,0.013554003213125257,0.013707088641205288,0.009839455118432995,0.009068673225439817,0.010460164281220052,0.012066396872118048,0.008149449208241621,0.015233515961943778,0.012461645015834365,0.013262338679759763,0.012517438918281071,0.01182290007318792,0.011132564091691383,0.0051846835484133155,0.017024831603855258,0.008367823985045713,0.004821575074549027,0.012130886775034851,0.0066109872136780904,0.01518063787406084
455,1.216318999358864,0.23870194043375284,0.011067415638474468,0.7777555829741343,1.491395473588725,1.1234523536645438,1.2253018362491734,1.2230986024360253,0.8927931351908538,1.2756323670039973,1.3299298611007164,0.9400657393737153,1.4257070626252468,1.6208092391435618,1.601305755213453,1.214042521737444,1.0178686755538497,1.432778003985622,1.4041541364784718,1.3376763604724435,1.1161037403131968,1.4248152171875366,0.9688752824748588,0.9919548383264503,1.5246665293172978,1.1469489008260756,1.040459102572925,1.2805306276016002,0.9683865057896743,1.4713267103428795,0.8379395663103719,1.4854837700419599,0.8983124828691129,0.009347140533385388,0.006223460244429288,0.009639480223652314,0.010329701693192169,0.016578916401231058,0.011341347184454736,0.012104732477818321,0.012977878332517569,0.005081850012281452,0.01540621219181835,0.009533437762364998,0.008407110578282377,0.011920730253066229,0.007644608612781911,0.008539937902468741,0.013030924966020178,0.012686128753887893,0.014615060236903699,0.0014846397617749732,0.012580305196373308,0.01853160352592861,0.012024608538847315,0.008335540866094735,0.010942093484108613,0.012359591632773505,0.014527115647160298,0.009974475988220188,0.011443987853216629,0.006505217514960522,0.017904630784218604
456,1.2118994955405735,0.2374928251203248,0.011455897796754965,0.7777555829741343,1.491395473588725,1.1234523536645438,1.2253018362491734,1.1844647797535903,0.8927931351908538,1.2756323670039973,1.3299298611007164,0.9400657393737153,1.4257070626252468,1.6208092391435618,1.601305755213453,1.214042521737444,1.0178686755538497,1.3988122167670665,1.4041541364784718,1.3376763604724435,1.1161037403131968,1.4248152171875366,0.9688752824748588,0.9919548383264503,1.5246665293172978,1.1469489008260756,1.040459102572925,1.2205451229538764,0.9683865057896743,1.4713267103428795,0.8379395663103719,1.4854837700419599,0.8983124828691129,0.012925858760527141,0.007660783550076258,0.0049570784421540314,0.012482156363323218,0.013155000954334304,0.01324369824955156,0.008854380428702988,0.013705889818690194,0.004986730702530536,0.0134786469569158,0.01139699231239253,0.013054294387231508,0.01635206310917487,0.010133542097056412,0.007332425852544553,0.013792409250588123,0.012858691281511264,0.014787746440940056,0.004897044585566094,0.012775897620786555,0.008646539447336333,0.01021495667745668,0.020066247747995137,0.014700874492108171,0.013374267075865483,0.014793972419822402,0.015036910967736076,0.0068883698982588745,0.00557014072520428,0.011553323286267594
457,1.2104905810215583,0.236867031147964,0.011697160712282266,0.7777555829741343,1.491395473588725,1.1234523536645438,1.2253018362491734,1.1844647797535903,0.8927931351908538,1.2756323670039973,1.3299298611007164,0.9400657393737153,1.4257070626252468,1.6208092391435618,1.601305755213453,1.214042521737444,1.0178686755538497,1.3988122167670665,1.4041541364784718,1.295408924901985,1.1161037403131968,1.4248152171875366,0.9688752824748588,0.9919548383264503,1.5246665293172978,1.1469489008260756,1.040459102572925,1.2205451229538764,0.9683865057896743,1.4713267103428795,0.8379395663103719,1.4854837700419599,0.8983124828691129,0.009108954353591952,0.00598044931119109,0.018267390702817944,0.013061187409792641,0.010594523402943763,0.016601352986455892,0.012096178415384165,0.010461912396438634,0.006531172346458868,0.013113262584955123,0.018377867752606934,0.012940726651691072,0.010553907950021667,0.013809061309806504,0.008431204557640333,0.009498218384053654,0.009533096213720673,0.015388063757333608,0.007065854130040327,0.008522607247571352,0.008475777329110106,0.01475457193001119,0.014370956222423976,0.01636527968258286,0.016745300119754777,0.010929035100649019,0.00737850732362341,0.010789946050314093,0.005027783389115258,0.0161406723563671
458,1.2100858511029575,0.237038273670029,0.010729101356171496,0.7777555829741343,1.491395473588725,1.1234523536645438,1.2253018362491734,1.1844647797535903,0.8927931351908538,1.2756323670039973,1.3299298611007164,0.9400657393737153,1.4257070626252468,1.6208092391435618,1.601305755213453,1.214042521737444,1.0178686755538497,1.3988122167670665,1.4041541364784718,1.295408924901985,1.1039618427551834,1.4248152171875366,0.9688752824748588,0.9919548383264503,1.5246665293172978,1.1469489008260756,1.040459102572925,1.2205451229538764,0.9683865057896743,1.4713267103428795,0.8379395663103719,1.4854837700419599,0.8983124828691129,0.012152575268228565,0.012863708910387288,0.012278585821967974,0.015610891503325442,0.013608318450115382,0.015377525912800234,0.00845732069562488,0.010035860442378934,0.0019879342722528173,0.015051531837297162,0.016615269717432216,0.0021900014832881686,0.011003932009299593,0.007454162474956134,0.0033779654282600833,0.009011622047552001,0.0007159617312770587,0.017389727650342923,0.015406180684836564,0.01094394284281036,0.0033640249508388826,0.016138837239806535,0.0168217277684999,0.007678221673827038,0.00912471032384058,0.008238009696516543,0.010077967141395928,0.013043471372640326,0.012821197120767645,0.013031854212577763
459,1.2033308842591555,0.2381641365400576,0.011045408495555574,0.7777555829741343,1.491395473588725,1.1234523536645438,1.2253018362491734,1.1844647797535903,0.8927931351908538,1.2756323670039973,1.3162709277853861,0.9400657393737153,1.4257070626252468,1.6208092391435618,1.601305755213453,1.0720206140575148,1.0178686755538497,1.3988122167670665,1.4041541364784718,1.295408924901985,1.1039618427551834,1.4248152171875366,0.9688752824748588,0.9913054534527608,1.5246665293172978,1.1469489008260756,1.040459102572925,1.174226343508757,0.9683865057896743,1.4713267103428795,0.8379395663103719,1.4854837700419599,0.8983124828691129,0.009040758039799625,0.012610145469959104,0.016970266776481134,0.011150615562658743,0.012399369088098765,0.012793058738961048,0.006521102206580147,0.01012844761878918,0.0,0.016547677930783794,0.01564391220001452,0.0,0.012833700809709239,0.006928527963726658,0.009190075077618568,0.014505517780872917,0.011918500537218806,0.02303401628216657,0.013830129713204256,0.016093642211151612,0.006774297497593917,0.017558185993114265,0.013224195402300392,0.005505978544479311,0.008605984395662349,0.0073959711742896716,0.011200567786874619,0.009250223668597535,0.010732695186174023,0.008974691209786374
460,1.203276229651211,0.2381575097721543,0.012135364156465347,0.7777555829741343,1.491395473588725,1.1234523536645438,1.2253018362491734,1.1844647797535903,0.8927931351908538,1.2756323670039973,1.315277405325269,0.9400657393737153,1.4257070626252468,1.6208092391435618,1.601305755213453,1.0720206140575148,1.0178686755538497,1.3988122167670665,1.4041541364784718,1.295408924901985,1.103315726976963,1.4248152171875366,0.9688752824748588,0.9913054534527608,1.5246665293172978,1.1469489008260756,1.040459102572925,1.174226343508757,0.9683865057896743,1.4713267103428795,0.8379395663103719,1.4854837700419599,0.8983124828691129,0.01190834828445864,0.013228427652266485,0.01105463323283005,0.0076662071865893555,0.017451386675039714,0.017639967824359615,0.007818759229163126,0.012110367639347473,0.0,0.009675434318039642,0.009593729367427745,0.005383632733223839,0.017435491308005844,0.01771465519780251,0.0023923663426013465,0.008962986499586618,0.01629522665044802,0.01672170968395163,0.016343493985428514,0.019358123767107063,0.009838114756411392,0.012770918129860028,0.01498072552811397,0.012418729336833028,0.019407978712095566,0.007330047862765793,0.015000260701919859,0.015372338884570663,0.007716504785441104,0.010470358418271753
461,1.1992986962104222,0.24098047228010452,0.012139280581467533,0.7777555829741343,1.491395473588725,1.1234523536645438,1.2253018362491734,1.1844647797535903,0.8927931351908538,1.2756323670039973,1.315277405325269,0.9393854917430748,1.4257070626252468,1.6208092391435618,1.601305755213453,1.0720206140575148,1.0178686755538497,1.3988122167670665,1.4041541364784718,1.295408924901985,1.0154493264300553,1.4248152171875366,0.9688752824748588,0.9913054534527608,1.5246665293172978,1.1469489008260756,1.040459102572925,1.174226343508757,0.9376071507435637,1.4713267103428795,0.8379395663103719,1.4854837700419599,0.8983124828691129,0.0145629274622511,0.011260518721608678,0.01460917980516155,0.0106745332519325,0.01561287031352842,0.016268050551843417,0.009691331369176773,0.013328094703718797,0.0015681568801046524,0.011419997829075363,0.013098769771204184,0.012947607646416172,0.018735013286680324,0.00927066110307092,0.007755206674315,0.010868025270675208,0.010801121416073915,0.017207334668533077,0.01985485931359651,0.010465709004852417,0.011074777566795658,0.008571966609075648,0.01935245130223014,0.010044590428934316,0.013177447961464634,0.011180445916638124,0.013249575403602823,0.007905676019849229,0.005671608002820679,0.01394990918879572
462,1.1992142448943635,0.24083997757570397,0.012440270624524153,0.7777555829741343,1.491395473588725,1.1234523536645438,1.2253018362491734,1.1844647797535903,0.8927931351908538,1.2756323670039973,1.315277405325269,0.9393854917430748,1.4257070626252468,1.6208092391435618,1.5987722157316928,1.0720206140575148,1.0178686755538497,1.3988122167670665,1.4041541364784718,1.295408924901985,1.0154493264300553,1.4248152171875366,0.9688752824748588,0.9913054534527608,1.5246665293172978,1.1469489008260756,1.040459102572925,1.174226343508757,0.9376071507435637,1.4713267103428795,0.8379395663103719,1.4854837700419599,0.8983124828691129,0.011760224158863722,0.010542888629183884,0.014875367155671112,0.01004398624240276,0.020553474168343213,0.019819529384604972,0.010133021300873124,0.01252549267497773,6.212222674206703e-05,0.01744223291906656,0.01233613106982536,0.005933035122500021,0.0175245463471152,0.012945834893188962,0.013787955592804258,0.011042854663232456,0.011671111433015942,0.016435448871821967,0.020329483547832112,0.013409910960123837,0.011031102913979114,0.007974442519904425,0.0132939908690625,0.014994329718148737,0.012223246323786168,0.0143316186924285,0.008604861096562088,0.007503336262409642,0.008413778512051695,0.011662760465202383
463,1.1954692250099272,0.24095873252506644,0.011717767686659985,0.7777555829741343,1.4894099331469026,1.1234523536645438,1.2253018362491734,1.1844647797535903,0.8927931351908538,1.2475501763898333,1.315277405325269,0.9393854917430748,1.4257070626252468,1.6208092391435618,1.5987722157316928,1.0720206140575148,1.0178686755538497,1.3988122167670665,1.3972788757063452,1.295408924901985,1.0147780241237574,1.4248152171875366,0.9688752824748588,0.9913054534527608,1.5246665293172978,1.1469489008260756,1.040459102572925,1.099490041110084,0.9376071507435637,1.4713267103428795,0.8379395663103719,1.4854837700419599,0.8983124828691129,0.00811063760383885,0.009008736390549969,0.013984459224530978,0.010942052933568347,0.02108514376073107,0.010298905956290853,0.010061946124811995,0.01556624642939126,0.00804944123660777,0.01388779608591391,0.012802427908250603,0.004762766392797673,0.013593615016101847,0.012792170039536128,0.004472939673887218,0.009019569244787435,0.008323063288829884,0.01642992510728421,0.015704252102250373,0.011194816653340716,0.01638787153211648,0.011475337628292868,0.00959326340243003,0.01311590891030289,0.01660463258848533,0.014361377001190499,0.014282208146557767,0.010294292947894912,0.007099465017101435,0.00822776225212612
464,1.1942215733143375,0.24183805270566436,0.01037344869812379,0.7777555829741343,1.4894099331469026,1.1234523536645438,1.2253018362491734,1.1844647797535903,0.8927931351908538,1.2448773476554682,1.315277405325269,0.9393854917430748,1.4257070626252468,1.6208092391435618,1.5987722157316928,1.0720206140575148,0.9998574125815094,1.3988122167670665,1.3972788757063452,1.295408924901985,0.9980325649627706,1.4248152171875366,0.9688752824748588,0.9913054534527608,1.5246665293172978,1.1469489008260756,1.040459102572925,1.099490041110084,0.9376071507435637,1.4713267103428795,0.8379395663103719,1.4854837700419599,0.8983124828691129,0.008740315870726883,0.01215123042360115,0.010498140163340927,0.010067965144539993,0.021392155174233853,0.006948811621309463,0.011134688526258665,0.01232450705336164,0.007496275218847658,0.007201660053561383,0.007774493176088268,0.0030144325938349847,0.009972975435539705,0.01584090486877927,0.0,0.007756778300379214,0.010353472229410654,0.011883639990350981,0.014975061627271297,0.010029715976724734,0.01445849924105578,0.010586623279006547,0.010259964321540364,0.015021896352551023,0.018851190313259717,0.013265243475143651,0.0053527674729895005,0.004785692893207737,0.010379338154823132,0.008685021991975567
465,1.1923642119486597,0.24211329266581033,0.010164757688922312,0.7777555829741343,1.4894099331469026,1.1234523536645438,1.179129955748302,1.1844647797535903,0.8927931351908538,1.2448773476554682,1.315277405325269,0.9393854917430748,1.4257070626252468,1.6208092391435618,1.5987722157316928,1.0720206140575148,0.9998574125815094,1.3988122167670665,1.3972788757063452,1.295408924901985,0.9917341010600187,1.4248152171875366,0.9688752824748588,0.9913054534527608,1.5246665293172978,1.1469489008260756,1.040459102572925,1.099490041110084,0.9376071507435637,1.4713267103428795,0.8346890697436575,1.4854837700419599,0.8983124828691129,0.0072356763926022145,0.006843935354585312,0.006091381396970544,0.00882539369528374,0.01877644503745681,0.009282635121244684,0.007963634230633341,0.01663582418384126,0.008382633355884727,0.008077760610102852,0.011767014912898468,0.003619429313513115,0.010146856644432774,0.011626680564298128,0.0,0.020827884728790266,0.006556070689767399,0.01730408521296603,0.013372877153810627,0.006169485192776836,0.012040972495117212,0.010347963106189741,0.00836838752903498,0.009031121274201494,0.012274636173561735,0.012356817757453661,0.004975136880689671,0.013772751811968936,0.011499362884636781,0.010769876962955956
466,1.1923642119486597,0.24211329266581033,0.010429880275103253,0.7777555829741343,1.4894099331469026,1.1234523536645438,1.179129955748302,1.1844647797535903,0.8927931351908538,1.2448773476554682,1.315277405325269,0.9393854917430748,1.4257070626252468,1.6208092391435618,1.5987722157316928,1.0720206140575148,0.9998574125815094,1.3988122167670665,1.3972788757063452,1.295408924901985,0.9917341010600187,1.4248152171875366,0.9688752824748588,0.9913054534527608,1.5246665293172978,1.1469489008260756,1.040459102572925,1.099490041110084,0.9376071507435637,1.4713267103428795,0.8346890697436575,1.4854837700419599,0.8983124828691129,0.0016881111879272757,0.007992097150999149,0.012443271201921648,0.0037997694473050386,0.01745840941723176,0.011896558550706251,0.006598049166103779,0.015688273328316613,0.004923136755813628,0.016018728632766415,0.0117413956732237,0.004836677404286367,0.012948453686448735,0.011516206612729219,0.007054548806308583,0.01737628780316834,0.012193665740635006,0.013195882564489822,0.01211505911733833,0.00727055117035895,0.011638898058798126,0.008587557531453554,0.013619847390222341,0.01229051273139318,0.013798583200654043,0.01687540979849654,0.005176448292141278,0.008644953582780664,0.006257191526505221,0.007251872722574065
467,1.1873938418755856,0.24252423463619022,0.013047405636879682,0.7777555829741343,1.4884636502503317,1.1234523536645438,1.179129955748302,1.1844647797535903,0.8927931351908538,1.2448773476554682,1.315277405325269,0.9393854917430748,1.4180109136050167,1.6208092391435618,1.5505570712255268,1.0720206140575148,0.9998574125815094,1.3988122167670665,1.3972788757063452,1.295408924901985,0.9917341010600187,1.42291968936738,0.8785172845257603,0.9913054534527608,1.5246665293172978,1.1469489008260756,1.040459102572925,1.099490041110084,0.9376071507435637,1.4713267103428795,0.8346890697436575,1.4854837700419599,0.8983124828691129,0.007720604275297493,0.0074568598818695745,0.018271495627467903,0.01641250368482727,0.02858232158832136,0.009904117342922967,0.00860886736626699,0.013608076312548054,0.015073170010011783,0.014332866779959477,0.01678717277834665,0.012875339205618692,0.01250384918390876,0.01128369159472181,0.010061698914313298,0.012466455864473421,0.015400660284943461,0.010982949122853495,0.009732345849881578,0.010633834216383585,0.01589137703842468,0.01616428581826416,0.008516905695186879,0.01219141797437863,0.018874435762762803,0.012382202878183722,0.00920866098205189,0.01188487017123099,0.013080476936957214,0.010528655964011892
468,1.1873938418755856,0.24252423463619022,0.01179976274980502,0.7777555829741343,1.4884636502503317,1.1234523536645438,1.179129955748302,1.1844647797535903,0.8927931351908538,1.2448773476554682,1.315277405325269,0.9393854917430748,1.4180109136050167,1.6208092391435618,1.5505570712255268,1.0720206140575148,0.9998574125815094,1.3988122167670665,1.3972788757063452,1.295408924901985,0.9917341010600187,1.42291968936738,0.8785172845257603,0.9913054534527608,1.5246665293172978,1.1469489008260756,1.040459102572925,1.099490041110084,0.9376071507435637,1.4713267103428795,0.8346890697436575,1.4854837700419599,0.8983124828691129,0.012302588361737213,0.005285978635809184,0.015053329856499586,0.013348992207529688,0.018592984238419354,0.008019452052632072,0.009611849272307045,0.00807869324278458,0.015048510658744489,0.013385541676546367,0.010269936425124039,0.010817456227163253,0.014288174534365974,0.008873070594337428,0.01753593197308045,0.009932973108628805,0.008168205115283806,0.010462070354300943,0.01167276891831174,0.009320451230925255,0.01240515431376234,0.015247261864325156,0.00435397804839006,0.020061173782696333,0.013271018643292167,0.003445447318128322,0.017337217767363362,0.01453637568041214,0.009108161783647373,0.01415813460760209
469,1.1823576940053153,0.2462876723358095,0.013200414486659628,0.7777555829741343,1.4884636502503317,1.1234523536645438,1.179129955748302,1.1844647797535903,0.8927931351908538,1.2448773476554682,1.315277405325269,0.9393854917430748,1.4180109136050167,1.6195643518701925,1.5505570712255268,0.9221810652227771,0.9998574125815094,1.3988122167670665,1.3972788757063452,1.295408924901985,0.9917341010600187,1.42291968936738,0.8785172845257603,0.9913054534527608,1.5246665293172978,1.1469489008260756,1.040459102572925,1.099490041110084,0.9376071507435637,1.4713267103428795,0.8346890697436575,1.4854837700419599,0.8983124828691129,0.015978874832830264,0.00642340036035111,0.01998876436842932,0.015561231208108052,0.018183711363150064,0.007632378837596721,0.013445215597663955,0.01399770880101993,0.014899262372772771,0.014867241118719045,0.014193832186848469,0.011773493740129655,0.013195760315754323,0.013944243893226035,0.013191352716118926,0.01489619900050491,0.013420799057251926,0.010338819233619208,0.006893436476640767,0.011395783439668171,0.006233902293749554,0.012063305341162596,0.017263770072220477,0.019386145972273998,0.013432748401977342,0.012227459341887445,0.016233743634127062,0.0065944613691587385,0.011899191735310056,0.016456197517517916
470,1.181923857717449,0.245917189507185,0.012467653552726396,0.7777555829741343,1.4884636502503317,1.1234523536645438,1.179129955748302,1.1844647797535903,0.8927931351908538,1.2448773476554682,1.315277405325269,0.9393854917430748,1.4180109136050167,1.6195643518701925,1.5505570712255268,0.9221810652227771,0.9998574125815094,1.3857971281310708,1.3972788757063452,1.295408924901985,0.9917341010600187,1.42291968936738,0.8785172845257603,0.9913054534527608,1.5246665293172978,1.1469489008260756,1.040459102572925,1.099490041110084,0.9376071507435637,1.4713267103428795,0.8346890697436575,1.4854837700419599,0.8983124828691129,0.012360014576562732,0.0011353182516308023,0.018467921910948246,0.0091068553967424,0.01559104639101065,0.005627633490396353,0.01603873502025183,0.008560017070985118,0.014081151550668166,0.012310912088030961,0.014340638702183075,0.008205592417794148,0.011439569685102903,0.010735081774985278,0.015382789329087461,0.002972887988883403,0.013016597373521782,0.019928903991792753,0.017036752027996628,0.011467233804097332,0.005593463378109492,0.01832082283892366,0.009983942115238025,0.02213915081345737,0.01832944859578299,0.017497733587421512,0.016327589379650266,0.0029997294569892165,0.013626406671007266,0.011405666902540102
471,1.1817086475249812,0.2461679901198129,0.011284497292338456,0.7777555829741343,1.4884636502503317,1.1234523536645438,1.179129955748302,1.1844647797535903,0.8927931351908538,1.2448773476554682,1.315277405325269,0.9393854917430748,1.4180109136050167,1.6195643518701925,1.5505570712255268,0.9221810652227771,0.9998574125815094,1.3857971281310708,1.3972788757063452,1.295408924901985,0.9917341010600187,1.42291968936738,0.8785172845257603,0.9913054534527608,1.5246665293172978,1.1469489008260756,1.040459102572925,1.099490041110084,0.9376071507435637,1.4713267103428795,0.8346890697436575,1.4854837700419599,0.8918561770950828,0.009345407672939421,0.0052410600136214534,0.012110437233348065,0.006720805721477018,0.01722969121771754,0.0036309745305521074,0.019298909246796146,0.010439332000386402,0.007259950394766795,0.012879701577867273,0.014403993445881032,0.011051994018324036,0.013507695389918065,0.016444129928694765,0.011446036095461232,0.002342669749111612,0.007456051814105172,0.01415231458568443,0.014974817269683928,0.007049101930970512,0.007084703942996117,0.01548586943724115,0.013483876547894269,0.012931105510010562,0.018675482496376183,0.013411670285189662,0.008879703611921428,0.009347799930602774,0.013774524830045695,0.008475108340568796
472,1.179918916942824,0.2476741805758841,0.010855077246411014,0.7777555829741343,1.4884636502503317,1.1234523536645438,1.179129955748302,1.1844647797535903,0.8927931351908538,1.2448773476554682,1.315277405325269,0.9393854917430748,1.4180109136050167,1.6195643518701925,1.5505570712255268,0.9221810652227771,0.9461654951167913,1.3857971281310708,1.3972788757063452,1.295408924901985,0.9917341010600187,1.42291968936738,0.8785172845257603,0.9913054534527608,1.5246665293172978,1.1469489008260756,1.040459102572925,1.099490041110084,0.9376071507435637,1.4713267103428795,0.8346890697436575,1.4854837700419599,0.8918561770950828,0.005700746268005313,0.008012590198869384,0.01761839613798708,0.009898178915231821,0.017401177721870054,0.00629411998068869,0.010754545406510501,0.009889722285988304,0.009443819802087663,0.011661710797193216,0.01621359312413405,0.004232321582320237,0.014602635184968541,0.013405591433796526,0.009861344129690067,0.001217156458008176,0.01071072993237204,0.010690773765545787,0.013051563854710258,0.002702912685468405,0.005847031044003365,0.011778531681072181,0.013556737499209716,0.018556371620094304,0.01080645230680404,0.012676209891700372,0.015999904245619992,0.012300957716210389,0.010790435450118246,0.009976056272051734
473,1.1762458709512014,0.24411685318270226,0.01157586299013336,0.7777555829741343,1.4884636502503317,1.1234523536645438,1.179129955748302,1.1844647797535903,0.8927931351908538,1.2448773476554682,1.315277405325269,0.9393854917430748,1.4180109136050167,1.6195643518701925,1.5505570712255268,0.9221810652227771,0.9461654951167913,1.3857971281310708,1.3972788757063452,1.295408924901985,0.9917341010600187,1.42291968936738,0.8785172845257603,0.9913054534527608,1.5246665293172978,1.1469489008260756,1.040459102572925,1.099490041110084,0.9376071507435637,1.3611353305942022,0.8346890697436575,1.4854837700419599,0.8918561770950828,0.012360499215953186,0.0072923914400096455,0.00900392389613107,0.014394651616384977,0.0216560230481036,0.00859342681967712,0.007146910428867025,0.01392483694860553,0.009645158922831342,0.012666838390792447,0.015641120256502723,0.00886774703591219,0.011246850410109619,0.01724365546340257,0.01621843767030804,0.006687599563888789,0.010960478298363479,0.008197215133560105,0.011471880425017717,0.0031936147284063452,0.008781645504683628,0.017403404279540145,0.00954939934921697,0.012429208411062704,0.008237277529445763,0.00934803995834876,0.0209086667252935,0.012964408180819072,0.012151981242784996,0.00908859880997782
474,1.1756945476312808,0.24411634566398963,0.011160239945022339,0.7777555829741343,1.4884636502503317,1.1234523536645438,1.179129955748302,1.167925080155975,0.8927931351908538,1.2448773476554682,1.315277405325269,0.9393854917430748,1.4180109136050167,1.6195643518701925,1.5505570712255268,0.9221810652227771,0.9461654951167913,1.3857971281310708,1.3972788757063452,1.295408924901985,0.9917341010600187,1.42291968936738,0.8785172845257603,0.9913054534527608,1.5246665293172978,1.1469489008260756,1.040459102572925,1.099490041110084,0.9376071507435637,1.3611353305942022,0.8346890697436575,1.4854837700419599,0.8918561770950828,0.011598149305670923,0.0035882765791219306,0.012372900793396008,0.0049022810119051,0.013001162865321906,0.00759055133997664,0.009726151770880652,0.012676609288856656,0.003669283230092357,0.02265377115907414,0.016797780793840873,0.0077523528519590915,0.006566367879057701,0.016774569666710714,0.013986486339718053,0.01369342389994396,0.007830533617224774,0.009815823354027997,0.013168492053873673,0.012530802458821608,0.008263927000910515,0.015566848280360198,0.012099272255915703,0.012149001148289918,0.008920194552807839,0.008441942001423315,0.01564566578817445,0.012040531514431846,0.011883149279006088,0.00910089626987554
475,1.1697229074002269,0.23996834044494303,0.01305616404545267,0.7777555829741343,1.4884636502503317,1.1234523536645438,1.179129955748302,1.167925080155975,0.8927931351908538,1.2448773476554682,1.315277405325269,0.9393854917430748,1.4099351229098684,1.6195643518701925,1.5505570712255268,0.9221810652227771,0.9461654951167913,1.3857971281310708,1.3972788757063452,1.295408924901985,0.9917341010600187,1.251846273130909,0.8785172845257603,0.9913054534527608,1.5246665293172978,1.1469489008260756,1.040459102572925,1.099490041110084,0.9376071507435637,1.3611353305942022,0.8346890697436575,1.4854837700419599,0.8918561770950828,0.010413938141969252,0.011589283023944087,0.016887419965278403,0.012466134707697774,0.017146159808745003,0.01362015291335601,0.01341083484090927,0.009338588755104288,0.00672434349079467,0.014962410869539899,0.016692185723179046,0.01406223527707464,0.007615384565757607,0.012407112737495158,0.017682561264735785,0.013269245130365443,0.011601185413543366,0.009854023077380923,0.005788599455206936,0.013551424168564738,0.02008520162142354,0.017335055143487942,0.012844719409054461,0.010622155036762884,0.014110390549233031,0.01861178039616289,0.018177813666618775,0.012374941543792253,0.005132246167657212,0.013307394498744728
476,1.1677823255107558,0.23855965906426055,0.012127445106814226,0.7777555829741343,1.4884636502503317,1.1234523536645438,1.179129955748302,1.167925080155975,0.8927931351908538,1.2448773476554682,1.315277405325269,0.9393854917430748,1.4099351229098684,1.6097799643435597,1.5505570712255268,0.9221810652227771,0.9461654951167913,1.3857971281310708,1.3972788757063452,1.295408924901985,0.9917341010600187,1.2126986236116513,0.8785172845257603,0.9913054534527608,1.5153811096790588,1.1469489008260756,1.040459102572925,1.099490041110084,0.9376071507435637,1.3611353305942022,0.8346890697436575,1.4854837700419599,0.8918561770950828,0.01351329447249407,0.012769918201553168,0.015358654969364888,0.005579761830496505,0.016598351882121398,0.007687565909663911,0.010543907426777133,0.0021449441142961214,0.005325490083850829,0.01603876240533983,0.020048199896265814,0.009844194907308727,0.01153511398305277,0.010012355652281715,0.010513552298924537,0.011818330805532483,0.0067924320753716206,0.01840041036007978,0.006809885040042171,0.007177107239102891,0.015435438898472997,0.013809619092804534,0.012395714667518218,0.018797745040786726,0.011270495084358276,0.0166593736742116,0.011643262935753584,0.02088016248207057,0.0072581606678700115,0.017161147106659853
477,1.164760482828839,0.2407456814248642,0.012549654208423145,0.7777555829741343,1.4884636502503317,1.1234523536645438,1.179129955748302,1.167925080155975,0.8927931351908538,1.2448773476554682,1.315277405325269,0.9393854917430748,1.4099351229098684,1.6097799643435597,1.5505570712255268,0.9197559693650139,0.9461654951167913,1.3857971281310708,1.3972788757063452,1.2674172616717603,0.9917341010600187,1.2126986236116513,0.8785172845257603,0.9913054534527608,1.5153811096790588,1.1469489008260756,1.040459102572925,1.099490041110084,0.9376071507435637,1.3611353305942022,0.8346890697436575,1.4854837700419599,0.8316176557255663,0.01286120643598102,0.006882577846745118,0.013824160763067741,0.010347166502464238,0.0076324663247728875,0.007493512366418245,0.01507172852404106,0.012284762232772271,0.008521659438661506,0.023585095753511923,0.02101408510467837,0.002653208333122859,0.015140205291408918,0.009733946327518287,0.01005216937685767,0.01442528560907997,0.01028074887720644,0.013788333984912362,0.01033760996628096,0.01063931725929715,0.01352495851639531,0.020157733858534813,0.0071516976957170615,0.014908661523606849,0.013270351823992914,0.00968946174810173,0.019449248862343192,0.013510845675052457,0.01373498253401447,0.014522437696136656
478,1.1621901448000993,0.23900053701453766,0.012696910597814078,0.7777555829741343,1.4884636502503317,1.1234523536645438,1.179129955748302,1.167925080155975,0.8927931351908538,1.2448773476554682,1.315277405325269,0.9393854917430748,1.4099351229098684,1.6097799643435597,1.5505570712255268,0.9197559693650139,0.9461654951167913,1.3857971281310708,1.333551417219827,1.2674172616717603,0.9917341010600187,1.2126986236116513,0.8785172845257603,0.9913054534527608,1.5153811096790588,1.1335662184504085,1.040459102572925,1.099490041110084,0.9376071507435637,1.3611353305942022,0.8346890697436575,1.4854837700419599,0.8316176557255663,0.01354314928032114,0.01342166058288253,0.01977284302391523,0.008099520842053684,0.01617543306245957,0.01130761880466075,0.017317349184524152,0.015423509032638274,0.0023837469187571727,0.018165791023342804,0.01376642237184145,0.003954022072480661,0.01366508470810938,0.002774754763684916,0.012829071569616563,0.01583887517553689,0.009870508518146161,0.016920902325121293,0.008307561204226927,0.005506427787045959,0.0072321494407997676,0.01847683527830388,0.009861569436207128,0.015652474783776404,0.007150496438365283,0.011379229239666215,0.022949559340139897,0.02133727788473772,0.015385145936331297,0.012438327904729289
479,1.1605426346019183,0.2410137750012619,0.013549303867699041,0.7777555829741343,1.4884636502503317,1.1234523536645438,1.179129955748302,1.167925080155975,0.8433678292454272,1.2448773476554682,1.315277405325269,0.9393854917430748,1.4099351229098684,1.6097799643435597,1.5505570712255268,0.9197559693650139,0.9461654951167913,1.3857971281310708,1.333551417219827,1.2674172616717603,0.9917341010600187,1.2126986236116513,0.8785172845257603,0.9913054534527608,1.5153811096790588,1.1335662184504085,1.040459102572925,1.099490041110084,0.9376071507435637,1.3611353305942022,0.8346890697436575,1.4854837700419599,0.8316176557255663,0.011887291232231095,0.018299598169448695,0.01824978265405231,0.008803423338093929,0.01671909406797395,0.0154170968406822,0.021468670675079096,0.01826245405673568,0.008399161148465784,0.025101340758924118,0.015242420422065514,0.006457689619191379,0.010686014407468388,0.006205766901822262,0.010038963288477656,0.014856262932552025,0.008035515549956958,0.02368948076420021,0.007795922497122285,0.009132755544259394,0.010088393275190137,0.016664911504685943,0.009334866507603564,0.018540704643156363,0.007858307823630197,0.011030085194039857,0.020775059459247108,0.010434960978873696,0.012231965316814222,0.014771156458927188
480,1.1590705638770828,0.24130873357519156,0.013035183751248994,0.7777555829741343,1.4884636502503317,1.1234523536645438,1.179129955748302,1.167925080155975,0.8433678292454272,1.2448773476554682,1.315277405325269,0.9393854917430748,1.4099351229098684,1.6097799643435597,1.5505570712255268,0.9197559693650139,0.9461654951167913,1.3857971281310708,1.333551417219827,1.2674172616717603,0.9917341010600187,1.2126986236116513,0.8785172845257603,0.9913054534527608,1.5153811096790588,1.0894040967053376,1.040459102572925,1.099490041110084,0.9376071507435637,1.3611353305942022,0.8346890697436575,1.4854837700419599,0.8316176557255663,0.01013966594981164,0.017790522773229577,0.01646344771483016,0.00997491010202281,0.007000625642194294,0.014080581060053948,0.0194471481725296,0.016105884775666667,0.007731105411606911,0.01454974322363547,0.015245528993073163,0.003638060037214564,0.004199534310837164,0.009744812375445186,0.014113626497908425,0.01623211600136814,0.006355810357711534,0.02049559843598581,0.015333161219355398,0.005779917857255128,0.014008906198519687,0.01067254791732816,0.014662593877542582,0.015576295829613514,0.014155715841263558,0.015107829011126785,0.0206767212915924,0.009545316162978684,0.02236894802871595,0.009858837467052885
481,1.1510905174010349,0.23947554743028143,0.011634774825230685,0.7777555829741343,1.4884636502503317,1.1234523536645438,1.179129955748302,1.167925080155975,0.8433678292454272,1.2448773476554682,1.315277405325269,0.9340805655290763,1.4099351229098684,1.6097799643435597,1.5505570712255268,0.9197559693650139,0.9461654951167913,1.3857971281310708,1.0994549491523924,1.2674172616717603,0.9917341010600187,1.2126986236116513,0.8785172845257603,0.9913054534527608,1.5153811096790588,1.0894040967053376,1.040459102572925,1.099490041110084,0.9376071507435637,1.3611353305942022,0.8346890697436575,1.4854837700419599,0.8316176557255663,0.009979933034519899,0.012265111270317932,0.017905606941465483,0.010510505874971503,0.012863225658860642,0.004746933084952899,0.015409181375850348,0.012667399023055973,0.005708862675769021,0.01738116920959947,0.0067498037022587325,0.003088099394816582,0.004354581989418723,0.009862439825469322,0.014684100915889514,0.01580827607272724,0.0,0.01881138013142692,0.021911938080035817,0.006410562187433442,0.003854208564067905,0.011196636094617556,0.01166961612715867,0.014005575987627273,0.015159951383107788,0.008690850838713588,0.02084750642410548,0.010167422367461454,0.020613764035642062,0.011718602485579365
482,1.151049913086563,0.2394189424670866,0.011431901583056379,0.7777555829741343,1.4884636502503317,1.1234523536645438,1.179129955748302,1.167925080155975,0.8433678292454272,1.2448773476554682,1.315277405325269,0.9340805655290763,1.4099351229098684,1.6097799643435597,1.5505570712255268,0.9197559693650139,0.9461654951167913,1.3857971281310708,1.0994549491523924,1.2674172616717603,0.9917341010600187,1.2126986236116513,0.8785172845257603,0.9913054534527608,1.5153811096790588,1.0894040967053376,1.040459102572925,1.099490041110084,0.9376071507435637,1.3611353305942022,0.8346890697436575,1.484265640607799,0.8316176557255663,0.006597332159758471,0.01937178144237988,0.014317637193317434,0.00992355701211515,0.012822255106198204,0.004320120745037384,0.016418627471360858,0.00895623324361432,0.0036020160075572547,0.01120704391242437,0.005988311456159721,0.0036494121813303647,0.00532886053135201,0.021669124731174643,0.017897081762827925,0.015906541132909294,0.006335034083061378,0.014556287178415889,0.012112423241228685,0.008557151246665421,0.008358585316302103,0.018818008190046878,0.010504805349962421,0.014526863453770565,0.00586122502538893,0.013888350248909923,0.021386972021424915,0.009152600853181985,0.017129357604512018,0.003793447589302955
483,1.1469760753388563,0.24572408097074264,0.011757243436600279,0.7777555829741343,1.4884636502503317,1.1234523536645438,1.179129955748302,1.167925080155975,0.8433678292454272,1.2448773476554682,1.315277405325269,0.9340805655290763,1.4099351229098684,1.6097799643435597,1.5505570712255268,0.9197559693650139,0.9461654951167913,1.3857971281310708,1.0994549491523924,1.2674172616717603,0.9917341010600187,1.2126986236116513,0.8785172845257603,0.9913054534527608,1.5153811096790588,1.0894040967053376,1.040459102572925,1.099490041110084,0.9376071507435637,1.3611353305942022,0.7124739373124531,1.484265640607799,0.8316176557255663,0.0078120009961245235,0.010479243067072713,0.014947694873412817,0.007431808048656352,0.016668344920324017,0.0110074599696358,0.012872055777402606,0.016331113172510053,0.011748098246228928,0.009196362624152068,0.011023162875692211,0.004549601894510571,0.003954087954815735,0.01406768076417918,0.01886272077547124,0.008612424188016738,0.007420345770456722,0.017053624723138972,0.014651370852111547,0.01493396587199369,0.007439654941760557,0.014269850339636502,0.007827686356159326,0.01141686218319475,0.01778853542232245,0.011750972688347268,0.01658067067836913,0.005262370059067383,0.014154705940155448,0.01260282712308909
484,1.1459743512110423,0.24706523092132385,0.011556799858689296,0.7777555829741343,1.4884636502503317,1.1234523536645438,1.179129955748302,1.167925080155975,0.8433678292454272,1.2448773476554682,1.315277405325269,0.9340805655290763,1.4099351229098684,1.6097799643435597,1.5505570712255268,0.9197559693650139,0.9461654951167913,1.3857971281310708,1.0994549491523924,1.2674172616717603,0.9917341010600187,1.2126986236116513,0.8785172845257603,0.9913054534527608,1.5153811096790588,1.0894040967053376,1.040459102572925,1.099490041110084,0.9376071507435637,1.3611353305942022,0.7124739373124531,1.484265640607799,0.8015659318911443,0.0019896681225464534,0.011894035262501884,0.013389091131377715,0.004996707295582654,0.009973308693967474,0.004245449673202456,0.007742293796089993,0.009263489354483222,0.009548527652109182,0.007366513953272698,0.012375140182978923,0.007805070449043836,0.009146200470448496,0.018673490988640046,0.015344832805643138,0.015460292214761414,0.006414551490531866,0.015740369967497815,0.008339202917774801,0.005034470029472539,0.014851363193163993,0.016995898847941813,0.017209200511902247,0.016867774179465608,0.011071395993045342,0.020384085195083182,0.020373516959283182,0.0022437299925744973,0.01932066077548086,0.012643663660811601
485,1.142428867248662,0.24483672643968346,0.010502344870098955,0.7777555829741343,1.4884636502503317,1.1234523536645438,1.179129955748302,1.167925080155975,0.8433678292454272,1.2448773476554682,1.315277405325269,0.9340805655290763,1.3168494111191973,1.6097799643435597,1.5505570712255268,0.9197559693650139,0.9461654951167913,1.3857971281310708,1.0994549491523924,1.2674172616717603,0.9883475046357835,1.2126986236116513,0.8785172845257603,0.9913054534527608,1.5153811096790588,1.0894040967053376,1.040459102572925,1.099490041110084,0.9376071507435637,1.3611353305942022,0.7124739373124531,1.484265640607799,0.7916737212346487,0.0038045768562778,0.0114437945005693,0.014449573939047729,0.005345454506294594,0.01165368031371434,0.007927733269565293,0.0017599358251662307,0.010942255492512263,0.001367849168096975,0.010963765845742759,0.0148428511739002,0.007937219367849559,0.007815232376381726,0.010729087619825347,0.01430446140182641,0.015072726349456451,0.005097960019647482,0.02108105114378251,0.00875945231505949,0.007390974457830918,0.010948588169180288,0.01101702514334258,0.01072767443855381,0.014981917418639155,0.014836718389831626,0.012495056258335377,0.016466444982677988,0.004964071877264258,0.017274201626074234,0.008669011856522031
486,1.1376043739223582,0.24479116223399086,0.011124721785124506,0.7777555829741343,1.4884636502503317,1.090956035455982,1.179129955748302,1.1029863683173464,0.8349828453539243,1.2448773476554682,1.315277405325269,0.9340805655290763,1.3168494111191973,1.5938337263905216,1.5505570712255268,0.9197559693650139,0.9278263192794829,1.3857971281310708,1.0994549491523924,1.2627878896116873,0.9883475046357835,1.2126986236116513,0.8785172845257603,0.9913054534527608,1.5153811096790588,1.0894040967053376,1.040459102572925,1.099490041110084,0.9376071507435637,1.3611353305942022,0.7124739373124531,1.484265640607799,0.7916737212346487,1.4464655792020384e-05,0.011175691524990858,0.02691096971343363,0.010503808433048139,0.013724018984907538,0.012046132467203043,0.008868440341555777,0.01077066134641774,0.0036814655319252878,0.016171628653130838,0.01051062205867648,0.007752204876290985,0.013832960002185007,0.008225207227857415,0.01114305560484619,0.00834100091765939,0.006173472373035503,0.02162085534612575,0.009526715514759575,0.013845102794179888,0.009742833283005277,0.013082637987236367,0.013334117505287875,0.015327066456058242,0.004958934914390515,0.017420263475374596,0.013993998399812253,0.004531904304445488,0.010975052189046262,0.005536366671057205
487,1.1326522408837738,0.24994249483324216,0.011654149430748887,0.7777555829741343,1.4884636502503317,1.081672311270442,1.179129955748302,1.1029863683173464,0.8349828453539243,1.2448773476554682,1.315277405325269,0.9340805655290763,1.3168494111191973,1.5938337263905216,1.5505570712255268,0.9197559693650139,0.9278263192794829,1.3857971281310708,1.0994549491523924,1.2627878896116873,0.9883475046357835,1.2126986236116513,0.7633066127655863,0.9889036287653785,1.5153811096790588,1.067736326180896,1.040459102572925,1.099490041110084,0.9376071507435637,1.3611353305942022,0.7124739373124531,1.484265640607799,0.7916737212346487,0.011464080089878518,0.011741409444336133,0.018250776406307616,0.006547071139141574,0.018943129866845602,0.0061952041471103345,0.011261152589762818,0.019186749680990232,0.018511882282759802,0.013459855112745427,0.009995208738023587,0.011577464539501264,0.015522670099362269,0.011751281031791553,0.008120737728217904,0.008652684688897825,0.00993623593143207,0.015470902723291075,0.006969493341239453,0.008074897304568417,0.01140048732065933,0.01335150953416704,0.006418384648475287,0.01356399920330494,0.006931987035681873,0.01065649090310316,0.022282747973263396,0.004443292989185775,0.009471808960290743,0.009470887468131671
488,1.1164919271278557,0.2584073037554559,0.012203338390724811,0.7777555829741343,1.4884636502503317,1.081672311270442,1.179129955748302,1.1029863683173464,0.7454715442046198,0.8894352499599916,1.315277405325269,0.9340805655290763,1.3168494111191973,1.5938337263905216,1.5505570712255268,0.9197559693650139,0.9278263192794829,1.3857971281310708,1.0994549491523924,1.2627878896116873,0.9883475046357835,1.2126986236116513,0.7633066127655863,0.9889036287653785,1.5153811096790588,1.067736326180896,1.040459102572925,1.099490041110084,0.9376071507435637,1.3611353305942022,0.7090080642129171,1.484265640607799,0.7552835805014237,0.006801692342841454,0.011705120826866366,0.01951567853922305,0.006664431834301688,0.014347828029034634,0.00691742968840972,0.012026507364915036,0.015798265154199354,0.017301265577251226,0.010593814675072276,0.011025046198737466,0.008206026499992133,0.011529179797988641,0.012657480169424728,0.012887106000330632,0.0045525276389031056,0.008250683504295317,0.018575570656566686,0.010138811126967046,0.012988797004024083,0.008373361141657133,0.015593972323901107,0.01159854332399905,0.01771900624179084,0.015377648252334487,0.017164047461262797,0.016449293086126637,0.007777243614248696,0.005456917782068985,0.018106855865009906
489,1.111499054968728,0.25498222419392563,0.013118204150325097,0.7777555829741343,1.4884636502503317,1.081672311270442,1.179129955748302,1.1029863683173464,0.7454715442046198,0.8894352499599916,1.315277405325269,0.9340805655290763,1.3168494111191973,1.5938337263905216,1.5505570712255268,0.9197559693650139,0.9278263192794829,1.3857971281310708,1.0994549491523924,1.2463241766207998,0.9883475046357835,1.2126986236116513,0.7633066127655863,0.9889036287653785,1.5153811096790588,1.067736326180896,1.040459102572925,1.099490041110084,0.9376071507435637,1.2278128788112608,0.7090080642129171,1.484265640607799,0.7552835805014237,0.00863689688478357,0.01629909368540827,0.018357670647146076,0.011573567000179008,0.013776204648172691,0.004068929050301543,0.010935749787142075,0.015093678201701165,0.015603943828951354,0.010793006061023921,0.013734865183446056,0.015593880846270562,0.012887078098767218,0.016293603504530386,0.01804286576258866,0.011803929752737505,0.015402781475654943,0.018786028617664274,0.01206806548140846,0.017684683000614092,0.0015629187261533835,0.010001863277521943,0.006103728233811331,0.014757983687962776,0.016601787581890133,0.015515204883644997,0.011447941520752658,0.01023218733949269,0.013736220225102078,0.01614976751492908
490,1.110924974745634,0.2543213981623299,0.011598308228169606,0.7777555829741343,1.4884636502503317,1.081672311270442,1.179129955748302,1.1029863683173464,0.7454715442046198,0.8894352499599916,1.315277405325269,0.9340805655290763,1.3168494111191973,1.5938337263905216,1.538096877806034,0.9197559693650139,0.9278263192794829,1.3857971281310708,1.0994549491523924,1.2463241766207998,0.9883475046357835,1.2126986236116513,0.7633066127655863,0.9889036287653785,1.5153811096790588,1.067736326180896,1.0356968892995977,1.099490041110084,0.9376071507435637,1.2278128788112608,0.7090080642129171,1.484265640607799,0.7552835805014237,0.012894591748326644,0.01273729308210701,0.015948690315560354,0.0013961997324057381,0.020141111709566655,0.004656908116074115,0.01225541789578941,0.014233298848639995,0.013303313921606776,0.009376408020981646,0.018706047575287734,0.014953732894036712,0.012268325780095686,0.0086716385983288,0.004040004437538165,0.010297450959099856,0.012939983892663464,0.01522090875954094,0.01173235623526713,0.013886050878735288,0.007216133042246816,0.009821766592603696,0.00909658528806338,0.016860355031482827,0.010358479292501086,0.018926112585300848,0.007650709280904619,0.00207119740559929,0.014143943916841258,0.012144231007892236
491,1.10778775924949,0.2536261487654759,0.011844801864268588,0.7777555829741343,1.4884636502503317,1.081672311270442,1.179129955748302,1.1029863683173464,0.7454715442046198,0.8894352499599916,1.315277405325269,0.9340805655290763,1.3168494111191973,1.5938337263905216,1.538096877806034,0.9197559693650139,0.9278263192794829,1.3857971281310708,1.0994549491523924,1.2463241766207998,0.9883475046357835,1.1185821587273321,0.7633066127655863,0.9889036287653785,1.5153811096790588,1.067736326180896,1.0356968892995977,1.099490041110084,0.9376071507435637,1.2278128788112608,0.7090080642129171,1.484265640607799,0.7552835805014237,0.013507072528971738,0.011609787856153873,0.011485991310824804,0.009153981935009978,0.01751690975090303,0.0,0.010232502125844901,0.018131668565985117,0.00406111273437493,0.014663508050533406,0.012664472386508198,0.00616647264993455,0.01098414421497918,0.011202370884291414,0.011310493929876816,0.011235058078066604,0.013811099693501343,0.016482300545005532,0.011084317172254778,0.011743139910101693,0.008023152719161318,0.019259464906525563,0.011263829069063726,0.018325080384187783,0.012691122221312221,0.016258018038833612,0.014346478661654874,0.006447365800931887,0.007483914760005128,0.014199225043259605
492,1.1074117577330123,0.2530755040814038,0.012314159095803908,0.7777555829741343,1.4884636502503317,1.081672311270442,1.179129955748302,1.1029863683173464,0.7454715442046198,0.8894352499599916,1.315277405325269,0.9340805655290763,1.3168494111191973,1.5938337263905216,1.538096877806034,0.9197559693650139,0.9278263192794829,1.3857971281310708,1.0994549491523924,1.2463241766207998,0.9883475046357835,1.1185821587273321,0.7633066127655863,0.9889036287653785,1.5153811096790588,1.067736326180896,1.0356968892995977,1.099490041110084,0.9376071507435637,1.2278128788112608,0.7090080642129171,1.4729855951134678,0.7552835805014237,0.01573422035486263,0.013950948379494708,0.012169972315572977,0.01255786793293211,0.01971215605694057,0.009517533171856628,0.004576569425166898,0.015222554621956465,0.0024222828340415654,0.01952979724402664,0.01710757857347232,0.015315760111492565,0.010416066156941252,0.016962488349952457,0.010327931113507034,0.005111301301740627,0.016425790772673414,0.016812539464621783,0.006398679504484124,0.009637559952100814,0.010352074971908667,0.01653229714746839,0.011112807377800217,0.014299017890285537,0.011773139830778831,0.01575400938186206,0.011702538827579613,0.004613333877703618,0.013104072564669614,0.01027188336622316
493,1.1060914736060312,0.2535690840402089,0.012216988860245043,0.7777555829741343,1.4884636502503317,1.0485740355640876,1.179129955748302,1.1029863683173464,0.7389612961015399,0.8894352499599916,1.315277405325269,0.9340805655290763,1.3168494111191973,1.5938337263905216,1.538096877806034,0.9197559693650139,0.9278263192794829,1.3857971281310708,1.0994549491523924,1.2463241766207998,0.9883475046357835,1.1185821587273321,0.7633066127655863,0.9889036287653785,1.5153811096790588,1.067736326180896,1.0356968892995977,1.099490041110084,0.9376071507435637,1.2278128788112608,0.7090080642129171,1.4729855951134678,0.7552835805014237,0.010702402697139797,0.014873806332976244,0.009386120803671495,0.019356702862378356,0.022110366732673973,0.003983948835441851,0.011299331275327937,0.010475832078920415,0.006964868125538975,0.018534096794429907,0.01403085456862981,0.010219825633759136,0.009302361061056849,0.01096996322809819,0.01123913085963363,0.01129026559771294,0.008061993248216007,0.021880497764070618,0.0095659883895176,0.010943972285066465,0.00751157149876244,0.009505401034622525,0.003169685374016005,0.01655887758092112,0.020893041287519225,0.024108724330080523,0.010598542414171777,0.00836573961967593,0.01470049445656159,0.005905259036759902
494,1.1039532524684064,0.253831576597593,0.011528821568246663,0.7777555829741343,1.4884636502503317,1.0485740355640876,1.179129955748302,1.1029863683173464,0.7389612961015399,0.8894352499599916,1.315277405325269,0.9340805655290763,1.3168494111191973,1.5938337263905216,1.538096877806034,0.9197559693650139,0.9278263192794829,1.3857971281310708,1.092160655198882,1.2463241766207998,0.9883475046357835,1.1185821587273321,0.7633066127655863,0.9889036287653785,1.5153811096790588,1.067736326180896,1.0356968892995977,1.042637700934844,0.9376071507435637,1.2278128788112608,0.7090080642129171,1.4729855951134678,0.7552835805014237,0.007873727400764351,0.013078826584984783,0.01178417335769366,0.017601949015605828,0.009281661588055493,0.01115818966850535,0.0040838057917994145,0.00854578101100908,0.009006030955386303,0.018260956868827994,0.019452268515818275,0.005863465949762575,0.012992310910960224,0.015145112843914113,0.013775801297011862,0.009402693113728643,0.0035725183319577965,0.016453136778225803,0.009784647224373808,0.014213976313241687,0.005783482633304336,0.009927045382427415,0.011573229484756191,0.014347513026324393,0.01108731003819993,0.01996291390208225,0.010404373191048793,0.012471050278382752,0.009736647845470821,0.00924004774377587
495,1.1005090577633565,0.2559778922937886,0.011825374882858926,0.7777555829741343,1.4884636502503317,1.0485740355640876,1.179129955748302,1.0725680031768232,0.7389612961015399,0.8894352499599916,1.315277405325269,0.9340805655290763,1.3168494111191973,1.5938337263905216,1.538096877806034,0.9197559693650139,0.9278263192794829,1.3857971281310708,1.092160655198882,1.2463241766207998,0.9883475046357835,1.1185821587273321,0.739990167214764,0.9889036287653785,1.5153811096790588,1.067736326180896,1.0356968892995977,1.042637700934844,0.9376071507435637,1.204071587308079,0.6831583252559494,1.4729855951134678,0.7552835805014237,0.014192655641980528,0.013961804406033678,0.014320183473229308,0.013705169996201838,0.0077252537473814584,0.0072952704571009165,0.012567060731771487,0.014990680276706782,0.013686701246008997,0.013257280409566434,0.019037039281955572,0.015778962053582285,0.019103554533612264,0.0086359248190374,0.009424170506000036,0.009693007114851602,0.005796829370216409,0.01987848224985276,0.007812461522332682,0.00971411980036206,0.006187109734228073,0.007774543438308595,0.01309065476894715,0.01280649235380311,0.008070596187830936,0.015581645970175678,0.010566061056326936,0.007788742865560812,0.008345908679960599,0.013972879792841352
496,1.0962970382241417,0.2553993910048159,0.012393760361270916,0.7777555829741343,1.4884636502503317,1.0485740355640876,1.179129955748302,1.0725680031768232,0.7389612961015399,0.8894352499599916,1.315277405325269,0.9340805655290763,1.3168494111191973,1.5938337263905216,1.491131947353797,0.9197559693650139,0.9278263192794829,1.3857971281310708,1.092160655198882,1.2463241766207998,0.9883475046357835,1.1185821587273321,0.739990167214764,0.9889036287653785,1.5153811096790588,1.0194608063660167,1.0356968892995977,1.042637700934844,0.9376071507435637,1.204071587308079,0.6621598518424858,1.4729855951134678,0.7451619180055684,0.015295743024018175,0.017597004665174307,0.016514412656968333,0.006985969245144816,0.008077104806057462,0.010531797204732518,0.011783327475837614,0.019991552763032487,0.005891320639438269,0.012329891937677206,0.023174519976092618,0.00919515171755974,0.01563848782870227,0.01145476231588875,0.008676570899691146,0.0069101202181750055,0.009888435655122955,0.011616031736364874,0.011492768427161433,0.013443593551929676,0.008351451285366487,0.01020855892859663,0.008107350099684801,0.012408458351676846,0.005121639888501688,0.019935881665787518,0.018364344733528284,0.01206545326002252,0.012912377559731323,0.017848728320461714
497,1.0950062893851624,0.25677819484471637,0.012374350430160547,0.7777555829741343,1.4884636502503317,1.0485740355640876,1.179129955748302,1.0725680031768232,0.7389612961015399,0.8894352499599916,1.311556699848421,0.9340805655290763,1.3168494111191973,1.5938337263905216,1.491131947353797,0.9197559693650139,0.9278263192794829,1.3857971281310708,1.092160655198882,1.2463241766207998,0.9883475046357835,1.1149327210479432,0.739990167214764,0.9889036287653785,1.5153811096790588,1.0194608063660167,1.0356968892995977,1.042637700934844,0.9376071507435637,1.204071587308079,0.6621598518424858,1.4729855951134678,0.7138095959924269,0.01672162743481976,0.01574442311696019,0.009713467557865578,0.005182544192873482,0.01468686266932776,0.008582912225247838,0.009383707707144879,0.01903168017929491,0.012457431969708763,0.016261283566075955,0.015952537932504843,0.012594718295061562,0.006519352242994162,0.01758448966696145,0.011158901672328372,0.008131929946436182,0.005682124172686393,0.009944835165418761,0.016754508690698097,0.011063945736629197,0.012738481329041505,0.014916173185949469,0.012476419230205957,0.013402793179455273,0.006253279004548207,0.015325005036183453,0.018131158185378457,0.007526804204544783,0.015016321058609288,0.012290794349861902
498,1.0909588114142634,0.2546287618057742,0.011183539977178171,0.7777555829741343,1.4884636502503317,1.0485740355640876,1.179129955748302,1.0725680031768232,0.7389612961015399,0.8894352499599916,1.311556699848421,0.9340805655290763,1.3168494111191973,1.5458479940463907,1.491131947353797,0.9197559693650139,0.9278263192794829,1.3857971281310708,1.092160655198882,1.2463241766207998,0.9883475046357835,1.1149327210479432,0.739990167214764,0.9889036287653785,1.5153811096790588,1.0194608063660167,1.0356968892995977,0.9691990941520001,0.9376071507435637,1.204071587308079,0.6621598518424858,1.4729855951134678,0.7138095959924269,0.008490462619339747,0.01267197085484782,0.01497257982411348,0.0017992994566809362,0.017674448004313843,0.009564780130506857,0.005489579333105083,0.022085469707789945,0.007534465572890945,0.01407078073040639,0.011373530501695595,0.011949698621834363,0.010489900933983855,0.016618582909249533,0.008486626620243914,0.008991786379636452,0.005847058390502148,0.012244644436112097,0.01112567654648176,0.013218333577695826,0.012662575327779117,0.014958342936475653,0.006409387710687695,0.010434952542776852,0.013336594694975295,0.01441162835971602,0.00670200310549205,0.007556252815429488,0.008981347873710318,0.015353438796872025
499,1.0904244572277502,0.2549003971467676,0.010235616379808608,0.7777555829741343,1.4884636502503317,1.0485740355640876,1.179129955748302,1.0725680031768232,0.7389612961015399,0.8894352499599916,1.311556699848421,0.9340805655290763,1.3168494111191973,1.5458479940463907,1.491131947353797,0.9197559693650139,0.9278263192794829,1.3857971281310708,1.092160655198882,1.2463241766207998,0.9883475046357835,1.1149327210479432,0.739990167214764,0.9889036287653785,1.5153811096790588,1.0194608063660167,1.0356968892995977,0.9531684685566053,0.9376071507435637,1.204071587308079,0.6621598518424858,1.4729855951134678,0.7138095959924269,0.008818531722514926,0.01055773480860879,0.0132663729689561,0.002966594433527998,0.018351207766227326,0.004597476913469564,0.006773362451860069,0.012798649980323084,0.011103426943121594,0.014801386983289894,0.01441252488997586,0.008799860854227416,0.00950873617853252,0.013308291287536047,0.004435118030835784,0.005704760312273861,0.015270546741046965,0.012082421188178706,0.007648505509483309,0.015251041784999876,0.008281429499957244,0.011548739995053348,0.007251418027991394,0.0011196262738882535,0.013383859181343234,0.019948433029249573,0.013592308333400652,0.005293728405332979,0.012350262467717041,0.0038421344313348577
