Generation,Best_Mean,Best_Std,Div_Mean,Best_Seed_0,Best_Seed_1,Best_Seed_2,Best_Seed_3,Best_Seed_4,Best_Seed_5,Best_Seed_6,Best_Seed_7,Best_Seed_8,Best_Seed_9,Best_Seed_10,Best_Seed_11,Best_Seed_12,Best_Seed_13,Best_Seed_14,Best_Seed_15,Best_Seed_16,Best_Seed_17,Best_Seed_18,Best_Seed_19,Best_Seed_20,Best_Seed_21,Best_Seed_22,Best_Seed_23,Best_Seed_24,Best_Seed_25,Best_Seed_26,Best_Seed_27,Best_Seed_28,Best_Seed_29,Div_Seed_0,Div_Seed_1,Div_Seed_2,Div_Seed_3,Div_Seed_4,Div_Seed_5,Div_Seed_6,Div_Seed_7,Div_Seed_8,Div_Seed_9,Div_Seed_10,Div_Seed_11,Div_Seed_12,Div_Seed_13,Div_Seed_14,Div_Seed_15,Div_Seed_16,Div_Seed_17,Div_Seed_18,Div_Seed_19,Div_Seed_20,Div_Seed_21,Div_Seed_22,Div_Seed_23,Div_Seed_24,Div_Seed_25,Div_Seed_26,Div_Seed_27,Div_Seed_28,Div_Seed_29
0,401.62628489934485,23.036592644483505,0.0,425.0754800972362,414.81532213239075,407.94236138607664,404.78010527962675,387.86849795308575,397.05884216851626,345.3132477055883,443.51066746886755,390.6303986296724,372.5015145836075,385.93053294334334,425.92945859142844,424.370323005127,432.61960596648134,380.32280256970296,414.47928251583335,422.5126496138884,381.4132233743233,355.3364265194182,385.0545309499307,424.6244324498907,406.60536761571154,378.0720232202131,436.70565470620807,400.5099970471041,400.2947200068183,407.5768121575232,414.47845352499496,397.8269659543927,384.6288468433469,0.0,0.0,0.0,0.0,0.0,0.0,0.0,0.0,0.0,0.0,0.0,0.0,0.0,0.0,0.0,0.0,0.0,0.0,0.0,0.0,0.0,0.0,0.0,0.0,0.0,0.0,0.0,0.0,0.0,0.0
1,378.580284964837,21.097069153650086,0.0,383.77079996762575,397.6160423449112,378.8294164396754,404.78010527962675,351.58836542826856,371.5685022893514,329.76349712506556,397.72198605972704,383.8827509641608,366.4753908658136,349.2981865368798,401.5203037269632,400.0881053844099,395.42912315325543,366.7426738093009,414.47928251583335,392.5109916973676,365.88522218701564,336.012307797542,361.96049995603397,404.56193423398224,377.868859266728,360.4789778969649,410.25886718711587,385.1885515076718,386.92029184445965,376.57648212820317,359.92760279485475,377.0289891303217,368.67443942598,0.0,0.0,0.0,0.0,0.0,0.0,0.0,0.0,0.0,0.0,0.0,0.0,0.0,0.0,0.0,0.0,0.0,0.0,0.0,0.0,0.0,0.0,0.0,0.0,0.0,0.0,0.0,0.0,0.0,0.0
2,357.27535923562226,17.21303418546969,0.0,357.42602736143,356.49104121357294,343.3740349270956,373.33939162275396,346.58610452887496,368.13400851386905,329.76349712506556,382.77286161153353,357.924129917354,358.31405813108756,349.2981865368798,370.5018715461494,353.74504042209367,372.40969465800566,347.77158379924583,346.3513417426331,356.86879632790016,341.233624940425,316.5737377520702,352.8478324000431,380.5567962348925,335.8991310266395,360.4789778969649,402.96354016878973,363.31188722489634,358.08587401364247,368.5337557206965,334.530797704458,377.0289891303217,355.14416286928235,0.0,0.0,0.0,0.0,0.0,0.0,0.0,0.0,0.0,0.0,0.0,0.0,0.0,0.0,0.0,0.0,0.0,0.0,0.0,0.0,0.0,0.0,0.0,0.0,0.0,0.0,0.0,0.0,0.0,0.0
3,329.7486693530545,15.543881433560479,0.0,309.68545026948965,342.8780230074867,323.6983238531772,354.86646513507037,316.30844882035206,349.15100275754605,314.3351146597406,346.17257556883123,338.6281417665593,342.01100456420596,331.9939610985828,314.0190933288506,329.8307811137899,343.3102132855426,308.7315672119715,339.3711233093392,335.723751358806,308.2898593354336,312.7789003825329,305.55284198291577,332.2589805217058,327.40292292899846,347.71882160214034,355.00720374837806,332.60320678136344,323.0995201606926,297.663099743414,333.6324695839685,347.10217137584203,328.63504133490574,0.0,0.0,0.0,0.0,0.0,0.0,0.0,0.0,0.0,0.0,0.0,0.0,0.0,0.0,0.0,0.0,0.0,0.0,0.0,0.0,0.0,0.0,0.0,0.0,0.0,0.0,0.0,0.0,0.0,0.0
4,304.2556578558561,18.6390402755039,0.0,295.55660927785146,321.0935430694935,310.7733345773183,312.76456011853554,302.1336534882602,298.1268716505327,284.0161135122104,319.57058082298204,273.2948918530049,301.6382893435312,298.52791257546664,307.72895981756346,317.718686629351,252.13999461524725,281.692027883913,334.9022110575655,306.1277216497273,303.2049197993181,280.1046591310037,285.69030487190093,332.2589805217058,315.1075838983719,316.1990225846294,315.14208456310706,302.82554815178906,316.05598282594565,297.663099743414,315.968978341612,339.9738092671028,289.66880003322814,0.0,0.0,0.0,0.0,0.0,0.0,0.0,0.0,0.0,0.0,0.0,0.0,0.0,0.0,0.0,0.0,0.0,0.0,0.0,0.0,0.0,0.0,0.0,0.0,0.0,0.0,0.0,0.0,0.0,0.0
5,282.7118752354034,16.997191770655338,0.0,274.9688939576558,312.4917250879311,270.087406883227,288.608252157348,281.5033104944659,298.1268716505327,273.9566199700295,307.2342968423154,259.49464187055287,286.32895921304316,285.25299016247914,278.8954678620427,251.70957256042084,252.13999461524725,275.26166181636773,298.8379132645438,292.7585275124928,247.02027229523463,264.83651173432156,275.9217682726088,291.1160573778087,290.79016944980856,297.84126542830995,267.37376385948926,296.7191015511285,291.360503718367,297.663099743414,291.47036529115394,310.57012729045425,271.0161451293067,0.0,0.0,0.0,0.0,0.0,0.0,0.0,0.0,0.0,0.0,0.0,0.0,0.0,0.0,0.0,0.0,0.0,0.0,0.0,0.0,0.0,0.0,0.0,0.0,0.0,0.0,0.0,0.0,0.0,0.0
6,261.82853429755164,18.07341445106061,0.0,251.94628667509485,287.36930646314505,270.087406883227,258.35456854937405,279.29779386351674,265.88842280771706,250.48394973450542,285.9667293846329,249.61678500503018,277.8891077331657,271.1280601256828,278.8954678620427,240.7375411098285,252.13999461524725,240.25234536898304,267.98461978214164,276.56447206032936,242.52079877495152,233.5031002974406,211.30571065560457,286.846616286397,251.86852318084738,280.9201066813512,261.01518186938927,273.280691817757,262.6014739260591,277.0007010853067,252.1214074196873,275.9196776131143,241.3491812949794,0.0,0.0,0.0,0.0,0.0,0.0,0.0,0.0,0.0,0.0,0.0,0.0,0.0,0.0,0.0,0.0,0.0,0.0,0.0,0.0,0.0,0.0,0.0,0.0,0.0,0.0,0.0,0.0,0.0,0.0
7,243.758191255073,16.809430854387873,0.0,224.99156884910337,260.4974201987721,240.9538026150804,258.35456854937405,263.13720231639047,230.93000721037953,242.11530151971272,260.57202859733206,249.61678500503018,245.12625967072287,263.2837949203361,248.00790205816764,228.02867237419179,238.9604468009902,211.8934443317126,265.35633440857805,263.05610907005996,242.52079877495152,207.992967817112,211.30571065560457,247.48605756302769,247.82594965899324,254.85391598587793,229.59737369597747,260.17419011287194,244.2511284102673,254.2318386816057,252.1214074196873,253.46484926524317,212.03790111503548,0.0,0.0,0.0,0.0,0.0,0.0,0.0,0.0,0.0,0.0,0.0,0.0,0.0,0.0,0.0,0.0,0.0,0.0,0.0,0.0,0.0,0.0,0.0,0.0,0.0,0.0,0.0,0.0,0.0,0.0
8,225.91964544600557,15.489173851713236,0.0,215.62218061601484,229.11444404917853,237.48768377251537,251.94042634497708,241.34947963095988,216.05478563084867,225.34848958300017,256.2120853156019,222.98195482454844,230.20775792631866,232.34239083779323,218.50054039945036,228.02867237419179,219.6809063954882,195.09261887329507,238.25021468396258,236.24551088916286,226.14753955391714,193.1671789216367,200.59332462176383,226.41016392067803,235.51987364214642,210.6557507843109,216.94131038911354,249.80009782262624,235.20662018887185,235.03960466503725,218.81130334581906,234.53995780501907,200.2964955719168,0.0,0.0,0.0,0.0,0.0,0.0,0.0,0.0,0.0,0.0,0.0,0.0,0.0,0.0,0.0,0.0,0.0,0.0,0.0,0.0,0.0,0.0,0.0,0.0,0.0,0.0,0.0,0.0,0.0,0.0
9,211.99138940182283,14.194421769229201,0.0,205.79729227360755,204.0776942434952,223.18021405292677,230.91340263220224,200.30763755397726,216.05478563084867,208.98611609934434,235.89691740660015,193.35619801778427,211.894012499347,199.5228795699974,205.9296855226526,203.21381214571323,208.97807218786573,190.98882280632625,216.18046148695117,210.9778175368264,219.88530797882035,193.1671789216367,200.59332462176383,226.41016392067803,232.5082318847867,210.6557507843109,216.94131038911354,234.2747188446856,207.27496439230418,235.03960466503725,189.07957392085098,234.53995780501907,193.11577225921098,0.0,0.0,0.0,0.0,0.0,0.0,0.0,0.0,0.0,0.0,0.0,0.0,0.0,0.0,0.0,0.0,0.0,0.0,0.0,0.0,0.0,0.0,0.0,0.0,0.0,0.0,0.0,0.0,0.0,0.0
10,199.85603088493073,14.385451898885933,0.0,195.2291387826178,204.0776942434952,206.1072025120399,222.78987744748028,194.33839670801382,169.7484516253056,187.01853851116059,220.48727922192433,192.1701804874487,189.05363850386755,199.28869039482322,205.9296855226526,186.0418210442343,189.79706986785553,186.62824281740365,216.18046148695117,209.67385722889122,217.4664314646257,183.4082841854283,183.97904818972148,206.23026864828498,209.5565413241261,197.80110908494316,197.5011343568028,211.38348234206222,201.56931934137123,211.4296615128365,186.60053341936305,234.53995780501907,179.65492846717154,0.0,0.0,0.0,0.0,0.0,0.0,0.0,0.0,0.0,0.0,0.0,0.0,0.0,0.0,0.0,0.0,0.0,0.0,0.0,0.0,0.0,0.0,0.0,0.0,0.0,0.0,0.0,0.0,0.0,0.0
11,186.178911549132,15.306133579922298,0.0,180.76739069264312,192.3007093779205,198.81920752349495,209.18159499750138,169.277471857916,169.7484516253056,169.76017883496098,200.41434662681138,175.04944767531512,177.69191351497062,182.52834959680504,193.20246696854474,181.22804999800783,185.35791256553085,149.69589933396395,209.74731420152096,179.83045917380718,182.38646074301334,161.54995250479826,169.51505869139913,190.4891450933888,206.5606158626597,194.36168259240802,186.32869075961958,207.59117623136976,201.56931934137123,203.20156288548776,186.60053341936305,203.30410097705624,167.30788280700523,0.0,0.0,0.0,0.0,0.0,0.0,0.0,0.0,0.0,0.0,0.0,0.0,0.0,0.0,0.0,0.0,0.0,0.0,0.0,0.0,0.0,0.0,0.0,0.0,0.0,0.0,0.0,0.0,0.0,0.0
12,174.97975047750865,15.267730201860633,0.0,148.53553579104636,185.03647066394015,187.74499148210342,196.8210415490688,162.47097111035714,169.7484516253056,169.76017883496098,179.58203391731985,149.1466879858091,157.52548025943054,182.52834959680504,166.23090209792454,180.96093223276716,162.30988573005,149.69589933396395,194.02492043606543,179.83045917380718,165.28020517435345,160.92215124088716,167.58251778009384,166.4048614847713,188.51616185497534,193.03362249764572,186.32869075961958,197.72101742510165,185.2171682317047,198.71653366578835,174.60460045746368,190.61061162888421,152.50118030324603,0.0,0.0,0.0,0.0,0.0,0.0,0.0,0.0,0.0,0.0,0.0,0.0,0.0,0.0,0.0,0.0,0.0,0.0,0.0,0.0,0.0,0.0,0.0,0.0,0.0,0.0,0.0,0.0,0.0,0.0
13,163.60475683806197,15.58225102873255,0.0,148.53553579104636,144.99438015726443,167.85521874768042,193.74886630582589,157.71722140007242,158.95115828827508,165.14644695239087,177.4569754821164,149.1466879858091,149.03826339735656,176.15504032514457,163.55566926849755,174.5155985921363,162.30988573005,144.7264165569382,182.9219968204186,166.75304915635851,165.28020517435345,124.76768919736884,165.6249284094873,156.60835414115888,159.41715257972876,185.69687970232349,169.89991159769409,184.0797393051605,162.86385507603467,174.63229882202185,136.25439038285762,187.35616230887916,152.13272748741048,0.0,0.0,0.0,0.0,0.0,0.0,0.0,0.0,0.0,0.0,0.0,0.0,0.0,0.0,0.0,0.0,0.0,0.0,0.0,0.0,0.0,0.0,0.0,0.0,0.0,0.0,0.0,0.0,0.0,0.0
14,154.2138555336747,11.965218510685409,0.0,148.53553579104636,144.99438015726443,162.05062063874075,164.9078267069955,149.9620433408646,158.95115828827508,141.1921310086146,148.30037754394442,144.63336979222782,147.39703396785234,171.72983857031448,162.04385579104144,161.07482531749065,156.80444362881383,136.41722286351086,159.11368301607382,155.2458542378776,157.50668508448035,124.76768919736884,147.93336171970446,156.60835414115888,159.41715257972876,153.51414064830482,169.89991159769409,182.20972304401056,150.74548700889653,164.04177331545765,136.25439038285762,169.94448402152426,140.21831260810515,0.0,0.0,0.0,0.0,0.0,0.0,0.0,0.0,0.0,0.0,0.0,0.0,0.0,0.0,0.0,0.0,0.0,0.0,0.0,0.0,0.0,0.0,0.0,0.0,0.0,0.0,0.0,0.0,0.0,0.0
15,145.5404663588875,15.254465855581056,0.0,148.53553579104636,142.85398673851884,162.05062063874075,164.9078267069955,136.51207010124386,153.64801409188757,141.1921310086146,143.57359895746072,118.58872213672319,136.87229160665822,163.60984337097315,142.51423652851562,148.85013827875525,152.55878334707788,124.16114873785583,159.11368301607382,147.2894451893598,132.0998312408768,104.44597577844326,134.28886044141666,151.9898821564852,158.2958429701315,153.51414064830482,143.87326260855824,165.49165086118478,147.63522447061442,164.04177331545765,127.87062606471756,169.94448402152426,125.89035994240777,0.0,0.0,0.0,0.0,0.0,0.0,0.0,0.0,0.0,0.0,0.0,0.0,0.0,0.0,0.0,0.0,0.0,0.0,0.0,0.0,0.0,0.0,0.0,0.0,0.0,0.0,0.0,0.0,0.0,0.0
16,139.6959852349598,12.477269146582588,0.0,143.39216768263367,142.85398673851884,146.56157307764818,148.01098847214388,125.87763673998666,153.37172773855858,139.28625159203673,139.85168307935763,118.58872213672319,136.87229160665822,144.6976998230143,142.51423652851562,127.64886879526279,142.29939435034538,124.16114873785583,146.8657328684062,140.48234927384294,132.0998312408768,104.44597577844326,125.2452654029936,151.9898821564852,151.12865446013132,148.29624389364133,143.87326260855824,161.60525945358575,145.5611384009631,159.1914894889005,127.87062606471756,150.34510891558094,125.89035994240777,0.0,0.0,0.0,0.0,0.0,0.0,0.0,0.0,0.0,0.0,0.0,0.0,0.0,0.0,0.0,0.0,0.0,0.0,0.0,0.0,0.0,0.0,0.0,0.0,0.0,0.0,0.0,0.0,0.0,0.0
17,132.25047668733092,11.666069021633076,0.0,139.37490235377655,132.5525702586973,140.570462873571,148.01098847214388,123.5323999508463,146.72803573243755,120.31599421938364,134.62869431004793,118.58872213672319,125.19031411947074,143.80268598487638,124.80346263752256,125.45917001433406,129.91477781185955,108.8575634776206,137.4561450775757,131.90471526399577,124.13546122407138,104.44597577844326,125.2452654029936,142.89494476102843,135.5164711024211,148.29624389364133,138.591879015957,143.28437150973494,136.85217435752224,143.5106775419263,127.87062606471756,150.34510891558094,114.83349635700546,0.0,0.0,0.0,0.0,0.0,0.0,0.0,0.0,0.0,0.0,0.0,0.0,0.0,0.0,0.0,0.0,0.0,0.0,0.0,0.0,0.0,0.0,0.0,0.0,0.0,0.0,0.0,0.0,0.0,0.0
18,125.240935248481,11.975779858835276,0.0001426890035912895,120.26440765601782,126.19252832254818,138.3478737228498,130.92348080928016,107.42553991431276,146.72803573243755,120.31599421938364,134.62869431004793,111.9325664036451,115.58538786330072,143.80268598487638,124.80346263752256,120.17065382388824,118.00051467979395,108.8575634776206,137.4561450775757,130.55516080565764,123.40204505378244,104.44597577844326,111.97837439572518,127.3744343688387,134.4013120225981,144.70542368675498,133.16686473860264,126.81588916254307,120.5463257369467,130.01903681605864,119.37645817330286,142.54865080051025,102.45657127956423,0.0,0.0,0.0,0.0,0.0,0.0,0.0,0.0,0.0,0.0,0.0,0.0,0.0,0.0010705411604026165,0.0,0.0,0.0,0.0,0.0,0.0,0.0,0.0,0.003210128947336068,0.0,0.0,0.0,0.0,0.0,0.0,0.0
19,121.4702674816636,11.42810956183519,0.0006470761594930815,120.26440765601782,126.19252832254818,132.87847619061142,130.92348080928016,107.42553991431276,132.4077687408534,118.51922099722009,117.68857871995593,111.9325664036451,115.58538786330072,143.80268598487638,116.88355894674854,120.17065382388824,118.00051467979395,104.1727674266574,133.31627425638837,108.49697202396752,121.084738570426,101.07506481045732,111.97837439572518,127.3744343688387,123.61216912946745,143.36352469725452,133.16686473860264,126.81588916254307,114.10553989524385,120.45829641877157,117.40652342243757,142.54865080051025,102.45657127956423,0.0,0.0,0.004143093095794792,0.0,0.0,0.0,0.0,0.0,0.0,0.0,0.0,0.0,0.0,0.015269191688997654,0.0,0.0,0.0,0.0,0.0,0.0,0.0,0.0,0.0,0.0,0.0,0.0,0.0,0.0,0.0,0.0
20,115.93682785846093,10.43272440023949,0.0003867965846453658,120.26440765601782,114.15457950849611,117.44613943936051,130.92348080928016,101.62744303906288,127.17705869442273,111.14447412022548,117.68857871995593,111.9325664036451,110.27201412194637,126.50201850687287,116.88355894674854,109.58295635503589,107.97900383147012,100.61741310745722,128.7582223482386,108.49697202396752,117.59394489141974,94.43841902272891,108.98270636672865,118.40048291220893,116.91948726034201,138.33692880740716,129.26252494120544,126.81588916254307,114.10553989524385,120.45829641877157,104.05133755651374,128.593728793966,98.69466209254517,0.0,0.0,0.0,0.0,0.0,0.0,0.0,0.0,0.0,0.0,0.008238454098800726,0.0,0.0,0.0,0.0,0.0,0.0,0.0,0.0,0.0,0.0,0.0,0.0,0.0033654434405602494,0.0,0.0,0.0,0.0,0.0,0.0
21,110.15344797508916,11.309949976216135,0.0004897908331721567,99.18597423412581,114.15457950849611,117.44613943936051,100.44992384140758,93.22914398778624,121.76388711624134,108.65111147870186,114.49767118748545,104.64585176277649,110.27201412194637,126.50201850687287,113.69757254721264,104.1239993058044,107.97900383147012,85.79055953884776,122.24464324786183,106.17214365933691,107.75805307802304,92.97997737139394,101.85827485492726,116.50343107481464,114.12822293603065,132.12201043204286,126.75399430688753,113.66013917515926,96.23507384586449,120.45829641877157,104.05133755651374,128.593728793966,98.69466209254517,0.0,0.0,0.0,0.0,0.0,0.0,0.0,0.0,0.0,0.0,0.014221306381013654,0.0,0.0,0.0,0.0,0.0,0.0,0.0,0.0,0.0,0.0004724186141510463,0.0,0.0,0.0,0.0,0.0,0.0,0.0,0.0,0.0
22,106.07732751954808,11.140157650721944,0.0007837969218376574,99.18597423412581,107.94558690073455,109.54000123594446,100.44992384140758,93.22914398778624,121.76388711624134,106.7621406733455,108.88801915521395,101.95609822851978,91.90035504369826,110.2958015970348,112.63097492552876,104.1239993058044,100.3160720733789,84.56227806523896,110.18600346862243,96.91846055486138,107.75805307802304,92.63719634966878,101.79390968161218,113.39211404779803,111.48093480829391,128.94681204711927,123.73381540269847,113.66013917515926,96.23507384586449,116.17261390587402,101.91129257886377,128.593728793966,85.34942146401391,0.0,0.002813196379007225,0.0,0.0,0.0,0.0,0.0,0.0,0.0,0.0,0.0,0.0,0.0,0.0,0.0,0.0,0.0,0.0,0.0,0.0,0.0,0.0,0.0,0.0,0.0,0.0,0.01194556797198669,0.008755143304135805,0.0,0.0
23,101.09045147142474,13.105100045994769,0.00045082939127226614,99.18597423412581,95.99343093062782,104.7152600143269,96.58605011610982,80.52550622642522,121.76388711624134,102.97729462423376,108.30349977654276,96.34933325881556,91.90035504369826,110.2958015970348,106.14592869834681,100.47519208478721,80.97570551541142,80.12606335173837,101.20064099961147,96.91846055486138,96.4466197693261,86.47307473221883,101.79390968161218,104.51975875693944,105.96966458451831,128.94681204711927,120.86003180750328,113.66013917515926,89.72064006473977,116.17261390587402,95.29927690502373,122.77274596491705,75.63987260485166,0.0,0.0010192630288020908,0.0,0.0,0.0,0.008271802095756932,0.0,0.0,0.0,0.0,0.0,0.0,0.0,0.0,0.0,0.0,0.0,0.0,0.0,0.0,0.0,0.0,0.0,0.0,0.0,0.0,0.0010815834068034823,0.0031522332068054807,0.0,0.0
24,96.97177944771762,10.808073682613479,0.0009730135655829374,97.61603012005622,94.63090066333837,96.05629706304629,96.58605011610982,80.52550622642522,112.82537218199306,91.70427218448236,108.30349977654276,96.34933325881556,86.8666631692671,104.102943961357,101.54009285821908,100.47519208478721,80.97570551541142,80.12606335173837,101.20064099961147,96.91846055486138,96.4466197693261,86.47307473221883,91.50669866588802,97.1656501151032,96.97349706506401,122.52102820450264,116.61099060550737,105.86371956512957,88.53394687055663,103.45979377550606,90.0121094658924,111.14335790591878,75.63987260485166,0.0,0.0,0.0,0.0,0.0,0.014686358389599375,0.0,0.0,0.0,0.0,0.003832125530258588,0.0,0.0,0.0,0.0,0.0,0.0,0.0020915944685267343,0.0,0.0,0.0,0.0,0.0,0.0003997265670453984,0.0,0.0,0.0,0.0,0.008180602012058022,0.0
25,94.2902776700199,11.42521934974459,0.0004310566284581202,97.61603012005622,87.709408334475,94.82090629716816,96.58605011610982,80.52550622642522,112.82537218199306,91.70427218448236,107.67164845317183,91.86309418999042,82.0374666341128,104.102943961357,101.54009285821908,100.47519208478721,80.97570551541142,77.45218216138247,101.20064099961147,89.86675876473583,93.97424569600162,81.26492146644904,77.31698558950356,93.8448904693621,89.62630357969041,118.00885555374887,115.24500357703431,102.3034836520109,88.53394687055663,100.99414585299422,84.55704794185567,108.42535616304872,75.63987260485166,0.0,0.0,0.0,0.0,0.0,0.0,0.0,0.0,0.0,0.0,9.721035700049591e-05,0.0,0.0,0.0,0.0,0.0010442186979636526,0.007490688354660517,0.0,0.0,0.0,0.0,0.0,0.0,0.0,0.003538585898548728,0.0,0.0,0.0,0.0007609955455702102,0.0
26,90.46143127902022,9.779124436056975,0.0016969784320171994,97.61603012005622,82.13395639295223,81.6796899747155,91.11193779141834,80.52550622642522,112.82537218199306,87.20672211193812,102.24456121906275,91.86309418999042,80.35488423678154,104.102943961357,88.82427754130862,93.27824227349942,80.97570551541142,77.01716263572587,91.87586307329406,88.8266405274043,93.97424569600162,81.26492146644904,77.31698558950356,93.8448904693621,89.55934514873081,93.36939538848205,103.74526076195298,96.85772890893105,85.62988637413247,100.99414585299422,84.55704794185567,108.42535616304872,71.84113863582706,0.0009286939330282887,0.00019370587849252727,0.0,0.0014431072914441157,0.006198797884993578,0.0,0.0,0.0025721682159910277,0.0,0.0,0.0,0.003272820999258194,0.00020588307416864417,0.0,0.0,0.007000741108732816,0.0015318067543267162,0.0058082910047819805,0.0,0.0,0.0,0.0,0.0,0.005951796892282699,0.015801539923015397,0.0,0.0,0.0,0.0,0.0
27,86.73080413912677,9.843787250700185,0.0011310519877828012,93.25864863512356,79.61839368496658,81.6796899747155,91.11193779141834,76.23210852599257,112.82537218199306,85.44813826794692,94.37779450924373,91.86309418999042,79.03716822120927,104.102943961357,86.73229076453876,84.11459142996733,80.97570551541142,77.01716263572587,91.87586307329406,76.26953185286814,93.97424569600162,81.26492146644904,77.31698558950356,86.04157672007739,74.20326355243063,93.36939538848205,97.85885984732104,92.68310446909592,82.731274775424,100.99414585299422,78.09009470894733,90.60541481970017,66.2504060716143,0.0,0.0,0.0,0.0,0.004863329937761437,0.0,0.0,0.0,0.0,0.0,0.0,0.0,0.0,0.0,0.0,0.006028806793116105,0.0,0.0,0.0,0.0,0.0,0.0,0.0,0.0,0.014850354582656164,0.0,0.0,0.007486420256187807,0.0007026480637625215,0.0
28,84.45547271502308,9.315818692269717,0.001241430859512341,91.28993539478537,74.29769028674264,81.6796899747155,91.11193779141834,76.23210852599257,106.64437785667081,84.12796908863078,94.37779450924373,88.08589408896992,79.03716822120927,96.40673249741528,86.73229076453876,83.85649375978306,76.49048082925165,77.01716263572587,91.44311692863582,76.26953185286814,93.97424569600162,78.85102115629886,74.30035089811324,86.04157672007739,74.20326355243063,86.74231647523527,97.85885984732104,79.10268489915924,82.731274775424,100.29243990195411,75.07522782848395,85.62655129422558,63.763993399369866,0.0,0.0,0.0,0.0,0.0,0.0,0.0,0.0,0.0,0.0,0.0,0.0,0.0,0.0,0.00812020607619051,0.0,0.0,0.0,0.0,0.0,0.0,0.0,0.0,0.0,0.017337127339539155,0.0,0.0,0.009694923636543626,0.0020906687330969438,0.0
29,80.56847391495793,9.328906273982465,0.0013583246568946148,81.97492912721151,66.98491202267002,76.20764186190007,85.62018282225253,64.38027620868166,106.64437785667081,75.38477603575373,94.37779450924373,88.08589408896992,74.29191115127685,96.40673249741528,85.8656142888945,83.85649375978306,76.49048082925165,71.38229807219759,82.55786170744707,76.26953185286814,90.40206020979383,76.8447947844337,74.30035089811324,72.90217478965704,74.20326355243063,81.35257880657034,85.68793379668347,79.10268489915924,81.84258596308734,89.9720349143692,74.47898639429349,85.4190663482891,63.763993399369866,0.00019642682420042815,0.0,0.0,0.0,0.007699465359568651,0.0,0.0,0.0006216483721083587,0.0,0.0,0.0,0.0,0.0,0.0,0.0,0.0,0.0,0.0,0.0,0.0,0.0,0.0,0.0,0.0,0.02030570441454119,0.0,0.011926494736419813,0.0,0.0,0.0
30,78.81973878775916,9.753541444867565,0.0011717074382854042,78.62455979552215,66.98491202267002,76.20764186190007,85.62018282225253,64.38027620868166,104.05778475770327,74.00021796345015,90.56849394363002,87.19554953495629,73.00466469213677,96.40673249741528,77.66074788736702,83.85649375978306,74.74879336472031,63.03585804468281,82.55786170744707,71.99454035220964,90.40206020979383,67.79778660790703,71.18676938945364,72.90217478965704,74.20326355243063,81.35257880657034,85.68793379668347,75.69453532319437,81.84258596308734,89.9720349143692,74.47898639429349,85.4190663482891,62.74707632051732,0.0,0.0,0.0,0.0,0.0,0.0,0.0,0.0,0.0028202744193419793,0.0,0.0,0.012687316225643163,0.0,0.0,0.0,0.0,0.0,0.0,0.0,0.0,0.0,0.0,0.0,0.0,0.007955300753505583,0.0,0.011688331750071399,0.0,0.0,0.0
31,76.07924674881187,9.472525295141384,0.0005966659036589987,78.62455979552215,61.3377131678302,76.20764186190007,79.55880745588391,64.38027620868166,100.25703592615133,70.5045153148325,84.93146231937212,82.42751462267609,62.22967370809786,92.59085449785763,70.07395504411443,70.59334049812514,74.74879336472031,63.03585804468281,81.82250654024782,71.77694371977995,88.20290112242839,67.79778660790703,71.18676938945364,72.90217478965704,74.20326355243063,79.21715231343714,83.55998762132003,69.76787625498255,80.31164743288966,89.37929953008683,72.5809490904812,85.4190663482891,62.74707632051732,0.0,0.0,0.0,0.0,0.0,0.0,0.0,0.0,0.0015437681877620312,0.0,0.0,5.759693567481141e-07,0.0,0.0,0.0,0.0,0.005109436622565788,0.0,0.0,0.0,0.0,0.0,0.0,0.004494860875812715,0.0,0.0,0.004437049749651903,0.0,0.0023142857046207746,0.0
32,74.88490030798197,9.62975102165957,0.0008836665048407417,78.38228006980506,61.3377131678302,74.7172800981161,79.45241230927437,64.38027620868166,100.25703592615133,68.22403113282778,84.93146231937212,81.29331436147729,62.22967370809786,90.51593468364848,69.06538396784174,70.59334049812514,74.74879336472031,63.03585804468281,81.82250654024782,66.96769528536177,86.3617278700313,66.57955675748033,70.22714881004981,72.90217478965704,66.67251355691658,79.21715231343714,83.55998762132003,69.06618234694301,70.99774207862185,89.37929953008683,71.46238920984712,85.4190663482891,62.74707632051732,0.0,0.0,0.0,0.0029434551583527543,0.0,0.005078662403401015,0.0,0.0,0.0,0.0,0.0021460115606728655,0.0,0.0,0.0,0.0,0.0,0.0,0.0066027335736982915,0.005671001908556971,0.0,0.0,0.0,0.0029612935661840283,0.0,0.0,0.001106836974356325,0.0,0.0,0.0,0.0
33,71.5801945043464,10.595821144786614,0.0017862964523212637,78.38228006980506,61.3377131678302,72.05704164127701,79.45241230927437,63.39696402005944,93.49821107751083,68.22403113282778,84.93146231937212,81.29331436147729,43.99179571162642,88.23519871315222,65.20186580049193,70.00752921566803,68.25069062039267,63.03585804468281,74.11622298014436,66.96769528536177,78.95275644565709,66.57955675748033,70.22714881004981,71.9398289046762,63.67166439524274,78.6472973104683,83.55998762132003,53.94685842704678,65.8799411495147,89.37929953008683,66.03259435110641,74.33221578368662,61.876399173101646,0.0,0.0,0.0,0.0,0.0,0.002897257375481358,0.0,0.005528074704333885,0.0035166752551715878,0.0013359657273389082,0.0,0.0,0.0,0.0,0.0,0.0,0.0,0.00968979453886337,0.0170383884174062,0.0032687225290669473,0.0,0.0,0.0,0.0,0.0,0.0,0.0,0.01031401502197566,0.0,0.0
34,69.97986595240481,10.080513716588586,0.0023679481547195917,78.38228006980506,57.10201414759385,72.05704164127701,75.71763216247697,63.39696402005944,93.49821107751083,57.50156850993031,84.93146231937212,76.49680892557114,43.99179571162642,82.03246076910267,65.20186580049193,69.63309157882571,68.25069062039267,63.03585804468281,74.11622298014436,66.96769528536177,73.6842120096129,64.817045201492,69.47402683771497,71.9398289046762,63.67166439524274,75.86227202279687,83.55998762132003,53.94685842704678,65.8799411495147,82.81336554408969,66.03259435110641,73.5241192702037,61.876399173101646,0.0,0.0,0.0,0.0,0.0,0.015027042466509096,0.0,0.02163195884505703,0.005642209805339436,0.006089946476354702,0.003514833854769164,0.0,0.0,0.00022018785275375294,0.0,0.0,0.0,0.0,0.011724380606186625,0.0,0.0,0.0,0.0,0.0030422293700775828,0.0,0.0,0.0041456553645403404,0.0,0.0,0.0
35,68.50444362134344,9.907799510749049,0.0012549083581663441,78.38228006980506,57.10201414759385,71.33616823614352,75.71763216247697,60.51419717110403,89.17134116968597,57.50156850993031,84.93146231937212,74.64380110417784,43.99179571162642,81.12243726356343,60.573284362274876,67.02626073791495,68.25069062039267,61.9415060798751,74.11622298014436,66.96769528536177,73.6842120096129,64.817045201492,69.47402683771497,64.65428764577368,56.1365010170513,72.30929498039441,83.55998762132003,53.94685842704678,65.8799411495147,77.13674828618161,65.98776438048773,73.5241192702037,60.73216388206609,0.0,0.0,0.0,0.0,0.0,0.006155455710008471,0.0,0.010643910227343742,0.0,0.0,0.0,0.0005447436658622137,0.0,0.0013583996252812393,0.0,0.0,0.0,0.0,0.008925323059634975,0.0,0.0,0.0,0.0,0.0,0.0,0.0030157781803057913,0.007003640276553895,0.0,0.0,0.0
36,65.58578908625071,10.538447346660105,0.001317661156925907,68.83932958595813,48.32007522786827,62.69626717880263,75.71763216247697,60.182311665008655,87.48607479373976,53.451263126558274,83.76797992626325,74.64380110417784,42.15731417265715,76.15312576149103,53.44821726483147,66.41576469966137,68.25069062039267,61.9415060798751,74.11622298014436,62.61195255757133,73.6842120096129,62.037577888458884,65.29402093538766,54.46830336537994,56.1365010170513,72.30929498039441,83.4818533695227,53.94685842704678,65.8799411495147,74.06685902603039,61.83138504689049,66.02769230965922,58.20964415509343,0.0,6.231900623416929e-05,0.008546192947089314,0.0,0.0,0.0,0.0,0.0,0.0,0.0,0.006894503728849935,0.0,0.0,0.0,0.0,0.0,0.0,0.0,0.012493527135125268,0.0,0.0,0.0,0.004781396028755097,0.0,0.0,0.0,0.0,0.006751895861723427,0.0,0.0
37,64.50838299208445,9.90553963170372,0.0022473623436015024,68.83932958595813,48.32007522786827,62.69626717880263,73.32612888430432,59.81197181616665,87.48607479373976,53.451263126558274,77.74629629158625,71.35954066485783,42.15731417265715,76.15312576149103,53.44821726483147,66.41576469966137,62.72835761160658,61.112036623328066,70.82282423404448,61.771914665682885,73.6842120096129,62.037577888458884,65.29402093538766,52.27705890448024,55.6039011151008,70.5255509199429,80.14038173256685,53.94685842704678,65.5025507324844,74.06685902603039,60.28867900352367,66.02769230965922,58.20964415509343,0.00039548338166921004,0.0,0.010109777304392269,0.0,0.0,0.0,0.0,0.0,0.007718847935049199,0.0,0.006183378981028426,0.0,0.0,0.0,0.0,0.0,0.007650379530072932,0.0,0.01823511714350124,0.0014682974127784491,0.0,0.0,0.009240195530650957,0.0,0.0,0.0,0.0019309418639908735,0.0012301553630592616,0.003258295861852247,0.0
38,63.8512565171426,9.79394498180504,0.0021462616343428465,68.83932958595813,48.32007522786827,62.69626717880263,73.32612888430432,59.81197181616665,86.50514025737985,53.451263126558274,74.07094612613773,69.3082185392737,42.15731417265715,75.59243258182744,53.44821726483147,66.41576469966137,62.72835761160658,61.112036623328066,69.89261321286418,61.771914665682885,73.6842120096129,55.24082369092915,64.1056254486395,52.27705890448024,54.34334935110016,70.5255509199429,80.06697324404033,52.88611814881773,65.5025507324844,74.06685902603039,60.28867900352367,64.89225930467413,58.20964415509343,0.0049038771478826845,0.0020075670143919534,0.0021849542529360304,0.0,0.0,0.0,0.0,0.0,0.0,0.0,0.005352740286768876,0.0,0.0031173546087013954,6.883867489082018e-05,0.009502030649473126,0.0,0.003013006741123933,0.0,0.015683891079557144,0.0,0.0,0.0024500188813810562,0.011062138283467268,0.0,0.0,0.0,0.0,0.0022654188175585733,0.0,0.002776012592152537
39,62.0329863122868,9.600708552022803,0.0023199584265397697,68.68565138404512,48.32007522786827,62.69626717880263,72.29728308673882,59.71662332917657,86.50514025737985,53.451263126558274,72.58959933183817,69.3082185392737,42.15731417265715,66.71797189482604,52.681187870373236,60.55446588869643,62.72835761160658,61.112036623328066,69.89261321286418,61.771914665682885,73.6842120096129,55.24082369092915,62.9283423812181,52.27705890448024,54.34334935110016,66.54460441233519,75.74809953900788,46.72933412087539,61.93293339494062,71.87867533731813,60.28867900352367,56.29953005054574,51.907963771000766,0.0,0.0016178348252768291,0.006200288706681206,0.0,0.0,0.0,0.0,0.0,0.0,0.0,0.008292359831133394,0.0,0.006393232276951345,7.240981704664046e-05,0.0098940686952514,0.0,0.0,0.0,0.016877316048344047,0.0,0.0,0.005814081556923571,0.012251719093788142,0.0,0.002185441944796518,0.0,0.0,0.0,0.0,0.0
40,60.806798754521644,9.205797609180124,0.0014018202800000934,68.68565138404512,48.07916417819851,55.74874230947276,72.29728308673882,58.80639022030837,81.54900924058433,52.41252173861389,70.81437850400724,63.68994128242764,42.15731417265715,66.71797189482604,47.68463355413505,60.55446588869643,61.52204224099589,59.846263838991206,66.10811201542887,61.771914665682885,73.36333458255612,55.24082369092915,61.24544588209565,52.27705890448024,54.34334935110016,64.50293479146538,75.74809953900788,46.72933412087539,61.93293339494062,71.87867533731813,60.28867900352367,56.29953005054574,51.907963771000766,0.0,0.00038632807194394474,0.0,0.0,0.0,0.0016162941325830991,0.0,0.0,0.0016319404386640447,0.0,0.0054826478293493585,0.0,0.0,0.0009415009872208866,0.004366699792205193,0.0,0.0,0.0013021629384736828,0.014260067856358489,0.0,0.0,0.0,0.005360565621067723,0.0,0.0,0.0,0.0,0.0,0.0,0.006706400732136384
41,59.887724608390116,8.680361274536752,0.0010151782478807687,68.12720849160016,46.37127062365232,53.23081616672104,72.29728308673882,57.173136144117365,77.80541946882886,52.41252173861389,70.81437850400724,63.05643984086319,42.15731417265715,66.71797189482604,47.68463355413505,60.55446588869643,57.295551019607586,59.846263838991206,66.10811201542887,61.771914665682885,67.18129128332637,55.24082369092915,61.24544588209565,52.27705890448024,54.34334935110016,62.58551414034804,73.55034915860014,46.72933412087539,61.732708759083664,71.08665940220254,59.02700862194729,56.29953005054574,51.907963771000766,0.0,0.0,0.0,0.0,0.0,0.0,0.0004361296945234211,0.0,0.0013295311361700192,0.0,0.0,0.0,0.003861314355424807,0.0,0.0,0.006282569781414746,0.0,0.0,0.007418305218462648,0.0,0.0,0.0001926599301985538,0.0,0.0,0.0,0.0,0.004913625828787921,0.0,0.0,0.006021211491440942
42,58.212073086397616,8.914490865551501,0.0022640762727387676,68.12720849160016,46.37127062365232,53.23081616672104,70.94221736456572,57.173136144117365,77.80541946882886,49.25918478673421,70.81437850400724,56.803848963131855,41.38187530310938,64.51585783854853,45.75608013035463,60.55446588869643,57.295551019607586,59.846263838991206,66.10811201542887,55.941173112160584,62.87384939811977,55.24082369092915,53.708389338728125,50.372341002968255,54.34334935110016,62.140690662186785,70.13308776299132,41.01086238319158,59.7716968464093,69.39672132606435,59.02700862194729,56.29953005054574,50.116982496490124,0.0008163773479167758,0.0,0.0025425782181762134,0.0,0.0,0.0,0.0007076015405929654,0.0059092867011404865,0.0011321260444530784,0.0005157296704347733,0.004400693544126101,0.0,0.0042074363503511545,0.0,0.0030696294764791256,0.00739497914067727,0.0,0.0,0.010595748394854838,0.004060918542014236,0.0,0.0054734972161014075,0.0,0.0008418635397871844,0.0,0.0,0.003912518433916896,0.0,0.0,0.012341304021140528
43,56.147966689465726,9.063150163989128,0.002605090078078625,67.37894053128872,46.08158469177559,52.13502672967866,68.33163159595276,56.02789452878892,72.94361988387263,49.25918478673421,61.502194793396626,56.803848963131855,41.38187530310938,63.55591310705253,45.75608013035463,60.55446588869643,39.13207564743777,59.846263838991206,66.10811201542887,55.906044178212,62.87384939811977,53.6523980401945,53.708389338728125,50.372341002968255,49.20949728897696,62.140690662186785,70.13308776299132,41.01086238319158,59.7716968464093,68.71052311692313,50.25094217708482,53.73434025298681,46.16562579930735,0.007835705733233278,0.0,0.0019084089364661922,0.0011179356084654738,0.0023679893913280564,0.0,0.0,0.0,0.0,0.0,0.0,0.0,0.0026006767629942556,0.0,0.0,0.010257353288829697,0.0,0.0,0.006279119789089825,0.007072477655253035,0.0,0.00813104619811664,0.0070620873324299055,0.0,0.003945133738007594,0.0,0.00023007529046342192,0.0,0.0,0.019344692617681382
44,54.27853576464075,8.755720759042877,0.0024874990904775697,67.37894053128872,46.08158469177559,52.13502672967866,64.46142935531654,56.02789452878892,72.94361988387263,49.25918478673421,61.502194793396626,44.49723667775163,40.6946219426693,51.757326150493355,45.75608013035463,60.55446588869643,39.13207564743777,57.46079766048527,65.7698670510722,48.508641146815364,62.84528180093773,50.164893970709244,53.708389338728125,50.372341002968255,49.20949728897696,58.95030929972049,70.13308776299132,41.01086238319158,59.7716968464093,58.84183892911318,49.52692066655453,53.73434025298681,46.16562579930735,0.014837803922055375,0.0,0.004461585434211818,0.0,0.0011199545775573143,0.0,0.0006083604371399542,0.0,0.0,0.0,0.0,0.0,0.0,0.0,0.0,0.01647704131261193,0.0,0.004524925214205941,0.002113784912786188,0.0,0.0,0.0067810519599721735,0.0059853706042278815,0.0,0.0,0.0017780855672538264,0.0,0.0,0.0,0.01593700877230469
45,52.23169898299898,8.413176628091502,0.002754577105989023,64.03050833570475,44.13135444986301,52.13502672967866,64.46142935531654,56.02789452878892,67.94014652203546,36.149307979657976,61.502194793396626,44.49723667775163,40.69439686838689,51.757326150493355,43.413940682504915,48.77539656092807,39.13207564743777,52.04408154698598,62.545286782990985,48.508641146815364,53.128540296034714,50.164893970709244,53.708389338728125,47.52614906910571,49.20949728897696,58.95030929972049,67.4656605903943,41.01086238319158,59.7716968464093,58.84183892911318,49.52692066655453,53.73434025298681,46.16562579930735,0.002493588320477516,0.0,0.0,0.01046943254876282,0.010692145343487955,0.0,0.0,0.0029271483563932795,0.0,0.0,0.0020372596711271907,0.0,0.0,0.0,0.0,0.01598676064468615,0.0,0.0010811624167275308,0.0,0.0,0.0,0.010170727227953088,0.006657001228064244,0.0,0.0,0.0062343369693760005,0.0,0.0,0.0,0.013887750452614906
46,51.198065066551045,7.605056797409764,0.0033374268565761426,64.03050833570475,42.07242623388191,52.13502672967866,63.36798330499809,56.02789452878892,67.94014652203546,36.149307979657976,54.973040583243545,44.49723667775163,40.69439686838689,50.052681623309525,43.413940682504915,48.77539656092807,39.13207564743777,52.04408154698598,52.835290565116,48.508641146815364,53.128540296034714,50.164893970709244,53.708389338728125,47.52614906910571,49.20949728897696,55.82295815320953,61.79576124289284,41.01086238319158,58.656099068494854,58.84183892911318,49.52692066655453,53.73434025298681,46.16562579930735,0.011282046489101916,0.0028378941997976655,0.0,0.014290388638178825,0.012225512939801553,0.0,0.00446471424562452,0.0,0.0,0.0031670506940550012,0.0,0.0,0.0,0.0,0.0,0.014063620857358466,0.00015563195939259406,0.0,0.0,0.0,0.003500127578134479,0.00785160847707197,0.004887146500213955,0.0,0.0,0.014240341821956909,0.0,0.0,0.0,0.007156721296596429
47,50.13132120709443,7.068678016688623,0.0025255443872506953,64.03050833570475,42.07242623388191,52.13502672967866,63.36798330499809,53.72612930162077,60.40819349442316,36.149307979657976,54.973040583243545,44.49723667775163,40.62439907882691,50.052681623309525,43.413940682504915,48.77539656092807,39.13207564743777,52.04408154698598,48.46636747990408,44.967722046499915,53.128540296034714,50.164893970709244,53.708389338728125,47.52614906910571,46.200771028291626,55.82295815320953,61.79576124289284,41.01086238319158,52.550422301946156,58.84183892911318,49.52692066655453,49.46953320646267,45.35607831923491,0.009284363132070476,0.015826226838724144,0.0,0.01339212700623834,0.0019648532994251855,0.0,0.0,0.0,0.0,0.0,0.0,0.0,0.0004621446631236131,0.004509909964267342,0.003040216881741614,0.0,0.0013118590523681123,0.0,0.0006869913225880706,0.0,0.0,0.006063968638231453,0.0,0.002100851137260818,0.0,0.011033152188705363,0.0,0.0,0.0,0.006089667492776328
48,49.06681359490031,7.127549120447534,0.003026989943946583,64.03050833570475,42.07242623388191,52.13502672967866,62.91086975031871,53.72612930162077,60.40819349442316,36.149307979657976,54.973040583243545,44.49723667775163,40.62439907882691,46.81143181636955,43.16696177716426,48.22511262822567,39.13207564743777,47.563794635007866,48.46636747990408,44.967722046499915,53.128540296034714,50.164893970709244,49.87630426877672,46.530006843647385,45.4172389917064,49.41137970678025,61.79576124289284,41.01086238319158,52.550422301946156,57.88074429033608,43.96978165718349,49.46953320646267,40.93833449162457,0.016649481009875833,0.006275706394136399,0.0,0.008132134959993993,0.0,0.0048601585274644105,0.0,0.0,0.0,0.0,0.0,0.01239848815563809,0.0,0.0,0.008234231916108408,0.001795239176488775,0.0,0.0,0.0,0.0,0.0,0.01552585589816726,0.0003316098804648343,9.499606014771097e-05,0.0040350402733847855,0.008097685969454042,0.0033719086343784012,0.00100716146269456,0.0,0.0
49,48.20855966413286,7.34601761925279,0.004001174373822562,63.27925433120822,42.07242623388191,52.13502672967866,58.902031374378794,53.72612930162077,60.069617339635585,35.79904735279803,54.17729850928521,44.49723667775163,38.47104286286452,46.81143181636955,43.16696177716426,48.22511262822567,39.13207564743777,44.59694575869062,48.46636747990408,44.967722046499915,53.128540296034714,50.164893970709244,49.87630426877672,43.31397822210067,45.4172389917064,49.41137970678025,61.79576124289284,41.01086238319158,52.550422301946156,57.88074429033608,43.96978165718349,44.276693795314685,34.964460929618156,0.030197459009187418,0.010012453434475899,0.0,0.00826991888203575,0.00024074965347126986,0.010099461477425702,0.0,0.0,0.00353764009901903,0.0,0.0,0.0062009998979941205,0.007246060367134707,0.0,0.00577720201873505,0.00046579283264150807,0.0,0.0,0.010910388146600909,0.0,0.0,0.01989710581224023,0.0,0.0,0.0,0.002388249428759145,0.004791750154956123,0.0,0.0,0.0
50,47.48699619507038,7.402765948237941,0.0042672411502377135,60.11979083920656,41.89188863167686,49.88677856566704,58.902031374378794,53.72612930162077,60.069617339635585,35.79904735279803,52.163241948551615,43.296827380218815,38.47104286286452,46.81143181636955,43.16696177716426,48.22511262822567,39.13207564743777,36.54578192883508,48.46636747990408,42.09976143782194,53.128540296034714,48.239829453852735,49.87630426877672,43.31397822210067,45.4172389917064,49.41137970678025,61.79576124289284,41.01086238319158,52.550422301946156,57.88074429033608,43.96978165718349,44.276693795314685,34.964460929618156,0.029331852281080345,0.005438110879742514,0.0,0.00937976018269919,0.0019879807721944415,0.007534685525025062,0.0037413841177224806,0.0,0.0021962191919059487,0.011821626777973328,0.0,0.007483856273169862,0.006563733909044192,0.0,0.002742213448210684,0.0,0.0,0.0,0.0064356924173510814,0.0,0.0004629707751393834,0.023484771213830236,0.0,0.0037176427732333785,0.0,0.0,0.003910816091657041,0.0,0.0,0.0017839178771522344
51,46.65509597901776,7.691997475673033,0.005058118298090011,60.11979083920656,41.89188863167686,48.45267775240248,58.38653574711134,53.72612930162077,60.069617339635585,32.84108435121982,51.41030485516373,43.296827380218815,38.030047069172895,46.81143181636955,41.4817847116048,48.22511262822567,39.13207564743777,36.54578192883508,48.46636747990408,42.09976143782194,53.128540296034714,46.87806541986387,46.81551893850295,42.90539610038212,45.4172389917064,49.41137970678025,58.82982065858204,34.989627058756696,52.550422301946156,57.88074429033608,40.617751965080856,44.276693795314685,34.964460929618156,0.030552036882255395,0.013314956987042239,0.0,0.000467091166909404,0.0023265538703310324,0.000843868661508511,0.0005582857615274491,0.0037250987283877417,0.002744106922048992,0.022557460498878024,0.0,0.01074235233226204,0.004785001046166304,0.0,0.0034440672563936623,0.0,0.0,0.0011127943882814303,0.00947339574269741,0.0,0.0019392661720649266,0.024869923747171913,0.0,0.0,0.0,0.0019995854086042285,0.011111027004445696,0.0,0.005176676365723954,0.0
52,45.89609995300542,7.732356890093761,0.00702835045118849,60.11979083920656,40.80452189219915,48.45267775240248,57.16083517422368,53.13409967343685,60.069617339635585,32.84108435121982,51.41030485516373,43.296827380218815,38.030047069172895,42.852186909234376,39.21977785878602,41.763122554253584,37.86816385500288,36.54578192883508,48.46636747990408,42.09976143782194,52.06333677599741,45.84143160181728,46.81551893850295,42.90539610038212,45.4172389917064,47.2996836365719,58.82982065858204,34.989627058756696,52.550422301946156,56.844748981602834,40.617751965080856,44.276693795314685,34.29635943318368,0.02893619341375976,0.022625333435493597,0.0,0.0015070183973741314,0.0059775528491088315,0.0,0.0,0.013150295337162688,0.013525726894327659,0.027950927005233238,0.009419640594633875,0.0038210469398552594,0.007715151581464902,0.0,0.0,0.00915599933909569,0.0,0.0,0.007645672265484846,0.006902479605515769,0.0019784267198248453,0.017807055610712122,0.0,0.007908165356984178,0.0,0.0005986785648429488,0.006884600156210281,0.0032252244425015693,0.011444522545389094,0.0026708024806794185
53,44.90410206471212,6.929577400407898,0.00546372698155857,60.11979083920656,40.80452189219915,48.45267775240248,47.52862048345864,53.13409967343685,56.799003987804724,32.84108435121982,44.43041335555972,43.296827380218815,38.030047069172895,42.852186909234376,39.21977785878602,41.763122554253584,37.86816385500288,36.54578192883508,48.46636747990408,42.09976143782194,52.06333677599741,45.84143160181728,46.81551893850295,42.90539610038212,45.4172389917064,47.2996836365719,52.930755349866786,34.989627058756696,52.550422301946156,56.844748981602834,40.617751965080856,40.298541997431016,34.29635943318368,0.014857621672128835,0.02250339710401278,0.009901649371587292,0.0005535363782000421,0.005912381767494523,0.0,0.0,0.0009735674899117276,0.0061916886183485086,0.0283342609938653,0.0066272660397942405,0.005025586815567189,0.0011783106328285638,0.0,0.0,0.006687914432900186,0.0004620759322835104,0.0,0.0,0.0,0.0,0.021293576418195705,0.006404028572237009,0.002551833397555007,7.370554759301808e-05,0.0018209022660141073,0.00937601129633145,0.0024313722295920054,0.010751122470316085,0.0
54,44.058296956052224,7.15370720558775,0.004895015539379869,60.11979083920656,40.80452189219915,43.48251261447473,47.52862048345864,52.612715237057074,55.567223150208804,32.84108435121982,44.43041335555972,43.296827380218815,35.56384493128303,40.04267273094297,39.21977785878602,41.763122554253584,37.86816385500288,36.54578192883508,48.46636747990408,42.09976143782194,52.06333677599741,43.00847981716282,46.81551893850295,34.86899146213142,44.825999851471806,47.2996836365719,52.930755349866786,34.989627058756696,51.953026291436885,56.844748981602834,39.3006370070176,40.298541997431016,34.29635943318368,0.019113863954268274,0.015408820777374939,0.00915705959743688,0.0,0.0019815080954964726,0.003129133366502194,0.0,0.0,0.0026156448426037987,0.023779373221846485,0.0021330345095238196,0.008988705174944175,0.0,0.0,0.0,0.0013522910284757556,0.0029915846981665903,0.0,0.0,0.0,0.0010732051908955932,0.017052189355918262,0.0072096810398854004,0.0,0.0003850905012242287,0.00527283175993016,0.002457534948337392,0.0,0.014589132969927804,0.008159781148637866
55,43.37987232819426,6.4129463038372565,0.0060825475392053,53.506713223679185,40.80452189219915,43.48251261447473,47.52862048345864,52.612715237057074,51.287560078313504,32.84108435121982,44.43041335555972,43.296827380218815,35.56384493128303,40.04267273094297,39.21977785878602,41.763122554253584,37.86816385500288,36.54578192883508,48.0652817675938,42.09976143782194,51.556419072175885,43.00847981716282,46.78026155130462,34.86899146213142,39.12800019014156,47.2996836365719,50.86523528548685,34.989627058756696,51.953026291436885,56.09153136232703,39.3006370070176,40.298541997431016,34.29635943318368,0.029607763074338767,0.008150034030509713,0.01184036129428695,0.0004246586881817737,0.0028990022318071624,0.007518264833584628,0.0,0.0,0.007381385239755212,0.028386525747509567,0.0,0.010760888997716574,0.0,0.0,0.0,0.0,0.0008607867902327212,0.0,0.011862467348486852,0.009482957721323028,0.005895669995908829,0.01705226921258227,0.0,0.0,0.005121346043724208,0.011737665938310935,0.0,0.0,0.013494378987899807,0.0
56,42.805496921045396,6.484553466064185,0.00613636372067718,53.506713223679185,39.64572125937758,43.48251261447473,47.52862048345864,51.45611153738031,48.49088936388148,31.352515657559536,44.43041335555972,43.296827380218815,35.56384493128303,35.84489160562083,39.21977785878602,41.763122554253584,37.86816385500288,36.54578192883508,47.86935325231849,42.09976143782194,51.556419072175885,43.00847981716282,46.78026155130462,34.86899146213142,39.12800019014156,43.80927446726503,50.86523528548685,34.989627058756696,51.953026291436885,56.09153136232703,39.3006370070176,37.55204233346001,34.29635943318368,0.03609842839618385,0.009583558000322522,0.012413941571363754,0.0,0.000626740150934265,0.012307447773740808,0.004142701983867493,0.0,0.002634583249403784,0.027603400122540728,0.0,0.012612324707977053,0.0,0.0,0.0015446323315809654,0.00031911154368708414,0.0,0.0002442395747649641,0.010727771916345953,0.0013147614786176362,0.0031872625091034267,0.013848801403918854,0.0,0.0,0.007132364656698605,0.014653432335641666,0.0108638962706119,2.3439384866225614e-06,0.0,0.002229167704523457
57,42.47077480379115,6.332044964925046,0.00633946381532351,53.506713223679185,39.64572125937758,43.48251261447473,47.52862048345864,51.45611153738031,43.4739695282459,31.352515657559536,44.43041335555972,41.18748617064597,35.56384493128303,35.79466110647576,39.21977785878602,41.763122554253584,37.86816385500288,36.54578192883508,47.86935325231849,42.09976143782194,51.556419072175885,43.00847981716282,44.74092329465529,34.86899146213142,39.12800019014156,43.80927446726503,50.86523528548685,34.989627058756696,51.12719257481217,56.09153136232703,39.3006370070176,37.55204233346001,34.29635943318368,0.020796442363442684,0.018709285884325435,0.015431547620202869,0.0,0.0,0.02800029462601812,0.003615596984835795,4.8081236040860126e-05,0.008981291005094675,0.030369823361614267,0.010078201510495413,0.001266582893893182,0.0,0.0,0.0,0.0,0.0,0.006769297709672536,0.008087702071415686,0.01640841975763836,0.0005454233709297738,0.004299556461916144,0.0023025831078031557,0.0,0.0,0.013605093920982582,0.0008686905733838259,0.0,0.0,0.0
58,41.88563357193099,6.356587861337154,0.007195460126412336,53.506713223679185,39.64572125937758,43.48251261447473,47.52862048345864,51.45611153738031,43.4739695282459,30.83945765828969,41.45366581927465,39.63460612648623,31.810070356322456,35.69690392640575,39.21977785878602,41.763122554253584,37.86816385500288,36.54578192883508,43.84917295842297,42.09976143782194,50.58011541350186,43.00847981716282,44.33814054361298,34.86899146213142,39.12800019014156,41.54597020565245,50.86523528548685,34.989627058756696,50.12974391897677,56.09153136232703,39.3006370070176,37.55204233346001,34.29635943318368,0.01086426216092259,0.019924741268627977,0.016340372891906225,0.00678485968186957,0.005861851716566117,0.018594851508043724,0.0,0.0020731960453855996,0.0010341447176108994,0.02587757483458727,0.01446434848300048,0.0,0.0030974066569502963,0.003207292364847465,0.00035487177805766494,0.002745727196957893,0.0,0.004830679575128305,0.004895079384671882,0.02336457318018442,0.0,0.009965685366558674,0.0033676197777235397,0.0016445264657503603,0.0013885719512088085,0.018851502218965296,0.0,0.010495091114624266,0.004108363571148965,0.0017266098810717688
59,41.25291635485439,6.182445665959765,0.00713757923078336,53.506713223679185,39.64572125937758,39.43418792020941,47.52862048345864,51.45611153738031,41.50960879361196,28.81055424731818,41.45366581927465,39.63460612648623,31.810070356322456,35.69690392640575,39.21977785878602,41.763122554253584,36.096988753263076,36.54578192883508,43.84917295842297,42.09976143782194,46.40766894717052,43.00847981716282,43.50046047829386,34.86899146213142,39.12800019014156,41.54597020565245,50.01959813991482,34.989627058756696,50.12974391897677,53.860576218590325,39.3006370070176,36.47000858373235,34.29635943318368,0.007162198840844515,0.02405402249943549,0.01976529760491028,0.0006203902324018309,0.017310573874499063,0.014751136021157343,0.006432734252841248,0.002342241332961495,0.0,0.018063062385799793,0.0014217509052828858,0.0025732347876647296,0.004893270799140645,0.0,0.0,0.001944920401563844,0.0,0.005854334909725769,0.007424829084241777,0.030598579837639448,0.00576756465104022,0.007257291647875697,0.0,0.0,0.003490352736229313,0.012844341420875644,0.0,0.00900708521243391,0.010548163484935877,0.0
60,40.61958538683186,6.0451779151746745,0.007273128100030438,53.506713223679185,39.64572125937758,39.43418792020941,47.52862048345864,51.45611153738031,41.50960879361196,28.81055424731818,41.45366581927465,38.70209830579455,31.810070356322456,35.69690392640575,38.96140725103862,40.68755109270347,36.096988753263076,35.57131472013879,38.214868175784886,42.09976143782194,46.40766894717052,43.00847981716282,43.50046047829386,34.86899146213142,39.12800019014156,36.83146238163232,45.956513295944404,34.989627058756696,48.85440145452094,53.860576218590325,39.228864980111496,36.47000858373235,34.29635943318368,0.002984355626410239,0.02266097066808597,0.015231773258605778,0.0,0.011072671231305323,0.022773514471787805,0.006659612048208042,0.0,0.0,0.02314931148925102,0.0,0.007115959939489673,0.001115583161859566,0.0012652753948921742,0.0,0.0,0.0,0.008776377460106432,0.004674236046774568,0.021473688879911596,0.003657863755847525,0.010359899180824268,0.004825075431075565,0.007992932020122885,0.010128844617511151,0.010400565348740395,0.0016721207207634492,0.008492305601386894,0.011710906647952808,0.0
61,40.2422190129818,6.139436483052584,0.006644514381044436,53.506713223679185,39.64572125937758,39.43418792020941,45.36724603014184,51.45611153738031,41.50960879361196,28.81055424731818,41.45366581927465,38.70209830579455,31.810070356322456,35.69690392640575,38.96140725103862,40.68755109270347,32.59857573216897,35.57131472013879,38.214868175784886,40.234651457304494,46.40766894717052,42.168870781668716,43.50046047829386,33.93902843584192,39.12800019014156,36.83146238163232,45.44335660448564,34.0404212696688,48.85440145452094,53.860576218590325,39.228864980111496,36.47000858373235,33.73220021494069,0.0,0.0122560433318934,0.02191001181714868,0.0010524009291526654,0.012404526749009217,0.029229891453047215,0.0030570673190647825,0.0,0.0008859818900108236,0.022501674465634017,0.0009676029772254097,0.010442983161977672,0.0,0.0,0.0,0.0,0.0,0.006763711015557279,0.0,0.023104596720372066,0.00044465555619195655,0.009273009129121428,0.007940078391645775,0.0,0.004184395822038715,0.009324588652465647,0.0,0.012419730286488951,0.011172481763287345,0.0
62,39.7498239356939,5.683520848665147,0.006704144568145584,49.16780104488484,39.64572125937758,39.43418792020941,45.36724603014184,51.45611153738031,41.50960879361196,28.81055424731818,39.930687273312174,38.70209830579455,31.810070356322456,35.69690392640575,38.96140725103862,40.68755109270347,32.59857573216897,35.57131472013879,38.214868175784886,40.234651457304494,46.40766894717052,40.82758329864538,37.911644286760065,33.93902843584192,39.12800019014156,36.83146238163232,45.44335660448564,34.0404212696688,48.85440145452094,51.92950793197889,39.228864980111496,36.47000858373235,33.68341058222893,0.0,0.000861838960924807,0.014030413568104885,0.0,0.011020588650618867,0.02486172573022044,0.0039027502306475553,0.0,0.011402343358441598,0.02865851860215364,0.0,0.006563203327366015,0.003844132171217229,0.0,0.011160016383375193,0.0036097832776123815,0.0,0.01400966268905696,0.0,0.01135829430042327,0.0,0.013658462405980402,0.006158169323433381,0.0,0.006135936675151979,0.013128791125527487,0.004025135844774323,0.004979550491442557,0.00775501992789459,0.0
63,39.34295539343795,5.533871449257826,0.007298548691918283,46.9658322884581,39.64572125937758,37.995785398247904,45.36724603014184,51.45611153738031,41.50960879361196,28.81055424731818,39.930687273312174,38.310552885902325,31.810070356322456,35.69690392640575,37.94522645057276,40.68755109270347,32.59857573216897,35.57131472013879,38.214868175784886,39.37635572675731,46.40766894717052,40.82758329864538,37.911644286760065,33.93902843584192,37.19998249364397,36.83146238163232,45.44335660448564,34.0404212696688,48.85440145452094,49.997599156679144,39.228864980111496,34.030272017144625,33.68341058222893,2.1742290464266283e-05,0.006912198446741603,0.007433032801463717,0.0,0.012788965900259531,0.02062810568251348,0.0,0.0018601901461653262,0.013965969704358835,0.02605369018198888,0.0030684688740892194,0.011225799870074273,0.007507505915327972,0.0,0.011617504634268257,0.0,0.008318328735444518,0.017697619575818203,0.0,0.0,0.0,0.013654027128803108,0.004139700307073525,0.0,0.005719075349601083,0.01974005622892139,0.0,0.01044277892801422,0.010018482044590719,0.006143218011566316
64,38.30020322774634,5.00912449310794,0.007106810460957377,43.33478251455517,39.64572125937758,37.995785398247904,45.36724603014184,48.231812411564476,41.50960879361196,28.81055424731818,39.22852504530425,38.310552885902325,31.810070356322456,35.69690392640575,36.859383125969885,40.68755109270347,32.59857573216897,35.410089701571906,38.214868175784886,39.37635572675731,46.40766894717052,40.82758329864538,37.911644286760065,33.93902843584192,37.006435658936255,36.83146238163232,45.44335660448564,32.97524154814545,38.06867882036312,48.35437910446632,30.438548722861185,34.030272017144625,33.68341058222893,0.004200104255410579,0.010019419187038144,0.0072139458117039265,0.0,0.006425013916412294,0.024192226891763032,0.0005411291615186974,0.0,0.01707226364438268,0.02501224340353871,0.002032800195514065,0.0067167163091196415,0.015311869075716043,0.0,0.015583649994045332,0.0,0.005949675597692292,0.008025885538868016,0.0,0.0,0.006477201242803624,0.012929678399599749,0.002111429986891862,0.0,0.0,0.025534132142191926,0.003768613232547462,0.0,0.01408631584196327,0.0
65,38.0891191053396,5.030014063477135,0.00901667361510184,43.33478251455517,39.64572125937758,37.995785398247904,45.36724603014184,48.231812411564476,41.50960879361196,28.81055424731818,39.22852504530425,38.310552885902325,31.810070356322456,35.69690392640575,34.761861682243136,40.68755109270347,32.59857573216897,35.410089701571906,38.152865177768774,39.37635572675731,46.153848021236456,40.82758329864538,37.911644286760065,33.93902843584192,36.656336505456295,36.83146238163232,43.77835872318536,32.97524154814545,38.06867882036312,48.35437910446632,30.438548722861185,34.030272017144625,31.77932931248415,0.014823914991250275,0.018856364111419912,0.021598844371318177,0.0062049326612938814,0.010515354157942854,0.018462467027078454,0.01008349061831634,0.0,0.026680795325933405,0.02777800107956109,0.003995308737627948,0.01234916002281244,0.013283209626866816,0.0,0.02173389678586656,0.0,0.0013804500226354687,0.0,0.0,0.0,0.010256087771132918,0.008851610600632795,0.009438441628289818,0.0,0.001966727290402606,0.019390761284901803,0.0009085597633013931,0.007180434109728856,0.004761396464741334,0.0
66,37.67797376145027,4.871191259999615,0.00865378380334142,43.33478251455517,39.64572125937758,37.995785398247904,45.36724603014184,48.01608598359283,41.50960879361196,28.81055424731818,36.419320455380955,38.310552885902325,31.810070356322456,35.51758262500164,34.761861682243136,40.68755109270347,32.59857573216897,35.410089701571906,38.152865177768774,39.37635572675731,41.27921892685691,40.82758329864538,37.911644286760065,33.93902843584192,36.16676225029522,36.83146238163232,41.95190689987942,32.97524154814545,38.06867882036312,48.35437910446632,29.031499071448536,34.030272017144625,31.246926139362643,0.014954734357943122,0.022765737791323293,0.015100643806382449,0.0016520674905865622,0.003756886401963362,0.01671851055322843,0.007103377456285216,0.0022126960083942884,0.026194420284771654,0.02226347020603527,0.0,0.011029962301570264,0.014273830488362947,0.0,0.020335692790865244,0.0,0.009330168905062372,0.0,0.0,0.0077052694431838965,0.01262898320302602,0.011672149896773419,0.0,0.0,0.006951663269768983,0.017572362225219802,0.0,0.0068844016387982045,0.0015459833022545015,0.006960502278443254
67,36.822306837948254,5.216834015779579,0.008775552497155227,43.33478251455517,39.64572125937758,37.165554278853506,45.36724603014184,48.01608598359283,41.094886822212686,28.81055424731818,36.419320455380955,32.76960343561683,31.810070356322456,32.343702900271865,33.25856706564872,35.611211505921915,32.59857573216897,35.410089701571906,38.152865177768774,39.37635572675731,41.27921892685691,40.82758329864538,37.911644286760065,33.93902843584192,33.63782915304546,34.588026527613124,41.95190689987942,32.97524154814545,38.06867882036312,48.35437910446632,29.031499071448536,31.739225314890746,29.179750557009754,0.01595795216284919,0.017726537271576748,0.019463894265555608,0.0,0.0,0.009040566033901756,0.012348497423773636,0.00272243897092012,0.021226405015368387,0.015231662774485875,0.0,0.008935500843655448,0.00837973844596318,0.006835997638643532,0.01628680723759283,0.0025104083361739164,0.017509412041018177,0.007004639540722193,0.00963863570384582,0.007793259858049179,0.01249528249916821,0.01480109069787299,0.0,0.0060005558067654395,0.0,0.014529300415601526,0.0,0.008309676096546103,0.0,0.008518315834606962
68,36.39498489144465,5.309476541893642,0.007663518052665785,41.17762459026983,38.43222713487722,37.165554278853506,45.36724603014184,48.01608598359283,41.094886822212686,27.720130528063294,36.419320455380955,32.76960343561683,30.74686348376588,32.343702900271865,33.25856706564872,35.611211505921915,32.59857573216897,35.410089701571906,38.03712532477044,39.37635572675731,41.27921892685691,37.838025433303585,37.911644286760065,33.38917545982315,33.51069262183819,34.45948293140259,41.95190689987942,32.70630075187853,38.06867882036312,48.35437910446632,29.031499071448536,28.623621178423434,29.179750557009754,0.027634051388974512,0.028109943979444784,0.011653984241879509,0.001376204999751251,0.0,0.022707984370500825,0.0017455821205831139,0.0,0.01495263731945338,0.007613947800588995,0.0,0.009604094984313472,0.0,0.004173771685426105,0.011823895366406193,0.0,0.019553154413469526,0.007597292777030371,0.0,0.0021497098862512027,0.00705502052258208,0.0027598134439783865,0.0,0.006273651267981585,0.00530475280713143,0.014969396367427532,0.006306489506632192,0.006554628212712534,0.0,0.009985534117454634
69,35.81285905718961,5.547077567909455,0.006386071403931502,41.17762459026983,35.634662007790325,37.165554278853506,45.36724603014184,48.01608598359283,41.094886822212686,27.720130528063294,36.419320455380955,32.76960343561683,30.74686348376588,31.936142693864383,33.25856706564872,35.611211505921915,31.595928583179898,30.270740519317258,35.96622546613503,39.37635572675731,41.27921892685691,37.838025433303585,37.02411992325602,33.38917545982315,30.56542565884297,34.45948293140259,41.95190689987942,30.50381590448734,38.06867882036312,48.35437910446632,29.021021741061418,28.623621178423434,29.179750557009754,0.021825873219788083,0.016582707279441063,0.008017780851596561,0.0,0.0036893235505908307,0.024584860591642856,0.0,0.0,0.011537846587101995,0.0,0.00011193929164899532,0.009203947424623117,0.001905255680466484,0.004547172082044971,0.019937318850666394,0.0007467165045579855,0.020412472637062917,0.006136974328412437,0.0,0.003278532132093009,0.008053495214217185,0.0011982081826002447,0.002658651425851037,0.0,0.010902036264802004,0.008281227175583371,0.0034172196444559543,0.0,0.0,0.004552583198697549
70,35.375930286174665,5.504006950274527,0.007775851897077415,41.17762459026983,35.634662007790325,37.165554278853506,44.66380835084826,44.32518566172146,41.094886822212686,27.720130528063294,36.419320455380955,32.76960343561683,28.67480867976417,29.800026022574116,32.44605429054951,35.611211505921915,31.595928583179898,30.270740519317258,35.96622546613503,39.37635572675731,41.27921892685691,37.838025433303585,35.44106890942044,33.38917545982315,30.56542565884297,34.45948293140259,41.95190689987942,30.50381590448734,38.06867882036312,48.35437910446632,27.585930191120667,28.623621178423434,28.505052241893623,0.02758065034796177,0.00230190408901371,0.015413540516802354,0.011997478006941441,0.011970149980041173,0.02077682302584851,0.0016459907938890265,0.0,0.0116589486175763,0.003623805056465362,0.006064232431702363,0.01569044307803156,0.010888406587701675,0.0,0.014433089800598833,0.0,0.01891590142182347,0.006876097304357529,0.006665677443087492,0.0,0.012194297129065593,0.0,0.0,0.0,0.0,0.013056866138769694,0.00765882945337335,0.0006010699623487591,0.006342869359537934,0.0069184863673845305
71,35.16666475452407,5.587584003827574,0.007686287059485169,41.17762459026983,35.634662007790325,37.165554278853506,44.66380835084826,44.32518566172146,41.094886822212686,27.720130528063294,35.92608015190922,29.51655725077063,28.67480867976417,29.800026022574116,32.44605429054951,35.611211505921915,31.595928583179898,30.270740519317258,34.925444946250195,39.37635572675731,41.27921892685691,37.838025433303585,35.44106890942044,33.38917545982315,29.93865029964917,34.45948293140259,41.95190689987942,30.50381590448734,37.20455523824188,48.35437910446632,27.585930191120667,28.623621178423434,28.505052241893623,0.019552739201527593,0.0,0.020300830835744882,0.006868586646562308,0.005515020237856044,0.018867470682973495,0.0,0.002393866666464756,0.01398667401849964,0.01125305007676846,0.0,0.01249572451603918,0.0,0.0014268096083909366,0.017567570498754854,0.0,0.009642268982445239,0.01924121828815053,0.013510608863185837,0.0,0.008309765806600426,0.0,0.008096980146158053,0.004096247322033932,0.0,0.014007846185654569,0.008133402446853113,0.0,0.0,0.015321930753891242
72,34.74619665623862,5.714290302338303,0.008178238852941017,41.17762459026983,34.78689614262339,37.165554278853506,44.66380835084826,44.32518566172146,41.094886822212686,27.720130528063294,35.92608015190922,27.976216729136638,28.67480867976417,29.800026022574116,29.86309622487363,32.670584458314465,31.595928583179898,30.270740519317258,34.925444946250195,39.37635572675731,41.27921892685691,37.838025433303585,35.44106890942044,33.38917545982315,29.93865029964917,32.71839012953831,40.39246454110446,29.101999616647333,37.20455523824188,48.35437910446632,27.585930191120667,28.623621178423434,28.505052241893623,0.013957160024396913,0.0,0.027732925143930134,0.007495128101571447,0.00920638815611839,0.021198023230868043,0.0,0.005168382683092008,0.009551329255075338,0.009414380219123605,0.0,0.011515524145685439,0.0,0.0021186591378016986,0.021597329204849098,0.003470956397452177,0.01037083012138789,0.01560267767154722,0.009816258960794867,0.00563196680607478,0.011955606186423662,0.0,0.007449497157083651,0.008555354267916948,0.0,0.015977769483503542,0.003563584998242409,0.0,0.0,0.013997434235291241
73,34.427473125678915,5.801259742246848,0.009149127101515329,41.17762459026983,34.78689614262339,37.165554278853506,44.66380835084826,44.32518566172146,41.094886822212686,25.083075276764646,35.92608015190922,27.976216729136638,28.67480867976417,28.36664919689497,29.86309622487363,32.670584458314465,31.595928583179898,29.78954708464505,33.80190769548375,38.36151036097556,41.27921892685691,37.838025433303585,35.44106890942044,33.38917545982315,29.93865029964917,32.71839012953831,37.52076675251118,29.101999616647333,37.20455523824188,48.35437910446632,27.585930191120667,28.623621178423434,28.505052241893623,0.014826513189630464,0.0,0.03459594665367604,0.009988602545835711,0.006592760139852463,0.017176645284234425,0.0,0.009070895649916696,0.011857599963137795,0.0,0.0,0.0093934648688185,0.007727302358588941,0.0021103636420850796,0.024853934195211654,0.01576719303679865,0.0,0.01520635410876933,0.015905943957637076,0.009630363345982615,0.013509763704126296,0.003061033393158224,0.00367193810915826,0.01888772966975067,0.0,0.011493855568373759,0.0,0.0018564068440669137,0.0,0.0172892028166503
74,34.26701958270878,5.757582008665071,0.009683224831833172,40.47533127565771,34.78689614262339,37.165554278853506,44.029811525371855,44.32518566172146,41.094886822212686,25.083075276764646,35.92608015190922,27.976216729136638,28.67480867976417,28.36664919689497,29.86309622487363,32.670584458314465,30.720959470071307,29.78954708464505,33.80190769548375,38.36151036097556,41.27921892685691,37.838025433303585,35.44106890942044,33.38917545982315,29.93865029964917,32.71839012953831,37.52076675251118,29.101999616647333,37.20455523824188,47.548470351314904,27.585930191120667,28.212699740680193,27.1195353968817,0.006166076205985318,0.0,0.03213557012596816,0.0016567961614407528,0.006367901501265747,0.018258271603976955,0.005155127038911909,0.012994443870232797,0.014942885569887874,0.0,0.0057899454964164794,0.011879515667114057,0.01633152563749387,0.006160029996197344,0.016208438125415527,0.017114557708259363,0.0,0.00807354447177421,0.021624735607678153,0.007010511660509931,0.007015188686488335,0.0,0.007014900344522209,0.019906865335633284,0.008020323811475157,0.007522336391681629,0.00034238218253205047,0.009381721924581591,0.001678813248941457,0.021744336580610917
75,33.57128264802915,5.439617910266893,0.008482224500877518,38.18383041983685,34.78689614262339,33.341593389755985,44.029811525371855,44.32518566172146,37.85187614348138,25.083075276764646,33.00228136192334,27.976216729136638,28.67480867976417,27.531488024161604,29.86309622487363,32.670584458314465,30.720959470071307,28.638266165758978,33.80190769548375,38.36151036097556,41.27921892685691,37.838025433303585,35.44106890942044,33.38917545982315,29.93865029964917,32.71839012953831,37.52076675251118,29.101999616647333,32.367032325669925,45.78259852875294,27.585930191120667,28.212699740680193,27.1195353968817,0.006600105310001719,0.0,0.029236284962581988,0.015417877023031273,0.0035026715005544032,0.017919005227189425,0.0,0.010177466234776325,0.008279367604814312,0.012246936355553106,0.004115509284752214,0.007505690102619362,0.011055360316499932,0.0,0.009918790443997391,0.01675153612249633,0.0011701665310447763,0.0,0.026500642651824693,0.01803846956786835,0.0,0.0,0.0034797739641596807,0.022339380165319306,0.008337088385294518,0.0006908232989764178,0.002969002010645884,0.002542262340254116,0.0,0.015672525622070138
76,33.111681033660844,5.424178138971235,0.009031040862354678,38.18383041983685,34.729184091842114,31.217949146810213,44.029811525371855,43.37878853767023,30.848666057110847,25.083075276764646,33.00228136192334,27.976216729136638,28.67480867976417,27.531488024161604,29.86309622487363,32.670584458314465,30.720959470071307,28.638266165758978,33.80190769548375,38.36151036097556,41.27921892685691,37.838025433303585,35.44106890942044,33.38917545982315,27.80955829474334,32.71839012953831,36.915467931954254,29.101999616647333,32.367032325669925,45.78259852875294,27.585930191120667,27.290005639242565,27.1195353968817,0.0,0.0,0.03284941579725536,0.012144777976893754,0.002143528485707942,0.01867987303375508,0.0,0.013436632821708133,0.005739921105601438,0.014651829120813326,0.011256954607313033,0.00588391792877121,0.0,0.0003952172260664792,0.01092227374831073,0.022592149352082622,0.0,0.0012422594703924517,0.026175103127557907,0.0180712709827393,0.005180762270468863,0.0,0.008167753313398442,0.01858969802843855,0.013614781147175141,0.0,0.0011716417264873945,0.00622019317932371,0.008457389050452551,0.013343882369926906
77,32.94779294206589,5.370174484292733,0.007790240080556052,38.18383041983685,34.729184091842114,31.217949146810213,44.029811525371855,43.05348565277501,30.848666057110847,25.083075276764646,33.00228136192334,27.976216729136638,28.67480867976417,27.531488024161604,29.73470548262253,32.670584458314465,29.105347231876976,28.638266165758978,33.80190769548375,38.36151036097556,41.27921892685691,37.838025433303585,34.48322009415102,33.38917545982315,27.80955829474334,32.55726903639879,36.915467931954254,28.811682405116812,32.367032325669925,44.743454462161054,27.585930191120667,27.290005639242565,26.720629700905306,0.0031442533518666036,0.006176576221660005,0.032112542454916425,0.00401647126673586,0.00032785563878212333,0.0,0.0,0.012861292803549855,0.0,0.012057172645782304,0.003604079213281933,0.01100265662130167,0.0011273503087274883,0.0,0.006207836058515529,0.02824817830654104,0.0,0.0014030783438089296,0.02770518175932667,0.014663123395824115,0.004102150347431501,0.0,0.0,0.013380453969613716,0.009593451256269099,0.007408921896022743,0.006358536471964889,0.009422603974694244,0.011853931566766106,0.0069295045432986755
78,32.65367391941626,5.438841534142673,0.008934940257670327,38.18383041983685,34.729184091842114,31.217949146810213,43.381205639776454,43.05348565277501,30.848666057110847,24.137119617357996,33.00228136192334,27.976216729136638,28.67480867976417,27.531488024161604,28.842630665018703,32.06374963088757,29.105347231876976,26.98441254676277,32.86980621818424,38.13377313780251,41.27921892685691,37.838025433303585,33.03654486501239,32.399423092926554,27.80955829474334,32.55726903639879,36.915467931954254,28.33170283116459,32.367032325669925,44.743454462161054,27.585930191120667,27.290005639242565,26.720629700905306,0.004343575861051182,0.00650309293922144,0.027813370230328396,0.0119891921620899,0.0,0.0,0.0008372125104588776,0.006924243658846282,0.01245190401123281,0.0023882899326266396,0.008189122473144732,0.008858826444099768,0.005954306204237297,0.004658294629042241,0.009342542941834658,0.02843096462959722,0.00034364451102507555,0.0029098417508572065,0.03288969807566088,0.01182084382228748,0.015090848648750266,0.0,0.0,0.0016734814413378188,0.00970843432214413,0.01116302234204841,0.0,0.015182295275831963,0.014529809812440569,0.014051349099914514
79,32.38984213849775,5.320558825584991,0.008741808341337023,38.18383041983685,34.13488655460384,29.327010700298672,42.935231136727964,43.05348565277501,30.848666057110847,24.137119617357996,33.00228136192334,27.976216729136638,27.92550591542846,27.531488024161604,28.842630665018703,32.06374963088757,29.105347231876976,26.98441254676277,32.86980621818424,37.360589638787246,38.84863865819523,37.838025433303585,33.03654486501239,32.399423092926554,27.532463715120798,32.55726903639879,36.915467931954254,28.33170283116459,31.613450496548012,44.743454462161054,27.585930191120667,27.290005639242565,26.720629700905306,0.008008850723614454,0.0065653702940521854,0.03015649400512072,0.014930972547327516,0.005427837001400514,0.0,0.0,0.00456118983746892,0.0026374974153741846,0.004409589333195638,0.00917820138872089,0.010397509646756101,0.008516512518026402,0.006938595491959223,0.002127020671044652,0.024592481398208816,0.005098439893363577,0.0,0.031651770247085625,0.00923743075001922,0.017177778297631577,0.0,0.0038348287699187574,0.004809213209600852,0.0,0.0,0.0,0.017325610169862476,0.013941484205339947,0.020729572425018397
80,32.21660417804369,5.277683622259207,0.007691477714927741,38.18383041983685,34.13488655460384,29.327010700298672,42.935231136727964,43.05348565277501,30.848666057110847,24.137119617357996,33.00228136192334,27.976216729136638,27.92550591542846,27.531488024161604,28.842630665018703,32.06374963088757,29.105347231876976,26.98441254676277,32.86980621818424,37.360589638787246,38.84863865819523,37.838025433303585,33.03654486501239,31.043132904263302,27.532463715120798,32.55726903639879,35.75522219332788,27.82784336919798,31.613450496548012,43.78039712433167,26.372244104584354,27.290005639242565,26.720629700905306,0.004165236321530169,0.0,0.0231120129489916,0.013812104830943929,0.0022595037755194477,0.0,0.0,0.0035228156296907664,0.003503693783509111,0.0,0.014098773281741356,0.0,0.0048810676695203135,0.01473757095322722,8.874490436747769e-05,0.01719975475063946,0.009602637192904403,0.0,0.030808978438545454,0.00028641724398111945,0.0040163004209374424,0.0,0.0038515897257587186,0.011552521456009128,0.001709705436252763,0.0006025026227048127,0.0,0.026473855030284904,0.015115160049301584,0.025343384981471012
81,32.02102478998604,5.400328179957901,0.008886913092584735,38.18383041983685,34.13488655460384,29.327010700298672,42.088661950856704,43.05348565277501,30.848666057110847,24.137119617357996,33.00228136192334,27.976216729136638,27.92550591542846,23.209145435464848,28.842630665018703,32.06374963088757,29.105347231876976,26.98441254676277,32.86980621818424,37.3530486538354,38.84863865819523,37.838025433303585,33.03654486501239,31.043132904263302,27.532463715120798,31.91886830032587,35.75522219332788,27.82784336919798,31.613450496548012,43.72786897819532,26.372244104584354,27.290005639242565,26.720629700905306,0.0031590877392112396,0.0024877711704195914,0.01742746778406833,0.006986819995836749,0.0034218960221896666,0.0010411002545058692,9.676556476713193e-05,0.0,0.0,0.006710875349248598,0.011534927315641584,9.65541032429046e-05,0.0017488753183524733,0.021580413348333594,0.0,0.01781259922884278,0.013587799999159815,0.005413362513991416,0.03965038401838856,0.004134139386404112,0.006016191376911101,0.00783439142641142,0.006166644157446873,0.022873334584535002,0.0,0.007966183821214431,0.004781935454725949,0.022645480313441792,0.009721967497726965,0.021710425032524103
82,31.52039974559066,5.435906522799571,0.00913513699750887,37.18294133947586,34.13488655460384,29.327010700298672,41.97868098317099,37.867297518250325,30.848666057110847,20.27345569535663,33.00228136192334,27.976216729136638,27.92550591542846,23.209145435464848,28.161058700275476,32.06374963088757,29.105347231876976,26.98441254676277,32.86980621818424,36.89906243696146,38.84863865819523,37.838025433303585,33.03654486501239,31.043132904263302,27.532463715120798,31.91886830032587,35.75522219332788,27.82784336919798,31.613450496548012,43.72786897819532,26.372244104584354,25.283743266806027,25.004421027669935,0.012755997338558086,0.0027923941078410058,0.01846921749842732,0.016940441954596756,0.0,0.005781356758236515,0.0014945144283674155,0.0020253906242842703,0.004958048536734008,0.015250347565891295,0.015433856493840282,0.0,0.011460694588544406,0.01942088636233157,0.001306035937500411,0.011638553718837121,0.003330250975571581,0.002795483454340956,0.044926683866133924,0.008884706369531823,0.0,0.005327240094230913,0.004623102818197698,0.01806920731101039,0.0,0.001865378769076161,0.004473543671927338,0.010668690473868557,0.010386114046271266,0.018975972161115035
83,31.223585629200162,5.5325890099010975,0.009683854710663638,37.18294133947586,34.13488655460384,29.327010700298672,41.85391784852743,37.867297518250325,30.848666057110847,20.27345569535663,33.00228136192334,27.976216729136638,26.540524150154965,23.209145435464848,28.161058700275476,31.93554651032059,29.105347231876976,25.80753764505789,32.083175323585465,36.89906243696146,38.84863865819523,37.838025433303585,31.72706268101274,30.770918412131948,27.532463715120798,29.68832882316633,35.75522219332788,26.4195149740313,31.613450496548012,43.72786897819532,26.372244104584354,25.283743266806027,24.922015901199813,0.011250650509393823,0.011382219694423401,0.02834527775224133,0.022571839957604062,0.011720706156045662,0.0,0.0,0.0,0.011395530509130605,0.011530594682915566,0.016438301021643596,0.00528424135726149,0.008999748662884981,0.01751876638465387,0.0,0.008546969918549509,0.0,0.008742290078375806,0.03419427774646319,0.0,0.0,0.01148555182313706,0.002395294371515443,0.020247369727154973,0.0,0.0,0.010751422990341817,0.005996075247995834,0.010745581599255894,0.020972931128921263
84,30.666784466834038,5.48331231739549,0.010505870552406236,37.18294133947586,34.13488655460384,29.327010700298672,41.85391784852743,37.867297518250325,30.848666057110847,20.27345569535663,33.00228136192334,26.547211024806018,26.540524150154965,23.209145435464848,24.61139897450596,31.93554651032059,29.105347231876976,25.80753764505789,31.8094652539894,36.65707163098887,35.926759460615074,37.838025433303585,31.72706268101274,30.644683826023595,27.059095276341736,29.68832882316633,35.75522219332788,26.4195149740313,29.56725237232297,41.147240632841545,24.358260018201065,25.283743266806027,23.874640114314843,0.015940516060961578,0.009741636879546644,0.015094171998162556,0.032573866196102065,0.015826054284634426,0.009022893661488963,0.0014842132060321927,0.00250607608544778,0.015699429969562268,0.0032062843174868343,0.01969947496249752,0.007409314834682198,0.0015811506194874094,0.009944912534095468,0.0,0.0,0.0,0.007555478444041573,0.03193678293931259,0.003308797828377967,0.014540231721199288,0.012274559250059396,0.011116392333117061,0.02495565623993483,0.0027888998364907994,0.0,0.009558108879028703,0.0034957987060601453,0.007024650297733414,0.026890764486643414
85,30.666784466834038,5.48331231739549,0.011950873754813362,37.18294133947586,34.13488655460384,29.327010700298672,41.85391784852743,37.867297518250325,30.848666057110847,20.27345569535663,33.00228136192334,26.547211024806018,26.540524150154965,23.209145435464848,24.61139897450596,31.93554651032059,29.105347231876976,25.80753764505789,31.8094652539894,36.65707163098887,35.926759460615074,37.838025433303585,31.72706268101274,30.644683826023595,27.059095276341736,29.68832882316633,35.75522219332788,26.4195149740313,29.56725237232297,41.147240632841545,24.358260018201065,25.283743266806027,23.874640114314843,0.012206381546578394,0.014734582338352547,0.013467912982615453,0.03869174215098933,0.02074176668846645,0.009610715002405866,0.0,0.0,0.012270733237043316,0.0018319943991754737,0.02325676968217243,0.008665255829975842,0.002512848192576136,0.013461279282455482,0.0008788199518585123,0.0030120663962551085,0.0,0.015779065943226818,0.04051509105521566,0.0,0.010968486907736965,0.01370172972081475,0.01425421565447509,0.02199240729664105,0.006432414445406318,0.0,0.010513465068153389,0.007638700178687234,0.015468604428239389,0.02591916426488386
86,30.20523972637002,5.360924920352496,0.01210367345872396,36.94225138405358,34.13488655460384,28.637190494428467,41.85391784852743,36.192357848965,30.848666057110847,20.27345569535663,27.520618410929558,26.547211024806018,26.540524150154965,23.209145435464848,24.61139897450596,31.93554651032059,29.105347231876976,25.80753764505789,31.8094652539894,34.5524227299037,35.926759460615074,37.838025433303585,31.72706268101274,27.461550280846666,27.059095276341736,29.492810720256784,35.75522219332788,26.4195149740313,29.56725237232297,40.871311749664244,24.358260018201065,25.283743266806027,23.874640114314843,0.01479684759793524,0.012673926811232205,0.024093672378038212,0.0338977897203127,0.018491038969367816,0.009995752390387483,0.0014220982868466741,0.0,0.010136324255432184,0.0,0.02847889951255801,0.001973371036187099,0.0026721617299897285,0.0050304924389854185,0.0019794197728542954,0.0,0.0,0.020240495218713198,0.03508560146870256,0.0,0.012682194359373549,0.015721857862539,0.013939742151375747,0.015457147268079254,0.014293165257031407,0.003382059395919938,0.005532559481086718,0.014829789303569893,0.020739608006727212,0.025564189088473358
87,29.843287608875855,5.254893962146931,0.01212748442508705,36.94225138405358,34.13488655460384,28.530253491272617,41.81940123818305,36.192357848965,28.408537482222982,20.27345569535663,27.520618410929558,26.547211024806018,26.540524150154965,23.209145435464848,24.61139897450596,31.93554651032059,29.105347231876976,24.716132898850503,29.841481855987638,32.95877246473765,35.926759460615074,37.838025433303585,31.72706268101274,27.461550280846666,27.059095276341736,29.00961943159956,32.93930279739641,26.4195149740313,29.56725237232297,40.54647950719101,24.358260018201065,25.283743266806027,23.874640114314843,0.009203341717328051,0.0012087546271329621,0.021981649402351783,0.02833451490055953,0.019340953908802114,0.018727460078663032,0.0,0.011005311581635488,0.025517265789948833,0.0,0.01440014994506493,0.0,0.0,0.016975299209479097,0.009359306502511853,0.0022656378396780897,0.0,0.02565952965009633,0.027911433169891166,0.0019427765123423107,0.01037161820480937,0.023573274171867532,0.0014859869271581353,0.011329179403090603,0.014409669045229747,0.0,0.016029068447079083,0.006669360428093153,0.0205345352956438,0.02558845599415455
88,29.538834713520956,5.1599764476134,0.011023008511926467,36.94225138405358,34.13488655460384,28.530253491272617,41.81940123818305,36.192357848965,25.646084359111512,20.27345569535663,27.520618410929558,25.44177085543987,26.540524150154965,23.209145435464848,24.61139897450596,31.4304446810292,29.105347231876976,24.716132898850503,29.841481855987638,32.95877246473765,35.926759460615074,37.838025433303585,31.72706268101274,27.461550280846666,27.059095276341736,29.00961943159956,32.93930279739641,26.4195149740313,27.81497314341874,37.628274353222366,24.358260018201065,25.193635910801106,23.874640114314843,0.005983856654509464,0.0,0.018351343943082424,0.015439001565019594,0.012514144187661775,0.022183334712512777,0.009388888919092082,0.009975868909262298,0.02702633664392746,0.0,0.011257611552922799,0.0018940342478253674,0.0,0.012979906560896955,0.00540676548086072,0.005722170677855038,0.002728576806861221,0.024652807104307325,0.024611743070315495,0.0,0.0036543737100756747,0.02312742896536837,0.0,0.009712692378946303,0.018601191076836637,0.010133782310159354,0.006953303727144071,0.005963748693757015,0.02398858188165288,0.018438761576940854
89,29.283948482855006,4.891838624577652,0.010888792506804459,36.94225138405358,32.92291919567697,28.530253491272617,39.76323250408058,36.09617012687289,25.646084359111512,20.27345569535663,27.520618410929558,25.44177085543987,26.540524150154965,23.209145435464848,24.61139897450596,31.062258098891903,29.105347231876976,24.716132898850503,29.841481855987638,32.95877246473765,33.3493333019411,37.838025433303585,31.078479837393616,27.461550280846666,27.059095276341736,29.00961943159956,32.93930279739641,26.4195149740313,27.81497314341874,37.628274353222366,24.358260018201065,25.193635910801106,23.186572593888343,0.003937709416283252,0.0,0.01158695869340613,0.014457598889872324,0.014272073915742782,0.013315291410966849,0.010794427201005532,0.00951347335471911,0.02628082049655282,0.0020786850088082517,0.010687694397964314,0.006447699464089232,0.005222497030623429,0.01841600238013546,0.0006781054743897939,0.0,0.0,0.02957699340410694,0.03135039639407207,0.0032004682781522696,4.8968800124811475e-05,0.01870514954382345,0.0071349932148589605,0.008680856063600804,0.018283150247923773,0.014233167991170916,0.0,0.008023713377261295,0.024047786883365556,0.01568909387111354
90,28.977224758551262,4.88509000275911,0.011272515979889434,34.27839190926284,32.92291919567697,28.530253491272617,39.76323250408058,36.09617012687289,25.646084359111512,18.687919122733433,27.520618410929558,25.44177085543987,26.196586978592393,23.209145435464848,24.36314206371503,30.502237171054617,29.105347231876976,22.90612714915744,29.841481855987638,32.436040948767925,33.3493333019411,37.00051774285623,30.448624121996147,27.461550280846666,27.059095276341736,29.00961943159956,32.93930279739641,26.4195149740313,27.81497314341874,37.628274353222366,24.358260018201065,25.193635910801106,23.186572593888343,0.0025454429255131533,0.005081942468319403,0.006582283400741472,0.009699690995038148,0.006817081339135737,0.01558494065249224,0.012413640456547385,0.008258164208790433,0.02690960004532592,0.015053455553550367,0.011535805248122142,0.013016680503534316,0.007925306352279957,0.024111940900467584,0.0019112765472925725,0.0010464614143487357,0.003415090229455933,0.02661811620421916,0.03446952308392629,0.002062993763607658,0.006622575656184572,0.016890877780750036,0.016517640351361676,0.0017902906811482879,0.013429611199221,0.009824034286366905,0.0020515119681707656,0.0014984659239955166,0.01767821368788116,0.016812821568894562
91,28.672364284530204,5.000035758697181,0.01361718282835258,34.27839190926284,32.92291919567697,26.30142040150389,39.76323250408058,36.09617012687289,25.646084359111512,18.687919122733433,27.520618410929558,24.122452131512603,24.41223001141765,23.209145435464848,24.36314206371503,30.162024491738748,29.105347231876976,22.90612714915744,29.841481855987638,32.436040948767925,33.3493333019411,36.16249143236655,30.448624121996147,27.461550280846666,27.059095276341736,29.00961943159956,32.93930279739641,26.4195149740313,26.966858355842817,37.628274353222366,24.358260018201065,23.406684248421527,23.186572593888343,0.009681647379700686,0.006765610240177385,0.006882623705041378,0.015870251913683055,0.008005924526290453,0.020797012294653142,0.017281211579554794,0.0035735466062481224,0.024095281747555996,0.01877714538084577,0.012496200948512434,0.019732117756501643,0.0034817768732610314,0.027326607616549443,0.01265617809995745,0.0,0.015791337024019893,0.026548857488712413,0.02630314027589073,0.0,0.008640719484937644,0.018926456224726794,0.023519636206645884,0.0035954438965336223,0.01724817666667242,0.009481570501873862,0.004607962265088848,0.012613399992321568,0.01233293970620352,0.02148270844841737
92,28.326879356156642,4.994403984263746,0.012700375216179161,34.27839190926284,32.92291919567697,26.30142040150389,39.76323250408058,33.781882714260064,22.668116125108895,18.687919122733433,27.520618410929558,24.122452131512603,24.41223001141765,23.209145435464848,24.36314206371503,30.04081360619989,26.130019727922615,22.90612714915744,29.501965808809246,32.1012694948717,33.3493333019411,36.16249143236655,29.95018244650322,26.672146912150822,27.059095276341736,29.00961943159956,32.93930279739641,26.4195149740313,26.966858355842817,37.628274353222366,24.358260018201065,23.406684248421527,23.172951324053486,0.007895886266945523,0.014040090013047776,0.0,0.018803416998289177,0.00988889920914771,0.024390834696191695,0.018807091683873952,0.00021279919411136712,0.028564277813479182,0.014497916498803557,0.008483090963474688,0.01912523197639425,0.0,0.027644092322520557,0.0071127900860378295,0.0,0.019283018116504264,0.022493783207558276,0.03313419498622147,0.0,0.008771787986841518,0.010928548899892471,0.013636856721943669,0.0026573170241255164,0.013692456315946658,0.0016281053177778764,0.00487561133341012,0.019906524389836183,0.011301378692633314,0.0192352557703662
93,28.250305305542142,4.934658104597169,0.01186589812203922,34.27839190926284,32.92291919567697,26.30142040150389,39.76323250408058,32.87806199568399,22.668116125108895,18.687919122733433,27.520618410929558,24.122452131512603,24.41223001141765,23.209145435464848,24.36314206371503,30.04081360619989,26.130019727922615,22.90612714915744,29.501965808809246,30.707868695012962,33.3493333019411,36.16249143236655,29.95018244650322,26.672146912150822,27.059095276341736,29.00961943159956,32.93930279739641,26.4195149740313,26.966858355842817,37.628274353222366,24.358260018201065,23.406684248421527,23.172951324053486,0.0,0.002139536782730958,0.00569342562005404,0.024345387709793005,0.008386599977377122,0.017782314502198464,0.013432278642363753,0.0,0.024810114006687273,0.017797364561982634,0.001042010994350837,0.015112955756372608,0.0,0.019196569651602362,0.009015788675559498,0.0,0.017013309408639942,0.03025385640895903,0.027784183031265904,0.0,0.015846833723424554,0.011039403793946584,0.016457871435630936,0.0036496232736852687,0.02146729683382284,0.0,0.006721689222658106,0.017834814552855623,0.01629719663014237,0.012856518465072948
94,27.95960913942275,4.907520483033039,0.012453924854156539,34.27839190926284,31.704701699851796,25.26611228373082,39.76323250408058,32.76638926707676,22.668116125108895,18.687919122733433,27.520618410929558,24.122452131512603,23.64485438336652,23.209145435464848,24.36314206371503,30.04081360619989,26.130019727922615,21.146045275710605,29.501965808809246,30.707868695012962,33.3493333019411,36.16249143236655,29.95018244650322,26.672146912150822,27.059095276341736,29.00961943159956,32.93930279739641,24.802717181476623,26.966858355842817,35.41684300589867,24.358260018201065,23.406684248421527,23.172951324053486,0.006422342762997034,0.012665606313790118,0.004648279145568044,0.031193828847158565,0.007653339290433145,0.025753614474365864,0.014194552856191261,0.00024903467119911097,0.02374507539112996,0.0025830733250319696,0.003003909251256887,0.012350323684327136,0.0,0.013635144033177806,0.006263769657542689,0.0037473133605310247,0.019789777283417468,0.019693018670205575,0.03605983012378709,0.0,0.015277860679339129,0.019946151073328172,0.009279106211699884,0.0,0.030201907196328627,0.008993367949817406,0.0016537065670825814,0.02707798999984987,0.013773623189154705,0.003762199615985049
95,27.731489365688883,4.852579648364413,0.01195927738301607,33.469856052818784,31.704701699851796,25.26611228373082,38.99733316705658,32.76638926707676,22.668116125108895,18.687919122733433,26.0388788408589,24.122452131512603,23.280839962453854,23.209145435464848,23.528058372630426,30.04081360619989,26.130019727922615,21.146045275710605,29.501965808809246,30.707868695012962,33.3493333019411,36.16249143236655,28.418832375448574,26.254990768648156,26.41928115441908,29.00961943159956,32.93930279739641,24.802717181476623,26.966858355842817,35.41684300589867,24.358260018201065,23.406684248421527,23.172951324053486,0.004651736841614666,0.01972499678150472,0.005685176609239463,0.021870291072953837,0.0,0.032491349212001454,0.006159557708813778,0.012549704368140634,0.02608062125295394,0.005865576699971168,0.0,0.01970405351806001,0.0009437945024878304,0.01753618726677094,0.0,0.0,0.022922201808108538,0.018182337938634358,0.035757624447634695,0.005484028486159627,0.015098699833897796,0.011105173182011938,0.0029894321867389865,0.0,0.024564446657616132,0.0,0.007505715420533434,0.023031482748481328,0.012633046942229156,0.00624108600392364
96,27.512303860370253,4.869247458809631,0.012795622361715215,33.469856052818784,31.704701699851796,25.26611228373082,38.99733316705658,32.76638926707676,20.20073674132601,18.687919122733433,26.0388788408589,24.122452131512603,23.280839962453854,22.03816530646924,23.528058372630426,30.04081360619989,26.130019727922615,21.146045275710605,29.501965808809246,30.707868695012962,32.414792964005414,36.09998447493115,28.418832375448574,26.254990768648156,26.41928115441908,29.00961943159956,32.93930279739641,24.802717181476623,26.966858355842817,33.476684654489475,24.358260018201065,23.406684248421527,23.172951324053486,0.0069335621715969015,0.014681823740345025,0.020666513281309785,0.021779685197665235,0.0,0.028901866427370405,0.014971183180661263,0.015976118293907583,0.01997788013211041,0.0009221341594618664,0.00271883367219487,0.02402535372699226,0.0071509903908763064,0.029368549262757778,0.0014339192350322696,0.0,0.021258256216115202,0.020240228590761484,0.040521513680010265,0.009644094129576862,0.008370616835292945,0.015221887472254085,0.0,0.0,0.021376092915061227,0.00022340187318469428,0.014841342057875,0.01868557859376476,0.003977245615277966,0.0
97,27.483172656783093,4.83480419585128,0.012477999796823964,32.89120149431966,31.704701699851796,25.26611228373082,38.96451904805201,32.50392183696556,20.20073674132601,18.687919122733433,26.0388788408589,24.122452131512603,23.280839962453854,22.03816530646924,23.528058372630426,30.04081360619989,26.130019727922615,21.146045275710605,29.501965808809246,30.707868695012962,32.414792964005414,36.09998447493115,28.418832375448574,26.254990768648156,26.41928115441908,29.00961943159956,32.93930279739641,24.802717181476623,26.966858355842817,33.476684654489475,24.358260018201065,23.406684248421527,23.172951324053486,0.011064286712384026,0.007442168880800091,0.020433932939027295,0.030761300939519055,0.0005815430146919203,0.03380567955491811,0.008357084817997799,0.010343971361242788,0.02130545697670414,0.005672961339035614,0.005564609832504344,0.021290154529956636,0.0017569068708837262,0.02866272576201517,0.0012740415536847737,0.0039538631867517045,0.028331711628179476,0.01803703736073114,0.04009948195574573,0.0,0.008417801409537129,0.013125027258464627,0.0,0.002289308278439732,0.020324320760801328,0.006248528186347361,0.01089401139138055,0.012817027799238436,0.0014850496037362435,0.0
98,27.11409187544767,4.675434196961904,0.0121959088914101,32.89120149431966,31.704701699851796,25.26611228373082,38.96451904805201,31.86222736103275,20.20073674132601,18.687919122733433,26.0388788408589,24.122452131512603,22.46998220533345,22.03816530646924,23.528058372630426,30.04081360619989,26.130019727922615,21.146045275710605,26.137944106456473,30.707868695012962,32.414792964005414,31.74801646426863,28.418832375448574,26.254990768648156,26.41928115441908,29.00961943159956,32.93930279739641,24.802717181476623,26.536466957722496,33.476684654489475,24.358260018201065,23.406684248421527,21.699461228179473,0.015937466872425064,0.004880383328129213,0.017902253701130747,0.03553963030409628,0.004014312268189512,0.02972624456532195,0.011602872162091712,0.014445783823604272,0.012509330010145843,0.0071379026799086144,0.014264407637598822,0.013626811333443458,0.007175581106306416,0.025291970442569187,0.004824348261104577,0.00782319136502753,0.015666230427633182,0.016053395841809034,0.029648649728588168,0.0,0.00980523213026763,0.007075158181379351,0.0,0.0,0.014271876687049202,0.00508778813922395,0.020909894212758934,0.011218225275864286,0.008313571944962014,0.0011247543116741595
99,26.983048518086413,4.527489589439984,0.013244502778311346,32.89120149431966,30.605160203552487,25.26611228373082,37.4441549952615,31.86222736103275,20.20073674132601,18.687919122733433,26.0388788408589,24.122452131512603,22.46998220533345,22.03816530646924,23.528058372630426,30.04081360619989,26.130019727922615,20.805007172707178,26.137944106456473,30.707868695012962,32.414792964005414,31.74801646426863,28.418832375448574,25.864665463936774,26.41928115441908,28.517242963709123,32.93930279739641,24.802717181476623,26.536466957722496,33.38902935834693,24.358260018201065,23.406684248421527,21.699461228179473,0.008376325371518561,0.008654051413385625,0.02867574461575144,0.041726707645580445,0.005534245506430105,0.024784450355557226,0.006151414557734962,0.009510259547794645,0.013234036838702782,0.01151723792146472,0.0034913878525684255,0.008859848315054075,0.003911576575871243,0.022209670422890838,0.002886501792742233,0.007279281334793812,0.01772561265356065,0.02874170259364571,0.033313473346211285,0.010943721840776218,0.013759820228830988,0.012402124012017965,0.002482412918966876,0.0016425085237656714,0.010847968550709965,0.0017377085323498885,0.027892021751987465,0.015371131307745785,0.013672137020930739,0.0
100,26.744978677172405,4.426535716615429,0.012631242010549555,32.89120149431966,30.605160203552487,25.26611228373082,37.4441549952615,31.86222736103275,20.20073674132601,18.687919122733433,26.0388788408589,24.122452131512603,22.46998220533345,22.03816530646924,23.528058372630426,26.72999244325314,26.130019727922615,20.805007172707178,26.137944106456473,30.707868695012962,32.414792964005414,31.526880598083892,28.418832375448574,25.864665463936774,26.41197808696552,28.344918575948952,32.93930279739641,24.802717181476623,26.536466957722496,31.29854645005969,23.01823218341326,23.406684248421527,21.699461228179473,0.006356467624335862,0.00578855245324884,0.024507567928910658,0.03684945834252739,0.015961481116263332,0.015709019652103008,0.017962856439133847,0.00859020236376863,0.011896309253928197,0.01423519444242158,0.007979250994425004,0.0011848607205573304,0.0,0.0184777302917141,0.007505403604478633,0.01576353914629361,0.021034236379879962,0.019497209549440463,0.024090753133671188,0.008288790029534344,0.012903967305220502,0.007040122517314921,0.0036851901866930444,0.002240252579833996,0.015423131439249518,0.002044571725429152,0.019978963349883663,0.016439911149364335,0.01208634186230224,0.005415924734559436
101,26.62130042207378,4.458005578300591,0.011527680977332236,32.89120149431966,30.605160203552487,25.26611228373082,37.4441549952615,31.86222736103275,20.20073674132601,18.687919122733433,26.0388788408589,24.122452131512603,22.46998220533345,22.03816530646924,23.528058372630426,26.72999244325314,26.130019727922615,20.805007172707178,24.613599959219016,30.707868695012962,32.414792964005414,31.526880598083892,28.418832375448574,25.361179781723763,26.41197808696552,28.344918575948952,32.93930279739641,24.802717181476623,24.853949134214133,31.29854645005969,23.01823218341326,23.406684248421527,21.699461228179473,0.0036016984306177645,0.008397496112321464,0.01375196193557963,0.03341962334351255,0.009149370065880087,0.017261165146980784,0.01522321226947292,0.004221667295663526,0.01244268510945886,0.014730230203270632,0.004367795154016482,0.0,0.0,0.020138422244969593,0.007187486089873211,0.015054978670607677,0.013707441443176453,0.0318187495982052,0.020738516368928428,0.010510559914265572,0.012568794993522639,0.008394490068452042,0.0070250354309858345,0.0,0.013333539427069871,0.0,0.02006649294493394,0.020795585074544088,0.0005747127041107667,0.0073487192795470445
102,26.390529227894564,4.466439250041451,0.010382017380412924,32.50377734092325,30.605160203552487,25.26611228373082,37.4441549952615,31.86222736103275,19.540997063811858,18.687919122733433,26.0388788408589,24.122452131512603,22.46998220533345,22.03816530646924,22.05269227216445,26.72999244325314,26.130019727922615,20.805007172707178,24.613599959219016,30.707868695012962,32.414792964005414,31.526880598083892,26.49257152440549,25.361179781723763,25.552710518439028,28.344918575948952,32.93930279739641,24.5154775310408,24.853949134214133,29.970708626065118,23.01823218341326,23.406684248421527,21.699461228179473,0.0,0.00786545982619926,0.014378968439910964,0.025860739877807085,0.010568127505480071,0.014150370652532234,0.007145662282187299,0.008871850603976024,0.006910674804693639,0.010705767452038738,0.0074546875568462885,0.0062498912503537295,0.0,0.02125086036731492,0.016858332513395836,0.023222135323694753,0.021127214217013485,0.028011698148467275,0.018416184585956813,0.0043365140079338485,0.0015944400234887144,0.0007494048587815571,0.004062794605675512,0.004639901332604819,0.008811220405664151,0.0,0.0219041195852392,0.014617571190942645,0.0,0.001695929994188838
103,26.246087116048365,4.5632962776745005,0.011518651830831046,32.50377734092325,30.605160203552487,25.26611228373082,37.4441549952615,31.86222736103275,19.540997063811858,18.687919122733433,26.0388788408589,24.122452131512603,20.777184829733585,22.03816530646924,22.05269227216445,24.944077597093383,26.130019727922615,20.805007172707178,24.613599959219016,30.707868695012962,32.414792964005414,31.526880598083892,26.49257152440549,25.361179781723763,25.552710518439028,28.344918575948952,32.93930279739641,24.5154775310408,24.853949134214133,29.970708626065118,23.01823218341326,23.406684248421527,20.84491009455303,0.005995992640563502,0.004004550496881226,0.007273940502902792,0.020986433915589773,0.00846200453128225,0.02703685980309939,0.009451554396427227,0.006171894781180113,0.004671445253337775,0.009797249870393928,0.009627353117918692,0.01986487781776539,0.0012213933099428466,0.02577545090772146,0.016452435136392357,0.023418061357998312,0.026558552353142854,0.021080197530230303,0.0204205163387254,0.009122052006126655,0.0,0.004851633483445715,0.009379868185103802,0.0,0.009462743527855194,3.950646749447273e-05,0.02055092670055888,0.013982984908294237,0.005868482100805503,0.00403059348375143
104,26.192231339150588,4.593938817692617,0.011185029376944466,32.50377734092325,30.605160203552487,25.26611228373082,37.4441549952615,31.86222736103275,19.540997063811858,18.687919122733433,26.0388788408589,24.122452131512603,20.777184829733585,22.03816530646924,22.05269227216445,24.944077597093383,26.130019727922615,20.805007172707178,24.613599959219016,30.707868695012962,32.414792964005414,31.526880598083892,26.49257152440549,25.361179781723763,25.197475141710015,28.344918575948952,32.93930279739641,23.677633403500863,24.80150648479139,29.970708626065118,23.01823218341326,23.406684248421527,20.47475894131162,0.0043156105725726205,0.0,0.01056419584839032,0.01827140234344025,0.018005956783789145,0.017922846510168382,0.011198445077229629,0.011670600973681307,0.008552639519100909,0.006032775937710663,0.0066469287845242475,0.018027476855642145,0.0,0.022028607925647772,0.01278199142305163,0.010550025900361302,0.03738507636901965,0.027381477555640316,0.02367389725334004,0.0002103723173680403,0.0011072030990832275,0.003429529196544268,0.00898612319114936,0.0054721490487270015,0.004112945075776511,0.0,0.0190045564894944,0.01534223303197466,0.009513636867137817,0.003362177357768304
105,26.117491641540823,4.494586881608481,0.010511584312530804,31.86971948154155,30.605160203552487,25.26611228373082,36.46959958137978,31.86222736103275,19.540997063811858,18.687919122733433,26.0388788408589,24.122452131512603,20.777184829733585,22.03816530646924,22.05269227216445,24.944077597093383,26.130019727922615,20.805007172707178,24.613599959219016,30.707868695012962,32.414792964005414,31.526880598083892,26.49257152440549,25.361179781723763,24.563897486680446,28.344918575948952,32.93930279739641,23.677633403500863,24.80150648479139,29.970708626065118,23.01823218341326,23.406684248421527,20.47475894131162,0.010239401738421007,0.012935680405406255,0.015036707132817047,0.013496375701680207,0.008047509835509961,0.007685421706720997,0.0,0.01472439237930822,0.008818376098881817,0.01816515482417167,0.0012035928260669953,0.004983285325992475,0.0,0.01732953750358283,0.017709883843303017,0.0,0.04019823134277035,0.02503491782575267,0.025236300911145322,0.0,0.007949542509097865,0.0,0.011266099809434113,0.004893409805253826,0.012062423085041936,0.0,0.014733243841647104,0.013178176277525338,0.010419864646393086,0.0
106,26.017077276022743,4.460676817521161,0.010675566106448181,31.86971948154155,30.605160203552487,25.26611228373082,36.46959958137978,31.86222736103275,19.540997063811858,18.687919122733433,26.0388788408589,24.122452131512603,20.777184829733585,22.03816530646924,22.05269227216445,24.944077597093383,26.130019727922615,20.805007172707178,24.613599959219016,30.707868695012962,30.607961597561598,31.526880598083892,26.49257152440549,25.361179781723763,24.563897486680446,28.097111671982134,32.93930279739641,23.677633403500863,24.80150648479139,29.970708626065118,23.01823218341326,23.406684248421527,19.51696624617955,0.002778231847254885,0.009347841798006478,0.017369668769801918,0.012647116183000472,0.0,0.004900741974641079,0.0,0.01231454338898079,0.014386025562639383,0.02077305379157688,0.01062588977059225,0.007475808395498869,0.0,0.02911614297064187,0.02674212825283383,0.0,0.03535715968132626,0.02935997248634131,0.022675889140511434,0.0,0.00418004690759812,0.007427206916844475,0.006520182968588776,0.0,0.008723951026085298,0.003973601869860183,0.008371019775658465,0.0189777354311964,0.0062230242839660275,0.0
107,25.799684425901194,4.350828785856918,0.011007206636323628,31.86971948154155,30.605160203552487,24.34578100709706,33.72903357843353,31.86222736103275,19.540997063811858,18.687919122733433,26.0388788408589,24.122452131512603,20.777184829733585,22.03816530646924,22.05269227216445,24.944077597093383,26.130019727922615,20.805007172707178,24.613599959219016,30.707868695012962,30.342288084323002,31.526880598083892,26.49257152440549,25.361179781723763,24.563897486680446,28.097111671982134,32.93930279739641,23.677633403500863,24.80150648479139,29.970708626065118,20.42301747258557,23.406684248421527,19.51696624617955,0.004379535727811498,0.00959186093136396,0.014671774248359231,0.0174450447864882,0.0019203391687798443,0.004897500434508811,0.005119618905783211,0.014963094850612351,0.010555692717604996,0.011521653361886408,0.009814422044576327,0.012750512398219928,0.0,0.030852378108411516,0.02640175760816425,0.0,0.03951745395232528,0.03136557248665698,0.0203270935550618,0.0037121618912148977,0.012597682036697996,0.007458077335929365,0.0,0.00010277597051062325,0.006553776544567205,0.006491828435213581,0.0055852582727257604,0.014833557873839533,0.006785775442395403,0.0
108,25.555641998739627,4.298032594970981,0.01107354456129742,31.86971948154155,28.473958239225226,23.843069989526157,33.72903357843353,31.86222736103275,19.540997063811858,18.687919122733433,25.4509139616859,24.122452131512603,20.777184829733585,22.03816530646924,22.05269227216445,24.944077597093383,24.768273145853982,20.805007172707178,24.613599959219016,30.707868695012962,30.342288084323002,31.526880598083892,26.49257152440549,25.361179781723763,24.563897486680446,28.097111671982134,32.094620688125076,23.677633403500863,24.80150648479139,29.970708626065118,20.42301747258557,21.513717985985636,19.51696624617955,0.023450132023382007,0.017655281221478195,0.004400540649019189,0.01859729462131009,0.008959652000778471,0.003211071236861661,0.00908353203314135,0.014777207549384741,0.00857934641951745,0.015579369505227455,0.003547057155473759,0.016710090440969654,0.0017563221936617406,0.026083040173658957,0.018650115408904967,0.0,0.036217757665517755,0.032224940765860605,0.02478173499678118,0.0,0.003064077897331883,0.0006425910821225438,0.0,0.0,0.0054951758112736825,0.004790054062152298,0.0026258802148481845,0.016564069865859923,0.014590953095415835,0.00016904874898905186
109,25.411162199220712,4.301369447331283,0.01137689566465579,31.469901506648284,28.473958239225226,23.843069989526157,33.72903357843353,31.86222736103275,19.540997063811858,18.687919122733433,25.4509139616859,24.122452131512603,20.777184829733585,22.03816530646924,22.05269227216445,24.944077597093383,24.768273145853982,19.807800626597782,24.613599959219016,29.535286459518943,30.342288084323002,31.526880598083892,26.49257152440549,25.361179781723763,22.799110257609698,28.097111671982134,32.094620688125076,23.677633403500863,24.80150648479139,29.970708626065118,20.42301747258557,21.513717985985636,19.51696624617955,0.014202679298461602,0.021639517299117717,0.0059707975429016446,0.018739693991887664,0.0014352655042716874,0.0,0.0033319945740943237,0.02453408455340815,0.01593992676459082,0.014027254021552004,0.0028622552970978717,0.017777671275841043,0.003666735225795184,0.01857232961184406,0.01707965761511527,0.0015898037859559608,0.03782192696913755,0.03490786518134872,0.01993422373746133,0.0,0.005212036290620911,0.005854792791912154,0.008422951661066453,0.001637960711743756,0.0029978847335628495,0.005144829952978017,0.0,0.012203167748902224,0.017271258288810383,0.008528305510194411
110,25.12735703239118,4.310997287501269,0.01196205933517607,31.01037634481844,28.473958239225226,23.843069989526157,33.72903357843353,31.86222736103275,19.540997063811858,18.687919122733433,25.4509139616859,21.01686659068207,20.461130713751743,22.03816530646924,21.963284330033957,24.944077597093383,24.768273145853982,19.807800626597782,24.613599959219016,29.069393482904104,30.342288084323002,31.526880598083892,24.5279054446666,25.361179781723763,22.799110257609698,28.097111671982134,32.094620688125076,23.677633403500863,24.80150648479139,28.349303317324654,19.931399593566766,21.513717985985636,19.51696624617955,0.0034486534854476394,0.02440771713426287,0.017470575547650535,0.026395061862338517,0.003328803981935123,0.0,0.0,0.023721253942994902,0.01704413683267033,0.013397931658426912,0.002852600132524915,0.01764430863199716,0.01399493564607041,0.017232492385232542,0.023414391585608242,0.0005268077411501515,0.027928567890481912,0.034884524095985386,0.024538888760086197,0.006136238483584914,0.010097259401634173,0.009499387455878593,0.010901785769786815,0.0,0.0,0.007396944922215761,0.0,0.00690022467871031,0.015698288028607663,0.0
111,25.048889227676007,4.278780261098453,0.013446988587029236,29.316752547623253,28.473958239225226,23.843069989526157,33.72903357843353,31.86222736103275,19.540997063811858,18.027508778473305,25.4509139616859,21.01686659068207,20.461130713751743,22.03816530646924,21.963284330033957,24.944077597093383,24.768273145853982,19.807800626597782,24.613599959219016,29.069393482904104,30.342288084323002,31.526880598083892,24.5279054446666,25.361179781723763,22.799110257609698,28.097111671982134,32.094620688125076,23.677633403500863,24.80150648479139,28.349303317324654,19.931399593566766,21.513717985985636,19.51696624617955,0.010410896887229903,0.020953300888692346,0.015895863153573754,0.019215749793072577,0.0,0.0,0.0,0.022669828521438336,0.01702186085484216,0.00756132278540934,0.0,0.015005095778134749,0.012383094989134417,0.02271590875421465,0.020833229082931067,0.012043363546475241,0.029288716947456134,0.03942262909964789,0.023433948166052158,0.01910964683659527,0.008116263008156085,0.006950621284935104,0.0027424497587570703,0.011318911498001153,0.0,0.01722331015632419,0.0060188551009556284,0.011880130627425614,0.01986181286818691,0.011332847223235349
112,25.016664827183217,4.254275405269734,0.01278288842445101,29.316752547623253,28.473958239225226,23.843069989526157,33.72903357843353,31.86222736103275,19.540997063811858,18.027508778473305,25.4509139616859,21.01686659068207,20.461130713751743,22.03816530646924,21.845475999706878,24.944077597093383,24.768273145853982,19.807800626597782,24.613599959219016,28.568933343964318,30.08407405278797,31.526880598083892,24.5279054446666,25.361179781723763,22.799110257609698,28.006862158000388,32.094620688125076,23.677633403500863,24.80150648479139,28.349303317324654,19.931399593566766,21.513717985985636,19.51696624617955,0.0057226989781309825,0.026189772608541897,0.024918476378867488,0.028567840100955064,0.004042180807587069,0.0,0.0,0.02167504343059588,0.02017042335558818,0.00692430870491221,0.006501475386996449,0.0036769706225752703,0.011144429159983062,0.02142821188729411,0.019933304780211283,0.019168876926095316,0.015622079553356644,0.022788106262355053,0.01625270069689215,0.026591121177073577,0.0,0.0031344498837760698,0.0,0.014423566997602378,0.0032287122859195935,0.01769424174068103,0.009925997811127848,0.006570368384227073,0.01574903474794571,0.01144226006423887
113,24.89676763864111,4.278241040922141,0.011779303341954763,29.281724323144033,28.470436109700813,23.843069989526157,33.72903357843353,31.86222736103275,19.540997063811858,18.027508778473305,25.4509139616859,21.01686659068207,19.810362458980535,22.03816530646924,20.945320437194255,24.944077597093383,24.768273145853982,19.807800626597782,24.613599959219016,28.568933343964318,30.08407405278797,31.526880598083892,24.5279054446666,25.361179781723763,21.810297225851116,27.704761124377967,31.378093268530108,23.677633403500863,24.80150648479139,28.349303317324654,19.931399593566766,21.513717985985636,19.51696624617955,0.0034851035344929293,0.014281433856196459,0.013858102059371427,0.023821190649461095,0.009074662659004869,0.011219102213787649,0.0,0.01591501000415975,0.029969526557629737,0.008733694451941186,0.016519649696074962,0.0,0.007787869653080672,0.014564026589762268,0.030435532216454144,0.01260043230186868,0.015036747106564012,0.017044054778180467,0.009603006034541017,0.026652546372704165,0.006003061461877891,0.0,0.0073478538626286895,0.010037772719443639,0.0035710781767253957,0.004714778860259456,0.002986351961693322,0.010074709162601194,0.011883572282956225,0.01615823103518153
114,24.720732420767966,4.251475736522315,0.011564636841814356,28.56314375898819,28.343617070684843,23.299490415275272,33.72903357843353,31.41057794508413,18.709514729426758,18.027508778473305,25.4509139616859,20.91309949809272,19.810362458980535,22.03816530646924,20.945320437194255,24.944077597093383,24.768273145853982,19.807800626597782,24.613599959219016,28.568933343964318,30.08407405278797,31.526880598083892,23.331516929982,25.361179781723763,21.810297225851116,27.704761124377967,31.378093268530108,23.677633403500863,24.80150648479139,27.040513316160855,19.931399593566766,21.513717985985636,19.51696624617955,0.00028722565723550804,0.016194588216484698,0.0022341613528199934,0.02886279764224907,0.012205240127342636,0.007824700982532212,0.009455269080184434,0.01752577361102868,0.01836861131460149,0.009017656989410946,0.014084081039532804,0.0009663828737076539,0.0,0.017508746696240283,0.029100664278382784,0.0025902594278495016,0.02668537246820429,0.02392081902276995,0.004782495393827816,0.029585973004269867,0.010955867077413348,0.0,0.009780520440260827,0.013066103754667888,0.00909998831237894,0.009878969057159981,0.0,0.004258271303952722,0.0,0.0186985661299223
115,24.434246179438468,4.0210549379349425,0.01028551461775374,28.56314375898819,28.343617070684843,22.76620196862757,30.877152521595974,31.41057794508413,18.588303246707028,18.027508778473305,24.911330151841696,20.91309949809272,19.810362458980535,22.03816530646924,20.69511888079103,24.944077597093383,24.768273145853982,19.807800626597782,24.613599959219016,28.568933343964318,28.93044921219507,31.526880598083892,23.331516929982,25.361179781723763,21.810297225851116,26.883566100925464,31.378093268530108,23.677633403500863,24.80150648479139,25.11439665428162,19.931399593566766,21.513717985985636,19.119481884671416,0.0,0.00822419657480863,0.002226155869482408,0.025884541320584743,0.0123722046230389,0.0008532042297791529,0.005306228687227418,0.018824948085179486,0.009189996270104394,0.009841107841671136,0.013187459262642521,0.0010475209563547048,0.0031079049584317705,0.01936546040969103,0.01884122958312699,0.0022202362376730475,0.026750514037901057,0.020182249864240272,0.0,0.03067967385684478,0.006908977941396826,0.0,0.011494113235382715,0.005440369273618119,0.010567110963937514,0.013503208989339915,0.0,0.007338608805420775,0.0,0.025208216654733943
116,24.41479612237743,4.040027277713101,0.010575929918990479,28.56314375898819,28.343617070684843,22.76620196862757,30.877152521595974,31.41057794508413,18.588303246707028,18.027508778473305,24.911330151841696,20.91309949809272,19.810362458980535,22.03816530646924,20.12326125069734,24.944077597093383,24.768273145853982,19.807800626597782,24.6019558774816,28.568933343964318,28.93044921219507,31.526880598083892,23.331516929982,25.361179781723763,21.810297225851116,26.883566100925464,31.378093268530108,23.677633403500863,24.80150648479139,25.11439665428162,19.931399593566766,21.513717985985636,19.119481884671416,0.0,0.01055804662705902,0.006581277770858566,0.024665824777151835,0.014645646016113801,0.0,0.0,0.01411310994799868,0.008442041460993234,0.010800510412805381,0.0245419140413345,0.0,0.0,0.018601550048490123,0.014204424319324832,0.004029297467810474,0.032626625974560806,0.01817343331726313,0.00326134053887151,0.02252909896799678,0.015343917778948715,0.0,0.019440622699525508,0.0008212098467191512,0.01241463404263746,0.018670350616500412,0.0012496021679565573,0.005157328175088271,0.0,0.016406090553705625
117,24.04678328794889,3.877218161985346,0.010521892877796157,28.56314375898819,25.834631869468353,22.76620196862757,30.877152521595974,31.41057794508413,18.588303246707028,18.027508778473305,24.911330151841696,20.91309949809272,19.810362458980535,20.284955939523797,20.12326125069734,24.944077597093383,24.239631406590036,19.807800626597782,24.6019558774816,26.964614510325873,24.57820875156932,31.526880598083892,23.331516929982,25.361179781723763,21.810297225851116,26.883566100925464,31.29651776093533,23.677633403500863,24.80150648479139,24.90298273071062,19.931399593566766,21.513717985985636,19.119481884671416,0.005387508676836672,0.005674956234553933,0.012740337150540607,0.02346836505517542,0.014877018846465825,0.0,0.005418719767533708,0.01620393283180684,0.00103156434320875,0.012105536983576493,0.0185688523895258,0.0014513152290158576,0.010827267434666037,0.011736916048809746,0.016688422663376112,0.004911852072431279,0.03523833088850252,0.004713963648573548,0.0025522057319697293,0.017163364492044333,0.005730532213205572,0.004585090778940865,0.01932172877308009,0.0005519318658502081,0.008709605210075263,0.028476503991861763,0.0032209856479840965,0.005655861034398597,0.0,0.018644116329875043
118,23.95388282449835,3.770660772547588,0.011136138368801686,28.56314375898819,25.834631869468353,22.76620196862757,30.877152521595974,30.979070237499002,18.588303246707028,18.027508778473305,24.911330151841696,20.91309949809272,19.810362458980535,20.284955939523797,20.12326125069734,24.944077597093383,23.733084189884323,19.807800626597782,24.6019558774816,26.280756745166457,24.57820875156932,31.526880598083892,23.331516929982,25.26084084185885,21.810297225851116,26.883566100925464,30.231755486734187,23.677633403500863,24.80150648479139,24.90298273071062,19.931399593566766,21.513717985985636,19.119481884671416,0.00979942934918796,0.009847130717392672,0.009261335983913722,0.027330955341908294,0.014561243740221488,0.0016640811861894523,0.0,0.024393814676026464,0.003283351215562176,0.0,0.012609412555449864,0.007459223079221389,0.011896676091037615,0.014153330424881186,0.01794819177493496,0.012571491227050329,0.02630979090077342,0.004312893944173481,0.01101585072607867,0.019493408320220548,0.0017524425119650874,0.005992362414955281,0.018817130005211066,0.0,0.006348886089719893,0.02872129989941553,0.00494801245523993,0.010315405168591842,0.006310336174336779,0.01296666509039152
119,23.783178629451715,3.7282867587821524,0.011187369468849791,28.56314375898819,25.834631869468353,22.76620196862757,30.877152521595974,30.599216800481713,18.588303246707028,18.027508778473305,24.911330151841696,20.91309949809272,19.810362458980535,20.284955939523797,19.022984475883902,24.944077597093383,23.733084189884323,19.730582539942816,24.6019558774816,26.280756745166457,24.57820875156932,29.42245550458017,23.331516929982,25.26084084185885,21.78352205222137,26.883566100925464,30.231755486734187,23.677633403500863,24.80150648479139,24.90298273071062,18.49882230778678,21.513717985985636,19.119481884671416,0.0117494011736564,0.013906061485632339,0.0052385669221661395,0.023943773770833177,0.01258849452227795,0.011780174074583314,0.006368468155994116,0.014318558389764546,0.004531789867273536,0.0,0.008279258260939884,0.003268333879813728,0.017122602358863058,0.017802768556752592,0.02366501291842641,0.01296132384868903,0.02302286169863857,0.00876310604681546,0.018705636143180052,0.018751480145934536,0.0,0.0017800169062209125,0.013767623254232982,0.006492877550101132,0.007355844349369597,0.021577620043058347,0.012430915073116153,0.0010128323583780284,0.0032535495086409858,0.011182132802140742
120,23.680740781092542,3.678676154790419,0.012010946327955683,26.84137873501936,25.834631869468353,22.76620196862757,30.52362606368422,30.599216800481713,18.588303246707028,18.027508778473305,24.911330151841696,20.19619705435889,19.810362458980535,20.284955939523797,19.022984475883902,24.944077597093383,23.733084189884323,19.730582539942816,24.6019558774816,26.280756745166457,24.57820875156932,29.42245550458017,23.331516929982,25.26084084185885,21.78352205222137,26.883566100925464,30.231755486734187,23.677633403500863,24.80150648479139,24.90298273071062,18.21788078262597,21.513717985985636,19.119481884671416,0.008087998972334056,0.012024228867037513,0.005970704882976163,0.025362463837669342,0.004473744751464081,0.012602211686104214,0.012486837200963748,0.005690671113807199,0.002027080614473137,0.00016215171114050502,0.006367013675188263,0.005834554212421593,0.02376554731950936,0.01737305758461147,0.01879435852507373,0.01694287326893568,0.022313287279456567,0.014747118769913142,0.029005308925597363,0.021224885170326654,0.008087008140356913,0.00847108394739498,0.011524312662982388,0.0021210456740169727,0.012287682894768007,0.022406090172488208,0.013174377156685353,0.005609583537071357,0.0,0.011391107283902562
121,23.503374236391267,3.880419250259751,0.011171686116995622,26.84137873501936,25.834631869468353,22.76620196862757,30.52362606368422,30.599216800481713,18.588303246707028,17.98056250450844,24.911330151841696,20.19619705435889,19.810362458980535,20.284955939523797,19.022984475883902,24.944077597093383,23.733084189884323,16.845120375609895,24.6019558774816,26.280756745166457,24.57820875156932,29.42245550458017,23.331516929982,24.632095166941326,21.47741944463087,26.883566100925464,30.231755486734187,23.677633403500863,24.80150648479139,24.90298273071062,18.21788078262597,21.513717985985636,17.665742264438904,0.007081468746586174,0.013075358978808538,0.010736486210459436,0.01327649847372101,0.003654749225894991,0.015340588568944588,0.0026594995542768545,0.004870722579177823,0.0,0.011105152404918082,0.0038245817131766086,0.0,0.019629924499168613,0.009110326088604999,0.02338249251612906,0.0073367327233393375,0.014822084470141484,0.012317733458506532,0.02874028519771503,0.0016381585480168272,0.009753239383828329,0.018143443398879668,0.01973648644556545,0.007812697912650938,0.015752641323258196,0.01872009388600465,0.016270084651739816,0.0058157604499429584,0.0006141611332924811,0.01992913096712013
122,23.443369022241022,3.8565235690253403,0.011314340822756968,26.84137873501936,25.834631869468353,22.76620196862757,30.52362606368422,30.599216800481713,18.588303246707028,17.98056250450844,24.911330151841696,20.19619705435889,19.810362458980535,20.284955939523797,18.258911674148067,24.944077597093383,23.733084189884323,16.845120375609895,24.6019558774816,26.280756745166457,24.57820875156932,29.42245550458017,23.331516929982,24.632095166941326,21.47741944463087,26.883566100925464,29.195671863962787,23.677633403500863,24.80150648479139,24.90298273071062,18.21788078262597,21.513717985985636,17.665742264438904,0.007761026244009182,0.013739632950478298,0.010815269276476839,0.021034235078753162,0.0034016729823638375,0.00813298126679287,0.0,0.004390451205820768,0.0,0.0089666707978925,0.009917467094064618,0.0002940087863460495,0.015206599841212509,0.013666664059351815,0.018388793464950693,0.00893920336912481,0.012817990234181809,0.013953525062321798,0.020595594779963367,0.0006889714776881833,0.014525998126714798,0.018623766384916373,0.022976710173463567,0.007116638984537474,0.011266987304114549,0.02207219086232823,0.01818569016617888,0.0061526567491673595,0.011491816682200654,0.014307011277293922
123,23.012562795272114,3.911656611441937,0.012028147166361759,26.84137873501936,23.03267361176563,21.498250550023386,30.52362606368422,27.56961339820458,18.588303246707028,17.337427694425287,24.911330151841696,20.19619705435889,19.810362458980535,20.284955939523797,18.258911674148067,24.944077597093383,23.733084189884323,16.845120375609895,24.6019558774816,26.280756745166457,23.205790599492616,29.42245550458017,23.331516929982,24.632095166941326,21.47741944463087,26.883566100925464,29.195671863962787,23.516325504867268,24.80150648479139,24.90298273071062,17.123809856439095,21.513717985985636,15.112000320935863,0.017670069427245142,0.015715941809697816,0.0038509324840693775,0.023131955132315717,0.0017126062775083479,0.013620666891021965,0.01170847033745687,0.004811920670484619,0.0,0.01186657818754962,0.01796483756176068,0.00410803455488049,0.010673440176639697,0.010698629148943657,0.01330163491538253,0.004660746461637091,0.01671821052625013,0.019184972696901434,0.01401239241257947,0.0,0.014618250446072664,0.015878070126225285,0.024619050101766054,0.01670094063645135,0.014181368801423512,0.013499171149873762,0.015772081259666136,0.0019765860301053056,0.010023832083925209,0.018163024683018888
124,22.851961315230906,3.8265765907942453,0.011965856896156573,26.84137873501936,23.03267361176563,21.498250550023386,29.322948704809676,27.56961339820458,18.588303246707028,17.337427694425287,24.911330151841696,20.19619705435889,19.810362458980535,18.700304527236995,18.258911674148067,24.944077597093383,23.733084189884323,16.845120375609895,24.6019558774816,26.280756745166457,23.205790599492616,28.531212521584962,23.2100446648854,23.902090124453423,21.47741944463087,26.883566100925464,29.195671863962787,23.516325504867268,24.80150648479139,24.61298739121554,17.123809856439095,21.513717985985636,15.112000320935863,0.005158815518845997,0.015091139054480618,0.009607445454360807,0.01692934518751962,0.011783302392726019,0.022786086930328228,0.012522893646395993,0.004177687875401927,0.014657463283905554,0.007317811525277424,0.018301421932944758,0.005105456759977407,0.008659492264912536,0.002550481082246687,0.016551785835569537,0.006487858135688931,0.019014735397684633,0.021276685236145405,0.011296876064097908,0.008583196255328005,0.0030070285662095477,0.011085140595698678,0.025229954604276607,0.013036939958756811,0.012818180749428022,0.020414357004067994,0.006568608212919646,0.002269828997843544,0.010979628865970145,0.015706059495688207
125,22.76846468481154,3.7779224694710867,0.012180563444410911,26.27206730890026,23.03267361176563,21.498250550023386,29.142412544036745,27.56961339820458,18.588303246707028,17.337427694425287,24.911330151841696,20.19619705435889,19.810362458980535,18.700304527236995,18.258911674148067,24.944077597093383,23.733084189884323,16.845120375609895,23.373820156148724,26.280756745166457,23.205790599492616,28.531212521584962,23.2100446648854,23.902090124453423,21.47741944463087,26.883566100925464,29.195671863962787,23.516325504867268,24.80150648479139,24.086071786859577,17.123809856439095,21.513717985985636,15.112000320935863,0.01092873733839357,0.01062043789863066,0.012057347262872999,0.009015659923804058,0.01459261680509327,0.02594797820956068,0.01942714027380716,0.00541867962259478,0.009308539550596307,0.004990044096975651,0.01579607194751116,0.006833674827291889,0.007960421743092425,0.0031205295385719873,0.00832818341598079,0.006915155154265655,0.002617363964711294,0.023816431483842822,0.021168308706338335,0.01655090086273841,0.013436913308871687,0.01743366556749929,0.01699262538658865,0.01484248056000179,0.006340219697615045,0.02532487652341714,0.0,0.003451960651493182,0.012473347150562886,0.019706591859603783
126,22.7546683232391,3.7738546963544666,0.011734054132938238,26.27206730890026,23.03267361176563,21.498250550023386,29.142412544036745,27.56961339820458,18.588303246707028,17.337427694425287,24.911330151841696,20.19619705435889,19.810362458980535,18.700304527236995,18.258911674148067,24.712638460663698,23.733084189884323,16.845120375609895,23.373820156148724,26.280756745166457,23.205790599492616,28.531212521584962,23.2100446648854,23.902090124453423,21.47741944463087,26.883566100925464,29.195671863962787,23.516325504867268,24.734882131097834,24.086071786859577,17.123809856439095,21.397890628935556,15.112000320935863,0.006880566571995222,0.01681636394541398,0.015507286279039363,0.0050128703006264924,0.015262817199453967,0.026720436573652567,0.01829257875336015,0.0,0.0016017168094363454,0.01424920428487169,0.010671682223877437,0.0032328761483492994,0.01111052809001322,0.011962251813603952,0.011054915228564683,0.009404827545072415,0.002456058011291864,0.02032345738995296,0.016889525580737624,0.016926561002559442,0.009720373977623592,0.01982101004141725,0.019064054513610675,0.015794222697759364,0.007465860418643133,0.02257965764736957,0.0,0.0,0.01125763705923601,0.011942283880614992
127,22.675020628122997,3.7886787241649693,0.011943903117669316,26.27206730890026,23.03267361176563,21.498250550023386,29.142412544036745,27.56961339820458,18.588303246707028,17.337427694425287,24.911330151841696,20.19619705435889,19.810362458980535,18.700304527236995,18.258911674148067,24.712638460663698,23.733084189884323,16.845120375609895,23.373820156148724,26.280756745166457,20.816359746009823,28.531212521584962,23.2100446648854,23.902090124453423,21.47741944463087,26.883566100925464,29.195671863962787,23.516325504867268,24.734882131097834,24.086071786859577,17.123809856439095,21.397890628935556,15.112000320935863,0.0011764515318323306,0.017464260497486964,0.013928322355670632,0.01098210628257591,0.01662181951017132,0.02887476651129899,0.01549434856133343,0.006582536882724064,0.0,0.006838229925894475,0.010785633563679026,0.01370000579723687,0.01914397066983006,0.0010166662551174682,0.0033646216122851956,0.013263900977888597,0.010756490551767002,0.02334140061707371,0.01762504341571227,0.011623560517630936,0.013052205869664648,0.025023723793750275,0.005244206077940897,0.024253242154439535,0.006288492158095347,0.023532995449966457,0.0,0.0,0.011606010247458375,0.006732081741554645
128,22.52054073464637,3.7785453058245047,0.013455711051768808,26.27206730890026,23.03267361176563,21.498250550023386,29.142412544036745,27.56961339820458,18.588303246707028,17.337427694425287,24.911330151841696,20.19619705435889,19.810362458980535,18.700304527236995,18.258911674148067,23.008217498223132,23.733084189884323,16.845120375609895,23.373820156148724,26.280756745166457,20.816359746009823,28.531212521584962,23.2100446648854,21.996067122694342,20.453466604531513,26.883566100925464,29.195671863962787,23.516325504867268,24.734882131097834,24.086071786859577,17.123809856439095,21.397890628935556,15.112000320935863,0.006183145126684843,0.02099522424611729,0.01675750476179684,0.0034478119160486357,0.01078375445252849,0.025698067901437166,0.019269747862437996,0.00679173860965002,0.0024211737639611977,0.006731028831987201,0.013119406315201858,0.01989990742448647,0.025515841175058687,0.00516476226271735,0.00520161898664547,0.019212327524412334,0.019959486939010205,0.024062671438965087,0.012162719838338495,0.011951943255479042,0.015194662573502351,0.027336061956973617,0.0062144823034909445,0.030270265349812,0.005201345698481498,0.02648060699146509,0.0060348739067948905,0.0018750342713059072,0.004379346755124747,0.005354769113148451
129,22.486055278273827,3.7920412885812405,0.014869076641696809,26.27206730890026,23.03267361176563,21.498250550023386,28.971437731413346,27.56961339820458,18.552410799894574,17.337427694425287,24.911330151841696,20.19619705435889,19.810362458980535,18.700304527236995,17.65218148563281,23.008217498223132,23.512117946659146,16.845120375609895,23.373820156148724,26.280756745166457,20.816359746009823,28.531212521584962,23.2100446648854,21.996067122694342,20.453466604531513,26.883566100925464,29.195671863962787,23.516325504867268,24.734882131097834,24.086071786859577,17.123809856439095,21.397890628935556,15.112000320935863,0.009622970175861405,0.023197997585209906,0.018491729321454053,0.01072656249516557,0.010065418672050444,0.019955635614602143,0.0184157226941874,0.013903109160477562,0.0043076483461166335,0.0,0.01766314176948144,0.02044686491912648,0.03092116644563547,0.005957257665318147,0.008087858246406657,0.020375650460808296,0.024778800203123817,0.02573723694686347,0.011326265312640922,0.018299011827308153,0.018526523328814083,0.03282903275605684,0.004529847321273894,0.03100367907204832,0.002971336875958886,0.02607589735749199,0.01465032314852093,0.0,0.0032056115289012758,0.0
130,22.236687039824563,3.8965410593456196,0.014393697791645748,25.2998758122651,23.03267361176563,21.498250550023386,28.54563653192031,27.56961339820458,17.426879964373256,17.337427694425287,24.911330151841696,20.19619705435889,16.670613364155656,18.700304527236995,17.65218148563281,23.008217498223132,23.512117946659146,16.845120375609895,23.373820156148724,26.280756745166457,20.816359746009823,28.531212521584962,22.17140104693658,21.216936213639656,20.453466604531513,26.883566100925464,29.195671863962787,23.516325504867268,24.734882131097834,24.086071786859577,17.123809856439095,21.397890628935556,15.112000320935863,0.011671786622432106,0.026573038730439646,0.004872277219972813,0.0069307137255348395,0.023060830127510375,0.012338513454784795,0.025549742002062337,0.010740233637035943,0.004819925830932811,0.0059694270420473485,0.02279254799460607,0.019011460563057265,0.026373103547692813,0.0035087944606021736,0.006428513315024842,0.017988783558697707,0.017522339813747664,0.01430771590397689,0.013117013347030082,0.003777455235007973,0.027896795773396484,0.03631174445626453,0.0,0.030203438388114106,0.004594361605423662,0.026060769699743334,0.025288600752935566,0.004101006941298222,0.0,0.0
131,22.16442185859438,3.834993487479533,0.013962825539960137,25.2998758122651,23.03267361176563,21.498250550023386,28.54563653192031,27.56961339820458,17.426879964373256,17.337427694425287,24.911330151841696,20.19619705435889,16.670613364155656,18.700304527236995,17.65218148563281,23.008217498223132,23.512117946659146,16.845120375609895,23.373820156148724,26.280756745166457,20.475723349984605,27.125327471677736,21.85250216892058,21.216936213639656,20.350931491574556,26.883566100925464,29.195671863962787,23.516325504867268,24.734882131097834,24.086071786859577,17.123809856439095,21.397890628935556,15.112000320935863,0.00531849810965351,0.019019917869797322,0.0012321855583770026,0.0,0.023931550665468655,0.0025011744299546996,0.02967789226140393,0.0013374637536580068,0.0015653017754307936,0.013379829874803066,0.014874017228108568,0.019709537295169475,0.027477258981855674,0.013687394432745716,0.017465190539249928,0.010350415951513271,0.022594056325492627,0.015608756795323806,0.01354409750460417,0.00904766991876636,0.016791194256498932,0.028685839400875813,0.007638478920265534,0.022731895246046175,0.012299005734460501,0.02716921208160246,0.03300018243034842,0.0030452301179611746,0.005201518739368495,0.0
132,21.99448103217448,3.7617790362279195,0.013335849836723555,25.2998758122651,23.03267361176563,21.498250550023386,28.29153654761683,25.641871509776593,17.426879964373256,17.337427694425287,24.911330151841696,20.19619705435889,16.670613364155656,18.700304527236995,17.65218148563281,23.008217498223132,22.674228767801083,16.845120375609895,23.373820156148724,26.280756745166457,20.475723349984605,27.125327471677736,21.85250216892058,19.86042347353947,20.350931491574556,26.883566100925464,29.195671863962787,23.516325504867268,24.734882131097834,24.086071786859577,17.123809856439095,20.675909628028194,15.112000320935863,0.010691471211528629,0.02343142980605014,0.009251400703911792,0.0,0.016439149196268165,0.0029722566405824186,0.028232691187731414,0.0,0.0022580537810928314,0.013362865365725429,0.005539013646939728,0.010850117335143865,0.02330033076318733,0.010300113785838262,0.006894598470489637,0.014254562032222192,0.024590802014309136,0.018628365079467066,0.011257329985105964,0.00261664228126205,0.009183042682048349,0.026245644925760116,0.019098851401546657,0.027967055038580244,0.013595855033088017,0.023894150430123023,0.02692209134297451,0.007315534457548068,0.010982076503181662,0.0
133,21.773525754103375,3.7911207053114326,0.012328375839941152,25.2998758122651,21.823265738963357,21.498250550023386,26.64465042994607,25.641871509776593,17.426879964373256,17.337427694425287,24.911330151841696,17.76070536050986,16.503523767512718,18.700304527236995,17.65218148563281,23.008217498223132,22.674228767801083,16.845120375609895,23.373820156148724,26.280756745166457,20.475723349984605,27.125327471677736,21.397949388091206,19.86042347353947,20.350931491574556,26.883566100925464,29.195671863962787,23.516325504867268,24.734882131097834,24.086071786859577,17.123809856439095,20.675909628028194,14.396770040597232,0.017051832308210287,0.019335898657733292,0.002665603800843267,0.007350995238488283,0.016130158726975975,0.0036578518087817505,0.034532110480305814,0.004694851590947369,0.009823258757949689,0.002123854733672581,0.00827207174548175,0.007411488904528208,0.031957922608185765,0.004196714546673802,0.0075609238549938845,0.01310441730570681,0.015963633988966316,0.016067094220176714,0.0,0.0,0.012728568385032177,0.016988056362127205,0.01368846919902463,0.030770113950884626,0.006099183148076196,0.03027561062639623,0.012816642133247695,0.012896085157510355,0.007879565016977673,0.0038082979403363465
134,21.639998949977986,3.836537497342916,0.012519773776883817,25.2998758122651,21.823265738963357,21.498250550023386,26.64465042994607,25.641871509776593,17.426879964373256,17.337427694425287,24.911330151841696,17.76070536050986,16.503523767512718,18.700304527236995,17.09854104805521,23.008217498223132,22.674228767801083,16.845120375609895,22.459778696325827,26.280756745166457,18.41626568893281,27.125327471677736,21.397949388091206,19.86042347353947,20.350931491574556,26.883566100925464,29.195671863962787,23.037660939557725,24.734882131097834,24.086071786859577,17.123809856439095,20.675909628028194,14.396770040597232,0.010977304657385563,0.007355940400614837,0.008936342293373967,0.0,0.02002837744636301,0.0176158349424535,0.025447219646908388,0.0036807034150924405,0.01966453482753059,0.010827319135679143,0.015182303008191799,0.008852967641846772,0.02984802415369754,0.000547090108780451,0.008602574737894516,0.006522108801487856,0.016384784239163445,0.013861953162888355,0.011100264949224278,0.00291103986271144,0.0022537721819188544,0.02184464028652334,0.012546119540966459,0.03497177478199379,0.0,0.017009520244864698,0.015790803967902934,0.011535012820606805,0.019562201068151788,0.0017326809822980015
135,21.625863660428323,3.8398482335293234,0.01272353492628169,25.2998758122651,21.823265738963357,21.498250550023386,26.64465042994607,25.641871509776593,17.324844608051308,17.337427694425287,24.8028586464485,17.76070536050986,16.503523767512718,18.700304527236995,17.09854104805521,23.008217498223132,22.674228767801083,16.845120375609895,22.459778696325827,26.280756745166457,18.41626568893281,27.125327471677736,21.397949388091206,19.86042347353947,20.13737966679986,26.883566100925464,29.195671863962787,23.037660939557725,24.734882131097834,24.086071786859577,17.123809856439095,20.675909628028194,14.396770040597232,0.0027211975957930168,0.002543365731863497,0.0,0.0037945503802816073,0.027052407543090587,0.027810861686691026,0.023550742746616865,0.009245176116122812,0.020571816654395354,0.008467929099787112,0.011428924568535984,0.010379342288387145,0.023680228991906433,0.00800416271698136,0.0,0.006500156252284203,0.016150065123555823,0.007075909087918885,0.009360493335281822,0.007863334707495189,0.006336279381528465,0.016649969623815826,0.013451267298077465,0.04057927854869005,0.0,0.021944145811560185,0.015695624131070784,0.012186558641497888,0.024417426851217817,0.0042448328740034855
136,21.59943526223128,3.8060866993252214,0.012654502924340979,25.2998758122651,21.823265738963357,21.498250550023386,26.64465042994607,25.641871509776593,17.324844608051308,17.337427694425287,24.8028586464485,17.76070536050986,16.503523767512718,18.700304527236995,17.09854104805521,23.008217498223132,22.674228767801083,16.845120375609895,22.459778696325827,26.226979243818107,18.41626568893281,27.125327471677736,21.397949388091206,19.86042347353947,20.13737966679986,26.14449165636256,29.195671863962787,23.037660939557725,24.734882131097834,24.086071786859577,17.123809856439095,20.675909628028194,14.396770040597232,0.0,0.005224067527784086,0.0,0.0027402865445444523,0.02186737432895496,0.024749527165279867,0.02525687977640481,0.006454857472192911,0.023576492959431573,0.021035868869114554,0.01562946217381567,0.007934346640870749,0.03220649269298877,0.002943340072151035,0.0033783168106951336,0.0033182477734005765,0.01970382661103634,0.003855031894848568,0.014928480022704952,0.008291818756539358,0.012038231382384445,0.016892312012343817,0.0001718151902547449,0.03597698158722331,0.0,0.021861346731670405,0.014271800375471332,0.007501806603032478,0.02615429399634993,0.0016717817587406168
137,21.495906935073556,3.870466372218677,0.01318403288843437,25.2998758122651,21.823265738963357,21.173003188551604,26.64465042994607,25.641871509776593,17.324844608051308,17.337427694425287,24.8028586464485,17.76070536050986,16.503523767512718,18.30041040337551,17.09854104805521,23.008217498223132,22.674228767801083,16.845120375609895,22.459778696325827,26.226979243818107,18.41626568893281,27.125327471677736,19.583200658252963,19.86042347353947,20.13737966679986,26.14449165636256,29.195671863962787,23.037660939557725,24.734882131097834,24.086071786859577,17.123809856439095,20.675909628028194,13.830810441036931,0.0,0.0028503418684377017,0.004303091792207292,0.006652532835578134,0.020281198363516505,0.027045042932587436,0.02180381891750454,0.0010751209867271903,0.024174058117978844,0.021120576280069445,0.0,0.006349195553055977,0.025369651515207734,0.015754454219627213,0.01200587805872859,0.0022813734379588304,0.019722613322787887,0.0054010685429869525,0.013945663233168685,0.01570997442703592,0.009474839104880483,0.02147766235884835,0.00436275845401937,0.028898336132651962,0.003648566208657925,0.020434440784338294,0.014993927830964945,0.0059847367371051305,0.028765459827138268,0.011634604809261526
138,21.414569460801953,3.8633620957402086,0.013321422497388193,25.2998758122651,21.823265738963357,20.03872406709621,26.64465042994607,25.641871509776593,17.324844608051308,17.089298546397117,24.8028586464485,17.76070536050986,16.503523767512718,18.30041040337551,17.09854104805521,23.008217498223132,22.143981907638135,16.845120375609895,22.459778696325827,26.226979243818107,18.41626568893281,27.125327471677736,19.583200658252963,19.86042347353947,20.13737966679986,25.61702255786105,29.195671863962787,23.037660939557725,24.734882131097834,24.086071786859577,17.123809856439095,20.675909628028194,13.830810441036931,0.002868461133901978,0.007126779177979818,0.0,0.010162278342467941,0.030632789930248157,0.005543973890917734,0.023100017051907003,0.0,0.021143036638683714,0.02601295659040705,0.0,0.00410404917094435,0.030551519542519705,0.016277781298176277,0.018824482505654137,0.005484087859189458,0.022323182186894424,0.0022288719056347906,0.011801294221603318,0.015426433282160696,0.008042636430264073,0.026323047987498776,0.0024777390065939798,0.025587135741533873,0.0070344768698680565,0.02042676977529122,0.016643502009599423,0.006427499379602029,0.023604566871855363,0.009463306120248432
139,21.37797139483699,3.8718882691927425,0.014403844467676886,25.2998758122651,21.823265738963357,20.03872406709621,26.64465042994607,25.641871509776593,17.324844608051308,17.089298546397117,24.8028586464485,17.76070536050986,16.202292989189175,18.30041040337551,17.09854104805521,23.008217498223132,22.143981907638135,16.845120375609895,21.663067495700318,26.226979243818107,18.41626568893281,27.125327471677736,19.583200658252963,19.86042347353947,20.13737966679986,25.61702255786105,29.195671863962787,23.037660939557725,24.734882131097834,24.086071786859577,17.123809856439095,20.675909628028194,13.830810441036931,0.0,0.016406155918428086,0.0,0.011630299052486248,0.02639768696372981,0.0,0.02557578164053283,0.0026340470691070582,0.01820490141392429,0.015145785860591707,0.0011144927561861074,0.014323769090829996,0.02945854016089278,0.013452324151484856,0.021756912440305393,0.008413993981967856,0.019904251900117912,0.0,0.008470357365645605,0.01481060804375194,0.015840310453744358,0.022004369025773178,0.013934526811179414,0.032366779788381636,0.013885278224727439,0.021401268829443706,0.02654747031805465,0.005619611650325721,0.024727130218583963,0.008088680900110022
140,21.364796912179244,3.8691128483177324,0.013044458976202888,25.2998758122651,21.823265738963357,20.03872406709621,26.64465042994607,25.40169505486142,17.324844608051308,17.089298546397117,24.8028586464485,17.76070536050986,16.202292989189175,18.30041040337551,16.943483023238002,23.008217498223132,22.143981907638135,16.845120375609895,21.663067495700318,26.226979243818107,18.41626568893281,27.125327471677736,19.583200658252963,19.86042347353947,20.13737966679986,25.61702255786105,29.195671863962787,23.037660939557725,24.734882131097834,24.086071786859577,17.123809856439095,20.675909628028194,13.830810441036931,0.0013666564052362195,0.019064773496878722,0.008422514482350336,0.009276703135020095,0.020552175827905843,0.0037855193452479953,0.03053417327260248,0.0,0.01628677895712256,0.006164521819156806,0.0037858612100085632,0.021931241234572067,0.022259353044257635,0.00448714711723019,0.005562156968315882,0.0,0.016297226874202743,0.0,0.003505011651135252,0.017184329386070712,0.02285573494710771,0.020709167990544893,0.00546922064841149,0.03570110464855243,0.012169040193970419,0.015624235882232333,0.02716785807650126,0.008744831678807127,0.02491672128204604,0.0075097097105988955
141,21.236130759179012,3.825909815513096,0.013368228131524116,25.2998758122651,21.823265738963357,20.03872406709621,26.643478143573816,25.40169505486142,17.174779339091515,17.089298546397117,24.8028586464485,17.76070536050986,16.202292989189175,18.30041040337551,16.943483023238002,23.008217498223132,22.143981907638135,16.845120375609895,21.663067495700318,26.226979243818107,18.41626568893281,25.761694162787933,19.583200658252963,19.86042347353947,20.13737966679986,25.61702255786105,29.195671863962787,23.037660939557725,23.45297766019314,24.086071786859577,16.060600601558747,20.675909628028194,13.830810441036931,0.0070340722012799195,0.015271010229982366,0.014570713453741507,0.005884215828184841,0.022092872122452745,0.005616085999732873,0.03737332971569062,0.00593139882671894,0.014504692034708862,0.011804554199355803,0.007680300585141762,0.01741598075357948,0.029898962772076543,0.00561599619496033,0.01021338278916903,0.0,0.013937656848463086,0.0,0.0017147010101626128,0.020467092117060007,0.01423468352122501,0.019920371502797508,0.006606260484159083,0.03799307926817164,0.0026257007568760878,0.014615607498199621,0.006000562848339625,0.008245581302683883,0.035966460826346545,0.007811518254463172
142,21.163332667226186,3.8387636871004895,0.013532726959065926,25.2998758122651,20.864984597037733,20.03872406709621,26.300427058816354,25.40169505486142,17.174779339091515,17.089298546397117,24.8028586464485,16.878094828608255,16.202292989189175,18.30041040337551,16.943483023238002,23.008217498223132,22.143981907638135,16.845120375609895,21.663067495700318,26.226979243818107,18.41626568893281,25.761694162787933,19.583200658252963,19.86042347353947,20.13737966679986,25.61702255786105,29.195671863962787,23.037660939557725,23.45297766019314,24.086071786859577,16.060600601558747,20.675909628028194,13.830810441036931,0.01579096146442406,0.020994056558141176,0.010317994698130738,0.0,0.021380828307868992,0.0027793155981959148,0.02996144439585447,0.0008089889198357011,0.02544495464500488,0.01714510177700185,0.015208134628907157,0.021728077367105386,0.033988192927194856,0.0012621952389328449,0.007341072031659988,0.0023834381748377782,0.01149936950955739,0.0,0.0,0.016060578942167517,0.007672991629889773,0.01861712347151063,0.0027402093794830656,0.03553899610665456,0.011374729304198368,0.011394328373350764,0.01100277526867574,0.015081713310716553,0.02901888276688504,0.009445353975792685
143,21.11802258413492,3.8369042153399144,0.013797927046921104,25.2998758122651,20.864984597037733,20.03872406709621,26.300427058816354,25.40169505486142,17.174779339091515,17.089298546397117,24.8028586464485,16.878094828608255,16.202292989189175,18.30041040337551,16.943483023238002,23.008217498223132,21.036008934748907,16.845120375609895,21.663067495700318,26.226979243818107,18.41626568893281,25.761694162787933,19.583200658252963,19.86042347353947,19.886050146951106,25.61702255786105,29.195671863962787,23.037660939557725,23.45297766019314,24.086071786859577,16.060600601558747,20.675909628028194,13.830810441036931,0.017079923134989967,0.015778571684517403,0.012886113923572286,0.0018468169311919773,0.032144848443660855,0.008601726407628577,0.03763643133883012,0.00180165816620968,0.025422356702057804,0.0230153999121435,0.014061259368366665,0.006450210695876405,0.03812497816669542,0.0029614710792257837,0.0,0.009311695178238029,0.01363346740520604,0.001316532934047426,0.0,0.007602245566876388,0.015954341399768663,0.019827937870660638,0.0,0.01819242398753738,0.0073982108525635385,0.014589111464923083,0.01504350149724102,0.018105487379991597,0.0260269443775206,0.00912414553809231
144,21.018651423113056,3.8321874731303884,0.014540805582671585,25.2998758122651,20.864984597037733,20.03872406709621,26.21561746529551,25.40169505486142,17.174779339091515,17.089298546397117,23.634154536599794,16.878094828608255,16.202292989189175,18.30041040337551,16.943483023238002,23.008217498223132,21.036008934748907,16.845120375609895,21.663067495700318,26.226979243818107,18.41626568893281,25.761694162787933,19.583200658252963,18.13280234625313,19.886050146951106,25.61702255786105,29.195671863962787,23.037660939557725,23.45297766019314,24.086071786859577,16.060600601558747,20.675909628028194,13.830810441036931,0.013573856304132026,0.008294124458310147,0.01800696743543405,0.00449898815052055,0.027223399372278197,0.006278628656725199,0.03569409451154708,0.00699602982326756,0.020111038846496725,0.0224563890232166,0.010444580118705454,0.010918635411921873,0.0352235091941306,0.004753648559364162,0.003267536351535183,0.014578052475873465,0.019322975037349654,0.0,0.0012730966183281238,0.009124652081452456,0.009787583505349732,0.0226458749236043,0.004653698415558305,0.021487484707694987,0.0160339386055402,0.015206594359885127,0.017715529732205988,0.02193234062655702,0.024319490280047124,0.010401429893115613
145,20.974076276087832,3.8109144298915782,0.014664164194607948,25.2998758122651,20.101317036258934,20.03872406709621,25.65748400897712,25.40169505486142,17.174779339091515,17.089298546397117,23.634154536599794,16.878094828608255,16.202292989189175,18.30041040337551,16.943483023238002,23.008217498223132,21.036008934748907,16.845120375609895,21.663067495700318,26.226979243818107,18.41626568893281,25.746240769128406,19.583200658252963,18.13280234625313,19.886050146951106,25.61702255786105,29.195671863962787,23.037660939557725,23.45297766019314,24.086071786859577,16.060600601558747,20.675909628028194,13.830810441036931,0.015771738292140843,0.009221058844780883,0.026972622023305422,0.004356838866358257,0.024769533968617176,0.01408387746667798,0.0303730445387525,0.021015742352646898,0.01024420370167148,0.017339473759410483,0.003458935559631498,0.015453600634710875,0.0305340885539662,0.0031244551026913463,0.004915602882757285,0.011471948942088854,0.025667290955175417,0.0042387482210100086,0.0,0.009729653532270635,0.005524645093050996,0.015555546438441974,0.013181896850210886,0.019601344859701837,0.014660665005886761,0.02005501814371361,0.018683286835318048,0.023018756517522616,0.01931970364056381,0.0075816042551639104
146,20.810790955799703,3.723173252222636,0.013311947738439165,25.2998758122651,20.101317036258934,20.03872406709621,24.15092438033969,25.40169505486142,17.174779339091515,17.089298546397117,23.634154536599794,16.751361455100778,16.202292989189175,18.30041040337551,16.943483023238002,21.905727350789277,20.750430185864104,16.23911614203695,21.663067495700318,26.226979243818107,18.41626568893281,25.534485238880677,19.583200658252963,18.13280234625313,19.886050146951106,24.67973776175029,29.195671863962787,23.037660939557725,23.330824509944364,24.086071786859577,16.060600601558747,20.675909628028194,13.830810441036931,0.011025760728382178,0.003322513294450897,0.03571137150629628,0.0,0.024991273158762182,0.004442303118907578,0.03457013621947926,0.014228516945286568,0.013027465531480717,0.011335123231344769,0.003206129553276828,0.005721959254020115,0.03475064037274209,0.0075972114672546885,0.0013110062666300383,0.010664048444869439,0.018395851058732017,0.010586601745286639,0.007448002938603649,0.009207058478068419,0.0,0.016858736829006803,0.006736550162603913,0.015503954083142207,0.016582239454900435,0.017463230749808656,0.0073303709253919914,0.016376417898653458,0.018489365548711424,0.022474593187081695
147,20.634793062557687,3.765979872198892,0.012795152330252791,25.2998758122651,20.101317036258934,20.03872406709621,24.15092438033969,25.40169505486142,17.174779339091515,17.089298546397117,23.634154536599794,16.751361455100778,16.098328408922896,18.30041040337551,16.783037755101873,21.905727350789277,17.56999452140684,16.23911614203695,21.663067495700318,26.226979243818107,18.276742991362653,25.534485238880677,19.583200658252963,18.13280234625313,19.886050146951106,24.67973776175029,29.195671863962787,22.24958244078948,22.637012157776383,24.086071786859577,16.060600601558747,20.675909628028194,13.617132705142467,0.008003610416743441,0.003672875682991821,0.033892227891026326,0.009521505754509932,0.02889978147246433,0.006485466760225801,0.03176641849782845,0.015440654850596215,0.011512785331083047,0.01638950050775614,0.0010148298705603767,0.005422193563124131,0.03269621165596354,0.016227901292566283,0.0,0.0049308083190596295,0.012653606208003054,0.010992294880095984,0.013468057056623548,0.0010728715339677942,0.0,0.010393793553833268,0.002985967471307864,0.01069709994390632,0.01541460748621647,0.017686436972535267,0.001935482804008308,0.015297727722876887,0.02322630424713378,0.022153548160575715
148,20.491322670299926,3.8052299693403016,0.015408598583898033,25.2998758122651,20.101317036258934,20.03872406709621,24.15092438033969,25.40169505486142,17.174779339091515,17.089298546397117,23.634154536599794,16.751361455100778,15.205650199382092,18.30041040337551,16.783037755101873,19.74292162081275,17.56999452140684,16.23911614203695,21.663067495700318,26.226979243818107,18.276742991362653,25.534485238880677,19.583200658252963,18.13280234625313,19.886050146951106,24.67973776175029,29.195671863962787,22.24958244078948,22.637012157776383,24.086071786859577,16.060600601558747,19.427281799812704,13.617132705142467,0.010117861087137345,0.013468337532887014,0.03172681671338403,0.005735138052694929,0.0250797078600533,0.011733066277904878,0.03422998171951791,0.020605087302222228,0.010888822851789477,0.01732614877163941,0.007357685952661865,0.01168564244151183,0.03502828559577208,0.01537520351269054,0.009801116399933758,0.012820601112906331,0.008463326861131394,0.0052959539175270725,0.01610311856213122,0.000878269954356385,0.003908759061926491,0.020038869211734013,0.0,0.01697388037061421,0.021413363379420264,0.021726492331871888,0.0,0.02788426330783763,0.025329372542173018,0.02126278483151048
149,20.436209431569647,3.798824703425331,0.01492961037587769,24.84090310330629,20.101317036258934,20.03872406709621,24.15092438033969,25.40169505486142,17.174779339091515,17.089298546397117,23.634154536599794,16.751361455100778,15.205650199382092,18.30041040337551,16.543868716701468,19.74292162081275,17.56999452140684,16.23911614203695,21.663067495700318,26.226979243818107,18.276742991362653,25.534485238880677,18.871457215089777,18.13280234625313,19.886050146951106,24.67973776175029,29.195671863962787,22.006070469403426,22.637012157776383,24.086071786859577,16.060600601558747,19.427281799812704,13.617132705142467,0.0064967883556118385,0.0011939974075290875,0.026309109694000916,0.00432234519356998,0.0348171995580695,0.012428074746112764,0.04012234206335831,0.027299144687172677,0.00398543869751264,0.013800621028248309,0.002002087022137243,0.017241065635385838,0.04414994678260937,0.003703453286647615,0.018283745580882138,0.023336812944368165,0.001225406621484504,0.0,0.013699215427631029,0.0,0.005736869263397117,0.02278709258754879,0.004058251407088086,0.019778334482325202,0.02339482510979139,0.016374673253923548,0.0010099058485336483,0.022329404555548903,0.023463170122505646,0.01453898991333633
150,20.362900325256643,3.7787196791893622,0.01397710886329414,24.84090310330629,19.958492894467042,20.03872406709621,24.15092438033969,25.037280384074165,17.174779339091515,17.089298546397117,23.634154536599794,16.751361455100778,15.205650199382092,18.30041040337551,16.543868716701468,19.74292162081275,17.56999452140684,16.23911614203695,21.663067495700318,26.226979243818107,18.276742991362653,24.890057135804682,18.871457215089777,18.13280234625313,19.886050146951106,24.239804880362612,29.195671863962787,22.006070469403426,22.637012157776383,24.086071786859577,16.060600601558747,19.427281799812704,13.009459312795116,0.006152473421328376,0.0,0.024835985034572895,0.005730417071631824,0.025686218477032487,0.023759189818239657,0.03368444601369066,0.03147768445304615,0.0074688883740002335,0.0041806023511283315,0.005166655784971132,0.014096721896794125,0.03776739550597865,0.0,0.008868804932579744,0.015963157403839377,0.0,0.010134624887757652,0.021592458125358104,0.0030411960322102175,0.010931482500145088,0.015412333888636373,0.0,0.013580166029855198,0.026625879478853448,0.008495395777445198,0.003941590478599341,0.024422273238401526,0.021479951918499402,0.014817273004229036
151,20.191163019502902,3.71613945091963,0.015612028783734301,24.84090310330629,19.958492894467042,20.03872406709621,24.15092438033969,25.037280384074165,17.174779339091515,17.089298546397117,23.634154536599794,16.67817053436636,15.205650199382092,16.614457738477142,16.543868716701468,19.72353479986282,17.56999452140684,16.23911614203695,20.83574245122537,24.91234937390135,18.276742991362653,24.890057135804682,18.871457215089777,18.13280234625313,19.886050146951106,23.8856295519401,29.195671863962787,22.006070469403426,22.637012157776383,23.208613263644224,16.060600601558747,19.427281799812704,13.009459312795116,0.004597349231024139,0.0033703895548703035,0.027485414579508198,0.007801045115841336,0.017532587791407532,0.01789443962253293,0.031619638415356977,0.025842449303167075,0.012223657658719505,0.012303508596997807,0.00100133651657533,0.016834033852040655,0.04183184124501602,0.0,0.004921526759035003,0.013369967019581583,0.0,0.013849843058289932,0.02617736482220373,0.013514162918341791,0.02112057029669552,0.021504377233189396,0.010151143823634828,0.013634308150976673,0.02578552291258065,0.015858488635903657,0.012884904472892866,0.02017738445954672,0.017860892654535995,0.017212714811562956
152,20.183176753174557,3.7129793176063774,0.016870381945328257,24.84090310330629,19.958492894467042,20.03872406709621,24.15092438033969,25.037280384074165,17.174779339091515,17.089298546397117,23.458918911919625,16.67817053436636,15.205650199382092,16.614457738477142,16.479516351531288,19.72353479986282,17.56999452140684,16.23911614203695,20.83574245122537,24.91234937390135,18.276742991362653,24.890057135804682,18.871457215089777,18.13280234625313,19.886050146951106,23.8856295519401,29.195671863962787,22.006070469403426,22.637012157776383,23.208613263644224,16.060600601558747,19.427281799812704,13.009459312795116,0.012814380473816568,0.0,0.03348074729230699,0.008368592776193718,0.016601620880218278,0.018617866806332165,0.03573712361236797,0.028692426438044472,0.019136234395599565,0.014896091476299294,0.0030626589223093892,0.01567335652210294,0.031964581830638834,0.0,0.001730631680028454,0.009515754362531768,0.009967920968964976,0.023493341862594504,0.0221763664405463,0.006948509534749658,0.023071393134624762,0.029772441821824827,0.004166207469546524,0.009580788066236228,0.027605011317721907,0.016343954550105965,0.013001458117000857,0.027547709817919645,0.020307818610424452,0.021836469178796638
153,20.114696199079084,3.748020551594768,0.01737956964662041,24.832331218058698,19.958492894467042,20.03872406709621,24.15092438033969,25.037280384074165,17.174779339091515,15.729515031061908,23.458918911919625,16.67817053436636,15.205650199382092,16.614457738477142,16.479516351531288,19.72353479986282,17.56999452140684,16.23911614203695,20.83574245122537,24.91234937390135,18.276742991362653,24.866268317395395,18.871457215089777,18.13280234625313,19.886050146951106,23.8856295519401,29.195671863962787,21.343798065531246,22.637012157776383,23.208613263644224,16.060600601558747,19.427281799812704,13.009459312795116,0.00952678311642772,0.006212631659175382,0.028980016248377656,0.014250727645031911,0.01038344046889343,0.013375082234511462,0.03932465961382818,0.02735923165417221,0.016599094920570014,0.014995794842202046,0.006865809705440705,0.010252506968909059,0.03285319126717357,0.0015470195167307048,0.0,0.021221383878160676,0.010901890186429335,0.027548905144827003,0.018628147089783487,0.01593789192765035,0.017744895622283784,0.035646974941613944,0.0,0.0038106966868832006,0.02551569133431914,0.02397947695523242,0.013810909234558575,0.025949879267986174,0.022329068303807934,0.02583528896363227
154,20.035270775471687,3.6345708592504553,0.017881402748151937,24.832331218058698,19.877051288624443,20.03872406709621,24.15092438033969,25.037280384074165,17.174779339091515,15.729515031061908,22.74672554737299,16.67817053436636,15.205650199382092,16.614457738477142,16.479516351531288,19.72353479986282,17.56999452140684,16.23911614203695,20.83574245122537,24.43755407157647,18.276742991362653,24.866268317395395,18.871457215089777,18.13280234625313,19.886050146951106,23.594350462218245,28.372618518176864,21.343798065531246,22.637012157776383,23.208613263644224,16.060600601558747,19.427281799812704,13.009459312795116,0.016746904644117377,0.009562378772764824,0.0283514787830957,0.016396265841797857,0.013978677962827795,0.015765431070658645,0.027738458986065608,0.026063903616449804,0.017369153235923543,0.01981853241805763,0.0003564099812917378,0.00042969522471585325,0.029402661472729925,0.015083185979965368,0.0031341205522807977,0.023831191278728927,0.017890385094423113,0.031294329050466384,0.01973734852643039,0.02446232950424764,0.021109131741684762,0.03522658187825743,0.0,0.008380906307446697,0.0271578032521818,0.00992363926918887,0.014688854672130963,0.01969465559304782,0.02201332727090832,0.020834340462672542
155,19.982029835116165,3.596720748242238,0.01770924526044732,24.832331218058698,19.877051288624443,20.03872406709621,24.15092438033969,24.106355936706393,17.174779339091515,15.729515031061908,22.74672554737299,16.67817053436636,15.205650199382092,16.614457738477142,16.355878365076308,19.72353479986282,17.56999452140684,16.23911614203695,20.293076674382462,24.43755407157647,18.276742991362653,24.866268317395395,18.871457215089777,18.13280234625313,19.886050146951106,23.594350462218245,28.372618518176864,21.343798065531246,22.637012157776383,23.208613263644224,16.060600601558747,19.427281799812704,13.009459312795116,0.016175753505890306,0.011881233804708437,0.014567765662998838,0.004008605503886479,0.01749201271425864,0.010680496907291549,0.03630722370536004,0.02491845705932296,0.02588798680617853,0.016970276336663526,0.00348974901484058,0.0,0.03587536618489985,0.02143405762500299,0.0,0.011244243914518727,0.02200986778484285,0.030382628259228214,0.021288780509409137,0.02375894370030931,0.02141422943782062,0.03631956800977657,0.0068034841592132505,0.016998481609484303,0.030396299895183755,0.0011861764191571829,0.008352486335123218,0.02331376518971717,0.0202177662225319,0.017901651535800568
156,19.859337577365206,3.634917385069517,0.0184218331026779,24.832331218058698,19.877051288624443,19.926070069113166,24.15092438033969,24.106355936706393,17.174779339091515,15.729515031061908,22.74672554737299,16.67817053436636,15.205650199382092,16.614457738477142,15.869959706119857,18.946373051858984,17.56999452140684,16.23911614203695,20.293076674382462,24.258177283561622,17.127315241346764,24.866268317395395,18.871457215089777,18.13280234625313,19.098061847096005,23.594350462218245,28.372618518176864,21.343798065531246,22.637012157776383,23.070621772551533,16.010351602951914,19.427281799812704,13.009459312795116,0.013637449020278934,0.016855560685894447,0.01796592670827607,0.012813549826630325,0.029602361497960028,0.01394295106328583,0.0328976547902392,0.023221772033789823,0.017510382133444337,0.020607518604308293,0.0036744888124315258,0.0021208670301397165,0.03435123940835529,0.023639033640142016,0.0,0.017653273788393212,0.02158941401196629,0.019646141774769976,0.027269854724113276,0.02635204568177279,0.020913424499788495,0.03729153978798852,0.010172897985607282,0.007843290323753497,0.03465271171817042,0.011304978335399484,0.00798202635450528,0.00906842256145479,0.0191563506520196,0.01891786562545821
157,19.741323539282952,3.6500156174146925,0.018136941041396088,24.832331218058698,19.877051288624443,19.926070069113166,24.15092438033969,24.106355936706393,17.174779339091515,15.729515031061908,22.74672554737299,16.67817053436636,15.205650199382092,16.614457738477142,15.25582030097604,18.946373051858984,17.56999452140684,16.23911614203695,19.757732798300253,24.258177283561622,17.127315241346764,24.866268317395395,18.871457215089777,18.13280234625313,19.098061847096005,23.594350462218245,28.372618518176864,18.952860204289664,22.637012157776383,23.070621772551533,16.010351602951914,19.427281799812704,13.009459312795116,0.012660395634940074,0.011878126850267458,0.00826629260009002,0.021070832516210558,0.02409165778401074,0.015482592243883134,0.014950083915406127,0.025868867061829007,0.02307611415289511,0.0216626740155819,0.020651460143256677,0.0115975705808787,0.03273257644974248,0.03243967897775374,0.005354102025684948,0.01439825956398489,0.02023760856640781,0.010464943833766569,0.031669898880632576,0.026933631731631102,0.010694168483847818,0.02809517964612158,0.010156666528078935,0.018585164017102848,0.023332510064934135,0.014818200117800143,0.010230496753875471,0.007784031886118596,0.015860259426416792,0.0190641867887327
158,19.63238089500611,3.659218725432342,0.018007414082673836,24.432658728055117,19.877051288624443,18.83168042077915,24.15092438033969,24.106355936706393,17.174779339091515,15.729515031061908,22.74672554737299,16.67817053436636,15.205650199382092,16.614457738477142,15.25582030097604,18.946373051858984,17.56999452140684,16.23911614203695,19.757732798300253,24.258177283561622,17.127315241346764,24.866268317395395,18.871457215089777,17.660830024100676,19.098061847096005,23.594350462218245,28.372618518176864,17.650615336474402,22.637012157776383,23.070621772551533,16.010351602951914,19.427281799812704,13.009459312795116,0.005162946842723707,0.012667278910811163,0.0023514348613084277,0.02111548159909709,0.022365025368166147,0.01482167210652956,0.011378376820453222,0.029291494098858336,0.018759280601284768,0.023856815028438182,0.02499033461417504,0.011568355555017798,0.03698437449246846,0.037604720513214084,0.0028918205602446786,0.006921658336958028,0.018344991339783664,0.01537307330258291,0.036319153447727334,0.02457795994744704,0.004706149554309647,0.027663153018076675,0.01346287690118624,0.02518137701819887,0.025346774949079567,0.014265360379082468,0.013817733033431902,0.005152027480741001,0.014200360154351865,0.01908036164446718
159,19.565448778717407,3.643807067447134,0.01718129950458153,24.432658728055117,19.482726429889965,18.83168042077915,24.15092438033969,24.106355936706393,17.174779339091515,14.832772781609663,22.646002814971837,16.67817053436636,15.205650199382092,16.614457738477142,15.25582030097604,18.946373051858984,17.56999452140684,16.23911614203695,19.757732798300253,24.258177283561622,17.127315241346764,24.866268317395395,18.871457215089777,17.660830024100676,19.098061847096005,23.594350462218245,27.756444870103678,17.650615336474402,22.637012157776383,23.070621772551533,16.010351602951914,19.427281799812704,13.009459312795116,0.005521631300975207,0.015770543238279387,0.0,0.014397119890367018,0.010545356735201355,0.012837094238795976,0.012979063842242119,0.02639188709013339,0.021311255555257935,0.015378389465241383,0.021723244213246267,0.007676809745291011,0.04465787564679297,0.03526041104757257,0.0,0.006564316069121731,0.017652125513816685,0.020502551252238804,0.03092204780558708,0.01867850678196178,0.0040126552249652786,0.030130402871538686,0.02412398015489607,0.03401075381646741,0.016700620372401213,0.02238180258338778,0.017616466658394888,0.006679375445133081,0.005481626121925601,0.015531072456213178
160,19.52355587576374,3.6552999249764784,0.01713103951087559,24.432658728055117,19.482726429889965,18.83168042077915,24.15092438033969,23.59340927863417,17.174779339091515,14.832772781609663,22.646002814971837,16.67817053436636,15.205650199382092,16.614457738477142,14.511979870438381,18.946373051858984,17.56999452140684,16.23911614203695,19.757732798300253,24.258177283561622,17.127315241346764,24.866268317395395,18.871457215089777,17.660830024100676,19.098061847096005,23.594350462218245,27.756444870103678,17.650615336474402,22.637012157776383,23.070621772551533,16.010351602951914,19.427281799812704,13.009459312795116,0.00986785812157464,0.017487318382923337,0.0,0.013103619032102292,0.01603553136993981,0.025806336298266817,0.008405068428090776,0.02910041619077398,0.01914186424628337,0.01571037308120324,0.027214179830467835,0.00712659124195263,0.03968442729888299,0.017995606592370466,0.001647301677453092,0.0033509300749066558,0.020504718538386726,0.014636320002714488,0.03153699133615272,0.015624874916566731,0.008193852399946938,0.0283842297206337,0.019453865773428787,0.04037923262320149,0.018270369845847297,0.023187041128774843,0.011312206217343477,0.010594724947625346,0.009403529642968984,0.01077180636548422
161,19.407798901971113,3.5893709327281873,0.017232557882057388,24.432658728055117,18.954645719135613,18.83168042077915,24.15092438033969,23.578300635759547,17.174779339091515,14.832772781609663,22.646002814971837,16.67817053436636,15.205650199382092,16.614457738477142,14.511979870438381,18.946373051858984,17.56999452140684,16.23911614203695,19.757732798300253,23.83408228414197,17.127315241346764,24.866268317395395,17.741488856361116,17.660830024100676,19.098061847096005,22.939755060215816,27.18714008105826,17.650615336474402,22.637012157776383,23.070621772551533,15.883879846843968,19.40219724496683,13.009459312795116,0.012912164484310196,0.0240044626994852,0.006414383047918836,0.02053136896907338,0.008585750086851363,0.032307572836565046,0.01060946380590429,0.023152357180746482,0.01611138063776445,0.005943131635971691,0.02918968390924538,0.008441236301093438,0.04379627085612123,0.018254417795987042,0.0017546065534213221,0.009195278962818278,0.025500729575737634,0.005736210528149455,0.025471839396703746,0.018476101392038036,0.011628194872836324,0.032618317071931316,0.012326214434666843,0.028980448393617166,0.016108877803671,0.027490075143304402,0.011921214415334464,0.0029652004579413405,0.003051692642854707,0.023498090569657563
162,19.2979098905659,3.553898490496154,0.015940824615355776,24.432658728055117,18.954645719135613,18.210903528658378,24.15092438033969,21.980384023206,17.174779339091515,14.832772781609663,22.646002814971837,16.67817053436636,15.18529578596457,16.614457738477142,14.511979870438381,18.114791467221323,17.56999452140684,16.23911614203695,19.757732798300253,23.83408228414197,17.127315241346764,24.866268317395395,17.515448016934272,17.660830024100676,19.098061847096005,22.939755060215816,27.18714008105826,17.650615336474402,22.637012157776383,23.070621772551533,15.883879846843968,19.40219724496683,13.009459312795116,0.010795015615313382,0.013958933108358006,0.0010669293286668551,0.014641928068433346,0.0059726914432262435,0.03452898450169553,0.011039534650756458,0.01967731614690326,0.006895528556255178,0.008024381943437846,0.023464336026498424,0.003136236788190379,0.040718408497046846,0.017300641106618737,0.010455199156081944,0.008284645447665114,0.019078321428346808,0.006485587417354756,0.023027948711477612,0.0209096894473922,0.016354409438344864,0.0343026642564087,0.01927858811797116,0.025461388482019134,0.020692403656442565,0.03167146742489471,0.004376402099304375,0.01108139878739184,0.002088184793689539,0.01345557401448745
163,19.237289137016894,3.5302711067053267,0.015258300595201063,24.432658728055117,18.954645719135613,18.210903528658378,24.15092438033969,21.980384023206,17.174779339091515,14.832772781609663,22.43030736224881,16.67817053436636,15.18529578596457,16.614457738477142,14.511979870438381,18.114791467221323,17.56999452140684,16.23911614203695,19.757732798300253,23.83408228414197,16.32636555010987,24.866268317395395,17.515448016934272,17.660830024100676,19.098061847096005,22.391526154446012,26.933391524317813,17.650615336474402,22.637012157776383,23.070621772551533,15.883879846843968,19.40219724496683,13.009459312795116,0.011470845963589731,0.00840554374357907,0.006095337052691538,0.01703133067576162,0.0,0.026014041382825027,0.016944666806443485,0.010871730275734254,0.008008711492185181,0.01584134813823233,0.020926433227291423,0.006400905149924368,0.02936869513541085,0.01804309959281831,0.013856925292650512,0.020302037471390998,0.01527115540412665,0.007521658310454449,0.026432710070504174,0.018645092043300258,0.0191225924313908,0.02696411037525498,0.02218225365043003,0.01656034706177151,0.02195098960149552,0.0277840234970701,0.005617833546409156,0.006606807147777254,0.004412392514873547,0.009095400800644785
164,19.138375406958644,3.496200644122385,0.014159616018683697,24.432658728055117,18.954645719135613,18.210903528658378,22.858680508215798,21.980384023206,17.174779339091515,14.832772781609663,22.43030736224881,16.67817053436636,15.18529578596457,16.614457738477142,14.511979870438381,18.114791467221323,17.379069706635278,15.709734589218328,19.757732798300253,23.26346714609889,16.32636555010987,24.866268317395395,17.515448016934272,17.660830024100676,19.098061847096005,22.391526154446012,26.933391524317813,17.650615336474402,22.637012157776383,23.070621772551533,15.883879846843968,19.40219724496683,12.625212788804845,0.0021670642148814688,0.001470080954849735,0.007657471917487336,0.01045878550480038,0.004376948007690315,0.017009667772080433,0.01404494133548644,0.003758262369319977,0.005003071791121684,0.023627925383285675,0.0050702227833009875,0.01041503742987405,0.02646748315984918,0.014719418748648716,0.0253741858160612,0.02448634459383699,0.025947000081084748,0.0045861961208746175,0.030869101608738098,0.017361924863925897,0.01356589104957998,0.02802542197654521,0.019036769557684418,0.022162198348550887,0.018548512284111297,0.029499300007696294,0.00593710820956838,0.0027426807968158923,0.007954899352701801,0.002444564520058695
165,19.098591741705636,3.4983816737239777,0.015451263440779834,24.110746022848502,18.588505703223802,18.210903528658378,22.858680508215798,21.980384023206,17.174779339091515,14.832772781609663,22.43030736224881,16.594820220142765,15.06764108744818,16.614457738477142,14.511979870438381,18.114791467221323,17.379069706635278,15.405282365486414,19.757732798300253,23.26346714609889,16.32636555010987,24.866268317395395,17.515448016934272,17.660830024100676,19.098061847096005,22.391526154446012,26.933391524317813,17.650615336474402,22.637012157776383,23.070621772551533,15.883879846843968,19.40219724496683,12.625212788804845,0.0,0.010847245267757032,0.0036928173496238222,0.006413087340570156,0.0,0.022155469286890783,0.021095333848175177,0.009942249882585973,0.005044348649817485,0.02713141276917494,0.008975122623143476,0.009902689208574027,0.03032273292561666,0.022012959769995528,0.02625670242581509,0.023444306084624757,0.020663956173579072,0.0,0.028476487930777127,0.02393172171842027,0.017883777726618904,0.02254584229162748,0.022496563935506246,0.026516717174746397,0.02380722881752051,0.022262054944996668,0.0,0.003321460029054717,0.010110944612667842,0.01428467043551491
166,19.050823403721687,3.4988988320985186,0.014939084647083862,24.110746022848502,18.588505703223802,18.210903528658378,22.858680508215798,21.980384023206,17.174779339091515,14.832772781609663,21.542878373022006,16.594820220142765,15.06764108744818,16.614457738477142,13.96635872014673,18.114791467221323,17.379069706635278,15.405282365486414,19.757732798300253,23.26346714609889,16.32636555010987,24.866268317395395,17.515448016934272,17.660830024100676,19.098061847096005,22.391526154446012,26.933391524317813,17.650615336474402,22.637012157776383,23.070621772551533,15.883879846843968,19.40219724496683,12.625212788804845,0.006358401817663151,0.014731722506636945,0.0017317107626822939,0.009742303601325575,0.001653010030821074,0.019040621488008773,0.026657697393354107,0.003215105904137614,0.005626475203081135,0.017947226600840596,0.007584411290882253,0.008579361685188785,0.028632121864797196,0.019074139614113743,0.024172282513626006,0.009231485132097789,0.019739871490710496,0.0,0.02989271316644953,0.02492882604704095,0.010720303639452219,0.018305644198063676,0.022401136972982384,0.028940114187417664,0.02267366109235664,0.032775453788006496,0.0036276970779353713,0.0,0.015228676437676515,0.014960363905166975
167,18.898753944710133,3.495152079932384,0.015483437245853132,24.110746022848502,18.588505703223802,18.015285091247677,22.858680508215798,21.556749613538898,17.174779339091515,14.832772781609663,21.542878373022006,16.594820220142765,15.06764108744818,16.614457738477142,13.96635872014673,18.114791467221323,17.379069706635278,15.405282365486414,19.757732798300253,23.26346714609889,16.32636555010987,24.866268317395395,16.074834724610128,17.660830024100676,18.483961456612235,21.48279999786422,26.933391524317813,17.650615336474402,22.637012157776383,23.070621772551533,15.883879846843968,18.42280616108775,12.625212788804845,0.013813337236461132,0.01721950920387913,0.0,0.011382682204109634,0.0012993616880785147,0.01474976230393162,0.021925394127701673,0.011175075491547538,0.002031025754769875,0.01891528274384572,0.005696157597759609,0.009608134444710188,0.023930625338699753,0.02708654458870379,0.025786536663335528,0.009705253647788256,0.01537753094594482,0.0005945622436120024,0.03654665541023752,0.01863058574099247,0.02005023465318234,0.014269993666646556,0.017802935973366955,0.03147873837423217,0.03224860802195764,0.026291799284027244,0.0030470902369848954,0.0,0.01753489034129919,0.01630480944778816
168,18.738896306234512,3.564118291331374,0.015243864424251427,24.110746022848502,17.97523262717675,18.015285091247677,22.858680508215798,21.556749613538898,17.174779339091515,14.832772781609663,21.542878373022006,16.045057652706646,15.06764108744818,15.830495393894864,13.96635872014673,18.114791467221323,17.379069706635278,14.531216224772095,19.757732798300253,23.26346714609889,16.32636555010987,24.866268317395395,16.074834724610128,17.660830024100676,18.483961456612235,21.48279999786422,26.933391524317813,17.650615336474402,21.327522730714122,23.070621772551533,15.883879846843968,18.42280616108775,11.960037190378216,0.013815088186089706,0.018866463000903215,0.007150361283766503,0.009643976827208807,0.0036011341722914487,0.012879657999213015,0.02460483094973159,0.0043230056647475075,0.0,0.02096387460839193,0.014356841392209236,0.00022334772677327724,0.02794705834152171,0.01769903833610708,0.014450137424645829,0.008491576656194842,0.02174715469578156,0.012517015068132286,0.03380925771735617,0.020529291153754896,0.01897447002144939,0.009948652051855678,0.010488722434301427,0.037650978842727625,0.034389911230289553,0.029792785799943076,0.005530604920230902,0.0020478780089715127,0.016892858645967578,0.003979959566985445
169,18.670168528065506,3.5084792972282544,0.014016715335423778,24.110746022848502,17.97523262717675,18.015285091247677,22.858680508215798,19.92995002304599,17.174779339091515,14.832772781609663,21.542878373022006,16.045057652706646,15.06764108744818,15.830495393894864,13.96635872014673,18.114791467221323,17.379069706635278,14.531216224772095,19.757732798300253,23.26346714609889,16.32636555010987,24.431234562818247,16.074834724610128,17.660830024100676,18.483961456612235,21.48279999786422,26.933391524317813,17.650615336474402,21.327522730714122,23.070621772551533,15.883879846843968,18.42280616108775,11.960037190378216,0.007078313604518015,0.0064192866236638425,0.004830236930452277,0.017089592120429615,0.0,0.009948389657954667,0.022156825218872116,0.0,0.0011848845846587346,0.020327027675683493,0.005370248368704563,0.011061377262337874,0.023402443370931284,0.023623631657877172,0.014316767827690991,0.012830239529469418,0.024894709026726615,0.006848372337814509,0.027668757741602705,0.027683765648378326,0.014741968213774584,0.011834537464383274,0.010997394991555234,0.03731286727666469,0.02885801516884145,0.023028410095008188,0.0012905682103474265,0.0,0.015109359922878748,0.010593469531493437
170,18.446948913507573,3.6360047345118365,0.01484339239156226,23.567081468231436,17.033170934609643,17.481496174973074,22.858680508215798,19.92995002304599,17.174779339091515,13.735933107040182,21.542878373022006,16.045057652706646,15.06764108744818,15.830495393894864,13.96635872014673,18.114791467221323,17.379069706635278,14.531216224772095,19.6307250763669,23.26346714609889,13.503973421618184,24.431234562818247,16.074834724610128,17.660830024100676,18.483961456612235,21.48279999786422,26.933391524317813,17.650615336474402,21.327522730714122,23.070621772551533,15.883879846843968,17.791972412802863,11.960037190378216,0.0,0.008643055270852526,0.005926603260874288,0.012256251806465411,0.005904005703249785,0.011358491189213981,0.02595453131441283,0.0,0.0,0.018042670832551122,0.00741233922398813,0.010882045213560357,0.023136277403046322,0.02816028634745319,0.015058206169842762,0.010860338394362429,0.02550182174817053,0.012497410325201729,0.031105587810317428,0.026276661058767133,0.01517501142713318,0.014210929133956092,0.017677230604714968,0.03606431691060264,0.026339861580791022,0.01986054717004081,0.0,0.0074897328296627645,0.01846697103074528,0.011040587986890978
171,18.43207613844526,3.6528647437406527,0.016145537381046453,23.567081468231436,17.033170934609643,17.481496174973074,22.858680508215798,19.92995002304599,17.174779339091515,13.735933107040182,21.542878373022006,16.045057652706646,15.06764108744818,15.830495393894864,13.96635872014673,18.114791467221323,17.379069706635278,14.085032972902752,19.6307250763669,23.26346714609889,13.503973421618184,24.431234562818247,16.074834724610128,17.660830024100676,18.483961456612235,21.48279999786422,26.933391524317813,17.650615336474402,21.327522730714122,23.070621772551533,15.883879846843968,17.791972412802863,11.960037190378216,0.0,0.011530261836778249,0.010102113940821044,0.009346582835991485,0.007634560007324459,0.0075330979046631516,0.026915744750216252,0.007016038075273562,0.0,0.018561158588083465,0.019267464272217507,0.003423013495931774,0.01807684189699459,0.027742025525478914,0.017713444313052402,0.014080562579285501,0.03473802662517389,0.017454325956218725,0.024342187576624437,0.02884370666414511,0.01605118811535374,0.010419316257961045,0.015254984825349989,0.04421838011197414,0.02219512069559619,0.016662596817991263,0.00931699663704776,0.008958205168432995,0.019494737170654634,0.017473438786757316
172,18.431560167887906,3.652240485176,0.018673898966870574,23.567081468231436,17.033170934609643,17.481496174973074,22.8432013914952,19.92995002304599,17.174779339091515,13.735933107040182,21.542878373022006,16.045057652706646,15.06764108744818,15.830495393894864,13.96635872014673,18.114791467221323,17.379069706635278,14.085032972902752,19.6307250763669,23.26346714609889,13.503973421618184,24.431234562818247,16.074834724610128,17.660830024100676,18.483961456612235,21.48279999786422,26.933391524317813,17.650615336474402,21.327522730714122,23.070621772551533,15.883879846843968,17.791972412802863,11.960037190378216,0.006272096808855958,0.0027400240355835276,0.009852509347503913,0.012322674833579355,0.01610683200508288,0.019800451851483512,0.027734474460823135,0.011109150990442528,0.0033157630871817265,0.01442623999055696,0.028759857091095,0.005308479286953502,0.011579088706637417,0.02866209658661128,0.02739067510412931,0.016679620593640348,0.03614324268814609,0.026595316233524357,0.025619808322924185,0.03193684694533184,0.011922739794620496,0.030202749574578695,0.009814601951813693,0.04264470874992252,0.026046654362925022,0.01678223385658998,0.01402674261172919,0.008190276512382294,0.01589996723738394,0.022331045384084577
173,18.376104326883212,3.6218285408058133,0.017631926554997457,23.567081468231436,17.033170934609643,17.481496174973074,22.30797573716626,18.80150044723416,17.174779339091515,13.735933107040182,21.542878373022006,16.045057652706646,15.06764108744818,15.830495393894864,13.96635872014673,18.114791467221323,17.379069706635278,14.085032972902752,19.6307250763669,23.26346714609889,13.503973421618184,24.431234562818247,16.074834724610128,17.660830024100676,18.483961456612235,21.48279999786422,26.933391524317813,17.650615336474402,21.327522730714122,23.070621772551533,15.883879846843968,17.791972412802863,11.960037190378216,0.011446899994418459,0.010916459407531151,0.011443678117079147,0.007048118562254941,0.014362769195339558,0.020182570951329717,0.03039246121004664,0.009257180202099261,0.010492713560682727,0.00444353568854904,0.023284060185330132,0.016044709402839724,0.010242723274022595,0.026094206415367426,0.021887602024865317,0.021107768118292566,0.0338514835688707,0.02133393158974842,0.014375638140237398,0.01282453343133518,0.015133796300989363,0.040973866853395775,0.018090318169815073,0.03424429526572,0.020612037645286966,0.014303606615834115,0.011520721285723333,0.010940914827872721,0.013311137632068789,0.01879405901297736
174,18.303546822627915,3.555709520527286,0.018845913142436655,23.567081468231436,17.033170934609643,17.481496174973074,22.30797573716626,18.78639180435954,17.150519787187704,13.735933107040182,21.542878373022006,16.045057652706646,15.06764108744818,15.830495393894864,13.96635872014673,18.114791467221323,17.379069706635278,14.085032972902752,18.49366982570939,23.26346714609889,13.503973421618184,23.870411724493522,16.074834724610128,17.660830024100676,18.483961456612235,21.48279999786422,26.666383268437983,17.650615336474402,21.327522730714122,22.89815118453305,15.883879846843968,17.791972412802863,11.960037190378216,0.015481957493239076,0.015246983982200916,0.01224413438803398,0.0025028479440221416,0.014720695378076848,0.022584695881733938,0.02919554942928245,0.013644346526088483,0.012968677290925677,0.008236260853659125,0.023797034649698713,0.01526815971548003,0.010019902615201108,0.027734576963247912,0.021451844614719696,0.018013501402496582,0.04318439546005699,0.031268800343934616,0.0162605247450985,0.02728816789664246,0.012498207926102,0.03815921073779064,0.022265840573114152,0.027387126746103295,0.01939359370656574,0.013484310065202822,0.02378256843367963,0.0,0.00309618851441772,0.024197289996284323
175,18.289051559317453,3.5656380914039882,0.01762243597835999,23.567081468231436,17.033170934609643,17.481496174973074,22.30797573716626,18.78639180435954,17.150519787187704,13.735933107040182,21.542878373022006,16.045057652706646,15.06764108744818,15.830495393894864,13.96635872014673,18.114791467221323,17.379069706635278,14.085032972902752,18.49366982570939,23.26346714609889,13.503973421618184,23.870411724493522,15.639976825296344,17.660830024100676,18.483961456612235,21.48279999786422,26.666383268437983,17.650615336474402,21.327522730714122,22.89815118453305,15.883879846843968,17.791972412802863,11.960037190378216,0.010414605667316251,0.016197874704145496,0.010665937427056838,0.0,0.008417944333613009,0.018887995556133765,0.01991820331242743,0.01589533042372619,0.020976472182553163,0.013125857370359493,0.02576950032903403,0.011004406339451992,0.0008463039305517803,0.034023470848101416,0.022369280047702018,0.016906575609819497,0.034322330855612156,0.03840503966065631,0.02377158809061043,0.02671738871147367,0.0,0.03633529210706899,0.018480063181307634,0.01588894821099055,0.028263617512041227,0.005992957037007015,0.02710351130058153,0.005937886400963988,0.0035489385818297647,0.018485759618663947
176,18.241452557749213,3.5713242225532387,0.01730855150877927,23.567081468231436,17.033170934609643,17.481496174973074,22.30797573716626,18.78639180435954,17.150519787187704,13.735933107040182,20.923059346452135,16.045057652706646,15.06764108744818,15.830495393894864,13.96635872014673,18.114791467221323,17.379069706635278,14.085032972902752,18.49366982570939,23.26346714609889,13.503973421618184,23.870411724493522,14.831825804819061,17.660830024100676,18.483961456612235,21.48279999786422,26.666383268437983,17.650615336474402,21.327522730714122,22.89815118453305,15.883879846843968,17.791972412802863,11.960037190378216,0.008618260374463052,0.017094749039070697,0.0165033162891937,0.012300374038915814,0.002798352650437446,0.02280246720592342,0.021712474053530575,0.010429667739683695,0.028722765369813632,0.013927159972476176,0.01545998663048795,0.01061605267027632,0.00614026984643667,0.02546347416497349,0.02277594291472635,0.01726725419991054,0.03976719045748726,0.036918125698682164,0.01914504189116495,0.025661641066968544,0.0,0.024549143928095908,0.015864758453635018,0.016152994688256605,0.029092827229110833,0.009814025303400014,0.027498473023047438,0.001656705224942624,0.0,0.0205030511382673
177,18.080197342194857,3.6140698199971113,0.016858018423062338,22.844136481256896,17.033170934609643,17.481496174973074,22.30797573716626,18.78639180435954,17.08957940491223,13.735933107040182,20.923059346452135,16.045057652706646,15.06764108744818,15.830495393894864,13.96635872014673,18.114791467221323,17.379069706635278,14.085032972902752,18.49366982570939,22.990382886124962,13.503973421618184,23.870411724493522,13.497903212852464,15.214065778660427,18.483961456612235,21.48279999786422,26.666383268437983,17.650615336474402,21.327522730714122,22.89815118453305,15.883879846843968,17.791972412802863,11.960037190378216,0.002983574912722962,0.01794404188067902,0.023637393942323223,0.0184378565915111,0.00032554471789855927,0.017740920296492917,0.02660791962982463,0.005820519005264313,0.02034034956869832,0.007465725463383851,0.01462178553739831,0.01503209526061108,0.0019401424673972092,0.025707483730904524,0.018604894240360208,0.016464759020269493,0.035932846425811446,0.03801688086512194,0.011328263511525721,0.029059498365241524,0.0,0.0319069711591591,0.017768333040341828,0.01598393548557818,0.028469647464743796,0.019646108710843994,0.02213710167577967,0.00157138273740777,0.00824628605481208,0.011998290929763412
178,17.99065483168676,3.559436958294981,0.016593829779130983,22.844136481256896,15.603642235420239,17.481496174973074,22.30797573716626,18.78639180435954,17.08957940491223,13.735933107040182,20.923059346452135,16.045057652706646,15.06764108744818,15.830495393894864,13.96635872014673,18.114791467221323,17.379069706635278,14.085032972902752,18.49366982570939,22.990382886124962,13.503973421618184,23.11806596424509,13.497903212852464,15.214065778660427,18.483961456612235,21.48279999786422,26.161982412632938,17.650615336474402,21.327522730714122,22.89815118453305,15.883879846843968,17.791972412802863,11.960037190378216,0.007801338071247572,0.012372781577368338,0.01998847180324726,0.018974187396280717,0.011089631366983316,0.014061492587924463,0.03057147857657163,0.0069873634268094965,0.018646280614310097,0.006486242292114591,0.017977348615951752,0.011233405838363394,0.0,0.023755503373219744,0.026630266909481712,0.013627806597798005,0.03826989391750428,0.029780656029011802,0.006203033244985896,0.0262763184882829,0.0028830268608211304,0.024116498485137125,0.010473174170664314,0.01709697139567583,0.025444436578716204,0.016702791082645548,0.03003720642931789,0.0,0.016137023265512373,0.014190264377982055
179,17.917559427984067,3.547419829867645,0.018878048595985287,22.844136481256896,15.603642235420239,17.481496174973074,22.30797573716626,18.78639180435954,16.983894390596674,13.735933107040182,19.961207065058602,15.915801757339295,15.06764108744818,15.49412446458365,13.96635872014673,18.114791467221323,17.183224885301343,14.085032972902752,18.02981665635008,22.990382886124962,13.503973421618184,23.11806596424509,13.497903212852464,15.214065778660427,18.483961456612235,21.48279999786422,26.161982412632938,17.650615336474402,21.327522730714122,22.89815118453305,15.883879846843968,17.791972412802863,11.960037190378216,0.016412028929959212,0.014668844698010811,0.018883338979360627,0.00849361591359135,0.01417955424578806,0.013472940618669257,0.02766297130630824,0.012659753323888656,0.028272398466078794,0.012431535338174647,0.01094612352091807,0.01444167978306742,0.01122716490304176,0.03169078554641086,0.03124783170584104,0.015222254044565975,0.03390520241938129,0.0229252792726596,0.016141509873868292,0.019364267383551747,0.01750762574760035,0.02501868698972567,0.0037275625675159186,0.018202123189686222,0.026819962368022924,0.02716236937835639,0.03330750303917411,0.0006328968148314386,0.023830561174235924,0.015883086337274106
180,17.897666056092188,3.5371355766365022,0.017656675210849782,22.844136481256896,15.603642235420239,17.481496174973074,22.30797573716626,18.78639180435954,16.983894390596674,13.735933107040182,19.961207065058602,15.915801757339295,15.06764108744818,15.49412446458365,13.96635872014673,18.114791467221323,17.183224885301343,14.085032972902752,17.652202229930253,22.990382886124962,13.503973421618184,22.89887923390853,13.497903212852464,15.214065778660427,18.483961456612235,21.48279999786422,26.161982412632938,17.650615336474402,21.327522730714122,22.89815118453305,15.883879846843968,17.791972412802863,11.960037190378216,0.018164455298524725,0.006111004309890896,0.01976655246088117,0.015985317462837684,0.01379416600282777,0.01633249754088468,0.019677493723376162,0.007744435491380332,0.027612748431302882,0.008338026620012482,0.012827065461674397,0.018501771769744654,0.01144112502272243,0.02819983630507454,0.03160502886595395,0.00830150062518254,0.028450789405961557,0.017846199833578588,0.011069709921654255,0.013499040399384743,0.015427982406340865,0.024839469906481653,0.001274262089518171,0.011490131829922126,0.030813676362151453,0.027952929209569866,0.044386719834872024,0.0,0.02148483752549218,0.016761482208294664
181,17.865895293974024,3.496114334171568,0.018488299910316617,22.844136481256896,15.603642235420239,17.481496174973074,22.30797573716626,18.78639180435954,16.983894390596674,13.735933107040182,19.961207065058602,15.915801757339295,15.06764108744818,15.49412446458365,13.96635872014673,18.114791467221323,17.183224885301343,14.085032972902752,17.652202229930253,22.990382886124962,13.503973421618184,21.94575637036371,13.497903212852464,15.214065778660427,18.483961456612235,21.48279999786422,26.161982412632938,17.650615336474402,21.327522730714122,22.89815118453305,15.883879846843968,17.791972412802863,11.960037190378216,0.023590621065667738,0.004428394803893907,0.023008973084046213,0.01682344093895012,0.014023786868217921,0.013842089631778916,0.01995298841769839,0.012547931693977468,0.01828432550297279,0.013724453613875693,0.013155171289629295,0.016310575722615784,0.011206304842469345,0.0319014118914993,0.03996936659523872,0.012981822123900527,0.0227000762847334,0.01818297186068356,0.021463159079221902,0.011699127074055718,0.019139541595694816,0.02536243493130361,0.011993603227232093,0.011968791810399665,0.019394567939925497,0.02177845073421901,0.04383335877028162,0.0,0.019067962915697668,0.022313292999617575
182,17.856233487687827,3.4901218425015688,0.019829721723189878,22.844136481256896,15.603642235420239,17.481496174973074,22.30797573716626,18.78639180435954,16.983894390596674,13.735933107040182,19.961207065058602,15.915801757339295,15.06764108744818,15.49412446458365,13.96635872014673,18.114791467221323,17.183224885301343,14.085032972902752,17.652202229930253,22.886069856357096,13.503973421618184,21.94575637036371,13.497903212852464,15.214065778660427,18.298420297794166,21.48279999786422,26.161982412632938,17.650615336474402,21.327522730714122,22.89815118453305,15.883879846843968,17.791972412802863,11.960037190378216,0.02317750448828391,0.010840909779468912,0.0168794251590278,0.017135059680982282,0.016818115644994077,0.014525461929534947,0.017188822686385764,0.030911080845719554,0.023879935803929424,0.01920962688827122,0.014242400699099555,0.023082449369107326,0.011028624755949134,0.025235662745020357,0.034401381927010845,0.010371566036071098,0.016128661571824826,0.024759378156278756,0.021407423972688428,0.00040933883969055697,0.02677985786750887,0.020100269139815708,0.01059833342643412,0.02075159458613253,0.025951660685241833,0.027039508878398313,0.04027532621653018,0.008740177558414029,0.014201087244923654,0.02882100511295824
183,17.791203593238475,3.557948433502531,0.02068717733733234,22.844136481256896,15.603642235420239,17.481496174973074,22.30797573716626,18.78639180435954,16.965512988439798,13.735933107040182,19.961207065058602,15.63763673703852,15.06764108744818,15.49412446458365,13.96635872014673,17.94109511528677,17.183224885301343,14.085032972902752,17.652202229930253,22.886069856357096,13.503973421618184,21.94575637036371,13.497903212852464,15.214065778660427,18.298420297794166,21.48279999786422,26.161982412632938,17.17940979316478,21.327522730714122,22.89815118453305,15.883879846843968,17.791972412802863,10.95058867459943,0.018102453025844806,0.01620074247778053,0.018390064606727714,0.023768922600811256,0.018294338691875342,0.015721820437499246,0.02305935964605863,0.03372078670454627,0.02535197434464641,0.022705605999610714,0.014708907207393387,0.011910383323906605,0.00573935246862502,0.030373487046093488,0.034684196007569376,0.008270111784072469,0.023655673559299612,0.01879693149151193,0.025702826449401004,0.00017566523971731404,0.029359579267245688,0.008146010940110276,0.012955861699256445,0.025874970020327074,0.029459427518570544,0.02660529315365131,0.04298490922193129,0.018416925585238907,0.013499738899847366,0.02397900070080025
184,17.73705949319724,3.5930599538898083,0.019982894745173285,22.844136481256896,15.603642235420239,17.481496174973074,22.30797573716626,18.78639180435954,16.965512988439798,13.735933107040182,19.961207065058602,15.63763673703852,15.06764108744818,15.49412446458365,13.96635872014673,17.94109511528677,17.183224885301343,12.87838768256654,17.652202229930253,22.886069856357096,13.503973421618184,21.94575637036371,13.497903212852464,15.214065778660427,18.298420297794166,21.48279999786422,26.161982412632938,17.17940979316478,20.909845019813304,22.89815118453305,15.883879846843968,17.791972412802863,10.95058867459943,0.012181035516621358,0.016328914620732028,0.0166597590610703,0.02836488198933332,0.009612621340949885,0.009366190565203571,0.017037982575480143,0.0319049411993779,0.02427681770847294,0.02040444653532326,0.017189349009660085,0.00986531484471389,0.010288184850037815,0.0320023821648946,0.03731281766528684,0.011420123649484111,0.0239784636363482,0.016221629369457702,0.022764553236528023,0.00379694835839114,0.02785386875731759,0.009977114061944787,0.010505721794109194,0.029126915745053925,0.02848462402461898,0.022250291890068958,0.041987950360172166,0.019353864853247596,0.019057287806525228,0.019911845164772946
185,17.694840961035986,3.604718365145169,0.02037246548896164,22.844136481256896,15.603642235420239,17.0983702156812,22.30797573716626,18.78639180435954,16.098356549763423,13.735933107040182,19.961207065058602,15.63763673703852,15.06764108744818,15.49412446458365,13.96635872014673,17.94109511528677,17.183224885301343,12.87838768256654,17.652202229930253,22.886069856357096,13.503973421618184,21.94575637036371,13.481629645983048,15.214065778660427,18.298420297794166,21.48279999786422,26.161982412632938,17.17940979316478,20.909845019813304,22.89815118453305,15.883879846843968,17.791972412802863,10.95058867459943,0.013664216878184567,0.013130096059892984,0.018847111483691493,0.027988576326890495,0.018183806122128988,0.01724100468457934,0.0201099289213643,0.024773623867670836,0.017783187526162664,0.013950627040307953,0.00898137518731068,0.014406514174638334,0.020724174091029578,0.03282110037430901,0.032433607450885575,0.0050593234996997045,0.02920331812830405,0.015284134204155525,0.01807571101753902,0.006776044794824816,0.031346315955263486,0.011625300654697586,0.008437398286075008,0.03024697929622935,0.03185123463996575,0.028103253159456613,0.03783879743439284,0.01763329870063364,0.017937220492158422,0.026716684216406463
186,17.628896443468868,3.594453371049292,0.019705301917302336,22.844136481256896,15.603642235420239,17.0983702156812,22.30797573716626,18.78639180435954,16.098356549763423,13.735933107040182,19.289534482157933,15.63763673703852,15.06764108744818,15.49412446458365,13.96635872014673,17.94109511528677,16.642993663528557,12.87838768256654,17.652202229930253,22.886069856357096,13.503973421618184,21.94575637036371,13.481629645983048,15.214065778660427,17.53198857545408,21.48279999786422,26.161982412632938,17.17940979316478,20.909845019813304,22.89815118453305,15.883879846843968,17.791972412802863,10.95058867459943,0.015579722567481776,0.01592702087023253,0.011913775206134456,0.021214362418324407,0.0202381517286509,0.02162288716696755,0.012173068398039177,0.026984554807849743,0.015809258306212725,0.018568496562535855,0.014134784771493315,0.003553070091132717,0.018127449675663217,0.0318686171607273,0.031511546218969365,0.00638924662531444,0.03655397328890942,0.012232057966909274,0.00917537277889935,0.008044548926567481,0.03465452423817533,0.016530353191614295,0.009805890239794045,0.028152806750381162,0.03471811576086364,0.017375500901933096,0.04121340224041397,0.01962334751906197,0.013002214753529936,0.02446093638628782
187,17.61397006996965,3.5875220558677254,0.019412117864504214,22.844136481256896,15.603642235420239,17.0983702156812,22.30797573716626,18.78639180435954,16.098356549763423,13.662597824613272,19.289534482157933,15.63763673703852,15.06764108744818,15.49412446458365,13.96635872014673,17.94109511528677,16.642993663528557,12.87838768256654,17.652202229930253,22.886069856357096,13.503973421618184,21.88590427384372,13.481629645983048,15.214065778660427,17.314010287479903,21.48279999786422,26.06535687457756,17.17940979316478,20.909845019813304,22.89815118453305,15.883879846843968,17.791972412802863,10.95058867459943,0.0243643739226008,0.02041873790118251,0.014569365411592084,0.021412889618379834,0.011166873128235685,0.017271329682755007,0.012835559103086109,0.017484679763561262,0.01680976455790724,0.028248244197007083,0.008635763934176127,0.006508752262750995,0.017882496708465694,0.02378787385280249,0.03236547818055878,0.0,0.03692272741207359,0.00894583792460333,0.012224589189642173,0.008042383516061674,0.0286731215330369,0.011735843186513748,0.016620960271823523,0.02344952663252099,0.042782932106654334,0.021510582436989098,0.03752256630003005,0.021091175276874135,0.012445192347953578,0.026633915575287655
188,17.598257855636014,3.5740597156145135,0.018365083776697377,22.844136481256896,15.603642235420239,17.0983702156812,22.30797573716626,18.78639180435954,16.098356549763423,13.662597824613272,19.289534482157933,15.63763673703852,15.06764108744818,15.49412446458365,13.96635872014673,17.94109511528677,16.642993663528557,12.87838768256654,17.652202229930253,22.886069856357096,13.503973421618184,21.88590427384372,13.481629645983048,15.214065778660427,17.314010287479903,21.48279999786422,26.06535687457756,17.17940979316478,20.43847858980422,22.89815118453305,15.883879846843968,17.791972412802863,10.95058867459943,0.028494973112689045,0.024577119152865978,0.01533924838673575,0.01702644250830876,0.020144243442540614,0.013425635176661345,0.017077196212424636,0.03102227880448498,0.004504288651764885,0.03530788134144455,0.009766804842433823,0.00329358671981824,0.01714980987656328,0.022585139845860976,0.01999993511228529,0.002257427523736191,0.029223132311805212,0.005342842055702611,0.016413139611923887,0.016907063095999972,0.03690230252257567,0.0027370816124390137,0.016074039978098316,0.015070116267418448,0.02940283180896703,0.025532004932006858,0.034918967225395024,0.015232047137759453,0.0009941553690000814,0.02423077866121126
189,17.478218938797113,3.5103850557490546,0.018791994998124263,21.429763005971836,15.603642235420239,16.122846096346848,22.30797573716626,18.73100325996137,15.869803018078187,13.662597824613272,19.289534482157933,15.63763673703852,15.06764108744818,15.49412446458365,13.96635872014673,17.94109511528677,16.642993663528557,12.87838768256654,17.133952958961686,22.886069856357096,13.503973421618184,21.88590427384372,13.481629645983048,15.214065778660427,17.314010287479903,21.073721434368508,26.06535687457756,17.17940979316478,20.43847858980422,22.89815118453305,15.883879846843968,17.791972412802863,10.95058867459943,0.030403934568851904,0.026618211308908235,0.006987089026544434,0.015065356461997036,0.02252039037601979,0.003167621265846878,0.01532991357093956,0.037477877836496115,0.0,0.03756633972864764,0.002698417017837777,0.0,0.02883054998984213,0.02592237833138083,0.019057341716674458,0.0016282382531282533,0.02325213587078007,0.016198948999881186,0.022922492289572785,0.012206176036063443,0.03700228870982666,0.008092737611629179,0.010845137907438952,0.02031332121324794,0.028111915451163545,0.021176901267162165,0.0434320235441092,0.015054995049739882,0.006103815838950773,0.025773300701047226
190,17.423966558670536,3.522145407054349,0.01846665488183328,21.429763005971836,15.603642235420239,16.122846096346848,22.30797573716626,18.73100325996137,15.869803018078187,13.662597824613272,19.289534482157933,15.63763673703852,15.06764108744818,15.49412446458365,13.96635872014673,17.94109511528677,16.642993663528557,12.87838768256654,17.133952958961686,22.886069856357096,13.41521909267641,21.88590427384372,13.481629645983048,15.214065778660427,17.314010287479903,21.073721434368508,26.06535687457756,16.051924137377682,20.43847858980422,22.89815118453305,15.883879846843968,17.38064099373446,10.95058867459943,0.018126972608836313,0.019969966609605833,0.00628639913884255,0.016502828904381487,0.019107466868470188,0.0,0.03386277512597198,0.03746365156600741,0.0070580737378811795,0.04294502677019944,0.0,4.646883271099848e-05,0.026332023392573248,0.017130273104819075,0.01661484470622314,0.001501230815999973,0.030146558414419513,0.014829238379579019,0.02092070518317041,0.014061396472183463,0.03585678468217408,0.015036297736779582,0.0016337716806403928,0.016243519777811435,0.028770203410292617,0.026723493265182793,0.04225112718860906,0.015996069848518157,0.0,0.02858247823311505
191,17.286223571494126,3.3978483288244776,0.01950619418858899,21.429763005971836,15.603642235420239,16.122846096346848,22.30797573716626,18.73100325996137,15.869803018078187,13.662597824613272,19.289534482157933,15.63763673703852,15.06764108744818,15.49412446458365,13.96635872014673,17.94109511528677,16.642993663528557,12.87838768256654,17.133952958961686,22.17481348256655,13.41521909267641,20.292242956794723,13.481629645983048,15.214065778660427,17.314010287479903,20.60165331854688,25.672596780310187,15.089380423013893,20.43847858980422,22.89815118453305,15.883879846843968,17.38064099373446,10.95058867459943,0.0143635797035871,0.018248664722132546,0.013403147648702998,0.020024927934791423,0.014805221601229174,0.00034897140798518833,0.02136175093238342,0.04765986917096573,0.009141847990176066,0.03461770719366383,0.0,0.000513338528549935,0.0370359548315513,0.017473087805307676,0.020663844859901297,0.0035253887223688006,0.03794440770066914,0.009392015726175897,0.020161418363577654,0.009268663199835629,0.038876589692013706,0.024263378774650027,0.014645546139064165,0.010071840832081503,0.029259461944836328,0.020522108954951546,0.03971786957576493,0.01634912628762523,0.006223126213769568,0.03530296919935808
192,17.071916135577332,3.302004361437507,0.01946282083978694,21.429763005971836,14.448151458317568,16.122846096346848,22.30797573716626,18.73100325996137,15.869803018078187,13.662597824613272,19.289534482157933,15.63763673703852,15.06764108744818,15.49412446458365,13.61991640140792,17.94109511528677,16.381020385969066,12.87838768256654,17.133952958961686,20.616031976957174,13.41521909267641,17.43450157180422,13.481629645983048,15.214065778660427,17.314010287479903,20.60165331854688,25.42380296680733,15.089380423013893,20.43847858980422,22.89815118453305,15.883879846843968,17.38064099373446,10.95058867459943,0.012346854088047369,0.016809561984595447,0.0106309258641415,0.014274742562367895,0.01698125149791102,0.002587416685993122,0.020871434974513964,0.04443315670403643,0.010778697376737392,0.028832980559720743,0.0,0.003945294772094907,0.032595662112253246,0.011196390654221459,0.018783155567278432,0.0035195252288441657,0.025059896850701986,0.010579254191948724,0.012586485403005158,0.01694687980644214,0.03889144941276963,0.02810175243281287,0.027020319871992927,0.023673664804926824,0.022400930319636466,0.018940727268109008,0.040210775502055277,0.031086705803389098,0.0,0.03979873289306077
193,17.0022527437425,3.3035047190781284,0.0211926296775564,21.429763005971836,14.448151458317568,16.122846096346848,22.30797573716626,18.71907779033927,15.869803018078187,13.662597824613272,19.289534482157933,14.918456680692145,15.06764108744818,15.49412446458365,12.850571027651597,17.94109511528677,16.381020385969066,12.87838768256654,17.133952958961686,20.616031976957174,13.41521909267641,17.43450157180422,13.481629645983048,15.214065778660427,17.314010287479903,20.60165331854688,25.016913273800355,15.089380423013893,20.289349043889274,22.864719568134774,15.883879846843968,17.38064099373446,10.95058867459943,0.019022743328022323,0.015508939370873262,0.01995204797109344,0.007488509209367714,0.027050006088015995,0.012341557622628181,0.019626096749561797,0.046323946176061254,0.013420178151509358,0.028115767693669056,0.0044970520087846645,0.008473593991688276,0.027946249324245245,0.013720972149996083,0.02609733779058435,0.00368302258644987,0.023131937273130752,0.015219149649575454,0.02198372563265245,0.01983368214859133,0.04206556307286646,0.02561447981903073,0.019817053308415714,0.02352781802746596,0.017641610126866835,0.0182642708450045,0.03128796036874712,0.042131557051327956,0.005885671505598293,0.03610639128486751
194,17.0022527437425,3.3035047190781284,0.0206625056299546,21.429763005971836,14.448151458317568,16.122846096346848,22.30797573716626,18.71907779033927,15.869803018078187,13.662597824613272,19.289534482157933,14.918456680692145,15.06764108744818,15.49412446458365,12.850571027651597,17.94109511528677,16.381020385969066,12.87838768256654,17.133952958961686,20.616031976957174,13.41521909267641,17.43450157180422,13.481629645983048,15.214065778660427,17.314010287479903,20.60165331854688,25.016913273800355,15.089380423013893,20.289349043889274,22.864719568134774,15.883879846843968,17.38064099373446,10.95058867459943,0.026872040497191056,0.005352621461422276,0.01933250461298113,0.007064066929221673,0.02467897878331696,0.008848053596573851,0.020318931756554352,0.042530901924975544,0.014861681328816358,0.036041984119038174,0.005460393974941317,0.005289122883334555,0.028766527374876304,0.012175095835901003,0.02664616278258352,0.007214487334263181,0.028620154151543203,0.01696981754161319,0.011923590789198777,0.021545871541998576,0.03315027387327874,0.03241650733782118,0.015025790556621938,0.022594667401841025,0.009732383192838003,0.01699798468826063,0.037698283236728886,0.04708455624111323,0.0035598090721167008,0.031101924077672746
195,16.977175062531884,3.293216248486833,0.022063721697336582,21.429763005971836,14.448151458317568,16.122846096346848,22.30797573716626,17.96674735402081,15.869803018078187,13.662597824613272,19.289534482157933,14.918456680692145,15.06764108744818,15.49412446458365,12.850571027651597,17.94109511528677,16.381020385969066,12.87838768256654,17.133952958961686,20.616031976957174,13.41521909267641,17.43450157180422,13.481629645983048,15.214065778660427,17.314010287479903,20.60165331854688,25.016913273800355,15.089380423013893,20.289349043889274,22.864719568134774,15.883879846843968,17.38064099373446,10.95058867459943,0.029406179844495183,0.014111982596779402,0.02499197090458718,0.005837963268602813,0.02802563247826236,0.018805889301892423,0.02037466840572611,0.036080335380787185,0.012556792221042732,0.039123625523592866,0.006561525502293111,0.007448215839655227,0.032320726014058235,0.01387364382923643,0.025893571419561372,0.006785431274563593,0.02498694157480499,0.018377803640280976,0.01761449874509904,0.023189830203290768,0.034820832506912584,0.04075980122466102,0.011715130757664527,0.021639677198666343,0.006939611896017424,0.026390894893910923,0.03835375864425508,0.04124667130483225,0.005174329139696824,0.028503715384868667
196,16.84884353836511,3.2941345917925235,0.022680505898993446,21.429763005971836,14.448151458317568,16.122846096346848,22.30797573716626,17.96674735402081,14.878580162929381,13.662597824613272,19.289534482157933,14.918456680692145,15.06764108744818,15.275759535798386,12.725071662606695,17.94109511528677,15.970607176969509,12.87838768256654,17.133952958961686,20.616031976957174,13.41521909267641,17.43450157180422,13.481629645983048,15.214065778660427,17.314010287479903,20.60165331854688,24.249880572514144,13.751967757275395,20.289349043889274,22.864719568134774,15.883879846843968,17.38064099373446,10.95058867459943,0.0301300349143667,0.026615415025101154,0.02559841912948425,0.0035872857127005222,0.014719121671984655,0.01661195425250578,0.026616744802158566,0.02880226410694663,0.018349535694331218,0.03508868704594325,0.005629311419064365,0.016522467895145117,0.027181705826480808,0.015135898891263056,0.026589043180729473,0.012339541860406224,0.027566989299076965,0.02912268739227271,0.02126052390448108,0.0252429088753674,0.03923039591507084,0.031855235609052096,0.012270504173739658,0.02303050790743326,0.013007846194614368,0.027991678667734533,0.027824912509093195,0.04537709109655742,0.001451735096036042,0.025664728900662095
197,16.749032264907914,3.2736834573891684,0.022042362756317272,21.429763005971836,14.448151458317568,16.122846096346848,22.19383442908645,17.96674735402081,14.878580162929381,13.662597824613272,19.289534482157933,14.918456680692145,13.812808546813756,15.275759535798386,12.725071662606695,17.94109511528677,15.970607176969509,12.87838768256654,17.133952958961686,20.616031976957174,13.41521909267641,17.43450157180422,13.481629645983048,15.214065778660427,17.314010287479903,20.60165331854688,24.249880572514144,13.751967757275395,18.663984688887638,22.864719568134774,15.883879846843968,17.38064099373446,10.95058867459943,0.03791097496125748,0.01891545710089073,0.018978401611798024,0.0,0.019441278824914414,0.018122735442060313,0.029062479745638244,0.03136028170458607,0.021499986106107837,0.026263745464633444,0.008164568626471453,0.005639977773554411,0.02737695210589695,0.004733392876595608,0.028636961174122448,0.008421013978287645,0.03329339693246872,0.017036644584827045,0.020904876595864725,0.02210742371986031,0.03747367181524773,0.03499330052047899,0.011067912583682378,0.03256861682902726,0.020402850160052794,0.030035260902107157,0.02261915280808648,0.04593909601329065,0.010314889441571459,0.017985582286137305
198,16.694607538422773,3.279566013014858,0.02025161185869204,21.429763005971836,14.448151458317568,16.122846096346848,22.19383442908645,17.96674735402081,14.878580162929381,13.662597824613272,19.289534482157933,14.918456680692145,13.812808546813756,15.275759535798386,12.725071662606695,17.227987144890733,15.970607176969509,12.87838768256654,17.133952958961686,20.616031976957174,13.41521909267641,17.43450157180422,13.481629645983048,15.214065778660427,17.314010287479903,20.60165331854688,24.249880572514144,13.751967757275395,18.663984688887638,22.864719568134774,14.964246022685757,17.38064099373446,10.95058867459943,0.04122066340476438,0.016201674294838316,0.015481299221165987,0.002625926724554335,0.02199454828594958,0.018757831181264673,0.032780998707430835,0.04253350732264277,0.017811649266749212,0.015865897782715292,0.0,0.0,0.02376702303390289,0.018743389444403683,0.012796540598376649,0.004873377000224091,0.030570200129859493,0.01971011622801859,0.009814240524954191,0.019093581045197892,0.025904687391146843,0.0284609511074988,0.00821475892465094,0.030226582908312448,0.023728760090062046,0.025082031177668166,0.03273803762595311,0.03625473623618863,0.011956853245907098,0.020338492856360274
199,16.61630951501154,3.244783986788587,0.018799231727068075,21.429763005971836,14.448151458317568,16.122846096346848,22.19383442908645,17.96674735402081,14.878580162929381,13.662597824613272,19.289534482157933,14.918456680692145,13.812808546813756,15.275759535798386,12.725071662606695,17.227987144890733,15.553074533533902,12.554707615110317,17.133952958961686,20.616031976957174,13.41521909267641,17.43450157180422,13.481629645983048,15.214065778660427,17.314010287479903,18.99392532710175,24.249880572514144,13.751967757275395,18.663984688887638,22.864719568134774,14.964246022685757,17.38064099373446,10.95058867459943,0.03599007252316257,0.01630896841275474,0.01771011817819664,0.0,0.022886449212656666,0.016121904745423323,0.035635298591031865,0.04289263863641835,0.01930296794691264,0.013503524028098998,0.0,0.005763688067735055,0.015426221027045358,0.016352419202744686,0.01934137646203049,0.0021663273059718807,0.031465209769583745,0.009297703646397227,0.011387166447876398,0.0235019882701732,0.010814323319330861,0.02700038675410318,0.005943510348394416,0.02544706673124565,0.021691717946085824,0.029084286456883317,0.03288690736060924,0.03176856550271098,0.010286846312520404,0.013999298605944633
200,16.529264823820483,3.2559744157808646,0.019293596723119418,21.429763005971836,14.448151458317568,16.122846096346848,22.19383442908645,17.96674735402081,14.878580162929381,13.662597824613272,19.289534482157933,14.918456680692145,13.812808546813756,15.275759535798386,12.725071662606695,15.71153968264855,15.553074533533902,12.554707615110317,17.133952958961686,20.616031976957174,13.41521909267641,17.43450157180422,13.481629645983048,14.52222289734732,17.314010287479903,18.99392532710175,24.249880572514144,13.751967757275395,18.663984688887638,22.864719568134774,14.964246022685757,16.977590601558006,10.95058867459943,0.037473872580998976,0.02387414991480921,0.01527020558248623,0.007953058700745362,0.031091703747910218,0.022045710492971143,0.03374776992846191,0.04436657102709165,0.0235860679675106,0.015063356334884882,0.002368318672487519,0.0,0.0194589562043232,0.021595625261451083,0.028289654131537337,0.012892414938778513,0.03363978542302252,0.008209114240214024,0.01901579871301707,0.012043523239466076,0.010931586125194412,0.02528993312738862,0.0,0.019496362417627405,0.014219021407480218,0.025419762257563556,0.03433513099774215,0.02797526541649471,0.0058750402398105835,0.003280142602113343
201,16.45367372056925,3.261411742755226,0.01931213388237382,21.429763005971836,14.448151458317568,16.122846096346848,22.19383442908645,17.96674735402081,14.878580162929381,13.662597824613272,19.289534482157933,14.918456680692145,13.812808546813756,15.275759535798386,12.725071662606695,15.71153968264855,15.553074533533902,12.154674658958129,15.972523543739896,20.445215296316007,13.41521909267641,16.899047526282345,13.481629645983048,14.52222289734732,17.314010287479903,18.99392532710175,24.249880572514144,13.751967757275395,18.663984688887638,22.864719568134774,14.964246022685757,16.977590601558006,10.95058867459943,0.041513367253765907,0.02196089725872808,0.022242546749766477,0.009041917639763582,0.031713598641415555,0.026165462337802686,0.02813669501034399,0.04234947963094573,0.009389061553960305,0.0239874722184143,0.005700999009908688,0.00989637218328322,0.018570721348741187,0.013010761849362503,0.027379098957123947,0.007107385953738347,0.0391174084818236,0.019494293826905314,0.00839764721095007,0.01746958102319083,0.0025029254894316727,0.01530405020591667,0.0,0.023287892926828625,0.01730423573056619,0.02665144843855381,0.035968145041943365,0.02844959866883885,0.004088541163554243,0.00316241066564679
202,16.422114268559014,3.2738523243463598,0.018375789987633662,21.429763005971836,14.448151458317568,16.122846096346848,22.19383442908645,17.96674735402081,14.878580162929381,13.248960959797273,19.289534482157933,14.918456680692145,13.812808546813756,15.275759535798386,12.725071662606695,15.71153968264855,15.424064208723735,12.154674658958129,15.972523543739896,20.445215296316007,13.41521909267641,16.899047526282345,13.481629645983048,14.52222289734732,17.314010287479903,18.99392532710175,24.249880572514144,13.751967757275395,18.663984688887638,22.864719568134774,14.964246022685757,16.573454230877132,10.95058867459943,0.04441918670092646,0.015330932099637928,0.016375327372059212,0.006250483345435783,0.02666338273875597,0.024575378088065827,0.023535460581508714,0.04048925726740824,0.015083990662930877,0.020057583001466355,0.00338080294943272,0.0018799818208465626,0.020502599657211653,0.00633595820503152,0.024794149640826754,0.0077488737638265375,0.03687136297972258,0.019551668178610256,0.017532971178122726,0.013657582961603566,0.010811117519273881,0.017228022098449904,0.002366378026730476,0.018272166542198202,0.020042237082483743,0.02552234675321475,0.035460444806170756,0.023241078915198294,0.004748209930588851,0.008544764761270621
203,16.354728396965232,3.195510030027752,0.018073012861191676,21.429763005971836,14.448151458317568,16.122846096346848,22.19383442908645,17.96674735402081,14.878580162929381,13.248960959797273,19.289534482157933,14.918456680692145,13.812808546813756,15.275759535798386,12.725071662606695,15.71153968264855,15.424064208723735,12.154674658958129,15.972523543739896,19.332746171459235,13.41521909267641,16.899047526282345,13.481629645983048,14.52222289734732,16.960410136081407,18.99392532710175,24.249880572514144,13.751967757275395,18.663984688887638,22.309212696576537,14.964246022685757,16.573454230877132,10.95058867459943,0.040909338144535845,0.02151387820034263,0.014822522910337184,0.004805336994635344,0.034158321309417525,0.027012769947804702,0.028182243934587743,0.04219138561590553,0.02209392371244689,0.018962876531699514,0.005334920389353981,0.0,0.01654239146514689,0.007497221909910831,0.022173673878846358,0.002271679824620126,0.04135528610573876,0.015609309374280912,0.01497578470125823,0.014565952866774572,0.015093684863005212,0.00459051820312046,0.011968882915081908,0.016636871721399445,0.01631514996005606,0.022875023396708348,0.027410968203262626,0.02525348009789864,0.004471766359947048,0.002595222297627132
204,16.309006730732122,3.2010365302226855,0.01835364108366058,21.429763005971836,14.448151458317568,16.118242545675685,22.19383442908645,17.96674735402081,14.878580162929381,13.248960959797273,19.08182925006264,14.918456680692145,13.812808546813756,15.275759535798386,12.725071662606695,15.71153968264855,15.424064208723735,12.154674658958129,15.972523543739896,19.332746171459235,13.41521909267641,16.899047526282345,13.481629645983048,14.52222289734732,16.14318498221985,18.99392532710175,24.249880572514144,13.54865587560954,18.663984688887638,22.309212696576537,14.964246022685757,16.573454230877132,10.81178450590005,0.0454633475054214,0.025966689192760236,0.016790980962805124,0.012566705519885748,0.03717496653309367,0.026792551470392983,0.022180629904074066,0.04085234298227869,0.034144666407120446,0.00041747482667904394,0.0025400876641020484,0.0021427220017801777,0.00990600600849542,0.00927028042233592,0.026152290169275026,0.0,0.04324825944049175,0.019345335875317653,0.015563596703032354,0.0026268675718281523,0.015288474429785951,0.0060298655841918535,0.01702898233257542,0.01759360775604948,0.01297787050734784,0.02014438518929865,0.03159180092186279,0.027519461737463786,0.008072703654417934,0.0012162792356537856
205,16.198536004127988,3.255268673819703,0.020774630069617616,21.197016374188877,14.448151458317568,16.118242545675685,22.19383442908645,17.96674735402081,14.878580162929381,13.248960959797273,19.08182925006264,14.918456680692145,13.812808546813756,13.76287696732112,12.725071662606695,15.71153968264855,15.424064208723735,10.954408506116295,15.972523543739896,19.332746171459235,13.41521909267641,16.899047526282345,13.481629645983048,14.52222289734732,16.14318498221985,18.886754000254655,24.249880572514144,13.54865587560954,18.663984688887638,22.04815757840163,14.964246022685757,16.573454230877132,10.81178450590005,0.040757496773971745,0.020149573650212024,0.005127769726490146,0.02671419077544836,0.03277468537365765,0.017725520797603592,0.02098493664630156,0.04527660618534088,0.0301697725339128,0.010946065703905387,0.0073750336428334215,0.0,0.021952926005534595,0.014225510769097198,0.024367711504311614,0.016436913382022474,0.0468023846517762,0.02339825495750262,0.024430472747963297,0.0,0.01931975215638579,0.008973863438612095,0.024842602058093723,0.022694566193739468,0.013095900800446173,0.017500433578344597,0.03622363901069581,0.03133903190150501,0.011527201197459645,0.008106085925360596
206,16.153422466197537,3.3057298517264155,0.020881792327027953,21.197016374188877,14.448151458317568,16.118242545675685,22.19383442908645,17.96674735402081,14.878580162929381,13.248960959797273,19.08182925006264,14.918456680692145,13.812808546813756,13.76287696732112,12.725071662606695,15.71153968264855,14.94156796749337,10.954408506116295,15.972523543739896,19.272301602837558,13.41521909267641,16.899047526282345,13.481629645983048,14.52222289734732,16.14318498221985,18.886754000254655,24.249880572514144,13.54865587560954,18.663984688887638,22.04815757840163,14.964246022685757,16.573454230877132,10.001319177838582,0.040336682144501104,0.025769173781686652,0.0037842395044812437,0.03234208558587397,0.03586943363388418,0.018376933518630702,0.015215502590541358,0.0457471825335153,0.01853038572299154,0.007837167509715153,0.006373518786439945,0.005973758104793825,0.025388744931055914,0.01865389046653334,0.029392895102726725,0.018184660142876386,0.042895215825721575,0.02666567934099761,0.03158364639387006,0.002764410468298924,0.02053839069533406,0.005329738924458615,0.0320839886726266,0.010052887639010438,0.018621694837090533,0.016787574408403085,0.025411011467514996,0.026396224577629645,0.01667604686807952,0.0028710056315554224
207,16.02802754426365,3.25935106842661,0.02138671255074265,21.197016374188877,13.401161233208256,16.118242545675685,20.901071151750216,17.96674735402081,14.878580162929381,13.248960959797273,19.08182925006264,14.77568179127394,13.812808546813756,13.76287696732112,12.725071662606695,15.71153968264855,14.94156796749337,10.954408506116295,15.83260006819097,19.272301602837558,13.41521909267641,16.899047526282345,13.481629645983048,14.52222289734732,15.16798616272439,18.886754000254655,24.249880572514144,13.54865587560954,18.499787717779157,22.04815757840163,14.964246022685757,16.573454230877132,10.001319177838582,0.034130463269902975,0.022755733864472084,0.012050505252844316,0.018647914878310964,0.02829046315826063,0.021049476890036833,0.01443794802677309,0.04634672226044548,0.020225765586478466,0.008905355762702311,0.012286459891805745,0.015430023482607632,0.026058430950459892,0.023365230241266115,0.0326011500587009,0.019234610415807117,0.03653098113549253,0.018543927611605834,0.029960820309604966,0.012904845077030732,0.012867560171933308,0.016923059841776892,0.031361469604926924,0.013018003602449514,0.019514982944476903,0.02029009639090678,0.02439056891478948,0.03174850814375898,0.0014476800097483224,0.016282618772903847
208,15.975408742834565,3.1976562463079836,0.020825622005514837,21.197016374188877,13.401161233208256,16.118242545675685,19.68544615085864,17.96674735402081,14.878580162929381,13.248960959797273,19.08182925006264,14.77568179127394,13.812808546813756,13.76287696732112,12.725071662606695,15.71153968264855,14.94156796749337,10.954408506116295,15.83260006819097,18.99051333352088,13.41521909267641,16.899047526282345,13.481629645983048,14.441072124683046,15.16798616272439,18.886754000254655,24.249880572514144,13.54865587560954,18.499787717779157,22.04815757840163,14.964246022685757,16.573454230877132,10.001319177838582,0.02196399443324334,0.02123225941992162,0.01329749871735218,0.021316049480205188,0.0284242543579097,0.00996470652352381,0.01754735793471455,0.03795674385907973,0.029977440624455755,0.020071681850931215,0.020338187806585608,0.014815069538633307,0.024489726187046493,0.017847348338897694,0.027474243818327932,0.013151982233458577,0.04269742054715507,0.018797772935482297,0.029500074084999228,0.01818714518109466,0.01714582129512469,0.011472296578525002,0.031224845168859847,0.00880798671142784,0.012831313776768546,0.022889553635824983,0.021400291624361543,0.029023185082355463,0.0040782960781105505,0.01684411234106885
209,15.936494935949257,3.205698701291378,0.02144374931477505,21.197016374188877,13.401161233208256,15.070431690647808,19.68544615085864,17.96674735402081,14.878580162929381,13.248960959797273,19.08182925006264,14.77568179127394,13.812808546813756,13.76287696732112,12.605468311075299,15.71153968264855,14.94156796749337,10.954408506116295,15.83260006819097,18.99051333352088,13.41521909267641,16.899047526282345,13.481629645983048,14.441072124683046,15.16798616272439,18.886754000254655,24.249880572514144,13.54865587560954,18.499787717779157,22.04815757840163,14.964246022685757,16.573454230877132,10.001319177838582,0.020089129563726396,0.01994043701190201,0.006949126958995672,0.0332254721542426,0.01609232724261594,0.013076760505122922,0.014251551163648886,0.037215725289568825,0.03758607394264242,0.027894699870218614,0.030592137990693366,0.016979261765361943,0.01610688216954717,0.024904166300802964,0.029350002659748263,0.012379840388512205,0.0411082253176614,0.017938099912844886,0.02994239711400888,0.0123436562372961,0.0181905634327551,0.00998860549977175,0.03359726339991351,0.013143980748129471,0.015155204033165915,0.02331164642568835,0.016641182943715818,0.030714010003705956,0.003820693457047951,0.02078335594019604
210,15.854908276113896,3.153224118411685,0.020668904656413134,21.197016374188877,13.401161233208256,15.070431690647808,19.68544615085864,17.427135093684626,14.878580162929381,13.248960959797273,19.08182925006264,14.77568179127394,13.812808546813756,13.76287696732112,12.605468311075299,15.71153968264855,14.94156796749337,10.954408506116295,15.83260006819097,17.168850823688558,13.41521909267641,16.899047526282345,13.481629645983048,14.441072124683046,15.16798616272439,18.886754000254655,24.249880572514144,13.54865587560954,18.499787717779157,22.04815757840163,14.964246022685757,16.487129205984843,10.001319177838582,0.027004590355875872,0.02146936357918816,0.004777036298776997,0.031043394190887016,0.01825266054049819,0.008083021819556882,0.012266610117710002,0.03320282915605054,0.02912510237737939,0.028634653202216115,0.021892099654830268,0.012312414257542327,0.018268408934144047,0.021409533164468,0.022136988187479067,0.0203972752210968,0.04701340332236519,0.021610701892702523,0.02920960942829997,0.018272347343044643,0.00828188160479105,0.006983345059037196,0.03865036841602634,0.008432254367089772,0.018339524531776008,0.02892236989992979,0.012651994332947867,0.028497534003659546,0.0085813271371918,0.014344497295832799
211,15.806598930937787,3.2322591123398188,0.022262821252167282,21.197016374188877,13.401161233208256,15.070431690647808,19.68544615085864,17.427135093684626,14.878580162929381,13.248960959797273,19.08182925006264,14.77568179127394,13.812808546813756,13.76287696732112,12.605468311075299,15.71153968264855,14.94156796749337,10.954408506116295,15.83260006819097,17.168850823688558,13.41521909267641,16.899047526282345,13.481629645983048,14.441072124683046,15.16798616272439,18.886754000254655,24.249880572514144,13.54865587560954,18.499787717779157,21.90371563517823,14.964246022685757,16.487129205984843,8.696480765778688,0.030194360121769914,0.027295064145442957,0.00964322991987915,0.028845049423689345,0.023128601214731932,0.012293289228394427,0.0235462174407609,0.035345554098244095,0.019845187275725804,0.032080495536697916,0.027413521674959942,0.016293085836095737,0.019117046897683433,0.025606233784122304,0.023505336646789433,0.029292293182386325,0.04566113566818666,0.01389010863624909,0.02481810336872622,0.022080706985315567,0.01061598779561514,0.008515496423771496,0.028169428797407484,0.006280498357420847,0.018417896786705027,0.02628962908300643,0.024233959629393065,0.025392775850457915,0.009776234720430968,0.020298109034958864
212,15.769616123725234,3.2065920177669245,0.02156291224484602,21.197016374188877,13.401161233208256,15.070431690647808,19.68544615085864,17.427135093684626,14.878580162929381,13.248960959797273,18.13881357374504,14.609213251214953,13.812808546813756,13.76287696732112,12.605468311075299,15.71153968264855,14.94156796749337,10.954408506116295,15.83260006819097,17.168850823688558,13.41521909267641,16.899047526282345,13.481629645983048,14.441072124683046,15.16798616272439,18.886754000254655,24.249880572514144,13.54865587560954,18.499787717779157,21.90371563517823,14.964246022685757,16.487129205984843,8.696480765778688,0.026824206072855798,0.02912132437836486,0.0,0.0341817834093767,0.02758917037438704,0.014763594679361506,0.023005576504554506,0.03735485794559809,0.022617156165162248,0.030097227629594315,0.01423172017985556,0.006455507101518643,0.025074457542957857,0.02435911871071356,0.027660623311389278,0.02792222467188947,0.04217983634296642,0.0085340399034976,0.022675059228374393,0.0240880687377481,0.005009477660755622,0.0,0.03057809633781454,0.0034427769063637296,0.021452419747888116,0.021922937106865575,0.03225261164923248,0.018920001184411978,0.023777760102788308,0.020795733759094437
213,15.752676728007541,3.207998141198651,0.02255977524627898,21.197016374188877,13.401161233208256,15.070431690647808,19.559764213923586,17.427135093684626,14.878580162929381,13.199456822645004,18.13881357374504,14.609213251214953,13.812808546813756,13.76287696732112,12.605468311075299,15.71153968264855,14.94156796749337,10.954408506116295,15.83260006819097,17.168850823688558,13.41521909267641,16.899047526282345,13.481629645983048,14.108076327239587,15.16798616272439,18.886754000254655,24.249880572514144,13.54865587560954,18.499787717779157,21.90371563517823,14.964246022685757,16.487129205984843,8.696480765778688,0.03139758736678556,0.021910792528463792,0.009870030189757344,0.028079265760067206,0.019277682819388603,0.0195280206052074,0.016532940105096604,0.031316356663240556,0.025246773020239862,0.031125531284060263,0.009050765537651002,0.003327378524068643,0.02377444046606534,0.03865644946312968,0.030255983418411667,0.03411161767425048,0.03916497388514842,0.015441331043974353,0.025597791710486463,0.02584731727328982,0.0,0.006341470399716343,0.027021756405213187,0.0033595959913701617,0.021323374740378945,0.024617444752218973,0.034111596106136094,0.025545758573135607,0.029883466021422417,0.02507576505999461
214,15.71244533335807,3.145076569701432,0.024922354003046467,20.545597668032542,13.401161233208256,15.017569410621604,19.559764213923586,17.427135093684626,14.878580162929381,13.199456822645004,18.13881357374504,14.609213251214953,13.812808546813756,13.76287696732112,12.605468311075299,15.71153968264855,14.94156796749337,10.954408506116295,15.83260006819097,17.168850823688558,13.41521909267641,16.899047526282345,13.340387448408194,14.108076327239587,15.16798616272439,18.886754000254655,23.888461916787435,13.54865587560954,18.499787717779157,21.90371563517823,14.964246022685757,16.487129205984843,8.696480765778688,0.03461938748577018,0.02877270905038097,0.011105648983296057,0.019993425999760936,0.024188366425949136,0.022277419618846536,0.01956150405664488,0.015960387095397904,0.027487023850993157,0.03777334117321923,0.010723723371245263,0.0017606369158371822,0.021693044649779857,0.04749256781404757,0.04118431949554891,0.04362656630117848,0.031223277482557616,0.012601310534965156,0.03210888632204637,0.026555928020375794,0.00508767659683521,0.01776354815733371,0.031037669888478156,0.010493428341981702,0.024230790317632585,0.026614669314788286,0.0426699568338667,0.027266990616775615,0.02736672047031378,0.024429694905547184
215,15.687194793847885,3.132357234993506,0.025750830318780303,20.545597668032542,13.401161233208256,15.017569410621604,19.559764213923586,17.427135093684626,14.878580162929381,13.199456822645004,18.13881357374504,14.609213251214953,13.812808546813756,13.76287696732112,12.605468311075299,15.71153968264855,14.94156796749337,10.954408506116295,15.83260006819097,16.607836851926038,13.41521909267641,16.899047526282345,13.340387448408194,14.108076327239587,15.16798616272439,18.886754000254655,23.888461916787435,13.54865587560954,18.3032855042361,21.90371563517823,14.964246022685757,16.487129205984843,8.696480765778688,0.029077824984835448,0.02606812517829455,0.020601660274010135,0.01810803245385296,0.02692238600859602,0.022895783957419914,0.02961395228450593,0.011401160535206742,0.03094620674390737,0.03126326656015202,0.020529604203320596,0.007462089767310277,0.020147704535507932,0.04465001940247972,0.037132375470188425,0.03857086475523969,0.032487010435296296,0.014283988791106818,0.028713665838275785,0.03231924154477199,0.007705628892109053,0.024948091429319526,0.030719827252345098,0.009544233727859171,0.03333255456718789,0.024586752632901852,0.041272065506237875,0.029917872076820888,0.027919653057647414,0.019383266696701845
216,15.557623517485146,3.123618880181283,0.0238868165599573,20.545597668032542,13.145727312277927,15.017569410621604,18.68344468639941,17.427135093684626,14.878580162929381,13.199456822645004,17.716512833168792,14.609213251214953,12.74990482829736,13.76287696732112,12.605468311075299,15.71153968264855,14.94156796749337,10.954408506116295,15.83260006819097,16.607836851926038,13.41521909267641,16.899047526282345,13.340387448408194,13.766927125116183,15.16798616272439,18.86516340407576,23.888461916787435,13.54865587560954,18.3032855042361,21.90371563517823,14.964246022685757,15.579688620952084,8.696480765778688,0.026063390477605215,0.02618947838381291,0.018268692082629268,0.012313242007284314,0.026768621520970277,0.02224913439790696,0.02590824110700866,0.008508132370045584,0.032696177437324385,0.023842658886452157,0.026912890247140882,0.005962876844974358,0.02566569601950753,0.04488661822870533,0.03344580349599622,0.02568685560245886,0.02698836444888359,0.014089387126126219,0.023170410735817715,0.021480283949325916,0.0018632131492342576,0.02272529318228258,0.03811063062488706,0.011924894695706982,0.03513301765806025,0.01882200515312473,0.040535065934259006,0.030409994864880566,0.030997242089189237,0.014986184077118079
217,15.534863645568963,3.124913718634823,0.02377999314802661,20.545597668032542,13.145727312277927,15.017569410621604,18.68344468639941,17.427135093684626,14.73818055471753,13.199456822645004,17.716512833168792,14.609213251214953,12.74990482829736,13.76287696732112,12.450722497562992,15.71153968264855,14.94156796749337,10.954408506116295,15.83260006819097,16.607836851926038,13.41521909267641,16.51139679052102,13.340387448408194,13.766927125116183,15.16798616272439,18.86516340407576,23.888461916787435,13.54865587560954,18.3032855042361,21.90371563517823,14.964246022685757,15.579688620952084,8.696480765778688,0.03284926513484245,0.014498733526764349,0.021666535399944068,0.010934432235432933,0.02641160238851665,0.028174689771055403,0.02527646871143702,0.007540750967624841,0.029003821428977533,0.010090637421177598,0.025474891180099376,0.006070435081082722,0.02377573926599782,0.03791288960276158,0.028299978703389343,0.025346583085957462,0.03607684536097417,0.014229092531839942,0.014618973906405187,0.022010286346662307,2.8053977995875667e-05,0.034583436252570134,0.04171641417493585,0.012019604722021652,0.03513431220615486,0.01957656591242645,0.04322289986704574,0.03712539652132839,0.03237305413748804,0.017357404617888667
218,15.468944435563397,3.155084670887167,0.022681569750420474,20.545597668032542,12.836953644641483,15.017569410621604,18.68344468639941,17.427135093684626,14.73818055471753,13.199456822645004,17.716512833168792,13.968374951862074,12.74990482829736,13.639033805795975,12.450722497562992,15.344498986253825,14.94156796749337,10.954408506116295,15.83260006819097,16.607836851926038,13.41521909267641,16.51139679052102,13.340387448408194,13.229846649858416,15.16798616272439,18.86516340407576,23.888461916787435,13.54865587560954,18.3032855042361,21.90371563517823,14.964246022685757,15.579688620952084,8.696480765778688,0.03523338525657366,0.0047388241240236975,0.028443474213445445,0.007268198336334115,0.027009615148974403,0.013447377088877287,0.027041840454804702,0.010766815849679904,0.016856125165416454,0.0033501777518711064,0.02232633700902878,0.006606178983523199,0.013959066334355948,0.04272100948623529,0.030745534162648754,0.024012416921375873,0.03140547804366882,0.0176252796793967,0.008562251618271007,0.017554358844835173,0.008842438303999925,0.037046794242275714,0.03639845175460308,0.007655878725343838,0.038407313160889064,0.027269003983942365,0.04575270101713028,0.03328768870511927,0.02458243422494107,0.0315306439210293
219,15.414615864547613,3.179936676562412,0.02041311917109338,20.545597668032542,12.836953644641483,15.017569410621604,18.68344468639941,17.427135093684626,14.73818055471753,13.199456822645004,17.716512833168792,12.787843497236167,12.74990482829736,13.639033805795975,12.450722497562992,15.344498986253825,14.94156796749337,10.954408506116295,15.383274392343367,16.607836851926038,13.41521909267641,16.51139679052102,13.340387448408194,13.229846649858416,15.16798616272439,18.86516340407576,23.888461916787435,13.54865587560954,18.3032855042361,21.90371563517823,14.964246022685757,15.579688620952084,8.696480765778688,0.03071149314273495,0.0,0.02226902087511279,0.010677922680417952,0.024501041741230023,0.0035017592299122434,0.023638908340498938,0.016512363199425856,0.013235648235145682,0.004057908089791553,0.01994070256605898,0.02097700816515167,0.002189227038484197,0.04014800327874467,0.034941203201377675,0.026713652140798787,0.027955503959794042,0.010926476068330714,0.011347947550387785,0.008640090701876116,0.012941249014813574,0.02882935531595574,0.029710955613143446,0.008228316543195112,0.031093179245572585,0.028940840441412326,0.033141596490201895,0.031601656742731875,0.018525900307513117,0.036494645212987016
220,15.394197839193932,3.1932107670734844,0.020163256709185496,20.545597668032542,12.836953644641483,15.017569410621604,18.68344468639941,17.427135093684626,14.73818055471753,13.199456822645004,17.716512833168792,12.787843497236167,12.74990482829736,13.026493045185532,12.450722497562992,15.344498986253825,14.94156796749337,10.954408506116295,15.383274392343367,16.607836851926038,13.41521909267641,16.51139679052102,13.340387448408194,13.229846649858416,15.16798616272439,18.86516340407576,23.888461916787435,13.54865587560954,18.3032855042361,21.90371563517823,14.964246022685757,15.579688620952084,8.696480765778688,0.028922609749069274,0.0009251368961868515,0.020134506418384976,0.010777395255715787,0.02566794560117285,0.0011374782683493023,0.03132344109617436,0.021877026532536255,0.010096160234933,0.0050808665233116924,0.01983573224749982,0.012563562644791021,0.0,0.02999350943857004,0.03771958049474235,0.020820621241252574,0.01701909986753489,0.017296714439385723,0.008201122216752486,0.006098765947964742,0.015862750350615212,0.03135194244117989,0.03382023564015237,0.005881171620034307,0.0401456360881632,0.02736782477008784,0.034546219202812305,0.038248545722042095,0.016640070760401714,0.035542029565747785
221,15.38947666031783,3.1836733820383403,0.019897577168933426,20.545597668032542,12.836953644641483,15.017569410621604,18.68344468639941,17.427135093684626,14.73818055471753,13.199456822645004,17.716512833168792,12.787843497236167,12.74990482829736,13.026493045185532,12.450722497562992,15.344498986253825,14.94156796749337,10.954408506116295,15.383274392343367,16.607836851926038,13.41521909267641,16.51139679052102,13.340387448408194,13.229846649858416,15.16798616272439,18.86516340407576,23.888461916787435,13.54865587560954,18.3032855042361,21.762080268895204,14.964246022685757,15.579688620952084,8.696480765778688,0.018793309312775074,0.0,0.016341258040473,0.01298921295110594,0.024479062837168754,0.007706017593404542,0.022070680553319753,0.01660078716099325,0.012308689367596359,0.012752342897088651,0.01472062863079601,0.006545906562557821,0.0,0.028096875815664998,0.04056865084168763,0.02410230253362063,0.012657363238713132,0.010468947092445795,0.012931003441139705,0.008014214535328426,0.02775408239941717,0.03613766002201171,0.027432938222889423,0.0025979833540285334,0.04222107350151411,0.03429844069967977,0.03512028186536188,0.03979828118138179,0.020871743003871547,0.028547577411967555
222,15.363893998907118,3.151693856274528,0.019271891778028957,20.545597668032542,12.836953644641483,15.017569410621604,18.512714313699007,17.427135093684626,14.73818055471753,13.199456822645004,17.716512833168792,12.787843497236167,12.74990482829736,13.026493045185532,12.450722497562992,15.344498986253825,14.94156796749337,10.954408506116295,15.383274392343367,16.607836851926038,13.41521909267641,16.51139679052102,13.340387448408194,13.229846649858416,15.16798616272439,18.86516340407576,23.785638525037996,13.54865587560954,17.885607793335282,21.685831901924473,14.964246022685757,15.579688620952084,8.696480765778688,0.019862765997765233,0.005364193511402209,0.007067035928635364,0.015148548706874739,0.034425723502386714,0.01587489111315974,0.0261595630256604,0.012384787556644329,0.020387666413412508,0.009005385451838073,0.013291281698538784,0.0,0.0,0.028285816552546368,0.03290751494711295,0.023185930077532734,0.015005293970744986,0.007619830364479256,0.0,0.013274014768208862,0.030487103925069037,0.033093465089536665,0.01763231549698753,0.005746833504526476,0.03766274582897065,0.027945379035928107,0.025273936418904817,0.03556383101231129,0.030131480534948237,0.03536941890674278
223,15.321265060918641,3.1263725505880267,0.017728263509695277,20.545597668032542,12.836953644641483,14.583728631471047,18.512714313699007,17.427135093684626,14.73818055471753,13.199456822645004,17.716512833168792,12.787843497236167,12.74990482829736,13.026493045185532,12.450722497562992,15.344498986253825,14.94156796749337,10.954408506116295,15.383274392343367,16.607836851926038,13.41521909267641,16.51139679052102,13.340387448408194,13.229846649858416,15.16798616272439,18.020136043571995,23.785638525037996,13.54865587560954,17.885607793335282,21.685831901924473,14.964246022685757,15.579688620952084,8.696480765778688,0.014537466619705303,0.0016543416118450314,0.004444472743035586,0.01868773453494238,0.01806208007711276,0.015082821498819187,0.02881113029231916,0.015089885300014172,0.012523164521242462,0.015127532374305171,0.010857179786088094,0.00609154957371785,0.0010897413996753943,0.026499557722583434,0.03888050400976667,0.020195340410989082,0.015287878527250434,0.004125126969675387,0.001557502065146691,0.003971893524123293,0.02438496444508559,0.026717227504654092,0.021035077111474367,0.0159356865909964,0.02578475578626055,0.026823403223432914,0.019624439959740846,0.035238887777028716,0.028269719105383655,0.0354568402244436
224,15.298105862883412,3.122480388837114,0.016941171803790993,20.545597668032542,12.836953644641483,14.583728631471047,18.512714313699007,17.427135093684626,14.73818055471753,13.199456822645004,17.716512833168792,12.787843497236167,12.74990482829736,13.026493045185532,12.450722497562992,15.344498986253825,14.94156796749337,10.954408506116295,15.383274392343367,16.607836851926038,13.106871741910709,16.51139679052102,13.340387448408194,13.229846649858416,14.908391500954622,18.020136043571995,23.65880459651663,13.54865587560954,17.885607793335282,21.685831901924473,14.964246022685757,15.579688620952084,8.696480765778688,0.011241318756192243,0.0,0.0,0.018307306655713524,0.014545224803612604,0.01851773531677393,0.03017321182716234,0.021333643064005627,0.018888831508786032,0.015875011954669588,0.02206062369375033,0.014208143631207527,0.01297330332366109,0.02087934477325149,0.02672211963769438,0.010082312212128975,0.013041342626318345,0.0,0.0,0.0019625214698801175,0.018063840578413513,0.031218564959600768,0.021687354589964854,0.01672887245769385,0.02366763545351837,0.035814879750723186,0.012779046692767663,0.035471819284949115,0.01671804788299595,0.025273097208294328
225,15.189589539003894,3.1269245950894886,0.017367759128524007,20.545597668032542,12.836953644641483,14.583728631471047,18.512714313699007,17.427135093684626,14.11364711564994,13.199456822645004,17.716512833168792,12.787843497236167,12.74990482829736,13.026493045185532,12.450722497562992,15.344498986253825,14.94156796749337,10.954408506116295,15.383274392343367,16.607836851926038,13.106871741910709,14.693151287552382,13.340387448408194,13.229846649858416,14.908391500954622,18.020136043571995,23.65880459651663,13.54865587560954,17.885607793335282,21.685831901924473,14.151535248336415,15.579688620952084,8.696480765778688,0.0183184159222825,0.009147768622218968,0.0,0.019759862842538965,0.01788152862599923,0.005685268727754864,0.03089440204331869,0.029428471973330705,0.021068233983392193,0.024863163124764914,0.020065461860911533,0.012836021342142657,0.00761174556294635,0.024021836296531148,0.022908982306311894,0.007999466493103697,0.01263560624057559,0.004944195873895636,0.0,0.0009426109693962065,0.018438618397628344,0.03287736880094542,0.026978730669315543,0.01022478438808636,0.026652452569140127,0.029294191,0.019795229145985117,0.02544983860086965,0.015856851625406773,0.024451665846927
226,15.136294498431239,3.104935077696164,0.017495142768611936,20.545597668032542,12.836953644641483,14.583728631471047,18.512714313699007,17.085092384422182,14.11364711564994,13.00377138662418,17.716512833168792,12.787843497236167,12.74990482829736,13.026493045185532,12.450722497562992,15.344498986253825,14.870909440414835,10.954408506116295,14.683181088487686,16.607836851926038,13.106871741910709,14.693151287552382,13.340387448408194,13.229846649858416,14.908391500954622,18.020136043571995,23.65880459651663,13.54865587560954,17.885607793335282,21.39546066096233,14.151535248336415,15.579688620952084,8.696480765778688,0.027389079127104986,0.0019493004322625272,0.003950175665858247,0.021376142147057433,0.015494750839512121,0.0021062110572850658,0.026614068933528155,0.024543909901726297,0.022511061168846967,0.027829171861948894,0.0204300066280618,0.011424653262293367,0.010953276907514029,0.027529709079379343,0.028496104215670674,0.012745270964682778,0.011950195870698396,0.0027653430646298145,0.007041058888471247,0.0,0.021833884351864487,0.03509418170369844,0.032221785273817125,0.0062271737041934725,0.010957580126453636,0.02382330507366059,0.023069435573004917,0.025449355586362757,0.007138729348743222,0.03193936230002739
227,15.084652700386897,3.0418656620643745,0.01822976311478528,20.545597668032542,12.52627799064578,14.583728631471047,18.512714313699007,17.085092384422182,14.11364711564994,13.00377138662418,17.716512833168792,12.787843497236167,12.74990482829736,13.026493045185532,12.450722497562992,15.344498986253825,14.870909440414835,10.954408506116295,14.683181088487686,16.607836851926038,13.106871741910709,14.693151287552382,12.995443157696627,13.229846649858416,14.908391500954622,18.020136043571995,22.765170599893622,13.54865587560954,17.885607793335282,21.39546066096233,14.151535248336415,15.579688620952084,8.696480765778688,0.021444943248830582,0.011511488802805931,0.01724971696440439,0.02884186269713963,0.01133760926818686,0.001530499369816088,0.02891154334488693,0.02649940405773672,0.019602070388954826,0.03058709411612365,0.02046748518460909,0.014953604780026929,0.008098074299407306,0.022035286685408124,0.025941706077123778,0.016063659519347493,0.008562785233949589,0.0002524139823159463,0.007906146165715722,0.002073684796525083,0.02068356280751542,0.03144342009924197,0.028532306718639603,0.004461771579067949,0.017681038623004883,0.027044008621321485,0.03100578727571481,0.026979417039253918,0.010377909709664316,0.024812591986819302
228,15.065878749344723,3.0466336717485363,0.01895244558051485,20.545597668032542,12.52627799064578,14.020510100205797,18.512714313699007,17.085092384422182,14.11364711564994,13.00377138662418,17.716512833168792,12.787843497236167,12.74990482829736,13.026493045185532,12.450722497562992,15.344498986253825,14.870909440414835,10.954408506116295,14.683181088487686,16.607836851926038,13.106871741910709,14.693151287552382,12.995443157696627,13.229846649858416,14.908391500954622,18.020136043571995,22.765170599893622,13.54865587560954,17.885607793335282,21.39546066096233,14.151535248336415,15.579688620952084,8.696480765778688,0.02484156938626676,0.015314382641296649,0.024375711432358126,0.017678446728079077,0.011876558195023436,0.002201796073637424,0.04027038015706677,0.0336325081020109,0.02306738625607316,0.02997125578215946,0.02287555260355511,0.006463925802106832,0.014930881157254182,0.02865526559067631,0.02995900021648623,0.014918838351089102,0.014153179071028317,0.0,0.00906825111651958,0.00022791655569502154,0.01231279287283975,0.02893851432119043,0.023084282377683157,0.007976406523245718,0.0144510862368325,0.024099594335077953,0.030553355761419945,0.025713151255220067,0.010888535543070203,0.026072842970483213
229,15.064450284584838,3.0475041130360707,0.019349334532683556,20.545597668032542,12.52627799064578,14.020510100205797,18.512714313699007,17.085092384422182,14.11364711564994,13.00377138662418,17.716512833168792,12.787843497236167,12.74990482829736,13.026493045185532,12.450722497562992,15.344498986253825,14.870909440414835,10.954408506116295,14.683181088487686,16.607836851926038,13.106871741910709,14.693151287552382,12.995443157696627,13.186992707061904,14.908391500954622,18.020136043571995,22.765170599893622,13.54865587560954,17.885607793335282,21.39546066096233,14.151535248336415,15.579688620952084,8.696480765778688,0.02659464712638394,0.016977107600298795,0.03448792191298075,0.013490783732106425,0.020114903315961982,0.004175975583154675,0.050148494742592406,0.03026243309355532,0.024504470900425582,0.0246850603541842,0.016600802958162734,0.009506718047471892,0.011262424089295255,0.0189118192603208,0.02637027933242197,0.017937413233362755,0.020173446006069684,0.008006360752182164,0.011980385918269606,0.006277077460490926,0.010056042947548671,0.0244042599341882,0.03476430873199277,0.0007037097174691971,0.010314128494141084,0.02082991098444764,0.02968184689589782,0.028520845264638495,0.009187736408658383,0.01954872118183263
230,14.940321056166226,3.078783503757846,0.018183141501467662,20.545597668032542,12.52627799064578,14.020510100205797,17.458038758260955,17.085092384422182,14.11364711564994,13.00377138662418,17.716512833168792,12.787843497236167,12.105227347118557,13.026493045185532,12.450722497562992,15.344498986253825,14.870909440414835,10.49450955614003,14.644026299457721,16.607836851926038,13.106871741910709,14.693151287552382,12.876700342518234,12.789281009335639,14.908391500954622,18.020136043571995,22.765170599893622,13.42977496066743,17.885607793335282,21.39546066096233,13.261400599247906,15.579688620952084,8.696480765778688,0.018179926740858693,0.01326037599701711,0.041221780965264826,0.008999743629571882,0.0198053796198827,0.00528263744263818,0.04131120270565295,0.03847508623627339,0.021235287833929684,0.016522928595748422,0.02038511598450469,0.009846426538351489,0.018433747475094055,0.014782351395833601,0.026923476223648973,0.02128450262188511,0.012992389566371719,0.01089133383269547,0.013462649636039147,0.008222968972496025,0.004725071968641073,0.014971251210521822,0.033581048229015045,0.011346419669998947,0.009517801579654915,0.01244065729935788,0.027177049019516685,0.01760019322987492,0.009379453794308483,0.023235987029381913
231,14.883192009345242,3.10189240875353,0.01820992674859123,20.545597668032542,12.52627799064578,14.020510100205797,17.458038758260955,17.085092384422182,14.11364711564994,13.00377138662418,17.716512833168792,12.787843497236167,12.105227347118557,13.026493045185532,12.319496089411189,15.344498986253825,14.870909440414835,10.49450955614003,13.451930524095417,16.607836851926038,12.716322520795302,14.693151287552382,12.876700342518234,12.789281009335639,14.908391500954622,18.020136043571995,22.765170599893622,13.42977496066743,17.885607793335282,21.39546066096233,13.261400599247906,15.579688620952084,8.696480765778688,0.016957613060750346,0.011663124196124895,0.0358701326612362,0.017205049245338996,0.018310449454748558,0.01480985180185247,0.03961935887251527,0.026813232290740743,0.021775296884003974,0.014723396125719997,0.02468981648341032,0.008234523471537981,0.022876150988828156,0.019797836060888883,0.02207718996146723,0.02292929583614466,0.007541253129525752,0.01281359969413991,0.015754546855582266,0.019312778511799203,0.005595616725997385,0.0039197825213478955,0.022288833615312934,0.01775844663377891,0.010928838670100397,0.015604445972837966,0.03220061385404312,0.026100992228109392,0.002364925870822314,0.015760810779030764
232,14.720810283417787,3.119542469785099,0.018638680802641857,20.01638866338959,12.52627799064578,14.020510100205797,17.458038758260955,17.085092384422182,14.11364711564994,12.925696197047046,17.716512833168792,12.787843497236167,12.105227347118557,13.026493045185532,12.319496089411189,15.344498986253825,14.870909440414835,10.49450955614003,13.451930524095417,15.755982282752257,12.716322520795302,14.693151287552382,11.753137681691271,12.789281009335639,14.908391500954622,18.020136043571995,22.765170599893622,13.42977496066743,16.854799244689218,21.174140392884453,13.261400599247906,15.579688620952084,7.659859228899791,0.020885659552556567,0.01819814822515806,0.03591341391744964,0.01874252302793084,0.012113246009787181,0.012020298784483727,0.03469346618119045,0.025005798454202834,0.027088880064215195,0.01807211666853045,0.01977162392944487,0.009906258829367739,0.027881067573523433,0.022502510431941777,0.02107318948022792,0.02898289990496551,0.012027248044229921,0.008780038209413253,0.023101214634160247,0.015363446219051854,0.01304120183641548,0.001602125525623369,0.026816257269309127,0.014519142521839914,0.005965771573166261,0.02111670454897866,0.02367524772637073,0.02183413381435618,0.0,0.01846679112136447
233,14.720810283417787,3.119542469785099,0.019511240965811194,20.01638866338959,12.52627799064578,14.020510100205797,17.458038758260955,17.085092384422182,14.11364711564994,12.925696197047046,17.716512833168792,12.787843497236167,12.105227347118557,13.026493045185532,12.319496089411189,15.344498986253825,14.870909440414835,10.49450955614003,13.451930524095417,15.755982282752257,12.716322520795302,14.693151287552382,11.753137681691271,12.789281009335639,14.908391500954622,18.020136043571995,22.765170599893622,13.42977496066743,16.854799244689218,21.174140392884453,13.261400599247906,15.579688620952084,7.659859228899791,0.040653961626455265,0.01650154397321886,0.03535945226647376,0.03132384277691615,0.005284002691615754,0.01874652802700832,0.03345790361061968,0.021127569938398642,0.024889278648014743,0.008806813065482881,0.019526873804919465,0.014784823144389442,0.03194380495825844,0.022187518886502645,0.01844700734502682,0.02349104176418037,0.014942335542475581,0.009805645719394912,0.027432699189172103,0.02639903341551694,0.010155751952917593,0.006396606073484879,0.017847464380410513,0.023304841580590468,0.009283127613233367,0.015455093469980832,0.022425541391690375,0.01886268327384693,0.010306923611257655,0.006187515232882558
234,14.708953014872836,3.1045041120612105,0.019302519956343783,19.747164560901126,12.52627799064578,14.020510100205797,17.458038758260955,17.085092384422182,14.11364711564994,12.925696197047046,17.716512833168792,12.787843497236167,12.105227347118557,13.026493045185532,12.319496089411189,15.344498986253825,14.870909440414835,10.49450955614003,13.451930524095417,15.755982282752257,12.716322520795302,14.692703091744704,11.753137681691271,12.789281009335639,14.822345742902257,18.020136043571995,22.765170599893622,13.42977496066743,16.854799244689218,21.174140392884453,13.261400599247906,15.579688620952084,7.659859228899791,0.024114286080713063,0.015832739351144903,0.03808558279419448,0.012328199497941094,0.0058137186861246136,0.017065066870612974,0.04263445240608664,0.024035311142979028,0.02904934658483072,0.021056271298205316,0.01849730329465314,0.02735034801544662,0.020779400366380058,0.018262229744490394,0.027440365141369667,0.01645528036935516,0.02461205917692195,0.00821829232392168,0.02334805325049482,0.01727885837516964,0.014127204623394075,0.005369184170207246,0.019613841167809246,0.021362038711160658,0.015356965990605848,0.017950634848579422,0.012435515543296168,0.022255315105954326,0.010293899438213449,0.008053834320057102
235,14.669040452068305,3.0791677200243317,0.018859250570774772,19.747164560901126,12.52627799064578,13.81416995145031,17.458038758260955,17.085092384422182,14.11364711564994,12.925696197047046,16.725476097788317,12.787843497236167,12.105227347118557,13.026493045185532,12.319496089411189,15.344498986253825,14.870909440414835,10.49450955614003,13.451930524095417,15.755982282752257,12.716322520795302,14.692703091744704,11.753137681691271,12.789281009335639,14.822345742902257,18.020136043571995,22.765170599893622,13.42977496066743,16.854799244689218,21.174140392884453,13.261400599247906,15.579688620952084,7.659859228899791,0.011410558193977483,0.022871602183362698,0.04449656726680767,0.004561369496992519,0.010869985554137039,0.01863989528400659,0.037510765731556546,0.02249407217060134,0.023363957358123213,0.01595457604235208,0.022017136061959625,0.021902683570247248,0.020844103021098567,0.017423864282084436,0.024206570997245457,0.009549921267844989,0.013859318134936674,0.019819182557356672,0.02425720655901325,0.021080715115264218,0.016608779593833382,0.008157782808148535,0.019392731819017295,0.015217262718498754,0.024873420805929518,0.019002582379952206,0.008971764511823374,0.027021590763414614,0.012015969872919616,0.007381581000737626
236,14.667601096620071,3.079992291016675,0.019429393111479166,19.747164560901126,12.52627799064578,13.81416995145031,17.458038758260955,17.085092384422182,14.11364711564994,12.882515533600042,16.725476097788317,12.787843497236167,12.105227347118557,13.026493045185532,12.319496089411189,15.344498986253825,14.870909440414835,10.49450955614003,13.451930524095417,15.755982282752257,12.716322520795302,14.692703091744704,11.753137681691271,12.789281009335639,14.822345742902257,18.020136043571995,22.765170599893622,13.42977496066743,16.854799244689218,21.174140392884453,13.261400599247906,15.579688620952084,7.659859228899791,0.011693457471368615,0.02212325560120963,0.03329543810656896,0.010742262918954599,0.011609817090801855,0.022244764029363918,0.026636662060039812,0.015799688989909962,0.022054757248491506,0.0205476351413921,0.020413799815333377,0.02042988130289731,0.017497077095249974,0.025976422580776527,0.022196263767527428,0.016250896703674633,0.02137398882299343,0.016747398921476676,0.02445257476670108,0.013859436541704701,0.01805420327649897,0.02126966779445728,0.00945733235986825,0.020849326249777842,0.024628761812050065,0.017067033134572234,0.017458355665170674,0.028605480095756565,0.006524457365137432,0.023021696614649603
237,14.603510559925882,3.1198174812015127,0.01800735742201475,19.747164560901126,12.52627799064578,12.672681842620307,17.458038758260955,17.085092384422182,14.11364711564994,12.882515533600042,16.725476097788317,12.787843497236167,12.105227347118557,13.026493045185532,11.538268097415482,15.344498986253825,14.870909440414835,10.49450955614003,13.451930524095417,15.755982282752257,12.716322520795302,14.692703091744704,11.753137681691271,12.789281009335639,14.822345742902257,18.020136043571995,22.765170599893622,13.42977496066743,16.854799244689218,21.174140392884453,13.261400599247906,15.579688620952084,7.659859228899791,0.014518237626011139,0.015005196789803403,0.02118715518447268,0.002398720418977759,0.011741540694987005,0.016259763257679694,0.02950268931035763,0.010265896601300102,0.02027894433497519,0.017517112833303556,0.0275114038641026,0.0345227105553017,0.02035811201885228,0.021953770827430153,0.012053806914946702,0.01501423773019196,0.025681716278054285,0.012684389981895841,0.02826007885505398,0.01804324161816249,0.016570707263434035,0.01995181143852418,0.005140994253340754,0.013438278685598909,0.01173731802175979,0.01335568449772034,0.023069986763115034,0.032925334347482474,0.00582625529039603,0.023445626403210774
238,14.569852321840045,3.094181276090043,0.01936854550266081,19.747164560901126,12.52627799064578,12.672681842620307,16.44829161568589,17.085092384422182,14.11364711564994,12.882515533600042,16.725476097788317,12.787843497236167,12.105227347118557,13.026493045185532,11.538268097415482,15.344498986253825,14.870909440414835,10.49450955614003,13.451930524095417,15.755982282752257,12.716322520795302,14.692703091744704,11.753137681691271,12.789281009335639,14.822345742902257,18.020136043571995,22.765170599893622,13.42977496066743,16.854799244689218,21.174140392884453,13.261400599247906,15.579688620952084,7.659859228899791,0.014060014782223846,0.01484504168022969,0.027360588652554467,0.012918857739244836,0.02056600569828334,0.013020557496245724,0.030460336245588596,0.013818591247146033,0.02959136401474541,0.011224067337501075,0.03481117077202033,0.035834493968843174,0.026077989552282237,0.019974421027084247,0.017370712390031257,0.015102664099327513,0.028870581185776678,0.012161644697691282,0.020520990251112245,0.018693802542235374,0.008343875622671566,0.02499617009473973,0.015591970408185931,0.008482179654992863,0.012188015730408949,0.008766969772631637,0.014743649406489822,0.028180483871339344,0.012753222722393662,0.02972593241580335
239,14.540927821630415,3.065717612484897,0.019650734187296404,19.747164560901126,12.52627799064578,12.672681842620307,16.44829161568589,17.085092384422182,14.11364711564994,12.882515533600042,16.725476097788317,12.787843497236167,12.105227347118557,13.026493045185532,11.538268097415482,15.344498986253825,14.870909440414835,10.49450955614003,13.451930524095417,15.755982282752257,12.716322520795302,14.692703091744704,11.753137681691271,12.789281009335639,14.822345742902257,17.152401037283084,22.765170599893622,13.42977496066743,16.854799244689218,21.174140392884453,13.261400599247906,15.579688620952084,7.659859228899791,0.006320474578697901,0.006142541809353542,0.02615265260867835,0.016503625276064124,0.020776272972492526,0.021388937076210923,0.034768687544772324,0.02773895257437087,0.027036002607791428,0.009602315065260823,0.030150313573243555,0.03408679290393921,0.02267040905846853,0.021403504994408743,0.022535518584269967,0.003481967720248501,0.0373417047630254,0.016332258746599316,0.022728610855580377,0.013551131167624311,0.0074372868543544765,0.02602730860765867,0.018281905211846458,0.00935594111973047,0.016777453758873823,0.006324097250989661,0.022459136434070673,0.029027495049467476,0.004117482480387417,0.029001244370412144
240,14.452385664970794,3.1619342586959243,0.021337548909585065,19.747164560901126,12.52627799064578,12.672681842620307,16.44829161568589,17.085092384422182,14.11364711564994,12.870845333656973,16.725476097788317,12.787843497236167,12.105227347118557,12.345190528713431,9.574976114042045,15.344498986253825,14.870909440414835,10.49450955614003,13.451930524095417,15.755982282752257,12.716322520795302,14.692703091744704,11.753137681691271,12.789281009335639,14.822345742902257,17.152401037283084,22.765170599893622,13.42977496066743,16.854799244689218,21.174140392884453,13.261400599247906,15.579688620952084,7.659859228899791,0.011732752116720533,0.009986148262699513,0.02127348879677589,0.02147490893913911,0.02669503936221383,0.009324162309048234,0.039349361664494015,0.02315531599094741,0.039786167860988195,0.011243530867830493,0.02750111085740569,0.023126788747088525,0.024147296499970248,0.021211170715217574,0.016143386301208346,0.0009953660190326278,0.03666868879953555,0.018600754866168027,0.02642218082310654,0.02103707831288181,0.009263813357993663,0.02715545214856337,0.025852958980583984,0.016002713345812082,0.024765172211853835,0.0031276775459534644,0.024735492052553917,0.035011175065932446,0.007824068047460475,0.03651324641837267
241,14.411718680157295,3.1941268831024305,0.021277902200540412,19.747164560901126,11.306268446240779,12.672681842620307,16.44829161568589,17.085092384422182,14.11364711564994,12.870845333656973,16.725476097788317,12.787843497236167,12.105227347118557,12.345190528713431,9.574976114042045,15.344498986253825,14.870909440414835,10.49450955614003,13.451930524095417,15.755982282752257,12.716322520795302,14.692703091744704,11.753137681691271,12.789281009335639,14.822345742902257,17.152401037283084,22.765170599893622,13.42977496066743,16.854799244689218,21.174140392884453,13.261400599247906,15.579688620952084,7.659859228899791,0.008132671064864603,0.0044638773147539865,0.023951792221832198,0.017064003298777008,0.03276101553666987,0.013837255779597204,0.02441200145754746,0.03047355202563555,0.03835954880987747,0.013396458943903308,0.022120840844145815,0.021679975858101077,0.025646647607893796,0.020218948309902198,0.026567998553945687,0.0012100139133492528,0.03472144666595839,0.023428471359754278,0.014647315923795926,0.015023711018206844,0.0007059652918319175,0.027144920847367113,0.02139499748223489,0.0190967681296895,0.030444537862343527,0.013356430490442401,0.025900609568018276,0.03956044632378262,0.0087544003262708,0.03986044318571915
242,14.385389983509334,3.1277273458518993,0.021321642150850157,19.747164560901126,11.306268446240779,12.672681842620307,16.44829161568589,17.085092384422182,14.11364711564994,12.870845333656973,16.725476097788317,12.787843497236167,12.105227347118557,12.345190528713431,9.574976114042045,15.344498986253825,14.870909440414835,10.49450955614003,13.451930524095417,15.755982282752257,12.716322520795302,14.692703091744704,11.753137681691271,12.789281009335639,14.822345742902257,17.152401037283084,21.97530970045483,13.42977496066743,16.854799244689218,21.174140392884453,13.261400599247906,15.579688620952084,7.659859228899791,0.0021847136846117315,0.0,0.03072660251847911,0.01639742241512444,0.028506887773060548,0.012524774710917345,0.03623527128646484,0.02908378079780823,0.038669186943190076,0.007198638167357073,0.016293439577347447,0.016625835174213816,0.026339154665616867,0.019100112850021497,0.026805651949585008,0.0,0.034636756897903215,0.02071007198530646,0.019015746317894336,0.014853348813411932,0.01227047889616305,0.03080178317379085,0.020140473992832923,0.015620439880858362,0.03154586638767437,0.019122744735034326,0.0219102688653799,0.041324039984912124,0.013518318805812779,0.037487453274732144
243,14.268561375745145,3.1253319414692182,0.020784355397339613,19.747164560901126,11.29827183858481,12.672681842620307,15.186951387438285,16.826152462390894,14.11364711564994,11.859776900185409,16.725476097788317,12.787843497236167,12.105227347118557,12.345190528713431,9.574976114042045,15.344498986253825,14.870909440414835,10.49450955614003,13.451930524095417,15.755982282752257,12.260793973060402,14.692703091744704,11.753137681691271,12.789281009335639,14.822345742902257,17.152401037283084,21.97530970045483,13.42977496066743,16.854799244689218,21.174140392884453,13.261400599247906,15.06970412716771,7.659859228899791,0.0,0.0,0.03485577157836185,0.023208089629722897,0.01773395456044696,0.012578193401647522,0.03402497976578984,0.0318776873320607,0.032508077167720854,0.017936605397344537,0.012014583974149291,0.008572369476912037,0.016894213056342637,0.020661907882527156,0.031109989749098014,0.0,0.02866132046286781,0.023528111839354656,0.02775613894510573,0.010143567534402986,0.018260480218985173,0.032049094298535405,0.021800020335142424,0.009292010598062372,0.02993913213815054,0.025146124814873855,0.020506674269095755,0.04227467731376562,0.014086335342299769,0.026110550837421913
244,14.159638123532185,3.1048323278816587,0.02044275675423208,19.747164560901126,11.29827183858481,12.672681842620307,15.186951387438285,16.070885560927024,13.558218665034019,11.859776900185409,16.725476097788317,12.787843497236167,12.105227347118557,12.345190528713431,9.574976114042045,15.344498986253825,14.870909440414835,10.49450955614003,13.451930524095417,15.755982282752257,12.260793973060402,14.692703091744704,11.753137681691271,11.791321310069918,14.822345742902257,16.193358522239805,21.97530970045483,13.42977496066743,16.854799244689218,21.174140392884453,13.261400599247906,15.06970412716771,7.659859228899791,0.0,0.0,0.032456360945341343,0.02215472145931162,0.01208532473864938,0.005524115391449553,0.021996196046751026,0.029022992127394148,0.03237784206648387,0.016904062130214444,0.012580622175979427,0.004086555322084525,0.017551376436839308,0.024821994665860422,0.03514405589373602,0.012771512335845153,0.021173599985234708,0.014459524387021968,0.033251359656614306,0.017512339023808547,0.026319908548747772,0.0290716404586505,0.02261672777497043,0.01200747517429485,0.027983832796193184,0.025189992767161908,0.018655955820935557,0.044938400039297985,0.010516302398281318,0.03010791205980898
245,14.122434692046122,3.0851176256851556,0.020839708866665932,19.747164560901126,11.29827183858481,12.672681842620307,15.186951387438285,16.070885560927024,13.558218665034019,11.859776900185409,16.725476097788317,12.787843497236167,12.105227347118557,12.345190528713431,9.574976114042045,15.326882371933038,14.870909440414835,10.49450955614003,13.451930524095417,15.755982282752257,12.260793973060402,14.301977678867217,11.753137681691271,11.791321310069918,14.822345742902257,16.193358522239805,21.97530970045483,13.42977496066743,16.14703832730561,21.174140392884453,13.261400599247906,15.06970412716771,7.659859228899791,0.004126443240252779,0.0,0.0239411480347333,0.01758245959731853,0.013458733279065327,0.007340217754166611,0.026258566442920118,0.01670647203789363,0.031756561497382166,0.02127960669836516,0.015981418829532888,0.0056803601860777285,0.026109729067443938,0.029900729027158287,0.03402265295181476,0.014468782868843505,0.023039821566352474,0.019499117006572596,0.03187771609069602,0.019260717616311058,0.023810842383086353,0.030300857445739227,0.02291786649499393,0.01660336362590327,0.021826890163664722,0.025614147026219784,0.016197971774954745,0.03737103470166708,0.020837299398615797,0.027419739192232204
246,14.047840532493135,3.073589906123935,0.02086292937478642,18.93207473932648,11.29827183858481,12.672681842620307,15.186951387438285,16.070885560927024,13.558218665034019,11.859776900185409,16.725476097788317,12.787843497236167,11.579906990757138,12.345190528713431,9.574976114042045,15.326882371933038,14.870909440414835,10.49450955614003,13.451930524095417,15.755982282752257,11.363379364406853,14.301977678867217,11.753137681691271,11.791321310069918,14.822345742902257,16.193358522239805,21.97530970045483,13.42977496066743,16.14703832730561,21.174140392884453,13.261400599247906,15.06970412716771,7.659859228899791,0.0,0.011356054088607142,0.03245829055586192,0.008282961210460179,0.01651174978946871,0.012831231186368358,0.03107792629471977,0.02085844812922492,0.021595048801050114,0.022619617652297405,0.02167366925896811,0.017053334179174144,0.026911612235099115,0.022962853680731466,0.02871382232515951,0.016877773922174964,0.025168551157771217,0.022705999532105496,0.02493660326077897,0.017486220287955243,0.016178793668690013,0.03237146457369807,0.023353730179785866,0.014353643541701003,0.028118987973545975,0.016488069270729176,0.012754071664477198,0.03434549504810746,0.02192023628856874,0.023921621486312303
247,13.945941431153553,3.0638832977786636,0.018840027066562428,18.93207473932648,11.29827183858481,12.672681842620307,15.186951387438285,16.070885560927024,12.660688364886653,11.859776900185409,16.725476097788317,12.787843497236167,11.579906990757138,12.345190528713431,9.574976114042045,15.326882371933038,14.870909440414835,10.49450955614003,13.451930524095417,15.755982282752257,11.363379364406853,14.301977678867217,11.753137681691271,11.791321310069918,13.491732281363795,15.364529243738161,21.97530970045483,13.42977496066743,16.14703832730561,21.174140392884453,13.261400599247906,15.06970412716771,7.659859228899791,0.005162751737293208,0.011774369611070203,0.025653961573293815,0.004412259333502338,0.01146170897155407,0.003167033358840603,0.02947742715522343,0.013379032193979134,0.02681243487406839,0.02306258673083643,0.02081595871663651,0.012372742359980721,0.025607875352224172,0.016217185114086704,0.02389231832469279,0.013743808209803119,0.01805391863694966,0.028513333453227388,0.028753095525311675,0.025656989419288404,0.019663266049447868,0.027052659612809133,0.02517723153023585,0.012218343015695564,0.020822996380180106,0.011246456456628936,0.01681005658773228,0.021467480085416542,0.02334306962085004,0.01940846200601377
248,13.92344880768504,3.099410504976839,0.01909856928204325,18.93207473932648,11.29827183858481,12.672681842620307,15.186951387438285,16.070885560927024,12.660688364886653,11.859776900185409,16.725476097788317,12.787843497236167,11.579906990757138,12.345190528713431,9.574976114042045,15.326882371933038,14.870909440414835,10.49450955614003,13.451930524095417,15.755982282752257,11.363379364406853,14.301977678867217,11.753137681691271,11.791321310069918,13.305458689807324,15.364529243738161,21.97530970045483,13.42977496066743,16.14703832730561,21.174140392884453,13.261400599247906,15.06970412716771,7.171354116400835,0.020908648717802535,0.011694544447195986,0.02742606510726618,0.017087160584511096,0.005747124002216,0.003380235331721066,0.02668064546921141,0.013886674538174685,0.026552484141024738,0.015506544985342373,0.02556633384955865,0.014543423404634173,0.020605596298967355,0.013559422429959887,0.022249705112759935,0.01382119320134858,0.022132017591085806,0.03207828432858995,0.028057016136770085,0.025860420524820706,0.019054349379829506,0.02888011542311011,0.019240707815681928,0.0031507401171021465,0.015088879101284793,0.02031152047084112,0.018033039264017343,0.018213425231150826,0.023348375077678486,0.020292386377640047
249,13.850252829791033,3.146286551807528,0.019809732366429977,18.93207473932648,11.29827183858481,10.848834112597729,15.186951387438285,16.070885560927024,12.300563808788581,11.859776900185409,16.725476097788317,12.787843497236167,11.579906990757138,12.345190528713431,9.574976114042045,15.326882371933038,14.870909440414835,10.49450955614003,13.451930524095417,15.755982282752257,11.363379364406853,14.301977678867217,11.753137681691271,11.791321310069918,13.305458689807324,15.364529243738161,21.97530970045483,13.42977496066743,16.14703832730561,21.174140392884453,13.2494935485484,15.06970412716771,7.171354116400835,0.019632702423569612,0.017175761872126834,0.0245391515017378,0.022587829106100184,0.0073809972036134285,0.006891944625927254,0.028338772208351272,0.021088582389275117,0.01818077128697561,0.015731556223904486,0.019653894252437524,0.005478168346958483,0.028766363884054427,0.017067275262938195,0.023339525830041823,0.020035544164916038,0.02410636830861179,0.024090345999793695,0.025917161199591705,0.02139250183462221,0.01928757819388858,0.023296820981148957,0.02806769110699653,0.010530621396897161,0.01595115469231817,0.026197995350833825,0.015175391577970529,0.01344798245650149,0.03140106815901195,0.019540449151784593
250,13.818145102427447,3.1415292698008854,0.018409887388996446,18.93207473932648,11.29827183858481,10.848834112597729,15.186951387438285,16.070885560927024,12.300563808788581,11.859776900185409,16.725476097788317,12.787843497236167,11.474482414305498,12.345190528713431,9.574976114042045,15.326882371933038,14.870909440414835,10.49450955614003,13.451930524095417,15.755982282752257,11.363379364406853,14.301977678867217,11.753137681691271,11.791321310069918,13.305458689807324,15.364529243738161,21.97530970045483,13.42977496066743,16.14703832730561,21.174140392884453,13.2494935485484,14.211896882711756,7.171354116400835,0.012452720044834841,0.022905688681901508,0.022661328360945674,0.01791506708046875,0.007342642974307507,0.001155294119022402,0.014892238486929416,0.014346618827693933,0.014123747810474407,0.0031584592558404415,0.03137677539141734,0.0018283142405234089,0.029893861507826906,0.02608182405582962,0.016945321321535905,0.02310042523269868,0.029945176104904374,0.024601002747709776,0.022706186406465875,0.027526149393882867,0.01481179677619194,0.022631038150858433,0.028097209562679797,0.006154567878216549,0.013226863966308667,0.02033701382803351,0.009722392748587189,0.018526590999409377,0.04132326416802165,0.012507041546372569
251,13.701144489485205,3.0427527786211748,0.016025876156251357,18.93207473932648,11.29827183858481,10.848834112597729,15.186951387438285,16.070885560927024,12.300563808788581,11.859776900185409,16.200957043712663,12.787843497236167,11.474482414305498,12.345190528713431,9.574976114042045,15.132253158178514,14.870909440414835,10.49450955614003,13.451930524095417,15.755982282752257,11.363379364406853,13.463120311229375,11.753137681691271,11.791321310069918,13.305458689807324,15.364529243738161,21.97530970045483,12.638107866279938,16.14703832730561,20.013794734472697,13.2494935485484,14.211896882711756,7.171354116400835,0.020914031140620744,0.018518727610900353,0.01617061087589179,0.014713533729033293,0.015231722299605073,0.0,0.006014241988010551,0.013169659085564688,0.013703935366758303,0.0032979926672867086,0.017573463423355883,0.0,0.031117009052282003,0.014507602280923734,0.01728938114377041,0.030825084716333297,0.025933066215987902,0.025579716080673946,0.03037740380304047,0.019999577435769574,0.020548192058345547,0.018777009095651123,0.019109212052140095,0.0030514303769573724,0.0046469979335731285,0.011880987026409034,0.008011421410944328,0.012229900707104169,0.03796528052518503,0.009619094585421978
252,13.701144489485205,3.0427527786211748,0.017243856951946822,18.93207473932648,11.29827183858481,10.848834112597729,15.186951387438285,16.070885560927024,12.300563808788581,11.859776900185409,16.200957043712663,12.787843497236167,11.474482414305498,12.345190528713431,9.574976114042045,15.132253158178514,14.870909440414835,10.49450955614003,13.451930524095417,15.755982282752257,11.363379364406853,13.463120311229375,11.753137681691271,11.791321310069918,13.305458689807324,15.364529243738161,21.97530970045483,12.638107866279938,16.14703832730561,20.013794734472697,13.2494935485484,14.211896882711756,7.171354116400835,0.036477099388962715,0.02473197925584073,0.021558021410489698,0.015138200742462039,0.013275194742999444,0.0016803831730499866,0.004206052460559098,0.015732144782287884,0.014881735809961254,0.0037971303104375282,0.013166045195381358,0.0030690187401177845,0.031060557599471624,0.008643224984587096,0.022599835054066264,0.028406621333664308,0.01647910943455278,0.03419108589509942,0.025095534214689165,0.018733517739426945,0.032755588081390195,0.01202586159639685,0.020538305926024944,0.005612329612882217,0.004290649331442389,0.01095058076222223,0.012908881393168448,0.014761043158749976,0.03606092647632197,0.014489049951698404
253,13.664676767740552,3.0544807710369675,0.018269795354656858,18.93207473932648,11.29827183858481,10.848834112597729,15.186951387438285,16.070885560927024,12.300563808788581,11.859776900185409,16.200957043712663,12.787843497236167,11.474482414305498,12.345190528713431,9.574976114042045,15.132253158178514,14.870909440414835,10.49450955614003,13.451930524095417,15.755982282752257,11.363379364406853,13.463120311229375,11.753137681691271,11.791321310069918,13.305458689807324,15.364529243738161,21.97530970045483,12.638107866279938,16.14703832730561,20.013794734472697,12.155461896208806,14.211896882711756,7.171354116400835,0.03367022495390765,0.028113470073993837,0.019456511902853062,0.008835702481914638,0.010927893394316697,0.002186200292340893,0.0014041768962337916,0.013838047663681421,0.015278069628060019,0.006328893779510823,0.016079683890990067,0.010873330292950551,0.03527941638547863,0.0069494059730464,0.025841859274148983,0.028907968097613663,0.018574205597282237,0.034119246477600035,0.02445143130444769,0.021871678997948552,0.030191597650901555,0.017888653828479324,0.017675440320175994,0.0057588471636568295,0.007522217783238776,0.016462557012930947,0.02656955701284082,0.008470779461242108,0.04199240055507257,0.01257439249284735
254,13.615514610593756,3.0506035385193773,0.018180008789848323,18.93207473932648,11.29827183858481,10.848834112597729,15.186951387438285,16.070885560927024,12.300563808788581,11.859776900185409,16.200957043712663,12.787843497236167,11.26639718026081,12.345190528713431,9.574976114042045,15.132253158178514,14.520596952614369,10.49450955614003,12.903548250078813,15.387897564210164,11.363379364406853,13.463120311229375,11.753137681691271,11.791321310069918,13.305458689807324,15.364529243738161,21.97530970045483,12.638107866279938,16.14703832730561,20.013794734472697,12.155461896208806,14.211896882711756,7.171354116400835,0.025803177050465666,0.023288240755630137,0.014761222437170391,0.007515281272214122,0.01467610882482548,0.011405572008487045,0.016453136104476827,0.01503701699299967,0.01622576913148053,0.00606529669129535,0.017229258307843637,0.010850979737688,0.02741260353071068,0.00652463567752796,0.019644168947887772,0.026391865531517438,0.020188096044605686,0.016117113164292846,0.02458594812040106,0.010190473451658993,0.032900630456012714,0.026764091016697536,0.022623413268747432,0.010256806470867802,0.003917596690687334,0.02515332032846315,0.02674512433395566,0.01662936593626894,0.03420307988064005,0.01584087152992987
255,13.594695208325797,3.0413901511560533,0.018884608728153056,18.93207473932648,11.29827183858481,10.848834112597729,15.186951387438285,16.070885560927024,12.300563808788581,11.859776900185409,15.939930694644374,12.787843497236167,11.26639718026081,12.345190528713431,9.574976114042045,15.132253158178514,14.185143936964323,10.49450955614003,12.903548250078813,15.387897564210164,11.363379364406853,13.463120311229375,11.725034978370843,11.791321310069918,13.305458689807324,15.364529243738161,21.97530970045483,12.638107866279938,16.14703832730561,20.013794734472697,12.155461896208806,14.211896882711756,7.171354116400835,0.025311238618803765,0.018350449675532832,0.015335551053387941,0.009673938309025939,0.008317292159123897,0.012669454847611923,0.016997414104056936,0.011534917763759632,0.01602491485988775,0.01272252327358204,0.011733604162511532,0.010645725075966575,0.018152982560510244,0.01137290621779077,0.03225529750726457,0.01791574756231659,0.029177038942618007,0.028091738835774604,0.024668446815939462,0.016390564448662836,0.025614571298566875,0.02271218956358594,0.023718804209909204,0.013414541571305054,0.004420899756531265,0.028512063760578257,0.02465204753198805,0.014990270686988534,0.04243126413932749,0.018729862531683145
256,13.581067651675056,3.046676115625799,0.018621864266839542,18.93207473932648,11.29827183858481,10.848834112597729,15.186951387438285,16.070885560927024,12.300563808788581,11.859776900185409,15.939930694644374,12.787843497236167,11.26639718026081,12.345190528713431,9.574976114042045,15.132253158178514,14.185143936964323,10.49450955614003,12.903548250078813,15.387897564210164,11.363379364406853,13.346577714382931,11.725034978370843,11.791321310069918,13.305458689807324,15.364529243738161,21.97530970045483,12.638107866279938,16.14703832730561,20.013794734472697,11.863177793532998,14.211896882711756,7.171354116400835,0.041473556445499465,0.016651333420583572,0.011913124988025567,0.010162755062145666,0.009619044761556186,0.019978523198944716,0.01153625398780815,0.007113803533889318,0.010867337180058452,0.008971653365751647,0.01688672397266701,0.0035122859792740438,0.023472942601759028,0.00809028106572464,0.02390937629177484,0.023339657343729663,0.023552804095126067,0.03841487469653215,0.019655709381191187,0.017756496509907082,0.027734811131485248,0.021718170473887747,0.026065924097263448,0.009438640864681333,0.009922536822903283,0.03350442242704308,0.02040125649154278,0.012842779102853284,0.031093551298000968,0.019055297413576592
257,13.552680467747528,3.0418728718680774,0.020351347816997725,18.93207473932648,11.29827183858481,10.848834112597729,15.186951387438285,16.070885560927024,12.300563808788581,11.859776900185409,15.939930694644374,12.787843497236167,11.26639718026081,11.978102389789512,9.574976114042045,15.132253158178514,14.185143936964323,10.49450955614003,12.903548250078813,15.081226994983865,11.363379364406853,13.346577714382931,11.725034978370843,11.791321310069918,13.305458689807324,15.364529243738161,21.97530970045483,12.638107866279938,15.969181517629977,20.013794734472697,11.863177793532998,14.211896882711756,7.171354116400835,0.03691439162650112,0.016285021049579917,0.01511266460629349,0.01987688725251877,0.013863709780173674,0.015584009195838588,0.02311704813941798,0.005847707211678475,0.011660194043531654,0.014540928686919348,0.011202133005203164,0.0055205053631407815,0.025810149183438852,0.012789150782018019,0.020335582645119372,0.02367457070699426,0.030663900321039092,0.0462541527413367,0.008560431927089879,0.02186345013686371,0.027688143164595527,0.032542213378572445,0.02106259850818154,0.011961497706802824,0.014987865584218756,0.03560616250761144,0.019274462736955635,0.02259819885136882,0.0226446202130908,0.022698083453837118
258,13.473116191973912,2.930098046527124,0.020166201483373707,16.637149290959997,11.29827183858481,10.848834112597729,15.186951387438285,15.983565262086074,12.300563808788581,11.859776900185409,15.939930694644374,12.787843497236167,11.26639718026081,11.978102389789512,9.574976114042045,15.132253158178514,14.185143936964323,10.49450955614003,12.903548250078813,15.081226994983865,11.35869683840582,13.346577714382931,11.725034978370843,11.791321310069918,13.305458689807324,15.364529243738161,21.97530970045483,12.638107866279938,15.969181517629977,20.013794734472697,11.863177793532998,14.211896882711756,7.171354116400835,0.026781882344050618,0.017219892866974482,0.023698635755895748,0.014218754444465428,0.009448771008444315,0.01230478183511306,0.0237731669238903,0.015945024837057054,0.015870133588047883,0.01879382224946557,0.015967042706731164,0.0,0.028378006310746582,0.01470297523466777,0.02756835558510774,0.025568341187358023,0.02399583342278258,0.04235938057925913,0.011393776537613254,0.013350664964228714,0.02275700977338797,0.03303414430269264,0.02378217824233566,0.015447342824599143,0.022153289960357536,0.024050775847759612,0.01700858693648298,0.026338834122134915,0.015213971150130052,0.023860668959431258
259,13.436727228245633,2.951137244910828,0.01965821772564112,16.637149290959997,11.29827183858481,10.848834112597729,15.186951387438285,15.983565262086074,11.208894896940194,11.859776900185409,15.939930694644374,12.787843497236167,11.26639718026081,11.978102389789512,9.574976114042045,15.132253158178514,14.185143936964323,10.49450955614003,12.903548250078813,15.081226994983865,11.35869683840582,13.346577714382931,11.725034978370843,11.791321310069918,13.305458689807324,15.364529243738161,21.97530970045483,12.638107866279938,15.969181517629977,20.013794734472697,11.863177793532998,14.211896882711756,7.171354116400835,0.03573498607602084,0.0072040115172215795,0.026027888965360353,0.006836648332309539,0.004759299906531345,0.014791881737729435,0.02403019699503172,0.018665604022283233,0.0075998249459938725,0.014475792610296629,0.016471780287712044,0.01934780001112681,0.029079032229390837,0.014556310249464355,0.03344612794263729,0.020178940075039946,0.025450740928020514,0.04174742186288405,0.020851437445179692,0.0207823418279316,0.02082105463560345,0.02487077437988032,0.02161310903768401,0.0189878479475677,0.013879504157553733,0.004596611342155234,0.019043403453423386,0.029087119794143395,0.0061941656985041345,0.02861487335455244
260,13.421391589789083,2.9633799061412462,0.02055860546233591,16.637149290959997,10.838202684888302,10.848834112597729,15.186951387438285,15.983565262086074,11.208894896940194,11.859776900185409,15.939930694644374,12.787843497236167,11.26639718026081,11.978102389789512,9.574976114042045,15.132253158178514,14.185143936964323,10.49450955614003,12.903548250078813,15.081226994983865,11.35869683840582,13.346577714382931,11.725034978370843,11.791321310069918,13.305458689807324,15.364529243738161,21.97530970045483,12.638107866279938,15.969181517629977,20.013794734472697,11.863177793532998,14.211896882711756,7.171354116400835,0.02816276973271342,0.006773254602635676,0.04003212758202817,0.015027790717487414,0.011802291453985193,0.016768510163754156,0.025235146138813322,0.016876899293792484,0.009989233002205663,0.022436848037330162,0.020087451190613875,0.019369810500300223,0.02392302662664565,0.008515468673533288,0.03312810346676303,0.012874057392955399,0.03352549190681814,0.04306131887631768,0.01849783072105555,0.014235824950838314,0.018099842106778813,0.03616031574349375,0.02079838991606909,0.012712586039197692,0.008412522866737975,0.010203003735801523,0.02435880758016794,0.027510312874295693,0.007129754397989787,0.03104937357895816
261,13.372243150920058,2.893655926471709,0.019754398591778886,16.637149290959997,10.838202684888302,10.848834112597729,15.186951387438285,15.889767689296832,11.208894896940194,11.859776900185409,15.939930694644374,12.787843497236167,11.26639718026081,11.978102389789512,9.574976114042045,15.132253158178514,14.146421928839516,10.49450955614003,12.903548250078813,15.081226994983865,11.35869683840582,13.346577714382931,11.725034978370843,11.282924075742187,13.305458689807324,15.364529243738161,21.14177334962585,12.638107866279938,15.969181517629977,20.013794734472697,11.863177793532998,14.211896882711756,7.171354116400835,0.02795989430360784,0.022637588016743863,0.03578114847728704,0.011223447505751665,0.006746355602543898,0.00874356347920194,0.028288941919697802,0.024940092065880666,0.006789026471105303,0.01989466236658338,0.0220634605795351,0.017423081949809707,0.021672788950300427,0.012140149724000817,0.0340958544767824,0.017539790442210133,0.02088754391125112,0.04083205817642573,0.02459105132606884,0.01864252895621134,0.01259083592353593,0.023730304168791825,0.007736224275699056,0.00658327559592673,0.00839068549313546,0.02046315011726877,0.025014467606691692,0.03007839220743345,0.0038695213450256664,0.03128207231885884
262,13.28958279842737,2.8523343147792395,0.02015548117231053,16.637149290959997,10.838202684888302,10.848834112597729,15.186951387438285,15.889767689296832,11.208894896940194,11.859776900185409,15.696756095321007,12.787843497236167,11.26639718026081,11.978102389789512,9.574976114042045,15.132253158178514,13.345613479610279,10.49450955614003,12.903548250078813,14.351072269628617,11.35869683840582,13.346577714382931,11.725034978370843,11.282924075742187,13.305458689807324,15.364529243738161,21.14177334962585,12.638107866279938,15.263508716757201,20.013794734472697,11.863177793532998,14.211896882711756,7.171354116400835,0.02999715972589341,0.023184761868434604,0.030957156647423045,0.0038518900966567023,0.01116557720423541,0.015071907290884413,0.01736535414147427,0.022661002786195386,0.006734430548789224,0.01958893757750199,0.024213564052299116,0.0271265526482823,0.018722606525919568,0.013293882823303713,0.033680216830721754,0.01964684865450516,0.012938844468375866,0.04343837645801007,0.022989558302627,0.03066598265849701,0.002807798417173836,0.025048692262504096,0.011886524128668608,0.0043019137239952215,0.001907447464517997,0.023145780113983248,0.028836782900984133,0.031746987532254314,0.012790845889370538,0.03489705142583385
263,13.2540719803735,2.8339136869090784,0.019644034129819177,16.637149290959997,10.838202684888302,10.848834112597729,15.186951387438285,15.889767689296832,11.208894896940194,11.859776900185409,15.696756095321007,12.787843497236167,11.26639718026081,11.978102389789512,9.574976114042045,15.132253158178514,13.345613479610279,10.49450955614003,12.903548250078813,14.351072269628617,11.35869683840582,13.346577714382931,11.725034978370843,11.282924075742187,13.305458689807324,14.56000151389918,21.14177334962585,12.638107866279938,15.263508716757201,20.013794734472697,11.863177793532998,13.951100070934615,7.171354116400835,0.030642746208109715,0.016963744402761823,0.024502270557404154,0.0,0.011752591701984767,0.016146745892681735,0.013162260671392069,0.02068838731713771,0.007101722057262138,0.014291613867058187,0.014103137541990898,0.023093711901114432,0.020074750798998602,0.0130985215972298,0.03309951336761973,0.020469214426318723,0.020035841853181403,0.03766074607299086,0.02625435046854904,0.03234936125081174,0.007159397620823766,0.02446470925892252,0.015084861182102208,0.005602882887214561,0.007706906856928142,0.015433332461265305,0.030126200961408705,0.032975189460196994,0.016445209899724377,0.038831101351391194
264,13.161378731775532,2.8613301936260798,0.019333823223713277,16.637149290959997,9.74428114532111,10.848834112597729,15.186951387438285,15.889767689296832,11.208894896940194,11.418221458113749,15.696756095321007,12.787843497236167,11.26639718026081,11.978102389789512,9.574976114042045,15.132253158178514,13.345613479610279,10.49450955614003,12.903548250078813,14.351072269628617,11.35869683840582,13.346577714382931,11.725034978370843,11.282924075742187,13.305458689807324,14.56000151389918,20.465434871155196,12.638107866279938,15.263508716757201,20.013794734472697,11.863177793532998,13.951100070934615,6.602372118571338,0.026865429169428266,0.01758102141582507,0.025112825012929288,0.0014431664755976427,0.016653974124999225,0.015428430967419858,0.015572882327113301,0.021822817264549262,0.011451088159871248,0.011313817289851662,0.015925437076726025,0.027084304457090876,0.01974336488238499,0.014748748017283549,0.0191697864171659,0.01796675225758534,0.02516958874506459,0.03904378667748754,0.024159326437023645,0.021552207622485414,0.012576955180843438,0.02728460219082146,0.015317804194213814,0.00956316874023111,0.012226371461471531,0.009242631270771117,0.025015443632235804,0.03525931194594992,0.004325928136027301,0.041393725160950155
265,13.144996010938002,2.8506650883063958,0.01962130294584292,16.618950554941307,9.74428114532111,10.848834112597729,14.71366849833106,15.889767689296832,11.208894896940194,11.418221458113749,15.696756095321007,12.787843497236167,11.26639718026081,11.978102389789512,9.574976114042045,15.132253158178514,13.345613479610279,10.49450955614003,12.903548250078813,14.351072269628617,11.35869683840582,13.346577714382931,11.725034978370843,11.282924075742187,13.305458689807324,14.56000151389918,20.465434871155196,12.638107866279938,15.263508716757201,20.013794734472697,11.863177793532998,13.951100070934615,6.602372118571338,0.02335495302310121,0.024675445050996815,0.02398136988290039,0.0073581817607816635,0.012312321069006961,0.013185660236294099,0.0073823771562352555,0.029091506507161084,0.009333400045405338,0.010802499978823122,0.019050702142603626,0.02405107035141213,0.012191955654585057,0.014358049497214925,0.022416201321197326,0.02454738997154886,0.02319994041030542,0.03875677442198906,0.019789046580754276,0.026859217079273395,0.016674765496707898,0.026443672588060418,0.013048515468710897,0.022249909098416527,0.01955442181002153,0.020033447895026972,0.0194306373515392,0.027253462656034528,0.007508836996927621,0.02974335687225211
266,13.043474227526367,2.773449055962697,0.020882999822531452,15.463991308723223,9.74428114532111,10.848834112597729,14.71366849833106,15.271890776597218,11.208894896940194,11.418221458113749,15.696756095321007,12.787843497236167,11.26639718026081,11.978102389789512,9.574976114042045,15.132253158178514,13.345613479610279,10.49450955614003,11.970049796650585,14.351072269628617,11.35869683840582,13.308999839683509,11.725034978370843,11.282924075742187,13.305458689807324,14.56000151389918,20.163693855851534,12.638107866279938,15.263508716757201,20.013794734472697,11.863177793532998,13.951100070934615,6.602372118571338,0.02519289386896018,0.03025569583727651,0.01693108750420129,0.012054279734426368,0.015091417703248493,0.011628191633101062,0.011110928851146314,0.03453740446103134,0.008974263726879872,0.012504040995971655,0.01855114074869469,0.030834143109389,0.014958151456683567,0.014258382087058553,0.03101260545983616,0.027650281451890867,0.019830424076022677,0.043923684482527675,0.0172452639473446,0.027327308333194855,0.02374595379638466,0.02636424782473841,0.01741041940391641,0.01947845573662473,0.015208625243135305,0.026292620832694416,0.022035674140602875,0.01846729480719483,0.00722756841769076,0.02638754500407543
267,12.96563896288632,2.6889602842947804,0.02041526159429267,15.463991308723223,9.74428114532111,10.848834112597729,14.71366849833106,15.271890776597218,11.208894896940194,11.418221458113749,15.696756095321007,12.787843497236167,11.26639718026081,11.978102389789512,9.574976114042045,15.132253158178514,13.345613479610279,10.320296366585524,11.970049796650585,14.351072269628617,11.35869683840582,13.308999839683509,11.725034978370843,11.282924075742187,13.305458689807324,14.56000151389918,20.163693855851534,12.638107866279938,15.263508716757201,18.316994656164923,11.863177793532998,13.951100070934615,6.1383274472322,0.03144728952735189,0.02763889847535074,0.011162847554165037,0.01865682050901669,0.01456068940558137,0.007905532436768562,0.01534776441247752,0.03536398923057691,0.015018684253353454,0.009423969134411155,0.017890727110580953,0.027035737820562886,0.018206459585716997,0.014594526134685488,0.02769396837875046,0.03259423697840989,0.0234780441442491,0.04833036478129208,0.02192404640007546,0.02246385533055687,0.02727789261908697,0.027038555439812116,0.011257951161897553,0.015247468106403685,0.010438194669615224,0.021143020074424763,0.009587133863979162,0.022684987455099257,0.002333477614801806,0.024710715219725912
268,12.834339804003957,2.68604214261454,0.0203766593072433,15.463991308723223,9.74428114532111,10.848834112597729,13.726867900776199,15.271890776597218,11.208894896940194,11.418221458113749,15.696756095321007,12.787843497236167,11.187969120408013,11.978102389789512,9.449680683471627,15.132253158178514,13.345613479610279,10.320296366585524,11.970049796650585,13.247609665429366,11.35869683840582,13.308999839683509,11.725034978370843,11.282924075742187,12.672096657496525,14.56000151389918,20.163693855851534,12.638107866279938,15.263508716757201,18.316994656164923,10.851551751550232,13.951100070934615,6.1383274472322,0.024101840592350515,0.028653438669970225,0.01415583009806374,0.015034667464053129,0.009971255105627318,0.009529900362070047,0.018530597993385578,0.027122820314213186,0.017168759356591855,0.011846888458760717,0.01191367014265338,0.0237097297771945,0.01729001501101421,0.02151819500672683,0.02372419728217086,0.03379231338954501,0.030266318459631927,0.046223959537538994,0.02111218832993048,0.03357777699923658,0.022854311104269793,0.035262712133052564,0.010626092446508553,0.01450469216344195,0.016826194446794767,0.025260205042413386,0.01266562647050193,0.019205642713222643,0.0,0.0148499403463642
269,12.828156056221754,2.690035835707479,0.020853772742919427,15.463991308723223,9.74428114532111,10.848834112597729,13.726867900776199,15.271890776597218,11.208894896940194,11.418221458113749,15.696756095321007,12.787843497236167,11.002456686941912,11.978102389789512,9.449680683471627,15.132253158178514,13.345613479610279,10.320296366585524,11.970049796650585,13.247609665429366,11.35869683840582,13.308999839683509,11.725034978370843,11.282924075742187,12.672096657496525,14.56000151389918,20.163693855851534,12.638107866279938,15.263508716757201,18.316994656164923,10.851551751550232,13.951100070934615,6.1383274472322,0.015411477465807314,0.02120460362790623,0.009126777630385705,0.015230651404885923,0.01792424057513069,0.015825662778286207,0.02364897449846184,0.03596376968932295,0.012546766506624321,0.01357552769396997,0.012094414154666597,0.009101135818350398,0.023296270399560937,0.02334087864571199,0.03667486807049298,0.03432690885971635,0.03514995070196455,0.03846640179561479,0.020852206059068092,0.02627663955941868,0.02582302854180017,0.02911779736031024,0.019588289685037213,0.011914244434100173,0.010757561413953776,0.027138827886212278,0.02469479701021944,0.02423054259810481,0.0,0.012309967422498225
270,12.828156056221754,2.690035835707479,0.02172688685398513,15.463991308723223,9.74428114532111,10.848834112597729,13.726867900776199,15.271890776597218,11.208894896940194,11.418221458113749,15.696756095321007,12.787843497236167,11.002456686941912,11.978102389789512,9.449680683471627,15.132253158178514,13.345613479610279,10.320296366585524,11.970049796650585,13.247609665429366,11.35869683840582,13.308999839683509,11.725034978370843,11.282924075742187,12.672096657496525,14.56000151389918,20.163693855851534,12.638107866279938,15.263508716757201,18.316994656164923,10.851551751550232,13.951100070934615,6.1383274472322,0.012926913897454836,0.02473981284665503,0.011228131639068878,0.014553854229850458,0.01001464513605784,0.005292955129731123,0.02562189716705213,0.04099285501370777,0.02154232257927397,0.014865494514063222,0.014898017297189097,0.01728374906179879,0.0303994649731289,0.024801619486948014,0.026443426307572945,0.0228918765486524,0.02845105364954044,0.03669374891754097,0.0325729707868606,0.027678087740009575,0.02478574108459989,0.02679971217454242,0.02868482139294095,0.013641334843605933,0.015187519179716192,0.025925651007644424,0.020665951730632365,0.03141098967103684,0.0,0.02081198761267799
271,12.77239823130579,2.652159735940197,0.02034381473249113,15.463991308723223,9.74428114532111,10.848834112597729,13.726867900776199,15.271890776597218,11.208894896940194,11.418221458113749,15.696756095321007,12.787843497236167,11.002456686941912,11.978102389789512,9.449680683471627,15.132253158178514,13.345613479610279,10.320296366585524,10.927776968348837,13.247609665429366,11.35869683840582,13.308999839683509,11.725034978370843,11.282924075742187,12.672096657496525,14.56000151389918,19.533231936674326,12.638107866279938,15.263508716757201,18.316994656164923,10.851551751550232,13.951100070934615,6.1383274472322,0.006259595292153974,0.022341864410469724,0.006407132349897849,0.012518168257235219,0.008741904272095593,0.0,0.02377560951636406,0.038133628571888796,0.02678558660051825,0.01846952971488087,0.00652180897809714,0.024806850271431775,0.02300397110105353,0.026069890445815303,0.024296850695674683,0.029607738106740143,0.030381295339143383,0.036893822427105386,0.02530638712755381,0.022502611210628878,0.028535047674645826,0.0272396986418414,0.02735478783481665,0.012894438748856362,0.017491998172904148,0.013676540118130662,0.023963626498360858,0.033128811410371224,0.0,0.013205248186058392
272,12.69430420480875,2.62882280480094,0.019741750696670037,15.463991308723223,9.74428114532111,10.848834112597729,13.726867900776199,15.271890776597218,11.208894896940194,11.418221458113749,15.696756095321007,12.787843497236167,11.002456686941912,11.876454046492881,9.449680683471627,15.132253158178514,13.345613479610279,10.320296366585524,10.927776968348837,13.247609665429366,11.35869683840582,13.308999839683509,11.725034978370843,11.189396360589797,12.672096657496525,14.56000151389918,19.533231936674326,12.638107866279938,13.264210060073822,18.316994656164923,10.851551751550232,13.951100070934615,5.989981367453424,0.0,0.029395444169276363,0.010312168910047381,0.008493555550924346,0.013813091258369834,0.0,0.02807291659562249,0.02930025481309412,0.02209197654699261,0.021136116000455764,0.005147009566760182,0.023072153859495372,0.023575227082500087,0.022608203084023188,0.025954793734759878,0.029000485932725056,0.03939089460270162,0.03118859147680129,0.025826478428518162,0.012243782597977414,0.017506934560481816,0.03146194362693702,0.030138158716275936,0.01622231189040271,0.018493765446859465,0.015683747753200875,0.024528892899636823,0.029100787427189384,0.0,0.00849283436807187
273,12.617461389991169,2.537378920344954,0.019430686571859312,15.463991308723223,9.74428114532111,10.848834112597729,13.726867900776199,14.590054133754165,11.208894896940194,11.418221458113749,15.012377663625841,12.787843497236167,11.002456686941912,11.876454046492881,9.449680683471627,15.132253158178514,13.345613479610279,10.320296366585524,10.927776968348837,13.247609665429366,11.35869683840582,13.308999839683509,11.725034978370843,11.189396360589797,12.672096657496525,14.56000151389918,19.533231936674326,12.638107866279938,13.264210060073822,17.481234167821867,10.851551751550232,13.951100070934615,5.886672485807253,0.0,0.027732633949034014,0.004549753672054744,0.014156324508260251,0.012790943404019088,0.0,0.03270958109459928,0.023238519028171586,0.024433760258528656,0.02116384116747376,0.006794564621778725,0.021661226123991673,0.02497601033662217,0.029526396682060196,0.019876959187101202,0.025958728342643973,0.033093925617054425,0.028261638211624352,0.018733076285200694,0.0019464239031449526,0.017955396281009367,0.02518093719673408,0.026595760990732215,0.026111791903056798,0.027601502605536857,0.01805950797083686,0.015595970750499658,0.030696791014771775,0.006215674222620283,0.017302957826617588
274,12.60474924716897,2.552650916074911,0.0185626937487066,15.463991308723223,9.362916860655162,10.848834112597729,13.726867900776199,14.590054133754165,11.208894896940194,11.418221458113749,15.012377663625841,12.787843497236167,11.002456686941912,11.876454046492881,9.449680683471627,15.132253158178514,13.345613479610279,10.320296366585524,10.927776968348837,13.247609665429366,11.35869683840582,13.308999839683509,11.725034978370843,11.189396360589797,12.672096657496525,14.56000151389918,19.533231936674326,12.638107866279938,13.264210060073822,17.481234167821867,10.851551751550232,13.951100070934615,5.886672485807253,0.004497591911335676,0.02819969727028546,0.0007178352970284975,0.016439447981825887,0.006555109369474376,0.0038213157982262057,0.03200459322547244,0.011709717156404387,0.014881790878609686,0.018390943287021632,0.015265660490274786,0.02700057891039531,0.019571301440101163,0.0286171475006288,0.019473788174050963,0.030885494410103846,0.030654269252604595,0.020749034474826705,0.018325265303128557,0.0017394727698558145,0.03554129816741996,0.023457461991874155,0.02650490600426588,0.01979604702918092,0.024572031235233563,0.013065873819535567,0.009641725456191977,0.034082283501999634,0.0014552947697527873,0.019263835584088743
275,12.590478899862427,2.5544355799173375,0.019182064110776983,15.463991308723223,9.362916860655162,10.848834112597729,13.583191325770713,14.590054133754165,11.208894896940194,11.418221458113749,15.012377663625841,12.787843497236167,11.002456686941912,11.876454046492881,9.449680683471627,15.132253158178514,13.345613479610279,10.320296366585524,10.927776968348837,13.247609665429366,11.35869683840582,13.308999839683509,11.440601134180042,11.189396360589797,12.672096657496525,14.56000151389918,19.533231936674326,12.638107866279938,13.264210060073822,17.481234167821867,10.851551751550232,13.951100070934615,5.886672485807253,0.01462643687001381,0.02783767543545583,0.009110664353134257,0.020803747308515932,0.02197618200143372,0.008107461268843267,0.035734385316469275,0.02075668383937369,0.0152564809429295,0.010500555889450817,0.018690916745833296,0.028790689641683454,0.019074245688082924,0.024380204736941788,0.02483189825326657,0.031072250236659077,0.029057918233625437,0.025926584541533047,0.0158803121677775,0.0056562616991872065,0.032877574535204915,0.022113575986058166,0.0271658914731623,0.022250145794537397,0.014204759005271461,0.007144670645296728,0.006604694743788963,0.019589819711662848,0.008972778312303592,0.006466457945812583
276,12.560399320606738,2.5295194766989297,0.02010617335490978,15.463991308723223,9.362916860655162,10.848834112597729,13.583191325770713,14.590054133754165,11.208894896940194,11.418221458113749,15.012377663625841,12.787843497236167,11.002456686941912,11.876454046492881,9.449680683471627,14.22986578050785,13.345613479610279,10.320296366585524,10.927776968348837,13.247609665429366,11.35869683840582,13.308999839683509,11.440601134180042,11.189396360589797,12.672096657496525,14.56000151389918,19.533231936674326,12.638107866279938,13.264210060073822,17.481234167821867,10.851551751550232,13.951100070934615,5.886672485807253,0.016277594187688746,0.02585087916029839,0.010325491468284492,0.02358065927960662,0.017052732883719314,0.011642688210153707,0.03105638279626696,0.020974518627538685,0.019753330376519683,0.009969884602754255,0.008198494219763245,0.042217806411635084,0.019573043739286675,0.024655874951150576,0.027755183393116358,0.02805870374560814,0.03146821694873845,0.022969861993090125,0.015271100586254513,0.004217948180632483,0.03824123510944199,0.029545842051640903,0.025941079533115436,0.02673357178267677,0.009199404213919621,0.012063543458292312,0.013795525859478552,0.009512491689304126,0.012891584715632322,0.014390526471684807
277,12.458545789515732,2.572401917945505,0.02229046937105146,15.463991308723223,9.362916860655162,10.848834112597729,13.583191325770713,14.590054133754165,11.208894896940194,10.339340293440273,15.012377663625841,12.524587316053896,11.002456686941912,11.496736462385286,9.449680683471627,14.22986578050785,13.345613479610279,10.320296366585524,10.346813282436642,13.247609665429366,11.35869683840582,13.308999839683509,11.440601134180042,11.189396360589797,11.91930934064186,14.56000151389918,19.533231936674326,12.638107866279938,13.264210060073822,17.481234167821867,10.851551751550232,13.951100070934615,5.886672485807253,0.02392448314384994,0.030020950738527483,0.007946632537119325,0.027746838836408827,0.019464726525742534,0.016015578502692956,0.024383563883051056,0.024577409699513282,0.02215480787220095,0.013821733206675202,0.000862670480559035,0.043016911100501785,0.02106862156826489,0.027733090541273143,0.02895125865128042,0.031368905747843914,0.017922930626343713,0.028673473676806456,0.008546371710469187,0.009252804071260315,0.045118869935760746,0.03317524225818236,0.027500422412459955,0.024135030698562626,0.013475543910466802,0.015130174926440643,0.028710811313782388,0.01857885349635611,0.017326001991324176,0.018109367067823703
278,12.458320279340809,2.5723036104272046,0.021510349836022565,15.463991308723223,9.362916860655162,10.848834112597729,13.576426020523058,14.590054133754165,11.208894896940194,10.339340293440273,15.012377663625841,12.524587316053896,11.002456686941912,11.496736462385286,9.449680683471627,14.22986578050785,13.345613479610279,10.320296366585524,10.346813282436642,13.247609665429366,11.35869683840582,13.308999839683509,11.440601134180042,11.189396360589797,11.91930934064186,14.56000151389918,19.533231936674326,12.638107866279938,13.264210060073822,17.481234167821867,10.851551751550232,13.951100070934615,5.886672485807253,0.03151546120459495,0.032472214244285674,0.007231222556317166,0.024621781258139325,0.03317165793344735,0.01663027245367457,0.023437041729747754,0.03155551047701789,0.01754198537966343,0.01614774844804504,8.125683806294877e-05,0.04205851639986858,0.023261689334101353,0.026715850371456084,0.023744601748963912,0.029811891490587304,0.01667507363688218,0.02381892404274007,0.014265650965909616,0.015088113438696565,0.03836919659138639,0.033127545134172244,0.018901024646532396,0.0107997445047529,0.018966166180701217,0.011928188010888503,0.021166669001053524,0.01360708478388296,0.010714414635787463,0.017883997639317584
279,12.425246128765865,2.554720831133361,0.021381488972909053,14.90242602296047,9.362916860655162,10.848834112597729,13.576426020523058,14.590054133754165,11.208894896940194,10.339340293440273,15.012377663625841,12.524587316053896,11.002456686941912,11.496736462385286,9.449680683471627,14.22986578050785,13.345613479610279,10.320296366585524,10.346813282436642,13.247609665429366,11.096095256844762,13.14094218975896,11.440601134180042,11.189396360589797,11.91930934064186,14.56000151389918,19.533231936674326,12.638107866279938,13.264210060073822,17.481234167821867,10.851551751550232,13.951100070934615,5.886672485807253,0.02717094782888419,0.032622389248667366,0.01301593225428822,0.014727541978525188,0.04006628459034893,0.011419662057090578,0.019411270007886856,0.022245482926762546,0.012942669459712218,0.01935128143030381,0.0,0.038019727241710995,0.02564242385453043,0.024446605991222652,0.017568060505261756,0.03382959188371463,0.010545152722481854,0.024682905206152073,0.013294377084435866,0.018121160997691763,0.0381887276796248,0.03429555892061958,0.030486342989043156,0.011280432147113077,0.022707999815170896,0.010010069136785914,0.02794845929978979,0.016014411550110012,0.005359294564733385,0.026029905814608907
280,12.371177629885043,2.464602988573615,0.020818991785465014,14.90242602296047,9.362916860655162,10.820167601028345,13.576426020523058,14.590054133754165,11.208894896940194,10.339340293440273,15.012377663625841,12.524587316053896,11.002456686941912,11.496736462385286,9.449680683471627,14.22986578050785,13.345613479610279,10.320296366585524,10.346813282436642,13.247609665429366,11.096095256844762,13.14094218975896,11.440601134180042,11.189396360589797,11.91930934064186,14.56000151389918,19.533231936674326,12.638107866279938,13.264210060073822,15.887845712966623,10.851551751550232,13.951100070934615,5.886672485807253,0.026139439321015246,0.02468912755948462,0.008558380144067738,0.015539006146422398,0.03942412372343403,0.01989855772645678,0.023830481749768297,0.011151830131049456,0.01051498420521745,0.02100683814306397,0.0,0.03737561683395499,0.028291976711713622,0.03026830090416026,0.0231124849170444,0.011547210084927952,0.010806470218912085,0.013502491882193353,0.02400060437949107,0.017431136784165094,0.03336845037185429,0.02429525161128315,0.030773855507441397,0.019458669389623165,0.027037457871771697,0.003480240731908096,0.03935138019053863,0.022312193190018932,0.00456635072112899,0.022836842411839153
281,12.251166092308766,2.515348354217845,0.0192537494658172,14.90242602296047,9.362916860655162,10.820167601028345,13.576426020523058,14.590054133754165,11.208894896940194,10.339340293440273,13.978218182561761,11.855652414583346,11.002456686941912,11.14601410094241,7.9031513001608005,14.22986578050785,13.345613479610279,10.320296366585524,10.346813282436642,13.247609665429366,11.096095256844762,13.14094218975896,11.440601134180042,11.189396360589797,11.91930934064186,14.56000151389918,19.533231936674326,12.638107866279938,13.264210060073822,15.887845712966623,10.851551751550232,13.951100070934615,5.886672485807253,0.025987883230977858,0.030674907732825,0.004564370831447045,0.024888258667525576,0.026071162243263727,0.015403866741915349,0.01929391945638714,0.010284101133817943,0.008294171405937186,0.01704350448130137,0.005214792891725061,0.03920362685347318,0.024509763632894237,0.027582894952168837,0.022235644716965187,0.016147050954296204,0.013025539351611855,0.013067833848544482,0.018636664488527115,0.011290814536246214,0.027091317941690955,0.017918350358684304,0.030895681366609685,0.014776689319066321,0.018631064530298336,0.004457796968198498,0.03602829632630295,0.021026061806642824,0.01491454271876922,0.018451910486402243
282,12.251166092308766,2.515348354217845,0.019657848150162947,14.90242602296047,9.362916860655162,10.820167601028345,13.576426020523058,14.590054133754165,11.208894896940194,10.339340293440273,13.978218182561761,11.855652414583346,11.002456686941912,11.14601410094241,7.9031513001608005,14.22986578050785,13.345613479610279,10.320296366585524,10.346813282436642,13.247609665429366,11.096095256844762,13.14094218975896,11.440601134180042,11.189396360589797,11.91930934064186,14.56000151389918,19.533231936674326,12.638107866279938,13.264210060073822,15.887845712966623,10.851551751550232,13.951100070934615,5.886672485807253,0.02670961219636166,0.02318836946978728,0.00845626638308417,0.025275486658806332,0.033391269720037926,0.01712636190365515,0.019153523468563208,0.014114932054691599,0.014117355393882489,0.0174878277423955,0.003821520144402362,0.03447030576197678,0.02404952755022546,0.021564621983637747,0.019338956825998666,0.015059797210796992,0.01877143063091918,0.01694521284155392,0.020321500169995024,0.0124118401731335,0.02392145374224249,0.016467229738108345,0.02377745198031817,0.015939764134016262,0.020857544350167925,0.0,0.03238337116820946,0.020648188312483648,0.023542752678605394,0.026421970116831867
283,12.247160407418379,2.516731292472266,0.020979936343414392,14.90242602296047,9.362916860655162,10.820167601028345,13.576426020523058,14.590054133754165,11.208894896940194,10.339340293440273,13.978218182561761,11.855652414583346,11.002456686941912,11.14601410094241,7.9031513001608005,14.22986578050785,13.345613479610279,10.320296366585524,10.346813282436642,13.247609665429366,11.096095256844762,13.14094218975896,11.320430587468422,11.189396360589797,11.91930934064186,14.56000151389918,19.533231936674326,12.638107866279938,13.264210060073822,15.887845712966623,10.851551751550232,13.951100070934615,5.886672485807253,0.02530570632624986,0.02714506449919531,0.014459810439282914,0.016456799330821562,0.03704526913703204,0.01793050599023009,0.02209183147526594,0.014658244953365141,0.014388629137431976,0.025286535670179657,0.016615374932679606,0.030929500633463926,0.02736171454992319,0.02349806293204116,0.027314587846710793,0.01465294811119642,0.01912576199829856,0.012523860370576435,0.017723302166714236,0.016833935732380356,0.026208505597671055,0.01671923924420894,0.02306384576641412,0.0156382071322776,0.022216427607643315,0.0,0.031696011658601614,0.019925527281618203,0.02099555951066583,0.03158732027029189
284,12.172139639520882,2.4907293683270324,0.022738600599735682,14.90242602296047,9.362916860655162,10.820167601028345,13.576426020523058,14.590054133754165,11.208894896940194,10.339340293440273,13.978218182561761,11.855652414583346,11.002456686941912,11.14601410094241,7.9031513001608005,14.22986578050785,13.345613479610279,10.320296366585524,10.346813282436642,13.247609665429366,11.096095256844762,13.14094218975896,11.320430587468422,10.879204793182737,11.91930934064186,13.22926138512355,19.533231936674326,12.02841652553775,13.264210060073822,15.887845712966623,10.851551751550232,13.951100070934615,5.886672485807253,0.019600342164510433,0.026987654006534422,0.02046829890065061,0.029026031100242555,0.027414507811895538,0.011803361508532152,0.02275665980272512,0.0112291833345616,0.01970866584925382,0.03413173614606788,0.030551549954241607,0.021473432111232326,0.020240213268442393,0.02265458968467532,0.02660447931310774,0.019051749374306964,0.025439358888232885,0.030695116702687993,0.015446411492039685,0.018098134351336777,0.026290711389802882,0.019406819565553814,0.027529649136512287,0.019993957170408763,0.01659649032046531,0.004345471666646344,0.024411236769908702,0.024533973429586943,0.033037708167721724,0.032630524610185827
285,12.107872290204178,2.468775631111892,0.022395297341554453,14.90242602296047,9.362916860655162,10.820167601028345,13.576426020523058,14.590054133754165,11.208894896940194,10.339340293440273,13.978218182561761,11.855652414583346,11.002456686941912,11.14601410094241,7.9031513001608005,14.22986578050785,13.345613479610279,10.320296366585524,10.346813282436642,13.247609665429366,11.096095256844762,13.14094218975896,11.320430587468422,10.879204793182737,11.91930934064186,13.22926138512355,19.533231936674326,12.02841652553775,13.264210060073822,15.887845712966623,10.851551751550232,12.023079591433486,5.886672485807253,0.013209368140637265,0.029433724484292458,0.019021083841869072,0.019722044992353516,0.018280852476916392,0.013845561753161734,0.02355656376200603,0.016796604474984225,0.025139878114050242,0.03600613758722372,0.03494939716388752,0.02139403205860953,0.017723646707312243,0.029676736210624607,0.029484512966101828,0.021587682329237703,0.021900975370671344,0.025681479907222714,0.013082949673022516,0.0035338199822351007,0.038596818904180576,0.01896435170451503,0.03195871144680429,0.017302356724654452,0.01933335148225843,0.008660445940962344,0.013715484731684928,0.026786190334831914,0.04046365587412991,0.022050501106192017
286,12.081742240200652,2.5369576899792916,0.02307519426543856,14.90242602296047,9.362916860655162,10.820167601028345,13.576426020523058,14.590054133754165,11.208894896940194,10.328950507261027,13.978218182561761,11.855652414583346,11.002456686941912,11.14601410094241,7.9031513001608005,14.22986578050785,13.345613479610279,10.320296366585524,10.346813282436642,13.247609665429366,11.096095256844762,13.14094218975896,11.320430587468422,10.879204793182737,11.91930934064186,13.22926138512355,19.533231936674326,12.02841652553775,13.264210060073822,15.887845712966623,10.851551751550232,12.023079591433486,5.113160771880757,0.011358593540528013,0.031578997082386456,0.015286252111472115,0.02321086239853037,0.019063714990116186,0.02661462337631841,0.02051027100624743,0.030504082729570378,0.029881678094558228,0.02948905918784423,0.032320534027685095,0.021078906881314453,0.02213003740228564,0.035896309988858496,0.029552752895030728,0.020350543945466856,0.01727186804146043,0.026444597134733565,0.015348158822388576,0.0,0.0391582466388645,0.018861846589060646,0.030277291228260422,0.011761611343175243,0.018014991301514644,0.020979722777015042,0.013185321616099581,0.023071885394369572,0.04131569416334146,0.01773737325466004
287,12.049847412989651,2.543434109572526,0.021288906810429244,14.90242602296047,9.362916860655162,10.820167601028345,13.576426020523058,14.590054133754165,11.208894896940194,10.328950507261027,13.978218182561761,11.855652414583346,11.002456686941912,11.14601410094241,7.9031513001608005,14.22986578050785,13.345613479610279,10.320296366585524,10.346813282436642,13.247609665429366,11.096095256844762,13.14094218975896,11.320430587468422,10.879204793182737,11.91930934064186,13.22926138512355,19.533231936674326,11.07157170920766,13.264210060073822,15.887845712966623,10.851551751550232,12.023079591433486,5.113160771880757,0.013059644299883403,0.03767187139219376,0.016627730786874628,0.01430420958492174,0.006695581966465336,0.017805539105463647,0.010782465862764776,0.028765644127548524,0.022537306265449048,0.03040494239817539,0.03138555993527305,0.017601690414847316,0.026691466324668928,0.03136251338024486,0.030559121178327934,0.024792774538850502,0.017238278942692593,0.0223271676023204,0.012301160774385929,0.0012135312040420056,0.03504253049944035,0.014084019079400927,0.02579633034425015,0.013358933391155186,0.01852442593876557,0.027207599232056248,0.01430469042778351,0.02397077682912614,0.041399938815729995,0.01084975966977536
288,12.020941227061716,2.5324561672023744,0.020857121565129456,14.90242602296047,9.362916860655162,10.820167601028345,13.576426020523058,14.590054133754165,11.208894896940194,10.328950507261027,13.978218182561761,11.855652414583346,11.002456686941912,11.14601410094241,7.9031513001608005,14.22986578050785,12.590750483341367,10.320296366585524,10.346813282436642,13.247609665429366,11.096095256844762,13.14094218975896,11.320430587468422,10.879204793182737,11.91930934064186,13.22926138512355,19.533231936674326,11.07157170920766,13.151887478504705,15.887845712966623,10.851551751550232,12.023079591433486,5.113160771880757,0.016937082266882387,0.021093560547282557,0.01954899370910607,0.009742408304782705,0.0124105817142269,0.016238703339508803,0.016559063012484672,0.03156827198794859,0.030768211488342363,0.035427129590001834,0.02819240539050329,0.03330759794855849,0.025956719907225097,0.020793493702592775,0.03451783832438939,0.03525852295565477,0.008335531539748427,0.016737643647389847,0.008614229846414367,0.011607675588717751,0.03694511878781798,0.006769311476963354,0.01629645218768959,0.013500276510694546,0.010741454643054937,0.015391985536395803,0.015672189167948294,0.028852944711619432,0.03304977250634556,0.014878476613593131
289,11.970700599663681,2.525342369758008,0.021717530020014735,14.559303386883187,9.178849128718184,10.820167601028345,13.576426020523058,14.590054133754165,11.208894896940194,10.328950507261027,13.978218182561761,11.855652414583346,11.002456686941912,11.14601410094241,7.9031513001608005,14.22986578050785,11.610722029414603,10.320296366585524,10.346813282436642,13.247609665429366,11.096095256844762,13.14094218975896,11.320430587468422,10.879204793182737,11.91930934064186,13.22926138512355,19.533231936674326,11.07157170920766,13.151887478504705,15.887845712966623,10.851551751550232,12.023079591433486,5.113160771880757,0.01806118126098981,0.028862885269874204,0.01696473959601839,0.009311450445903684,0.01954215971379272,0.019538471693759028,0.016598264884825128,0.015464945205811672,0.02351570115673369,0.03263211270924117,0.04043860225744838,0.033355061521466854,0.03330247321418266,0.02082452989186681,0.026808316685379117,0.0327830577556223,0.0068135208786237935,0.01804047032186745,0.010110000282706538,0.023107994862188383,0.03166007543138894,0.01036700176873092,0.02413729836847367,0.015142754441024578,0.016227514743356753,0.010867064579034988,0.012804644815650822,0.03283400224867717,0.03799053809080207,0.013419066505000465
290,11.970700599663681,2.525342369758008,0.020259276712521302,14.559303386883187,9.178849128718184,10.820167601028345,13.576426020523058,14.590054133754165,11.208894896940194,10.328950507261027,13.978218182561761,11.855652414583346,11.002456686941912,11.14601410094241,7.9031513001608005,14.22986578050785,11.610722029414603,10.320296366585524,10.346813282436642,13.247609665429366,11.096095256844762,13.14094218975896,11.320430587468422,10.879204793182737,11.91930934064186,13.22926138512355,19.533231936674326,11.07157170920766,13.151887478504705,15.887845712966623,10.851551751550232,12.023079591433486,5.113160771880757,0.025219666130532743,0.02764004095175299,0.018366622347341828,0.003069797049748061,0.023582821254550697,0.025617183870057493,0.011570138165653072,0.009542909420435,0.019205190981450952,0.023988465347085725,0.03226881795041815,0.03296360282011184,0.02581896043183493,0.022634977058882136,0.03170062289926271,0.023844636473832503,0.011843202969550036,0.017056133194177356,0.00934579189728046,0.02500762333943229,0.034578146823190506,0.0,0.022873966136426133,0.017282546484323254,0.020432162501627646,0.017659850978669508,0.007370256474615184,0.029875599524704907,0.03741856789869097,0.0
291,11.889168788777882,2.5331977721949728,0.021062078644149437,13.509143910981265,9.178849128718184,10.820167601028345,13.502262086412145,14.590054133754165,11.208894896940194,10.328950507261027,13.978218182561761,11.855652414583346,11.002456686941912,11.14601410094241,7.9031513001608005,14.22986578050785,11.610722029414603,10.320296366585524,9.0387210199749,13.247609665429366,11.096095256844762,13.14094218975896,11.320430587468422,10.879204793182737,11.91930934064186,13.22926138512355,19.533231936674326,11.07157170920766,13.151887478504705,15.887845712966623,10.851551751550232,12.009540937334066,5.113160771880757,0.0277993085520933,0.024627075373914713,0.014353303953716987,0.0045530502923406685,0.02062630638330512,0.01842527561674633,0.016612561502626876,0.021499105650223664,0.021104708915541233,0.023481001703551996,0.023409821018955966,0.0339075121386509,0.02376237286881521,0.025002699788322993,0.03712022444908723,0.026355902413679803,0.008723659632609886,0.010900068223161192,0.025336365035766913,0.028652713192628354,0.03402474101347191,0.0073311155135480895,0.024563025852491246,0.015510872834760346,0.009763668760828346,0.02504627788433301,0.013708223623793203,0.03083219457602183,0.032018779960026285,0.0028104225994693833
292,11.85825096325425,2.5272714673779246,0.020960159072294083,13.509143910981265,9.178849128718184,10.820167601028345,13.502262086412145,14.590054133754165,11.208894896940194,10.328950507261027,13.68898681028054,11.855652414583346,11.002456686941912,11.14601410094241,7.9031513001608005,14.22986578050785,11.610722029414603,10.320296366585524,9.0387210199749,13.247609665429366,11.096095256844762,13.14094218975896,11.320430587468422,10.879204793182737,11.91930934064186,13.22926138512355,19.533231936674326,11.07157170920766,13.151887478504705,15.887845712966623,10.851551751550232,11.371237543906318,5.113160771880757,0.027892396644244276,0.025822566722201016,0.011262604025435776,0.018658542283891702,0.021418186010316594,0.017770529301037924,0.024672128196942967,0.022797497538543526,0.008534591033630474,0.02510947796149448,0.02164514586032007,0.026378349841958793,0.03141819038204454,0.019718433994290244,0.029660249998283313,0.019058195758720677,0.002556094292324478,0.02303954952926586,0.034026485169844696,0.030719866963741127,0.027930193862309712,0.011617643970327291,0.026594042544833055,0.007566307422971639,0.002504526033435658,0.03514702374310333,0.019484428028604422,0.027034897225062932,0.021195833331153636,0.007570794498488417
293,11.840679326199437,2.5045688259028975,0.021167077156063734,13.509143910981265,9.178849128718184,10.820167601028345,13.502262086412145,14.424253997457981,11.208894896940194,10.328950507261027,13.68898681028054,11.855652414583346,11.002456686941912,11.14601410094241,7.9031513001608005,14.22986578050785,11.610722029414603,10.320296366585524,9.0387210199749,13.247609665429366,11.096095256844762,13.14094218975896,11.320430587468422,10.879204793182737,11.91930934064186,13.22926138512355,19.533231936674326,11.07157170920766,13.151887478504705,15.552255081456451,10.825793407712183,11.371237543906318,5.113160771880757,0.028773320286570092,0.026460420618175037,0.008556340069720234,0.019564473093480795,0.023161342329642242,0.020419931894349038,0.022186054583659534,0.022337798833865444,0.019219016589245175,0.016720574553499772,0.02394976832508158,0.029295909380820814,0.03944556812330017,0.022661567376549296,0.024619595549412874,0.023870755512774955,0.00023814206145086282,0.01052186039218499,0.032633819101732985,0.0327314152997073,0.02440904940157736,0.007108701562454205,0.026712469287984052,0.010726960282402232,0.007066868908619879,0.03759741394668457,0.01687534564607759,0.022023292370359448,0.01642724146373431,0.018697297836795024
294,11.786904297706663,2.527756168495582,0.019333697106253055,13.509143910981265,9.178849128718184,10.820167601028345,13.502262086412145,14.424253997457981,11.208894896940194,10.328950507261027,13.68898681028054,11.794347733018128,10.377300102042568,10.219224512623782,7.9031513001608005,14.22986578050785,11.610722029414603,10.320296366585524,9.0387210199749,13.247609665429366,11.096095256844762,13.14094218975896,11.320430587468422,10.879204793182737,11.91930934064186,13.22926138512355,19.533231936674326,11.07157170920766,13.151887478504705,15.552255081456451,10.825793407712183,11.371237543906318,5.113160771880757,0.01873251445012981,0.017811915094515452,0.008122625623550667,0.01608426596336749,0.01712397082747174,0.029253779750593283,0.02414797884626761,0.01140382649711213,0.012678454840381761,0.010658697362112295,0.023963661365750916,0.036889704729225536,0.042459832676790064,0.02660250220718772,0.024716857533916593,0.015367886609724313,0.0010009381872505658,0.01009685145852695,0.02529433307080697,0.030005116793333553,0.03266117768118183,0.0,0.02081278491159648,0.008854087464879078,0.010016527244989705,0.03024923570149822,0.020079890761508283,0.025194434059590206,0.017856765896564045,0.011870295577768326
295,11.711429665352414,2.552227225463343,0.019863378622345537,13.509143910981265,8.16817205617184,10.820167601028345,13.502262086412145,14.424253997457981,11.208894896940194,10.328950507261027,12.61099110750041,11.794347733018128,10.377300102042568,10.219224512623782,7.9031513001608005,14.22986578050785,11.610722029414603,10.144730171284493,9.0387210199749,13.247609665429366,11.096095256844762,13.14094218975896,11.320430587468422,10.879204793182737,11.91930934064186,13.22926138512355,19.533231936674326,11.07157170920766,13.151887478504705,15.552255081456451,10.825793407712183,11.371237543906318,5.113160771880757,0.0246281661745669,0.025204911282355268,0.016141943800309984,0.02134203163950612,0.020542379084270826,0.039273290438912006,0.01789499401969786,0.006164655380690067,0.014167315291483192,0.005421229744394055,0.027070613868840025,0.04641377317200408,0.026135243428234912,0.032250679515591754,0.02404785705061938,0.008056828344635258,0.0012338662718712394,0.00571892288358037,0.02998504715615606,0.03330404998566713,0.026553202679418145,0.0,0.02827089097800922,0.01005350727407168,0.007407660505356394,0.035607342833499346,0.010586119932269229,0.023126091386668126,0.016377845942814818,0.012920898604872747
296,11.658737861624584,2.5173356231216992,0.020614075542192585,13.509143910981265,8.16817205617184,10.558744026541945,13.502262086412145,14.424253997457981,11.208894896940194,10.328950507261027,12.61099110750041,11.794347733018128,10.377300102042568,10.219224512623782,7.9031513001608005,13.502933444066855,11.610722029414603,10.05185421058701,9.0387210199749,13.247609665429366,11.096095256844762,13.14094218975896,11.320430587468422,10.879204793182737,11.91930934064186,12.853802757881908,19.409168323705956,11.07157170920766,13.151887478504705,15.552255081456451,10.825793407712183,11.371237543906318,5.113160771880757,0.02281381445262506,0.031693255988899494,0.014521524601979766,0.006533696268284105,0.024896843042748973,0.034841988893483576,0.017915658106569737,0.007533448902996994,0.016544782328686506,0.011741745974837934,0.01736238222649585,0.04231310703869737,0.018942545095985686,0.030200362956892556,0.027982882135399442,0.015007597677914514,0.011170204625643557,0.008027094919535032,0.031918094779952576,0.03717553835321032,0.03554096124223871,0.005474101903681912,0.023869430473630885,0.014016750200285852,0.01166760124281915,0.026495805138014576,0.007678511181706562,0.03167768952996318,0.020129141456928436,0.012735705525669284
297,11.65231554393267,2.5137612885488396,0.02141202656977882,13.509143910981265,8.16817205617184,10.558744026541945,13.502262086412145,14.424253997457981,11.208894896940194,10.328950507261027,12.61099110750041,11.794347733018128,10.377300102042568,10.219224512623782,7.9031513001608005,13.502933444066855,11.610722029414603,10.05185421058701,9.0387210199749,13.247609665429366,11.096095256844762,13.14094218975896,11.320430587468422,10.879204793182737,11.91930934064186,12.853802757881908,19.409168323705956,11.07157170920766,12.959217947747277,15.552255081456451,10.825793407712183,11.371237543906318,5.113160771880757,0.02812174698501767,0.027340437501347913,0.01959540281769495,0.011838437577428395,0.025306842721589153,0.03486008287699372,0.025254425501738585,0.010852089952110159,0.023599660288625954,0.00711515897936815,0.022611936994084852,0.0535635305032424,0.011494913510579496,0.016460612547222263,0.01572529367724981,0.017601626472576196,0.010429047232673785,0.021479749885812905,0.030033840341065366,0.03086933799901042,0.029079615432207703,0.012851576954579008,0.03064779304590588,0.016596882223878173,0.0069576760473787315,0.025178938696222508,0.012800506087642929,0.033511540953812535,0.026535634158501086,0.004046459127803747
298,11.591228747321429,2.48754442400175,0.023091352154174485,13.3675565362214,8.16817205617184,10.558744026541945,13.502262086412145,14.424253997457981,11.208894896940194,10.328950507261027,12.61099110750041,11.794347733018128,10.377300102042568,10.219224512623782,7.9031513001608005,13.502933444066855,11.610722029414603,10.05185421058701,9.0387210199749,12.576990111018233,11.096095256844762,13.14094218975896,11.320430587468422,10.879204793182737,11.91930934064186,12.853802757881908,19.409168323705956,11.07157170920766,11.938820978581077,15.552255081456451,10.825793407712183,11.371237543906318,5.113160771880757,0.023189176406184345,0.037862270052447515,0.018885927857182076,0.019404400518442638,0.03281357189607758,0.03497844192029367,0.024603464455218976,0.012547950838002465,0.022865041659931508,0.013015677172347672,0.029119226132316767,0.03562565630491394,0.019473565785273594,0.03232458412812941,0.013560040889427465,0.018003573019289273,0.005411547630884079,0.024282846322307653,0.03715203750990884,0.03021986951034964,0.027758374303007663,0.02107986630557275,0.03310866060738166,0.017400417152966877,0.006293958528942096,0.023025462259599727,0.014364528123237963,0.03440917724595202,0.02828438007814278,0.0016768700115016037
299,11.544258410659735,2.4905675139717904,0.021164865704826456,13.3675565362214,8.16817205617184,10.558744026541945,13.502262086412145,14.424253997457981,10.858668124257406,10.328950507261027,12.61099110750041,11.620199335080486,10.377300102042568,10.219224512623782,7.9031513001608005,13.502933444066855,11.066364410120173,10.05185421058701,9.0387210199749,12.576990111018233,11.096095256844762,13.14094218975896,11.320430587468422,10.879204793182737,11.578932030705914,12.853802757881908,19.409168323705956,11.07157170920766,11.938820978581077,15.552255081456451,10.825793407712183,11.371237543906318,5.113160771880757,0.018470257328353706,0.037846921503447005,0.02686065395245664,0.021700852456217713,0.01955657165007171,0.030855993143634467,0.03251135275074668,0.012894426865337722,0.019079361802480703,0.014288252269185085,0.028707586531264217,0.02806264949827564,0.018371960518548638,0.02708041702503017,0.0027239171539815343,0.012033200598948387,0.011658867565709857,0.029172375864603358,0.03277727272032451,0.03239498061653767,0.009675966952972036,0.019472522882396662,0.035115787525021994,0.013165323480469764,0.0,0.02355677925524177,0.009184269759685412,0.02650371475532952,0.032573876948157374,0.008649857770363605
300,11.441800917681244,2.4645296817958195,0.019810818564972837,12.352672083024459,7.673469581527968,10.558744026541945,13.502262086412145,14.424253997457981,10.858668124257406,10.328950507261027,12.61099110750041,11.620199335080486,10.377300102042568,10.219224512623782,7.9031513001608005,13.502933444066855,11.066364410120173,10.05185421058701,9.0387210199749,12.576990111018233,11.096095256844762,13.14094218975896,11.320430587468422,9.782346569939648,11.578932030705914,12.853802757881908,18.941888685435117,11.07157170920766,11.938820978581077,15.552255081456451,10.825793407712183,11.371237543906318,5.113160771880757,0.016109334414515397,0.02448924005404752,0.0220079078560042,0.012601301173709124,0.0277934496674995,0.030332354673245944,0.03475467116907587,0.01074110783916769,0.015692950193550114,0.019000625714491817,0.02323662339814645,0.024339260249603267,0.022944779556116766,0.017936141866819192,0.005550433455067825,0.02100044872549873,0.017192157325000505,0.03347555763893729,0.02986196520641759,0.01787763593034991,0.009229578731795137,0.017576495039811697,0.02849247510441205,0.01293680821498722,0.0,0.01659845606799762,0.005838189543346017,0.02998906770309977,0.03213825684337531,0.014587283593095527
301,11.441800917681244,2.4645296817958195,0.01864165724204954,12.352672083024459,7.673469581527968,10.558744026541945,13.502262086412145,14.424253997457981,10.858668124257406,10.328950507261027,12.61099110750041,11.620199335080486,10.377300102042568,10.219224512623782,7.9031513001608005,13.502933444066855,11.066364410120173,10.05185421058701,9.0387210199749,12.576990111018233,11.096095256844762,13.14094218975896,11.320430587468422,9.782346569939648,11.578932030705914,12.853802757881908,18.941888685435117,11.07157170920766,11.938820978581077,15.552255081456451,10.825793407712183,11.371237543906318,5.113160771880757,0.015841819283122362,0.01608971299935561,0.015296318621792272,0.013030261486589114,0.03342373483391379,0.03300112753101894,0.02672535497494562,0.012331161770615736,0.019145123766523234,0.01881385351491305,0.017026545429545483,0.01907034299861899,0.028654373055571628,0.021291035464387965,0.004558215862133082,0.014158470399035254,0.015360869057677942,0.021353354992292295,0.022837043985361554,0.019846519732565713,0.017105957443766466,0.020412254117005264,0.02507497213131535,0.008785270501090034,0.0025701767236825618,0.012409293893280403,0.0,0.03572665334186083,0.040416358854183744,0.008893540495322035
302,11.433519634273923,2.4686824489808306,0.018141321990471266,12.352672083024459,7.673469581527968,10.558744026541945,13.502262086412145,14.424253997457981,10.858668124257406,10.328950507261027,12.61099110750041,11.620199335080486,10.377300102042568,10.219224512623782,7.9031513001608005,13.502933444066855,11.066364410120173,9.849545207699919,9.0387210199749,12.576990111018233,11.096095256844762,13.14094218975896,11.274301088135871,9.782346569939648,11.578932030705914,12.853802757881908,18.941888685435117,11.07157170920766,11.938820978581077,15.552255081456451,10.825793407712183,11.371237543906318,5.113160771880757,0.01921551119752033,0.005643540030845898,0.018790400720923854,0.007605718890225682,0.02938072134907507,0.03780190386576935,0.02865696969714249,0.016366799713461336,0.025519148942004702,0.025130426081847415,0.015269124908661254,0.0076971612614663305,0.023591598486929842,0.029269798042977305,0.001019512182190932,0.013826236201183504,0.021082920399940464,0.01739428599189455,0.026665438468896813,0.012979169218283744,0.0064276028507220554,0.018898888889954255,0.019641443171445148,0.0055686641507028305,0.0069209240073585775,0.011985974550499883,0.01173116331053262,0.02640260203201564,0.044834761578594215,0.008921249521071916
303,11.422239816717955,2.4687216905611997,0.018264237006712446,12.352672083024459,7.673469581527968,10.558744026541945,13.502262086412145,14.424253997457981,10.858668124257406,10.328950507261027,12.61099110750041,11.620199335080486,10.377300102042568,10.219224512623782,7.9031513001608005,13.502933444066855,11.066364410120173,9.849545207699919,9.0387210199749,12.576990111018233,11.096095256844762,13.14094218975896,11.274301088135871,9.782346569939648,11.338086028724206,12.853802757881908,18.941888685435117,11.07157170920766,11.938820978581077,15.552255081456451,10.825793407712183,11.273689019208973,5.113160771880757,0.021018915813939002,0.019105477806284722,0.008974581026870085,0.011809633225366106,0.021301445471862322,0.030393863020658805,0.03176949253613558,0.018070195295698123,0.028393133228863433,0.024774495302711627,0.014421523588454095,0.00901917875458379,0.018907678824624827,0.032987116475439816,0.007891267490099808,0.01890614115467316,0.015526760870755578,0.019536010822807495,0.017118675562997406,0.008081682489516545,0.018595285092824446,0.018372513800848873,0.013880706642681841,0.009222962554243565,0.00946777961916961,0.012481856334147971,0.023020574308446055,0.029702059609457064,0.030581523009973254,0.004594580467238456
304,11.414804961990287,2.4674903056628548,0.017695816244126094,12.352672083024459,7.673469581527968,10.558744026541945,13.502262086412145,14.424253997457981,10.858668124257406,10.328950507261027,12.61099110750041,11.620199335080486,10.377300102042568,10.219224512623782,7.9031513001608005,13.502933444066855,11.066364410120173,9.849545207699919,9.0387210199749,12.576990111018233,11.096095256844762,13.14094218975896,11.274301088135871,9.782346569939648,11.338086028724206,12.853802757881908,18.941888685435117,11.07157170920766,11.71577533675105,15.552255081456451,10.825793407712183,11.273689019208973,5.113160771880757,0.019945035188956496,0.02563413633330828,0.004940560358971385,0.011080343547717872,0.014882777262264151,0.0322095900518743,0.031043186166805133,0.024939589498032138,0.02375974949788975,0.02349681465714627,0.01547911848198097,0.015335009569607982,0.02055971698381556,0.032921006651316385,0.013445488954250217,0.01540444862839317,0.012566774959559672,0.020107568322285597,0.015426516337581648,0.011515429748802899,0.021314641108649647,0.015052594648148348,0.017237326353290387,0.001273599694757435,0.011868122861502827,0.006585666662527073,0.019524882185102233,0.0192144447922805,0.024779047179354256,0.00933130063761022
305,11.414804961990287,2.4674903056628548,0.0183048625815498,12.352672083024459,7.673469581527968,10.558744026541945,13.502262086412145,14.424253997457981,10.858668124257406,10.328950507261027,12.61099110750041,11.620199335080486,10.377300102042568,10.219224512623782,7.9031513001608005,13.502933444066855,11.066364410120173,9.849545207699919,9.0387210199749,12.576990111018233,11.096095256844762,13.14094218975896,11.274301088135871,9.782346569939648,11.338086028724206,12.853802757881908,18.941888685435117,11.07157170920766,11.71577533675105,15.552255081456451,10.825793407712183,11.273689019208973,5.113160771880757,0.02095527141527184,0.027402396011070494,0.006594597532544728,0.01813936026354666,0.012965790251647336,0.031120852097550587,0.0351585664240196,0.03049818759865065,0.027587407904838768,0.019414232487272632,0.007338083941501364,0.023409881238011167,0.02111902653816968,0.03530309343498306,0.013436762224576876,0.01091875237911145,0.0059715694179115035,0.010381341155368696,0.018213688332524913,0.015415390473111443,0.01326202296699648,0.01743199834118797,0.028190854112198873,0.0012003747184128305,0.01272365701855194,0.00687074350965048,0.022429517477301642,0.024576208913416005,0.024386062455777253,0.006730186811317097
306,11.390338188879115,2.4154186621702993,0.017182005817681367,12.352672083024459,7.673469581527968,10.558744026541945,13.502262086412145,14.424253997457981,10.858668124257406,10.328950507261027,12.61099110750041,11.620199335080486,10.377300102042568,10.219224512623782,7.9031513001608005,13.502933444066855,11.066364410120173,9.849545207699919,9.0387210199749,12.576990111018233,11.096095256844762,13.14094218975896,11.274301088135871,9.782346569939648,11.338086028724206,12.853802757881908,18.67274406780564,11.07157170920766,11.71577533675105,15.087396505750746,10.825793407712183,11.273689019208973,5.113160771880757,0.03033690873016583,0.024032994828957276,0.0002562558696509769,0.015169307919892681,0.008628876811783426,0.02900394212631,0.02684055543209844,0.03357785401429058,0.03065817902077328,0.018497119617256273,0.004606090361736631,0.018730427900504814,0.02605781556078475,0.028980745143527373,0.0069925514295388685,0.011802078856612106,0.010520433099752155,0.010554327612257932,0.019811642476743614,0.015995585784672993,0.007498641282029363,0.014947257540651477,0.024585773640461578,0.010174588710172454,0.00914717615478188,0.006552695379673716,0.024476704449791303,0.0210007147914395,0.018183671167130426,0.007839258816999402
307,11.322640918263103,2.4075506615730897,0.015877162645257695,12.352672083024459,7.673469581527968,10.558744026541945,13.502262086412145,14.424253997457981,10.858668124257406,10.328950507261027,12.464559799222059,11.49859198958552,10.377300102042568,10.219224512623782,7.9031513001608005,13.502933444066855,11.066364410120173,9.849545207699919,9.0387210199749,11.738522456604187,11.096095256844762,13.14094218975896,11.274301088135871,9.782346569939648,11.338086028724206,12.640746650100652,18.67274406780564,11.07157170920766,11.71577533675105,15.087396505750746,10.14448585005556,11.2436408743539,5.113160771880757,0.03256325234364941,0.017964402287936616,0.006603271365788808,0.021113061832782352,0.013901614849517343,0.023638388280817043,0.013910164600732614,0.02365938991308095,0.028801008771055885,0.010165194505864407,0.0,0.021838889681441098,0.01814386696718045,0.025933879806302913,0.008745412442737131,0.009464123828506879,0.013549013174199398,0.00915058398960595,0.019153214868292637,0.012156847541653023,0.015031813800480628,0.020646142328424537,0.01876991605231006,0.009430662552217948,0.005650174191036409,0.009451809130552198,0.019769537848692644,0.029673562828065644,0.008873693211046191,0.00856198636375969
308,11.274180160835366,2.3845393439019267,0.015583193844703004,12.352672083024459,7.673469581527968,10.558744026541945,12.988902253934668,14.424253997457981,10.858668124257406,10.328950507261027,11.52409690886742,11.49859198958552,10.377300102042568,10.219224512623782,7.9031513001608005,13.502933444066855,11.066364410120173,9.849545207699919,9.0387210199749,11.738522456604187,11.096095256844762,13.14094218975896,11.274301088135871,9.782346569939648,11.338086028724206,12.640746650100652,18.67274406780564,11.07157170920766,11.71577533675105,15.087396505750746,10.14448585005556,11.2436408743539,5.113160771880757,0.03451188561532243,0.017957114804093535,0.012012997708227061,0.03153627319170982,0.0218008745874787,0.023613375744766144,0.01953359634387945,0.025988554569047022,0.01451563271847311,0.012068110517283999,0.005050879850165482,0.02190679569992268,0.017896345455675026,0.02247212613060717,0.005415031637642113,0.007586320179427962,0.020458514336451343,0.010409268125173232,0.014391983327579287,0.006609153086845314,0.007846160415590617,0.016694944972182577,0.010696120794940239,0.01605693673779903,0.0018987095103273671,0.011821569688065098,0.014820631671361103,0.021909789463987122,0.012715420175753655,0.007300698281312419
309,11.256698735576185,2.384243810235003,0.01810862272025076,12.352672083024459,7.673469581527968,10.558744026541945,12.988902253934668,14.331186180457905,10.42729318348205,10.328950507261027,11.52409690886742,11.49859198958552,10.377300102042568,10.219224512623782,7.9031513001608005,13.502933444066855,11.066364410120173,9.849545207699919,9.0387210199749,11.738522456604187,11.096095256844762,13.14094218975896,11.274301088135871,9.782346569939648,11.338086028724206,12.640746650100652,18.67274406780564,11.07157170920766,11.71577533675105,15.087396505750746,10.14448585005556,11.2436408743539,5.113160771880757,0.03493395596235217,0.02513100207389726,0.008139632094920288,0.029718699030889386,0.018129674598539442,0.029241090684688636,0.021958290243660267,0.026103712223574584,0.01972509800834726,0.0114713160061908,0.010474123682838296,0.02044889887676535,0.020552997576928436,0.026211352986274427,0.015609924128192886,0.01829260534446104,0.02230562379553367,0.013483047135625054,0.018482220799714275,0.012164232521174741,0.0021166615256035647,0.02349409258448845,0.01620834785250608,0.006365297034404783,0.014734471668335535,0.02224740675338285,0.02042813396233566,0.022673539901086014,0.008631404479888732,0.0037818280709228675
310,11.254123738030072,2.385037797966431,0.01829232030163004,12.352672083024459,7.673469581527968,10.481494100158557,12.988902253934668,14.331186180457905,10.42729318348205,10.328950507261027,11.52409690886742,11.49859198958552,10.377300102042568,10.219224512623782,7.9031513001608005,13.502933444066855,11.066364410120173,9.849545207699919,9.0387210199749,11.738522456604187,11.096095256844762,13.14094218975896,11.274301088135871,9.782346569939648,11.338086028724206,12.640746650100652,18.67274406780564,11.07157170920766,11.71577533675105,15.087396505750746,10.14448585005556,11.2436408743539,5.113160771880757,0.03124910523838621,0.016574699844458213,0.0028892835951002138,0.026507495167675747,0.0177085455995579,0.02110660074339017,0.02727089757406734,0.037274780549895206,0.025686907375628006,0.007673588970598617,0.0029914742052813744,0.026794143560622437,0.024079205459917416,0.02873841091257868,0.013596272145802888,0.006327513246983733,0.020735228309468574,0.016839179147861927,0.023381572206719825,0.008518696791966747,0.006833229601886489,0.02742852406103727,0.015706767865728926,0.010506379706164885,0.023748529405211462,0.01747349241708678,0.026684283758602163,0.020934134150682605,0.007281629787683012,0.0062290376488565065
311,11.209172550322533,2.388618720391057,0.018946223974136294,12.352672083024459,7.673469581527968,10.481494100158557,12.988902253934668,14.331186180457905,10.42729318348205,10.328950507261027,11.52409690886742,11.49859198958552,10.377300102042568,10.219224512623782,7.9031513001608005,13.502933444066855,11.066364410120173,9.849545207699919,9.0387210199749,11.738522456604187,11.096095256844762,13.14094218975896,11.274301088135871,9.782346569939648,11.338086028724206,12.640746650100652,18.67274406780564,11.07157170920766,10.367239705524867,15.087396505750746,10.14448585005556,11.2436408743539,5.113160771880757,0.028260778328666417,0.024874639987339252,0.011707025069337126,0.03486560794276898,0.025169626014514307,0.019504889587692375,0.03135279498349613,0.04011240193167792,0.02157774404894237,0.009725671139901122,0.010558032476635225,0.0334872247003324,0.02414686111888927,0.021053494071739186,0.009149126138748036,0.0030114172941601357,0.012292717240414206,0.01829029094052947,0.028180483898798327,0.018508715908178253,0.009684855730996608,0.023431238326877508,0.008385677100824383,0.01211635541552047,0.024428688868632326,0.005097429771028361,0.028287141409032827,0.024712077472337526,0.005721890095822672,0.0006918222102556048
312,11.107769276750913,2.399265337390169,0.017284666182153772,9.63229573869603,7.673469581527968,10.481494100158557,12.988902253934668,14.331186180457905,10.42729318348205,10.188609830069254,11.52409690886742,11.49859198958552,10.377300102042568,10.037843326995414,7.9031513001608005,13.502933444066855,11.066364410120173,9.849545207699919,9.0387210199749,11.738522456604187,11.096095256844762,13.14094218975896,11.274301088135871,9.782346569939648,11.338086028724206,12.640746650100652,18.67274406780564,11.07157170920766,10.367239705524867,15.087396505750746,10.14448585005556,11.2436408743539,5.113160771880757,0.023383228030076027,0.03110349363479835,0.0017099019272438954,0.04018832650563526,0.011875394923744611,0.011319146356398397,0.034796185558241245,0.03145844941089777,0.01587553022016353,0.004807516575999184,0.00984264436220307,0.03137366013257845,0.027370560416591635,0.01972517938202148,0.012306363259073739,0.00409449631391442,0.010696702513222524,0.011280389574488634,0.02476379050274055,0.017399564225939707,0.014700620060314758,0.022851289532304298,0.013486605819472901,0.013258692723947963,0.01869501323550093,0.004003278644070948,0.028932113097278417,0.01657998679051991,0.007005833313586799,0.0036560284216437563
313,11.074250360126275,2.36011388097303,0.01786502402809337,9.63229573869603,7.673469581527968,10.481494100158557,12.988902253934668,14.331186180457905,10.42729318348205,10.188609830069254,11.52409690886742,11.49859198958552,10.377300102042568,10.037843326995414,7.9031513001608005,13.502933444066855,11.066364410120173,9.849545207699919,9.0387210199749,11.738522456604187,11.096095256844762,13.14094218975896,11.274301088135871,9.782346569939648,11.09749495085606,12.640746650100652,18.67274406780564,11.07157170920766,10.367239705524867,14.322420084879695,10.14448585005556,11.2436408743539,5.113160771880757,0.03126194305844121,0.027401155404379308,0.0,0.04455939786163384,0.011869983938751529,0.003588645399967281,0.037210874591776674,0.02699589108347972,0.018965629104146696,0.0130685983736968,0.017258814444042397,0.019005558450689044,0.026983221363347267,0.02606438608137874,0.015558450169290805,0.007942765579003268,0.015461478707826498,0.011074919970605477,0.01637074501161354,0.011167155732824252,0.0165388298720167,0.02102374158469697,0.008192848392436598,0.006296693680517245,0.01686949396992277,0.012216285345919406,0.03098503887537553,0.020856915095402554,0.013666145835288471,0.007495113864330502
314,11.050355143218882,2.349911507405405,0.0179238117145055,9.63229573869603,7.673469581527968,10.481494100158557,12.988902253934668,14.331186180457905,10.42729318348205,10.188609830069254,11.52409690886742,11.49859198958552,10.377300102042568,10.037843326995414,7.9031513001608005,13.502933444066855,11.066364410120173,9.849545207699919,9.0387210199749,11.738522456604187,11.096095256844762,12.732545160404868,11.274301088135871,9.782346569939648,11.09749495085606,12.640746650100652,18.67274406780564,10.76311223133996,10.367239705524867,14.322420084879695,10.14448585005556,11.2436408743539,5.113160771880757,0.026489428409966844,0.025540264214032653,0.005755862980563983,0.04098583699610368,0.011734453119251363,0.0,0.029743546284223505,0.02535048157021207,0.014455863431707289,0.00296975446625976,0.020179155409786764,0.015499455091750576,0.01557057107805791,0.032422419042215087,0.01636048265870659,0.011682950054673819,0.01812548920485009,0.01934689402643567,0.018007879573827074,0.004537335043747353,0.01956301035677156,0.022571022370903897,0.01286685262164061,0.01241035507796574,0.02491190746406959,0.01786946312051442,0.02082523033795275,0.025442593062293437,0.01912897136636055,0.007366823000320296
315,11.048384126631857,2.3495380927249143,0.017293751981543114,9.63229573869603,7.673469581527968,10.481494100158557,12.988902253934668,14.331186180457905,10.42729318348205,10.188609830069254,11.46496641125674,11.49859198958552,10.377300102042568,10.037843326995414,7.9031513001608005,13.502933444066855,11.066364410120173,9.849545207699919,9.0387210199749,11.738522456604187,11.096095256844762,12.732545160404868,11.274301088135871,9.782346569939648,11.09749495085606,12.640746650100652,18.67274406780564,10.76311223133996,10.367239705524867,14.322420084879695,10.14448585005556,11.2436408743539,5.113160771880757,0.02957575909976815,0.017644753163397756,0.018401252431858528,0.026652552750254098,0.013674321991184835,0.0,0.016778511611377993,0.024200751138395492,0.016415478230790377,0.009195411548161146,0.020122790670844094,0.017240524904083895,0.006868342914017366,0.0288499990781765,0.02287784261000678,0.0038782683877374804,0.01418619602070163,0.011900514890483454,0.014215895690227062,0.012135233674209881,0.024560998689738756,0.029868694943866583,0.013560790821987542,0.02083720449611353,0.017881554449846234,0.015686081604527495,0.017319887181755228,0.03313852063323876,0.008930786132790258,0.012213639686752514
316,11.03249209352273,2.3551516873123113,0.017190141006362233,9.63229573869603,7.673469581527968,10.481494100158557,12.988902253934668,14.331186180457905,9.975608840672919,10.188609830069254,11.46496641125674,11.49859198958552,10.377300102042568,10.037843326995414,7.9031513001608005,13.502933444066855,11.066364410120173,9.849545207699919,9.0387210199749,11.738522456604187,11.096095256844762,12.732545160404868,11.274301088135871,9.782346569939648,11.09749495085606,12.640746650100652,18.67274406780564,10.76311223133996,10.342163055060155,14.322420084879695,10.14448585005556,11.2436408743539,5.113160771880757,0.02387639894987662,0.023656473988281045,0.011072195888148369,0.02120353356706326,0.01963929860760824,0.002971765614548477,0.006738801621751804,0.03027620292551562,0.01749988432958664,0.020741247965206645,0.011556649479750446,0.02268495289685613,0.004173023678160126,0.040181701422566364,0.020794803955003837,0.00810929131145138,0.012626526194070361,0.012532561980382943,0.013904394329783942,0.012330925514084124,0.020823327836538078,0.027774808436041822,0.003709071484919185,0.026857121055286374,0.01608166056726493,0.01998974257302656,0.008030071941274296,0.029807726925211487,0.00920886829382624,0.016851196857781667
317,10.967717011508734,2.368858947970702,0.0176123947758323,9.63229573869603,7.673469581527968,10.481494100158557,12.988902253934668,14.331186180457905,9.975608840672919,10.188609830069254,11.46496641125674,11.49859198958552,10.377300102042568,10.037843326995414,7.9031513001608005,13.459112995988619,11.066364410120173,9.849545207699919,9.0387210199749,10.707725877629628,11.096095256844762,12.732545160404868,11.220037301650223,8.967974923058193,11.09749495085606,12.640746650100652,18.67274406780564,10.76311223133996,10.342163055060155,14.322420084879695,10.14448585005556,11.2436408743539,5.113160771880757,0.02399304781049449,0.028160394944169664,0.013790510668773466,0.019686512616023506,0.01926181118492634,0.004348895529641718,0.013366158448465216,0.023641474169466832,0.023637240282742406,0.01309110536496616,0.00791103490062451,0.020965392864648238,0.012803863447335851,0.03993575916711546,0.01784216515164127,0.015588576508672111,0.0207483316483453,0.009255292501417656,0.007390707134413624,0.00978317699223941,0.02047055063021304,0.01343436836815563,0.004436252625389829,0.022672888674829007,0.021369877876795944,0.01699964006558815,0.019116218049781766,0.03478918825127044,0.009987666619755482,0.019893740777066557
318,10.959782506513639,2.36710911338308,0.016754489499724988,9.63229573869603,7.673469581527968,10.481494100158557,12.988902253934668,14.331186180457905,9.975608840672919,10.049455076484662,11.46496641125674,11.49859198958552,10.377300102042568,10.037843326995414,7.9031513001608005,13.360232599720348,11.066364410120173,9.849545207699919,9.0387210199749,10.707725877629628,11.096095256844762,12.732545160404868,11.220037301650223,8.967974923058193,11.09749495085606,12.640746650100652,18.67274406780564,10.76311223133996,10.342163055060155,14.322420084879695,10.14448585005556,11.2436408743539,5.113160771880757,0.030387560646615297,0.03208573163322446,0.013735023042844996,0.011160453568967013,0.01807658590431925,0.014424209626039134,0.020860566136297765,0.022354463172619243,0.024128469440086217,0.011840025436389567,0.009059671656179212,0.022863721643059498,0.00507095213753926,0.031471986186062346,0.012615595614452553,0.015214774856391604,0.014784701000464811,0.0060015268656340055,0.006349826783307542,0.0008469556896775124,0.02272204967223657,0.02227795955589169,0.0016204198710829969,0.016950714252509377,0.023002816512782312,0.025148355239200084,0.011550259966161736,0.03126879404535158,0.010893114319479843,0.013867400516882195
319,10.953470695240117,2.3677775459220674,0.017786933380773508,9.63229573869603,7.673469581527968,10.481494100158557,12.987086739318045,14.331186180457905,9.975608840672919,9.969051136215057,11.46496641125674,11.49859198958552,10.377300102042568,10.037843326995414,7.9031513001608005,13.360232599720348,11.066364410120173,9.849545207699919,9.0387210199749,10.707725877629628,11.096095256844762,12.732545160404868,11.220037301650223,8.967974923058193,11.09749495085606,12.640746650100652,18.67274406780564,10.76311223133996,10.342163055060155,14.322420084879695,10.14448585005556,11.136505991034483,5.113160771880757,0.03319686672555809,0.024028187123393146,0.02071510846038207,0.01573191828221401,0.02783368386550045,0.0170444042586855,0.015018183482406034,0.026994831938829834,0.028156736276787404,0.020022610956938372,0.017341620208047744,0.01555521221479123,0.008273438093594435,0.03133030711691596,0.006147537534056152,0.023277483196694915,0.0015314088746701175,0.0025729498805455407,0.008427100450340914,0.0073424021311210555,0.02941833277839747,0.016340476331600667,0.006949690601556,0.024984573324980403,0.013979058302030183,0.024442943855650993,0.014613966520790812,0.028328639359580746,0.014854967315734937,0.009153361961409883
320,10.953470695240117,2.3677775459220674,0.017796970705965833,9.63229573869603,7.673469581527968,10.481494100158557,12.987086739318045,14.331186180457905,9.975608840672919,9.969051136215057,11.46496641125674,11.49859198958552,10.377300102042568,10.037843326995414,7.9031513001608005,13.360232599720348,11.066364410120173,9.849545207699919,9.0387210199749,10.707725877629628,11.096095256844762,12.732545160404868,11.220037301650223,8.967974923058193,11.09749495085606,12.640746650100652,18.67274406780564,10.76311223133996,10.342163055060155,14.322420084879695,10.14448585005556,11.136505991034483,5.113160771880757,0.027604519856324818,0.028592535267187212,0.02500810082103608,0.009661097748025737,0.025666229288984228,0.013567096860013814,0.017282859766643743,0.02045803805561912,0.02688891738829793,0.021012417369218574,0.019420074615987545,0.01798686289406776,0.011238070647218708,0.03580803324321619,0.011535413094649491,0.021324091527954604,0.0014471858743208557,0.0051771712101359325,0.0023021292337503706,0.006262164431627852,0.020727696391049377,0.018129638729539852,0.011891511764853703,0.024135604992584922,0.01236033139755245,0.028212657982363953,0.009568606646377079,0.024348155925826676,0.02211718354054534,0.014174724614001015
321,10.792123522387381,2.4454933231936464,0.018992294256051624,9.63229573869603,7.673469581527968,10.481494100158557,12.987086739318045,14.331186180457905,9.975608840672919,9.969051136215057,11.46496641125674,11.49859198958552,10.377300102042568,10.037843326995414,6.17206451849421,13.360232599720348,10.801867869929822,9.849545207699919,9.0387210199749,10.707725877629628,11.096095256844762,12.732545160404868,11.220037301650223,8.967974923058193,9.818459376326075,11.074950360905518,18.67274406780564,10.76311223133996,10.342163055060155,14.322420084879695,10.14448585005556,11.136505991034483,5.113160771880757,0.029284848112482168,0.02666845066868393,0.01835110998037382,0.009320515837018038,0.028354722191262605,0.014004846074279584,0.014298136208785305,0.013495297735579203,0.024526110622248243,0.02466381789548474,0.019298057133007397,0.02501585231885063,0.01675554933456785,0.03876422067939664,0.010488896734282866,0.021024980267567387,0.011881744905519775,0.006447064445510432,0.0035503596743420417,0.007261764656413073,0.028342728067357163,0.015351558535191528,0.008483528799635246,0.025206686005854406,0.018304703262462307,0.03831773242422231,0.01614474996888405,0.01356242389642867,0.021324706415027324,0.021273664830829677
322,10.76309830752412,2.4625473266270195,0.017570492821606783,9.63229573869603,7.568044640494634,10.481494100158557,12.987086739318045,14.331186180457905,9.975608840672919,9.969051136215057,11.46496641125674,11.49859198958552,10.377300102042568,10.037843326995414,6.17206451849421,13.360232599720348,10.776760600270507,9.849545207699919,9.0387210199749,10.707725877629628,11.096095256844762,12.732545160404868,11.220037301650223,8.967974923058193,9.108283285975915,11.074950360905518,18.67274406780564,10.76311223133996,10.342163055060155,14.322420084879695,10.14448585005556,11.10645784617941,5.113160771880757,0.013286515280230192,0.02650577261294636,0.018686642877406408,0.020927286910161973,0.025489663038511422,0.01690558852649656,0.017473727935094142,0.013749394243473025,0.017865778395094806,0.02218349211439347,0.0163363245788167,0.026886913022622336,0.013705866238660654,0.03334604120580934,0.007888808381594876,0.01591995946879831,0.014934635835790664,0.003903246838168067,0.010821083493390763,0.010546253550363356,0.01680167015383618,0.010644994283382114,0.007892700897291875,0.03284491803716768,0.011644561071225842,0.03421108338919516,0.01721598287027348,0.015268443921403571,0.01807385311929891,0.01515358235730522
323,10.61494535464419,2.4660367773498466,0.017434897501657824,8.757081150261058,7.568044640494634,10.481494100158557,9.818068200993253,14.331186180457905,9.975608840672919,9.969051136215057,11.46496641125674,11.49859198958552,10.377300102042568,10.037843326995414,6.17206451849421,13.360232599720348,10.776760600270507,9.849545207699919,9.0387210199749,10.707725877629628,11.096095256844762,12.732545160404868,11.220037301650223,8.967974923058193,9.108283285975915,11.074950360905518,18.67274406780564,10.76311223133996,10.342163055060155,14.206438222529584,10.14448585005556,11.10645784617941,4.828787174592776,0.009796661880693362,0.022260045998339813,0.022769503429138194,0.01873387373860378,0.023666572923650753,0.021296288192484664,0.019275145916527972,0.014012334928868577,0.009402745006059315,0.018429797745309836,0.017995831294014962,0.031012366440238998,0.018356447000827666,0.023614595904248175,0.016706583448909976,0.01567145908884708,0.014735486141146068,0.010249664996388458,0.01709789765944064,0.009731187229633021,0.014100027248589069,0.00814474357068443,0.009155932182882803,0.0331772770233349,0.011807435199496893,0.04208700211249411,0.0180992462652792,0.01771928657811717,0.007645820960856309,0.006295664944628498
324,10.60423114180501,2.4314605657365713,0.01860481422695408,8.757081150261058,7.568044640494634,10.481494100158557,9.818068200993253,14.331186180457905,9.975608840672919,9.969051136215057,11.46496641125674,11.49859198958552,10.377300102042568,10.037843326995414,6.17206451849421,13.360232599720348,10.776760600270507,9.849545207699919,9.0387210199749,10.707725877629628,11.096095256844762,12.732545160404868,11.220037301650223,8.967974923058193,9.108283285975915,11.074950360905518,18.35131768263028,10.76311223133996,10.342163055060155,14.206438222529584,10.14448585005556,11.10645784617941,4.828787174592776,0.014386729575486984,0.017932087110359273,0.022401795356847085,0.015429786722591059,0.021457724686700975,0.016512444047635463,0.023618006426114314,0.028311673357520387,0.010613516633482927,0.020725601146902507,0.006508429949910267,0.02749531085329844,0.01508054893587984,0.021570251323913527,0.01970399172420217,0.01668100798494835,0.009698494233743707,0.012154533071816177,0.022959742677068237,0.014274149122579877,0.022061445882976,0.0160843234363331,0.018764741846176592,0.033703849384618824,0.006852956371695687,0.036357351393499965,0.01992639965045301,0.01945045256881296,0.016024475785310698,0.011402605547743978
325,10.562466289403666,2.4275920311896053,0.020114869381777995,8.757081150261058,7.568044640494634,10.481494100158557,9.818068200993253,14.331186180457905,9.975608840672919,9.969051136215057,11.142580832956753,11.49859198958552,10.377300102042568,10.015913569817656,6.17206451849421,13.360232599720348,10.776760600270507,9.849545207699919,9.0387210199749,10.707725877629628,11.096095256844762,12.732545160404868,10.649332234305291,8.967974923058193,9.108283285975915,11.074950360905518,18.35131768263028,10.76311223133996,10.004237885842485,14.206438222529584,10.14448585005556,11.10645784617941,4.828787174592776,0.017372154232481504,0.01652801555702748,0.0163975250216993,0.016018528278989336,0.014783570293411225,0.017577452719863277,0.021885502580532516,0.02965699351246298,0.00555656239550983,0.021115685468987695,0.0032119732344492798,0.024479842653984753,0.01599525892248162,0.022932018580086255,0.020474140732123107,0.018997110061898737,0.015144326520330546,0.013362719063814105,0.027033844013421557,0.015709477180732675,0.023006080293234317,0.027319128507077316,0.02574765686395627,0.0350002682626076,0.00668503833233354,0.0429324284054153,0.028522626766219025,0.024692714887067858,0.01834240378163812,0.016965034329502953
326,10.5160607770957,2.3810992156912487,0.019678117831046962,8.757081150261058,7.568044640494634,10.481494100158557,9.64235659473502,13.28762817483647,9.975608840672919,9.969051136215057,11.142580832956753,11.49859198958552,10.377300102042568,10.015913569817656,6.17206451849421,13.360232599720348,10.776760600270507,9.849545207699919,9.0387210199749,10.707725877629628,11.096095256844762,12.732545160404868,10.649332234305291,8.967974923058193,9.108283285975915,11.074950360905518,18.35131768263028,10.76311223133996,10.004237885842485,14.206438222529584,10.14448585005556,10.933562088820054,4.828787174592776,0.02399645113821818,0.021715865196845256,0.018316589121152388,0.011398581101590678,0.019575512874838424,0.01338561333327423,0.0176778735097273,0.022825188426089993,0.010044123669421305,0.02516980491274899,0.005461422211568352,0.026544108460570936,0.015610968292190818,0.025465808080221013,0.020789507570577858,0.016262500462977218,0.023519623417909516,0.01473626492523262,0.024383403374780583,0.02234139284649597,0.020198112591271283,0.03181180950029288,0.014285645209931521,0.02745470706406258,0.004994982937412778,0.026110613703251823,0.024555352369983074,0.02302471661222491,0.028493519547787605,0.01019347246875884
327,10.5160607770957,2.3810992156912487,0.019760946347464853,8.757081150261058,7.568044640494634,10.481494100158557,9.64235659473502,13.28762817483647,9.975608840672919,9.969051136215057,11.142580832956753,11.49859198958552,10.377300102042568,10.015913569817656,6.17206451849421,13.360232599720348,10.776760600270507,9.849545207699919,9.0387210199749,10.707725877629628,11.096095256844762,12.732545160404868,10.649332234305291,8.967974923058193,9.108283285975915,11.074950360905518,18.35131768263028,10.76311223133996,10.004237885842485,14.206438222529584,10.14448585005556,10.933562088820054,4.828787174592776,0.02474213512332152,0.03276217418315645,0.015190151003684687,0.011649426469295253,0.020257145220705295,0.014406978483128325,0.022306882298485917,0.010905520588423128,0.009157084370491987,0.02505214546291569,0.004808740835131155,0.022548204179775,0.01763390170980138,0.02574217236613343,0.0200474020617298,0.02164081340584795,0.023671522374190165,0.013133156180508814,0.014512427874509837,0.022732728179189213,0.015174302140724837,0.03092182250854705,0.01780939233953623,0.027866596275183928,0.018809683314803986,0.014022396183540254,0.02913399165623575,0.0206235333292351,0.03102623935091093,0.014539720954802734
328,10.497820302720632,2.3882205357862523,0.02061021646283941,8.757081150261058,7.568044640494634,10.481494100158557,9.64235659473502,13.28762817483647,9.975608840672919,9.969051136215057,11.142580832956753,11.49859198958552,10.377300102042568,10.015913569817656,6.17206451849421,13.360232599720348,10.776760600270507,9.302330976447877,9.0387210199749,10.707725877629628,11.096095256844762,12.732545160404868,10.649332234305291,8.967974923058193,9.108283285975915,11.074950360905518,18.35131768263028,10.76311223133996,10.004237885842485,14.206438222529584,10.14448585005556,10.933562088820054,4.828787174592776,0.024323602841832215,0.033674681525664094,0.005002778052084784,0.011426788040625335,0.011612925592840316,0.010502879700925812,0.02902180125055089,0.014313085509760624,0.01926340303682845,0.0262642069462231,0.008854306557333495,0.028531789480682298,0.018176011308708603,0.03587127926102337,0.0243973550429344,0.02158337982812922,0.01830830513417377,0.023818768863968193,0.005650552426932386,0.026534421175861425,0.01880799340400716,0.030752055312840018,0.020801624485847277,0.02952966913574305,0.01949571303777127,0.027609835152154726,0.02712696909131951,0.01772768603847837,0.015236434191243743,0.01408619245869425
329,10.46440596058289,2.3947218751997874,0.020923589915440632,8.757081150261058,7.568044640494634,10.481494100158557,9.64235659473502,13.28762817483647,9.274645946549924,9.969051136215057,11.142580832956753,11.49859198958552,10.377300102042568,10.015913569817656,6.17206451849421,13.360232599720348,10.776760600270507,9.302330976447877,9.0387210199749,10.707725877629628,11.096095256844762,12.732545160404868,10.649332234305291,8.967974923058193,9.108283285975915,10.773482990896298,18.35131768263028,10.76311223133996,10.004237885842485,14.206438222529584,10.14448585005556,10.933562088820054,4.828787174592776,0.026889853287961934,0.033435670150643304,0.011857314680052322,0.014788627320021062,0.014347047525333232,0.0024181916240518637,0.03554516164594159,0.013050330108768236,0.025581252093034305,0.025950290944450158,0.00960266461237486,0.027241103431720138,0.025091630756603873,0.025298357574561073,0.027861817900423184,0.014109189270104558,0.020480995237605198,0.02046747274873298,0.005792767308325208,0.013930196776262163,0.017761090767102028,0.028864123321931525,0.012508253443101762,0.02682963806612397,0.0227418860694476,0.030317592297216207,0.029489401408021546,0.027204232507260496,0.021666615598158287,0.016584928987884176
330,10.45647757196875,2.3924634673226426,0.02164649722556469,8.757081150261058,7.568044640494634,10.481494100158557,9.64235659473502,13.28762817483647,9.274645946549924,9.969051136215057,11.142580832956753,11.35790660273068,10.377300102042568,10.015913569817656,6.17206451849421,13.360232599720348,10.679594328701114,9.302330976447877,9.0387210199749,10.707725877629628,11.096095256844762,12.732545160404868,10.649332234305291,8.967974923058193,9.108283285975915,10.773482990896298,18.35131768263028,10.76311223133996,10.004237885842485,14.206438222529584,10.14448585005556,10.933562088820054,4.828787174592776,0.03468589151853519,0.03535122682149489,0.007204166999108285,0.023464166631743427,0.02532299917889628,0.0018775879842632163,0.028609171708461324,0.018400725264948365,0.019846283208503363,0.02070782626284295,0.0008248699828496242,0.03969797697294827,0.01853700858389578,0.026443465637929514,0.025119897021988018,0.005151596372713068,0.020498876515493064,0.02104059371894102,0.013476770860024743,0.013830411528440225,0.02366742464022354,0.028734199080032476,0.013120723233976042,0.03150433595293219,0.021497240627493915,0.022204683823001895,0.02635926025390671,0.03679306284610881,0.022596709352331098,0.02282576418291346
331,10.412765640799469,2.4010610047651038,0.021760716149064475,8.757081150261058,7.568044640494634,10.481494100158557,9.64235659473502,13.28762817483647,8.990919023982428,9.969051136215057,11.142580832956753,11.35790660273068,10.377300102042568,10.015913569817656,6.17206451849421,13.360232599720348,10.080417375970285,9.302330976447877,9.0387210199749,10.707725877629628,11.096095256844762,12.732545160404868,10.649332234305291,8.967974923058193,9.108283285975915,10.773482990896298,18.35131768263028,10.76311223133996,10.004237885842485,14.206438222529584,9.716031790275451,10.933562088820054,4.828787174592776,0.023826621531191288,0.03300515648157916,0.011440460543032396,0.016801980570204347,0.03623342142926524,0.0,0.027056648223869377,0.01982617377349345,0.025603863070174863,0.024608864292887327,0.0,0.036718537246598,0.022989776537350105,0.01577068415101816,0.027251671221115787,0.01882840112324649,0.006072849209311635,0.025178852602216806,0.011447244247519974,0.02783645249245194,0.013741250098524607,0.0299129507159664,0.019775939219807085,0.03341465503024657,0.019723315134733157,0.01601875686418164,0.032302502138365274,0.028413206205204298,0.021429611738120625,0.027591638580258256
332,10.399776522076122,2.391723239539236,0.019958912011395765,8.757081150261058,7.568044640494634,10.481494100158557,9.64235659473502,13.28762817483647,8.990919023982428,9.90375840876726,11.142580832956753,11.35790660273068,10.377300102042568,10.015913569817656,6.17206451849421,13.360232599720348,10.080417375970285,9.302330976447877,9.0387210199749,10.707725877629628,11.096095256844762,12.408164326152303,10.649332234305291,8.967974923058193,9.108283285975915,10.773482990896298,18.35131768263028,10.76311223133996,10.004237885842485,14.206438222529584,9.716031790275451,10.933562088820054,4.828787174592776,0.017994407408675587,0.033655580559586035,0.016573790157878632,0.0013100613663897314,0.02884437039176271,0.0,0.02799392475775985,0.020148762977169093,0.023521446539534942,0.008925939407854909,0.01097836562548955,0.029226615416748147,0.024015731126690944,0.01731976201402935,0.01838111129197905,0.01956625810256267,0.011783561517232892,0.01690307443181997,0.0030616274971925943,0.01841567518769894,0.01727522489994427,0.02908526837928976,0.021987736896111436,0.04035935242532246,0.02409319663800938,0.013133052651864784,0.026864322866446386,0.03190543762159423,0.025863123445101676,0.019580578740132942
333,10.356863519100619,2.3539154350596605,0.018271129410039798,8.757081150261058,7.568044640494634,10.158034564726904,9.64235659473502,13.28762817483647,8.990919023982428,9.90375840876726,11.142580832956753,11.35790660273068,10.377300102042568,10.015913569817656,6.17206451849421,13.360232599720348,10.080417375970285,9.302330976447877,8.953186628982849,10.707725877629628,11.096095256844762,12.408164326152303,10.595068447819642,8.967974923058193,9.108283285975915,10.773482990896298,18.35131768263028,10.76311223133996,10.004237885842485,13.382305846173836,9.716031790275451,10.933562088820054,4.828787174592776,0.01847234780688392,0.032488118886280386,0.011374420272963457,0.006937521068334255,0.02754559350643321,0.0015477335869118823,0.014130335157440088,0.013601911766486806,0.01949162306363158,0.019240795016591622,0.004312004251612955,0.02760926794221302,0.013654879459513715,0.010689818218034617,0.015694398677755222,0.02603828167187415,0.01876451707072632,0.009883427845311401,0.006685916554230291,0.018796028613415963,0.0204396739209002,0.022477565271205775,0.023001022117116916,0.03533514642478202,0.020948726727259313,0.013550189223622429,0.013077838750563328,0.031039029757082167,0.028355742702661973,0.022950006969355008
334,10.352960060654274,2.3568464299176544,0.018700674413098105,8.757081150261058,7.501083830743994,10.158034564726904,9.64235659473502,13.28762817483647,8.990919023982428,9.90375840876726,11.142580832956753,11.35790660273068,10.377300102042568,9.965770626177914,6.17206451849421,13.360232599720348,10.080417375970285,9.302330976447877,8.953186628982849,10.707725877629628,11.096095256844762,12.408164326152303,10.595068447819642,8.967974923058193,9.108283285975915,10.773482990896298,18.35131768263028,10.76311223133996,10.004237885842485,13.382305846173836,9.716031790275451,10.933562088820054,4.828787174592776,0.015333919183774157,0.030671868152855535,0.012315781452311126,0.008300033853200894,0.02230562171643178,0.011118689582343855,0.014039406463156753,0.008932610796650371,0.0163154437325128,0.018803489394042982,0.011766332658383581,0.0234227099905862,0.016270724356244683,0.02004236997535776,0.015993255177206903,0.034875766085696605,0.010711883767361655,0.018115387406766666,0.0033064121718033067,0.019054826070164243,0.025282795258944425,0.01582594304538821,0.018268336738460556,0.03697177103828952,0.028061914483443882,0.007246683069320574,0.015314732544220753,0.041097151942492346,0.027293174822478866,0.013961197463052102
335,10.330533173525767,2.3565649791738914,0.018661972758590464,8.757081150261058,7.501083830743994,10.158034564726904,9.64235659473502,13.28762817483647,8.990919023982428,9.90375840876726,11.142580832956753,11.35790660273068,10.377300102042568,9.965770626177914,6.17206451849421,13.360232599720348,10.080417375970285,9.302330976447877,8.953186628982849,10.03491926377444,11.096095256844762,12.408164326152303,10.595068447819642,8.967974923058193,9.108283285975915,10.773482990896298,18.35131768263028,10.76311223133996,10.004237885842485,13.382305846173836,9.716031790275451,10.933562088820054,4.828787174592776,0.015058353819444729,0.03061477185146955,0.007294899139386786,0.0028083547373080734,0.024112504016492186,0.015372094828876193,0.008816557842887367,0.018218193911645992,0.022501691533079255,0.011091367124091646,0.004398788196433078,0.027970166844622526,0.02173852353530603,0.012988178267679645,0.02379946667574879,0.04104981146045618,0.015484587950181707,0.017965130362386353,0.006818761080404683,0.01172190031221337,0.022566252406686832,0.017008015893233593,0.015788229286398794,0.034689674884994914,0.02051860140384952,0.014769528062625804,0.018698629384318297,0.036029541796000555,0.032415017172136275,0.007551588977355289
336,10.323054726716972,2.3700671218739195,0.01933802502597899,8.757081150261058,7.501083830743994,10.158034564726904,9.64235659473502,13.28762817483647,8.990919023982428,9.90375840876726,11.142580832956753,11.35790660273068,10.377300102042568,9.965770626177914,5.947711114230344,13.360232599720348,10.080417375970285,9.302330976447877,8.953186628982849,10.03491926377444,11.096095256844762,12.408164326152303,10.595068447819642,8.967974923058193,9.108283285975915,10.773482990896298,18.35131768263028,10.76311223133996,10.004237885842485,13.382305846173836,9.716031790275451,10.933562088820054,4.828787174592776,0.02244035106397684,0.03050019262503577,0.004840733729399952,0.010606762664229686,0.020247291940934487,0.017245703943083907,0.014880437364130411,0.017012448636259406,0.026482201103955372,0.015661287946465607,0.0,0.023839816754135025,0.02863460829053937,0.01527060287640662,0.024267015401331506,0.0297717664380317,0.01582356295007794,0.029281194332708083,0.016008173488791202,0.020230978840771012,0.018617240650933377,0.01486530398915218,0.01164801093933776,0.030593664431238232,0.018153866135044328,0.019046173018477792,0.007312067123028516,0.030925505891714087,0.03783080479226666,0.008102983417912922
337,10.2875342066113,2.321872045368119,0.01887135296801822,8.757081150261058,7.501083830743994,10.158034564726904,9.64235659473502,13.28762817483647,8.990919023982428,9.90375840876726,10.46597407321093,11.35790660273068,10.377300102042568,9.965770626177914,5.947711114230344,13.360232599720348,10.080417375970285,9.302330976447877,8.953186628982849,10.03491926377444,11.096095256844762,12.408164326152303,10.595068447819642,8.967974923058193,9.108283285975915,10.773482990896298,17.962308839205946,10.76311223133996,10.004237885842485,13.382305846173836,9.716031790275451,10.933562088820054,4.828787174592776,0.0153260873133801,0.031401955114879,0.011076293909620588,0.013397520753431952,0.020987121199172207,0.01456131609698513,0.016171580981833883,0.01568113575420114,0.026664492839891328,0.019763407463890263,0.00735196808391116,0.017350521414979257,0.029298904338365562,0.007258695665864525,0.015650646493516947,0.03544624392948113,0.004126211861030193,0.03206903133120855,0.011506348171650726,0.02528021520677765,0.019416782012084063,0.015903914789121894,0.015204712059906624,0.029008020933772572,0.015644832253606626,0.011742957085734532,0.006160420941432916,0.028913043124488655,0.041637362033099264,0.012138845883228049
338,10.158924084227957,2.2225946563219328,0.019574342992600944,8.757081150261058,7.501083830743994,10.158034564726904,9.64235659473502,13.28762817483647,8.289956129859434,9.124266787113982,10.46597407321093,11.35790660273068,10.377300102042568,9.965770626177914,5.947711114230344,13.360232599720348,10.080417375970285,8.432384953375333,8.953186628982849,10.03491926377444,11.096095256844762,12.191501360596703,10.595068447819642,8.967974923058193,9.108283285975915,10.773482990896298,16.671068672110096,10.76311223133996,10.004237885842485,13.382305846173836,9.716031790275451,10.933562088820054,4.828787174592776,0.0168477050787326,0.026165202475288026,0.00847205798632879,0.012577935961473732,0.024610114532864626,0.020617303899342885,0.013410509475862186,0.015369105010895324,0.02922214909150842,0.024325334292374264,0.009514939661071307,0.02367262894148024,0.032027260992610815,0.015933745254944637,0.02034668938424935,0.02973624318918562,0.0021050414649912462,0.03492204683448412,0.02260397470422818,0.030295232089616615,0.015228535304317546,0.01734808553527693,0.022319884541440686,0.019457948007557874,0.004671125151044992,0.016459627504568673,0.008500950734458963,0.02097753014545212,0.02865603321953088,0.020835349312846575
339,10.158924084227957,2.2225946563219328,0.02194735430893543,8.757081150261058,7.501083830743994,10.158034564726904,9.64235659473502,13.28762817483647,8.289956129859434,9.124266787113982,10.46597407321093,11.35790660273068,10.377300102042568,9.965770626177914,5.947711114230344,13.360232599720348,10.080417375970285,8.432384953375333,8.953186628982849,10.03491926377444,11.096095256844762,12.191501360596703,10.595068447819642,8.967974923058193,9.108283285975915,10.773482990896298,16.671068672110096,10.76311223133996,10.004237885842485,13.382305846173836,9.716031790275451,10.933562088820054,4.828787174592776,0.021395862852823907,0.03273033168020988,0.01021942411762904,0.013967575129708882,0.025428364629340283,0.025171254206727525,0.014554431988428528,0.02622119724844448,0.033033271783207245,0.02276278055343629,0.014460081656689605,0.02522336087348394,0.03914912171375536,0.019211321462733195,0.021583470474005006,0.03167811536491868,0.000593470803862436,0.03487671550189531,0.0335177252745716,0.027636487802357022,0.01909063960606845,0.014444853598585664,0.0284394953011149,0.009646871542896276,0.014061963605198985,0.012606017700141513,0.009575461790734445,0.02242909515696314,0.032168837460342985,0.02254302838778868
340,10.139914344894276,2.219710509478042,0.02127566043518816,8.701484293071928,7.501083830743994,10.158034564726904,9.64235659473502,13.28762817483647,8.289956129859434,9.124266787113982,10.46597407321093,11.35790660273068,10.377300102042568,9.965770626177914,5.947711114230344,13.360232599720348,10.080417375970285,8.432384953375333,8.953186628982849,10.03491926377444,11.096095256844762,12.191501360596703,10.595068447819642,8.967974923058193,9.108283285975915,10.773482990896298,16.671068672110096,10.76311223133996,10.004237885842485,13.382305846173836,9.716031790275451,10.418866765998757,4.828787174592776,0.0143491618930992,0.030417244576447667,0.009001837171867328,0.018792957994402927,0.017740476748000274,0.028060400946490108,0.01674350078803565,0.0328261285557424,0.028827936283201284,0.011468055323296531,0.014316223038558866,0.027027953179117305,0.04298146690672179,0.027377052701583884,0.014612871249834194,0.019835131537727965,0.007553410996412405,0.029316778585957326,0.03710943685584248,0.015763511698102157,0.016989322455033092,0.016242755718038415,0.022224748033578674,0.010491349681630376,0.01670613009835662,0.015305001360044366,0.015627813084875382,0.03002113731602124,0.026170626968449528,0.02436939130917556
341,10.095057933446578,2.231037085212421,0.021772002404704168,8.701484293071928,7.501083830743994,10.158034564726904,9.64235659473502,13.28762817483647,8.289956129859434,9.124266787113982,10.46597407321093,11.35790660273068,10.377300102042568,9.710921973117706,5.947711114230344,13.360232599720348,10.080417375970285,8.432384953375333,8.953186628982849,8.944075573403666,11.096095256844762,12.191501360596703,10.595068447819642,8.967974923058193,9.108283285975915,10.773482990896298,16.671068672110096,10.76311223133996,10.004237885842485,13.382305846173836,9.716031790275451,10.418866765998757,4.828787174592776,0.007058672261949862,0.029745623692282893,0.01893021111811968,0.018843710408926056,0.01974452134114646,0.032751103026037204,0.02350623401225458,0.027450414912192956,0.02946001724307254,0.011789116221824294,0.01959918990412797,0.026920703512859877,0.04738757234609327,0.029597236076916927,0.015980525191108527,0.01799597291318482,0.016467838393884042,0.036915932813276695,0.03799459465955905,0.015483564921877292,0.016159654460411302,0.01780840410023886,0.022820400529037846,0.008825727008230907,0.017601829243207745,0.008524804355898545,0.019360782124555893,0.0275505520030324,0.011454319206657616,0.019430844139158805
342,10.018455359476441,2.170584397411169,0.02154132155867903,8.701484293071928,7.2051046920475414,10.158034564726904,9.64235659473502,12.244142789835792,8.289956129859434,9.124266787113982,10.46597407321093,11.35790660273068,10.377300102042568,9.663337974293995,5.947711114230344,13.360232599720348,10.080417375970285,8.432384953375333,8.781766410416253,8.944075573403666,11.096095256844762,12.191501360596703,10.595068447819642,8.967974923058193,9.108283285975915,10.773482990896298,16.671068672110096,10.76311223133996,10.004237885842485,12.6426973681572,9.716031790275451,10.418866765998757,4.828787174592776,0.0,0.022701585313607022,0.016624267245838698,0.008424116327348918,0.03558120115652122,0.03946623519730529,0.016964045473424696,0.026954056938467818,0.03497959418187871,0.008037162518838249,0.019997745738777252,0.030993527956577626,0.04832604862889939,0.017943528727661605,0.01925068833377576,0.015736254395068473,0.017200118093645106,0.028561769813741405,0.028170542396089845,0.011804875641574097,0.012574050759478542,0.02658158505660401,0.02019568643763703,0.011798681402422725,0.023951981863619524,0.015158674019310377,0.029215331550542248,0.02547297297259339,0.015912728547054635,0.017660590072067113
343,10.018455359476441,2.170584397411169,0.021945559104463833,8.701484293071928,7.2051046920475414,10.158034564726904,9.64235659473502,12.244142789835792,8.289956129859434,9.124266787113982,10.46597407321093,11.35790660273068,10.377300102042568,9.663337974293995,5.947711114230344,13.360232599720348,10.080417375970285,8.432384953375333,8.781766410416253,8.944075573403666,11.096095256844762,12.191501360596703,10.595068447819642,8.967974923058193,9.108283285975915,10.773482990896298,16.671068672110096,10.76311223133996,10.004237885842485,12.6426973681572,9.716031790275451,10.418866765998757,4.828787174592776,0.0,0.02086782874411131,0.012185717736938682,0.02194625264252441,0.032112327547382274,0.03173812249240122,0.013554665481599766,0.02900135467760409,0.04808299950030759,0.0029387223788672778,0.015041411900888074,0.037507252973384045,0.042443841646012934,0.017923535504616627,0.027182653359273973,0.016112839549771295,0.013880202493881657,0.02982926265895538,0.022541691877003958,0.017216555048241884,0.019074036475595257,0.023437146406274954,0.015881052126115815,0.01662656941727093,0.027008267268345546,0.012148703808117346,0.03145800617821926,0.02378339410047416,0.01987121356928973,0.016971145570445514
344,9.88785923531359,2.2044093678795513,0.02229072163349468,8.230783579635045,7.2051046920475414,9.861060546466149,7.807192038869971,12.244142789835792,8.289956129859434,9.124266787113982,10.46597407321093,11.35790660273068,9.98170406645562,9.663337974293995,5.947711114230344,13.360232599720348,10.080417375970285,8.432384953375333,8.781766410416253,8.944075573403666,10.176646855108856,12.191501360596703,10.595068447819642,8.967974923058193,9.108283285975915,10.773482990896298,16.671068672110096,10.76311223133996,10.004237885842485,12.6426973681572,9.716031790275451,10.418866765998757,4.828787174592776,0.0053607506467239045,0.02572148815244431,0.0059286991071431806,0.01799722256540534,0.023471961111694067,0.0270843283991138,0.024090078649235295,0.032951892414106045,0.05120091026660069,0.0040988503994236515,0.017728347945708253,0.038601228552482034,0.038020445059075356,0.02892815872084992,0.03218501231085198,0.022312070096226894,0.009279542519091952,0.021179854566181468,0.018768794642186407,0.017475129749592946,0.01158107868730883,0.022469912139133498,0.01731830704101955,0.01351054438277965,0.02335821312545264,0.008717159265062035,0.036966011622873406,0.032606492098685935,0.0261582420744318,0.013650922693955634
345,9.88785923531359,2.2044093678795513,0.022302792231308655,8.230783579635045,7.2051046920475414,9.861060546466149,7.807192038869971,12.244142789835792,8.289956129859434,9.124266787113982,10.46597407321093,11.35790660273068,9.98170406645562,9.663337974293995,5.947711114230344,13.360232599720348,10.080417375970285,8.432384953375333,8.781766410416253,8.944075573403666,10.176646855108856,12.191501360596703,10.595068447819642,8.967974923058193,9.108283285975915,10.773482990896298,16.671068672110096,10.76311223133996,10.004237885842485,12.6426973681572,9.716031790275451,10.418866765998757,4.828787174592776,0.004229658514891847,0.025645728591280784,0.012468423368129651,0.013040001629524097,0.01978311731193648,0.020798950019951485,0.014181962282135757,0.0284678915540095,0.04807732013486163,0.0050849434219988315,0.014749218649346587,0.04296347283121669,0.03041366650190884,0.028421211622135973,0.037403330600486256,0.01325004428321525,0.02114893437214531,0.02126188209822854,0.017447176509243423,0.02422905973980251,0.01968699994195912,0.024731107880937582,0.024706240016724206,0.0072450145921745404,0.03208621449257866,0.005164595628032806,0.04380145699504163,0.026950023906273185,0.024468993032490265,0.017177126416598184
346,9.86305530224992,2.2027280248479073,0.02250027265478861,8.230783579635045,7.2051046920475414,9.861060546466149,7.807192038869971,12.244142789835792,8.289956129859434,9.124266787113982,10.46597407321093,11.35790660273068,9.98170406645562,9.663337974293995,5.947711114230344,13.360232599720348,10.080417375970285,8.272846284319314,8.781766410416253,8.944075573403666,10.176646855108856,12.191501360596703,10.595068447819642,8.967974923058193,9.108283285975915,10.188903668042201,16.671068672110096,10.76311223133996,10.004237885842485,12.6426973681572,9.716031790275451,10.418866765998757,4.828787174592776,0.01366920293720469,0.02443526587527835,0.008880220802854302,0.012668214364623074,0.011128457119110646,0.023102821475485313,0.01924501957745793,0.03045825602820907,0.04352897042715034,0.0083633454324561,0.012792383889414168,0.044518276863348076,0.037695748339987456,0.02350004220960736,0.030730512097106918,0.018548888096119466,0.02186122475768088,0.017131910014934436,0.019162073617094065,0.023344991689354302,0.023233689579227463,0.02449657369396593,0.01809859905230613,0.00466484275633287,0.023351483968252915,0.0044245718047177625,0.04101867450433243,0.029560165789306127,0.03812546343393294,0.023268289446806964
347,9.861486873716894,2.2032701977964977,0.022682489165305356,8.230783579635045,7.2051046920475414,9.861060546466149,7.807192038869971,12.244142789835792,8.289956129859434,9.077213931123197,10.46597407321093,11.35790660273068,9.98170406645562,9.663337974293995,5.947711114230344,13.360232599720348,10.080417375970285,8.272846284319314,8.781766410416253,8.944075573403666,10.176646855108856,12.191501360596703,10.595068447819642,8.967974923058193,9.108283285975915,10.188903668042201,16.671068672110096,10.76311223133996,10.004237885842485,12.6426973681572,9.716031790275451,10.418866765998757,4.828787174592776,0.02221003510595044,0.033617499308233136,0.013140748101984786,0.012315474034527792,0.017380827809650112,0.027268799994682187,0.01957178260547862,0.029033060623719978,0.029287505248870967,0.010859868976302766,0.017340135520792794,0.044827487455121655,0.03092256565870513,0.025552394771102504,0.03327974845268429,0.021846739128044978,0.01587081081825308,0.016487545513759746,0.018656429026522255,0.010092196869544373,0.012486304442364447,0.02222597176549785,0.022097102571135088,0.007551196246888707,0.03510521979868222,0.013321500330337079,0.03375126275244917,0.027363978145624156,0.03872644741026613,0.018284036471984316
348,9.860669871551755,2.20251724773061,0.021806927979006775,8.230783579635045,7.2051046920475414,9.861060546466149,7.806765834701594,12.244142789835792,8.289956129859434,9.077213931123197,10.46597407321093,11.35790660273068,9.98170406645562,9.663337974293995,5.947711114230344,13.360232599720348,10.080417375970285,8.272846284319314,8.781766410416253,8.944075573403666,10.174038203711575,12.17002615120822,10.595068447819642,8.967974923058193,9.108283285975915,10.188903668042201,16.671068672110096,10.76311223133996,10.004237885842485,12.6426973681572,9.716031790275451,10.418866765998757,4.828787174592776,0.026733738612949223,0.037602844866577834,0.01708643799171925,3.177936131886068e-05,0.014014785952678986,0.020071066626492363,0.02210329321886577,0.017423749562077803,0.023861471820995687,0.0052720713444427535,0.01606307221637457,0.0444671758595507,0.03087579253990785,0.02370203204132643,0.030778978572258857,0.019084059555249278,0.015151981287431596,0.018805534249080515,0.017851458099653866,0.018328415553370454,0.015422871732002599,0.03062124860279682,0.028469791074495737,0.009314321302165116,0.03189315212703698,0.015715729734218857,0.03261675479448855,0.02349509936782724,0.032651605535791474,0.014697525767057193
349,9.845518857756542,2.203983947937953,0.02362396343456631,8.230783579635045,7.2051046920475414,9.861060546466149,7.806765834701594,12.244142789835792,8.289956129859434,9.077213931123197,10.46597407321093,11.35790660273068,9.98170406645562,9.221237877110639,5.947711114230344,13.360232599720348,10.080417375970285,8.272846284319314,8.781766410416253,8.944075573403666,10.174038203711575,12.17002615120822,10.595068447819642,8.967974923058193,9.108283285975915,10.188903668042201,16.658638355437063,10.76311223133996,10.004237885842485,12.6426973681572,9.716031790275451,10.418866765998757,4.828787174592776,0.021223572223837174,0.037121690239228206,0.02061256235114528,0.0015359972025280565,0.017578000123925186,0.025433590817729057,0.02255709426326334,0.017853507139865367,0.020249132826900582,0.009528866886172507,0.01626561792771306,0.04044568569392322,0.03156100965577866,0.02166588632304408,0.03924531971442486,0.020288520730995897,0.019140414299325736,0.021495744576723402,0.022946603079666388,0.02646051524753791,0.025033223793518647,0.038893784145160794,0.03061237657446395,0.013122758006830802,0.03387525064557815,0.011882947702275944,0.03025161211683051,0.01953787801469483,0.03595947074023371,0.01634026997367415
350,9.800020372654643,2.2387307112478196,0.02448472497432746,8.230783579635045,7.2051046920475414,9.861060546466149,7.806765834701594,12.244142789835792,7.321331087905548,9.077213931123197,10.46597407321093,11.35790660273068,9.98170406645562,9.221237877110639,5.947711114230344,13.360232599720348,10.080417375970285,8.272846284319314,8.781766410416253,8.944075573403666,10.174038203711575,12.17002615120822,10.595068447819642,8.967974923058193,8.711953774872825,10.188903668042201,16.658638355437063,10.76311223133996,10.004237885842485,12.6426973681572,9.716031790275451,10.418866765998757,4.828787174592776,0.027405743149582114,0.03241729403564088,0.027332627793146987,0.00822179817806707,0.008309159029879781,0.027301783194196325,0.029449123198307146,0.019924511598985877,0.020334293761154136,0.009594782978980594,0.02067753512746155,0.044033951902496545,0.03312039050171236,0.024620450084674433,0.03590830162566662,0.02297475099164773,0.012155266853162504,0.015353221087152619,0.02311025909871524,0.023441083952275777,0.014130705977512118,0.03934112320835588,0.03295579742307983,0.013974532430590023,0.03752589831443241,0.013117441132392743,0.035896659843761204,0.022864863558416514,0.04134663797187336,0.017701761226503403
351,9.763797965107006,2.2106121184045153,0.024936327762617647,8.230783579635045,7.2051046920475414,9.72795918379552,7.806765834701594,12.244142789835792,7.321331087905548,9.077213931123197,10.46597407321093,11.35790660273068,9.98170406645562,9.221237877110639,5.947711114230344,13.360232599720348,10.080417375970285,8.272846284319314,8.781766410416253,8.944075573403666,10.174038203711575,11.226095643200608,10.595068447819642,8.967974923058193,8.711953774872825,10.188903668042201,16.648997999686173,10.76311223133996,10.004237885842485,12.6426973681572,9.716031790275451,10.418866765998757,4.828787174592776,0.026099854801227573,0.03717578477361825,0.029813105084036822,0.003559914645225119,0.011479329842474453,0.026845963059612944,0.030025858372337694,0.016921903701481965,0.025588492650851988,0.005273805010577539,0.030040243989809905,0.054774001609415986,0.02264024706375415,0.031161866697569277,0.04029193640749005,0.018833392523339338,0.011239977103639838,0.01585709183520424,0.0152982057811402,0.022306126533098804,0.015997207307701947,0.040513968896674614,0.016636325014875573,0.014848731156578272,0.02849158632041808,0.01576637098094563,0.03919121270191377,0.03276381621234811,0.04692039211260033,0.021733120688566993
352,9.702305289938737,2.236058929974072,0.024909248533658616,8.230783579635045,7.2051046920475414,9.72795918379552,7.197291828615562,12.244142789835792,7.321331087905548,9.077213931123197,10.46597407321093,11.35790660273068,9.98170406645562,9.221237877110639,5.947711114230344,13.360232599720348,9.021695994179879,8.272846284319314,8.781766410416253,8.870526935325813,10.174038203711575,11.226095643200608,10.595068447819642,8.864938693964405,8.711953774872825,10.188903668042201,16.648997999686173,10.76311223133996,10.004237885842485,12.6426973681572,9.716031790275451,10.418866765998757,4.828787174592776,0.021766351108068984,0.03907626478590818,0.023958877085447947,0.012100301392611958,0.010940974427116097,0.023100484162990872,0.02549884893984252,0.010482221613560225,0.02566277678418616,0.01238663834457493,0.02785612467811608,0.06235795941198257,0.018907467831228292,0.03292062935905211,0.036369594202633214,0.016004708815163075,0.01494044414961999,0.010689722438905683,0.018627071443802424,0.017467339613696623,0.024603101596629526,0.035850184856254366,0.02385709614233499,0.022385040697021963,0.01931461946242224,0.008821991715473522,0.03848008553824293,0.040323076655015326,0.05470730777302304,0.017820150984832837
353,9.673834122251089,2.157186380975604,0.024426516443063206,8.230783579635045,7.2051046920475414,9.72795918379552,7.197291828615562,12.244142789835792,7.321331087905548,9.077213931123197,10.46597407321093,11.35790660273068,9.98170406645562,9.221237877110639,5.947711114230344,13.211876230151233,9.021695994179879,8.272846284319314,8.781766410416253,8.870526935325813,10.174038203711575,11.226095643200608,10.595068447819642,8.864938693964405,8.711953774872825,10.188903668042201,15.943219338625852,10.76311223133996,10.004237885842485,12.6426973681572,9.716031790275451,10.418866765998757,4.828787174592776,0.023219985320637314,0.040849714834043455,0.018508987853170296,0.021898359664330173,0.012479630238647378,0.03405120316311697,0.024639413793254895,0.008375190259484263,0.03531938665976055,0.01962331758912114,0.02495946064188102,0.054882301058096314,0.01795605356259469,0.028996538403879658,0.03059574121194017,0.020345307540324986,0.01920751674335388,0.016825756276015374,0.01563963542318812,0.013797142706201944,0.022196426891940006,0.026661368006989712,0.029170355810521634,0.015816724367567325,0.018722091880309717,0.00919134088328343,0.03526348300174027,0.026889026250922488,0.05300804171364671,0.013705991541932317
354,9.673834122251089,2.157186380975604,0.024996452506575322,8.230783579635045,7.2051046920475414,9.72795918379552,7.197291828615562,12.244142789835792,7.321331087905548,9.077213931123197,10.46597407321093,11.35790660273068,9.98170406645562,9.221237877110639,5.947711114230344,13.211876230151233,9.021695994179879,8.272846284319314,8.781766410416253,8.870526935325813,10.174038203711575,11.226095643200608,10.595068447819642,8.864938693964405,8.711953774872825,10.188903668042201,15.943219338625852,10.76311223133996,10.004237885842485,12.6426973681572,9.716031790275451,10.418866765998757,4.828787174592776,0.024810729230443272,0.039567923398904165,0.01775044965136307,0.02338520232809775,0.02174689165446137,0.03874569361748167,0.033588664631301994,0.008625525523037208,0.04171092882475975,0.017239692285147764,0.025315065361740538,0.04198909873556672,0.023964395815272484,0.01960716824502109,0.04014549382716496,0.027600714297881194,0.013807016123598649,0.02482039285322915,0.016068680902999777,0.021085479172872425,0.017686589607953624,0.026335789270978956,0.024216774508199625,0.013338033568355957,0.010724767849407082,0.011218635476006378,0.035330959962066824,0.02589757348662718,0.04876319500982146,0.014806049977497656
355,9.653236282256113,2.1221074254242525,0.02405037637258818,8.230783579635045,7.2051046920475414,9.72795918379552,7.197291828615562,12.244142789835792,7.31434580681605,9.077213931123197,10.298334561599745,11.35790660273068,9.98170406645562,9.136693587539241,5.947711114230344,13.211876230151233,9.021695994179879,8.272846284319314,8.781766410416253,8.870526935325813,10.174038203711575,11.226095643200608,10.595068447819642,8.864938693964405,8.711953774872825,10.188903668042201,15.584453221048705,10.76311223133996,10.004237885842485,12.6426973681572,9.716031790275451,10.418866765998757,4.828787174592776,0.02586004128862791,0.03611002885966587,0.020836743905365336,0.018364866330099837,0.023219504338805822,0.03690792476019938,0.03264844621329602,0.0075695049276240595,0.039954909752457655,0.02245202071639813,0.030756165602762998,0.037205585861970376,0.021282778256403963,0.01781213651949633,0.03448751136568265,0.01789820969068256,0.011732368417234013,0.02407688361008444,0.020083295667862357,0.026360509698956792,0.024189798430206282,0.019432240406699355,0.02709706283163963,0.01003200663448661,0.014679644604539334,0.007915979694580256,0.040545959399479595,0.01731957867545332,0.038384994780137696,0.016294589936747032
356,9.60408568422056,2.140017395706824,0.023907072221459765,8.230783579635045,7.2051046920475414,9.72795918379552,7.197291828615562,12.244142789835792,6.931581055166703,9.077213931123197,10.298334561599745,11.35790660273068,9.98170406645562,9.136693587539241,5.947711114230344,13.211876230151233,9.021695994179879,8.272846284319314,8.781766410416253,8.870526935325813,10.174038203711575,11.226095643200608,10.595068447819642,8.864938693964405,8.711953774872825,10.188903668042201,15.584453221048705,10.76311223133996,8.912484696425224,12.6426973681572,9.716031790275451,10.418866765998757,4.828787174592776,0.016980937422957046,0.03719656082398518,0.02007857416804101,0.013566655221376313,0.015435493788193557,0.043942276225439135,0.02767931624654306,0.0070750620523927134,0.03585206702479307,0.024663673619992263,0.03318653494444687,0.03177875664220447,0.02477817600885344,0.021967411182987766,0.03988522332386006,0.01403274700897571,0.01919942333875188,0.022738599087653213,0.02675459465006396,0.03326769467769492,0.014943478889715239,0.01797732117605567,0.03571257221717467,0.014498042896504991,0.005222729430281037,0.004842857295451779,0.04685903782325885,0.018453307809479954,0.02976130972690703,0.018881731919758105
357,9.579596918135246,2.0765163175364627,0.022694031678260247,8.21324903267697,7.2051046920475414,9.72795918379552,7.197291828615562,12.244142789835792,6.931581055166703,9.077213931123197,10.298334561599745,11.35790660273068,9.98170406645562,9.136693587539241,5.947711114230344,13.211876230151233,9.021695994179879,8.272846284319314,8.781766410416253,8.870526935325813,10.174038203711575,11.226095643200608,10.595068447819642,8.864938693964405,8.711953774872825,10.188903668042201,14.867324785447352,10.76311223133996,8.912484696425224,12.6426973681572,9.716031790275451,10.418866765998757,4.828787174592776,0.02137556483997027,0.037418850238403495,0.021677460312218493,0.0,0.014732808693504908,0.04217894600433549,0.016318044536124763,0.0076035151361716425,0.03993876419177058,0.018425085995840716,0.02984888492332533,0.03236370827862662,0.030707965575900935,0.0193254985334835,0.0378516946579244,0.019007151161017064,0.016639850792296507,0.015346657732119977,0.018993950723568895,0.026171749229647125,0.017022475329281323,0.02089682257503545,0.029541086969442132,0.014392818564056416,0.008440818431858252,0.00975874850885567,0.04219261453455772,0.013578712336479844,0.03726642965768256,0.021804271884307384
358,9.579596918135246,2.0765163175364627,0.02302352400735474,8.21324903267697,7.2051046920475414,9.72795918379552,7.197291828615562,12.244142789835792,6.931581055166703,9.077213931123197,10.298334561599745,11.35790660273068,9.98170406645562,9.136693587539241,5.947711114230344,13.211876230151233,9.021695994179879,8.272846284319314,8.781766410416253,8.870526935325813,10.174038203711575,11.226095643200608,10.595068447819642,8.864938693964405,8.711953774872825,10.188903668042201,14.867324785447352,10.76311223133996,8.912484696425224,12.6426973681572,9.716031790275451,10.418866765998757,4.828787174592776,0.025259595039940838,0.024777709146954305,0.024913450204005715,0.0,0.01611938575300803,0.03273511395438959,0.012734575264012704,0.015093551530092808,0.0427881610589819,0.015613180266942752,0.025209435688337604,0.03340320909631989,0.025555355156841156,0.02810417833220957,0.0380148523757265,0.015897912516938346,0.012666186307901431,0.007980426190620466,0.0250293339855511,0.028461879447670285,0.021481061402736815,0.02321232362854034,0.03030509615721362,0.020152044717039783,0.009825776217471762,0.014815669834057826,0.03883225184752946,0.014936586698273443,0.037551676678978255,0.029235741722355785
359,9.579596918135246,2.0765163175364627,0.0235807992681097,8.21324903267697,7.2051046920475414,9.72795918379552,7.197291828615562,12.244142789835792,6.931581055166703,9.077213931123197,10.298334561599745,11.35790660273068,9.98170406645562,9.136693587539241,5.947711114230344,13.211876230151233,9.021695994179879,8.272846284319314,8.781766410416253,8.870526935325813,10.174038203711575,11.226095643200608,10.595068447819642,8.864938693964405,8.711953774872825,10.188903668042201,14.867324785447352,10.76311223133996,8.912484696425224,12.6426973681572,9.716031790275451,10.418866765998757,4.828787174592776,0.024931689867707243,0.024941545515428567,0.028465020284708886,0.0006769344312507462,0.01565947917238977,0.03516663682411667,0.021077673457127036,0.019407265618807432,0.040575482874373736,0.02297161181327685,0.02676910801052786,0.02397430700112947,0.019338529295574846,0.019705395704332565,0.03754752394994226,0.01934685958133212,0.014329442328554,0.012007392598027664,0.029085029407224218,0.02501577084676672,0.019469412152749645,0.03049503055234166,0.024315671591097664,0.021655224925654065,0.018663647823398417,0.01990747727803471,0.03650106056655313,0.017239824059808843,0.037754873116593715,0.020429057394460395
360,9.560770870631602,2.0722365623985204,0.022974654425988793,8.21324903267697,7.2051046920475414,9.72795918379552,7.197291828615562,12.244142789835792,6.931581055166703,9.077213931123197,10.298334561599745,11.35790660273068,9.98170406645562,9.136693587539241,5.947711114230344,13.211876230151233,9.021695994179879,8.272846284319314,8.781766410416253,8.870526935325813,10.174038203711575,11.226095643200608,10.595068447819642,8.864938693964405,8.711953774872825,10.188903668042201,14.867324785447352,10.76311223133996,8.912484696425224,12.254264842218504,9.716031790275451,10.418866765998757,4.652438275422128,0.017513451823314072,0.019609093665062444,0.036533834515507145,0.0014509543541862881,0.012333628129623403,0.036569779259539185,0.014053133619062247,0.013872609489737293,0.020091547376417804,0.022342257624987656,0.015150853573421911,0.02645022122354435,0.01789500962269099,0.02743334608086595,0.03608006985059918,0.024428019477367176,0.021515517998126992,0.012804949673984245,0.02652615373010907,0.026262218007504782,0.023101826329362193,0.037517484891235874,0.021350365929032576,0.022485916046101458,0.01857652205938546,0.02125557251219019,0.04204444153232548,0.01669367645830439,0.037392420497774526,0.01990475742829948
361,9.560770870631602,2.0722365623985204,0.0216070130406827,8.21324903267697,7.2051046920475414,9.72795918379552,7.197291828615562,12.244142789835792,6.931581055166703,9.077213931123197,10.298334561599745,11.35790660273068,9.98170406645562,9.136693587539241,5.947711114230344,13.211876230151233,9.021695994179879,8.272846284319314,8.781766410416253,8.870526935325813,10.174038203711575,11.226095643200608,10.595068447819642,8.864938693964405,8.711953774872825,10.188903668042201,14.867324785447352,10.76311223133996,8.912484696425224,12.254264842218504,9.716031790275451,10.418866765998757,4.652438275422128,0.020127633214824536,0.020803230735141523,0.02765422748771135,0.0011814711943199292,0.0038680299597868457,0.039879602645654044,0.008292591336182353,0.014692122367034502,0.022015511532398575,0.022176959904906268,0.01602503349392964,0.020507275926966346,0.013021693299079755,0.027534618365522245,0.026360953557414718,0.010313350427900596,0.023336420212212532,0.0033555671776874913,0.029554870500629625,0.02668628222560768,0.0369349181507727,0.03311904190203843,0.024801899105953696,0.029902363513123545,0.022602959143916385,0.014046541345053083,0.037255793440628675,0.022657793924866138,0.03220536673808311,0.017296268391134587
362,9.512403001421557,2.0713907585603604,0.022170394399814344,8.21324903267697,7.2051046920475414,9.72795918379552,7.197291828615562,12.244142789835792,6.931581055166703,9.077213931123197,8.847298485298438,11.35790660273068,9.98170406645562,9.136693587539241,5.947711114230344,13.211876230151233,9.021695994179879,8.272846284319314,8.781766410416253,8.870526935325813,10.174038203711575,11.226095643200608,10.595068447819642,8.864938693964405,8.711953774872825,10.188903668042201,14.867324785447352,10.76311223133996,8.912484696425224,12.254264842218504,9.716031790275451,10.418866765998757,4.652438275422128,0.02113062285850706,0.021609758900395522,0.032467269283372194,0.0024114477861219047,0.012859757681519798,0.04827564696840582,0.019163374399371706,0.01709744916603843,0.01760070139590662,0.024883927221105242,0.019942952520980554,0.025502786321877895,0.01007710374883477,0.02527088656966936,0.019082867992096436,0.0017217121235544523,0.01686437746726916,0.013250296389576918,0.03216563346355314,0.02769668015124804,0.03647925325553431,0.030863585587194573,0.028517341869198402,0.030893173968902607,0.01629719429757106,0.020325270469337308,0.02988805942531028,0.016356788375269257,0.031800516987534944,0.014615395349172743
363,9.482191634259317,2.0795905787363016,0.021751254846185567,8.21324903267697,7.2051046920475414,9.72795918379552,7.197291828615562,12.244142789835792,6.931581055166703,9.077213931123197,8.847298485298438,11.35790660273068,9.69529042877383,9.136693587539241,5.747320149686345,13.211876230151233,9.021695994179879,8.272846284319314,8.781766410416253,8.870526935325813,10.005789574311677,11.226095643200608,10.595068447819642,8.864938693964405,8.711953774872825,10.188903668042201,14.867324785447352,10.76311223133996,8.912484696425224,12.254264842218504,9.464744007033914,10.418866765998757,4.652438275422128,0.026496233645571653,0.02236343677272149,0.0327677125988626,0.003663169071090077,0.009066296830417743,0.03975692257573347,0.025911158083553182,0.0216533574252649,0.018980857691461666,0.025203147893844396,0.02223388995325217,0.027440165633168468,0.009912898673653019,0.02409615557673707,0.015684157017174308,0.007387942556764636,0.017458343607884223,0.009626926449557175,0.030260694746583085,0.02000314076883783,0.028585056682224195,0.02635819912994299,0.018495507902753446,0.03434791538216562,0.01639984552945387,0.021147451182991602,0.03350798532979128,0.01451854608266746,0.032892365825396674,0.01631816476604688
364,9.421539433597951,2.071766022277891,0.021476132479609087,8.21324903267697,7.2051046920475414,9.72795918379552,7.197291828615562,12.229497305447182,6.931581055166703,9.077213931123197,8.847298485298438,11.35790660273068,8.803525322853147,9.136693587539241,5.747320149686345,13.211876230151233,9.021695994179879,8.272846284319314,8.781766410416253,8.870526935325813,10.005789574311677,11.226095643200608,9.681913018287958,8.864938693964405,8.711953774872825,10.188903668042201,14.867324785447352,10.76311223133996,8.912484696425224,12.254264842218504,9.464744007033914,10.418866765998757,4.652438275422128,0.021856197898686758,0.028620557771639656,0.033248812760789934,0.0,0.014620336826430295,0.031135271436252956,0.016143125379076948,0.012513233811708904,0.026881555353617644,0.02389464468289653,0.02948756082306075,0.022760295687643137,0.01735614482525309,0.020796208618972523,0.016788729119919667,0.013504669345591714,0.011862032754483744,0.008751641165906496,0.02439149168862651,0.024433278216577457,0.026340527146369065,0.027073209927433676,0.015830112633226034,0.02729771437107858,0.008433985596087655,0.02849498839963762,0.03004927660713425,0.012129831556752088,0.04896522040741038,0.020623319576008502
365,9.419704682632265,2.0709061735179537,0.021573649062200304,8.21324903267697,7.2051046920475414,9.72795918379552,7.197291828615562,12.229497305447182,6.931581055166703,9.077213931123197,8.847298485298438,11.35790660273068,8.803525322853147,9.136693587539241,5.747320149686345,13.211876230151233,9.021695994179879,8.272846284319314,8.781766410416253,8.870526935325813,10.005789574311677,11.226095643200608,9.681913018287958,8.864938693964405,8.711953774872825,10.188903668042201,14.867324785447352,10.76311223133996,8.912484696425224,12.254264842218504,9.464744007033914,10.363824237028155,4.652438275422128,0.0201131612071762,0.02777038846794065,0.0251207852142245,0.0,0.016160451358646133,0.03276186970696616,0.01814328259359142,0.015883735999170593,0.026502496636631952,0.02781707037078149,0.028601275375706985,0.024592827740733302,0.022003673200210114,0.020708472346280756,0.01284183689949464,0.022765426930437642,0.006461573932802033,0.01454835826642313,0.01757389054855908,0.015488203617372786,0.024838256380521874,0.03126822491947671,0.013068948667119102,0.0286773377688171,0.012096296133040085,0.029195894460741074,0.026954272396294676,0.01355591881005458,0.04372525111278318,0.027970290804011075
366,9.345631935291562,2.0978740841191903,0.021271802276813405,8.21324903267697,7.2051046920475414,8.46083603046884,7.197291828615562,12.229497305447182,6.931581055166703,9.077213931123197,8.847298485298438,11.35790660273068,8.803525322853147,9.136693587539241,5.747320149686345,13.211876230151233,9.021695994179879,8.272846284319314,7.933949535213628,8.870526935325813,10.005789574311677,11.226095643200608,9.681913018287958,8.864938693964405,8.711953774872825,10.188903668042201,14.867324785447352,10.76311223133996,8.912484696425224,12.254264842218504,9.452352263087903,10.363824237028155,4.557587627676412,0.0231437225775175,0.02111973360951358,0.016224288600172027,0.0,0.006138565208307361,0.036673800591758836,0.019925555831179706,0.01382954827554251,0.026886314312297727,0.02649298587981077,0.018293615236901213,0.025723063883132394,0.016520055820573046,0.01855145364980128,0.010800008543836413,0.020754582534092805,0.01630841378235254,0.019647332297863206,0.018118399912035097,0.020361167501675378,0.029509123362322975,0.028648450863012303,0.01358456784233326,0.03441817477039898,0.011507350194113482,0.024688547108294673,0.025257467495893228,0.024518544200167615,0.04179562502301481,0.028713609396487465
367,9.345631935291562,2.0978740841191903,0.022751747041235077,8.21324903267697,7.2051046920475414,8.46083603046884,7.197291828615562,12.229497305447182,6.931581055166703,9.077213931123197,8.847298485298438,11.35790660273068,8.803525322853147,9.136693587539241,5.747320149686345,13.211876230151233,9.021695994179879,8.272846284319314,7.933949535213628,8.870526935325813,10.005789574311677,11.226095643200608,9.681913018287958,8.864938693964405,8.711953774872825,10.188903668042201,14.867324785447352,10.76311223133996,8.912484696425224,12.254264842218504,9.452352263087903,10.363824237028155,4.557587627676412,0.029100183071748283,0.030158653562952265,0.0158305472030498,0.0022704677044817234,0.018148630754209267,0.0423322215930681,0.017481334951652824,0.021991582306748962,0.018901642841809327,0.023832150774195714,0.015785622108933518,0.02645199465853071,0.014215519538877402,0.028250829793724605,0.015191978106829828,0.018718064969953714,0.014117949668281298,0.02303157399240913,0.011605486803055379,0.027781136642436678,0.02776469871556393,0.02543979714979622,0.011537925398280743,0.030931121323459744,0.014640830697088377,0.02426722801925166,0.019987989552003288,0.035610240162234054,0.04303432956641639,0.03414067960600955
368,9.336369929900583,2.086946749086037,0.02315900808613182,8.21324903267697,7.2051046920475414,8.46083603046884,7.197291828615562,12.229497305447182,6.931581055166703,9.077213931123197,8.847298485298438,11.35790660273068,8.803525322853147,9.136693587539241,5.747320149686345,13.211876230151233,9.021695994179879,8.272846284319314,7.933949535213628,8.870526935325813,10.005789574311677,11.226095643200608,9.681913018287958,8.864938693964405,8.711953774872825,10.188903668042201,14.867324785447352,10.696733643096877,8.912484696425224,12.042783268732194,9.452352263087903,10.363824237028155,4.557587627676412,0.04072915325712322,0.023713191134936102,0.019690650642613775,0.014483608606856123,0.015358097667912475,0.02988920361481658,0.01998396368320375,0.021409167053862387,0.026889359954504772,0.021790048457196533,0.021813566407179196,0.022431742296680615,0.009653780373345243,0.026727005845624815,0.0230198838409105,0.02484363006971113,0.014869524138105862,0.02143316608024139,0.01623546774375964,0.03118252494981381,0.026719019287772497,0.019309388335099924,0.015817272619389,0.027852255364538978,0.01046560036348653,0.019526186368432168,0.02035160069928743,0.03752352383141159,0.03699386859877926,0.034064791297359294
369,9.33509154664701,2.088430657412643,0.021887781779558253,8.21324903267697,7.2051046920475414,8.46083603046884,7.197291828615562,12.229497305447182,6.8932295575594935,9.077213931123197,8.847298485298438,11.35790660273068,8.803525322853147,9.136693587539241,5.747320149686345,13.211876230151233,9.021695994179879,8.272846284319314,7.933949535213628,8.870526935325813,10.005789574311677,11.226095643200608,9.681913018287958,8.864938693964405,8.711953774872825,10.188903668042201,14.867324785447352,10.696733643096877,8.912484696425224,12.042783268732194,9.452352263087903,10.363824237028155,4.557587627676412,0.04560596124514272,0.0215308986143305,0.010896695309993749,0.016205052502036323,0.017107776554508985,0.023783402281902857,0.02504356326856686,0.021099427333328234,0.02340634294375131,0.016302701406742132,0.01883902112049432,0.021433874007604433,0.01310115484244016,0.03085338256323918,0.01323996829800404,0.02840356387537459,0.030275342159647996,0.014565017926337884,0.020249338130218092,0.0305342150338923,0.02629195496403701,0.01658187289474952,0.01001943540365041,0.027958655779960404,0.009365249586570824,0.01600433014736321,0.01658427179204944,0.031226979760861636,0.033233700984980435,0.026890302654967908
370,9.32505757861627,2.091471096072379,0.02278133705460754,8.21324903267697,7.2051046920475414,8.46083603046884,7.197291828615562,12.229497305447182,6.8932295575594935,9.077213931123197,8.546279444376239,11.35790660273068,8.803525322853147,9.136693587539241,5.747320149686345,13.211876230151233,9.021695994179879,8.272846284319314,7.933949535213628,8.870526935325813,10.005789574311677,11.226095643200608,9.681913018287958,8.864938693964405,8.711953774872825,10.188903668042201,14.867324785447352,10.696733643096877,8.912484696425224,12.042783268732194,9.452352263087903,10.363824237028155,4.557587627676412,0.042226730163942953,0.016689495679439233,0.009693205079192257,0.03173165259614149,0.01728061372197242,0.029741369027228952,0.032865304789066824,0.015857603492624685,0.022226559714990348,0.01366051900282765,0.01861706482959503,0.028089512678503854,0.02279591662370744,0.037211804551879384,0.006263481749589866,0.026153286055978074,0.025083675008353772,0.0045613426411052396,0.025568013785656558,0.032566655795055896,0.025833939752110627,0.014359177360936384,0.023759999726583297,0.017057664110529065,0.012021743795151465,0.013543272811134705,0.01698148174292814,0.041517654007768016,0.03493917539384285,0.024542195950389787
371,9.29923694672254,2.072538005309758,0.02221270744810536,8.21324903267697,7.2051046920475414,8.46083603046884,7.197291828615562,12.229497305447182,6.8932295575594935,9.077213931123197,8.546279444376239,11.35790660273068,8.803525322853147,9.136693587539241,5.747320149686345,13.211876230151233,9.021695994179879,8.272846284319314,7.933949535213628,8.870526935325813,10.005789574311677,10.45147668638873,9.681913018287958,8.864938693964405,8.711953774872825,10.188903668042201,14.867324785447352,10.696733643096877,8.912484696425224,12.042783268732194,9.452352263087903,10.363824237028155,4.557587627676412,0.04092535520060749,0.016055300598626917,0.00888546121925061,0.039665803311484164,0.018758024211857672,0.024473222821292783,0.02208258737852711,0.017977869551694697,0.028657323266627736,0.010600255505208966,0.01976334218661813,0.02647983141995497,0.019426145663303303,0.032346380939443135,0.0,0.029218942679383887,0.024392876743928114,0.005805118419099727,0.026057941494173703,0.020632291487716125,0.0227419620331963,0.012067294140957863,0.02422638423967542,0.022848414432133334,0.016550847249133478,0.02157811932349461,0.016055270053865225,0.035357368219005626,0.03228070871468024,0.03047078093821944
372,9.285635058239913,2.055758811474264,0.022813155488191364,8.21324903267697,7.2051046920475414,8.46083603046884,7.197291828615562,12.229497305447182,6.8932295575594935,9.077213931123197,8.546279444376239,11.35790660273068,8.803525322853147,9.136693587539241,5.747320149686345,13.211876230151233,9.021695994179879,8.272846284319314,7.933949535213628,8.870526935325813,10.005789574311677,10.45147668638873,9.681913018287958,8.864938693964405,8.711953774872825,10.188903668042201,14.867324785447352,10.696733643096877,8.912484696425224,11.634726614253395,9.452352263087903,10.363824237028155,4.557587627676412,0.0362369113953747,0.01678319133943719,0.01666618749974746,0.038084417436091415,0.02653583973700483,0.02721805604738763,0.02401506924216952,0.020128379653236224,0.0237544693100059,0.009513168657567057,0.021902661187064774,0.020553707022547198,0.015309474430665186,0.03237094097174292,0.003016120976172668,0.027426971896479753,0.027652647455704286,0.011144397876357827,0.026835514510680555,0.006540605644672254,0.013375466311757738,0.015915261417436866,0.023731940559206206,0.02136109772684294,0.019527751688047525,0.03154436077975069,0.022008076850119195,0.04428506696018764,0.03452032103486464,0.02643658902741817
373,9.24272929542241,2.1076091480270653,0.02174135458708288,8.21324903267697,6.001843209936055,8.46083603046884,7.197291828615562,12.229497305447182,6.8932295575594935,9.077213931123197,8.546279444376239,11.35790660273068,8.803525322853147,9.136693587539241,5.747320149686345,13.211876230151233,9.021695994179879,8.272846284319314,7.933949535213628,8.786615532912208,10.005789574311677,10.45147668638873,9.681913018287958,8.864938693964405,8.711953774872825,10.188903668042201,14.867324785447352,10.696733643096877,8.912484696425224,11.634726614253395,9.452352263087903,10.363824237028155,4.557587627676412,0.03275806426515423,0.011612189212109996,0.006595460492995574,0.03134153954611363,0.018010030169172936,0.027377426457544037,0.026343942399953385,0.028733236755594783,0.025612366435745944,0.0069780822563143535,0.014394828643255461,0.021259683480348793,0.010480297233688977,0.02851865353201173,0.011206120100999476,0.027621206233323193,0.029318048001704764,0.01303803533778074,0.0348107982975619,0.0024866923549374275,0.011650576272837474,0.01179650999683708,0.02484235695121654,0.02837657959320035,0.018266569215484783,0.02871322178914794,0.028960198161003554,0.0413913313889653,0.038308037851486544,0.011438555185995502
374,9.24272929542241,2.1076091480270653,0.02212467179093137,8.21324903267697,6.001843209936055,8.46083603046884,7.197291828615562,12.229497305447182,6.8932295575594935,9.077213931123197,8.546279444376239,11.35790660273068,8.803525322853147,9.136693587539241,5.747320149686345,13.211876230151233,9.021695994179879,8.272846284319314,7.933949535213628,8.786615532912208,10.005789574311677,10.45147668638873,9.681913018287958,8.864938693964405,8.711953774872825,10.188903668042201,14.867324785447352,10.696733643096877,8.912484696425224,11.634726614253395,9.452352263087903,10.363824237028155,4.557587627676412,0.029884408477568642,0.01343461768925114,0.013166406118382627,0.026971551109691853,0.011828347379623837,0.0290314122127474,0.012989162920863459,0.028765483389653092,0.023401532686850055,0.013319414995414445,0.020952390724064275,0.02128240754218431,0.015155209794439593,0.021094877943689177,0.013691328615712968,0.026525827498572446,0.02911274227908038,0.011611234512588378,0.03938455694246799,0.01703644148472113,0.009891526133773015,0.011342096270084277,0.023458192003644657,0.026309342051621817,0.018724702453215274,0.03518185091491594,0.027737891994133963,0.044270283064363744,0.03516350508796967,0.013021409436651567
375,9.230135395405625,2.104864315286276,0.0219526713564245,8.21324903267697,6.001843209936055,8.46083603046884,7.197291828615562,12.229497305447182,6.8932295575594935,9.077213931123197,8.546279444376239,11.35790660273068,8.803525322853147,8.960126350381017,5.747320149686345,13.211876230151233,9.021695994179879,8.272846284319314,7.933949535213628,8.786615532912208,10.005789574311677,10.45147668638873,9.681913018287958,8.864938693964405,8.711953774872825,10.188903668042201,14.867324785447352,10.696733643096877,8.912484696425224,11.634726614253395,9.452352263087903,10.16257447368281,4.557587627676412,0.02770439509080529,0.01715391409892568,0.01425148501865702,0.030582541580072602,0.01261222919724701,0.025023477860940724,0.015448401606090926,0.030345274635864606,0.026075886619959646,0.01456322774899146,0.01891531101357938,0.019582044965208635,0.011535480833994293,0.024408957278990707,0.027261369077067447,0.02600120389101772,0.015378971191173891,0.0069213722654615705,0.04461239813780952,0.01954849811612915,0.009391378081948202,0.011881998803010855,0.016450437304334133,0.02817812756443608,0.013281561851355336,0.03307819722518025,0.026903264773292128,0.041575009277576395,0.03523218473005686,0.014681540853557573
376,9.20372956268771,2.112269535293971,0.020892289254569225,8.21324903267697,6.001843209936055,8.46083603046884,7.197291828615562,12.229497305447182,6.8932295575594935,9.077213931123197,8.546279444376239,11.35790660273068,8.803525322853147,8.960126350381017,5.747320149686345,13.211876230151233,8.229521012642465,8.272846284319314,7.933949535213628,8.786615532912208,10.005789574311677,10.45147668638873,9.681913018287958,8.864938693964405,8.711953774872825,10.188903668042201,14.867324785447352,10.696733643096877,8.912484696425224,11.634726614253395,9.452352263087903,10.16257447368281,4.557587627676412,0.024028326664032262,0.02135214253159175,0.013308534005456361,0.03564171318951079,0.012903809568088377,0.01900391996789604,0.011589473406162674,0.024303965560267503,0.032281927886828946,0.017234868131781215,0.014068949101696048,0.01904063032910475,0.01701268457663156,0.02355558313051465,0.027766146306572637,0.03353339124454519,0.012808842831355896,0.013006418302480154,0.024070228646119424,0.01715801355791405,0.0030962563860863278,0.01489302481960073,0.010416243564743825,0.022438274219755715,0.014302847963956264,0.02677479521721375,0.03035189756582283,0.04355131405989576,0.04083257907400284,0.006441875827448474
377,9.190677228332108,2.1160603943015075,0.02010858037811656,8.21324903267697,6.001843209936055,8.46083603046884,7.197291828615562,12.229497305447182,6.891236224599538,9.077213931123197,8.546279444376239,11.35790660273068,8.803525322853147,8.960126350381017,5.747320149686345,13.211876230151233,8.229521012642465,8.272846284319314,7.933949535213628,8.397038835204057,10.005789574311677,10.45147668638873,9.681913018287958,8.864938693964405,8.711953774872825,10.188903668042201,14.867324785447352,10.696733643096877,8.912484696425224,11.634726614253395,9.452352263087903,10.16257447368281,4.557587627676412,0.025772652193317095,0.02178878913982412,0.011868374319412716,0.03143659157643151,0.012566410557768715,0.017775894650681842,0.012206606023807182,0.023584199180281984,0.034059247644562925,0.025997315062335186,0.009289779875518227,0.010571849626142299,0.006446366591745079,0.023958459352304975,0.02910624089328573,0.03383307010913313,0.010995713884642194,0.012530614951906108,0.019111554421529293,0.01529300443731644,0.0047373730087073435,0.014349090401649977,0.0018829820308773994,0.014045834466380327,0.018112428369416497,0.0345978716101779,0.031198651845342363,0.046561430213356486,0.038783634573507975,0.010795380332133786
378,9.146446694919158,2.095900096999883,0.020819493781825973,8.21324903267697,6.001843209936055,8.46083603046884,7.197291828615562,11.639901034303989,6.891236224599538,9.077213931123197,8.546279444376239,11.35790660273068,8.803525322853147,8.960126350381017,5.747320149686345,13.211876230151233,8.229521012642465,8.272846284319314,7.933949535213628,8.397038835204057,10.005789574311677,10.45147668638873,9.681913018287958,8.864938693964405,8.09624991977995,10.188903668042201,14.867324785447352,10.696733643096877,8.912484696425224,11.634726614253395,9.452352263087903,10.040958597530391,4.557587627676412,0.02840918199812849,0.021333985607688708,0.017779130792507043,0.022655270884350875,0.017032055636703788,0.022459204931662636,0.009515563344670575,0.02705104756630887,0.04142757430639573,0.02429307446951165,0.002524625118985746,0.022019657523488053,0.019090112095095858,0.014934007923002257,0.02725024691763929,0.026812373821079614,0.009724166820147472,0.00990164008938909,0.01432588693220481,0.02056448831829238,0.017818522730675548,0.022707197548477446,0.011207116512877141,0.0075098372467549,0.01222010724548753,0.033281445747627085,0.03392047386693978,0.037462233387680226,0.030618063102898767,0.01873652096810795
379,9.112025741448013,2.025062011188887,0.0219965597610025,8.21324903267697,6.001843209936055,8.46083603046884,7.197291828615562,11.576945363659945,6.891236224599538,9.077213931123197,8.546279444376239,11.35790660273068,8.803525322853147,8.960126350381017,5.747320149686345,13.211876230151233,8.079775773939673,8.272846284319314,7.933949535213628,8.397038835204057,10.005789574311677,10.45147668638873,9.681913018287958,8.864938693964405,8.09624991977995,10.188903668042201,14.047397090659842,10.696733643096877,8.912484696425224,11.634726614253395,9.452352263087903,10.040958597530391,4.557587627676412,0.017491431686263246,0.01986108452590571,0.012101652625716315,0.010510572520416157,0.027252299999097576,0.01984843729076727,0.008157098315334663,0.025928480454155595,0.04605858308666819,0.029925010843606818,0.007337706492299389,0.02196570104891024,0.029524292401796923,0.018647703166432977,0.027484594866282686,0.02932974738916316,0.009470002926481763,0.010360727948734771,0.010290755438957397,0.024669141814726108,0.030652102495447444,0.019431324716621064,0.01815734575977573,0.006292023358682484,0.01820069367349629,0.028471966216241547,0.04247086717388607,0.029270381247675725,0.03452486735176849,0.02621019599476306
380,9.077893051643915,1.9669009696559352,0.022652184548354822,8.21324903267697,6.001843209936055,8.46083603046884,7.197291828615562,11.576945363659945,6.891236224599538,9.077213931123197,8.546279444376239,11.35790660273068,8.750460643801205,8.960126350381017,5.747320149686345,12.251203461731734,8.079775773939673,8.272846284319314,7.933949535213628,8.397038835204057,10.005789574311677,10.45147668638873,9.67166977163646,8.864938693964405,8.09624991977995,10.188903668042201,14.047397090659842,10.696733643096877,8.912484696425224,11.634726614253395,9.452352263087903,10.040958597530391,4.557587627676412,0.011104798893732056,0.014157093768593374,0.010720189732766642,0.008309752059012833,0.018773885329846765,0.027894444717315517,0.015446928182218832,0.035621345986977256,0.039351856167933956,0.020612567532345652,0.015651899548083666,0.02506375541468608,0.019273885491699953,0.02104702874394666,0.03781088762783297,0.03101368832281083,0.009441892197372188,0.010339085810233052,0.007499387911690093,0.023108365890507115,0.03369767468076259,0.030550735177420196,0.025765396775048202,0.01692722576551585,0.02006468074537211,0.022431130900143384,0.05199059782582439,0.020741808339965875,0.029440918154661853,0.02571262875632473
381,9.067067930419366,1.965703590563607,0.024905125209984738,8.21324903267697,6.001843209936055,8.46083603046884,7.197291828615562,11.576945363659945,6.891236224599538,9.077213931123197,8.546279444376239,11.35790660273068,8.750460643801205,8.960126350381017,5.747320149686345,12.251203461731734,8.079775773939673,8.272846284319314,7.933949535213628,8.397038835204057,10.005789574311677,10.45147668638873,9.67166977163646,8.864938693964405,8.09624991977995,10.188903668042201,14.047397090659842,10.696733643096877,8.912484696425224,11.634726614253395,9.127598626351414,10.040958597530391,4.557587627676412,0.018934609984540787,0.018317724634583653,0.01010736000461413,0.014558948246312181,0.023785336999142117,0.03645058360344291,0.016470817235815425,0.037888772214188564,0.04312783212872146,0.015814082903691865,0.020287663848296517,0.03179372596760033,0.019627839112247664,0.0333267324837226,0.03000291284259192,0.02327213601770131,0.019267706327686783,0.01676581638769532,0.01698766069654386,0.008946416028539716,0.03978737588798446,0.02286027395024138,0.02122013678975422,0.01804157140617652,0.013829287264470653,0.02707071234515138,0.06335123076324649,0.026414437310359595,0.0330383899440995,0.025805662970378906
382,9.042766780243092,1.9850573126075441,0.023768486553144102,8.21324903267697,6.001843209936055,8.46083603046884,6.72268588041544,11.576945363659945,6.891236224599538,9.077213931123197,8.546279444376239,11.35790660273068,8.750460643801205,8.960126350381017,5.747320149686345,12.251203461731734,8.079775773939673,8.272846284319314,7.933949535213628,8.397038835204057,9.94707165367987,10.45147668638873,9.67166977163646,8.864938693964405,7.900539283323667,10.188903668042201,14.047397090659842,10.696733643096877,8.912484696425224,11.634726614253395,9.127598626351414,10.040958597530391,4.557587627676412,0.023926369961382615,0.013896533870584135,0.007863950069113222,0.018108870952041695,0.022060129574966187,0.03231342769071808,0.009899700266723717,0.03366939727478847,0.03550885412745859,0.011622171771844849,0.020015745532166934,0.023898495444396824,0.01850049968395204,0.035260516663826805,0.022804035677052525,0.023442719089002997,0.018942159281144504,0.022694353867732497,0.01750832788491696,0.007642356669480683,0.04498958028077993,0.022988000111635057,0.017679648740253597,0.012493630924554574,0.018290805043776642,0.01762791306609427,0.060489109734712485,0.036030642074155475,0.037512351549983815,0.025374299715082833
383,9.021721067996321,1.987391903779124,0.021663334521047014,8.21324903267697,6.001843209936055,8.46083603046884,6.72268588041544,11.576945363659945,6.891236224599538,9.077213931123197,8.546279444376239,11.35790660273068,8.750460643801205,8.960126350381017,5.747320149686345,12.251203461731734,8.079775773939673,8.272846284319314,7.933949535213628,8.397038835204057,9.94707165367987,10.45147668638873,9.67166977163646,8.864938693964405,7.900539283323667,10.188903668042201,14.047397090659842,10.696733643096877,8.912484696425224,11.634726614253395,8.496227258948295,10.040958597530391,4.557587627676412,0.02641600410408436,0.018162778772632213,0.01010249814247504,0.014754983021895443,0.027034925643983305,0.02753310761283615,0.004674660479291149,0.03012068761719031,0.03669218595194057,0.004662452582738506,0.024764997169960903,0.010342622995487423,0.011780029431806562,0.03027255583663166,0.020961648365841752,0.024019447119073736,0.023133133925079475,0.012359574799251703,0.02115288458287454,0.014636244002394829,0.040194204869570566,0.017853519239840868,0.010243615437317463,0.00783969611279059,0.015014761484954477,0.012427632950422667,0.0646220536405676,0.03752713937340669,0.030114523836871205,0.02048546652819877
384,9.021721067996321,1.987391903779124,0.02281533311758915,8.21324903267697,6.001843209936055,8.46083603046884,6.72268588041544,11.576945363659945,6.891236224599538,9.077213931123197,8.546279444376239,11.35790660273068,8.750460643801205,8.960126350381017,5.747320149686345,12.251203461731734,8.079775773939673,8.272846284319314,7.933949535213628,8.397038835204057,9.94707165367987,10.45147668638873,9.67166977163646,8.864938693964405,7.900539283323667,10.188903668042201,14.047397090659842,10.696733643096877,8.912484696425224,11.634726614253395,8.496227258948295,10.040958597530391,4.557587627676412,0.017351794264338815,0.0211238235658373,0.015478539530699135,0.018792719922923973,0.02661459368442679,0.02228075306194736,0.005437046073012549,0.035026557075549594,0.029449873870704014,0.012562917783782138,0.018091859839942524,0.018600639614729044,0.015366550426500989,0.029373250173986887,0.018189363160029583,0.029553922686690173,0.023507263812873165,0.02849159588577667,0.01925069619829828,0.01471188538248165,0.03779966973551171,0.01634239574659229,0.007638225372017457,0.011577876078055313,0.016246723008004973,0.012514629050988676,0.06327182685940168,0.04071132356149695,0.03308224818101104,0.026019429920063793
385,8.976933278213233,1.9439684460651963,0.02355648617982527,8.21324903267697,6.001843209936055,8.46083603046884,6.72268588041544,10.233311670167268,6.891236224599538,9.077213931123197,8.546279444376239,11.35790660273068,8.750460643801205,8.960126350381017,5.747320149686345,12.251203461731734,8.079775773939673,8.272846284319314,7.933949535213628,8.397038835204057,9.94707165367987,10.45147668638873,9.67166977163646,8.864938693964405,7.900539283323667,10.188903668042201,14.047397090659842,10.696733643096877,8.912484696425224,11.634726614253395,8.496227258948295,10.040958597530391,4.557587627676412,0.01957304184369152,0.03519673078549587,0.014875910110124464,0.022933248160673946,0.028780983421578143,0.027743772813131076,0.016176604764875004,0.04565344332945974,0.03380791711219212,0.02191352950245424,0.020373396986545878,0.02551136641184963,0.015415499586353387,0.03194803297420547,0.02208492435872797,0.026931071782533823,0.023759689376416038,0.018690147269215994,0.0188922738548395,0.014662695178289728,0.036015632137296194,0.01411824575431518,0.0014588727066340466,0.004497327107003956,0.011447478300462943,0.02009735548887304,0.05641816055717346,0.026968289774111334,0.024610102207346534,0.02613884173888814
386,8.87573912485399,1.8258490754086871,0.02103893324335006,8.21324903267697,6.001843209936055,8.46083603046884,6.72268588041544,10.233311670167268,6.891236224599538,9.077213931123197,8.546279444376239,10.5904104292934,8.750460643801205,8.960126350381017,5.747320149686345,12.251203461731734,8.079775773939673,8.272846284319314,7.933949535213628,8.397038835204057,9.94707165367987,10.45147668638873,9.67166977163646,8.535115565204933,7.900539283323667,9.20271747173615,13.095077988385356,10.696733643096877,8.912484696425224,11.634726614253395,8.496227258948295,10.040958597530391,4.557587627676412,0.017721444162472354,0.03635416751238439,0.012586906371746313,0.023453659138872943,0.017409292730533064,0.02098270075978188,0.013961247327931957,0.03443484713146584,0.02826766539454709,0.012255136829865261,0.015261293865156665,0.02666209270641099,0.012919348572976386,0.0308601315352231,0.02537004316704487,0.027295498565305876,0.030450381721738685,0.009425685577517382,0.010500983479741202,0.020362314636480517,0.025553612937021086,0.008707144169945724,0.0008716655140276783,0.010994824274271574,0.01545910749036622,0.02101270765049535,0.058652532039343994,0.02325110696013907,0.01969422071596539,0.02043623436172889
387,8.87573912485399,1.8258490754086871,0.021832373064336996,8.21324903267697,6.001843209936055,8.46083603046884,6.72268588041544,10.233311670167268,6.891236224599538,9.077213931123197,8.546279444376239,10.5904104292934,8.750460643801205,8.960126350381017,5.747320149686345,12.251203461731734,8.079775773939673,8.272846284319314,7.933949535213628,8.397038835204057,9.94707165367987,10.45147668638873,9.67166977163646,8.535115565204933,7.900539283323667,9.20271747173615,13.095077988385356,10.696733643096877,8.912484696425224,11.634726614253395,8.496227258948295,10.040958597530391,4.557587627676412,0.02276117304938775,0.04050573903136013,0.011419280594539349,0.02192058882355854,0.018442540735839355,0.020421059586381306,0.013531853464300308,0.030787651776625145,0.028386371795217538,0.019174388614010433,0.015807023252559393,0.028809142835518702,0.00997965984435149,0.02838917478521648,0.03999195527249935,0.029931874378011543,0.03083412346986104,0.011229957845034003,0.004132925343549994,0.023920868732707972,0.0198715505672801,0.01821261752104675,0.00647689189986465,0.011681166021773154,0.010401534496823524,0.02739314281025763,0.05185571195910005,0.03057356564874436,0.017347034225902724,0.010780623548787139
388,8.833939407548161,1.7758784661667872,0.02179176890761814,8.21324903267697,6.001843209936055,8.46083603046884,6.72268588041544,10.233311670167268,6.891236224599538,9.077213931123197,8.546279444376239,10.5904104292934,8.750460643801205,8.960126350381017,5.747320149686345,12.251203461731734,8.079775773939673,8.272846284319314,7.933949535213628,8.397038835204057,9.94707165367987,10.45147668638873,9.67166977163646,8.535115565204933,7.900539283323667,9.20271747173615,13.095077988385356,10.696733643096877,8.912484696425224,10.380735095078535,8.496227258948295,10.040958597530391,4.557587627676412,0.02792837012056636,0.04653539257311006,0.015435322238713071,0.021311191252930566,0.01837452668380741,0.01572542354926491,0.008019835426515819,0.023883923271742505,0.023324461172051888,0.024874999184681706,0.021053131672927147,0.025884538601510246,0.01856113773811878,0.022213333963656524,0.04182531494693396,0.02155596833714004,0.027219768327101164,0.01779222378014746,0.006208276848449898,0.023993273713622757,0.017343670268805754,0.01823302740786225,0.005566052856634519,0.011681967931492567,0.009697990009961388,0.016745444147187837,0.048890983120114556,0.028924174820021225,0.02180470392574099,0.02314463933773088
389,8.821083989777458,1.77832612899755,0.021440627264693885,8.21324903267697,6.001843209936055,8.46083603046884,6.72268588041544,10.233311670167268,6.891236224599538,8.996335968170342,8.546279444376239,10.5904104292934,8.750460643801205,8.960126350381017,5.747320149686345,12.251203461731734,8.079775773939673,8.272846284319314,7.933949535213628,8.397038835204057,9.94707165367987,10.45147668638873,9.67166977163646,8.535115565204933,7.900539283323667,9.20271747173615,13.095077988385356,10.696733643096877,8.912484696425224,10.380735095078535,8.191442688780057,10.040958597530391,4.557587627676412,0.027461949940506637,0.04250160923044449,0.013475619235466956,0.029317914762152286,0.02350380991620231,0.0161377073418375,0.012838954623821508,0.02678997425920172,0.010947293410513826,0.018717465067636257,0.02342720292166381,0.022430922814033534,0.016084775798044532,0.012211352347051846,0.03778671875469126,0.02315903036993931,0.026091904800652724,0.018323020739577485,0.009654632116039114,0.01772714881652843,0.006442085947756582,0.02524710527457856,0.01823569590091757,0.012330794168496485,0.0175090881034223,0.019028015842257027,0.0440747207018045,0.02790139902688805,0.015503123968009817,0.028357781740680234
390,8.80136941794631,1.7692847075508384,0.02286184239329483,8.21324903267697,6.001843209936055,8.46083603046884,6.72268588041544,10.233311670167268,6.891236224599538,8.959687031124588,8.546279444376239,10.5904104292934,8.750460643801205,8.960126350381017,5.747320149686345,12.251203461731734,8.010477738888483,8.272846284319314,7.933949535213628,8.397038835204057,9.94707165367987,10.45147668638873,9.67166977163646,8.535115565204933,7.900539283323667,9.20271747173615,13.095077988385356,10.393206321616049,8.730521835068544,10.380735095078535,8.191442688780057,10.040958597530391,4.557587627676412,0.025518500205569235,0.049504627651776725,0.010763304273069261,0.03836476792791684,0.02922109171034279,0.019733431320011787,0.018813213764130324,0.020904329484285264,0.014959804451490631,0.007989226419237345,0.01928980682112004,0.02372972867122465,0.02161765249417983,0.013765375480876592,0.03288620643139922,0.022406534858461315,0.03173102648481007,0.013592400394156835,0.019793488749698822,0.020079744059346774,0.015656510655600423,0.027125289994007547,0.01743459338356315,0.01333276836242087,0.021901037178798936,0.02423428576486109,0.03736004389793825,0.028422940337328177,0.017113242119539306,0.028610298451682753
391,8.785621763949008,1.7767301078522388,0.022665604366839478,8.21324903267697,6.001843209936055,8.46083603046884,6.72268588041544,10.233311670167268,6.891236224599538,8.959687031124588,8.546279444376239,10.5904104292934,8.750460643801205,8.960126350381017,5.747320149686345,12.251203461731734,8.010477738888483,8.272846284319314,7.933949535213628,8.397038835204057,9.94707165367987,10.45147668638873,9.67166977163646,8.535115565204933,7.900539283323667,9.20271747173615,13.095077988385356,10.393206321616049,8.730521835068544,10.380735095078535,7.719013068861045,10.040958597530391,4.557587627676412,0.028382357692164475,0.040619432757703126,0.0009408430083288026,0.041091198498870316,0.02622217837841883,0.02238761133961302,0.020598322852774045,0.03071232801642015,0.015785766452642576,0.004939942149264018,0.01565683171266084,0.012101030023219574,0.020918339519498865,0.008931411506791212,0.04118349807715698,0.0296880179920763,0.02925984701927382,0.01507352870673122,0.02686097453423111,0.014350798908856549,0.01965385544822866,0.026351111319670863,0.0295421359518783,0.009364412890780239,0.024633733546142778,0.017284205540674037,0.038572509135439026,0.0292503126580993,0.012906261360313321,0.026705334007262035
392,8.783129020051428,1.7765365955351418,0.023169276881401652,8.21324903267697,6.001843209936055,8.46083603046884,6.72268588041544,10.233311670167268,6.891236224599538,8.884904714197148,8.546279444376239,10.5904104292934,8.750460643801205,8.960126350381017,5.747320149686345,12.251203461731734,8.010477738888483,8.272846284319314,7.933949535213628,8.397038835204057,9.94707165367987,10.45147668638873,9.67166977163646,8.535115565204933,7.900539283323667,9.20271747173615,13.095077988385356,10.393206321616049,8.730521835068544,10.380735095078535,7.719013068861045,10.040958597530391,4.557587627676412,0.026565865719639457,0.03514966778527614,0.0,0.04069422602207712,0.04308050079010365,0.023020151100984185,0.020901222791110428,0.02383380166109916,0.021070692643611777,0.014817958457676018,0.020482498212305886,0.012603947043543359,0.022562014536128636,0.009956795868854403,0.024784461962166254,0.029544097675254725,0.028857552047351253,0.002815583708943382,0.013678027612139196,0.029452762666228715,0.023536759393755102,0.03319547740786382,0.031079309937154055,0.0076839999715718615,0.021614443568010264,0.01924490829205055,0.028900784667955613,0.03508611985818115,0.02283087504269668,0.028033799998316875
393,8.78063061030084,1.779246116077597,0.022782700101541764,8.21324903267697,6.001843209936055,8.46083603046884,6.72268588041544,10.233311670167268,6.8162839320818875,8.884904714197148,8.546279444376239,10.5904104292934,8.750460643801205,8.960126350381017,5.747320149686345,12.251203461731734,8.010477738888483,8.272846284319314,7.933949535213628,8.397038835204057,9.94707165367987,10.45147668638873,9.67166977163646,8.535115565204933,7.900539283323667,9.20271747173615,13.095077988385356,10.393206321616049,8.730521835068544,10.380735095078535,7.719013068861045,10.040958597530391,4.557587627676412,0.03468883651917345,0.04316632282137133,0.0013126006927348163,0.03384709052491167,0.041852161551458086,0.017876738769383883,0.019096662284754932,0.022886363425926315,0.027027588254141095,0.01195521514585562,0.021308342892997507,0.015283349075002563,0.013507338915555183,0.013240806819467254,0.018533876550867003,0.02916784475835421,0.035704058594743654,0.012671672404369033,0.01821631160857298,0.032657439810824467,0.0236449019618275,0.030182089543833834,0.024772762886700894,0.00478282072956338,0.023700944777630097,0.018024849014861635,0.024418387185769778,0.024458496261494274,0.015739829729328435,0.02975529953477799
394,8.733908515160028,1.792881828202735,0.022976133216278335,8.21324903267697,5.434492777990329,8.46083603046884,6.72268588041544,10.233311670167268,6.8162839320818875,8.884904714197148,8.546279444376239,10.5904104292934,8.750460643801205,8.960126350381017,5.747320149686345,12.251203461731734,8.010477738888483,8.272846284319314,7.933949535213628,8.397038835204057,9.94707165367987,10.45147668638873,9.67166977163646,8.535115565204933,7.900539283323667,9.20271747173615,13.095077988385356,10.393206321616049,8.71508775597033,9.56185675189812,7.719013068861045,10.040958597530391,4.557587627676412,0.03504539035613701,0.03882462409420534,0.00920084928876223,0.030828035488187945,0.045459294459205324,0.019323603434724487,0.021788990455075073,0.021865317165536233,0.029203323467233495,0.014199041039478144,0.034698048284079526,0.01617305415885934,0.011671389391410046,0.02411422361417814,0.018208839263092233,0.01729636230596031,0.03420984270446893,0.01268322260875642,0.019081927543986764,0.022516670656327894,0.0270305396161424,0.02490401203906673,0.019324161092533928,0.0024190904464260654,0.025514088790127475,0.01018634052771884,0.018245861829406698,0.029306796546692833,0.022415424001260505,0.03354563181930957
395,8.713884963138419,1.7777552235295224,0.022893858568126032,8.21324903267697,5.434492777990329,8.46083603046884,6.72268588041544,10.233311670167268,6.8162839320818875,8.838314810483666,8.546279444376239,10.5904104292934,8.750460643801205,8.960126350381017,5.747320149686345,12.251203461731734,8.010477738888483,8.272846284319314,7.933949535213628,8.397038835204057,9.94707165367987,9.897360029453978,9.67166977163646,8.535115565204933,7.900539283323667,9.20271747173615,13.095077988385356,10.393206321616049,8.71508775597033,9.56185675189812,7.719013068861045,10.040958597530391,4.557587627676412,0.03173502462509847,0.04437879016361032,0.013057373970044856,0.02829694335111888,0.05084621596314079,0.03126933088971858,0.027384110520282577,0.020400925924795053,0.03390791591423939,0.019522349985222363,0.02417326733700904,0.012977084403283252,0.019799286660500615,0.017772896116196573,0.017958503000909152,0.012339364813292137,0.0314631119389977,0.005743278987568568,0.017885219146923453,0.014867799064245847,0.019126664125081783,0.02110091345611859,0.024959245455232888,0.0069683099121317935,0.018196277731946837,0.012488461767661493,0.020365484457734773,0.028270800210702263,0.0304176742452719,0.029143132905700874
396,8.586245189041584,1.645374728092818,0.02130646264636648,8.21324903267697,5.434492777990329,8.46083603046884,6.72268588041544,10.233311670167268,6.8162839320818875,8.838314810483666,8.546279444376239,10.5904104292934,8.750460643801205,8.960126350381017,5.747320149686345,9.910789071693955,8.010477738888483,8.272846284319314,7.933949535213628,8.34743498422182,9.012276468238952,9.897360029453978,9.246121455081493,8.535115565204933,7.900539283323667,9.20271747173615,13.095077988385356,10.393206321616049,8.636256276081156,9.56185675189812,7.719013068861045,10.040958597530391,4.557587627676412,0.03490861201136745,0.03460027178233255,0.014895124110155216,0.026843583420838774,0.034804950808730466,0.03299089285856292,0.019699102494299455,0.02370615341434662,0.023259250901977918,0.016149121355236617,0.022821564246333834,0.020866866491740084,0.01987974121837406,0.022057612578794784,0.018977378932376353,0.015703308016858854,0.03610374182012495,0.005041672480890172,0.007795812788886082,0.011124053679218805,0.026987866433121305,0.023669165254535406,0.02245644212318372,0.011453559424710987,0.0185763088365536,0.002398592100493185,0.014707722998436309,0.022538290854406787,0.03476691670658536,0.01941019924752174
397,8.58537491717351,1.645507708664182,0.01941093158513036,8.21324903267697,5.434492777990329,8.46083603046884,6.72268588041544,10.233311670167268,6.8162839320818875,8.838314810483666,8.546279444376239,10.5904104292934,8.750460643801205,8.960126350381017,5.747320149686345,9.910789071693955,8.010477738888483,8.272846284319314,7.933949535213628,8.321326828179622,9.012276468238952,9.897360029453978,9.246121455081493,8.535115565204933,7.900539283323667,9.20271747173615,13.095077988385356,10.393206321616049,8.636256276081156,9.56185675189812,7.719013068861045,10.040958597530391,4.557587627676412,0.041354223640961835,0.03104325636061386,0.015076725002179445,0.020904437474809703,0.03182604461550467,0.03616470842344743,0.009456218157807133,0.01953319450906661,0.016818962200814185,0.0,0.01913284665479827,0.02082618911788047,0.025458188768844505,0.020128226865484187,0.015049100273285496,0.031883123585547526,0.019283557236522766,0.008817472551237328,0.01338126599510226,0.01858548007360692,0.0231283590882075,0.018641749909558216,0.01808731187648176,0.011223261662313728,0.02388781536535485,0.0,0.01204051382729723,0.0188992403882859,0.029990686159835793,0.01170578776906115
398,8.53385649138127,1.6405870346098363,0.020494603697673752,8.21324903267697,5.434492777990329,7.420390034394927,6.72268588041544,10.233311670167268,6.8162839320818875,8.838314810483666,8.546279444376239,10.5904104292934,8.750460643801205,8.866786606823325,5.747320149686345,9.608577702337755,8.010477738888483,8.272846284319314,7.933949535213628,8.321326828179622,9.012276468238952,9.897360029453978,9.246121455081493,8.535115565204933,7.900539283323667,9.20271747173615,12.985522323605949,10.393206321616049,8.636256276081156,9.56185675189812,7.719013068861045,10.040958597530391,4.557587627676412,0.03422106451357451,0.025653655439981198,0.014756828828435785,0.02531610634616154,0.024563881480814363,0.02275337332720277,0.019869173428278143,0.03034105682824419,0.011463822499187122,0.0,0.021174410850265155,0.013861988203064035,0.024948468710566423,0.026296651686834666,0.021157773460861763,0.02666119846137928,0.02049566834152266,0.0066280904081012625,0.010656253322543083,0.02637555183822877,0.027683422056032216,0.022274953953737544,0.013695039047968973,0.012288136160590239,0.02767261095439522,0.005784418205249711,0.030717085920295262,0.02104213166274129,0.033576276731511506,0.01290901826244395
399,8.533230087045853,1.640069811978757,0.021254984932143377,8.21324903267697,5.434492777990329,7.420390034394927,6.72268588041544,10.233311670167268,6.8162839320818875,8.838314810483666,8.546279444376239,10.5904104292934,8.750460643801205,8.866786606823325,5.747320149686345,9.608577702337755,8.010477738888483,8.272846284319314,7.933949535213628,8.321326828179622,9.012276468238952,9.878567899391442,9.246121455081493,8.535115565204933,7.900539283323667,9.20271747173615,12.985522323605949,10.393206321616049,8.636256276081156,9.56185675189812,7.719013068861045,10.040958597530391,4.557587627676412,0.032990371489401794,0.02923015297208184,0.018111096609020147,0.017876114724139334,0.027466128387077432,0.015936616355891487,0.023456151605863708,0.023396746235209237,0.016372850500494366,0.0021041276565834715,0.018188942198745943,0.01976876134456393,0.028620470883277342,0.02928510761312619,0.027302545069991708,0.032629576398178345,0.030991909652427846,0.01098892480306299,0.01305332297640837,0.029160184938626238,0.0190640366977106,0.01574314849653965,0.009266199363576052,0.01098197888511459,0.027191967322415543,0.013088485002949837,0.03534442980489537,0.019296573028624996,0.033095337375962444,0.007647289572340479
400,8.5044777667314,1.7137699192733207,0.02089150577182466,8.21324903267697,5.386483601628697,7.420390034394927,6.72268588041544,10.233311670167268,6.8162839320818875,8.838314810483666,8.546279444376239,10.5904104292934,8.750460643801205,8.866786606823325,5.747320149686345,9.608577702337755,8.010477738888483,8.272846284319314,7.933949535213628,8.321326828179622,9.012276468238952,9.878567899391442,9.246121455081493,8.535115565204933,7.900539283323667,9.20271747173615,12.985522323605949,10.393206321616049,8.636256276081156,9.56185675189812,7.719013068861045,10.040958597530391,3.7430271946044513,0.02821345797175249,0.02702516204976994,0.032352874528843105,0.02312783325408693,0.028305133355248296,0.02262553032280714,0.02698869601252122,0.02054639616950524,0.012745776478243463,0.00801395998474477,0.014735509194288843,0.015054908395355863,0.023657568571965926,0.032862218449669155,0.023793449580183833,0.03194652384327049,0.01859404197166505,0.013652882310831654,0.016698067308999684,0.02594810290676644,0.014858573053732574,0.014491732957802246,0.01715231471770076,0.00655229101865266,0.017683081057384604,0.017336506587593604,0.04191881003205081,0.007281609190637799,0.03683690296055763,0.005745258918107686
401,8.5044777667314,1.7137699192733207,0.020746948166888275,8.21324903267697,5.386483601628697,7.420390034394927,6.72268588041544,10.233311670167268,6.8162839320818875,8.838314810483666,8.546279444376239,10.5904104292934,8.750460643801205,8.866786606823325,5.747320149686345,9.608577702337755,8.010477738888483,8.272846284319314,7.933949535213628,8.321326828179622,9.012276468238952,9.878567899391442,9.246121455081493,8.535115565204933,7.900539283323667,9.20271747173615,12.985522323605949,10.393206321616049,8.636256276081156,9.56185675189812,7.719013068861045,10.040958597530391,3.7430271946044513,0.03235279795745536,0.03173556859834774,0.03383344040728571,0.030855334522426375,0.02213747880209672,0.019025874188380545,0.02302601212999425,0.017401608266362514,0.01952733749292368,0.004288445646262472,0.011275382906643304,0.011725673264549073,0.025378592443372035,0.03290735454978117,0.025118038854789432,0.036866452236068895,0.020193497464340855,0.015680524688235407,0.013367241535072499,0.03327314660598957,0.012470808803216812,0.011841700323659537,0.018239578424629473,0.008114494228811501,0.01931995567796508,0.016413513566586126,0.030460395878402588,0.0075345931734289925,0.03141791665558354,0.006625685713986999
402,8.488521648326916,1.7313145846022588,0.020682092101275938,8.21324903267697,5.0766382291803325,7.420390034394927,6.72268588041544,10.233311670167268,6.8162839320818875,8.838314810483666,8.546279444376239,10.5904104292934,8.750460643801205,8.866786606823325,5.747320149686345,9.608577702337755,8.010477738888483,8.272846284319314,7.933949535213628,8.321326828179622,9.012276468238952,9.878567899391442,9.246121455081493,8.535115565204933,7.900539283323667,9.033879292050017,12.985522323605949,10.393206321616049,8.636256276081156,9.56185675189812,7.719013068861045,10.040958597530391,3.7430271946044513,0.028616813292507794,0.02688688221691434,0.024371549713348317,0.031290733629033445,0.023337972560955676,0.021811453671054293,0.02994196359282523,0.026215479625627022,0.032644541300719705,0.001817389930745438,0.014638615588927706,0.010320117658120452,0.02835588300601061,0.03236536540128849,0.01699889308379715,0.03940151801408281,0.015528031041097658,0.012146970894643788,0.006407547776201395,0.02221403239506472,0.0067270921870550195,0.02514610013708789,0.02274210555568133,0.004839872651809179,0.016422130957337907,0.019173483293068866,0.0317884107459404,0.009930515994870902,0.03222787470951661,0.0061534224129439485
403,8.44977481302457,1.7143683801419853,0.01943094009151592,8.21324903267697,5.0766382291803325,7.420390034394927,6.72268588041544,10.233311670167268,6.8162839320818875,8.838314810483666,8.535093081166394,10.5904104292934,8.750460643801205,8.866786606823325,5.747320149686345,9.608577702337755,8.010477738888483,8.272846284319314,7.933949535213628,8.321326828179622,9.012276468238952,9.878567899391442,9.19434617895871,8.535115565204933,7.900539283323667,8.449477368732971,12.985522323605949,10.393206321616049,8.636256276081156,9.56185675189812,7.719013068861045,9.525917101109712,3.7430271946044513,0.025224173405382428,0.028511926714727496,0.02491964630730103,0.03201080690932243,0.015804878282743188,0.02018727384069062,0.03377140794508251,0.01604973064565246,0.03008090959675914,0.0,0.017291655850326458,0.016546481884635394,0.017968297242098745,0.02352166088359909,0.01111163587025041,0.03434281052736797,0.01205767032854936,0.005088192595026705,0.005541443874968988,0.021438705159510765,0.015981717643782322,0.023877950703005895,0.016501781668378384,0.01104482579901416,0.0226361473602837,0.022948150750236488,0.029043376662478446,0.01301766782664069,0.02882978624372156,0.0075774902239406925
404,8.44313576519478,1.7140156567066513,0.019498804641020336,8.21324903267697,5.0766382291803325,7.420390034394927,6.72268588041544,10.233311670167268,6.8162839320818875,8.838314810483666,8.533318586727603,10.5904104292934,8.750460643801205,8.866786606823325,5.747320149686345,9.608577702337755,8.010477738888483,8.272846284319314,7.933949535213628,8.321326828179622,9.012276468238952,9.878567899391442,9.19434617895871,8.535115565204933,7.900539283323667,8.449477368732971,12.985522323605949,10.393206321616049,8.438859335626262,9.56185675189812,7.719013068861045,9.525917101109712,3.7430271946044513,0.023515072936308203,0.02910143667443288,0.013952951915551707,0.02512821218268955,0.012920207368157816,0.020054383397325747,0.03430184640570372,0.010893272872431678,0.02350984277289764,0.003428868984149008,0.009017932858156058,0.013283310737810989,0.019357018975577994,0.02229009016221815,0.01844937592803636,0.03086746870914117,0.009113418867873492,0.007261251073080043,0.00988309726132056,0.019175633500411318,0.018661956653789603,0.02953232023203618,0.016223488818425474,0.015302921249844281,0.017379489486768762,0.03403910661008019,0.029312382356054288,0.017178856530260012,0.039344190793855836,0.012484732916221335
405,8.396248889315265,1.731235896416711,0.02129438451820118,8.21324903267697,5.0766382291803325,7.420390034394927,6.224629189126858,10.233311670167268,6.8162839320818875,7.988879017992076,8.533318586727603,10.5904104292934,8.750460643801205,8.866786606823325,5.747320149686345,9.608577702337755,8.010477738888483,8.272846284319314,7.933949535213628,8.321326828179622,9.012276468238952,9.819454106786111,9.19434617895871,8.535115565204933,7.900539283323667,8.449477368732971,12.985522323605949,10.393206321616049,8.438859335626262,9.56185675189812,7.719013068861045,9.525917101109712,3.7430271946044513,0.024243282242482005,0.02554550627162879,0.012843063157352086,0.03516741712151626,0.017700332239270155,0.025692855047485127,0.033613162003612335,0.005431640062174265,0.02456455705802364,0.010483246823753772,0.010474875718937635,0.022338667732082262,0.035001922802197216,0.025162405634871966,0.018697670628790113,0.03139183726885184,0.0008137578012164581,0.014615531826511418,0.007011797580595178,0.018289254409400536,0.013335642580269473,0.02684386294157662,0.01722815519816294,0.018272492661068764,0.02161248069384547,0.030485101178413212,0.033133453072038625,0.0200465472952223,0.051142539212310247,0.007648477282374503
406,8.394479103330834,1.730899998028495,0.021220772237911398,8.21324903267697,5.0766382291803325,7.420390034394927,6.224629189126858,10.233311670167268,6.8162839320818875,7.988879017992076,8.533318586727603,10.5904104292934,8.697367064268292,8.866786606823325,5.747320149686345,9.608577702337755,8.010477738888483,8.272846284319314,7.933949535213628,8.321326828179622,9.012276468238952,9.819454106786111,9.19434617895871,8.535115565204933,7.900539283323667,8.449477368732971,12.985522323605949,10.393206321616049,8.438859335626262,9.56185675189812,7.719013068861045,9.525917101109712,3.7430271946044513,0.03207164646873141,0.030146126531680473,0.016390421706880553,0.03643759906766571,0.013873776408250958,0.02260454613543615,0.03228877433638139,0.00913780547304488,0.026137636734459502,0.02292686313962546,0.015014464973144038,0.017268134555185423,0.041414524535710935,0.01871063258834853,0.016768036498375015,0.03308852763743707,0.008341362457127395,0.013472246948598297,0.009584111188631892,0.01855874229941225,0.012016587405998131,0.015688110072437436,0.015161197663666302,0.011185244600095344,0.02052793287619369,0.0328453998167963,0.02711364465746967,0.019232582916400256,0.045807853399987865,0.0028086340441695647
407,8.388507167381249,1.7262761484840272,0.023768941719812735,8.21324903267697,5.0766382291803325,7.420390034394927,6.224629189126858,10.233311670167268,6.8162839320818875,7.988879017992076,8.533318586727603,10.5904104292934,8.697367064268292,8.866786606823325,5.747320149686345,9.608577702337755,8.010477738888483,8.272846284319314,7.933949535213628,8.321326828179622,9.012276468238952,9.640296028298565,9.19434617895871,8.535115565204933,7.900539283323667,8.449477368732971,12.985522323605949,10.393206321616049,8.438859335626262,9.56185675189812,7.719013068861045,9.525917101109712,3.7430271946044513,0.03912484055112718,0.037022074225990624,0.025596948644525795,0.04109483140189151,0.016046794676218314,0.026062449128793665,0.03957023280510427,0.02335894248476181,0.02452786105509688,0.012512908122354624,0.021666343688109577,0.025395556828792437,0.041339411145952416,0.01813280707995719,0.013575591107889513,0.030849799383926006,0.010959512937245468,0.01418391826848854,0.019976402988430023,0.023735701573521974,0.010307979621305136,0.01905712354420063,0.013448726107696587,0.012731120608550393,0.022199241461135544,0.02085214930586321,0.025614281996607986,0.023867940262578775,0.0466145611025016,0.01364219948576445
408,8.346952115584873,1.7522743957721298,0.022488272893341307,8.21324903267697,5.0766382291803325,7.420390034394927,5.722262402903368,10.233311670167268,6.8162839320818875,7.988879017992076,7.789033819059796,10.5904104292934,8.697367064268292,8.866786606823325,5.747320149686345,9.608577702337755,8.010477738888483,8.272846284319314,7.933949535213628,8.321326828179622,9.012276468238952,9.640296028298565,9.19434617895871,8.535115565204933,7.900539283323667,8.449477368732971,12.985522323605949,10.393206321616049,8.438859335626262,9.56185675189812,7.719013068861045,9.525917101109712,3.7430271946044513,0.03443387333649817,0.026986176590927217,0.02758072242377142,0.04133234053078457,0.019067126388776206,0.022818982313611423,0.029807629259968722,0.021895821426424808,0.025115748297425248,0.007760698036993456,0.02222468021491275,0.04295313052983154,0.028896900889771312,0.02161126848900219,0.011729573674214459,0.02538881820464223,0.015491750677711323,0.019951359940283575,0.02673201933994044,0.02197237213359509,0.01241245317860814,0.01894047040146053,0.012273454797773127,0.009093111900982132,0.021201729940633705,0.019381206402049878,0.024600980770369353,0.019221316990696933,0.03482362392862104,0.008948845789958254
409,8.346952115584873,1.7522743957721298,0.019899779964168814,8.21324903267697,5.0766382291803325,7.420390034394927,5.722262402903368,10.233311670167268,6.8162839320818875,7.988879017992076,7.789033819059796,10.5904104292934,8.697367064268292,8.866786606823325,5.747320149686345,9.608577702337755,8.010477738888483,8.272846284319314,7.933949535213628,8.321326828179622,9.012276468238952,9.640296028298565,9.19434617895871,8.535115565204933,7.900539283323667,8.449477368732971,12.985522323605949,10.393206321616049,8.438859335626262,9.56185675189812,7.719013068861045,9.525917101109712,3.7430271946044513,0.030821936310364173,0.025269301459683598,0.025720196028175626,0.04267442639995693,0.019240329145648133,0.012849372127971406,0.03321271218300737,0.023786899290665294,0.02707472226195306,0.005806633288972645,0.025162986573963566,0.02897866620819284,0.012699312540928681,0.020874769519199077,0.014634325942138472,0.022377280915515402,0.01542888864524946,0.017257278871443786,0.02241962047057401,0.016570652838650595,0.008174223263159907,0.0073404078381150975,0.009731568598126749,0.016417925388509367,0.021173287725031482,0.020010652694236436,0.018008921568810756,0.01423440544602361,0.029055057109933165,0.009986638270863808
410,8.331699716244545,1.7527384811851658,0.020818204496218455,8.21324903267697,5.0766382291803325,7.420390034394927,5.722262402903368,10.233311670167268,6.791235773559663,7.988879017992076,7.789033819059796,10.5904104292934,8.697367064268292,8.612026130181732,5.747320149686345,9.608577702337755,8.010477738888483,8.272846284319314,7.756186190167625,8.321326828179622,9.012276468238952,9.640296028298565,9.19434617895871,8.535115565204933,7.900539283323667,8.449477368732971,12.985522323605949,10.393206321616049,8.438859335626262,9.56185675189812,7.719013068861045,9.525917101109712,3.7430271946044513,0.03581601284392988,0.026579862772882122,0.033696480783147416,0.030710890444704455,0.0181996851972426,0.011502028726528096,0.020974225192932145,0.032595007017552226,0.027577270384123026,0.013509979759295127,0.019618676393553566,0.03056970463854258,0.013140413148924349,0.024903756491857297,0.014483315726656882,0.019935722640989046,0.019379897962496655,0.02583865417262332,0.022828776188470734,0.01378795329688908,0.007370890712088621,0.0,0.01308698434686245,0.0286521767791661,0.027237334084054095,0.01753223292156397,0.017140811638149997,0.005844245643723456,0.03712366117772919,0.014909483799875329
411,8.309338987565763,1.789773752849069,0.019449136102748777,8.21324903267697,5.0766382291803325,7.420390034394927,5.051440542539922,10.233311670167268,6.791235773559663,7.988879017992076,7.789033819059796,10.5904104292934,8.697367064268292,8.612026130181732,5.747320149686345,9.608577702337755,8.010477738888483,8.272846284319314,7.756186190167625,8.321326828179622,9.012276468238952,9.640296028298565,9.19434617895871,8.535115565204933,7.900539283323667,8.449477368732971,12.985522323605949,10.393206321616049,8.438859335626262,9.56185675189812,7.719013068861045,9.525917101109712,3.7430271946044513,0.036006857103494314,0.026879629892845536,0.028586299371324283,0.029849013845483302,0.01573077563886969,0.011415175140052164,0.01460946486568999,0.028084048365411684,0.01722705579033383,0.014062753537891083,0.020281053001606805,0.03537087841890807,0.02261737915996438,0.022535293567026896,0.011513871077240782,0.022316464395964294,0.0007093506164693068,0.021166898620877728,0.02547354654769717,0.004382840032227494,0.006634154975919618,0.0034861543432602228,0.010935017075619505,0.027230617891891143,0.02133759603110436,0.021356170041301584,0.01680358760188805,0.0057991598476515955,0.03339308195036449,0.027679894334084004
412,8.263401726405942,1.7010257070459067,0.02108432262830099,8.201330250395813,5.0766382291803325,7.420390034394927,5.051440542539922,10.233311670167268,6.791235773559663,7.988879017992076,7.789033819059796,10.5904104292934,8.697367064268292,8.612026130181732,5.747320149686345,9.608577702337755,8.010477738888483,8.180278973127258,7.756186190167625,8.321326828179622,9.012276468238952,9.640296028298565,9.19434617895871,8.535115565204933,7.900539283323667,8.449477368732971,11.838229407718472,10.393206321616049,8.438859335626262,9.56185675189812,7.592674243427098,9.525917101109712,3.7430271946044513,0.03902331608470338,0.024635747871938538,0.019647121652256117,0.03724057043997924,0.02243516093853374,0.02247886768881636,0.017835679963490142,0.0164767172529926,0.013666407277884254,0.008790344049804881,0.012172973369110612,0.03175864390376979,0.028315046361890812,0.019658979884263277,0.020172030931264767,0.021541943425888627,0.013391578482521645,0.024234688682751505,0.020558784412325982,0.012811318247399292,0.0060280472285242845,0.0016825605275262619,0.019787610684509804,0.028273280473408796,0.0283955889273258,0.018886154859398152,0.023254545146406843,0.016758853871035734,0.03485102545709384,0.027766090752214565
413,8.211444538458885,1.6996777348297083,0.020686954067075998,8.201330250395813,5.0766382291803325,7.420390034394927,5.051440542539922,10.233311670167268,6.791235773559663,7.988879017992076,7.789033819059796,10.5904104292934,8.697367064268292,8.612026130181732,5.747320149686345,9.608577702337755,8.010477738888483,8.180278973127258,7.756186190167625,8.321326828179622,9.012276468238952,9.640296028298565,9.19434617895871,8.535115565204933,7.900539283323667,8.449477368732971,11.838229407718472,10.393206321616049,8.438859335626262,8.705089099403608,6.8907262575098684,9.525917101109712,3.7430271946044513,0.04221653230193109,0.023468675679365687,0.025760655090585158,0.033505979625237596,0.029741922358876398,0.016748675134223737,0.01604768121578249,0.019781618333511233,0.016295971949104777,0.003492380538172654,0.012435331223941765,0.02156782403101553,0.02190340081938416,0.014504525152362023,0.022746562827582122,0.023040547116269582,0.011261177894400034,0.024341233989832962,0.017667320158832604,0.01163174960680123,0.006256496530307517,0.006418543629205579,0.015260276038946887,0.024805544280706266,0.029856806146126166,0.01714732828203462,0.025697329654626157,0.022047982839803644,0.03465522995564406,0.030303319607666294
414,8.192887453546783,1.6918662537217484,0.019847673987900064,8.201330250395813,5.0766382291803325,7.420390034394927,5.051440542539922,10.233311670167268,6.791235773559663,7.988879017992076,7.789033819059796,10.5904104292934,8.697367064268292,8.612026130181732,5.747320149686345,9.608577702337755,8.010477738888483,8.180278973127258,7.756186190167625,8.321326828179622,9.012276468238952,9.640296028298565,8.63763363159569,8.535115565204933,7.900539283323667,8.449477368732971,11.838229407718472,10.393206321616049,8.438859335626262,8.705089099403608,6.8907262575098684,9.525917101109712,3.7430271946044513,0.0477165008773314,0.016943864087782617,0.029562085919316868,0.037181984209741496,0.03174346928870336,0.015614073655282402,0.007995666905516622,0.016691099347361814,0.01648796229463859,0.004010786279692012,0.002487844817462945,0.019108847348777748,0.026937729427856143,0.014983956950619623,0.024205483951053746,0.015497640747679238,0.0,0.014487132917846899,0.025655933016507915,0.008038317401526853,0.008337859861890354,0.011985701975400602,0.018161605975170615,0.01657856297031365,0.03243585867948458,0.015272889862826614,0.025169448204289697,0.016034717468788363,0.03474329333450611,0.04135990185963315
415,8.155006474589255,1.7074282123433295,0.021131708104838224,8.201330250395813,5.0766382291803325,7.420390034394927,5.051440542539922,10.233311670167268,6.791235773559663,7.988879017992076,7.789033819059796,10.5904104292934,8.697367064268292,8.612026130181732,5.747320149686345,9.608577702337755,8.010477738888483,8.180278973127258,7.548426838291164,8.321326828179622,9.012276468238952,9.640296028298565,8.63763363159569,8.535115565204933,6.9718692664743,8.449477368732971,11.838229407718472,10.393206321616049,8.438859335626262,8.705089099403608,6.8907262575098684,9.525917101109712,3.7430271946044513,0.05073673008372202,0.02915723751020359,0.02782057181126817,0.027364061523760003,0.025468827986937934,0.028173375298652145,0.010771625575201274,0.01288311021998926,0.015474008428601398,0.009136120765334408,0.006915868045421636,0.028246762138463343,0.02624101054817654,0.027107680696715195,0.017612135633687676,0.021833192434088548,0.004910397794654287,0.019947729665335194,0.024409740282700636,0.01215210675013948,0.01230814092138579,0.009030101089275521,0.02193819182195885,0.016785389398476028,0.027747781557573115,0.004148447814800323,0.031156413724247187,0.023832313997289405,0.030179379503387307,0.03046279012370044
416,8.125608480955998,1.7168751100951651,0.021557332743866515,8.201330250395813,5.0766382291803325,7.218614768720556,5.051440542539922,10.233311670167268,6.791235773559663,7.988879017992076,7.789033819059796,10.5904104292934,8.697367064268292,8.612026130181732,5.747320149686345,9.608577702337755,7.330313195565111,8.180278973127258,7.548426838291164,8.321326828179622,9.012276468238952,9.640296028298565,8.63763363159569,8.535115565204933,6.9718692664743,8.449477368732971,11.838229407718472,10.393206321616049,8.438859335626262,8.705089099403608,6.8907262575098684,9.525917101109712,3.7430271946044513,0.04849734917916432,0.018201671693709634,0.023746227606669053,0.038845021502179736,0.02893368761216169,0.022317966008877324,0.01200733174289598,0.010397179279115461,0.016586609137024977,0.015514123543449797,0.00615225603856471,0.026381570293028487,0.03562174820214775,0.015540649676100514,0.01735789687287347,0.011028827384179986,0.014409348586565736,0.02708766074708716,0.02469256805983937,0.019145921725088735,0.011262121030913064,0.011019536380479244,0.020294222873187957,0.02459581209499377,0.02441291397427105,0.008950441196804453,0.03002252548962869,0.023794707380339886,0.028890020406708048,0.031012066597945448
417,8.017945147802026,1.6752663053106513,0.020117587386480933,8.201330250395813,5.0766382291803325,7.218614768720556,5.051440542539922,10.233311670167268,6.169128561557841,7.988879017992076,7.789033819059796,10.335956338020026,8.697367064268292,8.612026130181732,5.747320149686345,9.608577702337755,7.330313195565111,7.306133696977497,7.548426838291164,8.321326828179622,9.012276468238952,9.640296028298565,8.63763363159569,8.535115565204933,6.9718692664743,8.449477368732971,10.792505745379003,10.393206321616049,8.438859335626262,8.705089099403608,6.457256504655106,9.525917101109712,3.7430271946044513,0.03570177228416256,0.023598029620548546,0.025546014436195325,0.04596144710310346,0.024713156964690217,0.02217398203899238,0.012629002012835492,0.01518298296447194,0.01814474313873771,0.0050211395387948655,0.008846844023076414,0.022287164774833407,0.029398936324437172,0.010438743783977801,0.02079546819282163,0.014246280203766209,0.005955805328222896,0.025741410832985645,0.01957177875322234,0.016196177421805267,0.0007970270403078849,0.0235922167850909,0.02578210628174916,0.02128456114762644,0.02343558947544457,0.0075008219894049846,0.026861753019757215,0.022346141893650338,0.01997878784980265,0.029797736369912498
418,7.995908047087645,1.6748905914841774,0.01950497355742942,8.201330250395813,5.0766382291803325,7.218614768720556,5.051440542539922,10.233311670167268,6.169128561557841,7.988879017992076,7.789033819059796,10.335956338020026,8.697367064268292,8.612026130181732,5.747320149686345,9.608577702337755,6.933310273997222,7.306133696977497,7.548426838291164,8.321326828179622,9.012276468238952,9.640296028298565,8.63763363159569,8.535115565204933,6.9718692664743,8.449477368732971,10.792505745379003,10.393206321616049,8.438859335626262,8.705089099403608,6.457256504655106,9.261807001246211,3.7430271946044513,0.0353959390339096,0.015244804076543106,0.021775713044324015,0.047622983081058466,0.01938162508525091,0.02753746000070256,0.018998088743956473,0.005360923045640414,0.01837169734394991,0.008784309861395287,0.006143303246133645,0.022283477146733385,0.035900122539586236,0.01283749323719824,0.0165056792176487,0.014418540149553984,0.012233901186705743,0.019184506878736737,0.029717689192654752,0.019213393044583655,0.0,0.016609737619099875,0.014149980777164903,0.019914299610610732,0.02343107623790652,0.012440315051398953,0.0244171863840196,0.020917822891437683,0.01695365121861622,0.02940348777636218
419,7.9818834283414715,1.6548507350401203,0.018763815967550484,8.201330250395813,5.0766382291803325,7.218614768720556,5.051440542539922,10.233311670167268,6.169128561557841,7.988879017992076,7.789033819059796,10.335956338020026,8.697367064268292,8.612026130181732,5.747320149686345,9.608577702337755,6.933310273997222,7.306133696977497,7.548426838291164,8.321326828179622,9.012276468238952,9.640296028298565,8.63763363159569,8.535115565204933,6.9718692664743,8.449477368732971,10.682950080599596,10.08202342401023,8.438859335626262,8.705089099403608,6.457256504655106,9.261807001246211,3.7430271946044513,0.037899558471237986,0.013894098435741601,0.0264316259953054,0.05173765070228367,0.017098628647156076,0.02138075544215079,0.018499619194318515,0.009194392328604315,0.01807617633644165,0.011769853105036452,0.010913496896222603,0.027366355184253892,0.03692992456516381,0.013035767816867968,0.010183677186410355,0.011674146622907645,0.0041764525606459765,0.019846070033944948,0.025010778528761327,0.017983939760243314,0.012786156204504353,0.02270758649736934,0.012084678219236367,0.010528596147109732,0.015934847305534516,0.010982792137953494,0.02576317142875896,0.010813505643449638,0.012841818237297551,0.0253683593916022
420,7.967492274257063,1.6831949824154036,0.018872654479727434,8.201330250395813,5.0766382291803325,7.218614768720556,5.051440542539922,10.233311670167268,6.169128561557841,7.988879017992076,7.789033819059796,10.335956338020026,8.697367064268292,8.612026130181732,5.52057912089964,9.608577702337755,6.933310273997222,7.306133696977497,7.548426838291164,8.321326828179622,9.012276468238952,9.640296028298565,8.63763363159569,8.535115565204933,6.9718692664743,8.449477368732971,10.682950080599596,10.08202342401023,8.438859335626262,8.705089099403608,6.457256504655106,9.261807001246211,3.5380336008589097,0.030793547960799708,0.015860216589393968,0.029904030389738597,0.047139943165760756,0.015397498026436886,0.018914834819759797,0.020229513976978534,0.008929965583119691,0.01621978255404076,0.015649594650361698,0.011982347728068493,0.021881206180301895,0.0388780790968486,0.018652831444941027,0.010327512804117173,0.01676709712913422,0.003456946231203109,0.013692137416081178,0.024598385309167737,0.016227887756377873,0.024664784900811913,0.017563701058612796,0.013191459098956823,0.011833391763851226,0.019744359371054513,0.016485900055128358,0.016652578082606173,0.01806364426172826,0.016666836800747802,0.015809620185693637
421,7.893226204430448,1.6893299800625365,0.018896917370371677,7.032077096002695,5.0766382291803325,7.218614768720556,5.051440542539922,10.233311670167268,6.169128561557841,7.988879017992076,7.789033819059796,10.335956338020026,8.697367064268292,8.612026130181732,5.52057912089964,9.608577702337755,6.933310273997222,7.306133696977497,7.548426838291164,8.321326828179622,9.012276468238952,9.640296028298565,8.63763363159569,8.535115565204933,6.9718692664743,8.449477368732971,10.682950080599596,10.052386977022593,7.410522355026956,8.705089099403608,6.4565009918367195,9.261807001246211,3.5380336008589097,0.028614137630604067,0.01618159686305958,0.030810268175488296,0.04828463462726063,0.019245667347806607,0.02483549406380929,0.024945492148073886,0.007345122904272619,0.01790461364259632,0.019701313790062028,0.021316623594660297,0.013459194934735134,0.02674958088254131,0.014228855097139002,0.01645853912340711,0.018549383009512373,0.00227773390858772,0.011734297966117106,0.01629901773702834,0.017616554333343346,0.03226510787363994,0.022677028169198487,0.003266300538974028,0.01842329268082735,0.016690774862975016,0.014917669232806201,0.016323161496744,0.019454574210027838,0.02159800851639973,0.004733481749452673
422,7.87282510720227,1.680349745416631,0.01880133678809474,7.032077096002695,5.0766382291803325,7.218614768720556,5.051440542539922,10.233311670167268,6.169128561557841,7.988879017992076,7.789033819059796,10.335956338020026,8.697367064268292,8.612026130181732,5.52057912089964,9.608577702337755,6.933310273997222,7.306133696977497,7.387833181930375,8.321326828179622,9.012276468238952,9.640296028298565,8.63763363159569,8.535115565204933,6.9718692664743,8.449477368732971,10.682950080599596,10.052386977022593,7.410522355026956,8.705089099403608,6.4565009918367195,8.810367740761649,3.5380336008589097,0.023811826939277688,0.022036142089453963,0.035178594249816605,0.035157099422435306,0.02051501948148942,0.02222931568789732,0.031062775504317304,0.0016577754743759222,0.019901332814789147,0.027426522161030743,0.03218220168469013,0.012978093688294876,0.02818693059430575,0.015490539991170995,0.016169477730380785,0.016876579188851337,0.01142301580681415,0.0126430475899584,0.009767687517484535,0.018651412482028576,0.033652542207230254,0.013995432823896932,0.009725242909451247,0.006110319647048154,0.021985848789820853,0.011800365907749723,0.006727557835959808,0.02070510845018872,0.021155778853519103,0.004836516119114449
423,7.859948562444908,1.6808910960887367,0.01903930909170101,7.032077096002695,5.0766382291803325,7.218614768720556,5.051440542539922,10.233311670167268,6.169128561557841,7.602582675271208,7.789033819059796,10.335956338020026,8.697367064268292,8.612026130181732,5.52057912089964,9.608577702337755,6.933310273997222,7.306133696977497,7.387833181930375,8.321326828179622,9.012276468238952,9.640296028298565,8.63763363159569,8.535115565204933,6.9718692664743,8.449477368732971,10.682950080599596,10.052386977022593,7.410522355026956,8.705089099403608,6.4565009918367195,8.810367740761649,3.5380336008589097,0.022425979821050688,0.015992364855827685,0.029312790496498427,0.02521734608621381,0.020554643992264605,0.029202522243310918,0.01837508444153641,0.0018317401495395393,0.022063743159346446,0.03957504547317577,0.03404498149410976,0.007224997926785428,0.036319337783363784,0.02185003908772951,0.0167427733994134,0.019884785296378875,0.008415033519004732,0.016832370394166102,0.0041164192466059,0.02573935639517665,0.03934134767849691,0.008358295260967867,0.006761512847168259,0.013016093340824908,0.020320273800143167,0.004992177653395003,0.014621391299792072,0.02322418130894769,0.019901913294640507,0.004920731005155398
424,7.859380464553177,1.681842814058927,0.019363885941501048,7.032077096002695,5.0766382291803325,7.218614768720556,5.034397605788001,10.233311670167268,6.169128561557841,7.602582675271208,7.789033819059796,10.335956338020026,8.697367064268292,8.612026130181732,5.52057912089964,9.608577702337755,6.933310273997222,7.306133696977497,7.387833181930375,8.321326828179622,9.012276468238952,9.640296028298565,8.63763363159569,8.535115565204933,6.9718692664743,8.449477368732971,10.682950080599596,10.052386977022593,7.410522355026956,8.705089099403608,6.4565009918367195,8.810367740761649,3.5380336008589097,0.01673728124733389,0.004415432900859088,0.021880170502158673,0.01878849264741437,0.01943536984634508,0.037779421182251575,0.02527323723483788,0.006880396023817817,0.0246628648093962,0.03076467302364294,0.03291082331175487,0.011730825261028631,0.03583679939942317,0.0176970751326165,0.015781649189610433,0.026901242469843874,0.010897604171553547,0.01219800429104321,0.01427823028786002,0.018455213762164562,0.02742256429251024,0.01056618860548833,0.011694167303894326,0.021312608326135924,0.024271629000236133,0.004728925035736463,0.011900613642039374,0.026280751822179607,0.027083429875006337,0.012350893646848339
425,7.856830969831614,1.6792614930708503,0.01929068454428689,7.032077096002695,5.0766382291803325,7.218614768720556,5.034397605788001,10.233311670167268,6.169128561557841,7.602582675271208,7.789033819059796,10.29356216475685,8.697367064268292,8.612026130181732,5.52057912089964,9.608577702337755,6.933310273997222,7.306133696977497,7.387833181930375,8.321326828179622,9.012276468238952,9.640296028298565,8.603542963211964,8.535115565204933,6.9718692664743,8.449477368732971,10.682950080599596,10.052386977022593,7.410522355026956,8.705089099403608,6.4565009918367195,8.810367740761649,3.5380336008589097,0.02691101039697868,0.005202001596772406,0.03081153463030342,0.015769187858857867,0.01737167326961239,0.030112156541490156,0.015401541036921219,0.002662531507723193,0.02166384358487453,0.034722530946313654,0.039521167559013005,0.00840004881179368,0.037230690720968615,0.0244499300128216,0.010333758460305565,0.026791144353355417,0.01630333457952543,0.014561970443485131,0.01601490563164384,0.021093313183914192,0.02718814604516692,0.012139532319464748,0.008590693447608266,0.017168332790001406,0.021661171672738292,0.003681176873137699,0.009083787655957685,0.025234280054125084,0.03424830877757738,0.004396831566155353
426,7.8529751992448364,1.6800503732260053,0.02076837682972701,7.032077096002695,5.041913818964531,7.218614768720556,5.034397605788001,10.233311670167268,6.169128561557841,7.602582675271208,7.789033819059796,10.29356216475685,8.697367064268292,8.612026130181732,5.52057912089964,9.608577702337755,6.933310273997222,7.306133696977497,7.387833181930375,8.321326828179622,9.012276468238952,9.640296028298565,8.522594255824458,8.535115565204933,6.9718692664743,8.449477368732971,10.682950080599596,10.052386977022593,7.410522355026956,8.705089099403608,6.4565009918367195,8.810367740761649,3.5380336008589097,0.025332689825507248,0.010666647208639326,0.034753604523314906,0.011625869225101452,0.014017935973116414,0.03226484223358415,0.01657357333242478,0.013451698750849641,0.014396218295024625,0.03288443441959722,0.0375371685471454,0.014223852260151035,0.0332302602934258,0.029493124047921215,0.012938602763080963,0.028548399957036997,0.014366701404007493,0.017990437562161486,0.016395795152787183,0.021744269739490243,0.024169138843732944,0.017886530475695352,0.01815025771722297,0.020825193454062804,0.02145481463816988,0.004043403168735561,0.015553085406621174,0.0289311098184286,0.03373590309348152,0.0058657427612922005
427,7.779566293768945,1.6185163667496234,0.020829950161599237,7.032077096002695,5.041913818964531,7.218614768720556,5.034397605788001,10.233311670167268,6.169128561557841,7.602582675271208,7.789033819059796,9.631241694254243,8.697367064268292,8.612026130181732,5.52057912089964,9.608577702337755,6.933310273997222,7.306133696977497,7.387833181930375,8.321326828179622,9.012276468238952,8.100349334524424,8.522594255824458,8.535115565204933,6.9718692664743,8.449477368732971,10.682950080599596,10.052386977022593,7.410522355026956,8.705089099403608,6.4565009918367195,8.810367740761649,3.5380336008589097,0.025759201883660487,0.019248143345550802,0.03273508928553245,0.01358786007240706,0.011522899530495848,0.037757503605811836,0.013322578006687704,0.020648481913214372,0.015393999498382672,0.0354847685389973,0.0328246993850532,0.018634931637706083,0.03227827284625644,0.02753008537456064,0.011318781066248623,0.028567131091006597,0.021874201326721705,0.022202907140054778,0.01712456450112136,0.01651290563054288,0.015287950184461784,0.02257130993310749,0.017410996034615808,0.014169781749671583,0.012805678576801512,0.008878620467182591,0.016508336574813712,0.026490325151881104,0.029303360160261957,0.00714314033516696
428,7.761799940074112,1.6059441915248067,0.020015820747355133,7.032077096002695,4.9829261255493975,7.218614768720556,5.034397605788001,10.233311670167268,6.169128561557841,7.602582675271208,7.789033819059796,9.631241694254243,8.697367064268292,8.612026130181732,5.52057912089964,9.608577702337755,6.933310273997222,7.306133696977497,7.387833181930375,8.321326828179622,9.012276468238952,8.100349334524424,8.359774236000419,8.535115565204933,6.9718692664743,8.449477368732971,10.682950080599596,9.741204079416775,7.410522355026956,8.705089099403608,6.4565009918367195,8.810367740761649,3.5380336008589097,0.02993498890704758,0.01935669099971043,0.026584002360425053,0.017498579233367867,0.014030412790852856,0.0409626088948325,0.015401064875010778,0.01712168976139204,0.013730831955635955,0.031111775386256837,0.025346735767966665,0.015013943594980402,0.023978494554378855,0.02473918925211741,0.011536633131751278,0.01866769373138094,0.028058985357126375,0.015635745270107436,0.021546796824802136,0.009494507303860344,0.02242789391204461,0.020324088170171492,0.01810529060545503,0.01541907169652149,0.017341085622209828,0.013137866711827156,0.01610057401800051,0.021976423504861814,0.026706898331098336,0.00918405989545999
429,7.759474844984148,1.604626762912442,0.020632072417811693,7.032077096002695,4.9829261255493975,7.218614768720556,5.034397605788001,10.233311670167268,6.169128561557841,7.602582675271208,7.789033819059796,9.631241694254243,8.697367064268292,8.612026130181732,5.52057912089964,9.608577702337755,6.933310273997222,7.306133696977497,7.387833181930375,8.321326828179622,9.012276468238952,8.100349334524424,8.359774236000419,8.535115565204933,6.9718692664743,8.449477368732971,10.682950080599596,9.741204079416775,7.410522355026956,8.635336246704696,6.4565009918367195,8.810367740761649,3.5380336008589097,0.022854548344315495,0.020402134273329084,0.021690751737089314,0.01919704730493217,0.018537286654477153,0.029515877060459068,0.020501654092904893,0.02002382257677952,0.020626400585619875,0.028386419688477764,0.02591085432763469,0.017005116617543278,0.030689725941576474,0.02119084352278197,0.02195109789460375,0.019709129777401142,0.025179504357446366,0.023529086347706382,0.02402546224604866,0.008933080918206436,0.02797230417413807,0.01875738489586431,0.0025506827650093014,0.014264353893835353,0.02265764787224598,0.02102308497616992,0.014202544898994902,0.017983031187452144,0.03289536993849474,0.006795923662812559
430,7.6813971410387545,1.6579789593526524,0.019176643507214056,7.032077096002695,4.9829261255493975,7.218614768720556,5.034397605788001,10.01930966627674,6.169128561557841,7.602582675271208,7.789033819059796,9.631241694254243,8.697367064268292,8.612026130181732,5.52057912089964,9.608577702337755,6.921058719699317,6.45694558212648,7.387833181930375,8.321326828179622,9.012276468238952,8.100349334524424,8.359774236000419,8.535115565204933,6.9718692664743,8.449477368732971,10.682950080599596,9.741204079416775,7.410522355026956,8.635336246704696,5.189611546514357,8.810367740761649,3.5380336008589097,0.017336538094436055,0.016798736194630678,0.017724562568823595,0.028962596108705028,0.012345853913523826,0.029027403494163228,0.02125069092421678,0.012331591426991736,0.01764366366568213,0.03144694351727181,0.018131207412877118,0.016884822859847378,0.03109852924677584,0.01860123911235737,0.015008964562102463,0.018857646326639044,0.009854549528113592,0.027598659550418392,0.024852211051016777,0.004628322050269561,0.029225234462884827,0.027916116111242163,0.005523635777217456,0.016895058885080767,0.016880562999699984,0.03216484053747477,0.015124957597661881,0.015160019763325575,0.02312277421392323,0.002901373259048462
431,7.650978690998264,1.652778621405955,0.018497762938473012,7.032077096002695,4.9829261255493975,7.218614768720556,5.034397605788001,10.01930966627674,6.169128561557841,7.602582675271208,7.789033819059796,9.631241694254243,8.697367064268292,8.612026130181732,5.52057912089964,9.608577702337755,6.41586283294896,6.45694558212648,7.387833181930375,8.321326828179622,9.012276468238952,8.100349334524424,8.359774236000419,8.535115565204933,6.9718692664743,8.449477368732971,10.682950080599596,9.333846464952444,7.410522355026956,8.635336246704696,5.189611546514357,8.810367740761649,3.5380336008589097,0.029118032306401014,0.01696737432879314,0.026809249310560678,0.031001389437877714,0.006034544611430774,0.03389316074538788,0.025910961420830738,0.012527990524993014,0.02042746005805673,0.025257890241286964,0.009070772447035,0.022773558129804188,0.028075460322887918,0.016675150807601766,0.019398596708829506,0.015534849044328544,0.008949125870731664,0.030708268101128585,0.016848423073427245,0.00513390369954854,0.018184706627177846,0.025636474469153746,0.0,0.008060106064034067,0.01372225407303038,0.023150155535908417,0.021455602157293138,0.01778713335342759,0.02506102877715228,0.0007592659060712316
432,7.650978690998264,1.652778621405955,0.01874772063251596,7.032077096002695,4.9829261255493975,7.218614768720556,5.034397605788001,10.01930966627674,6.169128561557841,7.602582675271208,7.789033819059796,9.631241694254243,8.697367064268292,8.612026130181732,5.52057912089964,9.608577702337755,6.41586283294896,6.45694558212648,7.387833181930375,8.321326828179622,9.012276468238952,8.100349334524424,8.359774236000419,8.535115565204933,6.9718692664743,8.449477368732971,10.682950080599596,9.333846464952444,7.410522355026956,8.635336246704696,5.189611546514357,8.810367740761649,3.5380336008589097,0.03055320952328484,0.014321933746625319,0.034829282186976965,0.03302985974303186,0.006221164943704179,0.030364425597819364,0.011408985074169587,0.018808764578837803,0.01968565687803871,0.02132659235361681,0.017456722343097593,0.015553325780576669,0.027798509927862616,0.014638597003522649,0.017501771869487696,0.013918468212938072,0.003967679404328894,0.02955054200816678,0.018790816011338304,0.016425811860625483,0.010614464014341986,0.03007257263948659,0.0015755754510033467,0.010561303651255138,0.021128832003788997,0.023457204846112564,0.019799247686238457,0.023322068188650555,0.025748231446550918,0.0
433,7.627523002347281,1.641567931079385,0.020109181734147785,7.032077096002695,4.9829261255493975,7.218614768720556,5.034397605788001,10.01930966627674,6.169128561557841,7.602582675271208,7.789033819059796,9.631241694254243,8.528843352546915,8.612026130181732,5.52057912089964,9.608577702337755,6.41586283294896,6.45694558212648,7.387833181930375,8.321326828179622,9.012276468238952,8.100349334524424,8.359774236000419,8.535115565204933,6.9718692664743,8.449477368732971,10.682950080599596,9.333846464952444,7.410522355026956,8.100189298896566,5.189611546514357,8.810367740761649,3.5380336008589097,0.03438744685217801,0.009081736045959691,0.03492948713247506,0.03156104496253026,0.013032236789328472,0.02869741082373355,0.012273977873440613,0.018307120404105287,0.01606706709574014,0.015638991215073433,0.01997568339828822,0.02366144846629819,0.02017315578220268,0.026973887863159254,0.01679179929232226,0.012335000820918105,0.005677880009839817,0.027099272315739522,0.017263638723236673,0.006254224143897253,0.018501503044942202,0.025414184933902115,0.00636437737418715,0.016900851573059903,0.01666749916362397,0.03239068724929568,0.021246889028745025,0.029693116759266013,0.03208073219975786,0.013833100687187115
434,7.612617035082301,1.624066463962475,0.020990314492903166,7.032077096002695,4.9829261255493975,7.218614768720556,5.034397605788001,10.01930966627674,6.169128561557841,7.602582675271208,7.789033819059796,9.223764026801632,8.528843352546915,8.612026130181732,5.52057912089964,9.608577702337755,6.41586283294896,6.45694558212648,7.387833181930375,8.321326828179622,9.012276468238952,8.100349334524424,8.359774236000419,8.535115565204933,6.9718692664743,8.449477368732971,10.643248730102812,9.333846464952444,7.410522355026956,8.100189298896566,5.189611546514357,8.810367740761649,3.5380336008589097,0.02730922139214971,0.01383656451886141,0.03289706506706838,0.026212311124935293,0.01794782583095912,0.03311933620522721,0.016443219809119877,0.014523974461781596,0.020144936343574567,0.017668637394898514,0.0213813341436433,0.025030571199279757,0.027340406476800094,0.03009315822614819,0.014736454045984665,0.013810694910460447,0.009120957979721844,0.02075034359961119,0.025411354767429707,0.01512786196179278,0.023521600188882157,0.020967589179010475,0.001730635997798768,0.014627317464453284,0.017309018448587336,0.025949510213421106,0.02250163787045793,0.029058496907595377,0.02902338765717267,0.02211401140026822
435,7.598235947814646,1.628438425230953,0.021068509337017722,7.032077096002695,4.9829261255493975,7.218614768720556,4.89129954375278,10.01930966627674,6.169128561557841,7.602582675271208,7.789033819059796,9.223764026801632,8.528843352546915,8.612026130181732,5.52057912089964,9.608577702337755,6.41586283294896,6.45694558212648,7.387833181930375,8.032992272185197,9.012276468238952,8.100349334524424,8.359774236000419,8.535115565204933,6.9718692664743,8.449477368732971,10.643248730102812,9.333846464952444,7.410522355026956,8.100189298896566,5.189611546514357,8.810367740761649,3.5380336008589097,0.023171969920575915,0.020686458402065712,0.03799128582062934,0.02572832287324461,0.01752323079567885,0.02427573798150768,0.023006215899753914,0.015431801696041943,0.024562202876637497,0.01742816238231295,0.02101867761067837,0.028959016159068682,0.024564209116859942,0.023275886977100955,0.011127096989892839,0.017893625750548467,0.013991441231583671,0.01822223364073352,0.026304166562288598,0.01556566622540185,0.022114315135619053,0.01600905322435374,0.003934786976488243,0.010151300045388023,0.020138443152433447,0.024018320991262384,0.025522445796563445,0.031315071190277724,0.02641106402884355,0.021713070656696663
436,7.535823383826275,1.621474074698258,0.021778275869534614,7.032077096002695,4.9829261255493975,7.218614768720556,4.89129954375278,10.01930966627674,6.169128561557841,7.602582675271208,7.789033819059796,9.223764026801632,8.528843352546915,8.612026130181732,5.52057912089964,9.608577702337755,6.41586283294896,5.752449834007109,7.387833181930375,8.032992272185197,8.835375217919648,8.100349334524424,8.072342549347923,8.535115565204933,6.9718692664743,8.449477368732971,10.643248730102812,8.966336654834663,7.410522355026956,8.100189298896566,5.189611546514357,8.474329316319483,3.5380336008589097,0.02449905027173665,0.016689230178590427,0.04460654450239673,0.03210376955349413,0.018397243803604232,0.017977922367339957,0.026100399772235067,0.020208837446933386,0.025455103808716205,0.015664650971431143,0.026001365938071782,0.031567949263770705,0.022877283062595462,0.024672971679101013,0.01737438823198455,0.017795702986606186,0.018112675778303864,0.014978831715473566,0.019013610994958994,0.015768296701214428,0.024542727112716194,0.018966456264765803,0.011581612576060748,0.008125404301665305,0.014737895305023495,0.0241944691519878,0.032571971209275616,0.019275064439353437,0.022320657937314893,0.027166188759316798
437,7.5244335043242545,1.620855407963243,0.021210842650491626,7.032077096002695,4.9829261255493975,7.218614768720556,4.89129954375278,10.01930966627674,6.169128561557841,7.602582675271208,7.4473374339991665,9.223764026801632,8.528843352546915,8.612026130181732,5.52057912089964,9.608577702337755,6.41586283294896,5.752449834007109,7.387833181930375,8.032992272185197,8.835375217919648,8.100349334524424,8.072342549347923,8.535115565204933,6.9718692664743,8.449477368732971,10.643248730102812,8.966336654834663,7.410522355026956,8.100189298896566,5.189611546514357,8.474329316319483,3.5380336008589097,0.03636874412716312,0.018263235453067794,0.040633695140441545,0.03578378570867394,0.03092096894114932,0.0214818639902333,0.025568112661449382,0.025823833864334608,0.02556756989347733,0.01278519361316589,0.01995919588852195,0.023442852695894786,0.023110472822046473,0.016203234050158204,0.025710171636188134,0.019960198237088594,0.017584277753909434,0.010292429516271785,0.01294149851776708,0.01493137076468264,0.016398750467135955,0.023356809013105412,0.011197311497067316,0.006474968574329887,0.009366991901924197,0.01818285474969663,0.03163451390942565,0.016543156228714932,0.021007276783858435,0.024829941113805234
438,7.517649098754331,1.608163068645155,0.02059752019302961,7.032077096002695,4.9829261255493975,7.218614768720556,4.89129954375278,10.01930966627674,6.169128561557841,7.602582675271208,7.4473374339991665,9.223764026801632,8.528843352546915,8.612026130181732,5.52057912089964,9.608577702337755,6.41586283294896,5.752449834007109,7.387833181930375,8.032992272185197,8.835375217919648,8.100349334524424,8.072342549347923,8.535115565204933,6.9718692664743,8.449477368732971,10.439716563005106,8.966336654834663,7.410522355026956,8.100189298896566,5.189611546514357,8.474329316319483,3.5380336008589097,0.04113948398886558,0.015453374784396874,0.03755327642541822,0.03300849584853437,0.02345154706384107,0.020190676413737868,0.020841613726984242,0.01995879221319266,0.0237767073985927,0.019304650462627776,0.021946882463118877,0.017522596108468055,0.022719402116933924,0.009526825070836163,0.02028688350740871,0.025023540165746597,0.023165905866467426,0.011268273964760761,0.017996485941568063,0.023188907932151503,0.008769889366689938,0.027849486611934562,0.012630914905136162,0.010856706679077134,0.013259254546732458,0.01917215269649083,0.02768582858154432,0.011241903804521865,0.021556405433763543,0.017578741701345955
439,7.513039453983386,1.605610400860677,0.021272443727050606,7.032077096002695,4.9829261255493975,7.218614768720556,4.89129954375278,10.01930966627674,6.169128561557841,7.602582675271208,7.4473374339991665,9.223764026801632,8.528843352546915,8.612026130181732,5.52057912089964,9.608577702337755,6.41586283294896,5.752449834007109,7.387833181930375,8.032992272185197,8.835375217919648,8.100349334524424,8.072342549347923,8.535115565204933,6.9718692664743,8.449477368732971,10.439716563005106,8.966336654834663,7.410522355026956,8.100189298896566,5.189611546514357,8.336039973191134,3.5380336008589097,0.04753858204083555,0.024894944657028958,0.02233943268265483,0.03215052345510908,0.02492420963346161,0.025645021301624275,0.027205174531209478,0.023348591019711824,0.020102355931073825,0.008731948048706587,0.022358993834036094,0.02342657914733483,0.024910840899877967,0.011145456952632804,0.022148517044592336,0.023827670145295025,0.015608146215531311,0.00940536731474089,0.015600195333823173,0.011283183809001807,0.017044300415286765,0.03403663757220857,0.01667122744481679,0.009621558338384129,0.01487682305465707,0.02299794144616198,0.030344045410682752,0.016620347649825184,0.020103517859952062,0.019261178621260804
440,7.513039453983386,1.605610400860677,0.021724813712723588,7.032077096002695,4.9829261255493975,7.218614768720556,4.89129954375278,10.01930966627674,6.169128561557841,7.602582675271208,7.4473374339991665,9.223764026801632,8.528843352546915,8.612026130181732,5.52057912089964,9.608577702337755,6.41586283294896,5.752449834007109,7.387833181930375,8.032992272185197,8.835375217919648,8.100349334524424,8.072342549347923,8.535115565204933,6.9718692664743,8.449477368732971,10.439716563005106,8.966336654834663,7.410522355026956,8.100189298896566,5.189611546514357,8.336039973191134,3.5380336008589097,0.041535644511840726,0.02371715571232113,0.027292701713474237,0.02255393320687744,0.029804295184022906,0.024364355290434226,0.021509412526005314,0.027161850635229433,0.025105016600897836,0.015692847018542986,0.015439765303930387,0.021488770203528258,0.035375463249607275,0.013814870631911792,0.025539715627205313,0.021706430431596733,0.006813610738820302,0.010307461997906577,0.015563283209779075,0.015553355120983822,0.027520671356651448,0.033786470011104325,0.018873184186439455,0.011827460549456058,0.01618374399048774,0.012778697892214494,0.031396629324069635,0.017620186777974514,0.025993500169039375,0.015423928209354764
441,7.469745259539481,1.6015703937562729,0.023265102528461465,7.032077096002695,4.9829261255493975,7.218614768720556,4.89129954375278,10.01930966627674,6.169128561557841,7.602582675271208,7.4473374339991665,9.223764026801632,8.528843352546915,8.612026130181732,5.52057912089964,9.608577702337755,6.41586283294896,5.636794764150125,7.387833181930375,8.032992272185197,8.835375217919648,8.100349334524424,8.072342549347923,7.572893099908413,6.750920968310652,8.449477368732971,10.439716563005106,8.966336654834663,7.410522355026956,8.100189298896566,5.189611546514357,8.336039973191134,3.5380336008589097,0.041722067875934195,0.03415349591700069,0.03127682979945285,0.028749162167477655,0.028458410236147164,0.028872155298577198,0.03431411997787589,0.023228789841968283,0.02290984348653448,0.01086095010828997,0.01418303225995584,0.030557626335930413,0.027892156806814266,0.013007110470027687,0.029155730252240268,0.024318155674532063,0.004405622233432258,0.008764790097391418,0.01986608540714822,0.011723012127443436,0.026371613112820828,0.036485034594716304,0.023153702649518035,0.009263242693177014,0.022008553061336075,0.01087917996139303,0.029368142702489622,0.0265311303176525,0.024123929666064338,0.021349400720501902
442,7.449083877677981,1.5978599838919905,0.02336176619976933,7.032077096002695,4.9829261255493975,7.218614768720556,4.89129954375278,10.01930966627674,6.169128561557841,7.193493616698902,7.4473374339991665,9.223764026801632,8.318090955274215,8.612026130181732,5.52057912089964,9.608577702337755,6.41586283294896,5.636794764150125,7.387833181930375,8.032992272185197,8.835375217919648,8.100349334524424,8.072342549347923,7.572893099908413,6.750920968310652,8.449477368732971,10.439716563005106,8.966336654834663,7.410522355026956,8.100189298896566,5.189611546514357,8.336039973191134,3.5380336008589097,0.046536461227135825,0.02532020603580266,0.03290470192172721,0.029810789836092016,0.020596635519250155,0.028115926358308306,0.03985338809361256,0.027060231596220376,0.017204698625875384,0.012008662167294747,0.02626010212686195,0.024003888736274587,0.02835365687846229,0.009774304124115419,0.028254674231325057,0.026399260209550374,0.010637476472991143,0.004755482816662084,0.02158345580629691,0.018015933014148184,0.026709293733442035,0.03047511834031567,0.021408686789519904,0.003994948550055144,0.025107299125531026,0.015763719226752706,0.03209243796311106,0.029445497628827075,0.015751956253111536,0.0226540925844066
443,7.440648122835358,1.6114676631434066,0.02435233648315584,7.032077096002695,4.7298534802707195,7.218614768720556,4.89129954375278,10.01930966627674,6.169128561557841,7.193493616698902,7.4473374339991665,9.223764026801632,8.318090955274215,8.612026130181732,5.52057912089964,9.608577702337755,6.41586283294896,5.636794764150125,7.387833181930375,8.032992272185197,8.835375217919648,8.100349334524424,8.072342549347923,7.572893099908413,6.750920968310652,8.449477368732971,10.439716563005106,8.966336654834663,7.410522355026956,8.100189298896566,5.189611546514357,8.336039973191134,3.5380336008589097,0.050819711011000274,0.024782084632455573,0.030662321309501694,0.024962005088697777,0.023097110308309673,0.028847637542688574,0.029691221477458233,0.03388361289651,0.0157948101292662,0.018215593965608172,0.019792204957209535,0.013857033627080137,0.025678261943352734,0.008888021100180247,0.02423245798051318,0.029280064453771553,0.020427248341968584,0.009606385300288853,0.027213036380918473,0.02081609726950419,0.021922075524603207,0.03367883447753302,0.025764439294354114,0.008955975049145172,0.02771097460019566,0.017779276955285275,0.035205627582717815,0.03234727469709447,0.019271029779143602,0.02738766681831936
444,7.431614441697603,1.6065390628145864,0.024668995642680377,7.032077096002695,4.7298534802707195,7.218614768720556,4.89129954375278,10.01930966627674,6.169128561557841,7.193493616698902,7.4473374339991665,9.223764026801632,8.318090955274215,8.612026130181732,5.52057912089964,9.608577702337755,6.41586283294896,5.636794764150125,7.387833181930375,8.032992272185197,8.835375217919648,8.100349334524424,8.072342549347923,7.572893099908413,6.750920968310652,8.178466934600294,10.439716563005106,8.966336654834663,7.410522355026956,8.100189298896566,5.189611546514357,8.336039973191134,3.5380336008589097,0.04623197530144945,0.026203886469984054,0.03537327921391382,0.024849431147407997,0.024629952087222465,0.02270054777817444,0.027978462019450766,0.03461772945972254,0.019692951453112204,0.019490308701279983,0.02573652094998291,0.005482048428890522,0.024765737562443664,0.013735935407585179,0.015399611144694101,0.023672399737254542,0.021703235373861943,0.008905967750530694,0.03045119569167997,0.023768390995031242,0.022399573408815078,0.024736849877118713,0.031127585308539363,0.013320520739956845,0.031431513043419394,0.021325541185657774,0.038746592991082934,0.029822944261482402,0.02594666833695454,0.02582251345371179
445,7.395371591030884,1.5645422090579304,0.024034783380250283,7.032077096002695,4.7298534802707195,7.218614768720556,4.89129954375278,9.0216943254851,6.169128561557841,7.193493616698902,7.4473374339991665,9.223764026801632,8.318090955274215,8.612026130181732,5.507299143966804,9.608577702337755,6.339472630671878,5.636794764150125,7.387833181930375,8.032992272185197,8.835375217919648,8.100349334524424,8.072342549347923,7.572893099908413,6.750920968310652,8.178466934600294,10.439716563005106,8.966336654834663,7.410522355026956,8.100189298896566,5.189611546514357,8.336039973191134,3.5380336008589097,0.05273173985418476,0.013568787352354181,0.02980326266916738,0.02216150908746364,0.029079285876868175,0.026470708862911016,0.033989835006910954,0.032438884122912084,0.01633851971309045,0.018695776241440715,0.02253786411502344,0.010854833966980596,0.028136299772136678,0.014043529902003749,0.02272065478777875,0.015669773580573684,0.018730897780488285,0.017200214800512228,0.024667050743613746,0.028243678603838474,0.01831378927789285,0.015422046022069277,0.0373359893924538,0.0030802129590645866,0.029496643167894104,0.021459186663270246,0.04013527318894695,0.024861604487352272,0.017096744375985084,0.03575890503232625
446,7.384998827777356,1.5550955143845568,0.023012516706847248,7.032077096002695,4.7298534802707195,7.218614768720556,4.89129954375278,9.0216943254851,6.169128561557841,7.193493616698902,7.4473374339991665,9.223764026801632,8.318090955274215,8.612026130181732,5.507299143966804,9.608577702337755,6.339472630671878,5.636794764150125,7.387833181930375,8.032992272185197,8.835375217919648,8.100349334524424,8.072342549347923,7.572893099908413,6.750920968310652,8.178466934600294,10.439716563005106,8.655153757228845,7.410522355026956,8.100189298896566,5.189611546514357,8.336039973191134,3.5380336008589097,0.06015407633969393,0.016171908411314554,0.03424105155814719,0.028068412639827876,0.032695296714472945,0.025312585138902933,0.02945999514193327,0.021601124164195934,0.016719252254047284,0.018459769093166267,0.019708052509162917,0.007811240289048144,0.025826575681377428,0.008983730218278866,0.02543768048656527,0.007757657392234216,0.017205460618287673,0.012085520264017154,0.028321222713237545,0.027970288544091008,0.01761775569513025,0.012952248372305766,0.03082504199404724,0.0,0.022654232159536977,0.02213881264845014,0.037008804299797506,0.024625096338033853,0.020810216119588793,0.037752393406524636
447,7.377435592030281,1.5494411799224503,0.022718477836022006,7.032077096002695,4.7298534802707195,7.218614768720556,4.89129954375278,9.0216943254851,6.169128561557841,7.193493616698902,7.4473374339991665,9.223764026801632,8.318090955274215,8.612026130181732,5.507299143966804,9.608577702337755,6.339472630671878,5.636794764150125,7.387833181930375,8.032992272185197,8.835375217919648,8.100349334524424,8.072342549347923,7.572893099908413,6.750920968310652,8.178466934600294,10.439716563005106,8.428256684816574,7.410522355026956,8.100189298896566,5.189611546514357,8.336039973191134,3.5380336008589097,0.05890009029844021,0.02574374241755188,0.027999289918553768,0.03017790736123238,0.03401326486752934,0.03296513978840607,0.0207250647607303,0.021628030168661425,0.016489281357584117,0.022331872676653014,0.018604914876619895,0.016621190018985814,0.012653614317342656,0.011788045718398085,0.025672315482529393,0.0027461701720366237,0.02178721322381027,0.0034504646139501827,0.02720529885056128,0.030897929517480015,0.018392739224511064,0.018084636115524046,0.026274569975536188,0.006630879521403388,0.017424242004317293,0.020987272674992747,0.03706282995135188,0.02687783818339185,0.025285652644981258,0.022132834377593783
448,7.347263672754115,1.5345750973746064,0.021426651590623135,7.032077096002695,4.7298534802707195,7.218614768720556,4.89129954375278,9.0216943254851,6.169128561557841,7.193493616698902,7.4473374339991665,9.223764026801632,8.318090955274215,7.722125021311911,5.492042674551669,9.608577702337755,6.339472630671878,5.636794764150125,7.387833181930375,8.032992272185197,8.835375217919648,8.100349334524424,8.072342549347923,7.572893099908413,6.750920968310652,8.178466934600294,10.439716563005106,8.428256684816574,7.410522355026956,8.100189298896566,5.189611546514357,8.336039973191134,3.5380336008589097,0.04944488818184758,0.024737140726491545,0.027544728239477873,0.028467825248583704,0.030767942348745022,0.027372624880359814,0.01983875339508818,0.021735478095296246,0.020819124242631094,0.028961230269987613,0.014867030402263129,0.014711079535641053,0.01385874421374171,0.006684558721110899,0.02284650304934042,0.0,0.013694365530952974,0.004405251973667046,0.022224235257617565,0.032834427411961034,0.02461814264839471,0.020840328240677792,0.024126838100160905,0.00910011771292773,0.016496677833284117,0.012183107638231421,0.039165817174590146,0.027189838878229285,0.02194114831943403,0.02132159944795965
449,7.310469498771226,1.5461318549042093,0.02092657147041488,7.032077096002695,4.7298534802707195,7.218614768720556,4.89129954375278,9.0216943254851,6.169128561557841,7.193493616698902,7.4473374339991665,9.223764026801632,8.318090955274215,7.722125021311911,5.492042674551669,9.608577702337755,6.339472630671878,5.636794764150125,6.289663209799642,8.032992272185197,8.835375217919648,8.100349334524424,8.066687301991976,7.572893099908413,6.750920968310652,8.178466934600294,10.439716563005106,8.428256684816574,7.410522355026956,8.100189298896566,5.189611546514357,8.336039973191134,3.5380336008589097,0.038147081347594036,0.023190641822482597,0.024611039451763662,0.033611260773727156,0.029451015473277078,0.025016155042842544,0.008149362886284341,0.020198285053615737,0.023980157713550592,0.019095416374295526,0.012709886681377841,0.016923341490059023,0.016663278390152567,0.005179207083786676,0.019829882530521762,0.009042879645286944,0.008002013910341537,0.012520081848226306,0.02720990984101325,0.03618978630218679,0.020931508050013,0.031210867666551508,0.01848209261637019,0.007928053349810643,0.014227435670015307,0.014457305169502966,0.03700583995580357,0.02482444508210697,0.024218511668949443,0.024790401220936984
450,7.273180190667667,1.602861120740138,0.02212700085240891,7.032077096002695,4.7298534802707195,7.146665275761336,4.025974244250847,9.0216943254851,5.987724110912211,7.193493616698902,7.4473374339991665,9.223764026801632,8.318090955274215,7.722125021311911,5.492042674551669,9.608577702337755,6.339472630671878,5.636794764150125,6.289663209799642,8.032992272185197,8.835375217919648,8.100349334524424,8.066687301991976,7.572893099908413,6.750920968310652,8.178466934600294,10.439716563005106,8.428256684816574,7.410522355026956,8.100189298896566,5.189611546514357,8.336039973191134,3.5380336008589097,0.03772880047732642,0.023645445101849363,0.02769824120469976,0.03263580010546485,0.025446482794345682,0.024376579865945876,0.009096258582373212,0.014453168097828352,0.029295305576215496,0.016830813622752495,0.02165154792083661,0.012813545146129469,0.01842803136203963,0.013769955046148315,0.022681527481218076,0.02336844718318305,0.016860835476732172,0.010630624982416868,0.033833867001362074,0.03611946415657843,0.019338746676633708,0.03775587539705797,0.009168993174360991,0.018472651507468088,0.024902980657070396,0.01605686806858066,0.025792407194382787,0.033527554492517736,0.018214662332873048,0.0092145448858756
451,7.273163114995371,1.6028424959200978,0.020277187622656036,7.032077096002695,4.7298534802707195,7.146665275761336,4.025974244250847,9.021182055316217,5.987724110912211,7.193493616698902,7.4473374339991665,9.223764026801632,8.318090955274215,7.722125021311911,5.492042674551669,9.608577702337755,6.339472630671878,5.636794764150125,6.289663209799642,8.032992272185197,8.835375217919648,8.100349334524424,8.066687301991976,7.572893099908413,6.750920968310652,8.178466934600294,10.439716563005106,8.428256684816574,7.410522355026956,8.100189298896566,5.189611546514357,8.336039973191134,3.5380336008589097,0.029960308781409865,0.019920214164155313,0.021868495217957747,0.02876245177431228,0.02371556520642374,0.023622693732789874,0.0071761834977625855,0.017229131591099036,0.03892676021549171,0.01726733124399235,0.015060822124104558,0.006407247468170015,0.021414348844470247,0.014952639732727556,0.024264978696467748,0.014038370290454023,0.013208687059615448,0.0058131666851627675,0.02521149046979468,0.03552844043202014,0.026244814870135733,0.03319833721651512,0.011929156036005719,0.022332685958541258,0.016130261424221214,0.016098085395170984,0.032537670272985715,0.023434157899225212,0.014376053418733332,0.007685078959765188
452,7.272606806266653,1.6025582291636244,0.018917026200518473,7.032077096002695,4.7298534802707195,7.146665275761336,4.025974244250847,9.021182055316217,5.987724110912211,7.193493616698902,7.4473374339991665,9.223764026801632,8.318090955274215,7.722125021311911,5.492042674551669,9.608577702337755,6.339472630671878,5.636794764150125,6.289663209799642,8.032992272185197,8.835375217919648,8.100349334524424,8.066687301991976,7.572893099908413,6.750920968310652,8.178466934600294,10.439716563005106,8.428256684816574,7.410522355026956,8.083500037035037,5.189611546514357,8.336039973191134,3.5380336008589097,0.03134166324366373,0.011653812525857031,0.02742456775895879,0.031724748621257286,0.021901060409897727,0.014627451481441537,0.009896461896774835,0.009770731918756636,0.03380265030412811,0.01862768711438777,0.014336347692671099,0.010671523153012435,0.018735767908366924,0.010535021078041256,0.023891794505975433,0.012022508371888337,0.01128249362396592,0.016932400106794306,0.024281096898413925,0.036176393235765374,0.025313682752966866,0.03133135889049184,0.014920281038866232,0.01888695549828246,0.011702677032993408,0.011567521157085757,0.028572566583889958,0.017595251146163306,0.007167278419910761,0.010817031644885086
453,7.244304360945178,1.6040190213466377,0.019729701944114504,7.032077096002695,4.681236590253036,7.146665275761336,4.025974244250847,9.021182055316217,5.987724110912211,7.193493616698902,7.4473374339991665,9.223764026801632,8.318090955274215,7.722125021311911,5.344415365851489,9.608577702337755,6.339472630671878,5.636794764150125,6.289663209799642,8.032992272185197,8.835375217919648,8.100349334524424,8.066687301991976,7.572893099908413,6.750920968310652,8.178466934600294,10.439716563005106,8.428256684816574,7.410522355026956,7.43067087610865,5.189611546514357,8.336039973191134,3.5380336008589097,0.029879414825764544,0.008385057131851259,0.02507206547176215,0.03329927083869863,0.0194485360867014,0.01301578225242205,0.0036067981570416414,0.019765519709798965,0.0367569993325178,0.021316169121667453,0.016550703711396168,0.011959123390267785,0.0197460511227412,0.01757491516383232,0.025314729826260568,0.009427658612410836,0.013298197754829393,0.02134394196925999,0.018976611835046533,0.03710309274164268,0.020811287782279825,0.026008408157084877,0.021290207930669703,0.028331787832087636,0.01063926137379644,0.013805199845186954,0.025143736617383713,0.023144883245350377,0.0102924745741927,0.010583171909489751
454,7.220770857865686,1.617500038444961,0.020523738779765145,7.032077096002695,4.681236590253036,7.146665275761336,4.025974244250847,9.021182055316217,5.987724110912211,7.193493616698902,7.4473374339991665,9.223764026801632,8.318090955274215,7.722125021311911,5.344415365851489,9.608577702337755,6.339472630671878,5.636794764150125,6.289663209799642,7.710689608671544,8.835375217919648,8.100349334524424,8.066687301991976,7.572893099908413,6.750920968310652,8.178466934600294,10.439716563005106,8.428256684816574,7.410522355026956,7.43067087610865,4.805909117643239,8.336039973191134,3.5380336008589097,0.02251881040960746,0.011601588545778623,0.022840473695321648,0.04028486761487392,0.0159113361006037,0.01992708772431478,0.009333487512996352,0.022196806830835795,0.033088614612243834,0.02895535782410601,0.02205669072157451,0.015441480047091227,0.017780222447053847,0.015487755138707923,0.026265643670395657,0.016549328538958144,0.010198375437871048,0.019343495070186494,0.014942640183380896,0.03233731248115915,0.020895337319073087,0.00855128892012578,0.031628403837385556,0.025241955622336838,0.015619305044431594,0.0204944168752921,0.01575734516078874,0.02818284887732216,0.013771755305953112,0.018508131823184407
455,7.218590531732093,1.6160628712516953,0.021286641001274476,7.032077096002695,4.681236590253036,7.146665275761336,4.025974244250847,9.021182055316217,5.987724110912211,7.193493616698902,7.4473374339991665,9.223764026801632,8.252681171266431,7.722125021311911,5.344415365851489,9.608577702337755,6.339472630671878,5.636794764150125,6.289663209799642,7.710689608671544,8.835375217919648,8.100349334524424,8.066687301991976,7.572893099908413,6.750920968310652,8.178466934600294,10.439716563005106,8.428256684816574,7.410522355026956,7.43067087610865,4.805909117643239,8.336039973191134,3.5380336008589097,0.03738270000139153,0.01689991915706242,0.027695248109502246,0.040646118169464784,0.015031553907906062,0.018139468993495167,0.019892214128257823,0.02093582466928723,0.03354478472549084,0.025735845100487657,0.02068266841728008,0.018526423825356818,0.02174002676730213,0.012763012126360981,0.02112932723527018,0.01826773436602342,0.013033788189000367,0.010280653161447278,0.016635086364772574,0.02798138067010865,0.036211309763701474,0.01100234366230261,0.02548265549653414,0.017151229665410557,0.011782386737358609,0.026267873750204767,0.020775306570722595,0.025217940573945132,0.013051071848815045,0.014713333883971088
456,7.178632796873857,1.6257266218679345,0.022051013775966723,7.032077096002695,4.681236590253036,7.146665275761336,4.025974244250847,9.021182055316217,5.987724110912211,6.892325516740357,7.4473374339991665,9.223764026801632,8.252681171266431,7.722125021311911,5.344415365851489,9.608577702337755,6.339472630671878,5.636794764150125,6.289663209799642,6.95361066615618,8.835375217919648,8.100349334524424,8.066687301991976,7.572893099908413,6.750920968310652,8.178466934600294,10.439716563005106,8.428256684816574,7.410522355026956,7.43067087610865,4.805909117643239,8.336039973191134,3.3975485975857396,0.03007792367971175,0.02196449914795556,0.02283480618923937,0.032538614320086534,0.00898886168753931,0.02178469754776605,0.019448488806572222,0.03366631739466424,0.02888902289612036,0.017772874163153665,0.018148975909203214,0.018437747066921476,0.028614055442717258,0.018680582551985195,0.0244584827469897,0.02347941828815544,0.009397538754064618,0.016619479913491483,0.018050457779277235,0.025983160630703772,0.032556117935969756,0.009874051125119873,0.033514961444895124,0.022405393700835406,0.01785513891319759,0.027668015080972126,0.020394750772157615,0.02263405950500048,0.017953582510916426,0.01683833737361888
457,7.166153682519337,1.6252955859857903,0.02044142201029565,7.032077096002695,4.681236590253036,7.146665275761336,4.025974244250847,9.021182055316217,5.987724110912211,6.6400380010780395,7.4473374339991665,9.223764026801632,8.149567243552838,7.722125021311911,5.344415365851489,9.608577702337755,6.339472630671878,5.636794764150125,6.289663209799642,6.95361066615618,8.835375217919648,8.08137734726472,8.066687301991976,7.572893099908413,6.750920968310652,8.178466934600294,10.439716563005106,8.428256684816574,7.410522355026956,7.43067087610865,4.805909117643239,8.336039973191134,3.3975485975857396,0.01975954164924928,0.018980147211637998,0.030295212562906734,0.0346673824712482,0.002154275904510916,0.02190617958397932,0.024164866004702683,0.03129528173044501,0.010878990663930886,0.012400914405836254,0.019742183272407537,0.015804770410650686,0.01781644258115369,0.028586635606174193,0.02437335979686195,0.01854088803359104,0.0014216132562107297,0.020295113648234307,0.017220463824698412,0.021295098846823363,0.03540209241300495,0.010093969813577129,0.03243357414752626,0.024486737447307186,0.021798123687674732,0.01653547112761551,0.01987223731627824,0.023968928876430536,0.022443464197564156,0.014608699816637713
458,7.165039092452607,1.6261146025523818,0.02071766850567117,7.032077096002695,4.681236590253036,7.146665275761336,4.025974244250847,9.021182055316217,5.9542864089103205,6.6400380010780395,7.4473374339991665,9.223764026801632,8.149567243552838,7.722125021311911,5.344415365851489,9.608577702337755,6.339472630671878,5.636794764150125,6.289663209799642,6.95361066615618,8.835375217919648,8.08137734726472,8.066687301991976,7.572893099908413,6.750920968310652,8.178466934600294,10.439716563005106,8.428256684816574,7.410522355026956,7.43067087610865,4.805909117643239,8.336039973191134,3.3975485975857396,0.01847856840337233,0.03202960482164768,0.035753441263916975,0.03743398372461348,0.006605466928863767,0.023038604096194345,0.019476904999764517,0.03487665802668085,0.012176124381382764,0.0169195911709905,0.017002721956066304,0.0,0.02712798882746528,0.026639586232397535,0.015484292645294382,0.026839237171522905,0.0019354683507070683,0.02382308534090648,0.01939348492019322,0.014327367240565745,0.018048114969362025,0.010896331437831131,0.029734724546302316,0.022701998755579395,0.02216210938617551,0.014646483956545652,0.01624610242738352,0.021091241246852074,0.038542033788564,0.018098734152993262
459,7.136219933844012,1.632411973962013,0.02125573367552681,7.032077096002695,4.681236590253036,7.146602577099486,4.025974244250847,9.021182055316217,5.9542864089103205,6.6400380010780395,7.4473374339991665,9.223764026801632,8.149567243552838,7.722125021311911,5.344415365851489,9.608577702337755,6.339472630671878,5.240099208264098,6.289663209799642,6.95361066615618,8.835375217919648,8.08137734726472,8.066687301991976,7.572893099908413,6.750920968310652,7.710650430890325,10.439716563005106,8.428256684816574,7.410522355026956,7.43067087610865,4.805909117643239,8.336039973191134,3.3975485975857396,0.02205691680416681,0.03985449326368223,0.03345765969806378,0.034041108566725875,0.0054770391508561014,0.011528122774486138,0.01752307202213702,0.03929746200938284,0.009519713532621986,0.01834162096046087,0.01728237868588479,0.0013273286373139538,0.030208599676853964,0.020244188309570976,0.021663971875994163,0.026497890169496316,0.012837283614300785,0.025257436789626754,0.017734294214003524,0.021950232021775276,0.026051816379318717,0.015548111023010746,0.021881033088406943,0.015807021799960363,0.02363459401839887,0.01552546801995201,0.026016954905535062,0.019738900321285488,0.03295807435322886,0.01440922357930332
460,7.097578236137632,1.6047704147477029,0.022024055863831864,7.032077096002695,4.681236590253036,7.146602577099486,4.025974244250847,9.021182055316217,5.9542864089103205,6.6400380010780395,7.4473374339991665,8.315033011271623,8.149567243552838,7.722125021311911,5.344415365851489,9.586262915803502,6.339472630671878,5.240099208264098,6.06145808067248,6.95361066615618,8.835375217919648,8.08137734726472,8.066687301991976,7.572893099908413,6.750920968310652,7.710650430890325,10.439716563005106,8.428256684816574,7.410522355026956,7.43067087610865,4.805909117643239,8.336039973191134,3.3975485975857396,0.020128212627060448,0.034570614303151274,0.03267088632547779,0.03599030448813358,0.005572944171039698,0.014876171750833703,0.01646324184925458,0.04474412880402009,0.0,0.020421678337622737,0.014340330514083326,0.0,0.03369185236863142,0.03177645731785324,0.01979600965415749,0.016295691235959454,0.011128726911856512,0.023433128988552297,0.02551319631462517,0.02732872071634789,0.022598500334391435,0.02442550402984648,0.03192053557678664,0.012018593383055371,0.030385423846497943,0.0041594357024709455,0.0268729391518339,0.028224121631472456,0.027958862551191635,0.023415463028748487
461,7.075204133972454,1.5896415367833823,0.02068677952929327,7.032077096002695,4.681236590253036,7.146602577099486,3.9791382865253127,9.021182055316217,5.812538332028623,6.6400380010780395,7.4473374339991665,8.315033011271623,8.149567243552838,7.722125021311911,5.344415365851489,9.149958653809563,6.339472630671878,5.240099208264098,6.06145808067248,6.95361066615618,8.835375217919648,8.08137734726472,8.020352533637833,7.572893099908413,6.750920968310652,7.710650430890325,10.439716563005106,8.428256684816574,7.410522355026956,7.43067087610865,4.805909117643239,8.336039973191134,3.3975485975857396,0.02628882425369503,0.02535799751693329,0.03223938592041261,0.03176179774439643,0.007003684881283126,0.011094199325559778,0.016547548162724704,0.03261467996611769,0.008725762323362697,0.021130904817610516,0.008901874862262573,0.012667209858407347,0.02877799448927666,0.029264209501124794,0.025080244785673445,0.013834451306841826,0.010725357964768574,0.018120381300579965,0.017091560435907018,0.01603271434981727,0.02561062294872456,0.022601537248001718,0.03668214580578995,0.00072029533853209,0.030803401340230956,0.011492390742985028,0.024998012029714283,0.0323706638718354,0.023318673716239652,0.018744859069989146
462,6.973275408894121,1.6806493395503237,0.019569698722775062,7.032077096002695,4.681236590253036,7.146602577099486,3.9791382865253127,9.021182055316217,3.577679592425852,6.6400380010780395,7.4473374339991665,8.315033011271623,8.149567243552838,7.722125021311911,5.344415365851489,9.149958653809563,6.339472630671878,5.240099208264098,6.06145808067248,6.95361066615618,8.835375217919648,8.08137734726472,8.020352533637833,7.572893099908413,6.750920968310652,7.710650430890325,10.439716563005106,8.428256684816574,7.410522355026956,7.43067087610865,4.805909117643239,7.5130369604439124,3.3975485975857396,0.02761874510827861,0.01939769283308289,0.03305271082510393,0.032721965974336825,0.015110479048117223,0.016117725775780866,0.012689693201311018,0.027972584215755093,0.00869448304748381,0.019600051766827598,0.0065961917938359696,0.011714794832536264,0.021764989933811374,0.026893409375242185,0.02249443821936364,0.015893367558219875,0.019321788879463477,0.01785640165993349,0.02432861043067138,0.011757073076113254,0.025632517849132962,0.016647053617690085,0.029164434640160265,0.006242063609934954,0.02971752915381231,0.010222589615733385,0.021464592292407166,0.03135926225157624,0.019074314462098674,0.005969406635436967
463,6.973275408894121,1.6806493395503237,0.019047118030781247,7.032077096002695,4.681236590253036,7.146602577099486,3.9791382865253127,9.021182055316217,3.577679592425852,6.6400380010780395,7.4473374339991665,8.315033011271623,8.149567243552838,7.722125021311911,5.344415365851489,9.149958653809563,6.339472630671878,5.240099208264098,6.06145808067248,6.95361066615618,8.835375217919648,8.08137734726472,8.020352533637833,7.572893099908413,6.750920968310652,7.710650430890325,10.439716563005106,8.428256684816574,7.410522355026956,7.43067087610865,4.805909117643239,7.5130369604439124,3.3975485975857396,0.027609835699157908,0.021518551187086146,0.030744571109547918,0.03058125277234948,0.01489366878086917,0.01666431931021207,0.013145842170498022,0.030640422894785146,0.01656785933412763,0.018525840312838073,0.009033577171092882,0.00901377126862921,0.018985349797874983,0.020476652066578848,0.0210295362886483,0.020002978356196938,0.018419886268748027,0.010370771467224212,0.025712633207421825,0.011543001408457225,0.028651769847605587,0.018579827035600065,0.023849972321209043,0.016941248138063292,0.027925635549902236,0.008762649416319662,0.015094709561505494,0.030441996176781217,0.01388285167254242,0.0018025603315644236
464,6.973275408894121,1.6806493395503237,0.018667339302090233,7.032077096002695,4.681236590253036,7.146602577099486,3.9791382865253127,9.021182055316217,3.577679592425852,6.6400380010780395,7.4473374339991665,8.315033011271623,8.149567243552838,7.722125021311911,5.344415365851489,9.149958653809563,6.339472630671878,5.240099208264098,6.06145808067248,6.95361066615618,8.835375217919648,8.08137734726472,8.020352533637833,7.572893099908413,6.750920968310652,7.710650430890325,10.439716563005106,8.428256684816574,7.410522355026956,7.43067087610865,4.805909117643239,7.5130369604439124,3.3975485975857396,0.036858554039033285,0.021161894805090342,0.01810359581132611,0.0348493635642152,0.023637357025833982,0.019257301760117643,0.015830657439133873,0.033922698536071154,0.012939657012290681,0.014902849977072448,0.008524137138518675,0.009617574528031985,0.01289660999227186,0.017526440915140735,0.01679728635891457,0.02727654192667071,0.023163618679795172,0.004828902551657079,0.019630421762721728,0.010562387813071086,0.026211524675656465,0.02073741106876026,0.017357160362318456,0.009948038384553489,0.03619654782365386,0.002245373708341752,0.012997860554663523,0.025026473811620552,0.01907411364874449,0.007937823387415813
465,6.968327110147664,1.6892824008448755,0.017605381030695085,7.032077096002695,4.603668133364181,7.146602577099486,3.9791382865253127,9.021182055316217,3.577679592425852,6.6400380010780395,7.4473374339991665,8.315033011271623,8.149567243552838,7.722125021311911,5.344415365851489,9.149958653809563,6.339472630671878,5.240099208264098,6.06145808067248,6.95361066615618,8.835375217919648,8.08137734726472,8.020352533637833,7.572893099908413,6.750920968310652,7.710650430890325,10.439716563005106,8.428256684816574,7.410522355026956,7.43067087610865,4.805909117643239,7.5130369604439124,3.3266680920808653,0.023880443030314457,0.008817997514683517,0.02249711892740348,0.03110323082271662,0.016664332563305528,0.023245694295539323,0.012203667004335424,0.03221127837396817,0.01744653459482812,0.00918769125367005,0.015859416153968516,0.00866526655377872,0.014231739069085399,0.026311185301507084,0.00854377399591051,0.03399327238624172,0.021739579142268192,0.007326637669904624,0.02557464938149942,0.0025004726073565024,0.025998471763442162,0.015632458199797212,0.02249166897712098,0.008133496712668692,0.030440905918341896,0.0,0.007632284117300616,0.02889228215506175,0.014585811397499362,0.012350071037334518
466,6.946948800554124,1.6873531654578875,0.01809535693276064,7.032077096002695,4.603668133364181,7.146602577099486,3.9791382865253127,9.021182055316217,3.577679592425852,6.6400380010780395,7.4473374339991665,8.315033011271623,8.149567243552838,7.722125021311911,5.344415365851489,9.149958653809563,6.339472630671878,5.240099208264098,6.06145808067248,6.95361066615618,8.835375217919648,8.08137734726472,8.020352533637833,7.572893099908413,6.750920968310652,7.710650430890325,10.439716563005106,8.428256684816574,7.410522355026956,6.789321588302471,4.805909117643239,7.5130369604439124,3.3266680920808653,0.029584193333695528,0.009782030263496718,0.02441842999513511,0.025487266690440866,0.021163571832657303,0.023881117005467564,0.01041852062532087,0.026557010935609828,0.02250909116734649,0.014944965687550866,0.01517501740150568,0.016607437631849842,0.024167606647591176,0.02995128623357202,0.016623026099345954,0.02674653203641618,0.020433218151015613,0.0028357784069046954,0.022235811040316012,0.0014247829729885078,0.02822106739958087,0.017340418222878143,0.014490828219354407,0.01499356899835971,0.0344295440391757,0.004097858792326876,0.005540382311009665,0.01463795354239667,0.010009468845465237,0.014152923454045091
467,6.889844070502696,1.6438292340161524,0.020369922484021957,6.79574358007585,4.249315908670155,7.146602577099486,3.9791382865253127,9.021182055316217,3.577679592425852,6.6400380010780395,7.4473374339991665,8.315033011271623,8.149567243552838,7.722125021311911,5.344415365851489,9.149958653809563,6.339472630671878,5.240099208264098,6.045101508083803,6.95361066615618,8.835375217919648,8.08137734726472,8.020352533637833,7.572893099908413,6.750920968310652,7.710650430890325,9.43732131390027,8.428256684816574,7.3068180157985125,6.789321588302471,4.805909117643239,7.5130369604439124,3.3266680920808653,0.034156938657867515,0.012321181617590696,0.028801802517069645,0.019240310706753756,0.03153821704528459,0.020749170044143467,0.02005773336196646,0.019494228278874908,0.02347800141262454,0.01421213175934251,0.019287685045371743,0.015704503848324863,0.028522678914972958,0.022746703142671812,0.023757683395551323,0.01857066997969626,0.029272473078369946,0.0,0.02813579365528805,0.006266298813316836,0.043721767354760036,0.01740470176532873,0.010320290318231937,0.013553032643032446,0.03306903806596932,0.008246440389054407,0.0004168958818369081,0.02234694143359132,0.01965527199542176,0.026049089398350007
468,6.8593480590094655,1.6263689547785105,0.02005191501456213,6.79574358007585,4.249315908670155,7.146602577099486,3.9791382865253127,8.366972648686044,3.577679592425852,6.6400380010780395,7.4473374339991665,8.315033011271623,8.149567243552838,7.722125021311911,5.119957006621519,9.149958653809563,6.339472630671878,5.240099208264098,6.045101508083803,6.95361066615618,8.830887823627847,8.08137734726472,8.020352533637833,7.572893099908413,6.750920968310652,7.678925246245342,9.43732131390027,8.428256684816574,7.3068180157985125,6.789321588302471,4.805909117643239,7.5130369604439124,3.3266680920808653,0.034306008707993586,0.016852178516980964,0.024068690760854456,0.015083174495504576,0.024219941106104478,0.026696399529018953,0.028331731716106985,0.010108005392215203,0.016008109430286126,0.014899980212585817,0.02053728454587646,0.013280901900484735,0.030203231034590758,0.018503499135176654,0.022569393177997752,0.02179502209811486,0.023775745402685053,0.0014855334814485675,0.03334124913439958,0.002427220400587345,0.048715346561404714,0.016890273714007687,0.0023881188137220757,0.014018246411366272,0.024577803016151447,0.0,0.010930796082110755,0.03270734078500826,0.021481121145949376,0.031355103728130454
469,6.8400375006887355,1.6109925531321825,0.019665839035430212,6.79574358007585,4.249315908670155,7.146602577099486,3.9791382865253127,8.366972648686044,3.577679592425852,6.6400380010780395,7.4473374339991665,8.315033011271623,8.149567243552838,7.722125021311911,5.119957006621519,9.149958653809563,6.339472630671878,5.240099208264098,6.045101508083803,6.95361066615618,8.830887823627847,8.08137734726472,8.020352533637833,7.572893099908413,6.750920968310652,7.678925246245342,9.43732131390027,7.8489399351946645,7.3068180157985125,6.789321588302471,4.805909117643239,7.5130369604439124,3.3266680920808653,0.026531148656665778,0.01930218368779712,0.02594990402907546,0.016285749699875018,0.00869013503075629,0.020188643397996434,0.030950088169141115,0.01472015138424295,0.02003874033504919,0.004633775868659114,0.012597864345108333,0.010023345837723768,0.03387136944496283,0.02202738695643413,0.015910578523887615,0.023231692662033194,0.01918037655304636,0.004820714050283494,0.03927108451031321,0.0048115292670292,0.03751284669667401,0.01845887792470172,0.010827078088575621,0.010304725750745718,0.025271789983339468,0.011606989951316031,0.015878969333553494,0.029598543425202472,0.020543041342289844,0.036935846156427296
470,6.8400375006887355,1.6109925531321825,0.019410646757352504,6.79574358007585,4.249315908670155,7.146602577099486,3.9791382865253127,8.366972648686044,3.577679592425852,6.6400380010780395,7.4473374339991665,8.315033011271623,8.149567243552838,7.722125021311911,5.119957006621519,9.149958653809563,6.339472630671878,5.240099208264098,6.045101508083803,6.95361066615618,8.830887823627847,8.08137734726472,8.020352533637833,7.572893099908413,6.750920968310652,7.678925246245342,9.43732131390027,7.8489399351946645,7.3068180157985125,6.789321588302471,4.805909117643239,7.5130369604439124,3.3266680920808653,0.02149791893194721,0.012198129182506012,0.02746964625932391,0.016419490231494374,0.012197822279853159,0.01440278370590309,0.030837285736572333,0.01791485238590816,0.024915670664139,0.008529173408335913,0.02012002926227798,0.007283591214019243,0.028739057485653224,0.012561316928723433,0.015612469898167577,0.01438767140321563,0.0246310320586356,0.008820600077999556,0.03769017389868086,0.0,0.03121504247351575,0.022146712653511993,0.008842506816350787,0.01321753769191101,0.029816564846188498,0.014012528222079289,0.018802591659744964,0.030097752528533705,0.020077562151426753,0.0378618886639561
471,6.830088188085695,1.6224656912058255,0.02032243378817601,6.79574358007585,4.249315908670155,7.146602577099486,3.9791382865253127,8.366972648686044,3.577679592425852,6.6400380010780395,7.4473374339991665,8.315033011271623,8.149567243552838,7.722125021311911,4.821477628530317,9.149958653809563,6.339472630671878,5.240099208264098,6.045101508083803,6.95361066615618,8.830887823627847,8.08137734726472,8.020352533637833,7.572893099908413,6.750920968310652,7.678925246245342,9.43732131390027,7.8489399351946645,7.3068180157985125,6.789321588302471,4.805909117643239,7.5130369604439124,3.3266680920808653,0.02216031356786539,0.016434494679877277,0.02457063960018955,0.017786547229732705,0.01691971188614559,0.017358287014997902,0.030623376240740827,0.020711647842555445,0.021649257785709898,0.005630738038437086,0.022949311862100783,0.009818544252563644,0.027218150132184014,0.01923020747522407,0.02015718111216159,0.023535262998749383,0.028112769271503694,0.009702240807235332,0.04078244591232731,0.0,0.027034440304534266,0.019561747332214177,0.013481779017160238,0.008726076191605519,0.027412480131235515,0.012843469687456121,0.014634836029444766,0.035816694328626074,0.01782833029159779,0.03698203262110435
472,6.820576654311367,1.6189157174153275,0.020298843717146887,6.79574358007585,4.249315908670155,7.146602577099486,3.9791382865253127,8.366972648686044,3.577679592425852,6.6400380010780395,7.4473374339991665,8.315033011271623,8.149567243552838,7.722125021311911,4.821477628530317,9.149958653809563,6.339472630671878,5.240099208264098,6.045101508083803,6.95361066615618,8.830887823627847,8.08137734726472,8.020352533637833,7.287547086678558,6.750920968310652,7.678925246245342,9.43732131390027,7.8489399351946645,7.3068180157985125,6.789321588302471,4.805909117643239,7.5130369604439124,3.3266680920808653,0.013488144409732708,0.022444068804556308,0.03800947830151662,0.020186804736129733,0.011333533248935237,0.020094449011808985,0.0315059949415194,0.012450676447631582,0.0223868877073291,0.007033745535736402,0.022096647626600293,0.011466343791481388,0.030567469159678822,0.02024934966335995,0.015860001153480203,0.021960463512980515,0.025332798833214504,0.005932556415135488,0.03348450239603913,0.0014714659755062428,0.020802127590731113,0.020921906733472457,0.01631971149901635,0.013466724244466932,0.026979175096828137,0.016663471024488063,0.006860399582050315,0.03730374997973517,0.02483795873339897,0.037454705357846466
473,6.799087024139192,1.6185164150479676,0.02129759745519059,6.79574358007585,4.249315908670155,7.146602577099486,3.9791382865253127,8.366972648686044,3.577679592425852,6.21938428934169,7.4473374339991665,8.315033011271623,8.149567243552838,7.498089827883007,4.821477628530317,9.149958653809563,6.339472630671878,5.240099208264098,6.045101508083803,6.95361066615618,8.830887823627847,8.08137734726472,8.020352533637833,7.287547086678558,6.750920968310652,7.678925246245342,9.43732131390027,7.8489399351946645,7.3068180157985125,6.789321588302471,4.805909117643239,7.5130369604439124,3.3266680920808653,0.023362439618052566,0.02001577191227052,0.02964300480894864,0.026058381415343224,0.013309449438272869,0.020320952588183245,0.03421765903675138,0.02187722788460043,0.020880775737863382,0.011241125069290486,0.015913197634253723,0.02086864095063383,0.035831359382797794,0.019294880332767297,0.019280337115100746,0.027919916369966494,0.020578869034245408,0.004348095263694453,0.02657388303828286,0.009264766922653728,0.019430506615647235,0.01964071209741075,0.014643307467111363,0.008903600495983684,0.03218501875257713,0.01641999257555255,0.013549028670752472,0.033802408580235456,0.020493062340846212,0.03905955250562786
474,6.788035090555428,1.6414454482513452,0.021258459915908277,6.79574358007585,4.249315908670155,7.146602577099486,3.9791382865253127,8.366972648686044,3.2461215849129417,6.21938428934169,7.4473374339991665,8.315033011271623,8.149567243552838,7.498089827883007,4.821477628530317,9.149958653809563,6.339472630671878,5.240099208264098,6.045101508083803,6.95361066615618,8.830887823627847,8.08137734726472,8.020352533637833,7.287547086678558,6.750920968310652,7.678925246245342,9.43732131390027,7.8489399351946645,7.3068180157985125,6.789321588302471,4.805909117643239,7.5130369604439124,3.3266680920808653,0.01654922925387528,0.01588078400024417,0.036312846261997246,0.009860436807491595,0.01023366048309179,0.019990744775947724,0.03349407900753982,0.02634669278262408,0.01503493489563022,0.018672142225074764,0.014322744496589806,0.020341975571565887,0.031673916863913215,0.02108717030288269,0.01965624601702474,0.02931133628479892,0.027166063432816773,0.009345048995316935,0.03214744288833357,0.024270122563681024,0.017092638816931755,0.0211400786573396,0.008604297367793121,0.0014532518561980855,0.0328119009646441,0.025514213551173972,0.014390662650012737,0.026125817254579946,0.024105777603284168,0.034817540844850385
475,6.7880084618235434,1.6414347587942637,0.02364023422069098,6.79574358007585,4.249315908670155,7.146602577099486,3.9791382865253127,8.366972648686044,3.2461215849129417,6.21938428934169,7.446538572042641,8.315033011271623,8.149567243552838,7.498089827883007,4.821477628530317,9.149958653809563,6.339472630671878,5.240099208264098,6.045101508083803,6.95361066615618,8.830887823627847,8.08137734726472,8.020352533637833,7.287547086678558,6.750920968310652,7.678925246245342,9.43732131390027,7.8489399351946645,7.3068180157985125,6.789321588302471,4.805909117643239,7.5130369604439124,3.3266680920808653,0.014452211198521366,0.016626852038671782,0.04259814696033567,0.011453581739027907,0.01447335041461702,0.022156217059600577,0.033685903173181805,0.02475317067310862,0.0189527505378507,0.020679361543931244,0.01981650375274474,0.023805056544149245,0.03122768642001392,0.02628989179272758,0.023548070908781072,0.03158288799165853,0.028686035407746675,0.012973471156206269,0.024460674491231564,0.03093490759662409,0.022022652647012968,0.027518898579802022,0.015279847204487697,0.0,0.02542548630816828,0.039409515422306675,0.017844339668627984,0.025462589286486325,0.02254555019081184,0.04054141591229514
476,6.763735559820096,1.635655731758136,0.022635172696857685,6.79574358007585,4.249315908670155,7.146602577099486,3.9791382865253127,8.366972648686044,3.2461215849129417,6.21938428934169,7.144944005825209,8.315033011271623,8.149567243552838,7.498089827883007,4.821477628530317,9.149958653809563,6.339472630671878,5.240099208264098,6.045101508083803,6.95361066615618,8.830887823627847,8.08137734726472,8.020352533637833,6.860954592792552,6.750920968310652,7.678925246245342,9.43732131390027,7.8489399351946645,7.3068180157985125,6.789321588302471,4.805909117643239,7.5130369604439124,3.3266680920808653,0.011384966452685897,0.017787083606749753,0.04159499517540838,0.015941144278835022,0.011867081792500832,0.01783152089741865,0.02782620121463216,0.00993110996414124,0.015951146239758192,0.020345691162680445,0.02321020862140043,0.021835057689860052,0.035259146642715566,0.020872472898949182,0.026427436881408226,0.03367501065545422,0.01675478435574801,0.015228881411966837,0.023194130687384847,0.03184863408543824,0.019176608635470997,0.025484681240834597,0.019012048662667532,0.0071179228516000895,0.02579896662446503,0.03127805498186682,0.013515612711125563,0.032306165447519374,0.021406581210881803,0.04519183382416255
477,6.763735559820096,1.635655731758136,0.02282570937414905,6.79574358007585,4.249315908670155,7.146602577099486,3.9791382865253127,8.366972648686044,3.2461215849129417,6.21938428934169,7.144944005825209,8.315033011271623,8.149567243552838,7.498089827883007,4.821477628530317,9.149958653809563,6.339472630671878,5.240099208264098,6.045101508083803,6.95361066615618,8.830887823627847,8.08137734726472,8.020352533637833,6.860954592792552,6.750920968310652,7.678925246245342,9.43732131390027,7.8489399351946645,7.3068180157985125,6.789321588302471,4.805909117643239,7.5130369604439124,3.3266680920808653,0.024963416913955993,0.01878247643527721,0.045718922728857136,0.01665263267430713,0.008879160744700628,0.011022164268277769,0.027988122284127764,0.02058799427086424,0.024571484159174903,0.018866807346530463,0.02350379922221829,0.014559473872665166,0.04130900272243686,0.017130878975767955,0.029618174134480178,0.034875110729966734,0.01363760736335104,0.010508007767226228,0.025684694170927058,0.02817673073260904,0.017830218409386714,0.025692927486011024,0.016098910367808486,0.012656908174120964,0.017082197136319584,0.02794206905257297,0.022633503035980263,0.026307506989236,0.020275686302585114,0.04121469275272852
478,6.740240357207072,1.644408414729837,0.02287798170268273,6.79574358007585,4.249315908670155,7.146602577099486,3.8978543652273743,8.366972648686044,3.2461215849129417,6.21938428934169,7.144944005825209,8.315033011271623,8.149567243552838,7.498089827883007,4.821477628530317,9.149958653809563,6.09883190634946,5.240099208264098,6.045101508083803,6.95361066615618,8.830887823627847,8.08137734726472,8.020352533637833,6.860954592792552,6.367989535540289,7.678925246245342,9.43732131390027,7.8489399351946645,7.3068180157985125,6.789321588302471,4.805909117643239,7.5130369604439124,3.3266680920808653,0.020586125832195188,0.023595401687591982,0.04876439132758746,0.020306292210507074,0.012229670717537198,0.012588137886565166,0.02937574256544413,0.01557917106119428,0.023371928324171707,0.015714946031759318,0.02123953577384249,0.020954304839110628,0.031903024938915,0.016561617663653168,0.02845340355096829,0.0336761248579183,0.018886717930371617,0.008994829004022339,0.024139771832325272,0.02386525591102302,0.019413783936711525,0.025433964058464896,0.015010665784240455,0.014036081870243532,0.01094143510016464,0.03320388541571344,0.022193211545746373,0.03321569401008146,0.022455867629295034,0.03964846778311687
479,6.705109699578467,1.6688127414020335,0.023531022855113413,6.79574358007585,4.249315908670155,7.146602577099486,3.8978543652273743,8.366972648686044,3.2461215849129417,6.21938428934169,7.144944005825209,8.315033011271623,8.149567243552838,7.498089827883007,4.821477628530317,9.149958653809563,5.044912177491312,5.240099208264098,6.045101508083803,6.95361066615618,8.830887823627847,8.08137734726472,8.020352533637833,6.860954592792552,6.367989535540289,7.678925246245342,9.43732131390027,7.8489399351946645,7.3068180157985125,6.789321588302471,4.805909117643239,7.5130369604439124,3.3266680920808653,0.024358075738370826,0.027256467492051187,0.037701146488502056,0.018873577720066762,0.012671740676926276,0.02550306823178158,0.03080134916074289,0.019192145498188942,0.026405033880032815,0.02076186321758384,0.018666621246489556,0.027080038077899906,0.03909324034036577,0.018393320678585765,0.026338367910744658,0.027542477604797864,0.015376686541091183,0.017187421959223056,0.01304935296995652,0.02822231554608746,0.019004116592441358,0.02606983361675022,0.01712234260516381,0.020373772608533555,0.007349534651531947,0.028125611073379943,0.02739285341294183,0.02790831272324913,0.018461177439449784,0.03964881995047175
480,6.664978318313717,1.6426367704788722,0.02437435110799807,6.79574358007585,4.249315908670155,7.146602577099486,3.8978543652273743,7.163031210743554,3.2461215849129417,6.21938428934169,7.144944005825209,8.315033011271623,8.149567243552838,7.498089827883007,4.821477628530317,9.149958653809563,5.044912177491312,5.240099208264098,6.045101508083803,6.95361066615618,8.830887823627847,8.08137734726472,8.020352533637833,6.860954592792552,6.367989535540289,7.678925246245342,9.43732131390027,7.8489399351946645,7.3068180157985125,6.789321588302471,4.805909117643239,7.5130369604439124,3.3266680920808653,0.02098304894060056,0.033103076777522174,0.03402643964404722,0.026579900175644794,0.007300851061443761,0.024884752883915253,0.030484898823849454,0.018028527513590766,0.017030034805466266,0.020377022107501454,0.01630495634673501,0.020829268333879672,0.04356681245596741,0.020175170088236327,0.02704091324019825,0.03332099850296814,0.016978100991989452,0.023400015972284593,0.0208847942592448,0.02043391047157697,0.023275417284673333,0.02210720893011006,0.023337633846098563,0.022695753760053505,0.023193132101603845,0.019850368798197703,0.025706793585006476,0.023608687084566597,0.026956713427968217,0.04476533102500149
481,6.61659506255557,1.6812339594293015,0.023184941496855474,6.79574358007585,4.249315908670155,6.349758814325469,3.2432004552569538,7.163031210743554,3.2461215849129417,6.21938428934169,7.144944005825209,8.315033011271623,8.149567243552838,7.498089827883007,4.821477628530317,9.149958653809563,5.044912177491312,5.240099208264098,6.045101508083803,6.95361066615618,8.830887823627847,8.08137734726472,8.020352533637833,6.860954592792552,6.367989535540289,7.678925246245342,9.43732131390027,7.8489399351946645,7.3068180157985125,6.789321588302471,4.805909117643239,7.5130369604439124,3.3266680920808653,0.02226425450058275,0.03291346455312491,0.025193509839307543,0.029671250827587797,0.007880922876062256,0.01063419828157559,0.02240357639344403,0.01836277090278888,0.013037573665625534,0.023456840029226933,0.015048237494505508,0.019105964442637628,0.04354545854137424,0.02369289439729342,0.02545396471414762,0.0331490674929924,0.022743410630384635,0.025611322697898405,0.026637107866914294,0.028933160577385875,0.01906585978748031,0.018086138207865615,0.01922728231389466,0.015222859175972707,0.019256887099274738,0.015035550050524793,0.02958159475796725,0.02163310542431179,0.0287722333141608,0.039927784049351225
482,6.61659506255557,1.6812339594293015,0.0223173300646911,6.79574358007585,4.249315908670155,6.349758814325469,3.2432004552569538,7.163031210743554,3.2461215849129417,6.21938428934169,7.144944005825209,8.315033011271623,8.149567243552838,7.498089827883007,4.821477628530317,9.149958653809563,5.044912177491312,5.240099208264098,6.045101508083803,6.95361066615618,8.830887823627847,8.08137734726472,8.020352533637833,6.860954592792552,6.367989535540289,7.678925246245342,9.43732131390027,7.8489399351946645,7.3068180157985125,6.789321588302471,4.805909117643239,7.5130369604439124,3.3266680920808653,0.01924671925706709,0.037722276636645596,0.02106784271003898,0.029028297665948857,0.0022658592274954017,0.01370732384010161,0.029893506410200627,0.019039421638883714,0.010372925751135376,0.022793668650892163,0.009579873516314796,0.01502060528043274,0.04969994931630714,0.02742750569087408,0.024706000094865108,0.03103855296187086,0.03068124249540427,0.014950885005755138,0.030980508395922333,0.029392413881760643,0.020090291762692083,0.02156540178590223,0.017829305596766255,0.018722926675748208,0.008511422215476875,0.020226362472691165,0.02198073694502878,0.020535293008726908,0.02855011314947577,0.02289266990030819
483,6.608457700980703,1.6749392985633773,0.021572250283998045,6.79574358007585,4.249315908670155,6.349758814325469,3.2432004552569538,7.163031210743554,3.2461215849129417,6.21938428934169,7.144944005825209,8.315033011271623,8.149567243552838,7.498089827883007,4.821477628530317,9.149958653809563,5.044912177491312,5.240099208264098,6.045101508083803,6.95361066615618,8.830887823627847,8.015307467614036,7.865203900068536,6.860954592792552,6.367989535540289,7.678925246245342,9.43732131390027,7.8489399351946645,7.283915681772498,6.789321588302471,4.805909117643239,7.5130369604439124,3.3266680920808653,0.01792714896452123,0.0270204700951027,0.015220809514753783,0.02474759886067696,0.012226673228094412,0.02279188603583897,0.03864582785029863,0.022661494896235063,0.016963842192253147,0.01872915131343246,0.011360502080309753,0.021413129627190195,0.043683132805120164,0.019762854923438863,0.01990195930831435,0.02070130750242446,0.027343007704439065,0.012470484838296988,0.02885460767365211,0.024662230838579154,0.018655405329252236,0.01694756095297935,0.023426417686176895,0.010503433060435498,0.015256282425070718,0.02509692446637648,0.02323572469363051,0.015170591472946054,0.023861010276336938,0.027926037903764127
484,6.589017314936609,1.656839827066957,0.021358722581285593,6.79574358007585,4.249315908670155,6.349758814325469,3.2432004552569538,7.163031210743554,3.2461215849129417,6.21938428934169,7.144944005825209,8.315033011271623,8.149567243552838,7.498089827883007,4.821477628530317,9.149958653809563,5.044912177491312,5.240099208264098,6.045101508083803,6.95361066615618,8.29341970583505,8.015307467614036,7.865203900068536,6.860954592792552,6.367989535540289,7.678925246245342,9.43732131390027,7.8489399351946645,7.283915681772498,6.789321588302471,4.805909117643239,7.5130369604439124,3.2809246285508493,0.012126544598985552,0.023457088058599456,0.02033010836504304,0.024292422253451743,0.010896665169145253,0.02387275450318549,0.033643030215980675,0.015390406720115544,0.013559955666483048,0.022559191776891228,0.018410110389598257,0.022693627324844697,0.03976302345230588,0.012665403943728925,0.02323282264404745,0.016667639462641777,0.020828902159077057,0.009541313937707392,0.014673898052966669,0.025087184693527897,0.017479521686384992,0.017825193202430808,0.03785187985315792,0.015130607380703104,0.023503581272070494,0.028144211875609875,0.026068545703857995,0.012123774181256007,0.02807251771345667,0.030869751181312993
485,6.57191716686526,1.6523611001226937,0.02041873204057695,6.79574358007585,4.249315908670155,6.349758814325469,3.2432004552569538,7.163031210743554,3.2461215849129417,6.21938428934169,7.144944005825209,8.315033011271623,8.149567243552838,7.270431398972391,4.821477628530317,9.149958653809563,5.044912177491312,5.240099208264098,6.045101508083803,6.95361066615618,8.29341970583505,8.015307467614036,7.865203900068536,6.575608579562697,6.367989535540289,7.678925246245342,9.43732131390027,7.8489399351946645,7.283915681772498,6.789321588302471,4.805909117643239,7.5130369604439124,3.2809246285508493,0.015785211206633995,0.019083268164092747,0.022001540208077732,0.02032507470993713,0.010323290750809386,0.02533365767141709,0.022729136098833858,0.014454906763716219,0.010440280408693095,0.031573978331562044,0.019656950665892726,0.02399801008687412,0.03480012924905667,0.014791771253702755,0.0165472537793684,0.013134321502824692,0.01087618717996685,0.012928430620660984,0.011214531542432276,0.025927996451502275,0.004604535816923397,0.01842386203810166,0.0351067080656244,0.013985437811828514,0.02486080419459238,0.027496648154424947,0.031361367300515565,0.013761594947545008,0.03551489895725837,0.031520177284439316
486,6.551499364174259,1.6341925046339114,0.02014198106765327,6.79574358007585,4.249315908670155,6.349758814325469,3.2432004552569538,7.163031210743554,3.2461215849129417,6.21938428934169,7.144944005825209,8.315033011271623,8.149567243552838,7.270431398972391,4.821477628530317,9.137304271233916,5.044912177491312,5.240099208264098,6.045101508083803,6.95361066615618,7.727425666624811,8.015307467614036,7.865203900068536,6.575608579562697,6.367989535540289,7.678925246245342,9.43732131390027,7.815054276250521,7.283915681772498,6.789321588302471,4.805909117643239,7.5130369604439124,3.2809246285508493,0.014550442391851909,0.010932669550703503,0.026396400851801664,0.020778535219237577,0.005191117875986625,0.02871204325410281,0.026578574340404688,0.011094433479951387,0.014519253557853839,0.03715542598507683,0.021506549536042543,0.027737124963068075,0.0402947860200932,0.020357549526144464,0.00871052551958769,0.009617356389278395,0.0077226141326883916,0.012130263373757187,0.008359293810042903,0.02789899338859986,0.011398909143199932,0.019594266501605853,0.04308696899492506,0.017908614934651863,0.013847754981053902,0.022141822094420647,0.03289257682793201,0.007007597780665322,0.027978206273308808,0.02815876133156146
487,6.52583715298372,1.6642852446278935,0.022490170324082393,6.79574358007585,4.249315908670155,6.349758814325469,3.2432004552569538,7.163031210743554,3.2461215849129417,6.21938428934169,7.144944005825209,8.315033011271623,8.149567243552838,7.2410968530298305,4.821477628530317,9.137304271233916,5.044912177491312,5.198242769687283,6.045101508083803,6.95361066615618,7.727425666624811,8.015307467614036,7.865203900068536,6.575608579562697,6.367989535540289,7.678925246245342,9.43732131390027,7.815054276250521,7.283915681772498,6.789321588302471,4.107233766446427,7.5130369604439124,3.2809246285508493,0.03262905298323083,0.013061011066096398,0.03181990060298017,0.023059586448507297,0.008317859845202925,0.026265741466190227,0.03244762969665283,0.020926023278613603,0.025579080626038107,0.029622245987128985,0.017377056855486284,0.03435607342494502,0.04014575989398837,0.027046910674614483,0.011179761552442838,0.01215343259888544,0.008455046909864889,0.012963386295094166,0.003820149151223093,0.0248914555428178,0.01248698187690196,0.023702672525668052,0.037690075658746915,0.02055651327589001,0.022402358302411097,0.020011698501821953,0.03617863810006666,0.008917032315673524,0.02664750855283166,0.02999446571245609
488,6.490168725629116,1.6469138718075977,0.02262256658623065,6.79574358007585,4.249315908670155,6.349758814325469,3.2432004552569538,7.056572347067629,3.2088570872755326,6.21938428934169,7.144944005825209,8.315033011271623,8.149567243552838,7.2410968530298305,4.821477628530317,9.137304271233916,5.044912177491312,5.198242769687283,6.045101508083803,6.95361066615618,7.727425666624811,7.602989219021936,7.865203900068536,6.575608579562697,6.367989535540289,7.678925246245342,9.43732131390027,7.815054276250521,7.283915681772498,6.789321588302471,4.107233766446427,6.9990257497112225,3.2809246285508493,0.03248393825328976,0.012192309251369096,0.026199374025257575,0.028646958786853294,0.01075528451173411,0.02606170029673111,0.026525519958188474,0.03050734328164897,0.021625131432981785,0.023573194532971055,0.022768423671543227,0.032593990443436006,0.04156663487706569,0.03396236851158535,0.010507504603100012,0.007286153566206176,0.007948828041524275,0.0016832897415407224,0.0013047828017790696,0.0324602334341574,0.012606536780854065,0.02901618169230908,0.0375239523655367,0.021112924830124245,0.029812756070805312,0.015078538736569853,0.03822903312522334,0.011663766533930954,0.016097381902984327,0.03688296152561838
489,6.490168725629116,1.6469138718075977,0.022745346525819016,6.79574358007585,4.249315908670155,6.349758814325469,3.2432004552569538,7.056572347067629,3.2088570872755326,6.21938428934169,7.144944005825209,8.315033011271623,8.149567243552838,7.2410968530298305,4.821477628530317,9.137304271233916,5.044912177491312,5.198242769687283,6.045101508083803,6.95361066615618,7.727425666624811,7.602989219021936,7.865203900068536,6.575608579562697,6.367989535540289,7.678925246245342,9.43732131390027,7.815054276250521,7.283915681772498,6.789321588302471,4.107233766446427,6.9990257497112225,3.2809246285508493,0.03261223006125033,0.02190392972875541,0.031479656204889295,0.033547351609058904,0.009309748297255518,0.016710933749037007,0.021937682486571495,0.023384581915701218,0.01560906802377114,0.026420164284603545,0.01464544195505384,0.034539395302928724,0.04666481569709632,0.028407319431472983,0.008308081008586399,0.010648646403250339,0.020779544492430833,0.001542628421533533,0.000244788811786987,0.03840661858220789,0.01252554971490363,0.025331591640930077,0.030035314899558307,0.017999540736056682,0.032199700251750854,0.016290803677065226,0.033930471857069704,0.012289283673575261,0.027952672551988605,0.036702840304430384
490,6.484874991791203,1.6455061518323104,0.021927800630713274,6.79574358007585,4.249315908670155,6.316496215159532,3.2432004552569538,7.056572347067629,3.2088570872755326,6.21938428934169,7.019394589853789,8.315033011271623,8.149567243552838,7.2410968530298305,4.821477628530317,9.137304271233916,5.044912177491312,5.198242769687283,6.045101508083803,6.95361066615618,7.727425666624811,7.602989219021936,7.865203900068536,6.575608579562697,6.367989535540289,7.678925246245342,9.43732131390027,7.815054276250521,7.283915681772498,6.789321588302471,4.107233766446427,6.9990257497112225,3.2809246285508493,0.03827153811639132,0.035701383088065655,0.03009709019518053,0.022765978633765373,0.017279719644995424,0.018015934914963623,0.025727710533783685,0.02851662074623526,0.012256564300485344,0.017126459509997367,0.0177220799711742,0.03246200233477814,0.04250354480852563,0.025328130093501513,0.006302839748738206,0.014415524010445947,0.020322314903091443,0.004333691989041177,0.00020205068362417686,0.03205807836265325,0.010203423449077452,0.01941285517450802,0.03044062989104406,0.017047339840641215,0.028738677642537295,0.014979443296346703,0.024967895225558742,0.014075339689210585,0.023994806397840046,0.03256435172519703
491,6.484063086973342,1.644898764803742,0.02197459351916691,6.79574358007585,4.249315908670155,6.316496215159532,3.2432004552569538,7.056572347067629,3.2088570872755326,6.21938428934169,7.019394589853789,8.315033011271623,8.149567243552838,7.2410968530298305,4.821477628530317,9.137304271233916,5.044912177491312,5.198242769687283,6.045101508083803,6.95361066615618,7.703068522088984,7.602989219021936,7.865203900068536,6.575608579562697,6.367989535540289,7.678925246245342,9.43732131390027,7.815054276250521,7.283915681772498,6.789321588302471,4.107233766446427,6.9990257497112225,3.2809246285508493,0.04375806820915178,0.03534330038599254,0.03151312435211197,0.017054636039826987,0.019976837064846313,0.020494254185780637,0.022313882729699957,0.025350748950891643,0.0034101550926942587,0.023404117698444683,0.017201479724196597,0.02672537282484745,0.03841848883724999,0.020925291717007587,0.0035493928623625127,0.012492260011417572,0.019108740098473374,0.0052217367452569,0.0,0.02808934272178935,0.015025237432105853,0.0292702998446895,0.035798502177571745,0.016745625501948743,0.035476551470558476,0.015700988083031425,0.029848859881177574,0.008432029943325911,0.022688816393392257,0.035899664595163694
492,6.452131467724998,1.6447718195375294,0.02341633426990298,6.79574358007585,4.249315908670155,6.316496215159532,3.2432004552569538,7.056572347067629,3.2088570872755326,6.21938428934169,7.019394589853789,8.315033011271623,8.149567243552838,7.2410968530298305,4.821477628530317,9.137304271233916,5.044912177491312,5.198242769687283,6.045101508083803,5.995662088705842,7.703068522088984,7.602989219021936,7.865203900068536,6.575608579562697,6.367989535540289,7.678925246245342,9.43732131390027,7.815054276250521,7.283915681772498,6.789321588302471,4.107233766446427,6.9990257497112225,3.2809246285508493,0.051470788710697254,0.03774797877699595,0.03301162140122466,0.02317457958404332,0.029638849883705267,0.03690878536146052,0.014944091536901936,0.024755194094238195,0.002806464876424455,0.029514153218708813,0.022379850953877543,0.029546659488032454,0.0473223763378409,0.02753954853275485,0.010569753520810687,0.009291355252285836,0.025431636931693785,0.004935695839473831,0.0,0.016927433954104527,0.014463302491690913,0.022870478851618983,0.03542548921447728,0.007814795112180115,0.039326669974679526,0.018323923306165196,0.0288918710691565,0.009505830488686895,0.01822822951065471,0.029722619822504428
493,6.431219577499752,1.643886247033936,0.022509251218716518,6.635184583557987,4.249315908670155,6.316496215159532,3.2432004552569538,7.056572347067629,3.2088570872755326,6.21938428934169,7.019394589853789,8.315033011271623,8.149567243552838,7.2410968530298305,4.821477628530317,9.137304271233916,5.044912177491312,5.198242769687283,6.045101508083803,5.995662088705842,7.703068522088984,7.571431921384374,7.865203900068536,6.140368166960741,6.367989535540289,7.678925246245342,9.43732131390027,7.815054276250521,7.283915681772498,6.789321588302471,4.107233766446427,6.9990257497112225,3.2809246285508493,0.0364321698282369,0.03963317207077466,0.025805594750958696,0.025106213086128502,0.025777771866566438,0.03104813524816457,0.015119599955511489,0.01858124485210227,0.012921030655290523,0.03234548551221997,0.020054172021805046,0.022401116406999468,0.046266223630976856,0.021511876650860535,0.014173424618856923,0.014523703615067735,0.013958521476783805,0.004484471985688005,0.005030051003123004,0.022581051109560747,0.023071377780496064,0.020356597693170945,0.016189752725418703,0.0036934492000564186,0.042213170202379344,0.02331968835976172,0.030052341617708624,0.020310955963443636,0.021693367803145704,0.026621804870238207
494,6.415617360843826,1.6400937961487845,0.02257374706950877,6.635184583557987,4.249315908670155,6.316496215159532,3.2432004552569538,6.588505847389854,3.2088570872755326,6.21938428934169,7.019394589853789,8.315033011271623,8.149567243552838,7.2410968530298305,4.821477628530317,9.137304271233916,5.044912177491312,5.198242769687283,6.045101508083803,5.995662088705842,7.703068522088984,7.571431921384374,7.865203900068536,6.140368166960741,6.367989535540289,7.678925246245342,9.43732131390027,7.815054276250521,7.283915681772498,6.789321588302471,4.107233766446427,6.9990257497112225,3.2809246285508493,0.027785697719045217,0.03558087966796665,0.024550677774140897,0.027160801601714756,0.02685686392213161,0.03196763937407115,0.015331671390971332,0.017090569447000045,0.008742466920799772,0.031960200456817245,0.023553709778628237,0.018573655290854137,0.04128068679875792,0.021685555988633663,0.028636421391955373,0.015361549654183232,0.014249695136811123,0.01695991648103687,0.007697408043184917,0.025190250797451588,0.016930637422190673,0.010254478466848807,0.02365172850288385,0.004687841863942916,0.0375136840599234,0.019407785156971693,0.03310053165039365,0.020093512030131797,0.019928491156422028,0.031427404139398624
495,6.351799310236308,1.6628287059656184,0.0231727137184185,6.635184583557987,4.249315908670155,6.316496215159532,3.11728930554915,6.588505847389854,3.2088570872755326,6.21938428934169,7.019394589853789,8.315033011271623,8.149567243552838,7.2410968530298305,4.821477628530317,9.137304271233916,5.044912177491312,5.198242769687283,4.996731323777681,5.995662088705842,7.703068522088984,7.571431921384374,7.865203900068536,6.140368166960741,6.367989535540289,7.678925246245342,9.43732131390027,7.815054276250521,7.283915681772498,6.789321588302471,4.107233766446427,6.25876556549963,3.2809246285508493,0.030887125771990126,0.037288201866655345,0.01878107302612339,0.029835567198683594,0.0230365796666399,0.025813674544506785,0.017238143427922837,0.016744191815166093,0.01823600992131195,0.030023089716992246,0.027408809565311693,0.018869426926469462,0.053081328310624634,0.01936317233612236,0.01704556151432103,0.02134111880828342,0.013755545342273601,0.021297440643119937,0.01080018354872242,0.02515502888120162,0.01663925093987052,0.012474219174575491,0.02703367842213481,0.0,0.03811299458619071,0.019789556641151815,0.03910243540991548,0.015598066101194689,0.012350282574351433,0.03807965487072778
496,6.339516319296009,1.665703636048364,0.022912056822233014,6.635184583557987,4.249315908670155,6.316496215159532,3.11728930554915,6.588505847389854,3.2088570872755326,6.21938428934169,7.019394589853789,8.315033011271623,8.149567243552838,7.2410968530298305,4.821477628530317,9.137304271233916,5.044912177491312,5.198242769687283,4.996731323777681,5.995662088705842,7.703068522088984,7.571431921384374,7.865203900068536,5.771878438751742,6.367989535540289,7.678925246245342,9.43732131390027,7.815054276250521,7.283915681772498,6.789321588302471,4.107233766446427,6.25876556549963,3.2809246285508493,0.031510028963217404,0.043721122263536485,0.025990174232878693,0.013109096922817497,0.018827041827810545,0.028415867313414545,0.01686924501076122,0.020047494337845802,0.007614618710183298,0.0321625477267696,0.027128999759370973,0.023645474880415584,0.051412864140409596,0.01849628107233206,0.010315582669609413,0.024254044238550286,0.01911093172499244,0.021788564789195032,0.005644070408800491,0.028873309625091277,0.020244824374757244,0.011229482698816786,0.013679484853858531,0.014295924588173236,0.03593203920157126,0.022293395902582197,0.03530086846748848,0.012378851900578672,0.015180130050639106,0.03788934201052277
497,6.339516319296009,1.665703636048364,0.022047754477043567,6.635184583557987,4.249315908670155,6.316496215159532,3.11728930554915,6.588505847389854,3.2088570872755326,6.21938428934169,7.019394589853789,8.315033011271623,8.149567243552838,7.2410968530298305,4.821477628530317,9.137304271233916,5.044912177491312,5.198242769687283,4.996731323777681,5.995662088705842,7.703068522088984,7.571431921384374,7.865203900068536,5.771878438751742,6.367989535540289,7.678925246245342,9.43732131390027,7.815054276250521,7.283915681772498,6.789321588302471,4.107233766446427,6.25876556549963,3.2809246285508493,0.029696033795987006,0.037905501510232,0.018027010907721366,0.011338994922054584,0.026727508389341313,0.020297346958922536,0.01594871955869398,0.026553855405922547,0.005930316401060246,0.028253461761206425,0.027112687537337542,0.022979228866096733,0.04744421593255705,0.02633554657400456,0.015975365177883196,0.0157529950550665,0.019989688478476035,0.011288354333707493,0.002313859756105973,0.029040536916258165,0.023813272041096678,0.019550644880901538,0.014731378379426825,0.017977819984653313,0.027161952756179605,0.014517241051591407,0.03252983236777254,0.017775059911729535,0.017656623407659448,0.0368075812916608
498,6.339516319296009,1.665703636048364,0.022499827236677653,6.635184583557987,4.249315908670155,6.316496215159532,3.11728930554915,6.588505847389854,3.2088570872755326,6.21938428934169,7.019394589853789,8.315033011271623,8.149567243552838,7.2410968530298305,4.821477628530317,9.137304271233916,5.044912177491312,5.198242769687283,4.996731323777681,5.995662088705842,7.703068522088984,7.571431921384374,7.865203900068536,5.771878438751742,6.367989535540289,7.678925246245342,9.43732131390027,7.815054276250521,7.283915681772498,6.789321588302471,4.107233766446427,6.25876556549963,3.2809246285508493,0.0320324416187893,0.030089996349119928,0.02059693585429606,0.017784195864182985,0.03051658128617763,0.018061435854112663,0.018220951227444035,0.02724981782024835,0.00986227181819066,0.029453370033395168,0.02756363846383927,0.014577804792150803,0.04315059331827013,0.022856931530056693,0.014330583689616613,0.014685813294316247,0.012588959975904234,0.012342334132503246,0.008616970558403183,0.028088674668111005,0.026311273578196136,0.027889314177670176,0.007702832188463448,0.022784263032081295,0.033310131092680044,0.02522141208615027,0.027767135103222696,0.01741602099957267,0.013425353469548859,0.04049677922361591
499,6.32098858563181,1.6643261963855385,0.02223524464639192,6.635184583557987,4.249315908670155,6.316496215159532,3.11728930554915,6.588505847389854,3.2088570872755326,6.21938428934169,7.019394589853789,8.315033011271623,8.149567243552838,7.2410968530298305,4.821477628530317,9.137304271233916,5.044912177491312,5.198242769687283,4.996731323777681,5.995662088705842,7.703068522088984,7.1366180749113255,7.865203900068536,5.771878438751742,6.367989535540289,7.678925246245342,9.43732131390027,7.815054276250521,7.283915681772498,6.789321588302471,4.107233766446427,6.25876556549963,3.159906465097947,0.03654362412958748,0.03131551901403483,0.0218697407861552,0.019677534511576892,0.037761141627594225,0.019551576252626487,0.021781246330338275,0.01966349153274007,0.011201216544715942,0.030243095442823473,0.03557267682982701,0.010239341347016087,0.04191673075324213,0.019914947908205263,0.012901122620388061,0.009619765599097356,0.015539295907564114,0.011144022912012249,0.003481115155376188,0.031128817713130273,0.019004083432633503,0.02557420240052181,0.012251013750000232,0.015144191137658455,0.03184649743042214,0.02528534263087728,0.03417341311353016,0.013416205125285548,0.02712338334235552,0.022172984110421408
