Generation,Best_Mean,Best_Std,Div_Mean,Best_Seed_0,Best_Seed_1,Best_Seed_2,Best_Seed_3,Best_Seed_4,Best_Seed_5,Best_Seed_6,Best_Seed_7,Best_Seed_8,Best_Seed_9,Best_Seed_10,Best_Seed_11,Best_Seed_12,Best_Seed_13,Best_Seed_14,Best_Seed_15,Best_Seed_16,Best_Seed_17,Best_Seed_18,Best_Seed_19,Best_Seed_20,Best_Seed_21,Best_Seed_22,Best_Seed_23,Best_Seed_24,Best_Seed_25,Best_Seed_26,Best_Seed_27,Best_Seed_28,Best_Seed_29,Div_Seed_0,Div_Seed_1,Div_Seed_2,Div_Seed_3,Div_Seed_4,Div_Seed_5,Div_Seed_6,Div_Seed_7,Div_Seed_8,Div_Seed_9,Div_Seed_10,Div_Seed_11,Div_Seed_12,Div_Seed_13,Div_Seed_14,Div_Seed_15,Div_Seed_16,Div_Seed_17,Div_Seed_18,Div_Seed_19,Div_Seed_20,Div_Seed_21,Div_Seed_22,Div_Seed_23,Div_Seed_24,Div_Seed_25,Div_Seed_26,Div_Seed_27,Div_Seed_28,Div_Seed_29
0,184990110.02682838,32257874.158600334,0.42823534906419986,192915721.62225488,165525941.8666423,166809654.08281368,233769153.39618653,114676632.61540245,157761621.2022519,178858862.4523916,137876529.9989493,230690872.61875167,179671719.0922089,186315128.07576936,195982406.8055367,246015677.1036548,154095682.95318323,239574680.94818127,172207232.31516713,158396856.9846502,152915252.12262893,158784553.14248997,175404374.46518266,151404705.67715278,187544032.89411455,214740899.2802691,206339495.17362466,169969385.50674695,243484214.55111307,190959849.58504784,197930075.61820835,217336245.29122534,171745843.36305228,0.12685251704391318,0.18944705643394288,0.1902780094378594,0.5675025586623268,0.42491419541124686,0.5418848506332594,0.4054652651915682,0.4462177950011281,0.5577817980832681,0.75,0.3672734613030622,0.2798719396568256,0.75,0.131897881710725,0.75,0.07706439125723458,0.40432664046700895,0.6725263989449026,0.4347350260250127,0.5,0.4535966436043215,0.4722447902041694,0.6124748321053175,0.5086873992539807,0.3732351125701386,0.3930431584915548,0.22697308002412578,0.5,0.29707411398254197,0.4416915564265628
1,121106325.77748643,27441097.693374902,0.4241287332333531,134314452.33622065,102890338.91422006,90629202.65784,153115399.33554524,102592874.09276624,85235752.74335636,129270522.12345673,118454103.36117324,157606080.57438973,106630460.45874387,102428169.99846126,153376669.00069657,175241706.88400948,113544294.60078302,173668418.90877733,81975407.75763841,88267097.5971871,62254218.56108796,114171035.3136265,133708725.71502575,108164670.17024207,92176847.8741518,131294913.06975411,116409904.75560972,130008730.92494394,130135588.65783155,147895585.18296242,159175755.09302595,119519852.16387853,119032994.49718753,0.47311108361025067,0.3152801611964886,0.3537043091303145,0.2259342027276653,0.22319402520211665,0.43498501502092574,0.5298884982253691,0.5433702835852309,0.4542539791995998,0.35227007547943845,0.16053099673176807,0.39096402094913824,0.5589123006936709,0.3365355934463357,0.563118806346975,0.5171176672634845,0.31962114895717786,0.17674241305329144,0.4374863877517,0.5139582215264408,0.5874012054893593,0.3913555993135066,0.4685741829528316,0.5495054929417048,0.28233989304148965,0.5031697491217627,0.5672396698430555,0.5360291899854421,0.5812749503785266,0.3759928738355337
2,76945936.46585266,18227296.12998585,0.21179576043072557,78405895.20352705,81863313.07207991,57672570.38627877,102508165.80088674,71515683.7592477,45121196.6454712,82983090.37959424,75949470.22332904,100502272.10543713,59167476.56481983,72248889.12830359,83762825.57747893,117341484.41327742,78268333.66876623,89618261.93023501,54410648.542903334,50872050.42527698,42197587.11180353,69710485.06702855,61804043.2123724,77158538.77424164,66100559.600675926,83990945.01618709,55365185.424705274,85432042.20939519,79877244.67300949,98706861.26312919,105949929.18864399,95402950.73484378,84470093.8726308,0.2618955083307145,0.20962413732353846,0.13195942103139663,0.3541298691130949,0.3301993886231558,0.10575033075825013,0.24548050965663742,0.26403042997976806,0.2950749194294781,0.1838789502026825,0.044274164207722476,0.15515735524003615,0.2522469170090334,0.05924984935623312,0.4705368041959592,0.16019273627354574,0.07517970844274773,0.18074359909286136,0.23649802830792319,0.1499038728751776,0.33234530441036547,0.22771784245825966,0.36935855825855163,0.15415837154986722,0.26698621586290966,0.1600716012183633,0.165740458734372,0.296418688377181,0.11675968102866958,0.09830959157327045
3,51186653.52204797,15027664.112522382,0.17921824594685418,45844958.489505336,67571613.97627667,38010970.75259695,62866902.4770118,36507297.24908089,32511421.01589112,48590591.02834097,54994003.44641088,79960926.75262806,42780800.43629519,44691926.59636086,62533251.302311726,77084982.0624539,44483612.30926421,64444482.65552398,27950256.23971413,40339150.60457351,30805789.069044113,31336834.837668374,37618032.839579694,58753345.2249788,28244744.532407686,66621787.382744215,40037424.54541455,61030769.98093092,54019035.61606376,53091546.16769019,73290922.57373525,70124369.95505182,59457855.541889206,0.233775614792685,0.05009491039345862,0.10409303481682688,0.33237104494455333,0.2610418904918224,0.055293985359809714,0.2155342219517949,0.22283061781711694,0.23603217927143177,0.1557748690527826,0.05406734774212327,0.07715550754101673,0.14185180774773143,0.034847762119359055,0.2712538580835766,0.18449259052946992,0.18921679598653696,0.2146972718503777,0.26837835313909997,0.1858565672873781,0.2469280712984842,0.06561209438610012,0.29910579004055426,0.1322982478315453,0.25370553363919357,0.09851719845385741,0.311387864329531,0.25344430803388496,0.13154646373355855,0.09534157573996532
4,35577998.6414248,10708350.871099064,0.1749993114184677,32476358.513453506,46708377.440776356,28073886.77498247,46079400.23952223,22831463.477256153,24335872.976498343,34961626.73057473,41464946.365993306,56512441.52266865,30748797.642458707,30883048.792607516,41635112.96550158,65416463.94459069,29558946.745018564,42639687.9481218,22386046.329981048,29486706.846773278,25730437.803329993,19969251.12568588,23288863.753481507,41748545.36205323,18283744.938708883,44453776.272592194,33374419.44637633,38140011.33798231,34934543.78218179,32525757.084936,44309102.36861967,45000029.35596557,39382291.35405161,0.19426260110954396,0.07051816163469861,0.11118313378511326,0.19840839573378227,0.22789625164972668,0.07723772068553547,0.1605352172156242,0.2464413030404627,0.24963147647671308,0.20287366166632306,0.2372868425388059,0.06040167041667541,0.0983825438018179,0.08568963426940471,0.2016812425715382,0.15306480999607264,0.1877121980253217,0.21818560369899143,0.2795396345261759,0.19338125089018596,0.19315490349577966,0.09605789508865584,0.23630946506170922,0.0985841066912038,0.21379517430025577,0.17790483200850984,0.34033266216943314,0.2581313834754289,0.11563855660734745,0.06575700992319397
5,24935126.152096234,8348028.218212276,0.17666607912342813,24128184.46450969,31114133.81125481,22943073.963190194,34386092.932614125,16195004.362737652,16255687.813943798,29355278.843519133,27579513.704005457,42722135.28987124,19237964.17848563,22995375.920881905,22877114.50846595,49113295.53331824,22063110.90027121,28054003.74246466,15628690.33992459,20692091.620085116,18535363.47228105,16420767.808368482,14964317.23331088,31534648.450899757,13997237.418558938,18031107.82951769,22305608.69905836,32189374.30650782,18532872.97565533,28216515.12576943,38214356.96580663,23312986.044404533,26457876.30320481,0.22228744542286696,0.10324688990754782,0.08346098377574049,0.18238239998275357,0.2488230567156693,0.0918874874723345,0.12454693351696124,0.2128065645152452,0.25001679588472575,0.21935078871598812,0.2252795332177575,0.0135989162144901,0.12019071241226464,0.1653715982516425,0.23567524605401757,0.17419485520020003,0.21810762998817912,0.18298200327190947,0.21718296830155023,0.16509731911049197,0.2827591844426045,0.11228062378116704,0.2661508199370875,0.0584968806716126,0.25310646397719117,0.1583993395868932,0.32389519447400394,0.19714199376078675,0.14864953693662217,0.04261220820253869
6,18976579.27459761,6689549.128692146,0.16645422639280322,22346075.343206253,25812793.93504205,13084832.46321438,26403733.924399335,12824059.253509017,11706809.663337529,21826396.24928549,23438042.38749249,21285651.585804034,11685475.761131283,19162440.60139797,15309374.550857928,36504484.46537205,18955711.300350096,20501941.786710367,13998542.373715926,15982559.690503,15659452.652912822,11206568.01703673,12102237.123676876,25890555.919198982,9841504.47951054,10862219.134824416,18544838.670826007,27804310.479821604,13376994.566335756,20395420.878244493,34220184.412772775,19902284.916244823,18661881.65119324,0.17813842319161388,0.19653702001419404,0.10389233786817362,0.22126124882630493,0.18579234983997356,0.03789732765456728,0.09651472905818895,0.17926783603990276,0.2619309215868161,0.21759224602291258,0.2293209337837303,0.1121585743007256,0.0699660320711516,0.22147745492244753,0.12093504062939367,0.19642254278616444,0.20387544731298526,0.20315360306485034,0.17496212639582825,0.10556607382156255,0.2647934404020794,0.14186274712750552,0.18302793591190325,0.095415692016881,0.22857082196065545,0.15278274083666504,0.2578357127134441,0.20859619759786066,0.10012473429516759,0.043954499730447814
7,14139432.440108437,5197400.33120425,0.15385836082148793,16363399.745342286,17824948.913972814,11980804.943470044,19994279.977419507,8569672.361011587,10853228.003417205,17221320.649862673,19757210.737200327,16727750.78566541,8512104.581133652,10752303.946734909,11002500.068641039,23566926.53865833,15691580.158076532,17670321.431480322,11707940.650396876,10529325.820062462,12889199.749608852,5686206.487556708,8733216.851593694,18638009.238842443,7748256.745126363,8799709.147738978,13481906.41098502,21546887.55511883,8453962.06691693,16200552.434433509,26915867.450996242,17590467.771056943,8773111.980732655,0.17275648983372624,0.19016398176422136,0.0655173436617355,0.17680408996416347,0.1547879943700643,0.06967227980902824,0.05130467303306009,0.17520729079967973,0.2210165120116673,0.16623335957808436,0.21239785764847685,0.13851802616395048,0.075633911064712,0.18544877747001343,0.19692628584078853,0.18268988039667092,0.18685627603768615,0.18425817282940954,0.18722405215249313,0.19792316571425186,0.25211422265604594,0.1128283532595023,0.16191390335060804,0.05467422594302006,0.21327450507082202,0.1402442898955548,0.2122461591150819,0.12689607291204014,0.05410974058580409,0.09610893171227664
8,10985423.794543674,4007414.0676390156,0.15734488769936436,11943401.951653643,14619406.088563472,9397212.432921888,14143812.934634887,7898662.322182587,7138811.523227315,13621205.90242689,10965941.384898752,11278733.14109281,7688620.762220072,9283755.920023609,9547423.416748414,17188991.779716637,14286504.476301555,13499376.08185084,8979926.42787753,8256589.991777877,9938598.934453,4238794.843965858,5922215.304507263,13166731.013371276,7039667.818410423,5023148.125348191,11567748.732113624,16221231.887778854,7070749.121383914,13748338.534641009,22979633.113440193,14425559.417520901,8481920.451256903,0.17815729370332062,0.15840701092493426,0.156645097591843,0.22502721352906532,0.1753432131821781,0.025087087380315967,0.174236506823549,0.1928051711463421,0.18692940260863178,0.1268462595160299,0.1723505330516249,0.23138853600376746,0.024513223893706013,0.19237468890068754,0.2312133634410129,0.09642745054034843,0.17461713034675513,0.2089954572269958,0.14353851084626484,0.21304640214783263,0.2317363476727023,0.16251461729597236,0.21916423616951128,0.07250824487190621,0.17537401660553453,0.1004084617612963,0.16310975576488945,0.13491916951064034,0.08192024876308598,0.0907419797601861
9,8708768.03788517,3087258.9750810564,0.15823165753932988,8844473.680747712,12122455.448883818,8464314.756023005,9796913.608290328,5778047.953073921,5679986.729390145,11736473.14738934,8083897.430903072,8399905.874055563,6722169.083080601,8122121.893563119,7904003.404919672,13738726.093031328,8603886.80578641,11448748.466204107,8175620.683825359,6388263.236615119,7647395.055695,3612957.2842278746,5233180.717561316,8826322.004291074,5952503.524223674,4260020.764486597,9449790.122176738,12662955.863972533,6282935.308360045,10412708.949820017,18863969.902710035,10934931.344606,7113361.998641552,0.1835977591271432,0.19295853983324052,0.13038736711513732,0.22269275525642157,0.14860051433130986,0.021929511024545573,0.11958035164755684,0.21425452500857828,0.1926531297130559,0.16009323292279992,0.1761514551573797,0.18474120715711967,0.05128610050824613,0.18963993887774178,0.217764424488743,0.13499795853096366,0.16635469971469063,0.16503126500085738,0.21022077145826917,0.15973881401203743,0.1929065299494537,0.20770572635946827,0.1637371855331116,0.1234728484457013,0.19854059656939999,0.14227915835581068,0.1575174890142588,0.1832196779003497,0.0273277048795406,0.10756848828696512
10,6878709.290153893,2387906.7148221447,0.1488934538998284,6881509.589275885,9380464.021656388,6717359.959363996,8176629.562082153,4798928.428908557,4726384.377551457,8483421.51874177,6959979.767414634,7352575.555192709,4767022.649080788,5750359.307643054,7050844.961325427,9608247.985944482,7950283.53461523,10306186.828195866,6363050.12813642,4621346.246653836,6217356.053216568,3087728.7487849123,3479983.821456922,6507495.480429185,4916931.541062781,3535600.356235487,7492942.262041477,9103273.945322078,5548383.97741926,6977673.029548524,15228774.823932609,7997468.465959121,6373071.777425211,0.15091518182518293,0.1627318705410824,0.12383968415233987,0.18680670274225936,0.08855907393786785,0.08813787975075263,0.13766164034393535,0.1667141908166506,0.11398119178436518,0.18206487437977462,0.137684066374127,0.2111451210903841,0.061594980151557205,0.16293133450678873,0.2135867057794572,0.1856324310159278,0.1437591886148371,0.14992587680230976,0.15217519374336919,0.10905048523739361,0.1621985335821485,0.19786717818427868,0.08519241678438709,0.16547727511472882,0.19241293204321758,0.19722273264123458,0.15660886062042745,0.13291595007093984,0.13604912427866914,0.11196094008445616
11,5557706.690235033,1899391.1376100136,0.1519521279576827,5169844.530182347,7600068.44053519,5646508.183068331,5473780.929795401,4284723.098703146,4034846.2068464234,7599449.212550119,4655148.20762961,6441450.289806676,3735378.8405731358,3709986.3481614124,5867434.4777189875,7687599.854215143,6048579.776205683,8193943.798451115,5379682.8888883395,4126950.176464045,4906865.885171405,2860998.681581572,2869371.7116494277,5596745.749374202,4916931.541062781,2987416.929126564,5826621.497243683,7618470.6115338635,5038030.616242717,5561211.542797996,12276766.579429014,6244251.644831398,4372142.4572113,0.12929827013578876,0.20278573647845133,0.14124891358329836,0.11472500981947716,0.11729198514133199,0.04620930058980065,0.14059418043504088,0.1477328304764666,0.16662229810883414,0.21137151577818736,0.0840612201604818,0.15783192998521506,0.12626092002801595,0.15646145196601027,0.09964185753490439,0.17789890365851474,0.12884641058859891,0.18850745700281107,0.18295247065171544,0.10495684132159856,0.17698203545270386,0.20587095723808913,0.1948196281092082,0.15520642796807665,0.21663792770687673,0.19186589552326722,0.13174513724130188,0.21782810882438255,0.12148451989984158,0.12082369732219017
12,4320661.620632088,1598443.9394734628,0.14508127646049715,4840088.970577508,5451737.607716165,5401377.106855034,4867212.119381247,3281345.485735706,3444145.745210726,5455849.036633696,3338290.0454244497,5041412.445435776,3065615.801094505,2639313.0429302123,3988516.2811572338,6160776.122392516,5175128.722968459,6668395.451815068,3990708.81193272,2658943.4006032837,2528759.9588347306,2301207.5246042497,2305991.812896727,3754287.4882120215,3731012.1318876874,2502566.179355792,2757875.700282306,6208522.278664965,3979419.554863833,5201402.563362818,9615489.2462172,5513401.944112063,3751056.0378039265,0.0991628802655992,0.13005227016336313,0.1723745167318338,0.1913107963641638,0.1485434931722016,0.07454322478123442,0.212474703869785,0.14783899987786095,0.14699172443744027,0.16996470293071458,0.17248129261907913,0.20438835019865628,0.10685092228294865,0.15878961349640092,0.11741626704390587,0.15329927529291643,0.10039823942097433,0.11341460610037532,0.12211315973935573,0.12004818056597064,0.17296871358777008,0.14192152713293693,0.0912822525939551,0.18595992260875846,0.17982087336213484,0.13088175084415335,0.1987547382008155,0.165238481204608,0.12868569437031882,0.09446712055468368
13,3484149.342075715,1363255.3663994716,0.1534807281980845,4130540.2583596804,4391165.206494319,4202541.946332909,4421960.758010993,2579128.484241171,2897303.1390827484,4545801.01990471,2613011.1148510054,3562628.4803044386,2738995.354178459,2098140.558560895,2969041.050631693,5023513.551579535,4270115.680116223,5293306.831639656,3076402.8213345963,2210874.915303265,2267302.124005023,1387644.3799081512,1446114.7729523117,2722932.003143361,3020988.374007128,1959676.059158738,2103987.266367197,5070728.402755797,3908012.434890737,4862968.843442366,7808418.878028762,4149797.1553718816,2791438.3973137103,0.1890047021370032,0.12714107978429334,0.1469591296427091,0.21209781994263838,0.09429111285378308,0.1043510198868779,0.17138782293960014,0.15211038156737083,0.12226284326654735,0.1471102746446283,0.172182575178798,0.16082622133076432,0.1074127489876535,0.1815337248905639,0.12024707628837257,0.17742053948879744,0.1142026256692362,0.13536760440997622,0.17300824728574896,0.17530136974240645,0.1527467322169851,0.20003010170874982,0.10985385478587209,0.11714862336355275,0.1869061272487471,0.19755290720174115,0.2232702257525287,0.17341627135457086,0.14992993613611963,0.10934814623589803
14,2799925.654839033,1037569.3999514986,0.1474298063214692,2841613.2983905063,3316992.764654844,3364161.3140761754,3081305.914932334,2131484.7648948454,2180107.5742113087,3178461.2335434267,2160594.8851044616,2902734.144766807,1935122.4524385065,1598549.3928239122,2516018.1046580146,4377044.35846211,3337953.9230155637,4784927.425974068,2108300.8948295712,2089440.7754233535,1800949.7870911504,1150142.9194036704,1385902.322294237,2548613.6446947344,2551394.515053428,1959676.059158738,1878628.720223637,4159572.1273092926,3059103.1013093805,3512540.271873541,5870603.809752172,3749400.203475944,2466428.9413312543,0.14326436257270292,0.15843915769931252,0.15140238087004604,0.18367821567321513,0.1322744903589781,0.11162180272988644,0.1719417623063913,0.14023852686979582,0.15132080415464905,0.2041423064184104,0.1905641609323036,0.1952253069201485,0.05565557527322053,0.1677965011265648,0.08955514366485058,0.12814217712879455,0.18770272072357294,0.09373060694841766,0.1217113582496071,0.0951415614302637,0.15958719455540626,0.11190636242221627,0.07157570957393868,0.17528621234988534,0.1470066533696964,0.17865647486250508,0.17324634829365587,0.19125115214207733,0.16013040945942433,0.1806987505641383
15,2317172.397513718,839937.5235560625,0.1536635668880775,2175470.084494673,2899952.5995684294,2686526.7468906413,2086196.6401856572,1915392.2160147133,1960545.298414684,2837219.489747424,1767896.736451354,2209958.2714106664,1655487.951718716,1330385.9395373727,1810935.458223076,3372391.268910091,2728888.560743574,3686331.010074663,1734138.3198424443,1746958.0868276441,1585023.1220412552,774420.9528242861,1212160.642276876,2213711.3203617167,2318355.503173544,1671658.265053762,1781993.2278211757,3374206.339634758,2394033.5875487225,3344601.5849034847,4929157.349989573,2948207.6620901413,2362967.6886364133,0.09656440249266818,0.19784098876512338,0.1617309836161241,0.16079166393879193,0.16254312055591608,0.12251266287978269,0.20373069718217435,0.07142527635821552,0.11746168595430045,0.1585231477663797,0.1377756326565287,0.1882697322921975,0.15620946926821844,0.14505033058991484,0.10320393429137995,0.17406144957229536,0.13829441444092344,0.12087729605333089,0.16875912227474624,0.16466007792837162,0.17813324902429534,0.21175036830798097,0.12442503396226764,0.14382027547005388,0.164979615571057,0.16080270283828904,0.20713076725449323,0.15731317770835018,0.10429630660400438,0.20696942102414856
16,1926331.7941692735,747355.1665243666,0.14940424294155713,1831550.9436090093,2080656.2324156114,2095628.5959721277,1600772.6173739745,1657497.4836300856,1802082.476864329,2384643.561850253,1538389.2193148017,1900181.9673769171,1449505.481397874,1155157.384128915,1281897.834799647,2638070.156926153,2205559.7442474226,3292517.0769762844,1510007.6170662954,1331933.3850958394,1311718.9281936842,703785.5042971837,1078413.3717033786,1522404.5566767778,2080079.317444364,1563436.2144462843,1647392.1182415846,2788033.7890587575,1911284.6656619946,2367845.668819263,4709747.036867257,2428375.691361059,1921385.1832610734,0.15958683805270996,0.2054922558559762,0.10715548026495278,0.139685176817966,0.17893690603458842,0.09548188833310273,0.12556125681381522,0.10114716927090991,0.13246865297365465,0.16048886234102666,0.15676654972340384,0.13937720012124488,0.16319743839572587,0.1361018145379192,0.1774467033980134,0.16547764333949105,0.19888156857852463,0.07715631002989515,0.13534346777393352,0.2008768239614243,0.10914800072094544,0.1711906925536781,0.13641630064548896,0.17529818000462835,0.17448360393551926,0.111073666432988,0.19696437047389875,0.14962260431306185,0.1725630347422974,0.12873682780592832
17,1564468.4716712353,652116.683819944,0.13666750778133113,1286327.6480837122,1887884.768935468,1592378.039624448,1241100.1539480893,1357040.6419707087,1710027.852659456,2077036.8703644425,1147046.8731509058,1507668.201533362,1339424.0011889297,983965.7030311927,1081343.8861695922,2204663.660145636,1626894.7592531177,2785604.033332832,1087009.0446427707,1048367.8394366391,786586.8448815246,616477.8160565591,952496.9767487868,1173076.4819225143,1740761.1490166397,1254018.3886148017,1444245.2079736523,2514401.268347767,1612251.9145682794,1575293.428054768,3980371.3568743244,1739595.6419320954,1580693.6976740442,0.15105282496483585,0.14028929796638795,0.05482044166563323,0.15685762401250758,0.1618469130504736,0.09677077010872712,0.1208703807632191,0.13746125997351552,0.12833222869803843,0.19285976452804832,0.14565544094362215,0.1470123631171802,0.15272177263474138,0.09431801635174086,0.17805580849150446,0.18668221358247689,0.11048997759197876,0.15581815542137706,0.09034462421578232,0.10583636564867333,0.1483679326369097,0.16156104466366647,0.08488194150048817,0.07830160596425938,0.15590918599022144,0.20345505438416675,0.10468671009302033,0.17119374376476232,0.14942086434342594,0.1341509063685499
18,1315805.5190391662,514207.1928210945,0.14558141906449773,1201927.44842868,1739959.8802453978,1065846.9199545572,1056709.5956022649,1113040.4812273162,1404183.8150255443,2052793.4979462987,934000.8017942824,1343012.2125983108,1251832.2863647002,851999.7386975093,941382.8912907729,1838114.244763912,1318363.6419434242,2259226.6376720937,1033448.4521147907,814519.9438092484,596693.1694134863,465340.95518454514,805664.5786541532,979509.5657247993,1505275.5871937312,1111921.3958930762,1253137.961640439,2080254.3635947963,1150054.1296059876,1498461.6986663027,2935104.042675133,1551185.3838691087,1321200.2495803328,0.2006564077216415,0.17612488539172383,0.0991050831976231,0.13574105128597908,0.09016250514816745,0.08676302373219395,0.1440910391398236,0.17294908750493937,0.143662751886923,0.18054123047985787,0.08762804688934722,0.048373078784735894,0.11778552141098655,0.1942427171712375,0.20117902917717706,0.1959113379082944,0.1795408303269813,0.1663893132826889,0.11127652276519562,0.22424464621290463,0.15963298897381212,0.1217607050579269,0.10395517506532233,0.17841890211361325,0.1300631350902569,0.1550015463745088,0.11099256344263522,0.1168272648074761,0.16245305262013587,0.17196912897082195
19,1090875.9234683078,522788.08767310437,0.13892212470645984,1145149.9958765528,1510427.6410342893,443404.2189721052,879193.8781396013,813736.360589648,1196707.3010252817,1616391.345217526,856265.7463029927,995601.5262187046,1040049.1812561573,672484.7936905422,735749.529950913,1691730.7020603148,882103.5664646473,2074622.9919219771,774409.8005575088,549097.1735637372,387754.2669821396,255497.5925764081,693816.0935267204,797686.8444494848,1331504.4864251576,1058521.3768708736,861673.628469107,1801503.634647933,959794.6228441674,1358483.2062072211,2762484.682849988,1437293.8020515125,1143137.7133060326,0.16302271625689363,0.16013154668425922,0.1289409096969522,0.06657580502923852,0.05380520022812213,0.07655989925246426,0.12184466278736862,0.17878694005730195,0.1466770696714268,0.12079462733195395,0.15971113435327916,0.1629983132590874,0.1551721088945333,0.13454939552429632,0.1653313374768739,0.2011268354074483,0.12512648941180485,0.1402415567110714,0.07137165144290325,0.16469000115298307,0.14199050096293273,0.19187575214569175,0.14088680575760326,0.17729987337777403,0.09987656354902394,0.19636331506240248,0.08567300906740546,0.1293507273354258,0.1540219807416592,0.15286701256361393
20,912287.9303795408,450175.56966463383,0.14533818425906214,960368.9865079408,1398537.943357992,325232.20065938396,688828.580948602,655241.9874032667,938313.2102864379,1154745.005241636,777923.912654615,772688.5133124412,923915.3564113862,546002.4458324675,706209.2990918715,1365866.9524329763,853180.4725650803,1795912.2893200396,565871.638774851,392125.6675918722,329279.5253787884,223293.59184396613,592760.2701750108,550016.8744380858,1181559.9251692658,819247.9092952774,685472.8322534193,1743327.9383559746,865537.6308856913,1004169.8757978902,2207457.7496400466,1297268.5825831178,1048280.7431768302,0.16401806383578957,0.19017079686504249,0.18831488383872555,0.12291155250746101,0.12427595681415432,0.12850485018150062,0.12775585016083066,0.1649528055052656,0.11461970117149159,0.18343578932452526,0.13671367773286594,0.12612462424906076,0.13607876332081234,0.18472225928126718,0.13382574080011445,0.1760235254931693,0.12001845338623815,0.10920097885518594,0.05572329350406334,0.1887196353321555,0.18728603206260663,0.11438078997374537,0.12425772119290368,0.17709652903900303,0.12306953018027347,0.17790027481946963,0.09322927520789774,0.1215280785735133,0.1822885053887422,0.18299758917399078
21,756403.5419620106,385581.3760594571,0.149111267488207,806248.1578780361,1294118.9065301344,302675.39613519324,625611.6864795113,508130.5504948697,727548.6241155209,566786.1427640186,709795.9286417097,722180.4210003862,540941.1600072616,534891.6835568572,520188.44009657315,1269356.471270255,675173.8505221644,1573534.0887138657,501368.00721769774,383299.0253227335,282104.6178554957,219000.9937902722,496271.64817336685,460670.65903187473,1000333.8425289474,721877.1999774526,510400.46186686255,1266641.8006020635,808991.5222852862,891504.8910867055,1922472.2157070644,1102249.9717972192,747737.8934109122,0.13344709865725146,0.13499084147374715,0.1894572925506734,0.21840274875481888,0.11077489455980324,0.16928670666627027,0.1430901441818953,0.19393545041027746,0.19526149385694394,0.15573953420872708,0.10678173979390279,0.11368751859403115,0.18555543652925427,0.14655468104926667,0.18594057892025972,0.18671176987566748,0.13503239488367252,0.16937261334125148,0.12207021809556665,0.1355063428908874,0.1653897622921896,0.09925929152440245,0.17227201803102737,0.11973506233795879,0.09130492524044265,0.2017961689348768,0.0815301319352176,0.1418300185595466,0.08792920761753145,0.18069193887884763
22,630387.6819502802,304308.37913174817,0.1483833645610647,506366.52148794656,1077355.879901012,284728.2774773836,401797.46882781957,450527.54553303315,521709.59357439843,563876.5356305755,592261.4763254909,545644.2259684653,497752.26905386895,441972.59124933486,385025.53124952124,818578.1727485738,566556.1581704041,1306323.2051214357,487619.6933260607,380966.2694588027,228572.7240657041,201297.36828769295,482838.4401187905,430121.6722870769,873176.7772456494,612839.4697121013,470366.4979268268,1258974.0264241386,676641.8551948689,857248.9789742323,1416025.5689814456,918111.853161991,656353.8110237601,0.13763612222856672,0.13888154653147722,0.11133471357174758,0.1496584689348446,0.16471796249465837,0.14593897984242143,0.12964292589680376,0.17627957678191986,0.1317288582126619,0.09887938105554936,0.14143795829920558,0.18916566664036571,0.12324037025984172,0.12908917342707998,0.15540320640812838,0.19326934245178934,0.09446696740477033,0.1084143275273443,0.15626915425365828,0.17033597084498914,0.2066295962762357,0.1463486687015965,0.1498891333994823,0.15455581826232123,0.16721308716012329,0.15387548776011378,0.14353052897707574,0.19101807220223704,0.13741035919877886,0.15523951182615303
23,527113.4750160541,271635.69822472864,0.13467775765305323,371418.185121475,962579.806407877,244892.04445143056,286481.72581483965,359109.80151021533,506489.93106823275,550564.1871984891,511927.8135668986,492956.3817125582,492894.6841990105,392442.2924510653,236721.51598924227,596615.1504733885,363009.32146256254,1195882.732304503,403500.7908921689,225619.65378168086,226675.6980775973,160984.49711681216,442370.13405513857,344810.57912886166,772807.310747593,505024.82440690376,351022.3399506161,971707.2601661043,593211.0865414267,673407.8737720853,1244311.0107150865,734826.871439106,599138.7459586547,0.08679415455360015,0.08719904269666252,0.119619156262151,0.1391198111101246,0.1261864747109929,0.14915546007765002,0.1560063159627338,0.18047154060434722,0.08003495504860422,0.18651832691204828,0.09250537538572634,0.15849487560844464,0.12639075678782988,0.16799209504365098,0.14946179941948984,0.1443560392649505,0.10965411214503668,0.13260359805631686,0.11543347485266746,0.19611283219862227,0.1513960762934785,0.20074526273035798,0.11807522047923476,0.1339396293179742,0.119224141251384,0.07822135902035879,0.13847354830377256,0.1272117295163313,0.1268646964317232,0.1420708695453325
24,449119.2450776659,228998.01172499874,0.12209510600635508,322450.32335195696,850044.5207251764,159071.2874569563,218615.07582553723,297213.21383871237,447562.19873586565,498241.13595105417,466419.39445076406,396456.1977083025,372810.24285878916,384095.4549727896,182735.36110867566,486993.8937897694,352012.1638754845,914986.3485469648,338441.6644857855,224382.24651964038,219119.4717451694,129955.25747578815,335071.3146598861,310527.8781541168,534300.6582638929,505024.82440690376,320120.0290923509,868804.2872561578,534446.5413026876,611242.3698660964,1068987.7619685344,674927.1172438135,448519.11669235426,0.10895340536858258,0.06231679903780131,0.056408024720868075,0.14696552011443403,0.1083385726743775,0.10254977278101901,0.08985636665482435,0.1118132732021914,0.060896413402737236,0.11525935902693549,0.15254194224399198,0.14730312499350248,0.15059383632414833,0.0687826504473586,0.1255957750971649,0.1450823901488409,0.16431165629307812,0.16039863739244997,0.14480625869646063,0.141336842937326,0.16637632497077454,0.10050384251300319,0.13041827123638106,0.11348468451049734,0.15181565310285114,0.2238486451841813,0.11518433578083656,0.06891313608229621,0.10403674484484356,0.12416092040689455
25,360788.1233554801,167036.58484739804,0.12550367164352824,221665.1681803367,630892.4725720183,135948.96601590863,175751.36802233197,284279.6124936118,301273.72841555136,417999.7394268304,439505.52171514765,332202.77665514965,363548.9589352923,290687.54825616046,171292.397462259,469694.5912763274,322733.1802441976,602472.6220627822,260729.56966250486,188931.76398105087,152750.64461358765,108330.72744777912,262937.40715426696,264879.6845073029,450501.7493817221,484783.0065189977,302595.37531275256,690574.2488856333,398402.1587734139,398417.26939872734,820536.6368665374,430805.68973386654,448519.11669235426,0.04434612739847014,0.15977281177700287,0.10741310793553607,0.1627807122184161,0.1323362187545043,0.10585713637609709,0.11497193167227107,0.1879489034166503,0.0716824413743838,0.1307841706332085,0.12609691612911722,0.09163137202262994,0.1283816251081835,0.11188575764913297,0.07329317006312648,0.1292766603982602,0.13320725411425582,0.08352042102556974,0.14548729433797325,0.1654827360114289,0.16744515014345537,0.10070759996717069,0.20500515078860687,0.08438714789912787,0.14263277960153622,0.1585462776565803,0.11501987243618983,0.11498402087042559,0.14133310980131186,0.12889227172522522
26,292797.8424481792,142082.0766699038,0.12108668383641938,174454.76376188797,527086.258182278,126917.65813045533,145409.32114344166,217182.20203512022,267991.69847880566,257351.47391230895,363588.4328130866,263079.26443157473,333837.9073993909,211020.77044269393,158279.47988105167,393995.1250350465,271921.9429699263,479097.78147818416,208109.39392069884,142871.19259479904,143868.80920984084,107333.31478831303,228687.11286902855,241204.06830955847,206123.45709950983,362492.24793786707,283410.54646893224,554806.6764465019,356940.8865483482,338384.7595891659,760920.2089679556,336581.96158514114,320986.5570144614,0.10661188941128842,0.11816251558711173,0.1560974379090332,0.12286455174578634,0.11622800064897275,0.15709868699808088,0.15326256030045254,0.14546499274954192,0.10647556584201615,0.10961193885082887,0.07753999628469102,0.15472942753329014,0.0675118553675624,0.07043652615568799,0.10113756915187223,0.13342800741776778,0.05146644256863979,0.160637840000944,0.1095925958702211,0.09166753161610205,0.14379115783935092,0.04644327365688237,0.08733074156871767,0.12283602781057779,0.13665968777306248,0.19557895478761697,0.12997052141359344,0.15416899305759948,0.1530132332285342,0.15278199194675451
27,233370.99598965904,112429.13301748261,0.12867811214612995,132042.6801780685,354878.6025509128,101380.7927165747,144395.8621139418,211958.53128428909,191283.86858555608,171571.31584923624,346014.91202904645,198899.9388811797,261639.61873146627,200628.40755944574,128292.85533928953,333208.1366611927,209010.2885199943,310277.96481743816,145696.58953327994,141089.83213257242,111892.0270373925,73934.1181246167,183158.46038165982,182246.3407914682,195696.79240105886,340413.2111796845,211623.36199576888,279872.02224443725,326570.49153305945,254173.12001845113,663486.4884779798,303032.6306681165,292760.6173525931,0.015227918758182003,0.057357901290055836,0.08779058936406957,0.11326841279920831,0.1114213012912118,0.16636009772390703,0.16414896811408575,0.1484822018440114,0.06058802942739213,0.11928940335206129,0.13683523905162093,0.14383616446338554,0.19108008778256325,0.1654695134526474,0.15388340998929073,0.1071243637815705,0.11922854233009003,0.18269773597189262,0.17324904885242326,0.12169409790624387,0.11627336007386418,0.09540553480721212,0.17364664767104931,0.17801784972795823,0.028872422051972695,0.13027780392534477,0.10113953742775321,0.14879514548429637,0.20196262701465575,0.14691940865387865
28,203171.69811996646,106383.1272084987,0.1268928304426828,116385.02694322687,284880.5515304582,86053.41856984296,85206.94807198142,172458.26910466276,152221.30991889737,151523.6531640494,271641.6627316565,131257.72419703,208759.41521948643,145779.45559863886,123347.22641395437,317856.72217688494,204527.7011501809,301141.2296411525,129557.51156665939,116564.6705143933,111892.0270373925,73934.1181246167,154861.2059299382,182246.3407914682,170025.26975909038,279978.6063790529,211623.36199576888,223025.45290725428,281565.48715589935,214058.59466170502,629697.6345206721,297400.83981136855,265679.50801160996,0.17093197547490252,0.1335011852163839,0.1047552271135924,0.020618714335982863,0.1525121759172835,0.14390149875629238,0.15506788618660539,0.08876158601891401,0.1434409407363555,0.16240759938330918,0.07307868524207306,0.16878500625089557,0.10848762635062378,0.1611870572618162,0.16358049868781438,0.15357443927768696,0.0596836941253752,0.18131902529851196,0.19438885652543755,0.10621901478253111,0.09175016583858335,0.1597953022520937,0.10792216426102147,0.1084143167530913,0.07067485509798366,0.067227683820504,0.08239164846472957,0.14063748405286808,0.14856944207011444,0.18319915772710813
29,177428.30208586264,106609.25687764643,0.1287876312788137,89911.24581259917,248180.0280492687,83193.85426014526,64014.26125949307,141231.63329008632,145758.9124284673,115840.83521422088,271440.450262255,110941.7783529343,205771.54000908168,145779.45559863886,95422.30282531524,271768.04383786634,187913.45103582976,254415.8171185631,93057.21338426709,96653.5716950894,72718.39953090982,73554.34281637768,119097.64453188863,131860.13399278588,96270.46143709094,263054.6342322388,153822.62541437612,183925.51341134936,246739.26965080423,214058.59466170502,607557.0653181153,280415.9383919927,258480.04475212377,0.150034101724486,0.12698090279191548,0.15830869722105514,0.06636420675330987,0.20939715575750123,0.13876176876212826,0.17794911432887622,0.12550512265888786,0.07188160011460967,0.17093989737174556,0.06063838397330458,0.08464215302375651,0.1286220648615618,0.14600048223946788,0.10894459156139247,0.0784149127240991,0.0958643241718376,0.10825396046859923,0.18557998013007057,0.11074748206297087,0.03598911009010719,0.2074824008429118,0.19274316136243952,0.189876891283776,0.07669458832304495,0.07499370568834067,0.10415979079833382,0.1432852436105655,0.15895062706106453,0.1756225166022512
30,149903.40293000048,92348.97249426266,0.13321918241312208,79170.91315881899,208002.54396751124,74520.0504295723,58858.15362230269,131249.96735029455,116137.9203227874,88334.13755915662,208897.61745347435,93639.3923991103,165719.26897276574,119129.42940567971,82251.84337297641,254030.17920198903,102296.88028031526,237454.04683763147,72603.67751225947,93270.66413454084,61724.693033760166,66956.71466690334,97518.04660691216,106661.214846087,96270.46143709094,225375.29837862763,141277.71628686445,158533.7177632169,179396.18941684323,180906.6091432675,525734.1371632976,228918.97915707325,242261.62401888415,0.15312647545499036,0.17404359502026184,0.16559113211486912,0.1555402891869359,0.16836779831766513,0.09880571374100952,0.1525893682762396,0.10897268519338452,0.15031489516450716,0.1281172423585557,0.020345314546798228,0.2049385559504554,0.16746942534928508,0.09641558520406604,0.1389657335150699,0.09706388265702043,0.10509550506892552,0.15157340662662067,0.1552343917246386,0.10137580303526232,0.11578221757657736,0.1763001510992185,0.14873072619615754,0.11175174352559641,0.11540942254909345,0.06764249347049223,0.09700788097674892,0.1476025339305711,0.15266899051600458,0.16973251404664166
31,129405.90669306641,81948.02934246308,0.13568197009000665,71483.80823004607,178207.86702647264,67695.14683197175,55688.9496673797,102406.68522631667,113797.06246537954,83572.93865637138,176947.70317614757,64632.028495204875,139413.97220713648,86766.61764249647,82251.84337297641,222683.53767291983,79111.38412612177,236469.0656350441,60814.780081133875,71252.79585268236,61485.795949869,49466.173189658824,86254.51507892611,88123.19327158398,86965.12018624041,225375.29837862763,127772.85414037728,133896.4958252437,111217.74334760975,146059.4324017674,448378.01876895415,226800.3886107154,197185.98527661653,0.08667758671409526,0.11316958386625153,0.12814811165720502,0.18543075623335492,0.13863963048666994,0.1885023791297556,0.1786011548799762,0.06532420720769272,0.09008802880144673,0.151767854971493,0.056714820997539925,0.18217717637723582,0.1374383419507555,0.0795020848210609,0.16012693441663037,0.15025305515744555,0.12363444527921819,0.18222039325974976,0.11588193037859651,0.15590827250773093,0.11900729395911183,0.15604820691509208,0.1499608314032609,0.11957611374446564,0.12493311435838766,0.16919076706814346,0.11385024156885447,0.1979103431779885,0.17031364395266096,0.07946179745833
32,110610.7717546984,67915.45701393814,0.13487357960924026,57222.31926850212,160429.33064532853,53346.597164507875,40558.4773897235,82745.82254199554,96456.82709516595,63928.30349196055,141259.63544427333,61536.23259668678,139413.97220713648,80973.94548203981,78949.36560550523,207107.06309699028,78445.98102981292,155343.03162018102,60814.780081133875,66169.47565458585,59309.905188190634,32225.88002510886,71433.60203137406,81122.55521684627,66310.37635372583,195379.55390790867,120211.45911522539,133896.4958252437,88898.73077397149,110747.76601901294,369560.8881775424,175815.03959072486,188709.7400005484,0.10443051153845259,0.1525864161367814,0.09217876143402955,0.14563737049201994,0.15547696198974184,0.1761468995570619,0.11999789482170199,0.15367909471823094,0.11683786788928044,0.14643144714353415,0.0718644695751033,0.16702209681128027,0.13508913492887917,0.11696661059960113,0.08591920125116037,0.11847720079640332,0.17099478225642303,0.16311952670436433,0.1271133698285495,0.1792706916335286,0.07105800244109575,0.14482834314278356,0.15953930439273156,0.1400649351384899,0.1279173410516442,0.12082280326546688,0.17113856088948098,0.1307798628288739,0.12085888282904571,0.159959042191467
33,98227.37236761607,58821.60159623187,0.12531157044697563,41786.537617720314,132959.21274906935,49421.84949490475,38002.418514329096,75320.868360978,91206.52697124127,62276.43883686752,133984.16419983524,37256.47164560533,125723.17312737017,62740.22609971335,71722.38068665373,188345.5615793036,66795.6774282885,154504.81062737887,56086.17890441138,54288.79888792651,50344.52934852128,25462.77441879577,71433.60203137406,66892.40918522672,65750.85688484901,195284.52112853376,116834.13242466412,110317.81241356522,77606.95390223322,106252.7571807663,295853.4653839714,153822.01389339528,168544.04710098883,0.11070075152570519,0.1167711269064089,0.14684182652147149,0.172853921964159,0.17027798051712342,0.12919883110876992,0.09685235128928206,0.07538378069745691,0.10556759062668315,0.13894632021837347,0.11945442969947823,0.11780121091553133,0.19199729097903215,0.09130351363582931,0.15638661379950383,0.16628611744351285,0.07097519395257613,0.11613425889138017,0.13011118930123122,0.19605889190250383,0.06845946208522231,0.09531306541983031,0.1972362669258318,0.1819468830943654,0.07462321499681385,0.11599111801273894,0.07285859720287943,0.10453156835190144,0.11067723345853378,0.11780651196514001
34,84942.68082698957,52386.0840136301,0.11981859544219448,35802.92693163448,132959.21274906935,39760.85092543501,38002.418514329096,55688.03756539504,79259.25273778096,43744.274013205126,124597.36759874386,37256.47164560533,102494.29867622403,54895.70642626348,69132.58381828616,156379.8218295394,66143.65902967029,125317.88013967851,49881.804951542006,51390.43117873031,35805.33603264975,21934.25735711474,64775.42899190988,60198.18856672221,58870.89890256963,136059.90351740536,111205.98527146205,96209.4471160996,49765.24801210315,84022.43557695525,273909.81022425747,143809.51533218473,149006.97117712136,0.032998780571085365,0.04515008967322205,0.08509453004373402,0.09725045109226349,0.07536592849082178,0.15537112917787746,0.10189463308933552,0.12340964091815455,0.1742932341544871,0.16383991262385064,0.15565438571058962,0.15168013851718348,0.21249771546278207,0.11188864046530587,0.09207828122838639,0.13068914370699794,0.15128921693157302,0.10328765016472921,0.14850711969671612,0.1712893514182287,0.055701551223177784,0.12682986556947892,0.09543534778919088,0.1512651859663352,0.06254311370640309,0.07578899715655678,0.14645911536910278,0.15504031097800922,0.07742975202978022,0.16453465034047557
35,73359.39655521512,43144.417181750054,0.1327263130811406,29389.841616761914,131631.7769901322,39760.85092543501,31304.052514002382,51577.80179171851,67576.58454871677,43744.274013205126,107952.54340944125,34033.53188855078,85842.31151231007,50120.97035674645,63281.356307702394,151678.7395637353,48545.33205282346,83009.46572325523,44866.38994090556,45575.05445154562,26423.790503975728,19717.353369424876,61055.91832752626,55438.48772428775,58807.68311888385,130568.496507098,84879.63170729161,71138.1154084027,33801.21159866656,77395.2414468942,197277.5461928792,138380.5105697665,136007.03257436844,0.16012444169761206,0.2104774865694883,0.2104657238288883,0.041482981633019896,0.1297628987720215,0.12165883704735303,0.17319615412663916,0.1935635580113294,0.17113688649165784,0.17607762845950264,0.09597163484354111,0.10603276093587456,0.12765088325979307,0.15906456595136653,0.12793002187923058,0.1480559219861795,0.0707086899298823,0.07222225887996814,0.14445776487049788,0.14154293717386346,0.0759366563203398,0.1187908113451686,0.08007582179767311,0.0833271313145694,0.030193831615602938,0.17314807591772857,0.1104553446215766,0.20400158461736043,0.1793353722865651,0.14494072624992463
36,63697.03636518998,40061.47182677259,0.1256203232964039,24755.999613173648,123743.58770647511,33037.2152685698,29358.369831529428,41223.615814101104,62825.44232587826,37357.305873734476,87214.5529717005,33862.474001153896,65136.61808518699,47588.30889081576,57219.1655200116,143524.4968238845,32240.728914840565,62562.653276300785,35030.967803350795,40751.74814412816,24216.592751236374,18557.350423145195,52333.15257895365,51385.48982115578,58614.52990910928,109378.61935210187,83048.24547018357,53232.88651523061,26840.391902404757,68888.6304358808,197277.5461928792,95949.38754928224,113755.01718930055,0.14479619241217226,0.1841846885297827,0.17915948591308395,0.09456496510590928,0.0856188090032187,0.13915779140471524,0.09721261201218259,0.13796787997341758,0.20855640747799298,0.12808766035230176,0.14429888258788395,0.146796266693275,0.14323503568235885,0.08382301987392307,0.04728299813203066,0.09434627082525614,0.15231039465525467,0.052991302450192346,0.1283764191687232,0.15194826823694274,0.06476209994294081,0.14758544998876041,0.12583765230431998,0.15649553307459824,0.06370716462315383,0.11825038543963833,0.12650297269476476,0.19836820198057314,0.11787540035741112,0.1045094879953391
37,59233.97573331146,40050.92794031398,0.12797826731439702,23136.40415104633,115236.07073193247,25073.33238642953,27041.459013897056,41223.615814101104,62825.44232587826,37357.305873734476,85000.45401086059,32901.378207561815,62158.77691839121,44699.545595158714,52592.7487934646,140225.96929433447,29299.62310645737,58516.52287352536,30121.913960636124,33446.11457662923,19249.602437454916,15421.755722485166,41450.739091062365,41579.80504452123,51782.613108332625,100530.30834967436,74179.84842940194,44198.850726437726,26840.391902404757,59099.24839419858,195890.050668445,93819.75682061538,112119.6236702711,0.11602300331677277,0.170247795298015,0.06233655311046429,0.20066569324632763,0.19697283571727248,0.16765338333806612,0.08539773842930334,0.11528386527202225,0.1528400670570236,0.12391032894201769,0.10964423354108392,0.18889498550581715,0.16217809903152275,0.15479480354438574,0.15769032482660328,0.11553636080617893,0.06479520794780202,0.07071818079726806,0.14485715112306685,0.12326499722997492,0.09709221250636099,0.11244530197280254,0.10839751112509266,0.1283851954127635,0.06576275183153314,0.1473763862334222,0.15027250264900613,0.15178117004127623,0.09947766164809504,0.09465171793057012
38,51281.39630177782,34158.63249583647,0.1284027594601464,20757.31150855442,100666.58455803378,21287.674903325264,27027.273821077953,30089.104955109262,56805.59288832931,33851.8530284391,73203.04738034341,27709.112698418507,60355.64837431811,40280.34539941018,46873.15601278605,108080.82210815928,28923.547792917245,50613.20732595297,30121.913960636124,33446.11457662923,17142.54788804718,15421.755722485166,36308.54895342887,29006.18232462044,48726.0722326785,93504.12027249648,65368.89470347449,40522.679677362714,21599.883967364793,55665.530351257665,176543.82935124723,55721.75834725926,92817.77396917123,0.10018491628756009,0.15343516360975454,0.11513642924715407,0.1907560397352528,0.12108433923606746,0.09488987266232474,0.07312581918685436,0.1645817643009122,0.15996705594043165,0.1801605435418273,0.13618521692692082,0.1315399498686563,0.10982367012151739,0.14875710674900944,0.08192866736487339,0.07503387698273226,0.16462548353106227,0.11897605134212787,0.12427378547847714,0.08024581207923162,0.06908695223825546,0.15042873553692854,0.19679323158350398,0.20440250443120508,0.1358293676379336,0.06806114862497803,0.14047836524153565,0.12474020361466186,0.14555176042752263,0.09199895027512102
39,44882.51896205311,27674.536172698452,0.12706994529567847,17968.541557899705,82302.62277715068,19899.334465372,23610.773039573734,22346.334509905344,45296.15155990191,31083.819728164817,66358.8584922934,24820.54060914592,55282.19610020692,35886.18245340961,43700.089586726455,90116.0595923998,25495.4902845775,50527.02713161529,27450.072714379297,29127.66184213485,16875.838107157633,15255.36328654083,35007.065465237574,29006.18232462044,47069.215448664145,77472.80286077419,53084.07767235933,40522.679677362714,20772.983694727252,48219.5574063769,146176.87532114275,49612.14597136684,76129.0251804053,0.07481533446955851,0.16761679790354123,0.11104862469430507,0.15432548635829452,0.12415728854814637,0.12537658162257692,0.07421003947691734,0.0804447974791886,0.1302372363530027,0.17091126549666513,0.0836336232916857,0.11687449464464884,0.16030778688604458,0.1364775997747798,0.12886877697139715,0.12474150997960778,0.1244861252342763,0.0360449645951999,0.16829945073838645,0.14303551481408613,0.026921995097038028,0.12809703120658647,0.16155030494565348,0.1700942412733929,0.18897441510341376,0.1078110041386274,0.14444724766210656,0.11695312093731904,0.18383254541926997,0.1475031537546385
40,41078.572743907964,23525.088123685924,0.1314046183151208,17423.882253697615,76288.20485187853,19899.334465372,23499.414461447424,17118.702350100095,39368.50269964923,29659.82286047156,55531.04136136997,24686.67287910469,47537.47286639522,33835.595507609345,42178.47434866047,88309.31846962904,25103.841877489354,47297.6282649656,27090.203585902767,25992.145440040775,16875.838107157633,12460.579268299454,31722.165113412313,26302.532665968763,47069.215448664145,76695.03393361284,46562.884538727085,37910.14554651993,20772.983694727252,38112.49259075764,112698.43252173149,49492.50722076992,74862.11312310652,0.15035643131388343,0.13912264744837555,0.16117436428546333,0.1843499951985282,0.019138408057192764,0.04275272362871517,0.10437767221947572,0.1192562106251126,0.1706216506282046,0.14384912975600386,0.1158720356085264,0.1253739165803791,0.17101415022521052,0.16206126593907438,0.0811498882287269,0.16716537839997997,0.12782555025929368,0.22225511429836187,0.14381437531866964,0.1709539675930518,0.11189344256330483,0.12247979892643016,0.10156103680436625,0.07882897182153616,0.16388117787737977,0.14652386583834703,0.07095714843951509,0.12779336989531967,0.1238862539965405,0.1718486076786545
41,36038.97881711451,20640.360404771196,0.12168437803598793,16819.692995997702,65630.0588639577,17689.545673214496,21855.155979550782,16327.70866212779,39175.32436079109,26464.301255186747,53250.780465987555,20848.126024022484,38445.5887123246,32087.99942908631,39255.82977682757,73619.01721294744,24735.344909152704,47297.6282649656,21881.584528209383,22144.80443133255,12393.856664329056,12033.887641172869,24406.675020328414,21477.7604604375,44347.96453554196,57346.26527231196,44542.37345291946,29957.466931161172,13912.564885749583,30598.483450083128,101541.60674140767,45458.054320196934,65623.91359211339,0.10688146644781771,0.08465623477901334,0.10206050628952602,0.15840889341740771,0.08588806258618269,0.20318852482333816,0.11615968633462581,0.0635163324621273,0.17623227590513546,0.07703255823401801,0.1617693289591326,0.16335417707701702,0.09698833479256394,0.1880073661589831,0.11537710339211572,0.05441442000939672,0.035146640447318855,0.13581499871115887,0.1563666163219683,0.1591827963669285,0.05632909785354608,0.11820635376267158,0.16180238821348586,0.05897793336042792,0.1356768802165058,0.14654104522634442,0.10072198481738731,0.11923184057552275,0.11393183289129172,0.19866566064667818
42,31245.92242469188,19560.080731854934,0.11511447580065075,12039.388528377332,58590.25778051096,10522.900495395545,21855.155979550782,13602.142593974077,34025.18630211035,26464.301255186747,46459.75809585826,17071.058399335096,35170.33859635998,27914.59660740077,29915.318406590337,61471.20038706499,21869.921435818087,40145.4401334521,17988.249161355736,21399.715401033838,11515.066189143048,8167.075568662792,18635.294742054153,18950.831558961196,37633.040205358324,54715.76971449442,33145.54533639965,20689.844552170445,12858.058399490172,25945.04342466158,98744.22356198473,41935.95585606667,57936.99407193399,0.11802356891573867,0.16658336298481155,0.045038228167143576,0.21495432362785902,0.1103376537279332,0.15377734787718975,0.1258056100231457,0.0681696943223491,0.12295967662053822,0.06388302276862752,0.14030536881377084,0.16105881477393957,0.02791523665916866,0.09921853678131237,0.12689192264027377,0.01552040016038225,0.09578367277202329,0.1695471645606433,0.07138052616131352,0.09229898130548397,0.1454801072100038,0.13445769332856586,0.14072494909981487,0.05824398835683343,0.14127028597897495,0.11099171262107577,0.12280218639884317,0.17447493287668153,0.09067558524132001,0.14485971924376062
43,27649.308502533422,16693.267113346294,0.13107216468111324,12039.388528377332,57353.41166786835,9899.652167274744,18841.565703719934,13602.142593974077,32866.66478959309,26257.613829047383,46459.75809585826,12662.208210221377,31491.005906142796,23670.462007126207,27622.03170581188,48958.1389318016,18593.21615058726,39410.306548426466,16131.801144920377,19238.310873410555,8000.492481578822,8149.482669373502,16057.410366035574,16217.273197427521,32398.601771793587,42966.79093601089,22438.750669665442,19250.825447367522,12858.058399490172,23207.209257761395,80251.53354454906,41758.73037910833,50826.417101679304,0.10790101136286663,0.14175807331635829,0.11630471286427951,0.15743285680154903,0.07389201721492523,0.10831266564410062,0.10552359620364654,0.09550053159440894,0.1513321087957974,0.12594281214629416,0.17924736422644397,0.11791354977328815,0.2121222553400833,0.2206822808437295,0.19978380467197893,0.19816046905280443,0.12096441612023674,0.13480101017458362,0.11672151003271686,0.07051448510229069,0.05174633193760264,0.082506243979217,0.13569164364610722,0.14766859901332505,0.13699577925674544,0.13042417800545636,0.11755098836773094,0.1600856767351032,0.04961451139816215,0.16506945681156526
44,24243.328483045672,14371.538513965352,0.11987628032147403,8590.664166649645,53162.37948948375,8066.898809312613,15167.95893530442,9591.88208291589,32866.66478959309,14079.592741823193,39255.55195227438,12071.603917970553,31491.005906142796,20488.34884838032,19800.060275483185,35195.72601260414,18224.385105199257,39410.306548426466,11636.037193868753,16562.66967709738,7906.914539999396,7176.151554386936,14998.147213971777,16217.273197427521,32184.643374697105,42966.79093601089,21302.082954524867,19153.42385959627,12143.092405299056,23207.209257761395,60201.208923186714,35736.57721609243,48444.60260588606,0.13775095487697053,0.13501884170844794,0.03171081492811348,0.13531746659749302,0.05629752299546058,0.16296419095079595,0.10258955003676698,0.03261429994396171,0.20279737618271204,0.08893658569294245,0.15041993063398235,0.18911406546718246,0.09509846071489295,0.17467986813856584,0.17674890084281045,0.07469236946978253,0.16616351813787955,0.18641723961406692,0.06898402375437176,0.12854991835699464,0.10620083468913402,0.11441785295638332,0.07677865553748844,0.11576824646274383,0.11285523534794502,0.0857190902515892,0.14818946854624118,0.11118200646839886,0.10281500215952181,0.1254961181805809
45,21812.282708238523,13154.54113053161,0.12205110859583365,8467.558178790003,41047.62643954488,7278.731615961049,13343.828080270601,9457.132743349766,26424.922573030097,14079.592741823193,37403.43536108059,12071.603917970553,28388.630870729023,15698.87616111737,19415.365671721513,34632.96183836762,16355.317634834548,31096.738500738626,11107.359614620102,16562.66967709738,7906.914539999396,7154.988799027863,12408.747231982667,14982.846933140556,30339.585649792247,42966.79093601089,18616.650979073453,13280.325912727969,10699.216906160591,16890.44514397686,56806.97970212149,32062.395421537363,47420.24147055762,0.09231196847592044,0.06546212879547919,0.117492035462541,0.11015002920342609,0.15072066930560546,0.17243568108360172,0.1236181843072553,0.06853615064800571,0.15665248961800632,0.12207184343144714,0.16139564226606268,0.13777436486583394,0.10253298045996331,0.07243794884818064,0.15461356260053485,0.13172888423048207,0.13480798585039222,0.12426103381181655,0.14482868404253493,0.10139195691245181,0.06277745250036582,0.056324502840301875,0.15688166864417064,0.1262202825410163,0.161335316621091,0.0534617963077537,0.1487480305132573,0.1031259913501005,0.18397243922235845,0.16346155311505314
46,19775.620609778784,11594.87689908232,0.12047089940640907,8191.383092057516,40759.347472812384,7278.731615961049,13343.828080270601,6568.222926283233,25532.612926109396,14025.099395239335,35552.73299974079,10596.29673609532,27509.133868688426,13068.815058875522,19410.720386561345,31515.79853409937,16355.317634834548,26228.94651982079,10719.372873324513,16562.66967709738,7648.263095846118,5983.99894857238,11776.048056089316,14281.001272019435,21808.984050631505,36151.30075358368,15166.451751070355,12055.724854748658,9414.002709562523,16679.44990204556,48461.61611512247,28537.739440344685,42085.00754585534,0.14467947686451924,0.1615446593908191,0.10750419596034354,0.04331981140250145,0.06708709863853034,0.1695459064686084,0.11720183811245027,0.11680374163532325,0.15115078473215313,0.11437441851926736,0.16153190761009767,0.1186488135032579,0.10503806188240086,0.15592545328246976,0.13522084559313086,0.09735894269213503,0.2066638126151743,0.22004290591424222,0.07954543624064139,0.06997258748057292,0.06913305287001466,0.10130506944104128,0.09196990738430214,0.0789441479437733,0.06354734971410599,0.06530803282007375,0.10393971325945285,0.12796075591181713,0.15900034415682418,0.20985791015222818
47,17228.17387037489,9913.937096370428,0.12336238600942478,6882.264753423569,37818.808507124006,7278.731615961049,10405.766532175092,6005.965021693026,22568.97056457813,12940.731073323455,31187.73335456878,10582.559050718386,13377.276123223603,13047.982367594897,14476.67483292225,26739.99580598671,16345.194215114358,24678.07062863685,10136.520058737213,12060.571379076813,7508.051928897991,5379.198192490955,8839.642146855125,13124.30527783413,21808.984050631505,30162.443243427173,15166.451751070355,10503.114722391745,9220.243720636012,16095.640956683575,38488.71788975051,25587.69619080872,38426.91015491075,0.0982452624765091,0.1953927987823584,0.11638155107531765,0.06339310270885694,0.0721121791043097,0.1347187161283295,0.08882675456048983,0.16566967825050324,0.2117903459690613,0.08145562478562975,0.15485463858626,0.05823328015458698,0.1520806379638358,0.14643389548881885,0.19099458652433635,0.1550254237338082,0.1084003521816253,0.18308776405575178,0.16675079838261753,0.15696301560216303,0.05971958935256937,0.12068534825856111,0.12038775382573166,0.11154007080048052,0.061792491350617644,0.0735460855094203,0.08137085898759461,0.14439442686806137,0.07640548870460508,0.15021906010993388
48,15124.640655832745,8175.640103544289,0.12074513590920485,6701.65236789476,30216.80482244377,7278.731615961049,9693.636039706238,6005.965021693025,18366.93990940696,10674.01170535552,25533.095394030202,10543.279527956325,13377.276123223603,10525.200369734614,14280.770031951444,26564.585981675995,15438.213160766867,19552.88874765999,9593.155731791303,9183.634141379851,7333.83816495239,5375.648064188978,8315.483732679955,12836.061759792914,16670.34761204084,20130.75388737829,13689.52201333212,10503.114722391745,8939.121231670286,13441.817471570612,29635.619036993663,25587.69619080872,37750.355094550425,0.1293962549740663,0.20516370036440895,0.1719941035888595,0.06700648147102437,0.10239012433046349,0.12782304167015643,0.15978345670829594,0.09661942520374535,0.18518102962604815,0.07567891269924937,0.11670741798701355,0.10407918618217332,0.11101698193316631,0.17182375719021803,0.12188840795740327,0.13919331998416648,0.0818436094330106,0.12941371037964539,0.1229574236657243,0.0742942767578035,0.1678077147254585,0.07383595216059527,0.13825497127460776,0.08956366584197178,0.06962203844556322,0.13361844471922882,0.10999932963717264,0.09542029007476,0.11987590598731229,0.13010114230283315
49,13430.61584544836,6997.4732019723115,0.10782641628573739,6066.947302128442,28632.523900969132,6510.883182461914,8647.418886594196,5268.351980251004,14727.762042605833,9097.314420339277,25533.095394030202,10543.279527956325,12171.363090631125,10525.200369734614,9864.870974322277,22274.897145498562,14305.970063697448,19510.18381859405,9030.854698440744,9183.634141379851,7333.83816495239,5172.78065704815,6614.331062876532,12656.71182961353,16374.06667474633,20130.75388737829,11274.29113009395,8092.25386696656,8661.423347633747,13441.817471570612,19449.962826665047,19381.52297690957,32440.17052736096,0.1302555369781909,0.21381125273590307,0.09975661237216968,0.0847650890499907,0.11757378278515808,0.053852091853766534,0.06774781355678304,0.16772034618175904,0.14048039587684777,0.06251456440466865,0.09089043623261978,0.1012072526027989,0.11961214426152461,0.15703903076721995,0.052306829670571736,0.153681450339516,0.1559657402123705,0.1039892333731916,0.08140485723531432,0.07506225552038732,0.19357080775105442,0.07979582463282836,0.12104263274411815,0.0830742479790468,0.0676330446868437,0.12105948619799922,0.068776625277726,0.12026883354438589,0.07262648008271262,0.07730778966465329
50,11828.75212432159,5931.164163631727,0.12848317601664674,5377.90118289874,27073.229223625163,6510.883182461914,8611.68676650666,5268.351980251004,14543.678784182319,9097.314420339277,20394.54482343358,9902.698087664821,6410.942340837515,8561.254082735622,9372.602239984435,17368.857793551702,10028.021354609475,16863.40893483108,9030.854698440744,8670.992277639138,6508.898644373328,5172.78065704815,6013.756976659837,9978.985975657108,14853.890222890925,19642.19947267332,11274.29113009395,7853.746312061758,7982.631620096713,12501.698899209836,14285.528717836853,19381.52297690957,26325.409950143137,0.1397886972463126,0.16597296124485264,0.1860353905315973,0.15253293496650253,0.11412511107045997,0.10936188238913977,0.10926905315948675,0.12796046988664628,0.1726787371938111,0.07236999824464461,0.15412047645416205,0.1908878296254374,0.14818816892784237,0.12330808531921554,0.10496212680675103,0.1575095215836643,0.135177009540502,0.09615983835832964,0.15423363483472363,0.15192513092773213,0.09707049229945242,0.14364077802602954,0.1118835988477419,0.19013737453292034,0.06624132456815032,0.16882214052841846,0.09922898805497102,0.11923815630755852,0.06854956358331032,0.023115805439037303
51,10527.45605133233,5209.025259889458,0.11679623554523837,4757.828963494496,22807.119486555548,5754.804253340244,7772.139270983018,5206.7862185936365,12943.331465079173,8287.963638249763,15351.446786455823,6479.219880200893,6410.942340837515,8561.254082735622,9111.347932426948,15003.597073302422,6351.522689308361,12167.083784318145,8251.528474668452,8670.992277639138,5902.050316488026,4418.98174581743,5754.39968649484,8987.1225015267,13824.87018590741,19346.210166053585,9392.118566489988,7165.651084374008,7792.144298099733,12501.698899209836,14285.528717836853,19381.52297690957,23182.473776572726,0.2008624736278044,0.08052183984637545,0.12956008517232018,0.030475692517387656,0.1931660200481309,0.17779511910386595,0.13543148177345704,0.08738597061053925,0.14152951263630226,0.12105203224015498,0.10347222689257785,0.1283829714094395,0.12623797097747602,0.11875405753802322,0.1199473406382319,0.07676338498332154,0.1351288214981729,0.10646679463431866,0.1110373214516949,0.08581705243046892,0.09883960854131926,0.08208706092850324,0.09298860504555677,0.1670087646283655,0.023300349628908677,0.10048705867321948,0.19347204008832508,0.13421627563694863,0.11184861680863528,0.0898505163473051
52,9458.447397741205,4425.212135604355,0.11583251827225485,4379.399080895576,19303.53699965039,5361.664731700489,7144.602133020101,4632.089990979972,12943.331465079173,7784.159401752807,12857.592928096192,6479.219880200893,5744.264547698311,8561.254082735622,8760.81588343606,10245.382834323997,5225.993612467573,11918.355799762672,8073.468749576166,8483.339390364597,5902.050316488026,4341.200732716105,5387.628017871044,5612.912345231944,11204.260881942017,18009.147749420124,9392.118566489988,6514.703703633709,7792.144298099733,10677.883245450534,14285.528717836853,18188.558261909955,18546.81358340555,0.1584570378246527,0.06475217194787378,0.14081837236094627,0.20007027206923822,0.1899614837877363,0.1287705878955891,0.0753101527325364,0.11891119253371979,0.18029257125393738,0.07354952884262722,0.040779561730900624,0.1020518371220307,0.07458911890584698,0.06779420248760781,0.10748844608278874,0.12028061651390169,0.09235462188276627,0.13112658880458453,0.20335914082393194,0.11136744985182379,0.10584088569140769,0.11221776898950976,0.1071232661659733,0.08717756337089103,0.05210143142049039,0.22129650257383998,0.08860166346028088,0.04756954445191303,0.11282340971828526,0.1581385568700145
53,8867.479277599556,4445.42309134841,0.10864542560952807,3495.832965080895,18991.14493202839,4352.787612703362,7144.602133020101,3662.506176963154,11697.86400960704,7359.495559326108,12574.97986585017,6479.219880200893,5406.106550766361,8182.6376597442195,7289.92866737898,7729.382007990671,5166.51698833457,11793.19701310202,7785.938373656066,7269.995111007446,4952.337358430963,3606.0785478662237,5091.426006314852,4726.5976729037775,11046.834830346135,17626.105251006597,8975.128981675201,6514.703703633709,7511.880668589859,10677.883245450534,14285.528717836853,17833.92823199521,16793.809605176357,0.09298637819366669,0.14059248898267815,0.1285737492302964,0.16066115134560124,0.1329588290697863,0.06944239213094357,0.1037278994885839,0.16919569596435402,0.1561864283103031,0.15529949032590323,0.07302651335025626,0.025519926862824466,0.12529443707599414,0.111697754043837,0.04830219994819331,0.07214654268104782,0.11843893488302565,0.10437125084730964,0.0945589142315099,0.10413591511884933,0.19398873733748045,0.10085913109794302,0.11001826351712662,0.11205790686442994,0.05736157104107483,0.13005202470444113,0.017260889722000582,0.17064076901747122,0.12319120607577827,0.05681537682313154
54,7796.264310168537,4078.024594715033,0.10624829050051944,3495.832965080895,16682.60968584969,3936.6376784301406,6977.886006830213,3064.4417529915722,11697.86400960704,6880.1620657915955,11085.940060347977,3552.9492962484496,4704.962228063057,6198.3202154083065,6390.960946232068,7690.434398280297,3181.5481672747965,10656.27071901234,6999.097223862506,7269.995111007446,4952.337358430963,3447.6024847033273,4713.934959517896,3067.5579164607548,10175.240844958502,13710.50225778268,6749.567858138118,5147.277216428357,7507.750142204478,8683.836409900805,13219.016987899226,15372.097155226751,16675.295183085847,0.21506894084724093,0.2192738660832662,0.0699447686871136,0.176417698098416,0.09761520434685902,0.12446886750388768,0.05914706767329096,0.14288579875539853,0.08608390030234057,0.12271540169222633,0.11593754238297166,0.06244860572255092,0.09128053162588991,0.04714196035463598,0.10508187986280461,0.06123250063199454,0.1420985404594982,0.15519009557288327,0.055454790039249975,0.16423861903070036,0.16981921311267312,0.06367962530589642,0.04749757897661257,0.09260197198656464,0.01586243124282099,0.17740205145597948,0.014637565762035003,0.10376177441648735,0.08915440462817795,0.09930551845511665
55,7301.965498022893,3959.329378435404,0.10968172138074986,3213.0286632337875,16131.672229479884,3691.185960068066,6963.301507491542,2610.295124031964,10363.28029493155,6517.794075064939,10907.259373000588,3037.091203809684,4276.351524131784,6057.1692702910605,6390.960946232068,7403.995892949303,2864.1156421758956,9320.191937441661,6848.778888015139,6854.712434309658,4952.337358430963,2722.30707508215,4713.934959517895,3067.5579164607548,9487.121563763696,12127.110972028473,5675.882832831476,3555.0055097261356,6773.992966346703,8558.518540393467,13147.27957576494,15223.35188407568,15603.378819605907,0.1193459305658748,0.15983824315461215,0.1602281776730955,0.17063893270721053,0.09333888515212428,0.11682588947744994,0.15814809309502836,0.14003449212359625,0.0624429667969223,0.0950285843373998,0.12434113344981668,0.15273722357181058,0.0385641703453042,0.06875748569778167,0.1204263963667398,0.014005805421017654,0.09652350909283294,0.12154041942168323,0.10221644651477249,0.15038420939777206,0.10853131268620249,0.1448750605522126,0.029885557274412618,0.117504130810911,0.058315143475125,0.1653078188334404,0.09792755443236978,0.06431284696089641,0.14647268100258695,0.09195254103149354
56,6563.801865130314,3694.2183890171477,0.09117878022080807,3203.032650394848,14998.814616099819,3691.185960068066,4574.420332512385,2610.295124031964,10136.99559521498,5260.951991274369,7131.838960706862,2869.1280776812227,3788.186684208074,5683.603268171377,5556.301704504806,6749.082156784826,2743.536899039426,8347.46217163101,6848.778888015139,6087.716378682483,4354.749436802392,2572.121195799152,3533.606723768407,2355.563088392427,8853.505271279268,11699.047393630715,5271.15658563877,3444.1238977951516,6721.265898540184,7777.628323289583,10463.078834176451,15113.749567955016,14473.12827782026,0.17584513766373955,0.08176919807135172,0.14419473718558112,0.09782301321475276,0.10771519983815875,0.08660161586921437,0.1257214144135012,0.08889379257844056,0.022588030094706512,0.10273259423677476,0.11837973002579985,0.08963637245219762,0.058019459241434944,0.0703229108188484,0.0670012157235589,0.06449708834772679,0.16942218194789418,0.060517576950250285,0.08435387946707132,0.04777010008666025,0.08947896454184907,0.07437265159076764,0.07329124154981947,0.1615212389825587,0.057295741170976945,0.11613421366047286,0.026248982308674305,0.06696617541972155,0.1386921078036577,0.06755684136807963
57,6051.564763241791,3322.3911731932008,0.10096686722008656,2913.634290881,14567.850292137531,2910.594574796611,4574.420332512385,2610.295124031964,10034.206881865184,5260.951991274369,6623.666873444568,2869.1280776812227,3296.83047267501,4468.3394469298655,5068.205690675021,6686.831682017441,2711.497377364474,7621.267181818119,6574.685153033009,5304.853671403082,4104.527625997438,2568.1216921669866,3533.606723768407,2355.563088392427,8748.153514946993,11469.814566564311,4190.140048047487,2928.8906892664636,6685.13787753482,7416.556856316716,9192.468332725917,12496.214354355463,11760.488412629476,0.10152668622274853,0.07835073366056852,0.15595549757935845,0.07509277898741502,0.1765334909408706,0.14936628381477474,0.12359493138023037,0.07550558913083197,0.15367034913672947,0.10344596621147187,0.142215616875231,0.12529965156829972,0.05857898759155258,0.05967515824209802,0.07076504788640987,0.07368155944532462,0.10370179644996408,0.07922052888816485,0.08479119360790045,0.16074759751235998,0.10921183663437756,0.1578519056011863,0.12888587315010738,0.11032981252326562,0.018662373311897892,0.17726540513494157,0.010501844634490673,0.06560700059460553,0.03849751823453043,0.06047300165088903
58,5550.813608369852,3059.0791070711075,0.10545620876264361,2746.587694803615,13591.850189266566,2910.594574796611,4092.1664248403904,2582.6998696724595,8645.118938435082,4945.29117671384,6347.708394880829,2517.395105832769,3123.6595281215573,4171.701335768437,4838.153815510407,5861.920625138939,2299.5699453219318,6967.106217710084,6505.386199280519,3883.4230023980012,4104.527625997438,2407.9578824579226,3061.8552618450017,2214.292771340358,7849.338408719452,9473.165449413953,3817.1150504136035,2532.4476948562533,6670.935976161682,6682.201582110269,9174.562152573255,12496.214354355463,10009.46100235889,0.03871650344412692,0.165921489745287,0.17853123131373205,0.11224179021552363,0.17462945546039219,0.10200645915500733,0.019604670287430525,0.15363762330411646,0.13390798579764496,0.10377267095544572,0.12267396098417896,0.1503755175698871,0.06286740526910158,0.11964281719537048,0.10278266867237187,0.12131690032426284,0.08280109566744182,0.034016761711932325,0.07330132403768533,0.12177687475008665,0.125221946144856,0.09580777307185567,0.034060535804477904,0.06883245389392495,0.09723473113217165,0.11438479929223186,0.09906903065434115,0.09793143492018902,0.09897588358727945,0.15764246851695474
59,5041.1648359253,2874.129747689592,0.10925359031205582,2452.0869956900297,13077.712934564996,2910.594574796611,3202.980901524732,2394.4148788286225,8645.118938435082,4588.5659736135285,5171.416753418896,2486.9600288883007,3123.6595281215573,4171.701335768437,4350.057801680622,5546.866494934235,2209.7411464578668,6967.106217710084,6446.519773579307,3598.51022741634,3707.2919994539466,2255.964162207497,3061.8552618450017,2214.292771340358,4319.254025844452,7523.508356878364,3128.563201829432,2469.515921466927,5013.166866213455,6038.333423955831,8776.036189717955,12056.144652806634,9327.003738769903,0.05639493696427135,0.10762611375814085,0.20639370032421367,0.0805244684749639,0.13044903481114922,0.0832786681594114,0.11273942995240813,0.06005889051327086,0.1448638403765277,0.13532761165142165,0.05974714509477032,0.0756124528509916,0.09759793151746973,0.10707345297724029,0.08211016951769598,0.12949341962303973,0.07827836003187864,0.14986842849001217,0.1605439830623921,0.16418826856419227,0.12608975346361465,0.1216274754844191,0.15774038119119518,0.015595550564637871,0.08674751943584845,0.13236579289602746,0.06707939493045903,0.1410957121299179,0.05172441335574839,0.15537140919434525
60,4733.227035105897,2776.043736196473,0.10505580084741344,2430.702209678612,13040.683073682176,2751.098917824432,3202.980901524732,2310.7523251204975,7541.837302201102,4003.1017709632797,5171.416753418896,2030.8541271008041,2754.5729955736897,3943.9259182609803,4350.057801680622,5546.866494934235,2209.7411464578668,6646.257739942131,6103.127084844687,3565.400145707268,3168.0577554740767,2010.7665744024764,3046.314422193853,1575.1589772338548,4151.819630654333,7234.797570869766,2831.630898092132,1895.7788950745912,4796.455616431251,5754.348772392773,8483.804096941989,11200.277206832518,8244.223927667272,0.05893693672665994,0.17144440724318155,0.100651612615795,0.16164708732094385,0.1311388595177836,0.11077263397515899,0.09580567746346567,0.06612889134127348,0.11992551988598456,0.10542424337741146,0.06396061334845658,0.22326818553016095,0.032229366478033726,0.14796071756753829,0.11123882683059816,0.12198102503914404,0.115650811694103,0.08339032154529018,0.07708972376621266,0.08306011577187392,0.10540015655786078,0.12695792310885565,0.03398774782102206,0.06258150164428845,0.05497977239393444,0.1408661746764453,0.06889170712708595,0.14413661904829006,0.16102949083816223,0.07113735516738837
61,4374.250726961752,2573.789093808766,0.09922654492525297,2430.4011440677973,11794.526527310803,2622.0183016763535,2973.0931861540494,2310.7523251204975,6903.279875460199,3461.624193798894,4761.307975627904,2030.8541271008041,2491.689558784807,3922.069705751269,4299.456594057157,2785.262257563424,2209.7411464578668,6646.257739942131,6103.127084844687,3565.400145707268,3094.461196159007,1740.6256367837336,2763.832653419707,1575.1589772338548,4055.3734107102277,6855.085300900544,2435.968389810204,1578.6640644622998,4348.066949837807,5754.348772392773,6973.448773939121,10497.401866110104,8244.223927667272,0.09960161766739506,0.07466849920855309,0.08969023885960627,0.09754670558585118,0.08439260785522572,0.10398629360740139,0.06536404189962552,0.0805774963951188,0.17004745896180395,0.06751349233965244,0.07439142121239271,0.07576324063949429,0.058532384392617445,0.1553413001509026,0.15051023198674707,0.10618489387462104,0.13853021496449996,0.07347367592714124,0.06635279298045994,0.16492735188582075,0.025650301354301623,0.06970757643896783,0.1094783929245502,0.1565232670708428,0.06568913055280876,0.16080020198443795,0.022174259901468096,0.07630241258675366,0.1451284618950108,0.14794638265351606
62,4034.697389546265,2491.1419547340283,0.0787308888131694,2067.8450053905904,11415.382478769712,2378.096202931158,2902.1876624288384,2223.8202994671656,6903.279875460199,3235.127079264286,4351.175869386589,1558.4799831507173,2162.6141249204293,3909.206788902567,4141.323421880495,2247.829851682221,2172.624190462277,6646.257739942131,5660.296489177363,3141.2870107370427,2754.141156966981,1341.1994502649643,2672.323868989141,1202.6944726862364,3248.5000791950097,5627.358998251422,2114.448126778981,1490.3518751053139,4348.066949837807,5534.954754377555,6832.588645167916,9954.537709349184,6802.92152546363,0.0574500805589612,0.08283687311758778,0.021190979211833248,0.16449154429467983,0.012073881854659296,0.0695733179417613,0.11941222817231531,0.029278649933971487,0.1541935823455194,0.018614264282331316,0.01469051464556769,0.03277679967872732,0.10741525846319323,0.08594208975120289,0.13823921066008,0.0858193266664807,0.12843362620620358,0.015983993353700203,0.11807222213430879,0.10778589012167233,0.1150593565002363,0.05267067189522441,0.03413173970436704,0.08142984557535128,0.061023492296929396,0.1560189497714849,0.006813184798313542,0.10179981074783524,0.09499333558401449,0.09371194412656864
63,3777.772636332886,2336.2281554171145,0.09206452944449722,1974.257254087379,10668.779904890907,2265.9172869434165,2902.1876624288384,2223.8202994671656,5719.853990264016,2862.2766106953472,4166.837023766152,1558.4799831507173,2052.237539715157,3453.3519702819867,3843.4029828593634,1846.2192890296055,2171.1213999419565,6201.06064935136,5581.715600924839,2857.196132106765,2475.4759319679406,1274.7581507890472,2672.323868989141,1202.6944726862364,2763.5164330700686,5548.950580103728,2114.448126778981,1467.3379745074808,4348.066949837807,5130.956902319297,5837.716231857805,9954.537709349184,6193.680177824895,0.05767369517832581,0.03886967128812136,0.11066554083672324,0.12476514873293722,0.06167528922025137,0.07597137582084336,0.14291625009758016,0.1126112397103504,0.1496056160250694,0.1408764141861684,0.10657714352701843,0.12312324939507335,0.0619621245066791,0.06614656047015473,0.08089115775938736,0.024291724998518248,0.0849035499026866,0.06471811076760713,0.11408985766087387,0.11344693958254438,0.11033107891370628,0.014175378426726778,0.11176956322258391,0.12024906611928972,0.06746413405825506,0.09701726296247494,0.10141389283649992,0.07732068030121243,0.08750290780242463,0.11891125902482944
64,3575.513391323696,2223.4922045288904,0.08041569167445774,1863.42811632046,9473.701190090414,1826.8786873251197,2902.1876624288384,2053.6484568510427,5719.853990264016,2288.3407804501853,3510.8784049368273,1306.92083212375,2052.237539715157,3419.1117285665423,3843.4029828593634,1846.2192890296055,1781.3669462841137,5240.409411341304,5425.6273221440515,2766.779061250824,2475.4759319679406,1274.7581507890472,2477.632316930772,1134.3524807098156,2763.5164330700686,5418.890832830389,2112.915441172933,1355.4611748293853,4348.066949837807,4712.712813681337,5837.716231857805,9839.230402227055,6193.680177824895,0.009400468768071095,0.08030405918399988,0.025583819579187865,0.1261050437425135,0.02399023981265944,0.025724047569598098,0.02936809901761716,0.15389287939008767,0.08187699795385076,0.10230306041997039,0.03706155248862634,0.025085907602996442,0.0737250269635958,0.06396968845675946,0.07735462391361146,0.06428938061358272,0.12327755697784909,0.078999399176116,0.06473919285308434,0.1322076547420593,0.11767940405244866,0.11127685706183335,0.03375178236704964,0.1790528631641322,0.06688387020714424,0.1310830225900768,0.0751961482839097,0.1196074891885292,0.12714471947841785,0.05153589461435338
65,3375.789106516522,2010.1987478371952,0.08803447813362307,1842.7383271562126,9113.508037627986,1783.9213534960313,2883.3026048137604,1959.8992254813386,5719.853990264016,2057.886002825296,3444.58821676903,1298.230128628683,1861.5264642301177,3319.466969297784,3843.4029828593634,1760.8931062485144,1781.3669462841137,5198.831573654901,5263.440090877557,2530.66861189262,2212.6569089176583,1274.7581507890472,2477.632316930772,1042.778183314422,2763.5164330700686,5198.646899519013,2006.6816695562968,1250.1219089394276,4154.660855464112,4291.263325536572,5662.53305261582,8103.297546320237,5171.601312114898,0.06853328937677351,0.07610410176968023,0.05567812775733138,0.12649265896336337,0.10493621010616992,0.10835575100134243,0.014710963370771778,0.10763575046583415,0.16202512190909504,0.0697233178880427,0.021647007136755513,0.09503619512351193,0.058210888486553106,0.09871265486952903,0.03751962202908308,0.07580707823198927,0.06029319734525004,0.05543494997077128,0.11945176790051686,0.12292571451608597,0.14167199491870638,0.11243084917780921,0.10733527666680838,0.15172832165266065,0.10631506050183566,0.14174426361944073,0.03612811818032715,0.03901617468481522,0.1076063552460993,0.05782356114173869
66,3102.1201063662093,1797.5323020528808,0.09141149786191874,1742.367619225382,8431.665816494786,1650.6222444108532,2883.3026048137604,1844.2412733029144,5081.296563523113,2057.886002825296,3098.264407583261,1284.249730124309,1592.0605894517264,3312.9540006083434,3786.938381458749,1742.8392221063016,1648.7768296616332,4169.819407290967,5263.440090877557,2458.398516893844,2137.457744603228,1163.5543669148135,2477.632316930772,985.7633751210792,2055.451280193179,4506.852853939818,1716.5811127330592,1110.1333312028105,3864.678922775424,4008.1709969575213,5593.547786135411,6711.804051557569,4682.8517512687995,0.017609252443573312,0.040395673564600304,0.06238412480895911,0.16337399378381617,0.13928454247736027,0.08117726336637464,0.10380531898220757,0.02209078972417507,0.08616920076399404,0.119572305623406,0.055253849634200054,0.16434746034486447,0.12331626073684554,0.14123326558053345,0.16170384512302624,0.027273487447880555,0.1147670485393725,0.12858564927532354,0.05732492129499625,0.08260274296303075,0.10526048271105382,0.08010246997321924,0.08017221420545081,0.08699786665113468,0.06812086056788627,0.1670092426033299,0.10957588527451706,0.011789460492944152,0.12993724678162635,0.011108210117860241
67,2880.676237538787,1699.4371224099405,0.10105361596214504,1675.3274515440567,8196.318366711668,1650.6222444108532,2883.3026048137604,1746.357215656252,4531.583215204904,1646.649870965288,3031.9742194154637,1223.5867151666514,1475.5524746561787,2944.236734181951,3057.4451930258087,1264.4467759485567,1648.7768296616332,4169.819407290967,5155.679766582583,2379.597832564185,2047.506568641026,1163.5543669148135,2261.8095225190727,974.6917832774516,1625.327829933806,4130.316935188441,1687.831800301753,1088.4522520134246,3752.4553752679926,3743.0138215223146,4268.115031000171,6313.0831705138,4682.8517512687995,0.1114965257754113,0.11446890955610863,0.1630431359002963,0.12684761017100044,0.07677095207343929,0.07255330120438515,0.02785924450706595,0.025872926887692462,0.11578223312273649,0.08787455634032557,0.14971722577776045,0.05452049192416787,0.12715174791418515,0.14496937303508847,0.10287160631342397,0.060545245439232176,0.18743800556119802,0.0931195349541094,0.16008726765533182,0.0618827654329812,0.08402485640427348,0.06099529471148292,0.061728909782342994,0.1557634293073569,0.07586931096323238,0.19013945419610928,0.08080992689454967,0.1475258257493428,0.09066512339685562,0.01921368791286435
68,2753.9985187995867,1659.3732782510654,0.0847787004707094,1632.9648170386777,8196.318366711668,1650.6222444108532,2883.3026048137604,1746.357215656252,4502.2875430485865,1631.8795648439198,2699.436654065576,1099.8928474101203,1475.5524746561787,2905.037672582428,3032.7190066967764,1193.542300473421,1648.7768296616332,4169.819407290967,5115.190743703339,2212.6360563736534,1787.142566211714,1013.0490389686481,2261.8095225190727,928.3453471949098,1420.5072356499961,4003.431883757246,1687.831800301753,918.7254320152792,3410.255962297844,3305.4725061927447,4268.115031000171,5762.954080101374,4055.97880833906,0.02875778220987629,0.1427050603170785,0.137578366869203,0.11893014468862463,0.07228047170021065,0.06852287176652536,0.010076672345780299,0.06841117311125167,0.11613797940041087,0.08536264846536015,0.16324396365515098,0.07370062994331782,0.0678719594473021,0.1305881464238967,0.12122685153661865,0.08680742797063973,0.11925966765467527,0.03544632691644659,0.03447123615573752,0.11919586460719092,0.12329801784192056,0.06773205790670729,0.056735420789178495,0.07557470303822811,0.072371773724603,0.102487721717166,0.03051537435314508,0.11273821668508949,0.074995002555929,0.02633748032401699
69,2606.3009440094447,1538.7240819418225,0.09125660990904337,1580.5779566072724,7222.274331517548,1650.6222444108532,2845.069154032414,1569.264583100008,4502.2875430485865,1588.8163608488285,2139.7190150555957,1076.8939167654976,1475.5524746561787,2772.3145598076517,3026.1361468725354,1193.542300473421,1648.7768296616332,4134.276385086814,4886.278463294686,1904.3729453360475,1787.142566211714,1013.0490389686481,2101.6301524840756,871.3610249985359,1378.1599831328617,3525.1260009936354,1687.831800301753,918.7254320152792,3410.255962297844,2517.9958848199976,4023.946585277779,5762.954080101374,3974.074598104266,0.07029659965060807,0.06664085974277675,0.1329198690754288,0.15058651982368984,0.02789776241818206,0.02431782369519388,0.113029581268423,0.029081524106872553,0.1397493001814309,0.08624671380319457,0.09850368087174405,0.10886096197932794,0.05118956261111776,0.13804824833125887,0.04948423979407654,0.02997644774927524,0.07827470783954653,0.02897434189327861,0.11877873478024764,0.0709631701419609,0.12768689246108852,0.03179652586466209,0.11376948714947162,0.21388865528017417,0.12841658987413762,0.10506797291950738,0.09742917511875586,0.09535781297483409,0.10661125320184461,0.10385328266919086
70,2450.49406859001,1436.5769100849914,0.08219113461564548,1466.460103412056,6093.579026065246,1549.6836907633829,2702.8683183321127,1550.090486204617,4275.038305588619,1437.2633811690037,2139.7190150555957,970.5947848911194,1459.6261293167372,2560.400010981418,2761.688437298347,1116.0613619391088,1594.4234563503412,4103.166232400186,4675.065591654745,1653.1836846766237,1436.6354271107825,850.3603036147758,2101.6301524840756,786.7992243789402,1226.5757932138538,3525.1260009936354,1603.8403277986108,869.9564545434671,3410.255962297844,2517.9958848199976,4023.9465852777785,5762.954080101374,3289.8338449659095,0.12134934478750577,0.08122432259590989,0.08474025250439278,0.11098200671858437,0.06879084356375768,0.06294674534420484,0.11292989968547186,0.06121962192641395,0.11681606578919829,0.15422230209277285,0.035552504765772215,0.03162548380485057,0.009467339076979152,0.13287835706757414,0.1502685769381646,0.011345871440374775,0.019873375978507284,0.055408640578776085,0.06565515183349596,0.14174603173236172,0.030273048161504536,0.07620806818088288,0.16287146935260155,0.1400959826671016,0.07116246545984473,0.012417916155715835,0.08672828159335519,0.11434190787408666,0.11162418747288752,0.03096797332631518
71,2344.5134353824646,1382.0591372770248,0.09231836052738286,1419.1417931328106,5610.991284890305,1510.4959742794053,2667.6056030071672,1372.7975658914904,3954.326251521891,1437.2633811690037,1600.6516210161856,872.7025099612838,1459.6261293167372,2560.400010981418,2480.072812570252,988.6106820084755,1594.4234563503412,3470.077054017911,4675.065591654745,1653.1836846766237,1436.6354271107825,840.9580817385604,1947.5583782109998,767.4583326201364,1226.5757932138538,3514.329225205967,1543.0771337767724,869.9564545434671,3410.255962297844,2486.550586504753,4023.9465852777785,5753.5879994799825,3187.0776950469963,0.06362316529917966,0.022989712326498456,0.03500515788027375,0.09429457715289735,0.06610470620474712,0.0604965720932317,0.1837598299358204,0.16116229067367122,0.08556623956765322,0.12110019829949108,0.05574228612172408,0.06881282104286333,0.04921068223022742,0.06835821728210907,0.12125077748872969,0.11789227988927636,0.06911323023786502,0.10310441468725723,0.1110814350604489,0.1373600616164763,0.05630797952018722,0.10295069457228657,0.1371354576451915,0.17424170720138937,0.06579402384193457,0.1111756545842916,0.12169205420345722,0.08137545997518822,0.0709210716612117,0.05192805752590667
72,2206.9721448035334,1328.3090548824944,0.08314638424012367,1395.2828667305334,5122.737040876453,1434.1791975383217,2667.6056030071672,1372.7975658914904,3954.326251521891,1437.2633811690037,1360.2764375687793,744.769155302826,1440.042789889425,2336.094848838724,2480.072812570252,977.2764746082136,1504.5946574862762,3470.077054017911,4675.065591654745,1525.195758004004,1269.4366610097584,739.8998614272078,1939.0554189302381,716.5813926927764,1029.7999614448042,3404.187699658351,1338.601636091787,767.1989005869469,3397.308469723987,2073.522165533697,3832.2024236126786,5340.146136637287,2463.566130080458,0.06805028555647732,0.10216228157497706,0.07068657958778214,0.1748217885246891,0.07551933234494249,0.15361909360985154,0.16832937087665195,0.04254434384698966,0.02650654135642637,0.0955731220767739,0.07150204846943727,0.12193591151439308,0.027709406745722732,0.02630184994817406,0.04980059282241789,0.2241614599356504,0.026954083682048307,0.024671800525856727,0.06075655699546583,0.0898422703626123,0.11262977289618113,0.03304821632876727,0.13623844544464586,0.05494639965003338,0.06234606236532794,0.14653965989479642,0.04417188001912071,0.01946342939293109,0.10647941036345679,0.07707953049111008
73,2121.8314625252,1303.5700055197221,0.08107341990786222,1395.2828667305334,4792.449032478446,1391.3416114597649,2303.7823438346463,1268.8779896616786,3954.326251521891,1437.2633811690037,1319.9647420131246,720.4055167976602,1374.4702204128594,2336.094848838724,2113.348009218749,831.5919690592997,1418.6674592698687,3470.077054017911,4588.556578222631,1525.195758004004,1182.2957407423903,739.8998614272078,1879.5744914934403,716.5813926927764,1029.7999614448042,3404.187699658351,1296.482635482818,767.1989005869469,3208.6086749115034,1671.916539787569,3712.9900780996572,5340.146136637287,2463.566130080458,0.017156840160412724,0.04116283009004111,0.024396908912054982,0.07073947977664435,0.09070698341596944,0.09593753417364534,0.14338246551643075,0.021474665346300284,0.012819105707011811,0.1156841360562558,0.06857447549987435,0.08340295347814158,0.15653377008161792,0.16241061951285085,0.06709785570722544,0.12748029622646542,0.06249912776335667,0.06478824524195562,0.1175444270685322,0.10983264382244293,0.07894125124871647,0.07110115420896063,0.1554052430995237,0.07085868392757867,0.07709751582583858,0.07665850437518008,0.06250224771884438,0.007836314052219883,0.1218625075585385,0.056313811663236214
74,2016.755609061985,1227.5376813307716,0.08457765564283562,1233.8467032560716,4638.92062748372,1237.7300971561308,2303.7823438346463,1266.3757773495693,3626.3798597231676,1437.2633811690037,1262.7350385348063,720.4055167976602,1374.4702204128594,2194.669256681404,2113.348009218749,831.5919690592997,1418.6674592698687,3209.4773703155456,4504.766249270026,1375.6432655206258,1080.1592444982443,739.8998614272078,1812.6987930296757,692.460982856739,1021.7551989300442,3005.2370272317735,1045.7060442509537,733.7961776531863,3208.183038911502,1671.9165397875688,3504.1995698240994,4904.6171439183745,2331.965504487039,0.08539551427139033,0.05104331405079456,0.10162591443058559,0.1210233311851775,0.11126096832475582,0.12344726746413007,0.11991148756487721,0.1517734344559545,0.11219124070428525,0.07221719729288993,0.08288028850785709,0.028209158634060497,0.12849323739164906,0.07195197374118348,0.06333365240112859,0.06570969039416252,0.10629342039903435,0.07782204610108528,0.10735856760527845,0.06590293609471323,0.07551363725594043,0.021328165238670614,0.02293306778100341,0.11206635958378618,0.12026520960917689,0.062307847604294225,0.11490366131195703,0.013071667165640823,0.052711659705487024,0.09438375301411836
75,1916.5316612595261,1162.175112100634,0.0836087525219639,1176.2688757768233,4445.926874633553,1237.7300971561308,2292.0970463713625,1044.8126460976862,3402.7884147319187,1408.4186692210922,1255.6949893268231,715.5751209352075,1324.0949417893678,2156.4309073055897,1999.4007235216466,824.7048520842183,1310.3708940650624,3209.4773703155456,4445.004315736358,1328.1771690149044,988.6599386408525,739.8998614272078,1768.880520211881,692.460982856739,985.5021723663477,2816.6914133593436,1041.1267546265706,733.7961776531863,2770.1207667568424,1671.9165397875688,2894.217142705163,4764.2506188737025,2051.4530404370885,0.009324000793486985,0.06574692128191241,0.06256005817886628,0.17538227349801613,0.024367749669537468,0.08411634664512706,0.13349038037832409,0.12265501158058666,0.1356296047856838,0.08327551037110559,0.03259573894257501,0.07319333532172684,0.0835571547687025,0.016373556955076952,0.05543354566066,0.06196953671023484,0.04719886024843559,0.03581410976305839,0.14482970973755485,0.07561761929000994,0.13128022806442508,0.05287072036583296,0.16063063743938988,0.12355596240064383,0.08491235096821698,0.15312010394995249,0.07446743784697524,0.11568881889251167,0.05872150873158632,0.02988378241870024
76,1828.1971467411886,1083.550817379573,0.10085675810081834,1168.5973491231614,3788.9569146785,1218.5534016224155,2292.0970463713625,1042.1682125399898,3402.7884147319187,1408.4186692210922,1117.6680263409346,696.8550466171446,1286.233238277398,2125.9343250886104,1838.4578750072178,761.5862800667984,1310.3708940650624,2823.071466959653,4386.488277703813,1248.14855665827,889.8566021935333,716.9455355949851,1768.880520211881,619.9642465467997,985.5021723663477,2812.4224032909906,933.8925805363006,645.6074508670829,2770.1207667568424,1671.776489088304,2894.217142705163,4303.3949321648,1916.9395648392763,0.07497263591360806,0.15712835722649968,0.06447885770748195,0.16266933943795508,0.10981485288949867,0.178468276405947,0.17415892289162654,0.08272482739845892,0.12420706569173254,0.06929547988500608,0.15351223731813313,0.028427007467931392,0.08163084646073523,0.10527938880162999,0.11269577685759535,0.0693656531056626,0.02836757063321262,0.01641810625410719,0.13603911947179165,0.1133110490188806,0.20163225775442364,0.07522974025583212,0.11373893388338185,0.037224175769245665,0.05863708234879292,0.11399097138503061,0.10038666383390021,0.11199461201831998,0.10801474210873957,0.06188819282939056
77,1749.0732853884795,1060.9728366049972,0.10351717821711123,1168.5973491231614,3788.9569146785,1189.5780755197634,2279.9319898684157,960.2037112530475,2829.695372664919,1122.378934850467,1052.2971811103585,645.7663139429466,1182.7929987369937,2029.9851104893985,1803.4756814486375,761.5862800667984,1310.3708940650624,2823.071466959653,4358.495302304244,1179.0759785938967,889.8566021935333,659.3739919636139,1768.880520211881,619.9642465467997,910.0148769447981,2812.4224032909906,931.1475834507671,645.6074508670829,2770.1207667568424,1663.1358117591008,2396.4838421141335,4303.3949321648,1615.535977713782,0.07476719880114217,0.1490659117964069,0.0658692622372772,0.09406111520247146,0.1266054687412866,0.14317882442779917,0.11237390306823447,0.0997258814264218,0.16499288847826765,0.07260276165790948,0.11159428314705591,0.018042356553220472,0.22010223127687772,0.17008871390176544,0.10448570889477736,0.11785963077727929,0.017765500802226594,0.029345100727025696,0.15478689813252872,0.09410817924518323,0.15739361890687495,0.02867940615907154,0.08969927776894521,0.06842936561971494,0.0694520321037948,0.12828966351341087,0.14020145079634383,0.05560089687530058,0.16050993148696696,0.06583788398775499
78,1666.6001777161753,1004.6356563563646,0.09708377097478506,1161.0232430151905,3249.5228014402674,1074.0735822947022,2278.033938095899,960.2037112530475,2648.2017577594947,993.3860071021272,1052.2971811103585,618.7642276364228,1109.7448111726894,1873.4412530216653,1681.604141761671,754.5182918422605,1310.3708940650624,2771.9044231488037,4188.195959919524,1128.4682962342745,859.4253747825612,659.3739919636139,1714.4202064614165,555.1429273338695,910.0148769447981,2812.4224032909906,841.6403657441158,623.4586867392266,2770.1207667568424,1638.4740971197432,1956.2870227017038,4187.934113059122,1615.535977713782,0.03581271023855948,0.1378720727703043,0.07232689418046519,0.12389744518581772,0.09456586591878595,0.12403247251001435,0.09129850710604039,0.130310890740584,0.10896853614561548,0.0221379316778196,0.10924140342586347,0.057995399045264094,0.08042726961120747,0.09584198025967464,0.13730532881338356,0.12414393553466885,0.12014548178748846,0.008717851883303242,0.05713967794387428,0.16308867147671005,0.14385535700356267,0.17128463547761005,0.08156891770926077,0.06829196424366549,0.03460703798768357,0.14593511681314286,0.1254178707955376,0.07330746752841884,0.10977429412852381,0.06320014130070074
79,1599.2501640531177,990.7672191823603,0.0902579859707101,1152.7765628920245,3249.5228014402674,1046.5095408898187,2180.0946376129436,891.8275617385642,2409.5409857255513,921.9591891488128,942.0846589052487,618.5212857991438,1056.2665546137646,1786.6909702710495,1681.604141761671,685.2547184003469,1265.9395062251604,2259.8942435111317,4188.195959919524,938.8858024517921,859.4253747825612,626.6957676496111,1714.4202064614165,498.01170485789845,821.2929168079517,2812.4224032909906,803.9058946636887,601.3062116228218,2729.7750921780926,1638.4740971197432,1956.2870227017038,4085.480081876909,1554.4390262733255,0.011872815554164522,0.1302985067277918,0.0922294534927547,0.0758768371838114,0.03792495472049398,0.047032531865400344,0.03634525584732111,0.03497893714227876,0.1572688355506735,0.15119477141473592,0.06698942945871811,0.018474818803345873,0.16291030272295792,0.08814690615257167,0.07539019154477795,0.1313018257813173,0.0362409552030699,0.16800864486639294,0.1181692055454896,0.12068363753040998,0.12948903595321057,0.09676239876478096,0.03989588925586635,0.06097535540600656,0.10805885431301926,0.10806048544106782,0.1488066977688986,0.0772478426365699,0.07416202579629394,0.10294217667711235
80,1543.3236062943806,968.2827307597782,0.08759456759863671,1069.141182755205,3205.838935603741,1046.5095408898187,2180.0946376129436,891.8275617385642,2244.7687030111333,921.6947957110465,878.7742199126092,604.1125492925288,998.4245122152217,1763.732050582182,1485.3832375319764,685.2547184003469,1221.0483095916052,2159.5529480286023,4182.743326170137,938.8858024517921,800.4759440015616,610.2107348480603,1496.3488074244215,484.6703939514874,821.2929168079517,2645.182371957619,803.9058946636887,572.4182391425389,2713.4138887893023,1449.8990294312416,1956.2870227017038,3918.2071565494184,1549.6087570629707,0.023544344703876237,0.16284488619356452,0.031334342921098796,0.0983079502536632,0.030907310948142926,0.10852888251807982,0.11034691926607938,0.07012733694558511,0.16476423204006396,0.08788627194402977,0.09721531428140598,0.05453696369871846,0.14624809085806992,0.13488381116840362,0.11199025470779989,0.1146137528050652,0.05472733319464741,0.09701769153827466,0.12889091450125512,0.11161089729892784,0.10052731115258293,0.035051168644270055,0.06244716805864099,0.08030598191353126,0.0210962784615443,0.06616432339405139,0.12180528694612826,0.0342325519911504,0.07755932683584561,0.0883201287746037
81,1476.5294548493262,957.1142935881625,0.08388474573105432,1067.5620344777108,3114.3525627036747,816.5026207741978,2111.775491848263,813.1029818707873,1876.9383456484177,798.848892448912,837.5390009587838,603.2787993349235,983.1556246318402,1763.732050582182,1485.3832375319764,685.2547184003469,1139.7493424801087,2159.5529480286023,4182.743326170137,899.5901967938452,800.4759440015616,596.8547653391661,1496.3488074244215,455.00303026262304,811.4078757835498,2374.5412759764413,800.0328848529518,480.07552690470663,2603.368414721018,1405.209961794258,1884.4800986139214,3913.4829101570313,1335.5399749634344,0.014549580054002156,0.12795914336825429,0.06470718202072,0.0672764820990934,0.023642430651895398,0.06565176744020956,0.11799060223811011,0.05979041438656013,0.11692328870283646,0.08012239608880004,0.0674587367143184,0.06561791676974944,0.07110425299107062,0.017845580950661445,0.098942386458727,0.08432537267386386,0.07829669557995117,0.08754539672244124,0.09132758453600695,0.13371612273138334,0.03160123811960256,0.10415471609130096,0.07157757766398891,0.12097536258141037,0.12845651098723465,0.01505342782597531,0.17438768227567866,0.11373301285552367,0.09695716787642902,0.12485234247583066
82,1416.0398778608994,915.1036855787505,0.07915465508908905,999.8633239182162,3045.6450365336864,805.5972217549482,1630.8271686644568,813.1029818707873,1876.9383456484177,798.848892448912,834.1543136419467,573.6952600029706,983.1556246318402,1701.1731110532999,1302.0670313180665,681.50669030294,1139.7493424801085,2159.5529480286023,4069.8819673157905,846.0471134657422,800.4759440015616,584.1467000865332,1480.363718275497,455.00303026262304,698.1993610287503,2261.9316816270784,799.1918802684988,402.8744348680418,2521.662543846858,1351.7646412561312,1884.4800986139214,3643.7559536473286,1335.5399749634344,0.07382516995570723,0.17211278877378186,0.0798951163228181,0.06697323671154468,0.12706022796238128,0.02679864289394571,0.12628334629895688,0.10348340507499652,0.1538536989455532,0.1305877644005495,0.11566754610732546,0.02479234233703527,0.07716870905047943,0.0777174287811731,0.08690788773964994,0.03986442843843826,0.05869468486290155,0.07596331125801578,0.11107917207986157,0.0857691247985489,0.05365866090130098,0.022432446232458977,0.024458376368477364,0.079941133752079,0.05893680326864784,0.018232387153732883,0.1192002722637647,0.0970120463015464,0.015975860149068592,0.07029363348793043
83,1377.4361817929157,881.6144250053961,0.1057117169826898,999.8633239182162,2744.5033834214473,773.590384824214,1630.8271686644568,801.4930276329312,1787.2569643845113,798.848892448912,818.2235110739872,573.6952600029706,983.1556246318402,1551.2003414884502,1270.951254061393,621.0713210775579,1139.7493424801085,2039.4373262237361,3951.2481940393322,793.9546178266431,796.7201679040297,584.1467000865332,1447.306071842805,455.00303026262304,698.1993610287503,2192.281442509082,776.9898265151314,402.8744348680417,2521.662543846858,1329.331156456727,1884.4800986139214,3619.48070668882,1335.5399749634344,0.12561293189293388,0.12445256001426191,0.07683211648505936,0.13964878050105525,0.05954481014142385,0.11243221973837443,0.09462003456903689,0.16489801870711968,0.15627667013931917,0.07807218023861894,0.16850919533896477,0.017080070700867388,0.11761924946206964,0.12088691104272706,0.03543378009334314,0.10155066722257669,0.11836099595134811,0.12515509408813363,0.11303469532566143,0.022030002633614265,0.06827448373795396,0.10804659041287232,0.05634513017320511,0.10409134324150388,0.13695051212451437,0.10751708367571654,0.2050697450285212,0.12092833224127263,0.06547577894005141,0.12660152561857352
84,1340.0871499913633,882.5621791101918,0.09896705349823937,983.8207435306836,2711.6834648943945,710.4266216732344,1630.8271686644568,801.4930276329312,1777.5887985364236,756.157572829909,727.934737123756,566.5801821466222,888.0604437195349,1473.784663559228,1198.523063481192,610.6849164061254,1139.7493424801085,2039.4373262237361,3897.8324684442464,753.9557154583013,757.2706190613861,584.1467000865332,1283.0215865174607,438.0104149731959,686.2575749524807,2192.281442509082,762.1514548381065,368.48973738323826,2521.662543846858,1216.7071671002586,1784.6448747327702,3603.890151971208,1335.5399749634344,0.0862215785979945,0.158103714584426,0.07541068742135663,0.16225585437925083,0.08056395087552935,0.18213310014332962,0.07710335625401385,0.0499071417526446,0.16863176982929068,0.03258479923643651,0.13274400793528815,0.05793420490665727,0.17890956136713582,0.04686034264236004,0.0635706154084701,0.031851916074662784,0.07252160725874246,0.12196651285865645,0.08005690871551038,0.12407690702390523,0.024396164743175484,0.020051011152878516,0.14826104192372735,0.026436390294838494,0.12861034063673352,0.20626872994473888,0.13776992532885549,0.08340823837139862,0.10090094168300677,0.10950028360216596
85,1292.2111103307723,858.209710497006,0.09208221055208489,917.9763356118134,2425.7251357493024,710.4266216732344,1492.0663079548297,796.3393286168068,1719.7182260437464,756.157572829909,727.934737123756,554.1816635917603,873.1737299303853,1473.784663559228,970.4926787539013,582.928975980977,1139.7493424801085,1960.4225729688828,3897.8324684442464,744.9827183094902,749.9071029818864,545.1852095390652,1219.5955663360464,404.7362398811306,588.236168189845,2165.31769436292,762.1514548381065,368.48973738323815,2476.9832322774864,1212.3700893709258,1735.0370581556606,3458.890702021053,1335.5399749634344,0.12459237476508177,0.15347845156808862,0.21068115114648509,0.09694662050284228,0.06934919962282311,0.15263503649113794,0.06834348431018046,0.12089717948788428,0.08438816711877554,0.01027139861927117,0.10814085470431783,0.0224471811503917,0.08919796538090789,0.023240347603781405,0.06420620885330063,0.06400181786544017,0.06829821475956369,0.12758112166246846,0.0326199285726414,0.11660338017723934,0.06404540927313075,0.049909175877290685,0.14005800294373189,0.08512932343253143,0.03157323790446857,0.10225045184387475,0.15469907621095463,0.08092145483256642,0.0805716666626687,0.16538843321870608
86,1222.590930380333,825.0404867774467,0.0877562476269507,913.2183787149777,2412.2847390896345,625.3917974692743,1489.9503690115891,774.1684103947011,1614.7081378774624,756.157572829909,717.1844133750384,554.1085718827969,761.0280529027547,1355.2963975671244,970.4926787539013,572.0211722004566,1019.0466324179638,1960.4225729688828,3819.4861455668633,744.9827183094902,743.0980272788548,545.1852095390652,1153.0221503578123,404.7362398811306,537.7575792271948,2045.6750889961272,762.1514548381065,368.48973738323815,1644.395830993152,1025.8260335986922,1735.0370581556606,3458.890702021053,1193.5140378070867,0.07163605721828042,0.1559758197881869,0.09080017910709633,0.14174408537868516,0.029248700321224848,0.0767404595406535,0.06574729229357654,0.08878805577572803,0.06862756405790428,0.06523183755554292,0.053986607921932196,0.014638878428523442,0.0733059947506431,0.09599340355643782,0.10656745336701207,0.014981515685698572,0.1807069598535234,0.16085306806564262,0.06786842141323843,0.08730194574495888,0.06813172581755264,0.08595974439758827,0.040310683705043614,0.06239081848355721,0.12049653479148305,0.07812412467422016,0.08129952611305451,0.15502498310925006,0.07429631863642858,0.15590866925585367
87,1183.2659386819435,812.554969818536,0.08713863867487318,910.4022295038425,2338.278482166514,625.3917974692743,1481.3910567040064,774.1684103947011,1515.6298390860354,739.4558098729799,645.4850317331437,507.22459211065274,742.8369679337168,1355.2963975671244,887.5477137242673,507.16262138930705,985.5165471845527,1732.2423009267052,3819.4861455668633,708.5664115628773,743.0980272788548,525.7007499461174,1153.0221503578123,393.9837990419119,537.7575792271948,2007.0402937217125,755.1888612107784,356.3143980007105,1621.2459487718008,1025.8260335986922,1568.8646808609687,3400.0115444019607,1133.841739143215,0.15683246310858315,0.14968566042372508,0.041161776038063896,0.09997989949085863,0.05446612183529928,0.07460047503617939,0.08639836756502076,0.06747932583634524,0.05362231751027335,0.11747138890856523,0.025509759608927304,0.07327739300112604,0.10879565336355405,0.03175694258505848,0.11244689568089306,0.06304584007610373,0.06693189946929759,0.16646065625299836,0.11789916267873504,0.05665983420496312,0.022356573172056936,0.13129349435098717,0.11846716422820316,0.06644785547005783,0.1317833685373117,0.11556917857813634,0.03361517240698461,0.11753621109044668,0.03539651904279823,0.11721179069464166
88,1140.0780113889903,731.7788610679855,0.07359729728328507,904.9411085745921,2338.278482166514,625.3917974692743,1455.468579875533,774.1684103947011,1441.3292270675388,739.4558098729799,616.3478759020873,507.22459211065274,729.6867375426548,1355.2963975671244,887.5477137242673,505.3840683364739,970.9797876759399,1648.0947817844137,3559.628029502725,708.5664115628773,743.0980272788548,508.02125652111096,1125.8611972045646,368.3868382269504,537.7575792271948,1885.1278417405904,755.1888612107784,356.3143980007104,1621.2459487718008,1024.7679890351153,1568.8646808609687,2836.585509426996,1103.3304030337172,0.10960433493704375,0.12631436049600703,0.022193872829603285,0.12254480992048412,0.06781053073644354,0.06829988139311677,0.11420189678972725,0.029381605879581083,0.1267530847342981,0.08561110135987796,0.14904092441920208,0.08059230038798051,0.06901651886219363,0.01780638289753393,0.11843754450491274,0.012601778952151366,0.06999604075223431,0.117399451928117,0.05993200309135753,0.026159143317663523,0.05371490332044947,0.09234124420462286,0.08120408389098682,0.021152350890591826,0.045274361712683425,0.06223152904121178,0.011985166582483872,0.04602530452936489,0.07012814648316143,0.13016425965346623
89,1080.8821790956388,716.5776403436315,0.08760191261994647,900.1831516777565,1996.1732130570351,625.3917974692743,1453.1994033568517,759.0780369987167,1302.0957583546506,739.4558098729799,572.1913379461809,464.27383686859133,632.9485507419913,1301.7301803954201,869.6898622807807,505.3840683364739,750.7976217260991,1520.2014024301336,3535.0229981121297,668.380136296069,743.0980272788548,494.81911983351534,1060.2823118092736,335.51867146126347,464.65661335947414,1869.8146297880655,727.9690614522208,356.3143980007104,1608.9734010594602,903.8940586997771,1396.298422194264,2836.585509426996,1032.0439825841502,0.09515913102684724,0.07069272345307012,0.06755577649773575,0.07580986351863671,0.01915517053034836,0.10278772099916632,0.06954972511144573,0.13019166717014807,0.08136477660574581,0.04294183905049932,0.11044547984649773,0.08952756857081252,0.1982240932513008,0.16253076571613426,0.07217785112699629,0.054428706972356786,0.06735149558016185,0.16552522711167458,0.06086452648885872,0.1205572762614742,0.1164031781388649,0.03596948174010569,0.06378533858091924,0.09870861763055494,0.10926037314372779,0.02534714134707169,0.1115748131161666,0.10856844929946907,0.025245184110276472,0.07635341660132652
90,1049.0499444130567,705.9313952503398,0.09112028158263764,900.1831516777565,1996.1732130570351,598.9367066087477,1378.9384249985214,620.243854242712,1302.0957583546506,737.6531326952131,546.4778387177705,452.0783167794479,632.9485507419913,1243.4975141358445,863.9629376766627,472.19672418941997,719.9925461963755,1520.2014024301336,3505.37908207469,668.380136296069,721.6754459223813,478.91264300254244,1057.302309698994,334.96840514168605,464.65661335947414,1526.0336825215113,725.046479510413,354.5163879030913,1608.9734010594602,900.4527102653243,1270.9914711226297,2836.585509426996,1032.0439825841502,0.026061052090682137,0.057291506492768,0.07809763215108098,0.160509240418115,0.01863365062820081,0.023899609156229996,0.0773149152979959,0.10577520016662197,0.1180680407053366,0.11021088144173863,0.0763288651344359,0.12004137187974873,0.07846941257222331,0.04626339034114785,0.1139745964586491,0.1251508675804526,0.027084727769252477,0.15683799948684435,0.07133040364903866,0.11601758931358902,0.07016991441207845,0.1660269367758748,0.1498121718268963,0.07837839099638062,0.10634403194444951,0.10971476641263202,0.08523082457864319,0.07142600039589977,0.06042306216385352,0.12872139523826853
91,1007.906121039429,695.0361737141743,0.0898100072655715,791.0822109380804,1996.1732130570351,544.6252021339326,1358.1745103343214,620.243854242712,1108.497862498213,566.7305949212758,483.02800915455,434.4377388970917,625.1117396929309,1243.4975141358445,852.8589484599535,464.76965367323623,719.9925461963755,1357.917727413345,3447.2703446199407,656.9195724619962,714.8663702193498,464.923802778485,990.7288937207596,309.95077420198186,463.590558684969,1391.350435962378,725.046479510413,330.96787883867864,1608.9734010594602,899.743421035037,1270.9914711226297,2762.6749186337456,1032.0439825841502,0.05336833447320004,0.16089885861784678,0.03314636096832465,0.06572664263273545,0.11192083216189244,0.0668390097650992,0.07575963248535136,0.03389497051562361,0.06588875215464585,0.12737148683780058,0.15054898072848769,0.09201017123846052,0.12560640690106817,0.205473768382271,0.0924354489204114,0.034318165643042506,0.06971519430678778,0.1308270419654099,0.07565298135659142,0.030835295011849218,0.03224138719710191,0.07527252273086864,0.0779350519936795,0.11789668283259246,0.1300039310428453,0.039361290413935185,0.07349140100495688,0.1078840487840151,0.11243639451553114,0.1255391723847207
92,971.5956408729884,673.5383217277948,0.09977023799728071,791.0822109380804,1966.807515171474,544.253895385194,1258.501504110153,598.8019124163482,1108.497862498213,566.7305949212758,483.02800915455,429.9519628789914,525.213026082742,1229.7807763876099,802.0078132503613,461.6213178037074,715.8816962697879,1271.7443137322848,3422.0208588972423,642.5555279741562,714.8663702193498,460.85786819905485,990.7288937207596,298.69107517715906,452.28179685603766,1383.4965368211692,707.2087660858283,330.96787883867864,1469.0290674654002,863.0525514179822,1167.0450925747039,2596.9758537937228,894.186677147642,0.12759904022938395,0.10630252578038145,0.05104020031517782,0.0772680823724785,0.11141439789581854,0.07457788032674001,0.07912863483782223,0.12908190679263865,0.1255363669636139,0.18275163486082294,0.11158315984679623,0.08596740944136247,0.14905597818403754,0.09572511662797267,0.06323301095121024,0.11915571476120262,0.055371723549880736,0.06739168826516864,0.06648906561423357,0.07707752685163147,0.10611039903067308,0.12395448141183735,0.08148930781206923,0.07330167798373924,0.09365457898670279,0.07277025197080027,0.19571369373939568,0.10539859844110816,0.08856354766297483,0.09639953841074676
93,940.4529282522101,644.9461054426426,0.0766890339480378,769.748454195042,1924.0451907181923,544.253895385194,1258.501504110153,594.9932352331724,1108.497862498213,564.9279177435093,483.02800915455,429.9519628789914,507.19015547629033,1189.3873659191056,786.734187332831,425.4054318869329,669.5479168470538,1270.751553753029,3422.0208588972423,642.5555279741562,698.3230681913877,432.9481054140592,981.1391480462634,297.0620681291871,452.28179685603766,1250.927539704251,707.2087660858283,330.96787883867864,1469.0290674654002,780.7832394393802,1160.57829073772,2221.6676613323048,839.1301873221482,0.07680060494330165,0.08391484569896658,0.12564422352228352,0.10716149386620763,0.08659321625838945,0.16661741148042827,0.03232261267158865,0.091284215121983,0.11969207209825741,0.0958881161374302,0.07660556138227377,0.027164873930765984,0.1435021074808622,0.03131857363649465,0.03839046361691111,0.01869873947534561,0.027889052308340545,0.044804232867922365,0.05761888544742751,0.06437964230123179,0.07961484105032711,0.04225031149988626,0.013571133825809364,0.10848838641782729,0.08799167986748295,0.11325037867259657,0.12487660893044406,0.0897676763104171,0.045664337595304035,0.07890472002462759
94,921.4690501654375,634.7045872212685,0.08092107634510583,769.748454195042,1893.5559157466685,544.253895385194,1256.7669471748593,594.9932352331724,1108.497862498213,559.2330905453508,483.02800915455,429.9519628789914,507.19015547629033,1095.625639641326,769.8920356978881,425.4054318869329,668.8088733797028,1207.2465491862893,3410.263632324087,633.1716435167323,678.6226171309905,432.9481054140592,967.3069676373742,297.0620681291871,452.28179685603766,1237.7982429225294,622.3115911981029,330.96787883867864,1465.1998598214082,755.8986853792744,1098.0036870922559,2125.798235265207,822.2384353567231,0.12603548296084033,0.07250208332480332,0.1447289441978939,0.17314705174449566,0.031395916373447706,0.139579246898455,0.020680702003651904,0.03510593540197717,0.08646389887486304,0.03420567181427363,0.06344576869814213,0.07213433228846751,0.1004950764328433,0.12329574906076474,0.10100010617143312,0.07119130565216313,0.06139824055463785,0.02558468497830475,0.1096116880189304,0.12711843554379174,0.0764505503604277,0.11449491239126602,0.020878385239261388,0.06264244880595231,0.07689606113651293,0.0725281705824132,0.11634972895515416,0.025249611066395738,0.12229867200311559,0.020723428818495652
95,890.6990636081971,631.1916635191085,0.08291461723087037,758.159770730896,1877.6103026541368,544.253895385194,1240.6669499390155,594.9932352331724,822.207953961964,514.4889925555777,477.51130131702837,421.55022556162174,507.19015547629033,1095.625639641326,769.4694381165525,425.4054318869329,668.8088733797028,1207.2465491862893,3410.263632324087,583.7054915515234,668.8660494199836,398.83928367903104,942.1682778031089,287.6021020526286,423.62827723669443,1108.0781685762834,587.910982641831,329.6031715465609,1367.8759146396212,755.8986853792744,1079.0815957587213,2095.9129880467217,756.3485725641336,0.10807609657432993,0.1241528104410286,0.04311597124219095,0.12129849363850814,0.12415843984432201,0.09459599458106559,0.06135771485268207,0.02634058475509462,0.15777729975081375,0.1101325923316892,0.06740909438693016,0.03608546771467241,0.09703790631683168,0.16509719639762255,0.02828083288716766,0.07745594731884325,0.07278651342530336,0.07428611000007762,0.07560541480625027,0.10920655541470023,0.022282984787579594,0.07864809766906242,0.12138685722771009,0.06660634400616705,0.1334321830336122,0.03516434119891052,0.16638059096456242,0.020491250823158176,0.055896257769903215,0.012892572765321877
96,879.0227721556923,629.2415476548653,0.09343148124955208,758.159770730896,1840.1647948157363,543.8007992105344,1239.9197620612338,583.3008338293073,822.207953961964,514.4889925555777,477.51130131702837,417.06444954352145,454.5027353001769,1058.8837496950664,731.7622352262372,402.35777218592693,668.8088733797028,1182.6226526267249,3397.6295777501678,581.6323293131252,665.9501855589446,398.83928367903104,900.7335516591403,285.8023691043643,398.34515135048184,1108.0781685762834,587.910982641831,329.6031715465609,1347.6312891166635,746.6680095557862,1074.0408577678986,2095.9129880467217,756.3485725641336,0.08848907061336694,0.031970808897014084,0.1125635719310517,0.14450482918136187,0.07197238405646479,0.06554570609640939,0.15853201898890446,0.11734903609601613,0.10922673136916797,0.07275605694779128,0.12136222643468625,0.02329029236467845,0.08892420242981194,0.10527519670914501,0.06506846247029581,0.12144789322320287,0.023110019606280736,0.0713839957881352,0.1492598025045087,0.12476364184179319,0.06479244265047455,0.02249015591706939,0.11519897877709359,0.12249306594613807,0.1684134220269103,0.10385354968703864,0.13313448412718484,0.06404219530097553,0.07308360104804404,0.06864659445554698
97,826.4030981462091,604.9683767730211,0.07968606859980838,758.159770730896,1682.322739264755,442.63738978048195,1212.589536482743,579.7194215324607,822.207953961964,471.09644962693164,465.28299481587237,417.06444954352145,454.5027353001769,1017.6703289019688,731.7622352262372,402.35777218592693,668.8088733797025,1118.6386792092555,3380.2441968125163,570.7666619548495,658.2694711447475,398.83928367903104,897.9457848057828,285.8023691043643,398.34515135048184,1108.0781685762834,502.2512877666922,329.6031715465609,938.5439421267996,733.9081953067134,723.8073439524145,1933.4748535388887,687.391732777251,0.13498620959946192,0.012663720982551863,0.03537577065095413,0.14178669985036968,0.11550677083236403,0.11938534219297509,0.017071305446471455,0.08439918128960133,0.036247215981046285,0.07762764805693895,0.08038124982438097,0.017296381096179276,0.07090333768703491,0.04226458918700238,0.034041820060571236,0.12772669118318572,0.0560712297119671,0.0710279054964438,0.09796015940024737,0.1404921614964776,0.09970734980069688,0.11748741490475728,0.12704164029168302,0.09635016451530283,0.10274249358998797,0.10791140713345253,0.1254268400475316,0.0676432785727564,0.021348846127121568,0.01170723298473672
98,801.2072737463951,596.3904075246298,0.08137182232670274,751.2275496138014,1597.7114482409204,442.63738978048195,1212.589536482743,490.4508342558807,822.207953961964,441.51671512348355,440.0740638297908,410.56205949455665,454.5027353001769,888.4941902573987,716.4886093087066,398.08180303004815,614.6898099771996,950.96786894578,3377.5574173433265,560.5822117469753,654.3986006888314,398.83928367903104,862.5491134965673,280.69686613329077,398.34515135048184,1108.0781685762834,497.5405787398289,329.6031715465609,938.5439421267996,733.9081953067134,723.8073439524145,1852.1738673245618,687.391732777251,0.06719548222380187,0.0653534596413254,0.046258917092798425,0.0761975457068344,0.12181548194345615,0.20395193842508327,0.09470790667165672,0.028475858733954532,0.059390879242824615,0.0714011938647622,0.11449003905385972,0.06667322770832652,0.07281240728580307,0.059828470597670484,0.01977278255974719,0.14026224082487868,0.06758286862784335,0.06743385275543796,0.0729169248881147,0.028096364178167625,0.0673976576399083,0.10627344742897357,0.09603369838471477,0.09150072875293488,0.16985040921175465,0.032720301558516886,0.14531761472097154,0.06444271041434765,0.056728926864193716,0.06627133279842067
99,777.4814236825598,584.8986540443426,0.07249121650615906,751.2275496138014,1579.506501530544,442.63738978048195,1212.589536482743,490.4508342558807,814.6537330784665,441.51671512348355,434.55735599226915,397.6745461590867,443.0416973292341,859.7462233122928,716.4886093087066,387.5664221839718,608.3699125524757,903.09649344678,3374.914669198711,528.9799601673702,576.9580144473574,390.0913769967998,855.3695443519717,277.65186051697475,398.34515135048184,1016.108912397193,456.3689525895922,329.6031715465609,919.4846358157395,671.4713057637023,723.8073439524145,1637.0087427419155,685.1555484897872,0.07419193970509455,0.01802814061298497,0.02062514016789005,0.10426337805623831,0.03394998562856543,0.14567501672751393,0.06558595248263749,0.06906610486126141,0.06883972177019053,0.10598826603522474,0.07631771142875758,0.13017692033727518,0.03553099242276722,0.1067045679593602,0.054573730546011424,0.06754207691803481,0.10401074793167289,0.025239802198328005,0.03627049279075034,0.08264103674061099,0.025475188447134915,0.0784048447670897,0.08302814479275827,0.031287453257125085,0.1003131456513691,0.06416305541691172,0.07087030048688692,0.0997046596597976,0.05803226733556569,0.13823571004896254
100,767.2462351834445,584.9679461690089,0.08575324324050776,741.8329787003358,1554.398089353186,442.63738978048195,1212.589536482743,474.5212169001551,814.6537330784665,421.0800588522021,424.26448551880446,397.6745461590867,432.17293195666775,859.7462233122928,689.9955385312694,387.5664221839718,608.3699125524757,903.09649344678,3374.914669198711,511.10146626910455,576.9580144473574,390.0913769967998,815.6039818756459,277.65186051697475,395.05667610594486,1016.108912397193,456.3689525895922,329.6031715465609,851.3089049265859,671.4713057637023,690.9937146263277,1637.0087427419155,658.5457486919952,0.07711441721550637,0.01875647016380922,0.06469839727962105,0.10749844282323255,0.02606761574545854,0.13638639850419126,0.032608918768309694,0.026557181669204753,0.17297834774835086,0.08924984004341678,0.07891504699729218,0.0930016637924268,0.06573626809376998,0.14552090073463356,0.06615097551408716,0.03411399995052042,0.11187391848724841,0.10022176473038794,0.1220320646167195,0.12779698485769506,0.10717739832367185,0.1668441524402368,0.07588531043847026,0.0721993020935241,0.11831417995668941,0.12009533348418722,0.02726019271823666,0.025735422380642786,0.0986651166449891,0.0631412709987024
101,742.464509137563,566.7574009431265,0.08499648854366355,739.7719258762129,1333.4113111329875,442.63738978048195,1099.1654653970609,474.5212169001551,794.9328890750418,420.35235795005474,424.26448551880446,397.6745461590867,427.61508762355436,730.570084667723,689.9955385312694,361.8052813342563,595.4989612921063,903.09649344678,3353.253631750385,511.10146626910455,515.5553009156769,389.1111608653056,815.6039818756459,277.65186051697475,395.05667610594486,1005.3020845780783,456.3689525895922,328.6662387129925,850.3881267999171,671.4713057637023,669.4063873311865,1541.1393166748182,658.5457486919952,0.04209776109282139,0.058417589846883736,0.11388510575254698,0.059279705638752296,0.1073426369359966,0.16744555703520647,0.07024011689578177,0.017272570525716683,0.0977139984339208,0.13392277074843698,0.028702851557684452,0.1251304476731334,0.067668334167796,0.07883563227648598,0.10343961032096068,0.08659862444732888,0.1535790166455515,0.06725468917056597,0.1605911964472225,0.06163351471264223,0.13182873574911158,0.12235949224483644,0.026945787006021918,0.03373514589912208,0.0835484924528348,0.0562655792752742,0.047333277385403195,0.06812038390089749,0.06674416767201598,0.11196186439895264
102,725.9545004129435,566.6598396186571,0.08664828902522427,739.7719258762129,1333.4113111329875,427.39367498101194,999.2314371251883,474.5212169001551,750.765040372188,411.5146954084166,424.26448551880446,380.85776261897945,427.61508762355436,730.570084667723,689.9955385312694,357.3574971638001,595.4989612921063,903.09649344678,3353.253631750385,508.0822771203676,479.5973981442455,380.01795091584336,668.5765804969546,273.34849344284476,395.05667610594486,981.1276382648272,451.5214922592441,324.7672484832578,850.3881267999171,607.7673191873824,669.4063873311865,1541.1393166748182,648.719262751912,0.11425570734371612,0.05766349008307,0.03672313151777631,0.0696327832103068,0.08497044765469315,0.14242504187463403,0.06798135654610665,0.07913783702972159,0.03596766216057172,0.1389806293696429,0.06308578696716614,0.14875837125759106,0.1090630511798037,0.10653971239239027,0.04447613843657936,0.07541474940354538,0.09848299331718052,0.07839304855774094,0.1250402688281887,0.0757774952607809,0.05070715838927045,0.044286660570068866,0.06973698197370215,0.023566474295191507,0.10759725886311186,0.12613015258936824,0.17152580826464997,0.10683378118215402,0.06903960710973178,0.0772550851282739
103,716.9969746994727,566.4130202269323,0.08267520020821935,711.4969484538865,1333.4113111329875,427.39367498101194,999.2314371251883,470.69984844977387,750.765040372188,386.6064318423932,424.26448551880446,380.85776261897945,427.61508762355436,730.570084667723,686.9368885369158,357.3574971638001,578.8523127635461,903.09649344678,3353.253631750385,508.0822771203676,440.8848527856704,380.01795091584336,668.5765804969546,264.1893181837374,381.8549869364039,954.8935428065885,451.5214922592441,324.7672484832578,850.3881267999171,548.7041508396337,669.4063873311865,1495.880910292978,648.3324792844877,0.0314492727981506,0.05879333091818922,0.11321148779721245,0.025879773320498813,0.07578813426459603,0.11676515427569675,0.02904752476802908,0.07965221090207159,0.11461804593415442,0.1065917888499861,0.10841559388936808,0.06532893334420108,0.038623942454984204,0.1311333612734523,0.08331244454941182,0.06819168680889967,0.1268148345545207,0.03894837499746137,0.13761129127063215,0.07798611355436175,0.060415237250934097,0.06713337804828921,0.1263260011217957,0.010671715729150193,0.11220706966624669,0.10398010365858976,0.06357926811833216,0.13362138300672688,0.1118827158306192,0.062275833290018054
104,692.4640917814515,562.842963566633,0.06816786976364729,711.4969484538865,1318.0017920334465,426.5692720576137,666.2999036869472,453.214777534018,750.765040372188,386.6064318423932,424.02527436271674,380.85776261897945,427.61508762355436,699.2435051191214,593.9373005300225,299.99442799890915,578.8523127635461,903.09649344678,3351.922089626596,505.6180444830692,440.8848527856704,379.92369114467317,645.5280551027472,237.14731913235306,381.8549869364039,953.0664823824299,449.5451988768045,323.83031564968945,850.3881267999171,536.1542985555866,652.9264793119922,1422.4470192573754,622.1094629541201,0.07086609023834109,0.15941946050325378,0.08784241327454022,0.11224563658438924,0.07627804497465387,0.05971762081769823,0.07934753729078803,0.03317301355000429,0.08184742005445005,0.036099812912601364,0.08072712374392646,0.029707549831816383,0.014618750844851886,0.05669044507001646,0.12101282853368635,0.01664109205382241,0.030282385292618504,0.08417634450624774,0.040356332239390405,0.12739216647368884,0.0803446422865643,0.10883683793776205,0.08964297264458257,0.054619701603390976,0.0582018195123936,0.07406645596171274,0.02987594497235827,0.06062645176534727,0.029101950448909057,0.06127724698561279
105,684.4703368389601,558.5666929529734,0.06490747318060448,711.4969484538865,1290.3060882824532,426.5692720576137,659.4147306751607,432.3324446478302,742.9384539106663,376.2036049935342,420.10152848832786,380.54224530295414,421.05325498804547,699.2435051191214,593.9373005300225,299.99442799890915,578.8523127635461,881.2363858786271,3337.2782041899595,485.4320050530329,440.8848527856704,368.18318887327086,645.5280551027472,237.14731913235306,381.8549869364039,940.3542621100015,449.5451988768045,322.020349838245,810.7816854426397,536.1542985555866,652.9264793119922,1391.9234362027478,619.8732786666561,0.07858137003449878,0.10926164439787367,0.11813413426184548,0.07578442817180452,0.02549298885478754,0.025126098027802333,0.10897144717108234,0.01901005018369507,0.03598008193391176,0.019253293333579134,0.1622483929995356,0.015573935603814544,0.0699521858480674,0.030391201679638432,0.10063484619305645,0.027679529981039654,0.029223044208422644,0.03766083991623448,0.0775363210361424,0.0757433527317041,0.026403134892884147,0.05611889776707758,0.06768652799760057,0.10801600034636688,0.07446355736608287,0.07746086264020924,0.06849177580802687,0.081157609969828,0.07785339739507136,0.06733324466645076
106,667.2554302911751,547.4720719410336,0.08418196486817714,691.3036888965131,1135.2631415801518,426.5692720576137,659.4147306751607,429.5549730432655,742.9384539106663,369.38579207825717,415.58362042541467,380.54224530295414,417.3439691964691,692.7212259685502,593.9373005300225,272.7106588670277,576.481696023211,881.2363858786271,3334.033614638847,479.9485832669975,440.8848527856704,358.312203457887,635.9553312571585,237.14731913235306,377.27255414116644,871.483964173064,449.5451988768045,321.66980745060306,810.7816854426396,517.7975040226767,643.5510252492354,1234.4188317395915,619.8732786666561,0.0762430289597824,0.07988305282473084,0.08144236163027774,0.11616627050287741,0.054616837081533434,0.15654175346844046,0.10501131889512164,0.06572121291453897,0.11726874374765085,0.10483934720114173,0.08374590033707768,0.167043049641546,0.027289152121159753,0.021381418514544146,0.050327607110726376,0.11324478372853836,0.05477488311870461,0.10052340859092979,0.023016183068179503,0.025656210200469428,0.08270651493236042,0.11407611010940259,0.02816700396135182,0.1191161722278268,0.10700342145687321,0.11284258799305248,0.19667344664383676,0.07432163155236414,0.028890788933584356,0.03692474457669009
107,651.4924736655809,542.7730119267503,0.06928948372878858,653.3777363631929,1135.2631415801518,408.4206488899222,659.4147306751607,406.89838533356345,742.9384539106663,369.38579207825717,415.58362042541467,372.58492404401727,417.3439691964691,668.6330155081902,593.9373005300225,272.7106588670277,567.64603568188,779.8540362110442,3334.033614638847,479.9485832669975,440.8848527856704,358.312203457887,607.8031251651142,221.86073251776696,377.27255414116644,871.483964173064,438.9542624144398,321.4727063801233,806.6661418930315,510.3194651393868,633.152873680186,1066.7204874721538,611.8961935466126,0.06959854228503802,0.08613599891792315,0.07546278316697841,0.11466061647191592,0.015145293711503492,0.11305948085873901,0.08039721527257318,0.029089774157413067,0.04186624872645206,0.03563792545697054,0.08015233956115264,0.11234059870645774,0.022926197699171237,0.022240111611384446,0.03621989031939032,0.09179276487629777,0.07815530042683543,0.031311824526311,0.07236142171175669,0.012951357420170426,0.07481978412928529,0.14944003630395877,0.0613139404094424,0.09275516950466865,0.05012410200278573,0.11809123319314987,0.1296508086056594,0.0614534779780907,0.0655300539074017,0.05400021994478049
108,613.802406157432,405.3269127259838,0.07627707718985713,653.3777363631929,1109.8320627775051,395.72970022437664,652.7647993459731,385.0991459513685,723.0446029388346,342.38118880971984,415.34440926932683,372.58492404401727,417.3439691964691,649.8350756486519,589.1395123878017,271.1461607009417,550.7807492695753,742.9787293027789,2477.7725497208057,477.2049881898608,440.8848527856704,358.312203457887,603.7485014885656,221.86073251776696,360.78238972708846,824.2300718990303,438.9542624144398,319.41301848105365,798.7420205677508,509.8777401406785,632.2894060830603,1066.7204874721538,611.8961935466126,0.019487595018939013,0.025931168089079457,0.02162831048074513,0.07493075071980185,0.021808624994299773,0.06644634656537045,0.03167738167351145,0.0653583347123206,0.019576931384501218,0.12809682932802513,0.02823905586990063,0.05373385845583013,0.17086126721824213,0.10305036360138248,0.10044415119935143,0.03882689004628634,0.08093346824980789,0.06557356420305352,0.027294857775552787,0.12723854057916548,0.12993486848265032,0.12955989665292295,0.06797068837518486,0.03625973427174594,0.0682535618073396,0.08560034717188793,0.0852212465726343,0.13964685983695663,0.16608246797870468,0.10864435438052006
109,594.946732627383,399.63546331458514,0.06981050550961723,596.3358928990456,1003.902686924374,395.72970022437664,629.4282413247198,385.0991459513685,692.3693546146123,342.38118880971984,415.34440926932683,326.18235944280417,406.75615896551204,634.5814352642648,589.1395123878017,248.76702543144796,536.2674629024208,742.9787293027789,2477.7725497208057,466.13505469007583,418.32304939193233,349.1451970410491,600.7279686278208,219.76484906393932,360.78238972708846,824.2300718990303,428.2895350254789,316.3129651660399,798.7420205677508,485.7815420965656,621.381680240694,938.6086067969075,597.1411950517396,0.06834455265189598,0.015382860810872277,0.07347502651765242,0.026399856892246894,0.10953700979196004,0.022581848492593048,0.11122240787311466,0.17331349014318806,0.121382363049102,0.16701542778533476,0.07093957928605868,0.08075239964045446,0.02479671449320101,0.1083765806819554,0.04860892792043995,0.08218114746260052,0.04007000861025258,0.06698839053553257,0.05848218444854678,0.02986874306830408,0.14577176638651418,0.029791658684850703,0.021792113477514183,0.020138129465016877,0.0174342154544738,0.09864111127217907,0.08368236192510431,0.08984537249248753,0.04619702827025861,0.041301887704811725
110,581.3151964682827,402.18100192299454,0.0837816155467519,558.4099403657253,1003.902686924374,395.72970022437664,629.4282413247198,367.28961973003646,692.3693546146123,342.38118880971984,402.68602248558506,317.909520867842,325.9895396795187,621.0140939849651,589.1395123878017,248.76702543144796,507.8674170914076,708.3033253393813,2475.666662187731,466.13505469007583,414.68843205382524,349.1451970410491,587.5362180425219,218.60812225493856,312.1684091135914,811.7576168202575,384.04046947512785,309.58498802908474,797.8212424410821,474.29428376109036,621.381680240694,909.3721257271997,596.0682029086959,0.021190011632303475,0.17245308472966972,0.07165833004858052,0.06413006115276317,0.03790146459130934,0.06032771827502809,0.04723999422465442,0.0995969219420019,0.07309934075564678,0.09710951366466392,0.10596088345865892,0.14672428271468224,0.05681829414678617,0.026892396400642348,0.06928503097879218,0.1550512090317157,0.02945167369927154,0.028455693545682045,0.15679034863623306,0.11886500133016296,0.126587589428158,0.1125929404854799,0.10024904433424603,0.06984660682195366,0.013566112250245402,0.10678714303987866,0.0769807092787347,0.07156304468303867,0.1180780930576176,0.07819592806395496
111,563.0914461237558,404.0774173348183,0.0737951816080169,541.7201995669479,1003.902686924374,395.72970022437664,564.2537340436746,367.28961973003646,642.2067405560754,342.38118880971984,401.486331748426,317.5940035518167,325.9895396795187,597.7875093334765,587.9475799497407,234.5243976793323,507.8674170914076,708.3033253393813,2459.725172091744,430.28498087931035,400.25852298670696,304.3388767350681,583.2937373512375,218.60812225493856,294.384287148813,789.9238257069857,221.0498324474083,301.88793896025174,758.6109003127792,474.29428376109036,611.6586002121422,909.3721257271997,596.0682029086959,0.06682737313585965,0.1069166445790706,0.14765173917122715,0.015672547326989805,0.023872794835210157,0.08028635480698487,0.07253595541758502,0.0835948401561264,0.07680645067609417,0.046193330692279905,0.06310570292516998,0.10976033027294574,0.1645066393072364,0.014643540968574642,0.07065425830078659,0.12646052192728158,0.0653227458364446,0.025989880602433842,0.0837650989834656,0.12149892501386007,0.060138546187122194,0.11819287143698146,0.0735289283146399,0.09009592403067912,0.06045942339212298,0.04431785240016061,0.022069753558333783,0.06861582951660863,0.09133550407172918,0.019035140396502587
112,547.1272929481379,396.42873435396035,0.07587926948040816,541.7201995669479,978.0113437030167,393.504040230643,564.2537340436746,367.28961973003646,618.0789123077027,332.8158253659345,358.72933656432355,309.13550539894743,325.9895396795187,574.5241779433912,514.9014807297209,234.5243976793323,507.8674170914076,708.3033253393813,2418.3877936581575,389.85161189646794,400.25852298670696,294.4678913196842,562.0985446569468,218.60812225493856,289.97434012113706,789.9238257069857,221.0498324474083,295.4842631221391,758.6109003127791,474.29428376109036,570.4863216158006,844.4908217292057,556.1828574807126,0.11610573009708672,0.08092336733859827,0.057541889796660826,0.0023349406501219755,0.05265456784219584,0.07821492536797568,0.022670035393213894,0.03917624636077631,0.10980887376886807,0.12158692448399536,0.12174924762193376,0.08334225243190127,0.11586955877178116,0.07014591322738459,0.11905340264730199,0.13728066993112842,0.11197007679585672,0.024092818148869644,0.11841683632574647,0.0753629357207582,0.1042573239326702,0.10504537490776536,0.11822287221534,0.03883912072399555,0.07184671481774801,0.02141266629517233,0.013835709748138036,0.062387398965951094,0.07411930728901407,0.008110382794295348
113,538.8170530129962,395.4190928348974,0.09487151561768138,529.6051101247693,954.2953221675366,393.504040230643,564.2537340436746,367.28961973003646,618.0789123077027,332.8158253659345,358.72933656432355,309.13550539894743,325.9895396795187,554.8706312766387,514.9014807297209,234.5243976793323,498.3670549871509,667.6087700785971,2418.3877936581575,389.85161189646794,396.65574435338755,294.4678913196842,562.0985446569468,214.20935761576231,286.68586487660014,783.104596771221,221.0498324474083,283.13360185754556,740.9160178375624,474.29428376109036,570.4863216158006,844.4908217292057,460.71002562851993,0.11450481038812879,0.08080191920585411,0.11870660755804432,0.1728422563616449,0.0713997308117261,0.0750204286495186,0.074464557286204,0.073244646774448,0.13094794691287032,0.1167858408336079,0.08998337047216666,0.13071150525882186,0.1749880940713339,0.10002296618259551,0.09984943605967832,0.14665565448361864,0.032643627181293704,0.027158066251776705,0.1221676920855088,0.07415189218422633,0.10065756418971912,0.04990313891931414,0.11105392797968407,0.06338625876337434,0.11227615224165624,0.10620716048971203,0.06843250411192812,0.10804440217821137,0.03690359229356187,0.06222971835021238
114,522.7257869704655,391.3714551438878,0.07802979316876318,457.0097983115889,904.8353382448503,392.1642393533299,558.5004790554178,364.0807562888055,618.0789123077027,332.8158253659345,358.72933656432355,309.13550539894743,325.98892203753064,554.8706312766387,502.01895228300776,232.19989127927002,477.37744534879795,566.8001230520922,2418.3877936581575,389.85161189646794,396.65574435338755,288.7684326890918,559.6269896203409,214.20935761576231,286.68586487660014,775.962348390415,210.51308339818306,271.33455222896123,657.7514899299377,473.4838057916113,570.4863216158006,778.7005019218267,434.7495549591812,0.0876942491949524,0.1133337186852955,0.05714743076581355,0.13404485601519922,0.028056150991769932,0.15258325011049387,0.12540251968160218,0.02574512905316442,0.06018745953561444,0.05070235795069051,0.05326851511870183,0.08513103166946177,0.04020340027334494,0.09039109050338769,0.07360290644389261,0.10681465504311607,0.0210598735425799,0.10265409143867313,0.07479627401672538,0.11018330303214355,0.16605762439595492,0.029812048830483925,0.03838462394633749,0.034541054317164095,0.042674372546129505,0.07159873197392884,0.07742166230656647,0.14588662724273335,0.021162528432116412,0.12035225800485747
115,509.69139603098444,385.4618673631264,0.08216057010750345,457.0097983115889,890.1475164915503,390.95532342693764,547.5599985228527,363.1799932981688,618.0789123077027,305.0469808043594,320.65567992958427,309.13550539894743,325.98892203753064,529.2578439555399,502.01895228300776,226.41969345254302,477.37744534879795,562.9808746995732,2389.3807688972297,389.85161189646794,389.76638944783843,272.88669487849467,517.7303599877041,213.60431137915333,286.68586487660014,731.494877918482,203.92549484610106,271.33455222896123,651.8304971937507,443.7116916185611,567.2263429821566,700.7494275501684,434.7495549591812,0.07614123250012098,0.07907106057279849,0.09877989351671154,0.12655015611739112,0.10735134223949822,0.11533963130408002,0.08892102562530686,0.022847165698062447,0.07851713362119489,0.11282386584595311,0.06254135704599557,0.08041782226568675,0.11909861964188916,0.04384233447676363,0.16653399131851065,0.10118596105372334,0.11313425064634636,0.07371339666463306,0.07345624375188076,0.059628304320874556,0.12800240477624206,0.0678131391084343,0.01779700505390968,0.06281893172719669,0.05525026229046863,0.07941069863134653,0.07392921072445754,0.0703551091023236,0.05417191636079641,0.05537363722250715
116,502.3931023409026,384.99086523180983,0.08611280136714586,457.0097983115889,890.1475164915503,360.7582479085106,533.715886508416,357.302930287199,596.5872938328903,305.0469808043594,320.65567992958427,304.08952744401273,319.4387506456137,529.2578439555399,497.22116414078704,226.41969345254302,473.0933103426605,562.9808746995732,2389.3807688972297,387.1656780192935,385.53970771955164,253.21401268813722,517.7303599877041,213.60431137915333,286.68586487660014,658.2133717288746,203.92549484610106,271.33455222896123,647.9484089810553,443.7116916185611,544.1143659916795,700.7494275501684,434.7495549591812,0.037826181014407184,0.10213454696371707,0.03317995479049427,0.06862189858011086,0.03621338335027201,0.07830162028787632,0.15885473702703645,0.10897438018025639,0.024822834211174427,0.10898108183954443,0.21777852702195688,0.0747127503336237,0.16003582035841568,0.07077474927162547,0.11988151843247002,0.07439153024376267,0.04345516796363578,0.07145558408797344,0.10009078589280748,0.12024114628830543,0.11162078995382406,0.06087365160701312,0.11965544257653224,0.06725522651813767,0.024253788350024088,0.20731781280081318,0.020186354559783994,0.06418106530708768,0.02508416603819785,0.07222754516349503
117,494.2753817004685,384.7728022293019,0.07865984287072379,457.0097983115889,889.2572831248285,360.7582479085106,533.715886508416,356.1504949493068,595.2729064079198,305.0469808043594,320.65567992958427,304.08952744401273,292.60279241016553,520.1565935965763,497.22116414078704,226.41969345254302,458.4240363319389,554.6969428400479,2389.3807688972297,382.74612205606905,385.53970771955164,253.21401268813722,513.2770632196028,213.60431137915333,284.07766675307283,658.2133717288746,203.92549484610106,236.90639192283044,562.6506622908153,443.7116916185611,544.1143659916795,657.4815529542627,427.94023878752824,0.029577982395457066,0.08571820718088671,0.11609823058395294,0.1257449003907392,0.06941431051782189,0.019427429610990785,0.05307921221464453,0.0876089082082267,0.019107176832492793,0.03873625005019017,0.12979543061580523,0.11840072670855639,0.10061289726521254,0.021384942187455097,0.07670000328452006,0.0821700708514468,0.06295267746967484,0.024476673743557532,0.07246445213744165,0.16595322557968883,0.11010476430121022,0.11177426890409789,0.060681456805658916,0.11025080375258668,0.07089633635072076,0.13671299799911663,0.06851778549689738,0.11123928508181744,0.05399610684878981,0.026197772752056852
118,484.35768653957257,384.32567304666406,0.08571919139540675,402.39868134154045,866.6612455259419,360.7582479085106,533.715886508416,351.06728829146203,578.536361400573,305.0469808043594,308.4733493765982,299.4562375725783,292.60279241016553,520.1565935965763,496.2730884679831,224.0951870524807,458.4240363319389,525.0583154572429,2389.3807688972297,373.52800045301643,375.65359107958034,253.21401268813722,506.5248659347982,213.60431137915333,280.2300309374617,631.4225662047891,201.17579446360307,236.90639192283044,562.6506622908153,388.19065928444354,537.6728194241207,631.5826473719217,426.26918180890914,0.015200461283087326,0.05755701096807549,0.08324688755367768,0.07034745007839928,0.08213204106668574,0.15958977477160294,0.12096680573171578,0.11665348292144519,0.12974514750545915,0.127343596361273,0.16662159602698845,0.1005710594274662,0.061508663370322084,0.05968805752200325,0.02679832870874957,0.17396427724771632,0.014480451369161264,0.06397662485057085,0.023152890395109184,0.11755793057471825,0.022023028274289376,0.0836363674376481,0.06641347469254129,0.08228704586613911,0.07503090695574537,0.228123643129936,0.0758469316480416,0.0872478884032249,0.02155674392969225,0.05830717379071666
119,476.83999514728026,383.53643910486187,0.08762566580677515,392.1606503768686,860.3615006930816,360.7582479085106,527.4509911495901,349.6784368295574,573.7812879331074,305.0469808043594,302.72553469314266,299.4562375725783,285.0175917544086,513.3612258376693,496.2730884679831,221.80157166205828,443.9808475146911,517.5667579284374,2386.7182876299753,354.69591605920067,375.65359107958034,253.21401268813722,502.0715691666969,213.60431137915333,280.2300309374617,555.9373270993023,199.300288220015,235.0985105981769,558.4275313612046,388.19065928444354,521.5826555644251,631.5826473719217,399.4715648526669,0.11906342079029572,0.15841239602337587,0.1132365483129256,0.16770406644772462,0.07740348847029627,0.12054517776985099,0.1204626651786656,0.06726855177670055,0.08950992015858975,0.10228844232169988,0.06193120778409525,0.13079349495699677,0.05899979799649711,0.14556853181742999,0.016107475195609598,0.13189064556042324,0.06548619637399111,0.11046773814929572,0.11885995614255872,0.07198177351009544,0.02243446160326236,0.14276519296877568,0.024289401204715323,0.0357974086942369,0.021345515805187513,0.12091813226143967,0.08427449774070202,0.09017955687094745,0.016028027320198566,0.022756284996670952
120,464.602956706783,380.85007586390975,0.07242188313342066,308.1637016913396,848.5346767558772,360.7582479085106,488.35013884763214,339.63760076566103,555.7303555007901,301.3662366135252,302.72553469314266,292.0796164154791,281.5358474768856,505.65158987475695,496.2730884679831,219.47706526199596,429.3115735039695,487.92813054563237,2362.2196191260145,354.69591605920067,355.35343270030677,252.4612477666511,502.0715691666969,210.16081387303188,279.58962610635393,555.9373270993023,199.300288220015,235.0985105981769,558.4275313612046,387.33135338352974,504.3495686490802,631.5826473719217,331.98584539882444,0.09844547924559438,0.08395879322404368,0.04437081044790527,0.06108190225377601,0.08126983838359508,0.08589128367687165,0.13625751023201288,0.0259668550905656,0.02884717181752397,0.14840904223307916,0.062193846785690426,0.05162670032019271,0.11973003768145121,0.06198705432649899,0.06734876306507047,0.056560293838838566,0.021813950944743764,0.03574667694331702,0.03292960397822657,0.0808324478193378,0.11485670149148285,0.10328228225797617,0.07175953890739242,0.12039758484092893,0.022430475045843584,0.14236328842929735,0.03646404054679957,0.14802450774199316,0.01389938750916337,0.013910624923407123
121,454.8268748474498,374.71479025267996,0.0676489282626857,308.1637016913396,817.252264980377,360.7582479085106,481.9644052242309,339.63760076566103,555.7303555007901,301.3662366135252,294.15768901091104,292.0796164154791,280.6476254945769,483.99058051390637,494.3315308471329,218.1582176109025,429.3115735039695,480.69145102017194,2335.6071234562132,354.43914626983155,355.35343270030677,244.0464805109073,472.5930157283907,206.90794954552803,279.58962610635393,555.9373270993023,199.300288220015,228.10209192664078,558.4275313612046,374.61229143662064,472.41241843713294,537.2505801247374,331.98584539882444,0.07616058903878249,0.07069101851099042,0.015428610043932036,0.07953407768491245,0.08284957859989849,0.0893342832540269,0.0848664104071945,0.01862929716671548,0.15691363630351862,0.08376145280633766,0.05872019859097846,0.06938498344869298,0.07070501770979519,0.058695054631458944,0.07521964831292231,0.11431209811117361,0.06229839287065913,0.030418975973020398,0.03707634467901491,0.08628267919051703,0.12009323198934495,0.034683759715886234,0.028589767768594364,0.046466964894258014,0.053935883491291574,0.05391929201861248,0.06912837878994244,0.08173225271651477,0.055960718447760335,0.06367525071382397
122,451.9877456934852,375.62682636894965,0.07472332849949988,303.3418938033134,817.252264980377,352.07064000289586,481.9644052242309,335.52797433379345,555.73035550079,297.3279427409506,291.14801649419735,290.5479893558534,267.36548858561207,483.99058051390637,494.3315308471329,218.1582176109025,429.3115735039695,469.8770805291749,2335.6071234562132,338.3723046157491,355.35343270030677,244.0464805109073,472.5930157283907,206.30290330891904,279.58962610635393,555.9373270993023,195.36648554754672,223.49441650531045,558.4275313612046,364.9812307901787,472.41241843713294,537.2505801247374,331.9515404852006,0.03592118787424893,0.17211908867289993,0.10140391004805052,0.03561942906508615,0.045783208211405094,0.07488686420597808,0.08164712908327318,0.01532257947201343,0.13693822626595015,0.08441761701074302,0.02747798581273824,0.02409139892272617,0.10964351339294019,0.0653124828365268,0.11024040934800158,0.0782162204669512,0.06274208126089521,0.018074107677216348,0.15960915019624666,0.1605476091941815,0.055913948850420635,0.012951366858288533,0.021520262988406445,0.11109063849650827,0.01684909641082136,0.04118595118449934,0.027594165483514656,0.07205760838486354,0.12388400996271967,0.15863860734688154
123,444.8203969004962,374.81576755483417,0.07161583459843338,287.21341740251665,789.0510331973322,346.3826489773387,439.3876064060607,335.52797433379345,550.8707392393537,297.3279427409506,291.14801649419735,290.5479893558534,253.69144280718461,461.7558342201446,491.48887322198505,218.1582176109025,422.24261661876216,452.869759626234,2332.6852605186664,338.11553482638004,344.8434129653681,244.0464805109073,453.72158050631845,206.30290330891904,276.6699595812852,555.9373270993023,195.36648554754672,223.49441650531045,558.4275313612046,362.9460781368704,465.3684789071151,537.2505801247374,321.77176486234185,0.07719206017045324,0.05312564902775001,0.07626983638473647,0.10791190844863754,0.06200526556159975,0.027884818181241992,0.11010639515825456,0.1252096315707581,0.15173818342932188,0.11093593926931267,0.018660452572373226,0.02534708567309054,0.12072599131421624,0.06736813788100107,0.09160101866320407,0.026715022409660283,0.06864657879553995,0.03753267725980464,0.10906400139367034,0.10940732014561859,0.05732696219930237,0.11423393888932432,0.021715822629101843,0.03779839487097063,0.07656301252157385,0.07809172139352541,0.009663959546405365,0.021348671966963193,0.044684334890954996,0.10960024573463364
124,436.636622680012,373.17807559108877,0.073719763399619,282.39160951449037,766.4549955984457,333.00132361804333,433.6343514178038,335.52797433379345,541.7240373620951,293.3900948931915,290.53399853186045,290.5479893558534,223.81150833266472,461.7558342201446,443.54829214599664,218.1582176109025,413.76518765207567,452.869759626234,2322.223858220012,338.11553482638,343.0599865636061,244.0464805109073,453.72158050631845,199.39344233538003,275.61233506072773,555.9373270993023,191.76487050306434,214.6901165091208,548.0579228654398,351.2216623153777,452.27036983840514,507.82194726459437,320.04607176812743,0.11348024750500213,0.11937318249272633,0.03138090713182934,0.016562288952840207,0.0429482730198501,0.024894784682553416,0.06828601620754353,0.09213705242444281,0.15495467026220577,0.09390489851842093,0.16849553709776074,0.014717481591651663,0.06582392944967765,0.06588982596867828,0.08266790079096376,0.019760297840949483,0.02573532019029449,0.120093852012916,0.13455651758510925,0.16101226229441873,0.05513041704469887,0.028455689299275003,0.1159372994598451,0.024909218228414173,0.07577575871031633,0.03331286226970991,0.011263645017331476,0.01977119750878531,0.021891999320119242,0.20846956911023923
125,430.80345188974474,372.8414886407496,0.08495950831009537,272.15357854981846,766.4549955984457,304.84763194257255,427.6579668820643,334.6272113431567,541.7240373620951,293.3900948931915,282.4989276737066,288.6351573909802,222.40679447635023,455.67449868490957,443.54829214599664,216.5694225021213,403.0587997464689,450.26288863602565,2319.5710345425364,335.9431405279438,343.0599865636061,244.0464805109073,453.72158050631845,199.39344233538003,275.61233506072773,522.0319406114932,189.22520104499236,214.6901165091208,542.007613776271,351.2216623153777,452.27036983840514,457.75228295322796,320.04607176812743,0.055548643652991565,0.02903487733919591,0.06136387693897956,0.1114120677968827,0.09238136521799528,0.11834460430758158,0.027960205047867885,0.1287830268707637,0.0853197381099656,0.07042082504166566,0.08459729035231686,0.0724889428048897,0.11139526200457323,0.06716787829298827,0.08228147094044166,0.020948228241110232,0.01669794909049,0.13038983546052096,0.1187601869738257,0.12919214921809735,0.060448582046172275,0.13462601834113996,0.13325997768463035,0.022215827155581673,0.16534394811752157,0.11779409613223521,0.062245852835525764,0.07161078010155152,0.07048122915543735,0.09627051402992234
126,425.07874968564334,369.9788965621911,0.07275660305586544,272.15357854981846,732.1161055192465,300.04519923905,415.151697313989,329.1021781195696,541.7240373620951,293.3900948931914,273.87754715415485,287.1035303313545,211.6625878408696,455.67449868490957,443.54829214599664,216.5694225021213,403.0587997464689,431.0525031228045,2303.0475091405488,335.9431405279438,342.0440298324127,244.0464805109073,453.72158050631845,193.44188087305014,273.59367001808187,522.0319406114932,177.19817543097597,214.6901165091208,531.5587619375821,336.3874664693363,447.70353811735276,457.75228295322796,312.9718446053041,0.026693262891662045,0.011412973692048179,0.16319935021164564,0.04258521666559128,0.08093131671081492,0.12401736168729958,0.017140659376619564,0.029753810402216193,0.1206164485397378,0.03219660792250808,0.03233643154044805,0.028768388657778733,0.11255325202520944,0.07013678575253375,0.07485916709631894,0.12225133402583263,0.06131438702478733,0.10889242808756583,0.09052596091330697,0.09126129515204373,0.023660023299902043,0.0796820568302645,0.044521708481697224,0.05964359414214291,0.10740944969710858,0.08339496936383982,0.030035402321588953,0.12621120953510234,0.1023591484713223,0.08433409115702568
127,415.964643886422,368.83253917399725,0.0826108345095332,265.8321118870218,732.1161055192465,299.1349594175142,415.151697313989,329.1021781195696,511.6757681738671,286.64268201723786,273.76452774299656,287.1035303313545,211.6625878408696,397.84995007622365,443.54829214599664,216.5694225021213,383.5231591266235,431.0525031228045,2292.210836946673,286.26030471275334,336.7657989858691,244.0464805109073,378.56782280409504,189.6070951868576,273.4004672688917,522.0319406114932,173.18910453992012,211.75609560495636,531.5587619375821,336.3874664693363,447.70353811735276,457.75228295322796,312.9718446053041,0.07202973675823401,0.17238453441017465,0.08856009483673202,0.019356192910476272,0.08054274992546759,0.06425779177382179,0.05204861383213577,0.07136877364982039,0.11803779242791564,0.0699918699820857,0.04935123680855319,0.028512064784940897,0.07767565267123033,0.07853065982291384,0.08188569534425033,0.1584135954901122,0.07928930939886443,0.058166747767059185,0.0405118816829545,0.070004001117054,0.00912325803718975,0.12625959224573624,0.11431827375324881,0.07486286230100693,0.0657313678436454,0.11764519922014018,0.04859431316992232,0.13491038721802368,0.08330033534915374,0.17266045075313233
128,406.50898030547586,367.84069325685135,0.08567881084688936,265.8321118870218,719.2540701737951,290.8042568979781,404.0061971644961,329.1021781195696,511.6757681738671,284.49707641831975,236.54540623571063,287.1035303313545,196.84875110844828,374.6022411906282,443.1682368292821,182.99904578683604,383.5231591266235,431.0525031228045,2275.6873115446856,286.0035349233842,306.1385551195948,243.66887620733684,346.1658585769886,189.6070951868576,273.19283280234106,522.0319406114932,167.1892671008212,210.89247931312815,520.4004319918837,312.9344178774574,442.1934790708427,445.8817255967662,312.2670706739608,0.175609143920967,0.09227404616763964,0.07436938265636654,0.08098490249997567,0.1369283398329061,0.019946167325738628,0.1558942666321152,0.0715421362496582,0.159856422393701,0.1163723736701962,0.05518377018684137,0.11125114824766755,0.0690103893307912,0.03413931835329149,0.08435080152770255,0.06463973665751245,0.08199494014585847,0.07662868558261103,0.057530584957309325,0.07415576744536355,0.05584947945037259,0.0973752197592551,0.09632537599844976,0.1161099769940382,0.031613948664441116,0.11869174314312611,0.08012048644396344,0.05847439469257372,0.04105780896078069,0.08208356751546719
129,402.20979336288445,368.16530458182416,0.09306721738159071,259.097599680946,719.2540701737951,279.30796943729,404.0061971644961,329.1021781195696,511.6757681738671,280.55922857056055,236.54540623571063,287.0960503981485,196.84875110844828,373.73822398163213,433.6910565342868,182.99904578683604,376.45420224141617,429.05982504864767,2274.055079090764,259.722146281657,293.338283548719,240.92761494481263,346.1658585769886,189.6070951868576,272.10817743668196,520.4351855790845,167.18926710082118,210.89247931312815,520.4004319918837,312.9344178774574,418.4914705349794,428.32365009308484,312.2670706739608,0.05234364039678012,0.08931324990129569,0.06165721869148251,0.06890773832627146,0.06366737386655506,0.05681088823639527,0.11587574065173024,0.09199247328139129,0.1343993613340575,0.08246156358999307,0.07188451782024774,0.12239123750424882,0.12239064625960788,0.10303387381138006,0.06468692045086785,0.08598635512453237,0.07719571082543142,0.0705184896676687,0.01657128992458505,0.11983086199349215,0.1117176096659649,0.07692406755800102,0.11840536320886473,0.17576196211195289,0.11955807056528989,0.06489454154570246,0.08921617259005377,0.07609462799590697,0.0761059063337508,0.21141904821421956
130,398.7142513302157,368.92949457581426,0.07775431061259477,255.1254282189816,719.2540701737951,273.8922806296738,395.04123228654004,328.51115060559823,509.5829862273381,280.55922857056055,232.9246820817614,286.48484701853164,196.84875110844828,373.1691828017621,433.6910565342868,182.62361161451412,365.5925005491127,429.05982504864767,2274.055079090764,257.2929821938517,293.338283548719,240.92761494481263,318.11890672400216,189.6070951868576,272.03143101170303,519.9642004772033,163.28424694205242,210.89247931312815,520.4004319918837,299.6604944074488,418.4914705349794,428.32365009308484,292.67833997642873,0.06590149798210243,0.0877985518605573,0.029664547101413218,0.01898565215567579,0.061871504330049114,0.0705609838611977,0.1373578004776889,0.07239106621428354,0.03831060747749529,0.12927626016742427,0.07712833141008596,0.028176939210857312,0.052494458211618744,0.13037006960814276,0.12230692065235664,0.11787623309182027,0.030860844916351722,0.07014293627994167,0.15916191614367386,0.06413709384894374,0.080746183200405,0.028139521515670132,0.07861281470245345,0.05145426479712349,0.07645567469324005,0.132620529731323,0.03130290493253345,0.029068289621686845,0.11468595048852726,0.14476896969320038
131,394.7311385718789,368.23796194841356,0.08745777365970892,252.66299044905642,709.52006792036,269.08984792615126,395.04123228654004,328.20141512893287,481.11661063130305,280.55922857056055,232.81166267060314,286.48484701853164,195.98701214105955,363.6950303752541,433.6910565342868,182.62361161451412,365.5925005491127,419.37785055001893,2271.047283071041,257.2929821938517,292.0180006226578,233.34154596559407,313.6656099559009,189.6070951868576,268.66756733181114,519.9642004772033,163.28424694205242,208.16877175974108,515.9120783883102,299.6604944074488,418.4914705349794,411.11155573556977,283.24629021706613,0.062181498154413456,0.16738780201644823,0.06416436056001462,0.06185147636701744,0.025179661498969177,0.07619752300388248,0.05074292092629784,0.02229799018959613,0.12606381804402647,0.13052968376000793,0.10566353003319898,0.16233918615437706,0.024561591613174734,0.055693892815306054,0.05906474518857323,0.12022401397866159,0.17625080133426888,0.06589858895299719,0.05721134826616096,0.12016039860630853,0.07570345898417503,0.07478249404029327,0.0765061460396833,0.07680054945970069,0.12722814810711267,0.1171726361657239,0.11316237811830449,0.066924184130087,0.05376945082038224,0.10801893246210449
132,390.65113103468553,368.2265919135153,0.07021285540422854,243.33637413891262,709.52006792036,262.7639192969991,372.684116751454,326.53284111708757,481.11661063130305,280.55922857056055,231.95896557212703,262.4900053068151,195.98701214105955,354.5435755016183,433.31100121757225,182.62361161451412,365.5925005491127,419.37785055001893,2267.798278316769,257.2929821938517,292.0180006226578,232.96394166202361,307.36546850067583,182.83882237848573,268.66756733181114,510.41753452326856,163.28424694205242,208.16877175974108,511.4700693751475,298.2052567179753,418.4914705349794,395.0128188781804,283.1410204234328,0.030684312231222807,0.07944809077401965,0.029495891652925,0.12126216024459742,0.06224716185426968,0.07813811476613475,0.034964619453685786,0.015964975651502733,0.09796371967805789,0.08755446579486328,0.07341736461091443,0.10116576286595305,0.05718141035422265,0.12679369470696006,0.07332734088455553,0.04603868584886569,0.10435659045910246,0.07707549940937015,0.10873590786195705,0.0352437282911354,0.034188781720393156,0.1260365087191236,0.02741934999118238,0.06849129035603405,0.0772291433713857,0.07183029733890219,0.10449240531493763,0.07510125751850541,0.02011292709400115,0.0604242033080761
133,383.7761392779401,365.2059375815929,0.06617650616393204,243.33637413891262,707.6303860872397,260.82521677639534,372.684116751454,320.1070449028637,454.2975094923185,280.55922857056055,223.21764977109825,261.8713219939922,195.98701214105955,319.36411094030734,408.2877042462601,182.62361161451412,363.32182073315266,419.37785055001893,2249.3262442091554,257.2929821938517,287.04409597098197,232.96394166202361,304.74197224821995,182.83882237848573,267.04055494294,510.41753452326856,156.9543597806679,208.16877175974108,476.42989107380083,279.6646421176194,418.4914705349794,390.9549453206278,277.46299091169044,0.020679328898559283,0.07581504965328088,0.11470864497045793,0.044504808402342666,0.02452499897336488,0.11551349655666555,0.13311039823721993,0.08700383555047995,0.031664953265303886,0.06581318064669502,0.06687561180074905,0.029324087055595888,0.062084172916065605,0.038013229095771275,0.08939666101322138,0.02117213276358614,0.08547474779614185,0.037882746051750335,0.08099198237899766,0.05853811130069177,0.05768554207429549,0.10229595111484119,0.06968917898002776,0.06508449656365432,0.029192882691000975,0.08194001560092716,0.0895456836718197,0.02477529174106418,0.008527373646594519,0.1734665915067948
134,379.15575092231194,365.20391964921697,0.06939169221276435,243.33637413891262,707.6303860872396,260.82521677639534,372.684116751454,305.9076922721192,447.04376319086884,279.92360117218186,219.3022262857412,258.2856555171477,195.98701214105955,319.36411094030734,398.0659523191991,180.09140302696142,359.7319759390339,406.4886010993787,2249.3262442091554,257.2929821938517,285.2035349460756,227.27016109754254,304.74197224821995,182.83882237848573,266.69258036080384,491.13672640873415,156.9543597806679,203.27425698614735,442.30496297668,274.30889831608437,418.4914705349794,390.9549453206278,269.21252225329994,0.1057997136276279,0.10847651145569594,0.05614697085722861,0.07616160531765183,0.010400554577277803,0.021984531472665964,0.03740907505163767,0.07817991106098628,0.059096033554668546,0.16698324565639702,0.10462952746899364,0.006938130496858885,0.054774505093697905,0.015846290582856644,0.08452153971769341,0.06191508695760405,0.0712403175300734,0.022647674979695886,0.11143683155831682,0.08411588305382531,0.06725111541781671,0.03684354770808308,0.06391632828440574,0.08225337142482242,0.0625325955461022,0.11975699276259558,0.040390995994118536,0.058382288331102046,0.10232183447223964,0.10939775637019118
135,375.2263470947866,365.4171108295662,0.07979007065436157,239.36420267694825,707.6303860872396,260.82521677639534,360.95447722745763,305.31666475814785,437.5720523815626,277.47592272665054,215.49759255071655,258.2856555171477,195.98701214105955,319.36411094030734,387.62200072397656,179.8351427317942,352.4601190408492,406.4886010993787,2247.999034444862,248.15770193529573,264.0219936868229,227.27016109754254,302.26675522115636,182.83882237848573,260.89918342333806,491.13672640873415,156.9543597806679,203.27425698614735,442.30496297668,274.30889831608437,412.15900275140325,369.30687380344574,269.21252225329994,0.03499180468571868,0.13550109469149188,0.02219903010104378,0.07440689882808985,0.1160267729079981,0.11234463443874261,0.01632964570837781,0.10428592803576191,0.12446523397014361,0.11595164857091458,0.16301560507736745,0.09289803563354336,0.10900231351743109,0.054874169577787735,0.1275590960283764,0.11042302560612088,0.08181898851558281,0.02048913530333834,0.09378476553569624,0.02178528533288101,0.020733971280513686,0.02121105857364839,0.10920569839292585,0.09944865060958472,0.057626892195556584,0.08553115171589301,0.10774390856899531,0.05821767278159586,0.06585379277614539,0.03597621066957961
136,368.3686766464791,363.16682861447146,0.07507226021764088,235.68877604001688,672.3285079326574,248.79975685295014,360.95447722745763,305.31666475814785,428.79125882778953,277.47592272665054,215.49759255071655,258.2856555171477,190.66906103803382,303.945465143727,378.386541187179,179.01818715981545,352.4601190408492,357.92343958373385,2238.482505947747,248.15770193529573,264.0219936868229,226.63057851742653,284.4615301948265,181.87926946787215,260.89918342333806,491.13672640873415,156.9543597806679,203.0585115575191,442.30496297668,271.3530725419549,381.75432434410953,369.30687380344574,265.11727922106337,0.019590341529309146,0.10456343821331968,0.10163589701208653,0.11635901102840886,0.04767964840414905,0.11409188710951412,0.06853085451085418,0.07151667153352034,0.0679068284469266,0.12285815665107165,0.10283819783838227,0.04383529498944132,0.020765093439189333,0.09210399724975736,0.07851028684662928,0.12999886259611226,0.12117653331743125,0.009350210147597415,0.07030619737483634,0.06718450733681082,0.005777360151915056,0.10396344650129147,0.04438978176888637,0.03365686953116182,0.10500747711479216,0.12356642808783187,0.10471814498937068,0.06196430221699151,0.026438720236328195,0.0718833603553091
137,366.017703033747,363.4343334629414,0.08188885172311465,232.42869639433093,672.3285079326574,248.79975685295014,349.88544237197294,305.31666475814785,423.46930883201696,277.47592272665054,215.49759255071655,251.85523053059657,190.66906103803382,303.945465143727,371.2502350898453,179.01818715981545,347.44576537057804,357.92343958373385,2238.482505947747,248.15770193529573,263.58535781188846,226.63057851742653,283.2012308230709,177.90795785357912,260.89918342333806,491.13672640873415,156.42909625525223,196.71487057486058,431.2750152080634,271.3530725419549,381.75432434410953,366.4383597849879,259.25583324633067,0.06373733577500534,0.09765786917102531,0.07501263211950289,0.1625126542860929,0.03271573220199437,0.09414607629028188,0.10533420932783813,0.0690516883047685,0.06137358963621792,0.13818708850130462,0.07176152821700171,0.027205452751013454,0.062391667758509045,0.03381504739842586,0.032465701533176745,0.06497785642606892,0.09710869158523303,0.16058331762271882,0.12530796187873813,0.09620034699911645,0.06514659001504683,0.08293419457583734,0.066726003200613,0.06516340664085836,0.0805706601222762,0.07271056803696949,0.10035076129095429,0.07307508422793901,0.06843325377588345,0.11000858202302712
138,362.63087599538227,363.7177705685306,0.06985678288816473,229.74114093867877,672.3285079326574,248.79975685295014,349.88544237197294,303.2209406822956,416.77963887976625,272.79236494752314,215.49759255071655,251.85523053059657,190.66906103803382,283.20752610704244,371.2502350898453,179.01818715981545,334.152590447858,357.92343958373385,2237.383139026406,245.90160144581318,263.58535781188846,220.559193649375,283.2012308230709,171.13968504520724,260.89918342333806,491.13672640873415,155.553296520467,196.71487057486058,428.5769926377506,271.3530725419549,381.75432434410953,334.79011724867576,259.25583324633067,0.026501773521833742,0.03581570062298552,0.07183376479568562,0.11451447104316848,0.02026982112813333,0.035332656553200635,0.11266444508497933,0.07191702997356414,0.0779901858583266,0.0973738292889165,0.05640301698518298,0.011694129927904313,0.06791157924043162,0.009649114918754035,0.07199258615643589,0.027857906373903216,0.08204871558587,0.12503272660713413,0.06973211413054702,0.03484617921984711,0.11333598993151198,0.10768004987148605,0.02543091402889543,0.01994323035906057,0.11553610620638623,0.1139927697864239,0.08412281331877614,0.12149872231221742,0.07198158485658447,0.10079955895679557
139,359.0561633124017,363.7949097634277,0.09551465606350931,229.74114093867877,665.8413447706283,248.79975685295014,349.88544237197294,294.7841994814821,404.70542440030033,272.79236494752314,215.49759255071655,248.26956405375205,190.66906103803382,283.20752610704244,357.79846032375957,177.72391422821238,334.152590447858,352.5174684331263,2237.155296183453,233.58803486235445,259.2605847100519,220.559193649375,282.3858306192615,170.01529781597245,260.89918342333806,474.71888552524166,155.553296520467,190.94905649143277,428.5769926377506,270.58833011663125,381.0368833394438,334.79011724867576,245.2220652825644,0.019251938361061652,0.01524113062949267,0.0752031364861795,0.13282815940185264,0.030200464636873103,0.029282793642874942,0.08021082431575775,0.16713964579927615,0.07884862565521862,0.07589603159912583,0.13958955379890908,0.07512482226848932,0.06916793382071831,0.12877592129969637,0.1625609504361452,0.1639942337877105,0.1243519575626311,0.08751723742102337,0.07323315273063406,0.06388042639096381,0.10967588753353036,0.11928816889649912,0.06164575313268504,0.0650004198522825,0.1231306026848674,0.16697057456669923,0.16417529740525574,0.07363863169712977,0.11084960392681234,0.07876580216488376
140,355.6520294217122,361.7105986883222,0.08394207600688536,225.8057429781342,658.6264744484938,248.43343045432565,349.88544237197294,288.67556576387153,393.23829233355224,272.79236494752314,215.49759255071655,248.26956405375205,190.66906103803382,273.10307397048905,357.79846032375957,177.72391422821238,318.2765350852834,352.5174684331263,2223.8946787233094,233.58803486235445,259.2605847100519,215.91552138140418,277.29137621232445,168.03288093788436,258.92419645233076,472.65114539095185,155.553296520467,187.69013171114835,428.5769926377506,263.7908375378889,376.19081706938715,332.6862594031744,244.20114611969322,0.017472016978910473,0.08403563182866503,0.029469915165793687,0.15166619328889835,0.022446046387433544,0.02379027927486056,0.02255616500870952,0.12883761114122275,0.07242516904263815,0.07613229382190106,0.0948814922654261,0.1887103446619679,0.026990417432630854,0.10706836970889162,0.11611135768801817,0.09837868944302883,0.05996877301530985,0.04029062229978346,0.12432732088430326,0.11510860781772245,0.047021722939036295,0.10714039095660677,0.09473813021767769,0.07402189355570214,0.14032544548982404,0.15490018505953862,0.13180317849338052,0.04157235060008063,0.047552336663035516,0.07851932907556317
141,350.7458325001508,362.45196262197135,0.0739627744088662,218.3452312660064,651.1786350704779,248.43343045432565,324.81778777999506,288.67556576387153,376.2476744768788,267.41150472019126,215.49759255071655,248.26956405375205,190.66906103803382,267.07009903764333,357.79846032375957,160.96660389091932,307.88502423444027,338.9466982657501,2223.8946787233094,211.4085760975719,256.34192421872956,215.91552138140418,277.29137621232445,166.47910452093222,258.92419645233076,472.65114539095185,153.84292987666927,187.69013171114835,428.5769926377506,263.7908375378889,376.19081706938715,332.6862594031744,234.47755084419052,0.016594346101115067,0.09783084741826875,0.02210965172756725,0.09623664979895014,0.07171293567214115,0.075852917071857,0.09251637319678561,0.03427634058513697,0.026754170362512073,0.0858339971197125,0.0807327245735219,0.1278919152352024,0.06931343181566564,0.14276722526354185,0.0884765307896799,0.04668357808327227,0.0734502177352507,0.0793468105567117,0.09588419208123058,0.02301678460706458,0.022049768639124438,0.11184186249157808,0.04828032934017813,0.034242975503104435,0.12014255809726179,0.08097025211421198,0.13650833516626576,0.11731458863774027,0.03241325257055704,0.0678376699107767
142,349.5399700870401,362.49698657067535,0.09383473679817454,218.3452312660064,651.1786350704779,248.43343045432565,324.81778777999506,288.67556576387153,376.2476744768788,266.0640796995193,215.4975925507165,247.65088074092915,190.37356903400436,260.448023081358,343.11333021047665,158.12486329707508,307.88502423444027,338.9466982657501,2222.795311801968,211.4085760975719,256.34192421872956,211.91559393380922,277.29137621232445,166.47910452093222,258.92419645233076,472.38462449335935,153.2245783842417,184.38967008014595,428.5769926377506,263.31014053546323,376.19081706938715,332.6862594031744,234.47755084419052,0.08115437193014255,0.04548877878007448,0.07173465830035004,0.0960228531048358,0.06801036159290846,0.10686299435980125,0.15259165128603924,0.08212124798418918,0.06602427514128963,0.11263701586903602,0.13098561929345134,0.10761893497457771,0.1072892630870971,0.09930979948665908,0.15456054316396947,0.08500526526707844,0.10949094618376536,0.0671513041326129,0.025373447497192895,0.06720009329514443,0.1267377129127591,0.18551898849891127,0.06784800513072112,0.056110378726943876,0.08878369832731117,0.12837933614096889,0.08871608129503798,0.034897695091022043,0.07707085357964086,0.12434592951170391
143,345.07652763294,362.34157217865163,0.08287319389587987,215.2368094136813,642.8017900753285,248.43343045432565,322.36287156254326,287.72090632149605,366.7288245968751,259.2267005624029,199.88723657282458,247.65088074092915,187.68721995289556,260.448023081358,339.2989469098883,158.12486329707508,307.88502423444027,337.10082640440714,2222.5674689590155,211.4085760975719,253.02701076915216,211.91559393380922,277.29137621232445,166.47910452093222,258.92419645233076,472.38462449335935,153.2245783842417,184.38967008014595,360.5351475735826,259.98077713913204,376.19081706938715,331.9216032302179,231.46092989252844,0.08085346631933457,0.0715544457621055,0.029239939980210218,0.07858637669250901,0.028882750208796864,0.02491941765072221,0.1223333219215271,0.025794867945934916,0.10537319877932971,0.08369122463015036,0.1383351220628986,0.0667647673682096,0.082899925271966,0.07371548730308627,0.08715155703453613,0.13447617783430565,0.09822430415341964,0.02109493848804383,0.06893008597623172,0.11266392357061128,0.09194393920027757,0.09037550921022694,0.10770901484764739,0.12499083027404825,0.04348693155556414,0.11489726990902668,0.08107881818155846,0.15233927121650476,0.05403157897703011,0.08985735455058276
144,343.98455529035607,362.3461869971393,0.07761679217481604,213.45928301747838,642.8017900753285,248.43343045432565,315.7725031974897,287.72090632149605,366.7288245968751,256.0950299153373,199.88723657282458,245.41394909159072,185.0078474385263,260.448023081358,339.2989469098883,158.12486329707508,307.88502423444027,333.263928954216,2221.4681020376743,211.4085760975719,249.16168184152286,208.08704034538206,277.29137621232445,165.74570789602924,258.92419645233076,470.54587070931734,153.2245783842417,184.34405553646783,359.4397587083048,259.98077713913204,376.19081706938715,331.9216032302179,231.46092989252844,0.04701242548626837,0.016125811839222293,0.06350879376142851,0.08510258873232854,0.02761272606577602,0.01626919307854309,0.09397320335317949,0.07600441855463942,0.1151912394741142,0.11853477285972619,0.10565082270211057,0.18338755498805082,0.030312416369815836,0.11529854100156042,0.11959511176107938,0.11527535403941544,0.03853187217520096,0.10632897478442782,0.07787353302240704,0.12550185641174585,0.029933995548865205,0.07565883538298318,0.039711612932469845,0.08939782424056054,0.06013915121404555,0.10405315538657184,0.039135405169694784,0.11231183388725033,0.020127501289553453,0.08094323973144628
145,339.6308004888385,362.73350950215143,0.06728038585242713,205.94918876331653,642.8017900753285,248.2946569389405,315.3526476723031,287.72090632149605,366.7288245968751,252.91635584915002,199.88723657282458,242.96311824205603,185.0078474385263,250.20189325583488,339.2989469098883,158.12486329707508,307.6256030816623,331.8764844788749,2221.4681020376743,211.3384082169212,249.16168184152286,207.46499260560753,240.82400887088068,165.35471729169748,255.124242191825,436.01726228495625,151.514211740444,180.10516793727226,359.09469779683553,249.3003798464244,376.19081706938715,319.7540315470206,231.46092989252844,0.018867074576655343,0.11318831592097417,0.009028442246581959,0.03330112552658686,0.09874279089215349,0.07259451547626787,0.0833363983800547,0.0826276393756466,0.07346601900625742,0.19764929132539874,0.11575695141587902,0.07958553283816032,0.01864464657521758,0.08213045619199744,0.0615508747915158,0.0477106089981008,0.15690339647437906,0.1442881676295334,0.11082505770870783,0.06260423379978557,0.007137419337375337,0.027170485289128608,0.026349653665846826,0.03471177966456753,0.01928870799110321,0.06575858130290999,0.07050317573903593,0.053185872548806405,0.017611471528242637,0.03389288935594334
146,334.46837662116627,362.3591964371993,0.08139617686307671,205.94918876331653,642.8017900753284,246.6022515136536,308.07898528504757,287.72090632149605,358.979982673592,252.91635584915002,185.94268104141526,242.96311824205603,185.0078474385263,250.20189325583488,327.80377370983024,158.12486329707508,301.82574232290665,331.04556677694086,2218.65330511315,209.6107059520035,249.16168184152286,204.4286716763434,240.82400887088068,165.35471729169748,255.124242191825,413.2088929165804,151.514211740444,180.10516793727226,359.09469779683553,249.3003798464244,330.6027407295705,289.68379000324404,231.4191381610216,0.11819796833205165,0.1465042827622047,0.05325468932394024,0.013167966976078324,0.08491387450362524,0.07552554064256177,0.11109838006651629,0.027642903161703064,0.07164778684802259,0.1468639061337976,0.04853725168883131,0.03870462214285229,0.11968784887956162,0.02677520577591318,0.07242532491657315,0.07799762708607227,0.07930362660900617,0.13580350969852767,0.07651518105946413,0.17856927880454174,0.17062209431788927,0.07327870347387808,0.02428565712971771,0.0234242349388933,0.06925081736522402,0.1271965136407293,0.025015087747112277,0.1157995977519202,0.05064180654589822,0.05923401756919348
147,332.74937133104436,362.5145892918718,0.07492378706033026,205.94918876331653,637.4766015863142,246.6022515136536,298.74374833953493,286.6187939213591,358.979982673592,252.91635584915002,179.6399650463349,242.68212562918364,184.97712546635395,250.20189325583488,323.9893904092419,158.12486329707508,294.2838743212528,327.85795780360843,2218.65330511315,203.55552626052082,249.16168184152286,204.4286716763434,240.82400887088068,162.2112835779101,255.124242191825,411.2768834227907,151.514211740444,176.58646082303872,359.09469779683553,249.3003798464244,330.6027407295705,289.68379000324404,231.4191381610216,0.13979159276889624,0.14855197334628684,0.07609712213665919,0.024024762450706207,0.07273651633326707,0.16904697995259102,0.07126679828447824,0.0702769779615019,0.08220363068049429,0.07573123619206801,0.12240205820317247,0.08911766052944226,0.08602838237343516,0.00747861842662589,0.02598373905586269,0.07289313804813896,0.061000538620419986,0.06492915794818797,0.026467698895097716,0.04964409654350318,0.08234257579565744,0.029302526036405135,0.06554268326911368,0.01027105529407363,0.06779417531642165,0.1395783779054572,0.02242103916916444,0.12293254609105142,0.06303314661374039,0.10882280756798744
148,330.08764558226386,363.02819341433053,0.0637128209615649,205.94918876331653,637.4766015863142,240.92926475612504,265.696151079023,280.8092783557969,358.979982673592,252.19041606672846,179.6399650463349,242.68212562918364,184.97712546635395,247.65949071685895,323.9893904092419,158.12486329707508,292.46543573070585,327.85795780360843,2218.6088888701156,200.29637431103964,246.13677545236663,204.4286716763434,239.19998282782296,160.77546211115438,255.124242191825,411.2768834227907,151.514211740444,176.58646082303872,359.09469779683553,239.0234535070913,330.6027407295705,287.5799321577427,222.95335246947607,0.1160574919258253,0.14556649838778002,0.03461579528754569,0.008985078033664967,0.024216159371619313,0.07865183896757373,0.06886124257211756,0.024825701649225252,0.08743425177933384,0.0812829231477669,0.10594438924531405,0.039624731612902184,0.08307055898008059,0.030745938956922663,0.026717218672472343,0.025497595433583178,0.03783701833271959,0.09305895809139086,0.06923041710956306,0.11746069359642267,0.08069505438877661,0.01064911668782939,0.06925035746787524,0.06471666643808971,0.028508363868076127,0.1049951150748328,0.0241507839976812,0.12051615163234423,0.027081459861818875,0.08113705827579937
149,327.706054654703,363.18867201368863,0.07114295177363508,205.94918876331653,637.4766015863142,240.92926475612504,254.18142788260295,280.8092783557969,356.4508191159404,252.19041606672846,179.21605788190647,237.6299312803909,184.97712546635395,240.80769922751156,323.9893904092419,158.12486329707508,281.81438333121105,326.1850582504645,2217.553938191809,200.29637431103964,246.13677545236663,203.46506515801258,239.19998282782296,160.19359924552558,255.124242191825,411.2768834227907,151.514211740444,172.65830762406523,353.17519433978276,239.0234535070913,325.0392334548482,274.6477043015889,221.1451682010969,0.08919717470992797,0.11175086448713946,0.0691973995005678,0.012586471241233039,0.0085651651161271,0.022902458846054324,0.08467030386291367,0.1258933236220623,0.07211644249226117,0.0705002279984468,0.05404205030672955,0.06886649495679899,0.11749536487809077,0.09749306621570283,0.08988598181454671,0.022464411565487355,0.07025518727456308,0.04379019707972698,0.11722291942774386,0.08074807858774423,0.06497273313364424,0.01770828499624284,0.06434793411744015,0.07213650780125878,0.018399849554771534,0.19061567777562988,0.017097255933549504,0.08230982349746041,0.06854648084711547,0.10851042156807156
150,326.340108255515,363.3041315878821,0.0735278847723868,205.94918876331653,633.2825936065893,240.92926475612504,254.18142788260295,280.8092783557969,356.4508191159404,252.0352361663846,172.91334188682612,237.6299312803909,184.97712546635395,240.80769922751156,323.9893904092419,156.82718719168471,278.86428581751846,324.62464146692423,2217.553938191809,198.66063545149677,246.13677545236663,203.46506515801258,237.43509912446638,159.22168569420225,245.74026473897976,408.6968606593889,151.514211740444,172.301958680165,353.17519433978276,237.88435089692945,318.39471537302137,274.6477043015889,221.10337646959007,0.11717301265159585,0.09412848583006717,0.12409596037060579,0.05975265214964289,0.08384669869298261,0.10787533454490897,0.03781598159907218,0.09435034743286089,0.019820582575245493,0.07605335022736291,0.11417087501404302,0.07446748145030338,0.08660658509800932,0.029606716038694376,0.03659054771053808,0.1194948489798814,0.036947174600785525,0.02829613070400111,0.10422579933597181,0.12031296435328087,0.01961779551541647,0.06083429507988678,0.0765753542121009,0.07503535378919673,0.005275782963850091,0.15501199694972256,0.022970680408237142,0.08841589633529338,0.06451431517422893,0.07195354338381657
151,325.28197818571624,363.06169433782685,0.06096352060695588,205.6798483682663,633.2825936065893,240.92926475612504,254.18142788260295,279.8546189134214,355.14137517107343,252.0352361663846,172.91334188682612,237.6299312803909,184.97712546635395,240.63226662470956,323.9893904092419,152.83916810126718,278.86428581751846,324.62464146692423,2214.936860826302,196.71501354253826,242.9281079006231,203.46506515801258,237.43509912446638,159.22168569420225,245.74026473897976,408.6968606593889,151.514211740444,172.301958680165,353.17519433978276,227.2534755238189,311.7499509538879,274.6477043015889,221.10337646959007,0.08972462681696614,0.029301809097707892,0.07140348434008874,0.07536718670648956,0.038882627136052804,0.023671263723083473,0.02971525539984629,0.03284733567082124,0.06172152467289172,0.06402352825872847,0.06575808498884633,0.02207837392149855,0.03001171820859611,0.01491545917187301,0.0724856785630053,0.13093353667379037,0.06685681793867836,0.07322355793849268,0.08973313127269567,0.1259573928260987,0.07244172351506392,0.0714318985301233,0.025755332555108368,0.03048634201998037,0.06601760860990083,0.07195388576614273,0.011440057184810976,0.11471853052310503,0.08187642978332678,0.07417141639486291
152,323.0456397675817,363.22395291920003,0.0879375129700987,204.52362121392352,633.2825936065893,231.8778798986768,253.99774989759408,279.8546189134214,354.5380561346055,252.0352361663846,172.91334188682612,237.6299312803909,184.97712546635395,240.63226662470956,318.975333332258,152.83916810126718,278.86428581751846,324.62464146692423,2214.3891921587583,196.71501354253826,242.9281079006231,203.46506515801258,237.4248204837544,158.46406971988822,243.57783625973374,405.8008047605069,151.514211740444,172.301958680165,343.0819493767458,226.69295049850749,305.10543287206104,252.24226086182398,216.09966920644814,0.06529812831968818,0.0215497454832655,0.06290909939335838,0.03532255196844385,0.04938641583342286,0.06760444463245273,0.05758564345267606,0.022438703803128485,0.18273016192030472,0.06877246559592433,0.1643092058965579,0.12431302276414712,0.01761355979649355,0.11732652157768518,0.07933628118753924,0.08349088433535978,0.03468531219421201,0.09287279610916135,0.031847747322675556,0.10338792048695145,0.15324134246254714,0.11871907302593993,0.07424478104668258,0.07965697676306795,0.10239154434257138,0.13088864811800427,0.10588501581875379,0.13828546367182007,0.12641327006511616,0.12561866171500924
153,320.0078030383251,363.1899771918717,0.08443467751311412,204.52362121392352,629.0997565911649,231.2163105700876,248.8211450229095,278.83399197635845,353.73164695954284,249.85107330292962,172.91334188682612,237.6299312803909,183.69466935672372,237.6599746560859,318.975333332258,152.83916810126718,263.69900687323207,297.32009823382066,2213.8374939049604,196.71501354253826,242.0270814135174,202.9050755272613,237.4248204837544,157.58420488540602,243.57783625973374,392.69041331847535,151.20313797311775,172.301958680165,342.73688846527654,224.5996656006562,296.5835416741046,249.13822085681988,216.09966920644814,0.07299912016103528,0.05488929874733845,0.017383366899774835,0.14654903232295627,0.12077943377147958,0.11209234120768434,0.06245927225651514,0.12601863487117973,0.1635027639969255,0.026075565648146504,0.11427430315259886,0.1099308632068169,0.10534547726013449,0.09265252540748647,0.06896681216691632,0.06590401025030827,0.16864064130809317,0.0857116898955517,0.0436770283067669,0.07785242642211933,0.1696761712455631,0.06150121185849275,0.01893390770171638,0.04645517332750644,0.08347174079688102,0.08186010505644394,0.03158366622880897,0.0595769490371276,0.10650137983166971,0.03777541304938506
154,319.0063253781907,363.35861084880395,0.06993663279515965,204.52362121392352,629.0997565911649,231.2163105700876,248.8211450229095,277.0891212570719,353.73164695954284,249.85107330292962,172.91334188682612,237.6299312803909,183.69466935672372,237.6599746560859,310.678504298461,152.53832574142305,252.79639743494528,297.32009823382066,2213.8374939049604,196.71501354253826,238.81841386177388,202.9050755272613,235.17071098744196,157.58420488540602,243.57783625973374,392.69041331847535,147.8667367683537,172.301958680165,342.73688846527654,224.5996656006562,296.5835416741046,249.13822085681988,216.09966920644814,0.028336438370672554,0.009894179692168338,0.012587573090467591,0.04920390764351512,0.05007519054819583,0.11717812853299006,0.06703920594708018,0.05278916291643255,0.09616959388981552,0.11230111588079583,0.13475362978877606,0.07377573063062044,0.07771951190540229,0.08068787632580526,0.015290864756401172,0.024097745045253745,0.085729596289603,0.036469807616315894,0.07482008480080757,0.07098860996885181,0.10203583097102309,0.07582769327756622,0.10659406632882258,0.0661538568295771,0.06782496615032094,0.12296174257625818,0.07112153486278491,0.12207621004180495,0.08438183006488369,0.009213299111776933
155,317.79116081488314,362.6823176074821,0.08335878962826909,204.52362121392352,619.5805601224257,231.2163105700876,245.83398418446257,276.21840210310745,351.6253607795009,249.85107330292962,172.91334188682612,237.6299312803909,183.69466935672372,237.6599746560859,310.678504298461,152.53832574142305,252.79639743494528,297.32009823382066,2210.67274787191,196.71501354253826,238.81841386177388,202.26276924696353,234.89494805588123,155.1760029212446,243.57783625973374,388.17838106128386,147.8667367683537,168.03621862803988,342.6758213064032,224.5996656006562,296.5835416741046,248.55524296345857,211.04092951903326,0.07749989811949294,0.008152061871850906,0.1578379940312905,0.11560412624542846,0.11056616646535819,0.0335503901769628,0.09944728007386949,0.07991289233232028,0.09209153423963772,0.11008239561228896,0.057781757748409567,0.12360958493240903,0.03536650342366322,0.07048270582700944,0.0635383962793652,0.11023794627689884,0.1421451020409772,0.07058645363621913,0.059967065258504856,0.06542604155361927,0.12920195848138655,0.08709806696443137,0.06279886787976921,0.11566129461636684,0.07299931972751467,0.1300793289971426,0.1145634079669788,0.053707124927420954,0.039528390512622524,0.011239632628863645
156,314.4448706164212,363.2982977015999,0.07941748489652364,204.52362121392352,619.5805601224257,229.3851316294156,242.74496080159162,275.5293513708486,350.7150509502532,246.62671278257832,170.55111738236442,237.6299312803909,183.69466935672372,237.6599746560859,306.89355538785475,152.53832574142305,252.79639743494528,254.08114177270278,2210.67274787191,193.81260738518063,238.81841386177388,202.26276924696353,224.6061937138498,155.1760029212446,242.35067123395206,388.17838106128386,147.86673676835366,168.03621862803988,342.6758213064032,200.86337845856067,296.5835416741046,245.45120295845447,211.04092951903326,0.06853020890686934,0.11817138448658036,0.05474291282074499,0.07476173179172384,0.03397722402720939,0.04893947015189528,0.0759913245879095,0.056895241694207024,0.030976483130860478,0.13061954158132594,0.0288753341191961,0.053108494631957395,0.06742422468652326,0.06933266498780197,0.10676791415460594,0.1069253044965874,0.16275403743206804,0.12832408209719293,0.02883949319030026,0.05633915580386644,0.08979062838066434,0.0716505602766117,0.07850318460493048,0.08722694497153977,0.07511015076256128,0.08869132803155531,0.09034495207467873,0.07173161386652976,0.021222819216817037,0.205956135930395
157,310.77583985499973,361.95944301964875,0.07121959572663977,199.25944413970643,613.2820943119449,229.3851316294156,241.97094431998727,274.1732144617515,344.706760463977,246.62671278257832,169.8161388985113,235.21169728559425,177.54112112616204,236.46132834151712,304.3463341715335,151.7212705427509,252.76660829922173,251.65604743411288,2202.1493112304697,192.50632501691192,232.79007298008023,202.26276924696353,222.9674773829123,154.52497054543196,242.35067123395206,388.17838106128386,146.46567350815278,167.67986968413962,294.93358806283953,200.86337845856067,296.5835416741046,245.45120295845447,204.64311439697175,0.0683524321178717,0.06714395015181274,0.08695627442989294,0.023664754469823322,0.10456731993563936,0.025482817914331626,0.021961119480942926,0.017653777166261948,0.011553124746844882,0.06892294387653325,0.06058294530825436,0.06467215887818828,0.11937111281560571,0.07847760245331722,0.1555391094437824,0.07047497779488801,0.12420803316869597,0.062025784033706795,0.09668829843391032,0.03132180235821285,0.0710765815842946,0.07793055976897739,0.1154817505714238,0.04175622983526746,0.07184142925202208,0.11061817625872736,0.03297840146304312,0.036831365989365414,0.09993700149875624,0.11851603659879933
158,308.7833847824037,361.6954054264767,0.0753205286825802,199.25944413970643,613.1962173679443,229.3851316294156,241.97094431998727,270.98229065305014,344.706760463977,232.3303255897819,169.8161388985113,235.21169728559425,177.54112112616204,236.46132834151712,299.0507625100159,151.7212705427509,252.76660829922173,251.65604743411288,2198.4328669436213,192.50632501691192,232.50006591965902,202.26276924696353,219.88164972182773,152.11676858127058,242.35067123395206,388.17838106128386,143.9755328019027,167.2475924776668,294.93358806283953,200.86337845856067,296.5835416741046,221.07490089080966,204.53742277898667,0.025275511064360958,0.025662185629238346,0.040831777302999556,0.06831062689769254,0.0829585219298794,0.07180328830189811,0.07563794902424292,0.0992475764447247,0.17726881890155471,0.03957471426416587,0.06935985705265926,0.0629285261980731,0.07737160148756529,0.022631938964602034,0.13935821900760778,0.07315345369155107,0.08090894349884387,0.07287174261871711,0.02741428707904483,0.11645508504631268,0.023583020284792495,0.08312531858754729,0.1268855993216781,0.0727179320193431,0.030037251742959934,0.07877874822882203,0.12431124503478128,0.09883914286176472,0.07764019275477599,0.09467278523520714
159,306.18512557796015,360.87634704952825,0.07783987244049641,199.25944413970643,606.310840848235,229.3851316294156,238.5148316293307,270.98229065305014,336.8237360587712,232.3303255897819,169.8161388985113,230.03031341547455,177.54112112616204,233.48903637289345,297.09889264893684,151.7212705427509,252.76660829922173,251.65604743411285,2195.268120910571,192.50632501691192,229.5814054283367,202.26276924696353,219.88164972182773,152.11676858127058,242.35067123395206,359.4859443262356,143.9755328019027,167.2475924776668,294.93358806283953,200.86337845856067,281.741668115613,221.07490089080966,204.53742277898667,0.021194829885092307,0.06422656423223853,0.0703711561686588,0.0642656083576109,0.12440961586188785,0.02560957475825655,0.12475659257293124,0.1196755442294791,0.09643599505436276,0.06347130588223038,0.1022842080412336,0.05851353308522661,0.07795071797969236,0.07275595505521366,0.07948053559284574,0.07925598948600622,0.03500864159454455,0.03132507721671594,0.09693689912865824,0.03150346113413862,0.0668930854646266,0.20343222498781527,0.09317076005470842,0.06768702690190734,0.01862200956792808,0.07033391974344193,0.0637657493695396,0.06905405793010684,0.11473361659319348,0.12807191728459988
160,303.4588829368298,360.84401718597485,0.07855544023852416,198.89377880436658,592.6088073640714,229.3851316294156,235.75109892089364,270.98229065305014,330.7451791812271,232.3303255897819,169.8161388985113,230.03031341547455,177.54112112616204,233.08383976047705,297.09889264893684,143.74672980439016,252.76641234865468,222.07527637351507,2194.4171361035224,192.50632501691192,229.5814054283367,201.70277961621224,202.5226566053679,152.11676858127058,242.3456413986737,359.4859443262356,143.9755328019027,165.4131361433725,294.7786578448889,200.86337845856067,281.741668115613,221.07490089080966,204.38522025428816,0.06352154451052047,0.02196042394163833,0.07141437729166027,0.02707967098065927,0.12134998129839221,0.014398203946146597,0.07329128102235857,0.10905171292675034,0.08426476074879675,0.070442026675317,0.12583568207011678,0.033761644310773255,0.07721513108345432,0.12088471889033504,0.07457040771803752,0.025302235215866498,0.12712726411579564,0.021596485449536747,0.13576868171818693,0.10505980072986434,0.061265716452131774,0.13754564536757244,0.12505036980880052,0.02394984074425848,0.05719468261757599,0.07308691469967041,0.16446660015005143,0.07418756813567276,0.0953810629033433,0.04063877163244062
161,301.23288024589436,357.5070167720884,0.06380508290935878,197.37694869753372,591.6763139336938,229.1746057339192,226.34725155679396,270.5369976514376,330.7451791812271,227.09087190244287,169.8161388985113,230.03031341547455,177.54112112616204,233.08383976047705,294.5321014713798,143.74672980439013,243.03841575763025,222.07527637351507,2173.8040096084983,192.50632501691192,221.81313877830857,201.53769171179778,202.5226566053679,148.37949261638897,242.3456413986737,359.4859443262356,143.97553280190266,165.4131361433725,291.39651577623874,200.86337845856067,281.741668115613,221.07490089080966,203.3142698635607,0.10993728084773421,0.02113588650307109,0.024537755396538956,0.014930326926717913,0.05753783235946816,0.023181033978022604,0.07293701401201977,0.08792035278712985,0.0670243167541202,0.06719388564626418,0.13807211767407818,0.11920335427795838,0.02192801295357178,0.07175138998041447,0.036662086907141886,0.06446866132602952,0.07816118903508276,0.019720787662940362,0.08980185985368466,0.08101929596248114,0.025902135619297637,0.1278523679944527,0.03892961072913934,0.01423415075684422,0.07286871936815134,0.03067037229673792,0.18563939406762725,0.027968010001685098,0.04162097052954916,0.0813423150728085
162,299.0943465818854,357.8357478774688,0.086174303684402,197.37694869753372,589.7818074592532,221.9079456013609,226.34725155679396,267.94110399652385,317.562985237972,227.09087190244287,160.72729123454081,230.03031341547455,177.54112112616204,233.08383976047705,294.4317038788423,142.86577708015417,243.03841575763025,222.07527637351507,2173.8040096084983,189.6039188595543,221.66126188534534,200.45826920507352,202.5226566053679,146.3845846040989,242.3456413986737,355.68229028617196,142.98235633965402,165.4131361433725,291.3888253988014,199.74127004203777,281.741668115613,214.5731175968735,192.72473828874942,0.16899269585047932,0.07328221221202925,0.017572597224862842,0.11977850805186377,0.06517565334691419,0.15515771661996097,0.07576285159515903,0.07476140338723399,0.11562654609445105,0.07494391487840021,0.08589331766716915,0.14948003226115675,0.16246325785193166,0.07202677161083731,0.029735148293993603,0.07038173550682708,0.1723154131999967,0.10729764288565945,0.0925964146710977,0.030316281396523023,0.06334127846684073,0.0948186902325949,0.060606950165859194,0.058221935768293924,0.05817764153226889,0.021991884524728472,0.10710588064550888,0.06690692937828563,0.07033223173475561,0.07016557347637707
163,295.90779426288685,352.0183286428548,0.07592658096411878,190.80444354347316,585.2909445834655,206.17947163490257,226.34725155679396,261.9016355206573,317.562985237972,227.09087190244287,160.72729123454081,230.03031341547455,176.8585652529144,232.93356228633172,289.0952469614044,142.86577708015417,243.00843067133965,221.81857947195942,2138.347114822879,187.59030178440108,221.66126188534534,200.45826920507352,202.3156947308865,142.8810159048245,241.86238929815067,354.9739120690441,130.2285065797322,165.14079332875264,291.3888253988014,199.58872453163852,281.741668115613,213.8152415888885,192.72473828874942,0.10341859306821058,0.025521062308876918,0.011070838027500472,0.10417466470463135,0.014402569255854194,0.10516922320285792,0.02533182505215932,0.027822472313630556,0.15411159674968422,0.15633823526135857,0.038158631122226255,0.10697014483202813,0.1535223897855984,0.06811491606192621,0.0655156791561283,0.02971372167329852,0.07897544510898177,0.12375586630489958,0.03555662846503492,0.020661841481885927,0.07066150117130604,0.0785909797367953,0.10143224930280774,0.11150051789759383,0.020860917966882005,0.15947329248117575,0.1261111774327095,0.05516942426121805,0.03054184105690124,0.07514918367940163
164,293.07071647107944,351.76312186480794,0.06804125240569765,190.80444354347316,574.0868886971747,206.17947163490257,226.34725155679396,258.93222180517665,317.562985237972,227.09087190244284,160.72729123454081,230.0303134154745,169.86484973879985,221.71832689055714,289.0952469614044,142.86577708015417,242.87871805633233,213.3211219237662,2135.8512641796724,187.59030178440108,221.66126188534534,198.80594384255403,197.0116834249228,142.8810159048245,241.86238929815067,348.6910939137858,130.2285065797322,165.14079332875264,289.29852738920675,192.41018198072956,281.741668115613,194.7163445369771,192.72473828874942,0.09003740610078986,0.005275502815659129,0.024660709747995037,0.03371261500982896,0.01250448639380563,0.07915853213719976,0.03016668483152246,0.01574136761410959,0.0963723439054804,0.10971967586661122,0.01776655719439783,0.12674330479317109,0.06168465096384932,0.0780146616281476,0.06411254195250768,0.06826432476912707,0.08644328891895439,0.09461271053516032,0.03232747588743938,0.06782109197331923,0.23111108104799183,0.07944560975169547,0.036884613283504765,0.09400052362320356,0.013594242195137133,0.09042158837869446,0.11403064282263742,0.035100936151691825,0.06802616109266964,0.08348224078462713
165,292.1319121507046,351.85945564117895,0.06633167493060121,190.80444354347316,571.7538790473927,204.11782718116936,225.72974444600084,258.93222180517665,317.562985237972,227.09087190244284,160.72729123454081,230.0303134154745,169.86484973879985,221.71832689055714,288.87895141144224,136.9333924503973,242.87871805633233,213.3211219237662,2135.8512641796724,187.59030178440108,215.81945718721332,198.80594384255403,197.0116834249228,142.8810159048245,241.86238929815067,344.09648995882884,130.2285065797322,162.87405978798552,289.29852738920675,192.28216274736005,277.5695413256191,194.7163445369771,192.72473828874942,0.037957285652425204,0.06976665768616198,0.1013406637273469,0.0088012268171855,0.10731094653199508,0.07656221818190044,0.062436004622664465,0.06984517410030067,0.16622200668971412,0.08494228814452189,0.012489095218706158,0.06849551156494563,0.037892743427653974,0.07352575649140729,0.14686954727997423,0.14088414454153156,0.03154178287508893,0.04864707437838123,0.06582580762309714,0.024929133353549418,0.09933426689001533,0.04442117659587157,0.019118816354134722,0.046890734650583916,0.02155312695265325,0.11648643145145239,0.08550053977987387,0.015399708282100234,0.030729058167189904,0.07423131988560946
166,289.6866755110406,346.8602252135421,0.07925234917976877,190.80444354347316,570.3215685550525,204.11782718116936,224.43935940669152,256.16672414882714,311.55469475169576,227.09087190244284,160.72729123454081,230.0303134154745,169.86484973879985,221.71832689055714,288.87895141144224,136.9333924503973,242.84892892060878,202.27027558791139,2105.929034895016,173.46075459813034,215.81945718721332,197.9175286436937,197.0116834249228,142.8810159048245,241.86238929815067,344.09648995882884,130.2285065797322,162.87405978798552,286.87840518293643,191.09669486209773,275.441447537658,194.7163445369771,192.61863379396678,0.10004528069146248,0.12637157503933216,0.04044811925289166,0.08243278874867137,0.1615528640865129,0.05880574400149855,0.02466375289865574,0.029150936332802503,0.12246429821573898,0.03884422900742535,0.04907959282606997,0.1664251748658156,0.12004921928717274,0.12172746209545168,0.08746051854412357,0.037035168896652454,0.06884154895924441,0.07617279665660495,0.07581608510704617,0.016747062966870587,0.07713370376103719,0.15139384793609525,0.06554030786619942,0.07310169920036563,0.05823680321835067,0.08555982987547837,0.03409704726093288,0.06798378341319636,0.12843664620921405,0.03195258817214969
167,288.4533977737716,347.14938939447717,0.0875129097963881,187.6671585599937,569.5374282936722,204.11782718116936,222.14720817264194,255.86820438906065,308.54333562071537,222.4947054828161,157.8530333012986,226.88400957168994,169.86484973879985,216.88252916131958,288.87895141144224,128.9575690960433,242.84892892060878,198.55798024305216,2105.929034895016,173.46075459813034,215.81945718721332,197.9175286436937,197.0116834249228,142.5467837815139,241.86238929815067,344.09648995882884,130.2285065797322,162.87405978798552,286.87840518293643,191.09669486209773,275.441447537658,194.7163445369771,192.61863379396678,0.041888318303014836,0.05362384464642176,0.11574287470907699,0.0900260910054716,0.10195320003094129,0.10954902004692763,0.10769583603378466,0.0659024827715594,0.032879888534171585,0.06840255981520547,0.017920535494206614,0.10078255485175014,0.10501093717156867,0.0350238865038242,0.07675166596413278,0.1429987391421611,0.02803501815469785,0.12103813150947532,0.16571557414107085,0.06760642306014518,0.10011158798633375,0.14658066748532142,0.166363106547304,0.07974104144237226,0.11008332958619867,0.044943660398965975,0.06499678159247846,0.07985416526789466,0.12531479371786142,0.05885057797730479
168,286.1845898823145,346.4958407230506,0.07740529002307824,187.6671585599937,553.869273251671,204.11782718116936,222.14720817264194,251.24538834969158,308.54333562071537,221.91003121361123,157.8530333012986,226.88400957168994,162.31399374807322,215.79068769338528,288.87895141144224,128.9575690960433,233.6220093473151,195.6737401387831,2102.4738993148553,173.46075459813034,208.91288663453247,196.3480643716335,194.4144820816394,142.5467837815139,238.04364991052137,344.09648995882884,130.2285065797322,162.87405978798552,286.87840518293643,191.09669486209773,275.441447537658,194.7163445369771,184.5310106728663,0.0240512180363003,0.058952972797464934,0.08048608110254157,0.1274187725411898,0.043961727101397924,0.08794265255261802,0.023056111380737647,0.024478414622895052,0.03469494038030539,0.07944279866595445,0.10523180603491185,0.044224007618359165,0.05095814429769329,0.061675840079670086,0.03764559206925603,0.16132173119317486,0.07108436344047032,0.09150107865572803,0.1282986794799895,0.1258086612210526,0.1183031865428509,0.05071466126851971,0.0975653712850271,0.07613073797824058,0.09681674972757526,0.15533501815879092,0.06890435406941275,0.06606693439408338,0.05483903107464597,0.07524706292149
169,284.67239369296044,346.81012604391486,0.07361022173242347,187.6671585599937,553.869273251671,201.9203218418729,220.23931602253955,250.6241117653749,308.54333562071537,221.91003121361123,157.8530333012986,226.88400957168994,162.31399374807322,215.79068769338528,288.87895141144224,128.9575690960433,224.7596234980716,189.79876414001592,2102.4738993148553,172.06000319607506,208.91288663453247,192.29902787969624,194.4144820816394,141.67640095053244,238.04364991052137,344.09648995882884,129.37306338915124,162.87405978798552,286.87840518293643,187.75396752769515,267.2385236394105,188.14220852727692,183.92456207188022,0.08607949346719133,0.017394010475373076,0.036293085133179,0.11079080828073679,0.03618919522334098,0.04358648304254478,0.06091092585917261,0.11045463380804016,0.10088078031302031,0.11171951392896719,0.12251771595018966,0.021285961796547716,0.07633732235892399,0.07028447995925222,0.027506850509234494,0.18718452392849028,0.12349321506125244,0.08408707348711711,0.08785918534286327,0.08921808637565791,0.08048458851868041,0.02392858123714428,0.08682512660661307,0.07386290697509862,0.04139064206543564,0.103026862947217,0.025427289113217115,0.05352821742049284,0.03648605214554913,0.07927304064216094
170,283.39353803593224,346.8312972721902,0.07852387152273325,187.25756271393084,553.1258789098505,201.9203218418729,220.15838893895372,241.3333985394741,308.54333562071537,221.91003121361123,157.8530333012986,226.88400957168994,162.31399374807322,215.30235869347206,286.96191523341633,128.74672203594088,224.7596234980716,185.72226470304986,2101.6370358032923,166.65901147397975,206.2772406255506,192.29902787969624,194.4144820816394,141.40530790216786,238.04364991052137,339.60182216881856,129.37306338915124,159.49483453368578,286.87840518293643,187.75396752769515,263.10868343625503,188.14220852727692,183.92456207188022,0.12761886471427572,0.06497571934994856,0.02601484195264885,0.17418911599143194,0.03377468181169078,0.028605138328500843,0.06912972483713448,0.12624079898689083,0.1272900938970572,0.13492849217439828,0.07144474068782737,0.05758015991225124,0.029633683299060777,0.09686054110292053,0.06263605892276981,0.1176147184581875,0.09126910055615868,0.11897761421645639,0.07114471094297313,0.08543221208821189,0.10155788807218499,0.022291663222864015,0.03804597479407392,0.07253957631897247,0.07074308219713941,0.08795747007263013,0.05822265945944455,0.027819860723545323,0.02272118807882645,0.13845577051152183
171,281.329530608188,345.60881796783406,0.08211421528975414,187.25756271393084,553.1258789098505,201.9203218418729,216.74942461242088,241.3333985394741,307.64667278983455,221.91003121361123,155.56920682017406,226.88400957168994,162.31399374807322,215.30235869347206,286.96191523341633,126.53843468490038,224.72963841178102,185.72226470304986,2093.9037569943926,166.65901147397975,198.67978976890154,192.06466518489972,192.64193938418668,137.66122678230153,238.04364991052137,310.86987158113664,128.56229146229524,157.1085846949943,286.87840518293643,187.75396752769515,263.10868343625503,188.06040030171073,183.92456207188022,0.15778855679075976,0.07371777914477896,0.03421440539129321,0.07278243601770892,0.06623921465128209,0.07431096835827404,0.07092616705315176,0.05087944415099879,0.055462629323622246,0.09147086356834733,0.12279576710854348,0.09567466225067281,0.06310496453266606,0.05482741175435689,0.02551538412363754,0.13429738023453403,0.08251165128784352,0.10380255505777683,0.12270916015231588,0.10850904138709483,0.026660311039002856,0.06438929406235666,0.06108166681493402,0.035098052866680496,0.08329202288868534,0.08361489791491435,0.1562728310828993,0.11502271841108051,0.05843114989464083,0.11802307137777121
172,280.5510564226655,345.7084336142562,0.0729985540921716,187.25756271393084,551.5340228584748,201.9203218418729,216.74942461242088,236.8952641742561,305.894512377622,219.1700344105636,155.56920682017406,226.88400957168994,162.31399374807322,215.30235869347206,283.9723395889273,126.53843468490038,224.72963841178102,185.72226470304986,2093.9037569943926,165.75189146016257,198.67978976890154,189.73144494888098,192.64193938418668,133.02021199635578,238.04364991052137,310.86987158113664,128.56229146229524,157.1085846949943,286.8654966236836,187.75396752769512,263.10868343625503,186.11216160741554,183.92456207188022,0.07641348300608432,0.08354475511554284,0.109719205363289,0.08161487012646473,0.025026612641536154,0.07903889231887457,0.07368764676692466,0.028858837941127626,0.08086032027718684,0.04357530078049046,0.03291461263570092,0.09139482082595997,0.12480369311045506,0.05644727768481008,0.061344572077062696,0.11090343097787511,0.17752963062167337,0.12841003267616763,0.05985661323174313,0.046829185945839,0.017083591700622396,0.10963396534023735,0.017717780904148682,0.017335550285381706,0.041011720875849866,0.1174906930048534,0.0860876857607302,0.05058943779410657,0.06366047737874363,0.09657192559566583
173,250.188580961842,197.54392583656252,0.06989868996427512,187.25756271393084,548.0955304213746,201.9203218418729,216.74942461242088,236.04794985676153,305.894512377622,219.1700344105636,155.56920682017406,226.88400957168994,154.1343194048521,215.30235869347206,283.9723395889273,122.14423174205041,224.72963841178102,174.06932436313076,1226.4898046061903,165.6587349309903,198.67978976890154,189.73144494888098,185.2792160428404,132.59525953252145,237.3118930242226,310.86987158113664,126.59561367174378,157.1085846949943,286.8654966236836,187.75396752769512,259.4772371712815,185.42900052223433,183.87074937731728,0.03926936732019492,0.11807993453976107,0.08518068841442938,0.12631297219188314,0.019141908120104103,0.030450020813762937,0.019201549820165694,0.11088679936102516,0.12352989736314801,0.07237246836717712,0.062277766448205686,0.1615725540824007,0.07740911861177763,0.0704516220582878,0.10762907033406582,0.05632862681908317,0.06955495285213348,0.07618807461811375,0.07587678992563739,0.07219409722395981,0.06218016814471503,0.0782521553614601,0.07860172333983913,0.06434762815335719,0.015981899213750744,0.08157347240710766,0.04323579264226545,0.026621414291625477,0.033255253045461924,0.039002913043353515
174,248.12073812691096,197.73217356880454,0.07143034711757194,187.25756271393084,548.0955304213746,200.9337777463641,216.74942461242088,226.75723663086075,305.79644601591707,218.96015701732765,155.56920682017406,224.66224365558895,146.58346341412548,214.76599131209946,283.9723395889273,120.63290729329566,220.4952294756818,174.06932436313076,1226.4898046061903,165.6485105650398,189.73197293843864,189.22135602468367,184.1812916493049,131.54450399369915,236.35305282420248,290.21938449502005,126.59561367174378,157.1085846949943,286.60275671969663,187.6014220172959,259.4772371712815,185.009910574738,182.53590077977955,0.103110825996376,0.05314878228446208,0.04161957922120741,0.07109498696248367,0.11863781482404656,0.00928473670390511,0.010755482273572987,0.04573367418831018,0.06611909813952023,0.03254365711021413,0.1092446511568857,0.08176796145054332,0.0247333525909506,0.06224063624251979,0.03374343526634698,0.0808064813120247,0.12213172807610291,0.11915058799246714,0.10723918852121954,0.06986939389913968,0.12473530016762199,0.06922186883840356,0.04186548641908161,0.02425262685721596,0.06333609714902237,0.034366114371490154,0.12092638006853534,0.21668667031354127,0.018294023293238003,0.06624979183670958
175,247.20666359805563,197.7132561880343,0.06397050609979903,186.50803160130806,544.0556112754085,198.21576400536802,214.84153246231844,224.54053353223935,304.74144544058373,218.96015701732765,155.56920682017406,224.66224365558895,146.58346341412548,214.76599131209946,283.83504742704156,120.63290729329566,217.19619159159788,168.74805746449584,1226.4898046061903,164.94005599568484,189.73197293843864,189.22135602468367,182.3854338572304,131.54450399369915,236.35305282420248,290.21938449502005,126.59561367174378,157.1085846949943,286.3634414570675,187.60142201729587,259.47723717128144,182.1649287822732,182.14693109888952,0.07360854355755056,0.057635992910212146,0.07480763619417792,0.12048377386130066,0.07418110763038334,0.02660185765749038,0.12357637582891502,0.03313126404234508,0.06568717265163553,0.05221850396857431,0.1193617554261796,0.03724032963172549,0.012416869462461236,0.06874746709562202,0.01883128691387108,0.07280065668676572,0.03845304007404529,0.06263186941669988,0.1092066608651993,0.07184207189429886,0.04877369532063812,0.01815250592845023,0.025980828370572112,0.051223333562742196,0.06866064802548813,0.035357018193234536,0.09901147003560416,0.15663953907604009,0.07780505403148863,0.024046854680259293
176,244.50728799950997,197.8710972007441,0.06686512230224205,186.50803160130806,544.0556112754085,195.39804096918718,214.84153246231844,220.18236979431055,299.4512479984188,218.96015701732765,155.56920682017406,222.78164080221217,146.58346341412548,214.76599131209946,281.8840757869543,120.63290729329566,189.43578806181367,168.26127768065115,1226.4898046061903,163.46761012556254,189.73197293843864,189.15675626250876,182.3854338572304,129.9697622312026,232.7501826140887,290.21938449502005,125.87001447852592,157.1085846949943,259.0184270855971,187.60142201729587,259.47723717128144,182.1649287822732,180.4957763354845,0.03793003408090233,0.11920329811718353,0.0669482546746028,0.08032424125617939,0.022101569707353587,0.015221235140620952,0.05547612680061928,0.06803159309908653,0.05825467023628602,0.017730161913661207,0.09160093619041218,0.017102941512825372,0.10809743660379081,0.020595947985723076,0.14635187143170506,0.03466047518790731,0.06818881083175159,0.02636389536626266,0.09345694809656377,0.1592717566396934,0.05868939313812526,0.06568437495493547,0.06020780464399954,0.06863524222419073,0.03428628757722135,0.0739401027141202,0.07766073352804483,0.11327744352238411,0.12930780957867288,0.01735227231243676
177,243.56917741385075,197.9366477890745,0.0716648355425146,186.28068912080357,544.0556112754085,195.39804096918718,214.84153246231844,218.92179258960425,296.43988886743847,218.96015701732765,155.56920682017406,222.78164080221217,146.58346341412548,214.76599131209946,281.3413233444915,120.63290729329566,181.90214529106348,168.26127768065115,1226.4898046061903,163.46761012556254,189.73197293843864,189.15675626250876,180.6128911597777,129.9697622312026,232.08258473773245,285.62478054006306,125.87001447852592,157.03677206220698,258.74277862235726,187.60142201729587,254.90575953800754,179.4517207772306,179.59502405821934,0.026460017977403456,0.07908661179878283,0.07047668275133402,0.07698904618217044,0.062494908653693115,0.01408315800244982,0.02526509526621169,0.11898789972430851,0.08377967440016633,0.13846088621853203,0.08044419619252371,0.07403518366915826,0.06014306169909051,0.05969976848258078,0.10032442701518089,0.03407769233921821,0.03139294607658584,0.06717443870816855,0.08309690307768111,0.0960851627966369,0.026219726453973705,0.06977442315882972,0.07604935503371249,0.032988527413370244,0.055719033412308536,0.1773425801239169,0.023903662532076802,0.21008235639754086,0.07272738176759315,0.022580258950238057
178,242.3658655562461,196.6613025830372,0.08200094779291114,186.28068912080357,543.5942760659979,195.39804096918718,212.67580481097116,217.89445227319146,294.58966209352104,218.96015701732765,155.56920682017406,219.29984747453375,145.37666354139603,212.36210535428575,280.8454717825526,119.77606259900516,181.90214529106348,168.26127768065115,1217.641888520945,163.3744535963903,188.7337280800206,188.56730352061984,179.21451062904958,129.9697622312026,231.0595855277698,285.62478054006306,123.80326325548313,157.03677206220698,258.74277862235726,187.60142201729587,254.90575953800754,172.91308510270818,179.00101054860113,0.06262821595601244,0.07557044947515712,0.06482135339259487,0.07264615455537837,0.10406671554288237,0.1688275339942609,0.07138493744771342,0.02489152905164223,0.08382278866581935,0.07783950691718651,0.062274088369879126,0.13016970650731946,0.07560634805284096,0.06628414477384637,0.0874124562327743,0.02680717524739295,0.06150053977092466,0.11669148925490698,0.0807477648902195,0.10419877473812496,0.00972371598106129,0.11915074483304552,0.0769882533359,0.117219500178706,0.07313050361224946,0.10696080646592032,0.015152265874238532,0.18625597544538458,0.025025109788204845,0.11222988543574658
179,229.15795716417693,139.71854804280673,0.07564227291116725,185.61429237682543,539.9329065477883,193.42843103341073,212.67580481097116,217.89445227319146,287.1855654970785,216.22016021428,155.56920682017406,219.29984747453375,145.37666354139603,208.4958567604486,278.90434820273003,119.77606259900516,181.90214529106348,168.26127768065112,860.0587852879137,162.07731617005396,188.7337280800206,188.26834106364836,175.80172196211265,122.84235918670466,231.0595855277698,284.5025826726251,123.5010430395001,157.03677206220698,258.74277862235726,184.75682493753135,254.90575953800754,172.91308510270818,179.00101054860113,0.06783683038937066,0.023585280719383164,0.02880285662912639,0.07247001782571288,0.10415041926020854,0.09048539624651711,0.08322885050519906,0.0154858096357422,0.10801493258517798,0.037156452242422595,0.019034922290384823,0.08430730005341339,0.12189584239884926,0.07556795427682664,0.1537408184940488,0.023134057707622103,0.07315308191258842,0.07446633945176764,0.035380507880046826,0.15391621700484262,0.07010272510576479,0.09506985869070374,0.07418057248278916,0.02626275377138185,0.025534820537092107,0.12419087089448633,0.05662143172614231,0.16067281070901224,0.10395471922532973,0.08686373668306398
180,228.11338211531796,139.96088267255774,0.07004041795026374,185.61429237682543,539.9329065477883,190.15963090780647,207.37303638448512,209.86823764309122,287.1855654970785,213.17358992621413,155.56920682017406,219.29984747453375,145.37666354139603,207.4040152925143,278.90434820273003,119.77606259900516,181.1880506315131,165.97275953211033,860.0587852879137,162.06709180410346,188.7337280800206,188.26834106364836,175.80172196211265,122.46399834131256,230.65554080586068,284.5025826726251,120.71868886457627,157.03677206220698,257.63417966967484,182.86914771181713,254.90575953800754,172.91308510270818,177.97382711568562,0.06359906328363181,0.0092272644097094,0.0680006035473582,0.07164557637622218,0.07577557519535058,0.028564860757718157,0.07882099601295414,0.054673882049809476,0.08408173593989926,0.026848088880789697,0.016901615160747768,0.058673464550591956,0.066784658220402,0.0597269249406106,0.07616645447822902,0.015785114167284963,0.06011113435238233,0.07311303902574771,0.12764702428825708,0.07926456720181119,0.12021719787380818,0.04095221830274553,0.1124013507544902,0.10637258587031324,0.07090128189861164,0.06822318242701789,0.15004814175367331,0.16370974104471792,0.032895568244668216,0.0400796274983586
181,226.64797340725042,140.2912477332122,0.06935552314436856,185.61429237682543,539.9329065477883,189.83863796021953,207.11520088324025,201.1854792843402,286.28890266619766,200.5433548459813,155.56920682017406,219.29984747453375,145.37666354139603,207.4040152925143,278.90434820273003,119.77606259900516,175.15250358157104,165.97275953211033,860.0587852879137,162.06709180410346,182.1609303044081,187.86881256298082,175.80172196211265,119.79190942155147,230.65554080586068,284.5025826726251,120.5596359924826,157.03677206220698,257.63417966967484,182.86914771181713,252.33157537435008,170.1525078611134,177.9738271156856,0.027356606909704526,0.007556794626520292,0.07368663105653162,0.15529115885984596,0.023488020834783574,0.06220247494622373,0.06389029395222012,0.06715820528344837,0.03385588495918336,0.18942091573108769,0.06513190448794334,0.08362482505445815,0.01757477240705881,0.054852295065651986,0.04276315303467311,0.0097572057920055,0.05657530590836359,0.09969449581314009,0.09342486564280558,0.06587852591808571,0.061225985783963384,0.02882969190685326,0.12371610254491429,0.06487024424706551,0.11069386614741052,0.02766746844667045,0.09019569820581765,0.11603037643796002,0.10969551874533943,0.054556405581327176
182,225.47656387789638,140.18522890294335,0.0695344649186581,185.61429237682543,539.9329065477883,189.83863796021953,207.11520088324025,201.1854792843402,286.28890266619766,200.5433548459813,155.56920682017406,206.63052241418268,145.37666354139603,202.95949522211473,277.5930053157436,119.77606259900516,172.49327692280386,165.97275953211033,857.7921081824551,156.70219711661576,178.29417953049165,187.86881256298082,175.80172196211265,119.79190942155147,230.39198765141356,284.5025826726251,120.5596359924826,156.08296420597233,257.63417966967484,181.6101662423122,252.33157537435005,170.1525078611134,177.89062095861726,0.016626166186144965,0.019901759610955375,0.07181975948716252,0.10279069400435498,0.06318093309709114,0.12415824626997175,0.06962525470355446,0.06507527750248686,0.05510380095265212,0.13828300152935108,0.1085796035531478,0.07325547313626628,0.06649664113884499,0.017209862744289206,0.025006316666758666,0.014177574531993972,0.01961063066596761,0.07816802917840457,0.07955638700525784,0.0804934817318565,0.10549451794680989,0.060626512012819274,0.06048621332735219,0.07270658386751422,0.07830758738084623,0.01856321241603278,0.05096685199278708,0.09991692481504608,0.13706681157418601,0.11277983852983645
183,220.76019806108653,130.94413331059923,0.06591326934737088,184.67263625094253,539.9329065477883,188.11484818843869,205.2073087331378,200.56443054116158,285.45111206136033,200.5433548459813,154.81572207454013,206.63052241418268,138.8660457013353,202.95949522211473,273.1924777460076,112.95780170932967,168.2701244822663,165.97275953211033,793.1136695103197,156.70219711661576,178.29417953049165,183.99463268249625,175.80172196211265,118.71492130191427,230.39198765141356,281.8678462801143,117.08579595658784,156.011151573185,223.2433288209254,181.6101662423122,252.33157537435005,170.1525078611134,175.3387139179471,0.011611523764961485,0.04951076586350074,0.08228787502035269,0.07865910528166319,0.0655900915337243,0.062478276365644445,0.07065881494440412,0.07258463917430509,0.03728969699092674,0.11034454041880776,0.03816658794311786,0.06914217373533318,0.0737651364403526,0.06566476762814893,0.05776967707386346,0.05185339737492297,0.010051150138048708,0.07158372209674217,0.041017978548224476,0.12417174326982494,0.06176012809659945,0.027158373541996173,0.06855967055779383,0.10676335072509407,0.08514255820476344,0.018361700216712313,0.022459374004509182,0.12855715835884265,0.1310746603744837,0.08335944273346205
184,217.8282509872258,121.82562703527942,0.06405665753473345,184.50288883866136,531.3016470304642,188.11484818843869,205.2073087331378,199.88598004922432,284.76169685693117,200.5433548459813,154.81572207454013,204.2593378446589,138.8660457013353,202.95949522211473,273.1924777460076,111.73824671115734,160.32080055205736,161.16652196700477,733.1198409734722,156.70219711661576,178.29417953049165,183.99463268249625,175.80172196211265,118.71492130191427,230.3681154725733,280.95727219483075,117.08579595658784,156.011151573185,222.72836509505646,181.6101662423122,252.33157537435005,170.1525078611134,175.33871391794708,0.017068598981013566,0.11876281710129419,0.033954164803157265,0.10314848958841644,0.06442741239430809,0.02483475496971862,0.07694362322574057,0.024723316177416858,0.07020112407648152,0.13250105638495277,0.06634565615140152,0.07424711906197136,0.06467781688412055,0.024907897962723073,0.057315196113259095,0.06895272892020553,0.0729591226727406,0.037481753521531005,0.0590462432568538,0.0890659763362276,0.01981453589333449,0.1080980151068632,0.024757252714529356,0.03759027973878622,0.039169880475048935,0.16044348540992415,0.014547365024523492,0.11272961968065955,0.0437670597527331,0.07921736366206725
185,213.54083081713,113.60151912588066,0.07177003253831336,183.7610815621578,530.0074053060005,187.0235754445376,204.3772181008187,199.88598004922432,284.76169685693117,200.54335484598127,154.81572207454013,204.0905304307118,138.8660457013353,202.95949522211473,269.8954621026424,110.88140201686684,160.32080055205736,161.16652196700477,673.3666287515645,156.70219711661576,171.72138175487916,183.99463268249625,175.80172196211265,118.28974493159936,229.58407453380192,280.95727219483075,117.08579595658784,153.2791929625128,190.5082687860631,181.6101662423122,238.59548458899667,168.206668071597,173.16540174500568,0.06985707032027905,0.10005125871142133,0.03192356544959931,0.10772951622694725,0.07608440227232176,0.029977072168910116,0.08287987036379708,0.11329595530274425,0.16968254244913153,0.0637270554180022,0.03184095061088246,0.034515023287121915,0.011489489447447232,0.05569691441336258,0.06608225455507502,0.02858576906112333,0.026483069644598962,0.07892428185240809,0.11980983363912352,0.1618518016695856,0.06362488355605098,0.1245330941645347,0.016049587757118983,0.07979719298348074,0.018557682081196323,0.02975835415363201,0.06855453889102248,0.10359725760602771,0.07155331924572496,0.11658736884672993
186,212.1635206648598,113.49077157443767,0.07645033387565064,183.7610815621578,530.0074053060005,180.15335844180422,204.3772181008187,199.88598004922432,284.7616968569311,199.1800565579304,154.81572207454013,202.31494197407028,138.8660457013353,202.54168874039786,269.45931215519033,110.5079487833641,160.32080055205736,158.87800381846395,673.3666287515645,154.42782374126782,171.72138175487916,183.53050441965374,175.80172196211265,115.6142545492506,229.58407453380192,259.43243439648313,116.23035276600687,153.2791929625128,190.5082687860631,181.6101662423122,238.59548458899667,168.206668071597,173.16540174500568,0.02803868038879381,0.03863874917596631,0.02605589677779801,0.06831164658357378,0.06547072257714671,0.06186676746249104,0.1110368015601951,0.12698253348729174,0.059050468932408916,0.07157077301775391,0.07011637290521754,0.024105140542250228,0.05422854685757773,0.15882784531293342,0.038811329941292765,0.019966614710313735,0.09755011683091117,0.08181571518199209,0.08263524429892194,0.07878550130062922,0.1082573388525065,0.054517061756824706,0.010797862399230989,0.10484477183311601,0.03007943833470119,0.19759973808508094,0.07999122905640224,0.1275809884538428,0.06828908626384635,0.14768703338850875
187,211.03871629316626,112.87033241335615,0.07951021451701662,182.67563381236988,522.3339003627547,176.90436769724948,204.3772181008187,199.88598004922432,277.4889096774542,199.1800565579304,154.81572207454013,202.23806481181384,138.8660457013353,199.5962276732122,269.45931215519033,109.96060172306593,153.43842145275264,158.87800381846395,673.3666287515645,152.87075279317355,171.72138175487916,182.66279967038807,175.21559790194874,115.18907817893569,229.58407453380192,259.43243439648313,116.23035276600687,152.7039329456558,190.5082687860631,181.6101662423122,238.59548458899667,168.206668071597,173.16540174500568,0.021885097456928786,0.015561508649614808,0.06943395332705762,0.07956929629813143,0.018303452195970543,0.06160286954378726,0.11062194637409938,0.08900064325792584,0.030066977921853262,0.07934741631406775,0.20989573261812064,0.15425866753387452,0.1167711659775036,0.17849954509544272,0.03267232208117677,0.0727206286148398,0.11917559006939701,0.03475158333412663,0.0861000842629679,0.08024473521601305,0.03302304425984774,0.0830524435244879,0.024451491543235292,0.0808092927968415,0.01534430726959241,0.13963400706382711,0.07949732323910728,0.09456424837256089,0.028559084235741036,0.14588797706235798
188,210.2031940270998,113.07152329666879,0.06699347541183132,182.67563381236988,522.3339003627547,176.58337474966257,204.3772181008187,198.32563734321354,277.4889096774542,197.49678455791542,154.81572207454013,200.55096804285307,138.8660457013353,199.5962276732122,265.7696654363763,109.88902632489501,145.5418040366493,158.06405232153122,673.3666287515645,152.87075279317355,165.9467730116301,182.66279967038807,175.21559790194874,115.18907817893569,229.58407453380192,259.43243439648313,115.44076594727323,152.7039329456558,190.5082687860631,181.6101662423122,237.8175076215793,168.206668071597,173.16540174500565,0.15387333886061438,0.019431622276206886,0.02586002025836176,0.07269537432001866,0.007603437057933709,0.024179419479344308,0.05443590594814677,0.12043821865550801,0.1084245343000319,0.11229402387710935,0.1060742063187993,0.07381191399600057,0.06476176738728406,0.09368160659855077,0.02569518988292556,0.08226446760028001,0.041799957332511045,0.028384828762981894,0.0840110871295758,0.07086666929555892,0.10543824782065128,0.08182051368967683,0.02357425908777663,0.030203455504789978,0.016962576867100527,0.10677841973130553,0.07147859655221292,0.07725404587299019,0.019588107223061764,0.10611845066763059
189,206.11025808061126,103.14774737658122,0.07830127014764937,182.67563381236988,511.2052397228944,176.58337474966257,204.3772181008187,194.5457061986442,277.4889096774542,197.49678455791542,154.8137515304127,200.55096804285307,138.52844880763757,199.5962276732122,265.7696654363763,109.6940950071621,145.5418040366493,155.24782233686827,603.8157195108938,148.37891827969918,165.9467730116301,181.31025620868522,175.21559790194874,115.18907817893569,229.5407383600003,254.91022998321918,115.44076594727323,152.25357247349083,182.2598564527728,179.28443293989227,237.8175076215793,155.77363370236304,172.0550121550218,0.15636903030333066,0.017440478611646333,0.06274600825005552,0.11921270593096625,0.10806045046266656,0.1082735705250202,0.06699523224558532,0.08229562411940504,0.07728458197037452,0.036801914945422176,0.0521908668880451,0.08418017994376693,0.11937445454963368,0.07340414287058038,0.06190677581856015,0.02801571088383932,0.05737202417436259,0.018532077242868657,0.07853955391099962,0.08485393628238257,0.10888622885484242,0.026997028593003014,0.06608036793037947,0.15383945472813293,0.059579123336580476,0.10253574701638057,0.03823901645521949,0.06481311800241524,0.10537529399038048,0.12884340559263582
190,196.1677479743303,76.19818597762004,0.07415230766740608,182.5672782415515,389.25947026364776,175.68878762989394,204.3772181008187,191.68586425751755,270.45528831624137,194.75678775486782,154.8137515304127,199.7749499905994,134.89373957544686,199.5962276732122,265.7696654363763,109.54549138475454,139.53125962689185,155.24782233686824,481.30813898008216,148.37891827969918,165.9467730116301,181.31025620868522,174.49774195390606,115.18907817893569,229.5407383600003,242.99999936864842,115.44076594727323,147.7149623342137,182.2598564527728,179.28443293989227,229.04520495666674,153.04306342117883,171.10890671722262,0.09523009496905144,0.11396979788539488,0.11010032191847197,0.12008379952727731,0.057275891274995314,0.04898203717361997,0.11428712850830762,0.07430980137541482,0.04524444993354485,0.06665234066147857,0.08494536739050917,0.07366887110801917,0.08499284478712245,0.06641047839003517,0.07011912138957227,0.06518716141865669,0.02500057284392418,0.10730355960250824,0.036742912506275344,0.07736595246334885,0.04664899665896492,0.07119172276870234,0.03897950786928571,0.04693129227752216,0.11339966450196445,0.09883466377042822,0.07214897457673024,0.07815731075421706,0.023595441734039126,0.09680914998280032
191,195.34275833023125,76.48127507843768,0.07024236518269245,182.5672782415515,389.25947026364776,175.68878762989394,202.46932595071627,191.68586425751755,270.45528831624137,194.75678775486782,151.4461221793208,197.25298878729438,134.89373957544686,198.5715312919264,263.4188506513914,108.28208090144133,138.26474442162396,155.24782233686824,481.30813898008216,146.10454490435117,165.9467730116301,179.74484237707705,174.49774195390606,113.50477486596148,229.5407383600003,242.99999936864842,115.44076594727323,147.7149623342137,181.89485505874867,179.28443293989227,229.04520495666674,147.8853855715118,171.10890671722262,0.08346563481761868,0.08612124667980024,0.04735828749740584,0.11384923849928238,0.02029898045444232,0.027356833800785567,0.12538748372136588,0.0836452434161991,0.06975495398196867,0.025854091298463968,0.11999413558310754,0.07670605196798291,0.10576478470478254,0.11281259389858188,0.08241724095147296,0.07490308374788848,0.12345650635472642,0.10912433273287821,0.016570262118312792,0.161109434003161,0.020212326130240123,0.025522144254412085,0.0665985551959443,0.12245171497630707,0.04788915387479871,0.036374676618852436,0.026666587762274725,0.032416159316970256,0.01947509966875147,0.04371411745199465
192,195.00794293560176,76.4683550368631,0.07381500720064321,180.26985279422018,389.25947026364776,175.68878762989394,202.46932595071627,191.68586425751755,270.45528831624137,194.75678775486782,151.4461221793208,197.25298878729438,134.89373957544686,198.5715312919264,262.9827007039393,108.28208090144133,137.06658342161896,155.24782233686824,481.30813898008216,146.10454490435117,165.92835865396262,178.41300936496893,174.49774195390606,113.50477486596148,229.1800298118928,242.99999936864842,115.44076594727323,147.7149623342137,181.7448927269038,179.28443293989227,225.21548192416628,147.8853855715118,170.68682255535552,0.035441647487844674,0.11878174344175058,0.06471528728755255,0.04318552190772137,0.11259694441673863,0.06266342689449597,0.051730692990317934,0.08066555242064505,0.07255671108242805,0.0764279823862118,0.04482696939334796,0.026848870097244196,0.09174036010555185,0.11868168028852234,0.07508473062346005,0.03263480822044013,0.09712316510792872,0.052504261957000364,0.1509429193560609,0.13378515018273227,0.05640592398970444,0.05549224885873735,0.11590122600553876,0.037551193380626735,0.07284951363244904,0.1286149519350791,0.01851740031723325,0.013377240919750535,0.061486507206256244,0.1113155841259256
193,189.7001357739645,62.26215831562629,0.06365912791703307,180.26985279422018,384.6129531994328,172.43697826805894,200.389129199816,191.00741376558022,270.45528831624137,194.75678775486782,151.4461221793208,194.53859687133894,134.2014030104656,198.5715312919264,262.9827007039393,108.22642124563995,137.06658342161896,152.22657714059372,351.89191201143865,145.74649967836885,164.81156825268258,178.41300936496893,173.71520831194275,113.07959849564656,228.5508746341705,240.569238721073,115.44076594727323,143.82554199397214,178.69939365341088,179.28443293989227,225.21548192416628,147.8853855715118,170.68682255535552,0.021715941582619164,0.0644246422564694,0.014191776902878992,0.019285907239550364,0.088964312495931,0.0693473273419981,0.08438115589837197,0.06886389596097428,0.07041777164443108,0.11457238565894186,0.02541838692762657,0.030876251297109775,0.10855937205919806,0.03862302786597198,0.07217010838055318,0.06475727733723073,0.033711471737368534,0.025906493395038695,0.10100060982093625,0.041080200890578525,0.017462269915644184,0.025154015198331388,0.0705090275394273,0.07168222290733045,0.11097781426742019,0.09584296588423082,0.09675157823487728,0.054945667665974314,0.15941599473717155,0.048763964466806364
194,188.4736719717118,62.47456799305098,0.07256537930386825,180.26985279422018,384.6129531994328,172.43697826805894,200.389129199816,190.38636502240166,270.45528831624137,193.39348946681693,151.4461221793208,194.53859687133894,134.2014030104656,198.5715312919264,262.9827007039393,108.22642124563995,137.06658342161896,145.66483921524744,351.89191201143865,145.74649967836885,153.98995609547978,178.41300936496893,173.71520831194275,112.80127657106578,228.5508746341705,237.761894304221,115.44076594727323,143.82554199397214,178.69939365341088,179.28443293989227,218.33129581773397,147.8853855715118,163.23045804941952,0.11356992918825418,0.030699678928656632,0.0562723605806366,0.07452354700706551,0.02754473231848465,0.07288026712616721,0.0784357962332708,0.021302301755393053,0.03830403214864713,0.10751186374434601,0.04953201277858082,0.019246225911810647,0.15378941028038953,0.020551580866357,0.06716275154299144,0.0652460174382408,0.08062841052851781,0.06666672959979354,0.1254828183006661,0.11225923653650124,0.010892976887469824,0.11066245490375341,0.11705664282434639,0.07782509642126464,0.0920509970921337,0.12233141177740169,0.08584532509608869,0.11157638030931866,0.05049405274831116,0.016616338241188428
195,188.04469775424596,62.50326609222703,0.07786859901747989,180.26985279422018,384.4520591445163,172.43697826805894,200.08159367745267,190.38636502240166,270.45528831624137,193.39348946681693,145.4714243701764,194.53859687133894,134.20140301046558,198.5715312919264,259.29305398512525,107.63321989524496,137.06658342161896,145.66483921524744,351.89191201143865,145.74649967836885,153.98995609547978,177.31187247991372,173.71520831194275,112.334422404635,228.5508746341705,237.761894304221,115.44076594727323,143.25028197711512,178.69939365341088,179.28443293989227,218.33129581773397,147.8853855715118,163.23045804941952,0.1034481701007581,0.06602306905376831,0.07000347869807405,0.03479990028824709,0.02585327110674209,0.06296438400630419,0.03192124733745902,0.011813086871790364,0.07334218234663178,0.07891129782157756,0.06611290934822309,0.0637678554255528,0.10912808074255172,0.06002126340118377,0.11507249940069343,0.07796141234650623,0.10389515854198222,0.03442314568919767,0.0940084153085129,0.0358887725038898,0.10638719247564501,0.047935869024889693,0.08643386893014258,0.07765070081583428,0.08025524999353041,0.1118462845280896,0.1251670407439025,0.1176102531938409,0.11106910187322898,0.152342808605646
196,186.4796799203689,61.8886785127339,0.07367732783557056,176.75139148763236,384.4520591445163,172.43697826805894,197.34361089503113,186.9241676763595,270.45528831624137,193.39348946681693,145.4714243701764,194.5339288119631,134.20140301046558,198.2754874449367,259.29305398512525,107.45859214571848,137.06658342161896,145.66483921524744,343.18703685593266,145.74649967836885,153.98995609547978,176.59263827290735,173.71520831194275,112.334422404635,225.5263064176447,235.33113365664556,115.44076594727323,143.25028197711512,161.40893289119546,178.9272923802816,218.33129581773397,143.65587119458365,163.23045804941952,0.06241343170173314,0.07630602317002091,0.11229023910427179,0.01807516556485044,0.06930857155147502,0.07608583624118581,0.016002494434979527,0.17015528395298138,0.06075113250290803,0.07299410976534211,0.06152127066570491,0.07938174664002583,0.06507301685543224,0.06998259077622464,0.06986501266512878,0.04178707346500194,0.07237745760052694,0.051202599357091094,0.08830253927159698,0.11180651427164355,0.08742841831045907,0.08588313475387933,0.0808238662309778,0.07159686799639209,0.08145324221797982,0.10898651319718469,0.1356476141145058,0.035565440869930964,0.03627788324935869,0.04097474456832372
197,185.85527744365984,61.484143687880504,0.07274260796597633,176.02857027095132,383.2237991799905,172.43697826805894,197.34361089503113,186.9241676763595,269.2849314452776,193.39348946681693,145.4714243701764,194.33792865835724,134.20140301046558,196.29489954410388,259.18893669119694,107.45859214571848,137.06658342161896,139.0134125373772,338.5489482685932,145.74649967836885,153.98995609547978,176.34123169625965,173.71520831194275,112.334422404635,225.48297024384306,235.33113365664556,115.44076594727323,143.25028197711512,161.40893289119546,178.9272923802816,218.33129581773397,143.65587119458365,161.48478516434497,0.15375307676886338,0.037669854938422745,0.13078542018873202,0.019667206352409317,0.11723366773472679,0.025748996489810133,0.02284771150715468,0.08218310934795732,0.08268684201814508,0.07522426740656285,0.07843547447701794,0.03871781115520676,0.07220796937528866,0.10733047955881156,0.041110693534126413,0.060103377387198564,0.11813717130011896,0.12069061051107309,0.03171936194952751,0.07140342231861702,0.09313128069617191,0.04452099542864598,0.07505980108418837,0.027775439457151933,0.04101758406617745,0.0963072688847913,0.1031327123609738,0.022987862181853114,0.07512711940163627,0.11556165109792912
198,184.53368070040798,61.71625822345452,0.07586938433000291,175.73974510169313,383.2237991799905,170.86271028715805,197.34361089503113,186.9241676763595,269.2849314452776,189.85271794324473,142.10182447495714,194.33792865835724,134.20140301046558,196.29489954410388,259.18893669119694,107.45859214571848,124.21641486552389,139.0134125373772,338.5489482685932,144.56435641600163,153.98995609547978,176.34123169625965,172.63329037764805,112.334422404635,224.67641949547306,228.91974094894013,115.44076594727323,143.25028197711512,161.40893289119546,175.79551051257963,212.9208131656624,143.65587119458365,161.48478516434497,0.11139884975693144,0.022711469619681415,0.06574076821361435,0.05908306927498904,0.09348035193411974,0.11623128739889779,0.06969024745526364,0.07579024409999294,0.07671973037638305,0.06600668454682167,0.1118175939103853,0.0870711005956955,0.1716011338801213,0.05304692054284897,0.07994556525106898,0.08213703859930523,0.029256142537237018,0.13260772708718058,0.07102678218395911,0.03026003727183699,0.07716225300458224,0.0762937174355311,0.07916609063953392,0.0728438434142901,0.1075888629563106,0.08565082089000188,0.07084336552656809,0.025044143189439295,0.034883977743846224,0.04098171056364977
199,182.02259303759553,56.21408018857657,0.07620110957420928,175.73974510169313,338.93628078346546,170.86271028715805,195.49313199244963,186.85267131832876,269.2849314452776,189.85271794324473,142.10182447495714,192.76035048232114,134.20140301046558,196.29489954410388,259.020452396975,106.93126545810398,124.21641486552389,139.0134125373772,326.61418496555564,144.56435641600163,153.98995609547976,175.98357907738247,171.84131331194902,112.334422404635,223.6418572266,228.91974094894013,115.19863617659054,143.25028197711512,157.48346869780943,175.79551051257963,206.03662705923006,143.65587119458365,159.8057734219702,0.0928576845817431,0.026907442494412643,0.1153652429024797,0.02463221062818759,0.0411951580573032,0.128107469376555,0.12166182920771093,0.026936125474409867,0.03627550460453348,0.1175587504017797,0.11838885437245993,0.035063814414403836,0.11347452835560909,0.07175478632511748,0.08048871345800167,0.11450063591865553,0.071591763755506,0.07594525357578442,0.05454794686211564,0.02751999824317754,0.0267914327196543,0.09056414842114346,0.0883871597219281,0.16429892060227655,0.08124841170117489,0.12146149983388299,0.07695029884474194,0.054132904939122845,0.07469637503273999,0.012728422399667457
200,180.74574383650267,55.56909356611643,0.06140114267841346,175.73974510169313,335.88200219613617,170.24405872733263,195.26112558414255,185.50814424637088,269.2849314452776,180.11255149841762,142.05092317311775,192.76035048232114,134.20140301046558,196.29489954410388,253.23452656789425,106.93126545810398,124.21641486552389,139.0134125373772,326.61418496555564,144.52547285781307,151.12263925941232,175.98357907738247,171.84131331194902,111.90924603432009,223.44577440751556,228.91974094894013,115.1501524666466,143.25028197711512,157.44942141060923,175.79551051257963,192.16759881041165,143.65587119458365,159.8057734219702,0.11444804722883314,0.019233204228451824,0.07640262645902432,0.015070545035634741,0.023573817707309354,0.12177001922271818,0.08848179255807657,0.022777446543980288,0.025315298819907885,0.04517935588940049,0.044534239291076215,0.026736673893947082,0.08470694489987773,0.022029439277691576,0.02875468648391455,0.1527111525763416,0.08206575451120125,0.11367380525078735,0.11344463521466153,0.023803091310021653,0.06447238461683298,0.08263939355413177,0.07881765486829584,0.033698531568065924,0.04244706066125904,0.11895811380704388,0.029883387972407437,0.019133549017799265,0.07108974986739493,0.0561818780163152
201,179.70542854984149,54.24476075991339,0.07099674572357881,172.9523345290992,330.8478577591689,170.24405872733263,195.10192117834245,184.208645011255,250.5922889742688,180.11255149841762,142.05092317311775,192.67880526068882,134.20140301046558,194.86655795586316,253.23452656789425,106.93126545810398,124.21641486552389,138.23267925667318,326.61418496555564,144.52547285781307,151.12263925941232,175.98357907738247,171.84131331194902,111.90924603432009,223.44577440751556,228.91974094894013,114.20421507887306,143.25028197711512,157.44942141060923,175.79551051257963,192.16759881041165,143.65587119458365,159.8057734219702,0.025766664179008948,0.06564017304206028,0.13618991446686743,0.09456478096672873,0.019702614317099368,0.0905842927603939,0.023500066268551348,0.068486610061499,0.11115406922399712,0.07101769453804427,0.024707809463238525,0.05299603324613661,0.11876347906963355,0.024192368762040346,0.026096375566875978,0.056396321029538884,0.13253987463743783,0.04355608386216514,0.02620705850203312,0.16886685588414685,0.0704032810944114,0.08382139478667808,0.07879285670616541,0.03039363626348607,0.025314891389890175,0.13801372689999278,0.05933972629184485,0.06047429209750644,0.12102773942522571,0.08139168690466643
202,179.28311351035023,54.39646111225884,0.08647265602460748,172.9523345290992,330.8478577591689,170.0774057073168,193.59510558974907,184.20864501125493,250.5922889742688,180.11255149841762,142.05092317311775,191.09757631938356,134.20140301046558,194.72763513528702,253.23452656789425,106.78938158518461,124.21641486552389,138.03149256186794,326.61418496555564,141.4176096819196,151.12263925941232,175.98357907738247,170.53733330374246,111.90924603432009,223.31193547896623,228.91974094894013,114.20421507887306,140.67017644447736,157.44942141060923,175.79551051257963,192.16759881041165,142.45759609896595,159.19707591635407,0.07308896916827357,0.08212994822503852,0.0724484496948849,0.1178824714175546,0.07425694593238485,0.12206285897872436,0.005712700665946228,0.11559755509757655,0.09639088328582178,0.07121941014083359,0.05997897744107693,0.0785480180013994,0.08135346017270359,0.0167304377468602,0.05527554500125369,0.07272489055855162,0.10378121931179721,0.05725695878469459,0.15684183706734986,0.09958309639147961,0.06345142807574637,0.08767786627700658,0.11305620559001064,0.07219335751774697,0.06338926599713439,0.18788753054072552,0.16192859682336824,0.0703520699452253,0.0800181809385216,0.08136054594853358
203,178.85961886832027,54.216608729475524,0.07241929861605227,172.9523345290992,330.84785775916885,169.37335725275878,193.59510558974907,182.97211972664286,250.5922889742688,180.11255149841762,142.05092317311775,191.09757631938356,134.20140301046558,194.54824915246598,252.29342457787482,106.71807019281957,122.15630653735161,138.03149256186794,323.8340083326839,141.4176096819196,151.12263925941232,175.98357907738247,170.53733330374246,111.19172828864605,223.0486443072399,228.54656712250343,114.20421507887306,140.67017644447736,157.44942141060923,173.9938547001228,192.16759881041165,142.08552663321564,157.99260274291774,0.03110426150032175,0.08393654432401254,0.028366237244470897,0.10565550068093464,0.07990551373978186,0.040603932347985816,0.06527105541659087,0.06027435713066594,0.08211929269305915,0.10167295314818746,0.07973952809377359,0.04114728151868302,0.06947061007605718,0.06364687325524246,0.07065069115809586,0.07386817922378132,0.03547280125241424,0.1127972037293683,0.0817708930633447,0.08712488274236876,0.06553153560369193,0.08655679713882952,0.034326060633100425,0.07815395597368761,0.06320793800278005,0.0960052694583155,0.13902284224579414,0.0734283796296495,0.0765088388841333,0.0652387485724456
204,176.51771480295253,53.661251707205345,0.062047165617831156,172.08230265878717,326.4410250708878,153.20841309959096,185.09808756779688,182.97211972664286,245.68532887711115,175.20848168679456,140.75727320351012,191.09757631938356,134.20140301046558,193.9294070696483,245.6720182196962,106.01611575567857,122.15630653735161,138.03149256186794,323.8340083326839,141.4176096819196,141.9897096734355,175.29767685925023,170.453501238833,111.19172828864605,223.0486443072399,228.54656712250343,114.04003742182297,140.62641485011088,157.44942141060923,173.7940184198785,184.81274598277076,140.0191177417475,156.4528913919112,0.028611317213722873,0.0806494471563358,0.011979315758041134,0.04576093743823188,0.04761837898208322,0.010929114606679138,0.113580089620965,0.0266533569764622,0.041053288199191386,0.07239277619595831,0.07866898059105429,0.03348076446512905,0.10949691677189424,0.07090189637968874,0.035500700795159636,0.06259217356684303,0.06987250694142519,0.03749902130437305,0.07967049499776785,0.07706534642723423,0.02461778638326055,0.09161085330953166,0.11764393391078903,0.03619028062223252,0.03576585346460369,0.0821129711033805,0.2011688254554399,0.03094358762106793,0.08504344492169205,0.02234060735469628
205,173.3903905979803,48.4049708519167,0.06422854027898431,171.83809511475062,326.4410250708878,152.71198594743882,185.09808756779688,182.97211972664286,244.939332815658,175.20848168679456,140.75727320351012,191.09757631938356,131.08615471014377,192.61154786092928,245.6720182196962,106.01611575567857,114.17220534738641,138.03149256186794,246.97813910749443,141.4176096819196,141.9897096734355,175.29767685925023,169.25900578764833,111.19172828864605,221.23330349006025,228.54656712250343,114.04003742182297,140.62641485011088,157.3992402116436,173.7940184198785,184.81274598277076,140.0191177417475,156.4528913919112,0.06820461231589682,0.03052633844582383,0.15326933206905916,0.11259425121209417,0.02604184176834929,0.06262202263744103,0.04054869010967102,0.015412621668133375,0.07645994684154403,0.07443965061986486,0.06598394800597739,0.07599532782347021,0.044198054215883874,0.07171212710258205,0.02571442674174535,0.05990938635087728,0.07051335786715142,0.11010103241160168,0.0239088415552579,0.07239521880980035,0.06641745612516857,0.027111838501375784,0.10164065443122774,0.019208157131704318,0.014968799713300628,0.09136548794124488,0.1810829118529989,0.05752689362857948,0.08154404835290525,0.005438932118798945
206,172.78249063535867,48.447075938347254,0.07079753238888715,169.73862277913193,326.4410250708878,152.6136471849603,180.3852085606391,182.5132400508906,244.939332815658,175.20848168679456,140.70870583336813,191.09757631938356,130.3490944516165,192.61154786092928,245.6720182196962,106.01611575567857,114.17220534738641,138.03149256186794,246.97813910749443,139.77429568945198,141.9897096734355,175.29767685925023,169.25900578764833,110.96362335157575,221.1443451200557,224.94981584650617,110.67281278374702,140.62641485011088,157.3992402116436,173.7940184198785,184.00493042672656,140.0191177417475,156.1032586925994,0.1273111234854516,0.01736821630558249,0.09049566752758186,0.08477376854171395,0.023650329532489543,0.11279218170472521,0.021711622743620814,0.07641853690972475,0.12806949091223976,0.07152631616955797,0.024585181535747576,0.08173674636073167,0.029564246243831444,0.029966666476657855,0.06685675889306666,0.019270175617238414,0.021201445324928497,0.12656879943335045,0.11978815915277517,0.039940426943721144,0.07743250745332027,0.0741670969035081,0.08119985756615287,0.07330919500457682,0.013169789559194508,0.06903483740659114,0.16529858997356595,0.06330181932386389,0.08100610024510574,0.11241031841599841
207,171.18639390543115,48.32501733132223,0.06368330636870116,168.18065267184465,320.65107599127384,151.16250393794323,180.3852085606391,182.5132400508906,244.939332815658,175.15013279919677,140.70637190167076,190.55807941356665,130.3490944516165,190.0136292925533,245.24010680828556,105.98054362686379,114.17220534738641,138.03149256186794,244.0554336007305,125.67748292155316,141.9897096734355,175.2761226075148,169.25900578764833,110.96362335157575,220.69817693526758,224.94981584650617,110.67281278374702,138.38594892312403,153.42454554953957,173.7940184198785,182.33916739716085,132.1389551847916,153.9333279492045,0.07097193786751071,0.06869069054791825,0.03668739828449253,0.09786084441175424,0.0672452364774061,0.041696518134473434,0.06861758174116458,0.07902594287570293,0.1300087564260334,0.07293013181022523,0.06438488394095546,0.03758350161378299,0.03185270542664868,0.11440835009073971,0.07372316922169546,0.01921199139715416,0.027781335887870143,0.06903643997945243,0.09767364632689565,0.07548824849319129,0.036094469516173816,0.03346415291783928,0.07244233688482336,0.07660659365218295,0.06032378309096548,0.06619530395255978,0.12285093997774313,0.022353680832123128,0.04691398614015585,0.028374633141400468
208,170.8770227661882,48.40586312946109,0.07900864018224855,168.18065267184465,320.65107599127384,151.16250393794323,176.48890385495937,182.5132400508906,244.939332815658,175.15013279919677,140.70637190167076,190.55807941356665,130.3490944516165,190.0136292925533,245.24010680828556,105.98054362686379,114.17220534738641,138.03149256186794,244.0554336007305,124.67224826160938,139.77660222770547,175.2761226075148,169.13808437962774,110.96362335157575,220.69817693526758,224.94981584650617,110.67281278374702,138.38594892312403,151.54603126003855,173.77585675513785,182.19027739348724,132.1389551847916,153.9333279492045,0.0401337771969557,0.110487147608904,0.11128437199578611,0.07009786454841135,0.07364185149178047,0.11567165242851102,0.07340054052043658,0.1301170598013121,0.09537096807317319,0.07777594160231206,0.023287512966462393,0.0162025218842939,0.10970719424684183,0.08368962924788426,0.1262498576505277,0.053275407368080833,0.06674230807826176,0.08229117475858037,0.112618597635569,0.12112028010198456,0.09440935082534199,0.1070340080780846,0.11429912513510307,0.026609935931060147,0.07199906804174203,0.0201325358676225,0.0900855146908146,0.09888728293823884,0.03097938752165926,0.022657337231720427
209,170.0589784138177,48.678209787192856,0.06435917085079837,168.18065267184465,320.65107599127384,151.16250393794323,176.48890385495937,181.69099113763286,240.97013994634543,174.97050496622225,138.17714804865892,190.55807941356665,130.3490944516165,186.373402061076,245.23920999502823,105.63084221425132,111.3334686373311,138.03149256186794,244.0554336007305,120.62951268473755,139.77660222770547,175.2761226075148,169.13808437962774,108.49873470851148,220.69817693526758,224.94981584650617,109.43626191534685,138.38594892312403,151.54603126003855,173.77585675513785,182.19027739348724,130.5686106234236,153.0363726637512,0.06607047308494238,0.050156923934313674,0.050356606308443866,0.024299023679358666,0.11406083836363384,0.051764728236691114,0.07560732234892173,0.06561676404621739,0.12646088669040362,0.06407938101853905,0.019952774021981562,0.017741939578235746,0.03251010708317788,0.030432710649186637,0.11885404704643207,0.10482759296319198,0.021977138314852235,0.04765653696758854,0.08594859648857185,0.09092749600639694,0.07515773386146418,0.08722794155259456,0.07873880689775159,0.05440318171654003,0.02571137053996837,0.010392523460884533,0.13564072754629727,0.1158864616597483,0.02160291873454257,0.06671157272307901
210,168.84897348212345,47.86810890841587,0.06981995488851427,167.9006249506136,320.65107599127384,151.16250393794323,176.48890385495937,181.69099113763286,239.86387601463147,174.97050496622225,138.17714804865892,190.55807941356665,128.7254880135132,183.80715747422425,245.23920999502823,105.46307144065827,109.87985575413487,138.03149256186794,229.65236391787036,120.62951268473755,137.75617263336926,175.12867483340167,169.13808437962774,107.55311202576713,219.9366528927118,217.10188527903333,109.43626191534685,138.38594892312403,151.54603126003855,172.86566837455112,182.19027739348724,128.50220173195544,153.0363726637512,0.11400404719159579,0.12496554255882764,0.0338569857811907,0.015584989322727163,0.0455341840418311,0.07339099744589406,0.08354931341893507,0.06467491409139187,0.04030534134009722,0.03256172067427947,0.06407554635841341,0.07232930167862926,0.01407059872476531,0.08183477876101047,0.19339217493222605,0.029443275000876602,0.026373007152080727,0.07115733323981474,0.04537367531476347,0.12853174642645704,0.05890248157243219,0.041796572345046926,0.11870852228542406,0.11997857448853429,0.015278815676041524,0.0680227683628118,0.04501489169518247,0.08035452949939986,0.1098950405923238,0.08163697668242384
211,168.3075420848483,47.875597665194306,0.06957848441952276,167.5513639105559,319.98458007938984,151.16250393794323,172.36988295070367,181.69099113763286,239.86387601463147,174.97050496622225,138.17714804865892,190.55807941356665,128.7254880135132,183.80715747422425,243.44525687906247,105.12832440289517,107.99310661488536,138.03149256186794,229.10942007163973,118.40170354721282,137.75617263336926,174.53932701585197,166.97581497322335,107.55311202576713,219.9366528927118,217.10188527903333,109.43626191534685,138.38594892312403,151.54603126003855,172.86566837455112,182.19027739348724,126.93185717058746,153.0363726637512,0.10085430478331717,0.0714551352702626,0.015019757314749324,0.062132436089610554,0.02497851828103148,0.10978227300618659,0.04166618841933636,0.02330630744003021,0.03854165759007183,0.01839432710714732,0.07201660496436452,0.06889901026601092,0.06387899655295155,0.12533403209075755,0.13672160333236005,0.029940872007408324,0.06646887989186552,0.07424779735622757,0.02455261246391347,0.08214482217020466,0.02375383965379487,0.12000149271192778,0.19037234052015672,0.08513536266961606,0.020182598673286166,0.10710674172323373,0.11881488412357097,0.06900170158794126,0.060806645569515816,0.04184278895483151
212,167.3600677482754,48.04661533035969,0.06279359373466181,167.5513639105559,318.64330157722884,150.5677380233126,172.36988295070367,181.3838778700595,239.86387601463147,174.1545982162017,138.17714804865892,190.55807941356665,125.61023971319138,183.80715747422425,243.44525687906247,105.09669919961141,107.99310661488536,137.90898762289333,229.10942007163973,115.32255972228171,137.7119554216482,174.53932701585197,163.71032468636164,104.06098949155698,219.9366528927118,211.93840657990316,108.3407088475958,137.8254507269624,147.4871081117687,172.86566837455112,182.13481026501057,126.93185717058746,151.755479541044,0.07228065505718051,0.034961648011118986,0.1107787381545994,0.01924422358176629,0.014636763394531056,0.062134061872149954,0.08018760230485568,0.11536972797097435,0.03266641648246896,0.06670630755288051,0.06263682029399115,0.07918048224811938,0.021916172202009653,0.06992237513278886,0.07172025018994484,0.05896457281025731,0.04478724697966193,0.03222215303916803,0.11271939046065384,0.030437254585280904,0.11927888223414858,0.0579566912282105,0.1188352718621592,0.027130065827168866,0.011466387625192469,0.04480848188244141,0.04595432083172899,0.1147904277056689,0.07985455836349824,0.07025986215523564
213,166.3561043208697,48.52351277974276,0.06602955443789077,167.5513639105559,318.64330157722884,150.33143797581891,170.89637995575907,181.2397192910496,239.86387601463147,174.1545982162017,138.16997545465887,190.55807941356665,125.61023971319138,182.9327926815904,243.0358243911062,105.09669919961141,103.70075702163382,122.68732015646852,226.72965841110644,115.32255972228171,135.32568186570714,174.53932701585197,163.71032468636164,104.06098949155698,219.6583438742606,211.93840657990316,108.3407088475958,137.7212515894619,147.4871081117687,171.516040041627,182.13481026501057,126.93185717058746,150.79369697993704,0.022007625859939442,0.11127101665468835,0.08469421036179339,0.016110085031354596,0.06503170198300497,0.02909904042950126,0.12078423503987314,0.049973981654134324,0.06523200640218241,0.07226302888850143,0.06816290868994813,0.04119285763421829,0.12149835230500312,0.0350259909392612,0.03431773402780847,0.05161225145451501,0.029036061663035323,0.02653599959900539,0.09147728544730861,0.032176705730342196,0.1401294772453953,0.027364226496111706,0.17497824659488928,0.06739701025580236,0.024815913674843364,0.026623552158941313,0.07439189846156728,0.1296886301275635,0.031385438156815326,0.11660916016937466
214,165.39552315630485,48.64513345301635,0.06517035550334277,167.5513639105559,318.64330157722884,148.89305702143983,168.3186308337466,180.5839706341444,235.96758299635863,174.1545982162017,138.05597530905266,190.55807941356665,125.30425045453438,182.9327926815904,241.24097446188307,104.93006052773934,100.15674538177674,122.68732015646852,226.72965841110644,115.32255972228171,128.3814658510647,173.7583896525305,162.19706124506354,103.72508616369926,219.6583438742606,211.71943727174508,108.3407088475958,137.7212515894619,145.8661617473809,171.516040041627,182.13481026501057,126.26557533614269,148.55044109388635,0.06930917886521161,0.09312389845385634,0.021856333734305938,0.1201402575356924,0.019560008578582692,0.016664172955971137,0.08766184451753244,0.026000655528832156,0.06530007420211238,0.029174077460953584,0.02757180859333004,0.10718224006593036,0.0939303155696524,0.024630300135138686,0.06549367271226975,0.06447158068396029,0.01824678069622584,0.1237108888015494,0.039504798833194084,0.11063336337380114,0.09524468176760233,0.055135213770194764,0.12149227420496558,0.02672412885665977,0.027403368532074607,0.013210644033503534,0.07136312425930375,0.17873752138821855,0.11135288033144666,0.03028057665821054
215,163.91432802668288,48.723103068331206,0.06858774581576421,166.38668065951052,317.86021983345427,138.44897611079008,168.3186308337466,170.32608366273286,227.03322554498186,174.1545982162017,138.05597530905266,190.55807941356665,125.30425045453438,182.9327926815904,241.24097446188307,98.69700899973355,98.42349227861715,122.68732015646852,226.72965841110644,115.32255972228171,128.3814658510647,173.7583896525305,162.19706124506354,101.47701569378431,219.41285679872857,211.71943727174508,108.3407088475958,137.7212515894619,145.8661617473809,171.516040041627,182.13481026501057,123.87367395235376,148.55044109388635,0.07252922579855184,0.0414368438196532,0.012668837028999042,0.03752309838204745,0.013359119900585971,0.07792041305676958,0.036760308412659336,0.11132803482678404,0.06153387029680808,0.055962536936460916,0.015076744068858639,0.13530635977068867,0.04938192641066871,0.11043904169143388,0.022779891846941645,0.06159376261187097,0.11965674908043823,0.051081227330710174,0.0675666926389931,0.08262384878871265,0.07837297008844235,0.12177376699110368,0.09030031400742684,0.051628028000335446,0.06084795083221585,0.07145947125729599,0.12104606515835473,0.11469433357604399,0.09961344304121748,0.01136749882185388
216,163.35448682091993,48.44511893725594,0.07397390274945143,166.36302274003262,312.85335249761476,137.36402366413975,168.3186308337466,170.32608366273286,227.03322554498186,174.1545982162017,138.05597530905266,190.55807941356665,125.30425045453438,182.9327926815904,240.46035175230588,98.32412129218272,97.95233841889666,122.3648517172647,226.72965841110644,111.4311645968111,128.3814658510647,173.7583896525305,162.19706124506354,101.47701569378431,219.40432815730858,211.71943727174508,107.56693000788903,137.7212515894619,141.80723859911106,171.516040041627,182.13481026501057,123.87367395235376,148.55044109388635,0.07898580072805045,0.06233544847793849,0.1118088542777288,0.11339891412150244,0.018379938193444745,0.06177665905878838,0.11526152040248061,0.17838528173924628,0.0691333207107016,0.07258135774483158,0.1606264147354931,0.051815605952771,0.030845638586435027,0.08637613353709832,0.06610020753812021,0.02210871336017106,0.09670453305605237,0.06660070724840012,0.1250689428725487,0.08151632526469144,0.025130426825578495,0.09335680654936825,0.04798161069123488,0.12343639073154024,0.02697244539198876,0.023871833458822815,0.08685239950745591,0.06189146971343214,0.04685939811185276,0.013053983895773478
217,162.65553059130337,48.579554168956555,0.07391927373793261,166.36302274003262,312.85335249761476,137.05175063996626,168.3186308337466,170.32608366273286,227.03322554498186,172.56270025948484,137.59111604679353,190.55807941356665,124.72883113075513,182.0918379560819,240.46035175230588,98.32412129218272,92.78554118578819,122.32234747754356,222.63627300746123,111.4311645968111,128.3814658510647,173.7583896525305,162.19706124506354,100.64459618622068,219.05062731663986,211.49616052301187,107.56693000788903,137.1607533933003,138.02416260357253,171.05417864027368,180.46904723544486,123.87367395235376,148.55044109388635,0.07970615135601701,0.12288225091984242,0.09057579288197355,0.07852867071597228,0.07002248755047454,0.11484662055928646,0.08071042666046394,0.08221470958096819,0.06935336745605311,0.12125654329702439,0.11806466312219624,0.024480209415511,0.05971181340656717,0.06801985735711319,0.05288690844629605,0.032828140225784536,0.07854545901555138,0.020872357562402303,0.06636133631845467,0.0696942229261849,0.05259933837142254,0.03793404669579397,0.12013168559712181,0.07729965872577294,0.06789922411131148,0.07129018274905949,0.024991479133021008,0.124129286711082,0.06925997419409645,0.07048134707515986
218,161.46009629497942,48.580008897297205,0.06523093328837165,166.36302274003262,312.7868912332892,129.42709364480575,168.3186308337466,170.0473496591003,225.21576870779828,172.56270025948484,137.59111604679353,185.01932704280787,124.72883113075513,181.69987185820645,239.517283605172,98.25842747302768,92.78554118578819,122.32234747754356,222.0933291612306,111.43116459681109,126.02339730040428,168.42643158734555,162.19706124506354,100.64459618622068,216.88883728669614,211.49616052301187,107.56693000788903,137.1607533933003,135.480629469362,171.05417864027368,180.46904723544486,120.19315161119026,146.03301770678755,0.08334188973693536,0.042918413150582854,0.12070746960838452,0.11490319092471318,0.0700043266413629,0.05489660932327094,0.03191864118017605,0.05086834725025727,0.06956543853432169,0.04793485282704997,0.10922449183931765,0.06975190559430554,0.011455123193379095,0.06588389989969451,0.06761698990567838,0.024658195019243406,0.04514691208075848,0.06467442071277706,0.06539126851811687,0.11748064385456922,0.11448539975087403,0.0842024529130294,0.05108942254016452,0.07739627593396338,0.03492336886959405,0.10182897855874015,0.06739372405455339,0.0487541198274533,0.023385121583768403,0.025126104824113878
219,160.87425705008664,48.33367785421644,0.06925896156150987,166.36302274003262,307.0289891864294,129.42709364480575,167.35938426828957,168.63067870236853,225.21576870779828,172.56270025948484,137.59111604679353,185.01932704280787,124.72883113075513,181.69987185820645,239.51728360517197,98.25842747302768,86.76574045858041,122.32234747754356,222.0933291612306,111.43116459681109,126.02339730040428,168.42643158734555,162.19706124506354,100.64459618622068,216.88883728669614,211.49616052301187,107.56693000788903,137.1607533933003,132.20796242250904,171.05417864027368,180.32015723177125,120.19315161119026,146.03301770678755,0.02009955405990887,0.1127154194183695,0.05807818491675452,0.08846087942731147,0.03422042477458662,0.025292267837137204,0.06203016685796555,0.08369875466384517,0.032984321181191885,0.02717602354115123,0.08141856477301075,0.07885156057034498,0.10388385442733132,0.06720063376615311,0.061880453896571486,0.1109414451813362,0.06668353147364159,0.11593103434984808,0.07097173189275865,0.12912451049857723,0.09618288437438234,0.08650079341244307,0.07372338387297268,0.06172118919495874,0.02519677286049716,0.1252490847467111,0.07258450306327338,0.02719533744771077,0.020038634086416894,0.0577329462781347
220,160.3735380125917,48.61630294012729,0.07529905766050993,165.6561038603987,306.9290120895322,128.01716767013897,167.35938426828957,168.63067870236853,225.21576870779828,172.56270025948484,137.5911160467935,185.01932704280787,124.72883113075513,181.69987185820645,239.51728360517197,98.25842747302768,86.76574045858041,121.9479825159827,222.0933291612306,111.43116459681109,123.61415796678153,168.42643158734555,162.19706124506354,100.64459618622068,216.50931849120036,211.49616052301187,106.28576792361059,135.11099932045983,126.57297464104082,171.05417864027368,180.32015723177125,120.19315161119026,145.35729556240275,0.01080150588938747,0.13155923158252714,0.07449036771306705,0.08300372069920492,0.01957413394099009,0.06998722971793188,0.11857476594171787,0.12148453676911362,0.0664026744896914,0.027663089581164188,0.07887207691800405,0.0837437527220467,0.023000910349111017,0.07948389423179636,0.06289805741777178,0.06462375048189781,0.0696112093797055,0.09219747005671147,0.07121386806872286,0.16263489065398726,0.08408090859448819,0.07780283388708235,0.15908773432992884,0.02800365737219132,0.0648894387217383,0.10974500057417991,0.07412962667391913,0.01262782292042232,0.06593387498836831,0.07084969514842877
221,159.38834998287837,48.9173131927583,0.06787878572349289,165.141692316755,306.9290120895322,123.20518867949822,166.7650734748023,168.63067870236853,225.21576870779828,172.32472353891256,136.8112609696556,185.01932704280787,124.72883113075513,181.69987185820645,233.77014336978058,98.20455504643705,86.76574045858041,121.9479825159827,222.0933291612306,111.43116459681109,123.61415796678153,167.64549422402413,158.57688052144977,89.51125980034188,216.50931849120036,211.2771912148538,106.28576792361059,135.11099932045983,126.57297464104082,170.58768999629964,180.32015723177125,120.19315161119026,144.76111288341266,0.05761428732991885,0.12608952549747374,0.08060415312028762,0.09161067470579588,0.07467521194365873,0.07613157578246983,0.03485620782239293,0.05873850944941962,0.025114804414780343,0.021981103013594835,0.1159490071816249,0.08692216223812727,0.00767366863533696,0.07336492893948136,0.02554664575366162,0.11882956749603002,0.028718434753124022,0.05261703464385663,0.12329653712138218,0.062352802772144444,0.1616124398505785,0.032670796933857146,0.13635866118989448,0.016418858691898776,0.10964458163916274,0.04039136462957943,0.03066680721687279,0.06391848792969794,0.019029013576136657,0.08296571743254703
222,158.6206106005034,48.73531772636353,0.0678824784290916,165.1180343972771,306.9290120895322,123.20518867949822,166.7650734748023,168.63067870236853,225.21576870779828,172.32472353891256,136.81126096965556,184.05993609377288,123.79187980288565,181.69987185820645,223.5292099633826,98.20455504643705,86.76574045858041,121.9479825159827,222.0933291612306,111.43116459681109,115.40539013757342,167.64549422402413,158.57688052144977,89.24068114487035,216.50931849120036,211.2771912148538,106.28576792361059,135.11099932045983,126.57297464104082,170.58768999629964,180.32015723177125,117.80125022740133,144.76111288341266,0.07145191719140971,0.04029466883668492,0.04041157154066945,0.07876148317895908,0.06373227471120199,0.0258673535077926,0.11414334016547584,0.02463124833411315,0.09694212398692958,0.02815664011770891,0.0899457788794639,0.10930347195369486,0.0606477043438072,0.0651554359649143,0.020822932669131777,0.12483731606662518,0.1083665180285652,0.07559652107825209,0.12635603686238484,0.07220938779081515,0.055104164676452586,0.06034886597229104,0.08967517998959168,0.06127612912332925,0.08924307132870637,0.0701826500228272,0.058134758918659095,0.06579493288361131,0.014752861720811562,0.034328013027867914
223,157.26408300911226,46.83889182353287,0.07938872667546007,164.6012389744221,282.51168591748706,123.20518867949822,166.7650734748023,168.63067870236853,225.21576870779828,172.32472353891254,136.77573504657457,183.13812076916335,123.79187980288565,181.69987185820645,223.5292099633826,98.165558633827,86.76574045858041,121.58300983705774,222.0933291612306,111.43116459681109,115.40539013757342,167.64549422402413,158.1439626786379,80.31633493281409,216.50931849120036,210.5223823991683,106.28576792361059,132.78180524714253,126.57297464104082,170.58768999629964,178.51500592121963,117.80125022740133,144.60713533022718,0.07235682748644306,0.01692478372918898,0.11639335703475193,0.07705731925948044,0.06838709616059746,0.06633093140929032,0.04666672823975269,0.1195075212238454,0.1740331933394854,0.01874599447431925,0.08238493233769542,0.03939823565118432,0.05988504758457865,0.11885871315800377,0.07184794900567602,0.10312186361997498,0.1675217144362845,0.023080274431546872,0.0559918344878215,0.08216204486987427,0.022826021192894168,0.06015632495135081,0.17455389004655014,0.082533629594392,0.0374931841708278,0.07071854918151758,0.06810481542472,0.06865172565371372,0.10850017178353041,0.10746712632451087
224,156.10629813802754,46.96360177194166,0.0792117453337573,164.11343839544108,282.51168591748706,122.7226218037406,166.7650734748023,168.63067870236853,225.21576870779828,172.32472353891254,133.67614892109702,181.30420570920487,123.79187980288565,180.5083388603719,223.5292099633826,98.165558633827,85.99453990637767,117.57847508372328,215.77449355394427,111.43116459681109,115.40539013757342,167.64549422402413,153.6857592661761,78.73310595221072,216.4747812177439,210.5223823991683,106.28576792361059,132.78180524714253,123.87742579111134,169.03960614585455,178.51500592121963,114.44525408596002,141.7391602568558,0.07985208807236474,0.10048954393972104,0.04244537708522865,0.06432515344427146,0.06474274169084515,0.16762094428683558,0.1666779095402539,0.15081650290910437,0.11640107470411035,0.11056354753850114,0.07989562128708338,0.012738218181332603,0.10639036750707812,0.08494181959663297,0.07158866453583469,0.082294662137165,0.08800440352623932,0.016489768244626803,0.025306137458656706,0.07520722288770636,0.01857846534865997,0.06760316426265005,0.1586589991181704,0.03880428746754842,0.08582213863889193,0.07751991126660907,0.023216346102420314,0.03555945919614562,0.11192567890843907,0.05187214112959182
225,154.9780808732761,46.74967307299701,0.09108029314886648,163.4534418017792,276.5873455094045,122.61042276486758,165.80582690934529,167.6282841169911,225.21576870779828,172.09156796897545,133.67614892109702,181.30420570920487,123.79187980288565,180.13707775430015,218.0788305725899,98.165558633827,85.99453990637767,117.57847508372328,215.77449355394427,111.43116459681109,115.40539013757342,167.64549422402413,153.6857592661761,78.32044919857437,214.08997782531787,210.5223823991683,89.94968338538281,132.78180524714253,123.87742579111134,169.03960614585455,178.51500592121963,114.44525408596002,141.7391602568558,0.12140937549366819,0.12436601639528869,0.023537892337284747,0.11427209654731618,0.10856066971104504,0.1185233879450589,0.09371471699647364,0.06233423814203232,0.10226231865641203,0.17131351532896014,0.10578241748054198,0.11049081726150574,0.16684293988765944,0.08162357046524615,0.10524093577273833,0.0806607979632001,0.07855937115361175,0.024993792067313836,0.17007645562796136,0.17062852372114345,0.06917869785589251,0.11215829607470804,0.07698203934108061,0.029359497873726832,0.03476021087939887,0.03380485141061862,0.021264358089031966,0.11470381212743413,0.041024589759447644,0.06397859210019244
226,154.21116569135805,46.876857032270564,0.07153403888456128,163.4534418017792,276.18887238085597,122.12785588910995,164.2567092187982,167.6282841169911,225.21576870779828,172.09156796897545,133.67614892109702,177.98130847466092,123.79187980288565,180.11637276249647,218.0788305725899,98.165558633827,84.7056321304081,117.21350240479832,215.77449355394427,111.43116459681109,115.40539013757342,167.45574872945335,145.6258125886534,78.32044919857437,214.08997782531787,210.41584955877863,88.72670461238893,132.21184841072275,123.8499653306548,169.03960614585455,178.51500592121963,114.44525408596002,136.3359662577637,0.09900937550488839,0.03474647718180928,0.014950157830355856,0.0906796391438065,0.0503617618352263,0.029033294039622508,0.02246338803619942,0.08263209635417022,0.04719680975940554,0.10503910386906448,0.13531722643107208,0.07590871248568337,0.10022635584675169,0.10861694984471665,0.04646166269947513,0.0383022884598111,0.12367806523625566,0.06387362380193959,0.07011397722013299,0.055594623148099646,0.07834486801210284,0.08365111170565886,0.10873518527716404,0.06267587071090765,0.017272423813313644,0.026877161286606905,0.15686134566895024,0.11878522174948083,0.07463778976189665,0.02397459982226954
227,153.80902841326684,46.69003425699619,0.07243735280558335,163.4225524912053,276.18887238085597,122.12785588910995,164.2567092187982,167.6282841169911,224.08344196356464,167.4466112489931,133.67614892109702,177.52523208359264,123.32135493132479,180.11637276249647,218.02922049764894,98.165558633827,84.7056321304081,117.21350240479832,215.55685588925118,111.43116459681109,115.4053901375734,167.45574872945335,145.6258125886534,78.32044919857437,214.08997782531787,209.788821290433,88.64901597403507,132.11710791348042,123.42367652389734,168.11125610052719,175.6070056115626,114.44525408596002,136.3359662577637,0.12771264969430424,0.019594247081500475,0.01391589659849509,0.08561899185542601,0.021704382580785164,0.06847136399035154,0.01406342808781818,0.03795744817842771,0.026144090501868108,0.03973199451139088,0.05171274389738555,0.08071849716306671,0.025005456589219707,0.12979848517715997,0.06169947137330275,0.05488028079055321,0.11202213942784411,0.20932873268892618,0.11834073514794095,0.16312716366386848,0.12050425383302657,0.08287418276509628,0.055351947935064295,0.06821135346252377,0.032958932374103536,0.023313330391276726,0.1512594341145345,0.036598772650217895,0.078722730775107,0.061777446866915095
228,152.56424134590387,45.12307398180721,0.0720456768298731,162.83553361803607,259.634603348993,122.12785588910995,159.2679922580018,167.6282841169911,224.08344196356464,165.85471329227627,131.7672846331601,177.32523383595156,123.32135493132479,180.11637276249647,218.02922049764894,98.165558633827,84.62284621443567,117.21350240479832,215.55685588925118,111.43116459681109,115.4053901375734,167.45574872945335,139.95905393898013,78.32044919857437,208.9714667768065,209.788821290433,88.64901597403507,132.11710791348042,123.42367652389734,168.11125610052719,175.6070056115626,114.44525408596002,135.69117520915364,0.0361219987503113,0.01641163060730871,0.020410439400844544,0.03923039143850818,0.07588363548971196,0.1628331370904232,0.050552541426300016,0.07519549335920951,0.02523259779674393,0.05826019863014366,0.10563443906469523,0.07910719503074443,0.07059159974946388,0.09930743917691465,0.11747278450460064,0.01308431096040696,0.045126655896118834,0.15871619711529525,0.02659160429726911,0.08314583514326492,0.10194884739791761,0.07947932642369954,0.039876192185899474,0.028541479671459896,0.07317515731179083,0.07559727732478182,0.17478275251927114,0.0790640667944233,0.08083507273266628,0.06916000760600477
229,152.1383185760271,45.05694111868457,0.07504329624935903,162.83553361803607,259.18841259127123,121.63110292668779,159.2679922580018,167.6282841169911,224.08344196356464,165.85471329227627,131.7672846331601,175.6771545086802,123.32135493132479,176.57429437969435,218.02922049764894,98.165558633827,83.51445591510063,117.21350240479832,215.55685588925118,111.43116459681109,115.4053901375734,167.45574872945335,138.5400447377142,78.32044919857437,208.9714667768065,207.97587031724882,88.18467480060893,131.98807575280836,121.7128186656968,168.11125610052719,175.6070056115626,114.44525408596002,135.69117520915364,0.09894944000095585,0.1808638600831636,0.054422041448148745,0.021479437122766495,0.03720923677430929,0.13748849410180658,0.12629192443317216,0.07680044886878445,0.022940310258671118,0.013582162131680484,0.07229086746220728,0.0667899955234201,0.11769761408436541,0.07606464395528634,0.08424039478547846,0.018942545840355113,0.07839723947363605,0.12716521442796375,0.06840434119451697,0.07218801682020107,0.06600520742295576,0.0788397119755232,0.0651815742285257,0.05423088650195444,0.08044477242258616,0.03362568969168318,0.14482347928092484,0.12039950424972368,0.03027739614683561,0.0252624367691689
230,150.90635300722303,44.069281955471155,0.07536832173170661,162.83553361803607,242.42340161694318,121.46685308945186,159.2679922580018,166.6287757005889,224.08344196356464,165.85471329227624,131.7672846331601,175.6771545086802,123.32135493132479,176.57429437969435,218.02922049764894,97.11615097849327,83.51445591510063,116.46678243053145,212.17048400561333,111.43116459681109,115.4053901375734,167.45574872945335,138.5400447377142,78.32044919857437,208.9714667768065,207.97587031724882,88.18467480060893,131.47389592020923,109.6416869848002,168.11125610052719,175.6070056115626,113.49962936376576,135.37441312192678,0.08189529898101887,0.0865923418867752,0.026100820830544737,0.0654319438508852,0.07297477340711542,0.15606818708374665,0.053400676408560506,0.03009104181181572,0.07107279741501267,0.06590095121668979,0.06918001494806947,0.1195171905637211,0.07060665311335886,0.02837818746500068,0.1565567765075637,0.12204717433240217,0.1233603150758123,0.09953746988922925,0.11955953199474981,0.06462701104215086,0.02643376774902957,0.07769179776588984,0.06778547324559794,0.015859432797277553,0.04631061346603306,0.06546152254715353,0.15278093014431926,0.08654233354911117,0.012973784505761346,0.026310838356801328
231,150.7500289026803,44.13769255105878,0.054979349047681134,162.83553361803607,242.42340161694318,119.89100757926606,159.2679922580018,166.28797077507176,224.08344196356464,165.62155772233916,131.12303835272513,175.6771545086802,123.32135493132479,175.88420173653174,218.02922049764894,97.11615097849327,83.50205666245463,116.46678243053145,212.17048400561333,111.43116459681109,115.4053901375734,167.45574872945335,138.5400447377142,78.11738415371478,208.9714667768065,207.97587031724882,88.18467480060893,131.47389592020923,108.65157307526061,168.11125610052719,175.6070056115626,113.49962936376576,135.37441312192678,0.07032212224274946,0.076993504393821,0.061129627855437824,0.030222100352012317,0.023352411358459363,0.12466879905080816,0.017175057115328282,0.06607728484667424,0.06251475149689098,0.06276608339224288,0.021932289759157023,0.05240941740188152,0.023741944156249806,0.11374983524822051,0.05225994684527985,0.049198255548168396,0.05087423752571845,0.0497546081223238,0.09207043051240615,0.07165290460136756,0.029237850679368384,0.0784471790412876,0.06727147275422315,0.053792406863073274,0.023431629492961962,0.07427844028528213,0.07961632575019228,0.037937372211138014,0.01208348450126807,0.02041869802644164
232,149.71516697741168,43.38176346166158,0.06840661470459114,162.06849495311903,237.60339159788887,119.89100757926606,159.2679922580018,166.28797077507176,223.43578105343718,165.62155772233916,128.00076964025487,175.17182953599416,123.02314400957381,175.88420173653174,218.02922049764894,97.11615097849327,83.50205666245463,116.46678243053145,203.12991734979346,111.28982284923309,111.56133229543346,166.8745475273536,138.5400447377142,78.11738415371478,208.9714667768065,204.58102552335336,88.18467480060893,129.33061659801214,108.49777847259195,168.11125610052719,174.02074822090853,113.49962936376576,135.37441312192678,0.031656886518537306,0.12146837282653847,0.02657857682488335,0.06662877516050202,0.06863271602946035,0.1317194683802935,0.02623871530248004,0.030241422879939542,0.1535977745506819,0.15662383644506228,0.06213631586219477,0.10529438588611467,0.06390012837593455,0.04826890107083845,0.0689324953112717,0.01871573704863161,0.07013059006939909,0.0424680133449503,0.07683841733498095,0.035528649628949804,0.052883314797183965,0.036357169714321305,0.0740730689075346,0.018555191527932353,0.06856816465364689,0.06945219562923649,0.08178114803797526,0.068890832309534,0.06270870015673209,0.11332847655199235
233,149.12602407921494,43.285893723767806,0.07197423308941582,161.95306363937007,237.60339159788887,119.89100757926606,158.31823250214114,166.28797077507176,222.5276278748193,165.01338797714132,128.00076964025487,175.17182953599416,123.02314400957381,175.88420173653174,218.02922049764894,97.11615097849327,80.87927592437555,116.46678243053145,203.12991734979346,111.05793883296667,111.56133229543346,164.65034995424864,138.5400447377142,78.11738415371478,208.9714667768065,204.58102552335336,88.18467480060893,129.33061659801214,108.49777847259195,162.3494583141966,169.76863538221315,113.49962936376576,135.37441312192678,0.01801448585611852,0.148659300939164,0.02010157608011353,0.07403438379090871,0.12251401712254062,0.049074799154258185,0.06257771386966529,0.014095570259820837,0.06992653475906355,0.1617362030414938,0.16050922472700385,0.09327570005158897,0.06086762997809597,0.031894890414840615,0.07242006325751825,0.030937387689996435,0.06795993866670876,0.02520193831836809,0.029520776836439142,0.10366789708962042,0.0691110593849484,0.09783448336444052,0.04174383869073671,0.05641273735835838,0.06394539840236121,0.07279204133721688,0.08018779845280004,0.07555745217571697,0.06295343350582581,0.12169871810674238
234,148.88409031878209,43.15363972292521,0.07485951296790602,161.95306363937007,237.60339159788887,119.89100757926606,157.22338475664358,166.0757244821624,222.5276278748193,165.01338797714132,128.00076964025487,175.17182953599416,122.55261913801296,172.3421233537296,218.02922049764894,97.11615097849327,80.87927592437555,116.40611621186412,203.12991734979346,111.05793883296666,111.56133229543346,164.65034995424864,138.5400447377142,77.96525835588173,208.9714667768065,202.85550201963827,88.18467480060893,129.33061659801214,108.49777847259195,162.3494583141966,169.76863538221312,113.49962936376576,135.37441312192678,0.10735934781666276,0.07284467319686126,0.06419391010523004,0.07746582416699392,0.049858640688609485,0.03038530016031052,0.1163022556000212,0.07057004194442774,0.07573322627035595,0.09254555219883291,0.06745642096610031,0.09202883405457424,0.10157724409805946,0.024595436827829713,0.1275905456895807,0.07561991275810027,0.117374858333229,0.00991858682226378,0.11365799850547646,0.03891546661039972,0.01847459087860367,0.036751747425897166,0.07162374458669807,0.10695328239151224,0.08035244021269908,0.1188177880586747,0.029025554096177228,0.1271165348971781,0.08447657001966487,0.04619905965615603
235,148.47175529903194,42.91224230219799,0.065608994526144,161.46526306038908,237.15720084016712,119.89100757926606,156.74705871711262,165.0762160657602,222.30345430920354,161.56304058275737,126.80029000360221,175.17182953599416,122.55261913801296,172.3421233537296,218.02922049764894,97.11615097849327,80.87927592437555,116.40611621186412,203.12991734979346,111.05793883296666,111.56133229543346,164.65034995424864,138.5400447377142,77.700314008061,205.73015355253472,202.85550201963827,88.18467480060893,129.33061659801214,108.49777847259195,162.3494583141966,168.1896687510897,113.49962936376576,135.37441312192678,0.07381971538859744,0.06947249637166952,0.03604501433712508,0.036688736269532715,0.030780067902670998,0.07039142828829542,0.04528542815697299,0.07516109639949003,0.12874440211528881,0.03223119287364562,0.039928833536029606,0.045622664545786555,0.02431641538208941,0.017195646474683378,0.12585387302330492,0.17661489220746032,0.039452351530000776,0.053552423155725164,0.0799161272113588,0.1118244909029606,0.013958995728522884,0.06508994028592438,0.11650145723651475,0.032562819962662984,0.03746828535707337,0.07728026085884744,0.015468236440790392,0.15160572987183807,0.03773228202950389,0.10770453193995314
236,148.054849049015,43.07628298830491,0.06388624939885915,161.34238684672292,237.15720084016712,118.74743790385034,155.80986824613706,165.0762160657602,221.39530113058566,159.16422750917818,126.80029000360221,174.5157548972848,122.55261913801296,172.3421233537296,218.02922049764894,96.92132458707938,78.44490945688503,115.8843317318216,203.11573718556534,108.5530236957712,111.29415305334356,164.58410971731772,138.5400447377142,77.700314008061,205.73015355253472,202.8263013613671,88.18467480060893,129.25736144116075,108.49777847259195,162.3494583141966,168.1896687510897,113.49962936376576,135.13985080689585,0.022203095636735743,0.06518670748629844,0.1139146735021053,0.05940439700990173,0.020405793916802722,0.028286417833182947,0.09974469300485309,0.0667495861855483,0.06432387927238105,0.09847629123310082,0.0626614824050447,0.022230492784478632,0.018324326546672414,0.05305095779017941,0.06821157434989605,0.0996121266665685,0.02536041583647717,0.02939372448060247,0.07473553701695085,0.10949499901362406,0.06029470147408204,0.022665631758155863,0.10655826350245398,0.022405077351023157,0.061788187738778394,0.0727927981253361,0.11834165953281223,0.08859940619903361,0.11555726582288947,0.04581331848980526
237,147.71067327551785,43.05573758535157,0.08187581793701916,161.19600419190502,237.15720084016712,118.74743790385034,155.80986824613706,165.02273065080277,221.39530113058566,159.16422750917818,126.80029000360221,174.5157548972848,122.55261913801296,172.3421233537296,218.02922049764894,96.92132458707938,78.44490945688503,115.8843317318216,201.29865738021428,108.5530236957712,111.29415305334356,163.87940325757813,136.1953010577223,77.700314008061,205.73015355253472,202.05536947314647,88.15160313994336,129.25736144116075,108.49777847259195,162.3494583141966,167.13793884685683,110.09648762682843,135.13985080689585,0.014718540905754314,0.1186606398518738,0.022419881331995024,0.06881695376754174,0.06947606735472986,0.027330408141530642,0.11565277629549772,0.10911980432135333,0.08073334369302618,0.08383370460296266,0.11627268268434031,0.01215105385371951,0.057846242558848335,0.0625030780974895,0.10479019779435368,0.11755486401924432,0.0140132237046402,0.11367230284212351,0.07333535161040491,0.15426232819803876,0.10961100915664307,0.06475414369143803,0.084150533603192,0.02292353616001077,0.0365929643866035,0.07778255007595204,0.10267027215817748,0.2086471243558786,0.08879767725112682,0.12318128164208401
238,147.2654668318543,43.149063952894444,0.07079253122532012,161.19600419190502,236.06307084499002,118.74743790385034,155.80986824613706,165.02273065080277,220.86891753619932,159.16422750917818,122.93667018056654,174.5142733409528,122.55261913801296,172.19241968415645,216.58102334392643,96.92132458707938,75.82212871880594,115.65939623759726,201.28447721598613,108.5530236957712,110.31504619839855,163.87940325757813,136.1953010577223,77.53044849322563,205.73015355253472,202.05536947314647,88.15160313994336,128.59266410749862,108.19495390438273,161.63613205955528,167.13793884685683,109.51552703197375,135.13985080689585,0.05479381924243306,0.04875472774822333,0.015531312205541041,0.029569071918944527,0.03938670858284135,0.06990787618060253,0.045326716345925215,0.07730734160610049,0.08146957379714677,0.12600966065972932,0.11121555085551789,0.012124853355029459,0.15969214348985125,0.0663712383348459,0.12354310995442876,0.046698781027390446,0.11002352033060553,0.08113087399587438,0.08475754826686363,0.08286033277056033,0.12364468967969794,0.06672699662146764,0.11244023837201628,0.022150878841041957,0.028128534009476625,0.027735005534456306,0.08777867482020876,0.09395853032022349,0.05160829659745968,0.043129331295099375
239,146.64245624000296,43.308084035040764,0.07363769037187627,161.19600419190502,236.06307084499002,118.11966922095975,155.80986824613706,158.8823806299497,220.86891753619932,159.16422750917818,122.93667018056654,174.5142733409528,116.9206658758265,172.19241968415645,216.58102334392643,96.92132458707938,75.82212871880594,114.83066216504565,201.28447721598613,108.5530236957712,109.57292948374574,163.87940325757813,132.08354569516982,77.32166380591006,205.73015355253472,202.05536947314647,88.15160313994336,128.59266410749862,108.1427019928737,161.63613205955528,167.13793884685683,109.51552703197375,134.79324776586705,0.07864534173618978,0.018574128542851596,0.02059103176386126,0.057128736935233584,0.03466371147176635,0.034309094598370456,0.07654598054187897,0.07643242334578194,0.034963052334590336,0.09183367802124007,0.07906466403875242,0.11103025364365711,0.05157085517662228,0.025511414665304585,0.14226969976841947,0.1123148549517552,0.0546013271689703,0.057535144396813974,0.13059847031164293,0.0760863630465746,0.042041280051136776,0.07319225855728774,0.08978987206923264,0.06300413919538969,0.07222551553165779,0.11121877291854093,0.1253630933249501,0.12085920815989247,0.07323348713876655,0.07393285774915581
240,145.90727569947634,43.2068864237006,0.05844913458091193,161.19600419190502,234.23923565487573,118.11966922095975,155.80986824613706,158.8823806299497,219.47688473284404,157.14082747371955,122.93667018056654,174.05967850621653,116.9206658758265,169.57070545134997,216.58102334392643,96.92132458707938,74.38550660334312,110.89276139688536,201.28447721598613,107.74098471275904,109.57292948374574,163.54028685630277,132.08354569516982,77.32166380591006,203.927657651036,202.05536947314647,88.096327632594,128.59266410749862,108.0686197621706,161.63613205955528,167.13793884685683,109.46838143647776,129.55808614949538,0.07882103799073253,0.06987045552274368,0.14566509765545696,0.021028411575216774,0.029728315164765196,0.11463939774682799,0.07471204218888067,0.020200229528989366,0.06573747414069792,0.04136696959001303,0.0625916178109868,0.08300520558994053,0.025436810011620656,0.06919998908989355,0.07744441030807529,0.02110577557017059,0.07416526883259994,0.01749630215391212,0.05548178054802885,0.0284602977348438,0.025850529646305187,0.025758311870287317,0.0823093979991451,0.02381361038472964,0.06603149303201898,0.0441419239779499,0.05151088788347169,0.054332773439740994,0.07409658255527596,0.12947163788403662
241,145.4176640026905,42.58388072087643,0.07221811417077847,161.1197926981892,228.27901358656064,118.11644041345345,155.80986824613706,158.8823806299497,219.47688473284404,154.8725547996593,121.38589933849556,174.05967850621653,116.9206658758265,169.51264587860683,212.01086631554787,96.92132458707938,74.38550660334312,110.89276139688536,201.28447721598613,107.74098471275904,109.57292948374574,163.54028685630277,132.08354569516982,77.32166380591006,203.927657651036,202.05536947314647,87.8948992158087,128.59266410749862,108.0686197621706,161.63613205955528,167.13793884685683,109.46838143647776,129.55808614949538,0.036865408563852876,0.027926620622186548,0.11784398737681429,0.06513987463656735,0.034734168595679765,0.04915748917160802,0.06761020903997574,0.0732453074142547,0.06630369292150953,0.009333886339450653,0.10545613135957545,0.1610362224134331,0.06136542504292912,0.12626596396104428,0.10858474393813894,0.0656268327860396,0.030932140804869727,0.06441090295419942,0.0327511339723697,0.07143113360602187,0.06528833440015068,0.06861573364498184,0.07893706699710676,0.005914113606044732,0.07387192786301991,0.058875017572062475,0.11404818076908972,0.11220121189934155,0.11838195429820884,0.09438860855282712
242,145.23028029625078,42.61740509825386,0.07203484033021916,161.1197926981892,228.27901358656064,118.11644041345345,155.74250972138012,158.84735286736617,219.47688473284404,154.8725547996593,121.38589933849556,171.4968274477102,116.9206658758265,169.51264587860683,212.01086631554787,96.82583273819436,74.38550660334312,110.06402732433375,201.28447721598613,107.74098471275904,109.57292948374574,163.0916717481733,132.08354569516982,76.36848634053685,203.927657651036,202.05536947314647,87.8948992158087,128.59266410749862,107.43836440976511,161.63613205955528,167.13793884685683,109.46838143647776,129.55808614949538,0.030599192507688066,0.05501811279263225,0.09382641178450322,0.11826025349219721,0.018755794708404723,0.02835388086234571,0.028885401676507896,0.02428994042409529,0.07603741280421812,0.016863194863379734,0.08284089123970545,0.16106370681463356,0.06654244457403527,0.05446032934009538,0.08043535295114326,0.1348925109983642,0.01964059773116931,0.0811800012461273,0.10980193890178472,0.06471319262954267,0.1271432411677505,0.07050775595382536,0.12070434224813846,0.10402116430375623,0.03342434081068127,0.12223280493130145,0.05504673096944564,0.034211148247338306,0.05337745608944906,0.09391566284231535
243,144.75522241556843,42.54182287519623,0.06648664833435372,161.1197926981892,228.27901358656064,118.11644041345345,154.20789740627893,158.84735286736617,218.8218674252011,151.60178899474906,121.38589933849556,171.4968274477102,116.41449983326478,169.51264587860683,212.01086631554787,96.25832786031654,74.38550660334312,110.06402732433375,199.95921654990488,107.74098471275904,108.32397558745453,162.8493000637158,129.73880201517795,76.36848634053685,203.74409364755377,202.05536947314647,87.8948992158087,128.59266410749862,107.43836440976511,159.2633559174835,167.13793884685683,109.46838143647776,129.55808614949538,0.11898123945643709,0.07861958599171788,0.04545916757323523,0.11904483069666044,0.06286168287984491,0.018760575206684595,0.05579754947152277,0.061506444691502335,0.023728234395049685,0.05708939920630513,0.09009955281469137,0.1028955436498786,0.07679087867236854,0.07036234290195625,0.050678935223393146,0.09101524360234223,0.015052929653448566,0.06489917854911716,0.032224351592112635,0.11305659454862073,0.05000886342040356,0.021849113987069915,0.07695984074251319,0.038412069367507684,0.02446620071451375,0.11377045921489708,0.08163168731581702,0.07148145655243869,0.031845394157515944,0.1352501037810457
244,144.49983072127912,42.45732281651532,0.06998961518960936,161.1197926981892,228.27901358656064,118.11644041345345,154.20789740627893,157.70658092847813,218.8218674252011,151.60178899474906,121.38589933849556,171.4968274477102,116.41449983326478,168.79047282477046,212.01086631554787,96.21933144770651,74.38550660334312,109.76761942130146,197.670910950807,107.74098471275904,108.32397558745453,162.8493000637158,129.73880201517795,76.36848634053685,203.74409364755377,201.23378279747885,86.25471622490375,128.59266410749862,107.43836440976511,158.5500296628422,167.13793884685683,109.46838143647773,129.55808614949538,0.09511756323153418,0.047175714363922476,0.022924540747603864,0.0801972518144086,0.03443554236180624,0.01112687155668941,0.10788039720239892,0.022703575658759377,0.07258630993783532,0.10045882379056925,0.08870394038766832,0.10150133957003628,0.07358746444400147,0.08189880678993229,0.07240226886055502,0.028140218716333987,0.09446560615473146,0.027879237309494303,0.1136610586731798,0.08644787618421715,0.07202339906666655,0.016813362499461183,0.10310321034301895,0.05845050376771924,0.08175118813952832,0.08152006390219155,0.11628597589570742,0.01984172408432154,0.06263792978882823,0.12396669044516022
245,143.92126939080967,42.5092949322088,0.05522051771241201,161.1197926981892,228.27901358656064,117.05636957845176,154.07742404791333,157.70658092847813,218.8218674252011,151.45249965153056,120.24115966598497,171.0407510566419,114.89911326622835,168.79047282477046,210.56266916182534,96.21933144770651,74.38550660334312,109.54087102599023,195.49219192139932,107.36775894891463,108.32397558745453,162.8493000637158,129.47058135321848,76.36848634053685,203.74409364755377,201.19641201799354,86.25471622490375,120.70527765458728,106.98174523888723,158.5500296628422,167.11362250749295,109.46838143647773,129.55808614949538,0.04609808289601633,0.15520222800807823,0.05574605220764996,0.06698648508228876,0.019034464078928937,0.012965591941216017,0.028309595355856833,0.0190370029947972,0.06061913024463904,0.02484930640431311,0.06377571231831108,0.04177510016765425,0.01856564638192143,0.06481318032356916,0.07517048056913352,0.12889782654987222,0.03245761450809975,0.031010001582296075,0.06532310712666284,0.02608401018966385,0.07349176266402407,0.016724989015908756,0.08972554274353431,0.03536828955227657,0.04616043158882256,0.08081340430947333,0.04622069514867011,0.0649003447998889,0.07327262956862193,0.09321682305017098
246,143.38212960137923,42.33096133422243,0.08328436418212594,161.1197926981892,228.27901358656064,116.11255282191138,154.07742404791333,157.647448640632,216.62722340291884,151.45249965153056,120.24115966598497,169.08322780353234,114.89911326622835,168.79047282477046,209.9313222050703,96.1702766767195,74.38550660334312,104.69125600448359,194.51439031514656,107.36775894891463,108.21836751669439,162.39530502895585,129.47058135321848,75.95141619488307,201.0242171436264,201.19641201799354,86.25471622490375,120.70527765458728,106.98174523888723,158.5500296628422,167.11362250749295,109.46838143647773,128.74337689696375,0.06767410419916774,0.16355789473621335,0.06388817000663961,0.059235362396555476,0.05932530865728508,0.019879178051092933,0.15269891275023512,0.1694851730054623,0.06223314651890574,0.11540785764413267,0.07234701759192003,0.022800348793168418,0.008310269169342115,0.10519854965430304,0.031953556433013876,0.07235530813675403,0.028746128129362596,0.06101349811906655,0.1140423044134568,0.12553026553749727,0.02633183554566075,0.10809029348312262,0.08121731584972482,0.030351066107930244,0.11894850727452608,0.13602819062521532,0.06711306902393979,0.12661982291957857,0.1574125821781576,0.07073588851234709
247,142.71150706314685,42.415040553763575,0.08795990403031036,159.80312436521174,228.10395310510845,115.47632336639639,154.07742404791333,157.647448640632,216.62722340291884,151.45249965153056,120.24115966598497,169.08322780353234,114.30546600284674,168.79047282477046,208.4831250513478,96.1702766767195,74.38550660334312,99.88606364081738,192.02109637362906,100.98844953260459,108.21836751669439,162.39530502895585,129.47058135321848,75.88749595783605,199.03815723864545,201.19641201799354,86.25471622490375,120.70527765458728,106.98174523888723,158.3289320664423,167.11362250749295,109.46838143647771,128.74337689696375,0.06752953661756343,0.13375756162599758,0.069042177924659,0.06610286221046205,0.11754415618003586,0.06580982483716433,0.12476173718305482,0.09459221305853863,0.08280791719332989,0.07916681849613214,0.0987396578216729,0.017685612998259506,0.05871109607869682,0.10513137107881873,0.06593573553848654,0.11579000785580378,0.11193943644972261,0.06880727733492237,0.07884190365571964,0.1595463532547839,0.11508512828913499,0.06272367407718848,0.1473511703379775,0.06952184263221499,0.13032831843506912,0.03446075650239261,0.02380963024776936,0.08918460368635045,0.11328634674599974,0.07080239256138872
248,142.14588063306581,42.517820755724834,0.07760548663459406,159.80312436521174,227.70055480101271,115.47632336639639,153.49382957655115,157.647448640632,216.62722340291884,151.45249965153056,117.42427112572258,169.08322780353234,114.30546600284674,168.7817492451052,208.4831250513478,96.1702766767195,74.38550660334312,99.78769196111736,190.8421125764848,100.98844953260459,107.92115879515706,162.06156855431095,129.23925673762412,75.88749595783605,199.03815723864545,200.4873766968974,86.25471622490375,120.70527765458728,106.98174523888723,158.3289320664423,167.11362250749295,109.46838143647771,118.43584949963537,0.01343495460992275,0.11011117521863854,0.07392326884142025,0.06101022369612441,0.04658583288207233,0.11514804582801516,0.09546314512584508,0.11003148284832509,0.12296357235656256,0.0664070075588549,0.11206610207750226,0.11079829711143077,0.11377800982573066,0.08043124679340635,0.10029730639429843,0.07443494293454805,0.03937089175153418,0.07220883198476076,0.08006590269918944,0.09034878694735643,0.05756146953961995,0.032011728047147386,0.057402926520813385,0.03511985742143954,0.1271018972578723,0.07306819978057211,0.060715943309366215,0.0791528001164428,0.08575540847977005,0.031395341079239
249,140.97327981451662,41.14818035001111,0.06273272484284521,159.80312436521174,208.9119684742964,115.0524819869097,153.43552017199565,157.647448640632,215.71255600251186,149.2874774149513,117.42427112572258,169.08322780353234,114.30546600284674,168.7817492451052,208.4831250513478,95.51298059179659,73.8908771236675,99.78769196111736,190.69583570754781,100.17641054959243,106.49447614784027,162.06156855431095,129.23925673762412,75.0443223279524,198.3569542263723,194.58308303990708,86.25471622490375,120.63202249773586,106.75136656189207,158.2058141798541,165.74877095499323,109.4683814364777,118.36544932684953,0.022314996579367634,0.054775457352418074,0.10871398625142296,0.020112551176878893,0.029919624247239006,0.1166189884081008,0.0546204352972784,0.059807237829866494,0.051738155877338196,0.12173565720433693,0.11043318019129456,0.14268055197655244,0.025683273100654123,0.06037156255749762,0.1510779083531149,0.028507203535797165,0.06899999469577653,0.02889664564845668,0.03117460745740571,0.12015891978942571,0.021704716854168353,0.038163241368623126,0.06878730621024017,0.02025453620316139,0.09622000984696344,0.02597541912517936,0.07483302264484724,0.027642002522398384,0.08457027078836643,0.015490282191185548
250,140.67007606244613,40.948560009463904,0.07203031057877661,159.80312436521174,208.9119684742964,115.0524819869097,152.65361508732755,156.9709511472441,212.97767598667986,149.2874774149513,117.42427112572258,169.08322780353234,114.30546600284674,168.58889612107876,208.4831250513478,95.51298059179659,73.34733786473916,99.78769196111736,190.69583570754781,99.80318478574802,106.49447614784027,162.06156855431095,129.23925673762412,74.77509607460013,198.3569542263723,192.2263672796455,85.96494064010352,120.56923752725429,106.75136656189207,158.2058141798541,165.74877095499323,109.4683814364777,117.5507400743179,0.06950210091243474,0.02177218038139142,0.09381679883315357,0.06607288459174075,0.07570045883729759,0.07481416501117286,0.024476501920851722,0.03765707443364025,0.02173278791268983,0.08843598047515047,0.08805975483484817,0.09530408435174516,0.11752387756468793,0.06923706043004471,0.11864722744713757,0.0732637475346821,0.06821063325169863,0.059698519827628936,0.11109071236508489,0.09891613125843923,0.010704844704572874,0.14942272780707946,0.07137239790655112,0.012960110873525348,0.08120855529237872,0.11105453190313236,0.031760038134039124,0.018848941210843507,0.036882345164548094,0.1627621421911076
251,140.4860963865908,41.00899985543877,0.07001537022177799,159.72691287149593,208.9119684742964,114.42148449651279,152.65361508732755,156.9709511472441,211.58564318332458,149.2874774149513,117.42427112572258,169.08322780353234,114.30546600284674,168.58889612107876,208.4831250513478,95.46392582080956,71.34858352243091,99.48742117740684,190.34112256479227,99.80318478574802,106.22729690575038,162.06156855431095,129.23925673762412,74.71117583755311,198.3569542263723,192.2263672796455,85.96494064010352,120.56923752725429,106.49410975028422,158.2058141798541,165.74877095499323,109.33938227879105,117.5507400743179,0.11895457668303523,0.01956540125001624,0.03493335057854067,0.1018264607694452,0.04396167552580343,0.03073315413106174,0.06821087327117907,0.022947870215336917,0.021412302612347604,0.04546111427579557,0.15614470266977123,0.07165367278154929,0.06466242533337115,0.042996641748077644,0.11561645999191429,0.06738671142732885,0.03045177878292076,0.018769706679080744,0.056273799808352884,0.03710192326650754,0.11301610351666823,0.1173883198296165,0.028677110598799647,0.14479933414288582,0.07716716314884974,0.08414149995652027,0.1137183902666847,0.06856944196574925,0.06448448242350563,0.11943465900262398
252,139.8056324698197,40.746024352619465,0.07090596997925529,159.64087334908925,208.9119684742964,113.78525504099782,151.42204417025542,156.9709511472441,209.86830859763302,147.27382237488115,113.52715765349971,169.08322780353234,112.99014027155273,168.58889612107876,206.72513194235688,95.46392582080956,71.34858352243091,99.48742117740684,184.4555510857683,99.80318478574802,106.22729690575038,162.05618862768046,129.23925673762412,73.86253155946189,198.3569542263723,192.2263672796455,85.96494064010352,120.56923752725429,106.49410975028422,158.2058141798541,165.74877095499323,109.17074263264671,116.70031973434041,0.08672368376957018,0.006355440221175172,0.11992561291827103,0.07239932230897218,0.0735956274609628,0.020846109505800348,0.07373647902700403,0.020871658504177017,0.022890354378182935,0.11494783614909838,0.08160311736462933,0.07726240356589156,0.007808155901988999,0.02455178423553005,0.09046793626346461,0.11253010910734719,0.0693417583209028,0.10489917242946407,0.15401216260812187,0.1383873653042765,0.04273001932745822,0.09410162049008992,0.016920874480467994,0.10807661648181728,0.03186647650065104,0.0759147225808823,0.0776121166373591,0.052598406212272075,0.06056520920829395,0.09363694811353543
253,138.7916817504818,40.13828298033567,0.0696887352394375,159.64087334908925,208.9119684742964,113.78525504099782,151.31223288690427,156.9709511472441,201.9577843803865,144.8443818851059,112.50507774580834,169.08322780353234,111.13525838933535,168.58889612107876,198.15090496891412,95.46392582080956,71.05421435312711,97.77105920122594,184.4555510857683,95.22936074741474,106.22729690575038,162.05618862768046,129.23925673762412,73.70874831798122,198.01760788798134,191.89299809654642,85.81536363563232,119.833409248501,106.49410975028422,157.98471658345414,165.74877095499323,109.17074263264671,116.70031973434041,0.1168210180561315,0.06340391245114274,0.03739621735689735,0.07381165892151449,0.03230186664007148,0.01243103373976649,0.10104775330915136,0.06664125537039436,0.10095891938493592,0.07321837977107726,0.10779419820800966,0.03529955429455067,0.11511198636912046,0.07400787904097834,0.028679360655271765,0.026637247274026964,0.0700518093176222,0.056033360521640464,0.11702044699979802,0.1280242882346739,0.060277454366737135,0.07239040356014857,0.007366701467641753,0.04409599478758553,0.06172858150534073,0.12447730412051985,0.07960665483828722,0.021492580633803673,0.07594573685501663,0.10658849913126803
254,138.684141036038,40.06194741943532,0.06091498839100911,159.64087334908925,208.9119684742964,113.78525504099782,151.31223288690427,156.9709511472441,201.9577843803865,144.8443818851059,112.50507774580834,169.08322780353234,111.13525838933535,168.58889612107876,196.39291185992323,95.46392582080956,70.85772282192457,97.77105920122594,184.4555510857683,95.22936074741474,106.19726742630296,162.05618862768046,129.13217414316642,73.70874831798122,198.01760788798134,191.89299809654642,85.81536363563232,119.76015409164957,106.49410975028422,157.85552301166766,165.20186870934253,108.78546888771935,116.70031973434041,0.04095751825813744,0.11312635026829868,0.07326420542615007,0.06960724720679368,0.10482247920663351,0.06831761535502374,0.038465841194614,0.06387992933683491,0.08273848652591806,0.030715555810603215,0.07455158336268969,0.017636485136415525,0.035614918218486176,0.08799683698404472,0.12928746028197247,0.018664290852623316,0.08098111008462625,0.03936926175228299,0.03529478869043528,0.04615509942408854,0.02968446166001252,0.029803222445156412,0.06399317108615837,0.06523545302700842,0.11061391739341705,0.0977594487332224,0.034704431254711725,0.009277205212816152,0.06064701488066683,0.07428426266043149
255,137.78335321419942,38.928728719044074,0.06446889300091367,159.64087334908925,191.52734504461404,113.0029547355723,149.77898872750802,156.91181885939798,197.18494172367062,144.8443818851059,112.38241798098913,169.08322780353234,111.13525838933535,167.4141811548878,196.39291185992323,95.46392582080956,70.09010340304607,97.77105920122594,184.4555510857683,95.22936074741474,106.19726742630296,162.0238266849005,129.13217414316642,73.70874831798122,198.01760788798134,191.89299809654642,85.77777781804679,119.69736912116801,106.26373107328907,157.85552301166766,165.13848245098265,108.78546888771935,116.70031973434041,0.0277917590962622,0.06654064717460036,0.03575042953287948,0.024202636211677578,0.034746759172947124,0.06845823357890929,0.10525340276828436,0.032527674671834456,0.04411460908546349,0.02166267509881585,0.1434803892217235,0.022177001929160355,0.10446610013165591,0.11829275786611321,0.0930911626741199,0.11363574661198324,0.08656217005470783,0.07091791312066535,0.11160766204747598,0.06750406378032904,0.05081610692335999,0.022819354869494456,0.12131207191297899,0.02114485102660494,0.08425382361583109,0.107013500729112,0.012131473724297945,0.018095669205672026,0.026255815073531356,0.07744032911691934
256,137.43778181592145,39.098403139571815,0.05957443291592232,159.64087334908925,191.52734504461404,111.15036995905885,148.90429987491578,156.8113658962615,197.18494172367062,144.8443818851059,112.30831366463265,169.08322780353234,111.13525838933535,167.40545757522256,196.39291185992323,95.07937104707538,67.5478098018095,97.3724167378154,184.4555510857683,95.22936074741474,105.52857541700807,161.49342956577084,129.13217414316642,73.70874831798122,196.45577514065855,191.89299809654642,85.77777781804679,119.69736912116801,105.28323159142855,157.85552301166766,165.13848245098265,108.78546888771935,116.31064447025409,0.07659085705186174,0.07496213040046282,0.05435532462125259,0.07697653101517592,0.017804966149788846,0.03253990108055925,0.10557087692532607,0.024114451350176036,0.08086141813993585,0.059735780704015626,0.03886939056790602,0.07121635608529495,0.06918238526592554,0.1184889683545691,0.10389485704228242,0.09066541794915321,0.07602382831691733,0.02798271510026549,0.04680037082698663,0.027961973982164056,0.018688240220616104,0.01610214379566139,0.07570173522258031,0.0662831463255482,0.04542983583183355,0.08159814606816271,0.06455265579565807,0.008914185972218928,0.015559888660252062,0.11980450865511846
257,137.03698011542522,39.131409078366815,0.07096134233628963,159.64087334908925,191.52734504461404,111.15036995905885,142.7799184853625,156.7961857452959,197.18494172367062,144.8443818851059,112.30831366463265,169.07432289855922,109.54647824139448,167.40545757522256,196.39291185992323,95.07937104707538,65.98545840713419,97.3724167378154,184.4555510857683,95.09483643152971,104.75708471666196,161.49342956577084,129.13217414316642,73.70874831798122,195.8352023263959,190.82193060810528,85.77777781804679,119.69736912116801,105.22683405636992,157.85552301166766,165.13848245098265,108.78546888771935,116.24024429746825,0.04248869080101475,0.10197694597635626,0.059867083556086984,0.07891423968793057,0.02562323481734002,0.06410394564133073,0.0743264473739197,0.07776384939798518,0.11503771326417092,0.030986386796969436,0.10449460770618763,0.07472929566128997,0.11425432358190729,0.08149997300804221,0.07880142639795144,0.08386088321596442,0.08217049253771819,0.01605074410473055,0.0717675153450732,0.11863603742622403,0.06345156450251085,0.0655705840108,0.12050569214304807,0.028174478937640343,0.023187345481187206,0.07433828162038314,0.12079192451124261,0.02546618726082242,0.05651186908626367,0.053488506236596685
258,136.6192417409414,39.174080416290344,0.06660425379948853,159.64087334908925,191.52734504461404,109.16053014886958,142.7799184853625,151.40647217916268,196.52824891153242,144.8443818851059,109.85093812590625,169.07432289855922,109.54647824139448,167.40545757522256,196.39291185992323,95.03031627608837,65.98545840713419,97.3724167378154,184.4555510857683,95.09483643152971,104.75708471666196,161.49342956577084,129.01036829142794,73.70874831798122,195.8352023263959,190.82193060810528,85.62820081357559,119.68995224647938,103.51615905092815,157.85552301166766,165.13848245098265,108.78546888771935,116.24024429746825,0.11112964471508446,0.06295202112338187,0.07303717801062708,0.07643671082369927,0.018567994680525557,0.02725794713210742,0.07354043898051238,0.07561875079907979,0.12631464505780213,0.026679725660852298,0.1224440148219278,0.0796927829097421,0.028313533395144697,0.07134276890704894,0.031052570501475637,0.10461405679274585,0.023191053466533607,0.15617886648442209,0.025317150554901566,0.06823782998577849,0.07721312516336185,0.03829697202845616,0.08118923551156333,0.06722363519150842,0.07134407872344681,0.03405932775323687,0.08180405594926761,0.01715416325810905,0.032469295230034924,0.11545404037227819
259,136.29040768063948,39.38099080159997,0.06953665116897755,159.64087334908925,191.52734504461404,109.16053014886958,142.7799184853625,151.40647217916268,196.52824891153242,144.84002164943132,109.85093812590625,169.07432289855922,109.54647824139448,167.40545757522256,196.39291185992323,95.03031627608837,65.98545840713419,97.3724167378154,183.8269356085381,92.24957398278188,104.75708471666196,161.48609548012,129.01036829142794,73.70874831798122,195.8352023263959,190.82193060810528,85.52184086231779,119.68995224647938,103.51615905092815,157.85552301166766,165.13848245098265,108.52159483393034,110.2310287407609,0.07941472852154605,0.06744169331953584,0.08327691471782192,0.07374281122516954,0.14002010046307006,0.022580432399316862,0.07516114339790428,0.07887312535465732,0.07113089354723404,0.20017757617101933,0.03681706521110635,0.033351803242592876,0.06176462942159527,0.03368076764628528,0.11396632362700461,0.08176517550655932,0.012210349907890312,0.1292442302084001,0.06128934883345101,0.030270007367860514,0.02022559477850548,0.09807729246632511,0.03564699179796541,0.11434619333312378,0.032006709114213536,0.020893691235518628,0.04485963981818708,0.04785641251745054,0.05533465017422274,0.13067323974379344
260,136.00004092160236,39.085327489998214,0.07215598008624925,159.64087334908925,191.52734504461404,109.16053014886958,142.7799184853625,151.40647217916268,196.52824891153242,144.84002164943132,109.85093812590625,166.47072885197696,109.54647824139448,167.40545757522256,192.51380899528664,95.03031627608837,65.4281069532319,97.3724167378154,183.8269356085381,92.24957398278188,104.74639525835879,161.48609548012,129.01036829142794,73.70874831798122,194.38972782108402,190.82193060810528,85.52184086231779,119.68995224647938,103.42727612468423,157.85552301166766,165.13848245098265,108.52159483393034,110.10512122462845,0.08327866730242911,0.06816232019974329,0.1263286942705451,0.12824340512541615,0.08680825357724142,0.11210760141085037,0.031318598865297066,0.04271914552712594,0.023486236411805916,0.1895517584690397,0.07248358295631893,0.07237114503766935,0.07043616096528087,0.019416894135616945,0.08419444200717216,0.06680330170519831,0.0687963970279816,0.04225160698594091,0.06540883812968437,0.1184094123218114,0.05583911543133776,0.04372704675264518,0.011186131894980748,0.1082526193168816,0.06344975587145568,0.11380494366816149,0.06916268037987532,0.015076978359785675,0.016053950063174133,0.09554971841701071
261,135.45155392116047,39.080316343504634,0.07864532579482295,159.64087334908925,191.18536355460532,109.16053014886958,140.1519101772898,151.40647217916268,195.12753857823427,143.19528937950005,109.77683380954977,166.47072885197696,107.43312718542347,167.24960798215193,192.21207186439585,94.98916253476983,65.4281069532319,92.46514144985663,181.26482924658376,92.24957398278188,104.58112921437655,161.48609548012,128.9257989610259,73.70874831798122,194.38972782108402,190.82193060810528,85.52184086231779,119.68995224647938,103.42727612468423,157.85552301166766,165.13848245098265,108.48783008388833,110.10512122462845,0.030133207507810886,0.07514640293142448,0.10670671073398363,0.09301728162664752,0.04471672426251949,0.053305342625887486,0.030572464301760124,0.07742177111485145,0.11258507522486208,0.14034965608497704,0.11184608192464925,0.11763308739960783,0.02150172623569603,0.06174080338585366,0.0770179382887151,0.030227674209947576,0.07284045906852087,0.12419428584315176,0.07873790922576776,0.0556138032563589,0.12206941707959901,0.11901950448196684,0.07396935193350576,0.08599556737532889,0.11009748264431377,0.02404375847734092,0.10891234057625834,0.06416024344590099,0.05715991526676452,0.07862378731071619
262,135.32342783417806,38.99950338204405,0.07242157758847666,159.62511674440117,191.18536355460532,109.16053014886958,140.1519101772898,150.9625445939366,195.12753857823427,143.19528937950005,109.77683380954977,166.47072885197696,107.39356544834087,167.24960798215193,190.7558158862957,94.98916253476983,65.4281069532319,92.46514144985663,181.26482924658376,92.11504966689685,103.91873616097493,161.46937002589115,128.9257989610259,73.70874831798122,194.30944253094702,190.82193060810528,85.52184086231779,119.68995224647938,103.42727612468423,157.67734428692984,164.3223085849979,108.48783008388833,110.10512122462845,0.05615002227819922,0.12930215776991136,0.05264896415867409,0.08728368491854388,0.035559791687631015,0.11265777166046878,0.022556591286447648,0.12378810382482995,0.07758875864772874,0.09141133956192143,0.07542657325913799,0.09251181249409271,0.006402477976393335,0.12701548323946674,0.09961167308916627,0.00826816148219391,0.07998270611106476,0.06802854558222175,0.0754165438457576,0.08111046625843478,0.1315056069229666,0.04593300898664556,0.03111059281978107,0.1215358387727146,0.04432174177388689,0.09671480714062455,0.03876876476932101,0.028135009401944525,0.0644215530352079,0.06747877489892139
263,135.1027118268759,39.11551278397777,0.07217193065821363,159.62511674440117,191.18536355460532,108.5295326584727,140.1519101772898,150.8172218257268,195.12753857823427,143.19528937950005,109.11160449769903,166.47072885197696,105.85500578788995,167.24960798215193,190.7558158862957,94.5952796944708,64.91264549879251,92.46514144985663,181.26482924658376,92.11504966689685,103.54227754888068,161.36311667695006,128.9257989610259,73.70874831798122,193.67780840831597,190.82193060810528,85.52184086231779,119.0508121975263,103.22730359575134,157.67734428692984,164.3223085849979,108.35883092620165,109.45555235044847,0.0680466099244659,0.08392046770419279,0.06629859823167786,0.06565529040551799,0.03248336482625523,0.08204611744590742,0.1038576043509769,0.04102714757117659,0.08171981326766514,0.05311357160010371,0.03684186162063898,0.03652087698025244,0.16801368759659,0.114164854226597,0.0796121204770949,0.11542091827052951,0.035150210533207674,0.04314251068939902,0.1221770271000034,0.12079106883717258,0.06471890818889477,0.11870983763863505,0.011392161106332182,0.10450460115160318,0.05636156435109984,0.023881632476427044,0.12442237192497942,0.019529139693579445,0.06832033879743522,0.023313642757998323
264,134.7642425321702,39.005782961483135,0.06607168837586629,159.62511674440117,191.18536355460532,108.5295326584727,140.1519101772898,150.8172218257268,195.12753857823427,143.19528937950005,109.11160449769903,166.47072885197696,105.85500578788995,165.77876087573011,186.57497589076834,94.5952796944708,64.04684451127251,92.1263131431918,181.26482924658376,92.11504966689685,103.14094650473555,161.36311667695006,128.9257989610259,72.84649838053127,193.0454779924766,190.82193060810525,85.52184086231779,119.0508121975263,102.93964063608122,157.67734428692984,164.3223085849979,108.35883092620165,108.34136426251709,0.027973558726204117,0.11694318982807969,0.06372762478369816,0.08044193980808295,0.0702649982099625,0.03535517081300902,0.07648531958692967,0.020125891136622946,0.12895008196148583,0.1141380920878931,0.021322553648312766,0.015577725402694646,0.06935410688732388,0.0873413628724415,0.07059796436051109,0.08115181283993096,0.15778755164553832,0.03779373464207081,0.02860476335900289,0.06908330274020445,0.07474263580187683,0.05644799989453299,0.06605663812363916,0.08543213396240944,0.07991441565384783,0.06043042234118175,0.03408953857047751,0.10538434568681196,0.031140417808014575,0.01549135809319692
265,134.61872221261348,38.94264553421488,0.0708938390450151,159.62511674440117,191.18536355460532,108.5295326584727,140.1519101772898,150.5667919224326,195.12753857823427,143.19528937950005,109.11160449769903,166.47072885197696,105.85500578788995,165.77876087573011,186.57497589076834,94.5952796944708,64.04684451127251,92.1263131431918,180.96094539582887,90.53822071707151,103.13483446004557,161.36311667695006,128.9257989610259,72.84649838053127,190.85676776994376,190.82193060810525,85.52184086231779,119.0508121975263,102.93964063608122,157.67734428692984,164.3223085849979,108.31918631059717,108.34136426251709,0.027908942467014825,0.07711679324613994,0.07086582655457413,0.0399392784360975,0.07683636072558703,0.15344973379107232,0.08184130799699962,0.06665721105815758,0.13662307812755825,0.12166965605024165,0.06286135475533161,0.06308501872120556,0.06831436057349469,0.12486332700334134,0.028775824109633516,0.04086761387062883,0.09041930645786916,0.08776828795871126,0.07113187744068845,0.11712070307554233,0.0841098679007218,0.03089362183950769,0.073040280611184,0.08962508737462524,0.036976474327806624,0.023698827026265204,0.07391164436595206,0.03158552963180313,0.01826058794017201,0.05659738791252676
266,134.28070439724095,39.11858433951196,0.0671534826753153,159.62511674440117,191.18536355460532,108.5295326584727,140.1519101772898,150.5667919224326,194.84698474368457,143.19528937950005,109.11160449769903,164.36996050443872,105.85500578788995,165.77876087573011,186.4876858077679,94.5952796944708,60.39560610034009,92.1263131431918,180.96094539582887,90.53822071707151,103.13483446004557,161.33779446682993,128.8039931092874,72.84649838053127,190.85676776994376,189.7509604755176,85.52184086231779,119.0508121975263,100.25404551535821,157.67734428692984,164.27571828779708,108.31918631059717,108.27096408973125,0.016908930239557963,0.07731933072160074,0.073769004692689,0.10916566983394671,0.06719550851564432,0.07286587378293316,0.07482188975785121,0.06198648426340264,0.0836254911731739,0.08510660186877589,0.11051695425474241,0.02597068596340648,0.07922451637911916,0.04368727800032899,0.027185653622280558,0.062223210353765435,0.0797433746002166,0.04837733212717449,0.07192109667260191,0.07179165757281655,0.03974853023763701,0.027278433668253232,0.06791832073357615,0.0395664692639257,0.0718236269983421,0.01780294327466625,0.16738861349276013,0.06199217907290781,0.15332569341638205,0.024353125704980834
267,134.14714769851943,39.01310414394247,0.0708948684809946,159.60641328822982,191.18536355460532,108.5295326584727,139.60520994350074,149.64953213678703,194.84698474368457,143.1909291438255,109.11160449769903,164.36996050443872,105.85500578788995,165.77876087573011,186.4876858077679,94.5952796944708,60.39560610034009,92.1263131431918,178.5595717320441,90.53723853811277,103.13483446004557,161.33779446682993,128.8039931092874,72.84649838053127,190.85676776994376,189.7509604755176,85.50567814765195,119.03351150008545,100.17018751984304,157.67734428692984,164.27571828779708,108.31918631059717,108.27096408973125,0.015608429497782648,0.07002644415464018,0.07698470442961083,0.03335748802938659,0.028752142297887865,0.037682581993962155,0.07694362518884629,0.07170754284589478,0.03765494713060266,0.1268383133353642,0.05576739232051696,0.06894299151058489,0.07157148038574088,0.1537697568161944,0.062073033677441325,0.020433648928359124,0.028505206540643722,0.10430831236503885,0.05900008951746487,0.11065306397308808,0.07995140224853113,0.055550887337235184,0.027669268064446428,0.08060478017568327,0.07880649175765023,0.157333665347455,0.07671119418445192,0.061658191266824924,0.0467258673406481,0.15125311176786058
268,133.751725531447,38.67944290936172,0.0625789360639204,159.22193652678024,185.72325596297594,108.5295326584727,139.59065203274574,149.64953213678703,194.84698474368457,143.1909291438255,109.11160449769903,164.36996050443872,105.85500578788995,165.77876087573011,185.1963747988756,94.5952796944708,60.39560610034009,91.1299014026776,177.21218982452285,90.53723853811277,102.83304832489506,161.33779446682993,128.8039931092874,72.84649838053127,190.85676776994376,189.4376270949968,85.50567814765195,118.47121147942921,100.17018751984304,157.10063522375657,164.27571828779708,108.19018715291048,107.78767375550694,0.011696734854850796,0.02229130652022101,0.03447386251815797,0.07058365700162036,0.020004748060573542,0.07406403445215862,0.027974320081613456,0.027298225053874112,0.07173551814397909,0.0965394997761165,0.023487561453890436,0.02717274557363869,0.10778139487434373,0.11168875062596736,0.027939061597119272,0.008814209619908062,0.018156460448983388,0.0733866870204186,0.1417514685747614,0.09305824326371702,0.07745416714700884,0.07936888601280438,0.06483616399585321,0.07698554124641192,0.031003147450332898,0.13389900026311327,0.07041348840822723,0.10253403236948969,0.0653001067848676,0.08567505872358949
269,133.21249278243553,38.88358468714475,0.059294994537584626,159.22193652678024,185.72325596297594,108.5295326584727,139.59065203274574,149.64953213678703,194.84698474368457,143.1909291438255,108.42655350126628,161.87925701503502,98.91276400187681,165.19346891032518,185.1963747988756,94.5952796944708,57.7604417973231,91.1299014026776,175.3688498928596,90.53723853811277,102.83304832489506,161.33779446682993,128.8039931092874,72.84649838053127,190.75881358025833,189.0290329127782,85.50567814765195,118.47121147942921,99.80422796984598,157.10063522375657,164.15303621128888,108.19018715291048,107.78767375550694,0.012801191643589442,0.011235113376222426,0.014967393465041329,0.08486460009257919,0.019990132751224892,0.07939519744343804,0.056892588144109635,0.07056829173559144,0.12414246789883636,0.04859206131602385,0.006499084528435148,0.015586415443947073,0.07247964163141912,0.03666503667913142,0.021442896247679387,0.10879138170448086,0.029977010449959703,0.03473890293527996,0.12801016423113568,0.08347502116923179,0.03216457562969758,0.035564876657867964,0.11268525785348896,0.07299577511082739,0.02777971579031183,0.1254864614228213,0.06856032423830272,0.08211164495094948,0.07537545573931151,0.08501115584660299
270,132.63092807744528,38.56718252372066,0.05908075047667304,159.22193652678024,185.72325596297594,108.5295326584727,139.59065203274574,149.64953213678703,194.84698474368457,142.88877293778947,108.42655350126628,161.87925701503502,98.91276400187681,165.19346891032518,184.93662032248403,94.5952796944708,54.40948004602326,90.78904905637167,175.3688498928596,90.53723853811277,102.62664154426184,161.06980322973934,128.8039931092874,72.84649838053127,189.50376337363699,177.9643038830919,85.50567814765195,118.47121147942921,99.80422796984598,157.10063522375657,164.15303621128888,107.9804539807631,107.59836781201244,0.10496990247940785,0.0685378473925272,0.014835712069341344,0.08381067245211032,0.07437016804753092,0.07907718416705364,0.0630498034733867,0.027298766625997468,0.09527892766094562,0.07074593588478598,0.0693434204382372,0.055620732329409395,0.020063799790017864,0.018308636560771745,0.05594008508374294,0.13959821188038854,0.01751757140168237,0.03137419749921774,0.10867800404512495,0.03903928551276493,0.05770600418042162,0.02468253894058829,0.02658981725119061,0.028882955643906194,0.01871689319732509,0.09162573679648928,0.11547092254134242,0.036781892198567,0.09072154108504743,0.043785347670868384
271,132.2952887962261,38.40035150952786,0.0555839985026773,159.22193652678024,185.72325596297594,108.5295326584727,139.59065203274574,148.80985188005695,194.3561338690325,142.88877293778947,108.27708413228208,161.87925701503502,98.91276400187681,165.05899165195814,184.36963418719864,94.5952796944708,54.406078678939,90.78904905637167,171.31621047079867,90.53723853811277,102.62664154426184,160.93949034091855,128.8039931092874,72.36669380342316,189.50376337363699,176.89323639465076,85.50311069659465,118.3911258115068,97.7363922897841,157.10063522375657,164.15303621128888,107.9804539807631,107.59836781201244,0.03373515151302362,0.08115376166509308,0.07459983176582533,0.03795219648316041,0.033146080956833565,0.07612581627323936,0.06566178642238836,0.016376617294529307,0.0827239740770817,0.02123832061493359,0.026866170885004877,0.07167941831116971,0.12166995584934692,0.10861963567205211,0.07762259620009429,0.10237765992007855,0.014730280217160463,0.07302450546588839,0.036606677274781244,0.10037886988707337,0.024663052395027137,0.019044610646586226,0.05782585035622479,0.019806176324069388,0.06388173858527418,0.033659439850434625,0.06059916363618067,0.06748825597264618,0.047821440034600836,0.01644092053051672
272,131.8557881159175,38.81926340799453,0.05633042873084437,159.22193652678024,185.72325596297594,108.5295326584727,139.59065203274574,147.89313902889387,194.3561338690325,142.88877293778947,108.27708413228208,161.87925701503502,97.83327921778634,165.05899165195814,184.36963418719864,94.5952796944708,51.77431574300627,90.78904905637167,171.31621047079867,86.4755030127104,102.62664154426184,160.93949034091855,128.8039931092874,71.50444386597323,189.50376337363699,176.30419873055448,85.50311069659465,117.29755398025075,97.7363922897841,156.98988044605196,164.04623446162884,107.9804539807631,105.8654594595099,0.025376577271814842,0.07630819295344848,0.03102044275320296,0.02237687317472594,0.016745221237429095,0.035513894208685226,0.028106888023766534,0.11756563741426479,0.030800267403659844,0.02104209177855005,0.06458063599509749,0.07641639152427665,0.11792040996599198,0.0805198078090985,0.06703080521683594,0.03247865979604775,0.06657878194564452,0.07200159466273487,0.1253447711618508,0.04356978445454241,0.07588295229826275,0.05689273732047092,0.01197681156751075,0.06849348263237875,0.03161687104630017,0.02527904459452652,0.0721269778733285,0.11365671410815473,0.07485897589152933,0.007830565841200494
273,131.15155578795006,38.56043573678006,0.05888769310976052,159.22193652678024,185.72325596297594,106.55527578373886,135.70329419692297,146.86265410203853,189.65197080177725,142.88877293778947,107.8582860802498,161.87925701503502,97.82740754885735,165.05899165195814,180.90779911582757,94.5952796944708,51.77431574300627,90.78904905637167,171.31621047079867,86.4755030127104,102.62664154426184,160.93949034091855,128.8039931092874,71.50444386597323,189.50376337363699,176.30419873055448,85.50311069659465,116.9854077690939,97.7363922897841,156.98988044605196,164.04623446162884,102.64839784989651,105.8654594595099,0.06831921840914021,0.033677963800942394,0.02210273639982589,0.01139719118021971,0.1518336632519065,0.06314697855928966,0.06124347923474624,0.09611802492422528,0.019063774215020594,0.10361663043179001,0.10592026602945459,0.08358101106122606,0.07533267504880878,0.04171096236113858,0.03864074277843087,0.03128564373760161,0.030521760305670442,0.03266352666074587,0.06042838398281908,0.07465499864165144,0.058907355606643994,0.06445560163200766,0.06689877413501714,0.12540855817156618,0.02400787068119835,0.02190867948860858,0.03420775466831396,0.029659382716153086,0.03494647723407235,0.1009707079445804
274,131.02468070863537,38.63635464721618,0.06817081478082962,159.19114804643317,185.72325596297594,106.55527578373886,135.70329419692297,146.86265410203853,189.65197080177725,142.88877293778947,107.7109600925397,161.87925701503502,97.82740754885735,165.05899165195814,180.90779911582757,92.9562968454445,51.77431574300627,90.46012799380958,170.68759499356847,86.427716749321,102.62664154426184,160.93949034091855,128.8039931092874,71.50444386597323,189.44550187092153,176.30419873055448,84.983144105736,116.9854077690939,97.37043273978705,156.98988044605196,164.04623446162884,102.60875323429202,105.8654594595099,0.024950782613725127,0.013651772554124827,0.1708807995286766,0.11353516528898402,0.0766680865005071,0.027259608769356646,0.11915595032054896,0.0848294788978628,0.06953029349120037,0.20963953986780975,0.024875255476825345,0.03604058156022138,0.0824932929822233,0.02170449549296153,0.021124382089293958,0.0666164496210435,0.03191507583499499,0.06950538653695013,0.040908225048864516,0.0225136083910287,0.031377408317651526,0.07768373473735253,0.05761466532828831,0.04472495695355182,0.06858837026445089,0.11664129271023377,0.1062419975179695,0.0689388583147116,0.02063943475539113,0.12487549365808395
275,130.6575378622011,38.59696176338645,0.08052102779407684,159.19114804643317,184.87528805044087,106.55527578373886,135.70329419692297,145.01365027077833,189.65197080177725,142.88441270211493,107.34506472824711,159.54491312783995,97.82740754885735,165.05899165195814,180.70043791465895,92.9562968454445,51.77431574300627,90.15543435914506,170.68759499356847,86.427716749321,98.41100088698809,160.90371312836746,128.8039931092874,71.45150102541301,188.78047734844557,176.30419873055448,84.983144105736,116.9854077690939,97.37043273978705,156.85860635267582,164.04623446162884,102.60875323429202,105.8654594595099,0.01849870779725297,0.016837996201499218,0.15622767332575338,0.10902655180860074,0.10814909698953923,0.06470138429447846,0.08015229903597851,0.07948151830279689,0.07098388314765254,0.17962824219063978,0.060083990166189885,0.06785887847539102,0.0657769019075939,0.16265245483558038,0.1621937069624157,0.06591780135032922,0.11778874900412807,0.029610408907684183,0.07366616297133581,0.05895362166303675,0.023639233738885476,0.08009239057667544,0.07911533686700915,0.06807952886570956,0.06863615948798887,0.06762308470237005,0.08967280220052284,0.08240560620766865,0.06709770031160234,0.0410789615259957
276,130.35229636605433,38.465271390210866,0.06871232166465878,159.19114804643317,180.68719906849375,106.55527578373886,135.54262848447007,144.59336463444308,189.65197080177725,142.88441270211493,107.17323508381705,159.54491312783995,97.82740754885735,164.46497610688792,180.70043791465895,91.61557016967222,51.77431574300627,90.15543435914506,170.68759499356847,86.40994832487851,98.21070615104485,160.80548012926712,128.8039931092874,71.30097457106271,188.78047734844557,176.30419873055448,84.98314410573597,115.8561525223988,97.37043273978705,156.68042762793797,164.04623446162884,102.10137713116681,105.8654594595099,0.018726758770417865,0.0051700139142446125,0.0661606392296357,0.11307726158889708,0.09702719803277156,0.019149030811385484,0.07343542583477729,0.0320313083667729,0.06657383702262552,0.14216197684393383,0.024640945217710854,0.026918679113752092,0.08262533141262562,0.11535138141092197,0.0731393491905379,0.15096425544803574,0.039638489306270557,0.020561969731248467,0.1063553648488146,0.07115060359776956,0.07298992619030174,0.10322202542000712,0.12196936516845086,0.031093069191740416,0.03288391832461285,0.12021834821321736,0.045732156713758035,0.08449495263996067,0.0666450892691707,0.03726097911539451
277,130.10638640563295,38.41304093616869,0.07308156182962541,159.17843873489213,180.68719906849375,106.53500206537186,134.8469396908889,144.59336463444308,189.65197080177725,139.93679214060083,107.16321212740728,159.54491312783995,97.82740754885735,164.31529842187774,180.70043791465895,91.61557016967222,51.77431574300627,89.24743934875049,170.68759499356847,86.40994832487851,98.21070615104485,160.73709256268427,127.65586696865151,71.30097457106271,187.99725415563935,176.30419873055448,84.98314410573597,115.8561525223988,97.2372128953229,156.4131713828787,163.81313667535335,102.10137713116681,105.8654594595099,0.02174878758490449,0.06692683592059569,0.0745218411046943,0.09335290910743027,0.152362403158571,0.01623770622007955,0.032691887220995655,0.07823580701805743,0.07489539737735772,0.14250492567140008,0.10131037598475266,0.023353050886369808,0.10920478262903971,0.07647334282846975,0.07769541702522807,0.06331622140560926,0.03472442578741298,0.015108153198708264,0.03824920907850785,0.11523470829110068,0.07360181959622754,0.10076356846488428,0.05558182492378669,0.11950184272073708,0.03323346589186468,0.05472762506027752,0.032365734711700775,0.09077845886416919,0.061430926396601686,0.1623134007592278
278,129.80534474631656,38.288358014616485,0.06219270881377142,158.8196111673502,180.68719906849375,106.53500206537186,134.8469396908889,144.59336463444308,189.65197080177725,139.93679214060083,106.98671670596644,159.54491312783995,97.82740754885735,163.27246666968335,176.70789627830555,91.61557016967222,51.455312677865855,89.24743934875049,170.68759499356847,86.40994832487851,98.21070615104485,160.6401182933864,127.65586696865151,71.30097457106271,187.99725415563935,176.30419873055448,84.98314410573597,115.8561525223988,97.2372128953229,156.23499265814087,163.69045459884512,99.43626203507955,105.78685928932089,0.06373632111226465,0.027439306471966796,0.07509101654811312,0.08620316538740988,0.07522370907236703,0.0713205435141136,0.06828600046074217,0.02283907804236022,0.027698508416449028,0.13497426670795612,0.12302923807067073,0.054792293272887795,0.06828368740919627,0.026828113207554398,0.08381635934102431,0.12140918624695307,0.022424021386175864,0.06298177459412857,0.0666963356421236,0.06756349600677156,0.0477157613995205,0.03741948310091784,0.03065654335107619,0.061515745489817086,0.015252184041448034,0.07151399270048177,0.02283287678978433,0.04575528890091599,0.06908673756213617,0.11339623016581613
279,129.3440631552084,38.19633949434087,0.06066009024911154,158.8196111673502,172.82413147807355,106.37844715820856,134.75873576335806,144.59336463444308,189.53469931735455,139.93679214060083,106.98671670596644,159.54491312783995,97.82740754885735,163.27246666968335,176.59104443976273,91.61557016967222,48.091331452219535,89.24743934875049,170.68759499356847,85.96006455204055,98.21070615104483,160.6401182933864,127.65586696865151,71.30097457106271,187.38952468461704,176.30419873055448,84.98314410573597,115.21376683382015,97.2372128953229,156.23499265814087,163.69045459884512,99.00374420799938,105.78685928932089,0.10935752562337515,0.009991496222707777,0.027331648121419565,0.07192701088936107,0.07519905982764091,0.07357609982127461,0.03454490566752604,0.060111507654058996,0.20009511829768167,0.07311664859046024,0.07132711006885556,0.016490532580132923,0.0708380022223544,0.013257907543697003,0.040968637273964,0.1299440892744195,0.017111534551724632,0.0722605044780155,0.0711139943506699,0.11526024066731112,0.022826679695735128,0.020452204322763186,0.06165033277570639,0.07544143346258748,0.020962474104617667,0.06795574044492321,0.011884389529764698,0.06564116360575047,0.025450543941648217,0.09371417186319933
280,129.10009341609955,37.97514177753914,0.05835808923920508,158.8196111673502,172.82413147807355,106.37844715820856,134.19747761881402,143.39086573601972,189.53469931735455,139.93679214060083,106.66001373181436,159.54491312783995,97.82740754885735,163.27246666968335,176.59104443976273,91.61557016967222,48.091331452219535,89.24743934875049,170.68759499356847,85.96006455204055,98.21070615104483,160.6401182933864,127.65586696865151,71.0441568635214,184.19216311442122,175.15177419058259,84.96441394001288,115.21376683382015,97.2372128953229,156.23499265814087,163.08715642613092,99.00374420799938,105.78685928932089,0.04589842470726906,0.06854290796466797,0.011946896744137101,0.07642940409594669,0.037461186975701874,0.02652343689982721,0.11610359878672626,0.06504219424509405,0.07475119277778855,0.03306795483846545,0.1510680699954343,0.055345995427814064,0.015568090398548194,0.11347637200343828,0.03459637239608587,0.06435797479608386,0.017584769676011525,0.03779222061047894,0.022150047006541926,0.057952005084238534,0.059227619234983146,0.015670248957813788,0.020419111127652625,0.06796212474871949,0.060287175226679854,0.14008414206199352,0.06029208333739518,0.10616985332813322,0.021031647955490926,0.07393955576699102
281,128.86643601632096,37.99144059563084,0.0692978256903309,158.81057343632148,172.82413147807355,106.32550152932413,134.19747761881402,143.39086573601972,189.3406124047831,138.23233904578916,106.66001373181436,159.54491312783995,97.82740754885735,163.27246666968335,176.50053507713687,90.06087215926746,48.091331452219535,89.24743934875049,169.1122764462822,85.96006455204055,97.1600628176191,160.6401182933864,127.65586696865151,71.0441568635214,184.19216311442122,175.15177419058259,84.96441394001288,115.21376683382015,97.23721289532287,156.23499265814087,163.08715642613092,98.28683919813712,105.72573492686433,0.06828980669967234,0.07768330769759024,0.1096465579222154,0.07497922314905406,0.029745000717436347,0.0209594956730347,0.05361897584805578,0.0690468816611008,0.08517901520182562,0.03121517021464631,0.08176867563580154,0.05880455272474691,0.11008651079674527,0.06785988008362158,0.07928539959664255,0.030343467092219724,0.11047921602569828,0.019074977715349557,0.07348150583740816,0.15108734103218135,0.06945249859769509,0.1567245060354013,0.015546406153295635,0.03152693123617317,0.02508440298496083,0.10869908567194839,0.030656961277526318,0.13240062361001448,0.08164421854991703,0.024564175267948306
282,128.77588140095833,37.96675850880595,0.08532126823169274,158.81057343632148,172.82413147807355,106.32550152932413,134.19747761881402,141.608167660566,189.3406124047831,137.63827092264742,106.66001373181436,159.54491312783995,97.82740754885735,163.27246666968335,176.50053507713687,90.06087215926746,48.07128544710643,89.24743934875049,169.1122764462822,85.96006455204055,97.1600628176191,160.6401182933864,127.58888081381278,71.0441568635214,184.19216311442122,175.15177419058259,84.96441394001288,115.21376683382015,97.23721289532287,156.11862502895147,163.08715642613092,98.28683919813712,105.5892624537216,0.07905305005750238,0.06690283435748327,0.09456457209361457,0.08465638625916941,0.06128606787318746,0.1148261814473607,0.11694274966382343,0.10821393133424373,0.08198836624095567,0.10856469134326137,0.12333310795706043,0.053907564980586964,0.07073816529100628,0.06652630088624902,0.08024183666656234,0.01712480659847666,0.10960311259448197,0.053284438043495676,0.12559961461196867,0.14402912462377437,0.06607719864149673,0.15209230335448679,0.07721573578803122,0.06328061546256061,0.06512480590192879,0.12489090576049972,0.06546439205134205,0.05243335014180534,0.1153498807634272,0.01632195616093937
283,128.50580280105726,37.79408624891291,0.0708839859349392,158.81057343632148,168.67956206874004,106.32550152932413,134.19747761881402,140.3222738100693,188.91562174348675,136.7826481789971,106.53434840863153,159.52807906108956,97.63701656302293,163.24991058602419,176.50053507713687,90.06087215926746,48.07128544710643,89.24743934875049,169.1122764462822,85.66040761632419,97.1600628176191,160.57173072680354,127.58888081381278,71.0441568635214,184.19216311442122,175.15177419058259,84.96441394001285,114.54597646328999,97.23721289532287,156.11862502895147,163.08715642613092,98.28683919813712,105.5892624537216,0.07251125562697133,0.021649356205460026,0.04837615433378231,0.040132785580978665,0.07531371689746122,0.04923121682311775,0.037055250492475,0.04309189542922019,0.031592597717341575,0.09503620712149476,0.13356059154867078,0.027229359537133145,0.029696995458984445,0.10624891622394271,0.10022652294273396,0.11401398692166559,0.042416678146013666,0.02262040929040828,0.09403285121411034,0.08317951862673603,0.022853706035280964,0.13916922163824533,0.1556569010372084,0.10583998616412223,0.020786102988779514,0.05212834569184275,0.07656751486333542,0.12191568216276391,0.04337703511204152,0.12100881621585437
284,128.00504933559859,37.800611773078344,0.06354936346145348,158.66900070392632,163.5666204073724,106.32522374096683,134.19747761881402,140.2818960116942,188.03346048828192,136.07812095172716,103.61985063882665,159.52807906108956,97.63701656302293,163.1227889846732,176.50053507713687,90.06087215926746,45.88908193052107,88.96560674104575,168.483660969052,85.66040761632419,97.1600628176191,160.57173072680354,127.164925356527,70.59394567916166,183.8759487094138,175.14738049254834,84.52939125956966,114.54597646328999,97.23721289532287,156.11862502895147,163.08715642613092,97.91016209515372,105.5892624537216,0.06350527632850562,0.00734958026775864,0.02551894130043005,0.0589756006800563,0.08345031320680624,0.06730926098085405,0.06947299164111907,0.07990884484365436,0.019753603802227473,0.12038362742470167,0.1271177987903492,0.06619589074661464,0.07045916132433705,0.043610765868631315,0.08758370654271379,0.10557966917579782,0.02004593700403086,0.011505710261438097,0.03883331832705878,0.10487243067939633,0.01792057759006548,0.09311866259668096,0.07073704095149547,0.03957940884064732,0.06016775917017247,0.06785892331542673,0.039742317219841485,0.10008940850697273,0.06451743526079913,0.0813169411950211
285,127.70031816675075,37.82233879477541,0.06924459877799777,157.79255615030382,163.5666204073724,103.63614315350436,131.1275768873834,140.2818960116942,188.03346048828192,136.07812095172716,103.54001589546763,159.52807906108956,97.63701656302293,163.1227889846732,176.50053507713687,90.06087215926746,45.88908193052107,88.96560674104575,168.37266775739798,85.66040761632419,97.1600628176191,160.57173072680354,126.73240801186546,70.34198366549937,183.7309589923438,175.14738049254834,84.52939125956966,114.54597646328999,97.23721289532287,155.98713210099962,162.62457481368716,97.91016209515372,104.69712483160427,0.011871304726348795,0.05375640113607116,0.012791676215502399,0.05722961132694501,0.031757145060078124,0.07025474394464884,0.07099793413217212,0.12546575193543638,0.11412648085462995,0.0831028945913534,0.08922620706367118,0.06599205099733971,0.06973423737226295,0.06465766597173872,0.038573729153312544,0.1250522295397896,0.014619550904116062,0.059572706514984454,0.15518793688737303,0.0921319315200155,0.0702603336624557,0.08632912976722054,0.1249348069166303,0.06559675312565456,0.060773752411196556,0.06746929651093758,0.022800142240447803,0.0796598341584358,0.028678550696300605,0.06473317400286353
286,126.96922986177032,37.73604337075291,0.07636392463074462,157.79255615030382,158.68314286114034,103.63614315350436,131.1275768873834,140.18022061381103,188.03346048828192,135.53099120468,103.21647724282718,159.52807906108956,97.63701656302293,163.10023290101404,176.50053507713687,90.06087215926746,41.6048511680707,88.96560674104575,168.37266775739798,84.59580445716888,97.1600628176191,160.57173072680354,126.73240801186546,70.34198366549937,182.11553375268002,171.80100599038406,84.52939125956966,114.54597646328999,97.23721289532287,151.2822319453031,162.62457481368716,96.87142419233304,104.69712483160427,0.11210286220808312,0.11118754425663059,0.05946047365621104,0.06933392633955919,0.015621920676124309,0.1560223516199322,0.11320080831162535,0.06049074495707754,0.06973906872076838,0.07612661248834977,0.07022939074727726,0.02804465915522251,0.07118065223308494,0.07528105847809727,0.06033362661169578,0.11280020839698734,0.06260656401010109,0.07225633011148441,0.07217645785509721,0.07301618506334717,0.12679292912188314,0.11715122051643863,0.05548664179379918,0.07758584060563352,0.06177654189208453,0.024378030257960898,0.01384466987687789,0.11465175155257876,0.06416081611977391,0.09387785128855214
287,126.75638212288408,37.64635517313102,0.06869473887530463,156.83000283580913,158.68314286114034,103.4063688990896,131.1015527465553,140.18022061381103,187.41438291441412,132.25947201399197,103.21647724282717,159.52807906108956,97.63701656302293,163.10023290101404,176.50053507713687,90.06087215926746,41.6048511680707,88.77785129047614,168.37266775739798,84.59580445716888,97.14937335931594,160.57173072680354,126.65023785086686,70.34198366549937,182.11553375268002,171.80100599038406,84.52939125956966,114.31391592005554,97.23721289532286,151.2822319453031,161.86076673450017,96.87142419233304,104.69712483160427,0.06600434992828072,0.046191346047903266,0.1086139748563766,0.06657965170523822,0.1022994899877659,0.11313756766831706,0.07736644203679965,0.16163624671147755,0.13062310831531224,0.08128418708943838,0.07189928862501409,0.06935954188860298,0.031082029522864506,0.07718752087393035,0.02190797116329528,0.04363663405168905,0.05279320100377894,0.030626628001424325,0.06610178864135953,0.07925939491644388,0.05466378935664572,0.08786396995615063,0.07459548578930603,0.02895446887080108,0.06407999415452469,0.014050447466351208,0.007547011189016217,0.05244864548089812,0.11231656288267639,0.06673142807745638
288,126.57360791589558,37.47182526884988,0.06552597808553592,156.83000283580913,158.57408308550382,103.4063688990896,131.1015527465553,140.18022061381103,187.41438291441412,132.25947201399197,103.13761376541945,159.52807906108956,97.57110950669674,163.10023290101404,176.0259865122086,90.06087215926746,41.6048511680707,88.77785129047614,168.37266775739798,84.59580445716888,96.89705686106876,160.5717307268035,126.65023785086686,70.34198366549937,180.60919041648688,169.68668616963222,84.52939125956966,113.87502798477563,97.23721289532286,150.83925220041908,161.86076673450017,96.87142419233304,104.69712483160427,0.02143469425836237,0.027599894441327454,0.034885240841975335,0.03345188530652354,0.0352316547153546,0.08289759208952494,0.02686800913022344,0.09641179415079322,0.09787283402429786,0.029931706109233208,0.03273145895687873,0.06702359963918604,0.08008095170261033,0.10862862588562286,0.059784168292333975,0.014232093119632406,0.06782769916573066,0.06044311261356957,0.08270969176138014,0.07856119443300894,0.0662924280486891,0.15620100520076413,0.16673810075362838,0.00969792429580554,0.07729657719388627,0.016114407840841498,0.10435797418429393,0.12864358304261592,0.08237944800829712,0.019449993359686356
289,126.30053644319675,37.45498863471219,0.06950487612001315,155.84192964945765,158.57408308550382,103.17890769685563,130.7240955725197,138.9422352936886,187.41438291441412,132.25947201399194,103.13761376541943,159.47721084010766,97.57110950669674,162.29792018515303,176.0259865122086,90.06087215926746,41.6048511680707,88.73534685171651,167.8000836171164,84.14592068433092,96.89705686106876,160.5717307268035,126.48547181683716,70.24009210223133,180.60919041648688,169.68668616963222,84.52939125956966,111.17026946498514,97.23721289532286,150.83925220041908,161.86076673450017,96.39982629992097,104.69712483160427,0.06219251584400243,0.06231998548784949,0.04891274998757264,0.06620485134373925,0.018391208294562554,0.035740582510079,0.11148702356517581,0.08598930495528281,0.036885993764172106,0.15395844755983554,0.05558803199006106,0.06364366620128631,0.07027486653973074,0.07656220943482561,0.06855091428512282,0.00489830679435304,0.02457254875140622,0.07730275950955101,0.09030926906701212,0.06891300518063115,0.017104747170576296,0.11689615698943008,0.13367859904148185,0.09859403172647982,0.03990405059037145,0.19863862064661084,0.06916014308571564,0.05443541052300815,0.06602338183676001,0.008012900923708275
290,125.99229157294991,37.71176575512991,0.061661273159301026,155.84192964945765,158.57408308550382,100.48954932103587,130.7240955725197,137.68226940062328,187.41438291441412,132.25947201399194,102.39803074718216,159.47721084010766,97.57110950669674,162.1256864164837,176.0259865122086,89.1837360559818,39.40260164637224,88.73534685171651,167.8000836171164,84.14592068433092,96.65082597526563,160.5717307268035,126.34285191334479,70.24009210223133,180.33219834648392,169.68668616963222,84.52939125956966,111.17026946498514,97.00487995326954,150.83925220041908,161.86076673450017,96.39982629992095,104.28848120632853,0.027591511950311398,0.07834130957909732,0.10315095568890846,0.07264159895608552,0.06709322059372878,0.023384156959753054,0.07767349624399718,0.07836802582614856,0.07197969836161483,0.1073363528722139,0.01662794849198327,0.02584076360340391,0.01974258003126043,0.06522723653395344,0.03308662815369348,0.10764358333950566,0.09824191816122499,0.08541936477988925,0.03691758771387034,0.029457165882781983,0.007503388176868202,0.07147778054338748,0.11585459525630615,0.03827180217719337,0.07278304100398102,0.12893323550457825,0.0348840998177653,0.06707752463033653,0.02321861309623838,0.06406901084895023
291,125.67471814770323,37.734117276700346,0.06443581594667977,155.84192964945765,156.78093695269368,100.32142306294261,130.7240955725197,135.85957053692363,187.41438291441412,131.00781503967485,101.96943079890417,159.09251048628525,97.57110950669674,162.1256864164837,176.0259865122086,89.1837360559818,39.40260164637224,87.06227725287904,167.8000836171164,83.91041851936107,96.65082597526563,160.318305008052,126.34285191334479,70.20106022763063,180.33219834648392,169.68668616963222,84.52939125956964,111.10748449450357,97.00487995326954,150.83925220041908,161.86076673450017,95.23033028648324,104.0435173210272,0.01906230481719245,0.06538590695839078,0.024752883085945726,0.06616654882173686,0.030657471996195656,0.11681316877081531,0.032245935974558215,0.03364004411276454,0.03237100732341981,0.08295712539647944,0.02185359672671273,0.11148054541166508,0.06415373884335167,0.02802545082243062,0.025290720041542952,0.08696407130532396,0.08703238450955077,0.07264216017844682,0.11460782392168782,0.06992032095741646,0.20195051433952363,0.02164865676960475,0.056823756452681895,0.025464035331000195,0.029375762235178817,0.14365865650121495,0.059942963825472116,0.07645116776576008,0.059714874138078466,0.07202088106625028
292,125.38480455399254,37.74774166969945,0.05592904292393746,155.84192964945765,156.67187717705715,100.25977506662112,130.7240955725197,135.85957053692363,186.8721977425824,129.2049539071177,101.96943079890417,159.09251048628525,97.56631547918738,162.1256864164837,176.0259865122086,89.1837360559818,39.40260164637224,87.06227725287904,167.8000836171164,83.91041851936107,96.65082597526563,159.21892398459593,126.17808587931506,70.20106022763063,180.33219834648392,169.42475591090786,84.51235119046088,111.10748449450357,97.00487995326954,150.83925220041908,161.81417643729938,95.23033028648324,99.45636529608171,0.01622809350788745,0.026905204822139827,0.055713122687179116,0.06641360393732335,0.01717589002601245,0.055691057083429224,0.055329832742925925,0.016788799695741635,0.14998081932851787,0.0254421219957858,0.055266480912439096,0.04641838431974617,0.08002532929000492,0.0216552230090274,0.01648260436285284,0.06828020037683362,0.04632157122876027,0.0685652263751642,0.03714317692962171,0.07020109175355502,0.1682233677094395,0.012168576477777136,0.06646118891520002,0.07076809918842289,0.06884192095918028,0.09563484017407929,0.07000360681259093,0.07232611363325245,0.02720278337523021,0.030212956088003576
293,125.2848558367127,37.79044582017169,0.08384164655680125,155.84192964945765,156.67187717705715,100.25977506662112,130.7240955725197,135.85957053692363,186.8721977425824,129.2049539071177,101.89056732149643,158.80042563741327,97.56631547918738,162.1256864164837,176.0259865122086,89.1837360559818,38.94009776223745,87.06227725287904,167.8000836171164,83.91041851936107,95.10581511273723,159.21892398459593,126.17808587931506,70.20106022763063,179.9039042814424,169.42475591090786,84.51235119046088,111.10748449450357,97.00487995326954,150.7077592724672,161.75396498484014,95.23033028648324,99.45636529608171,0.15864744340220707,0.016083200437196736,0.012630225402963465,0.021793761096462368,0.024240544268375637,0.028982500883795427,0.16931428015590763,0.16007020460230345,0.09251760141392294,0.06974126949964642,0.1597536180718369,0.15702664099946062,0.022350675000831648,0.10774657188195266,0.07784422011735358,0.07287860425730505,0.02400505591190038,0.028305498554545706,0.1599030407596608,0.11127220051664569,0.1445985570273524,0.013813176094460448,0.11733641425115764,0.08649164545360619,0.030130815609641863,0.1317077028386061,0.07151834562425273,0.12180565779096347,0.06235847006878768,0.06038145471093531
294,125.01143893779208,38.1408481129533,0.07591950614758144,155.68544637800247,156.67187717705715,100.2597750666211,130.40087159120634,135.34249010450347,186.8721977425824,129.2049539071177,101.61287367796632,158.80042563741327,97.56631547918738,162.11772544409968,175.9210872716285,88.97355869430199,34.49995978222655,86.78044464517428,167.8000836171164,83.91041851936107,95.10581511273723,159.2189239845959,126.17808587931506,70.20106022763063,179.56001384939347,169.38891108718477,84.51235119046088,109.91086202389954,97.00487995326954,150.7077592724672,161.65530128368533,95.16519936174548,99.31350017181191,0.07768615173643924,0.011917605671289924,0.05481986142244055,0.057547239785021784,0.02259048163217495,0.060019785539759854,0.09331109252924241,0.10866695260639898,0.036152607628174314,0.07509703368084009,0.09295717978446925,0.1415873570234456,0.06964005088948305,0.12047305929603119,0.06094093620906477,0.026968952928921344,0.0746567318815878,0.06406728355165067,0.12577711850489537,0.12880350274855804,0.10468858908393551,0.05411187490951047,0.12163074760201095,0.08756921100610912,0.06453812292078617,0.10476570443444545,0.07567952083734356,0.06394343783829759,0.03445133237982556,0.06252565836528944
295,124.59286044252897,38.013612957692686,0.0758463906381521,155.68544637800247,156.67187717705715,99.23280721405015,130.08758200806585,132.63544208185309,186.8721977425824,129.2049539071177,100.27186067026197,158.36836510278212,97.56631547918738,162.11772544409968,175.9210872716285,88.97355869430199,34.49995978222655,86.73794020641466,167.73842913581373,83.91041851936107,94.89359838848598,159.2189239845959,126.08993103974768,70.20106022763063,175.6829024212465,169.38891108718477,84.51235119046088,109.91086202389954,97.00487995326952,150.22608161679508,161.50352696766782,93.34331738826707,99.31350017181191,0.11860114816627995,0.07032864596463417,0.11110275670155773,0.11143179064146183,0.11673211348691266,0.17347722870021226,0.07952494724061408,0.0372447355972593,0.0764398186601859,0.08381970635649116,0.08487898798247143,0.06110730849515397,0.12382380429107473,0.04935859832845785,0.014212558578607025,0.10958151747072725,0.06352969445892627,0.032204222181666686,0.051243997113958065,0.041221229683722604,0.07922626468841287,0.01971027905567089,0.07187765213962977,0.074297285725368,0.035870702299793285,0.07606508503785765,0.07219254595919763,0.07375563971059816,0.11280986442699031,0.04972159000066913
296,124.46174943138085,37.94012648433919,0.07217077430646836,153.7503227316762,156.67187717705715,99.23280721405015,130.08758200806585,132.63544208185309,186.8721977425824,129.2049539071177,100.27186067026197,158.34802299585857,97.56631547918738,162.11772544409968,175.9210872716285,88.97355869430199,34.49995978222655,86.73794020641466,167.33354011434238,83.91041851936107,94.51008255099677,159.2189239845959,126.08993103974768,70.20106022763063,175.21165240982538,169.38891108718477,84.51235119046088,109.91086202389954,97.00487995326952,150.22608161679508,161.29605964316275,93.34331738826707,98.8027577855046,0.036297872437552114,0.03409048430365592,0.09893280033189564,0.1386211688367963,0.1280965543057661,0.11329357759562791,0.07673356885206303,0.02125028440187226,0.06568074081801335,0.10949391582066027,0.07008869067488,0.07969223086083727,0.07557337473017849,0.026252394226205334,0.11248917309230833,0.19602570800342622,0.11340145340189463,0.01660750000257532,0.05912516226018491,0.029311952210096352,0.036389605017127104,0.15866035379504753,0.03473489788391291,0.03201036360677952,0.07660688512867848,0.02634852745846686,0.029951174605579896,0.02074616772817081,0.0361659540078008,0.11245069279599762
297,123.72825947549582,38.05443208234772,0.06601140044185008,153.7503227316762,151.95282589211357,99.23280721405015,130.08758200806585,122.53400126070581,186.8721977425824,127.95329693280063,99.20380220509949,158.34802299585857,97.56631547918738,162.11772544409968,175.9210872716285,88.97355869430199,31.835206376393288,86.73794020641466,167.33354011434238,83.91041851936107,94.17419399941106,158.89156942724875,126.08993103974768,70.20106022763063,175.21165240982538,169.38891108718477,84.51235119046088,109.84807705341798,97.00487995326951,150.22608161679508,161.29605964316275,91.92790238246296,98.7444631455761,0.06934090911565119,0.05707210065246608,0.05030108408200408,0.08594448958905723,0.08201366327631153,0.05210753657171679,0.071488837081437,0.060637499341749106,0.13850166258773805,0.04937533775554582,0.10675942875814298,0.03021632781538779,0.06513545778474186,0.06191638483722038,0.08504487549912923,0.17687023988456982,0.03840935690778989,0.09417641672070277,0.06926454527102122,0.020428939228046714,0.015891253998580265,0.08201928467629717,0.07170847425445263,0.05678393137957262,0.034235646910854435,0.06584584815644304,0.015597643195880875,0.05943435525659059,0.06146224174231701,0.052358240924084185
298,123.52180020833407,38.014676399419876,0.06978410749114107,153.7503227316762,151.95282589211357,99.17115921772864,130.08758200806585,120.71648928183858,186.8721977425824,127.95329693280063,98.94393221474303,158.34802299585857,97.56631547918738,162.00596700407186,175.9210872716285,88.97355869430199,31.118862041395857,86.73794020641466,166.36512439989767,83.62233328994205,94.17419399941106,158.89156942724875,126.08993103974768,70.20106022763063,175.21165240982538,167.41876675676633,84.51235119046088,109.84807705341798,97.00487995326951,150.22608161679508,161.29605964316275,91.92790238246296,98.7444631455761,0.033811511011356564,0.028867860559933713,0.06816053338691537,0.15821864214062334,0.0408256351457548,0.07467772157134527,0.03332484001182185,0.0668205913025064,0.11068268830640035,0.03319878467829755,0.044255143458640206,0.07064892558887359,0.06450740093131341,0.161183997090516,0.0313065059747029,0.12060030585965778,0.0684094425266006,0.12911762804586502,0.11652367430753686,0.14658174881494684,0.06960235626424358,0.04961819617820714,0.05710419112338917,0.10608902521350295,0.015465236456188036,0.021381165832654123,0.05718310680683362,0.02599232834057837,0.06376062331716387,0.025603414487862523
299,123.25558799009397,38.247777692320035,0.057508646395685675,153.7503227316762,151.95282589211357,99.17115921772864,130.08758200806585,120.71648928183858,186.8721977425824,127.95329693280063,96.7899663888303,158.34802299585857,97.56631547918738,161.8083902514977,175.9210872716285,88.97355869430199,30.030846120866087,86.73794020641466,166.36512439989767,83.62233328994205,92.97527014527172,158.89156942724875,126.08993103974768,70.19240238052417,175.21165240982538,167.41876675676633,84.41410551482736,109.84807705341798,95.42427245639374,150.09458868884323,161.29605964316275,91.92790238246296,97.2155828990966,0.03266999588078453,0.07103248456991643,0.025398417669648475,0.06390516434514154,0.05344880041225177,0.02648436035303625,0.10203582570300165,0.023914985133085823,0.034480734967069576,0.07663516512514747,0.019632973817525098,0.07591850182014123,0.14028862496863953,0.09246277527776725,0.027093160613377743,0.06331675266851039,0.1008024571682676,0.0791809865405933,0.09296622137376778,0.04938204559278933,0.08434026930933629,0.06731000761612367,0.01758667435977376,0.04237065507204748,0.023417990473016743,0.06800831553118976,0.07345809428462248,0.012769430051482268,0.01672492416927101,0.0682225970032442
300,122.96516359596836,38.207164909037935,0.06201881008879852,153.7503227316762,151.84376611647704,98.96165868168093,129.68410069320214,120.71648928183858,186.8721977425824,126.90383563810099,96.76677659715341,158.2228792347309,97.56631547918738,161.8083902514977,173.71814931686865,88.97355869430199,28.671821584914927,86.73794020641465,166.36512439989767,83.62233328994205,92.2631162750198,158.89156942724875,126.08993103974768,70.19240238052417,174.1662976475013,167.33750319765875,84.41410551482736,109.84807705341798,95.42427245639374,150.09458868884323,160.48972058646385,91.92790238246296,96.6297612884743,0.059425195476572226,0.07775522459264007,0.016758945084186835,0.02554499852779745,0.058976312337103785,0.016918896204301884,0.08056282251165983,0.06357208381742074,0.07527209436089584,0.031095597250082697,0.009972211254172803,0.06992336662183254,0.05865392588802926,0.12844572483335664,0.025466653664726474,0.07163464980109457,0.07793552458206561,0.08543086000249642,0.0790488962126642,0.07355742796955479,0.07761078227663354,0.11122342612521748,0.017408578085027854,0.061903408052709906,0.11207325737629209,0.07518662277295002,0.07774562126978048,0.05255479004055526,0.01303711460147076,0.0758692910706638
301,122.81301447768409,38.296348428892834,0.059850525169102275,153.75032273167616,151.7777555521977,98.96165868168093,129.68410069320214,120.71648928183858,186.87219774258236,126.90383563810099,96.71996032209177,158.2228792347309,96.98688666135592,161.8083902514977,173.6308592338682,88.97355869430197,27.440351598182374,86.57474789845097,166.36512439989767,83.56530672857336,92.2631162750198,158.89156942724873,126.08993103974768,70.19015787307342,174.13806975277598,166.4589188352081,84.41410551482736,108.78386156164754,95.42427245639374,149.85226628750112,160.43764718250986,91.92184812621313,96.57024465412566,0.023361745032895734,0.04759426021288343,0.11430484771214057,0.06289704971087176,0.0728481878503186,0.1497337133231542,0.07831936916364232,0.057645755468336474,0.03786582691646545,0.0741080193003995,0.05443820220559092,0.07676697492350601,0.01512869914196241,0.06285794195493086,0.0114494928978654,0.028784219516313277,0.030233561719261427,0.08459943775691317,0.0660083317146258,0.030034297510755946,0.07513198200964939,0.09977944971887415,0.05949834660431798,0.0649742675742145,0.07385472256073997,0.026107011525344028,0.0676769353046196,0.06293080185076384,0.06093082969652228,0.025651474195189074
302,122.5448875762434,38.10592593034754,0.07380588483897269,153.75032273167616,151.7777555521977,98.80510377451766,129.37428764498776,120.71648928183858,183.78897877378535,126.90383563810099,96.5843906273401,158.20253712780735,96.98688666135592,161.8083902514977,173.6308592338682,88.97355869430197,27.440351598182374,86.24992574263936,166.3373786543578,83.56530672857336,92.2631162750198,158.89156942724873,126.08993103974768,70.19015787307342,174.13806975277598,166.4589188352081,83.61051062696907,108.78386156164754,95.42427245639374,146.87477489788998,160.43764718250986,91.92184812621313,96.36559051557629,0.02801309374821074,0.0764936300582526,0.09073926421248238,0.07404924785303543,0.07163948345192923,0.07383804660740871,0.0736461123275281,0.023592231719420764,0.0735293686933317,0.07799022106936931,0.10378090017721,0.07068189534613982,0.15753115757456626,0.07120877501869813,0.013502217435012323,0.06818493773274364,0.1200495974798069,0.05082163378616179,0.15773314207514427,0.11168125168568242,0.06865451295988154,0.1311233032224315,0.07787086228664614,0.021219435613336366,0.08487277523752736,0.015934113301348033,0.021520561809207046,0.07958960406157005,0.07044791659062352,0.054237252034474846
303,122.37582921404183,38.14824500734191,0.06738885932991065,153.75032273167616,151.7777555521977,96.17181159110419,129.37428764498776,120.71648928183858,183.78897877378535,125.65217866378391,96.5843906273401,157.74283483826522,96.98688666135592,161.8083902514977,173.6308592338682,88.97355869430197,27.243195692526022,86.23295157417883,166.3373786543578,83.56530672857336,92.2631162750198,158.89156942724873,126.08993103974768,70.16792309689062,174.13806975277598,166.4589188352081,83.61051062696907,108.78386156164753,95.42427245639372,146.74328196993812,160.07840554198728,91.92184812621313,96.36559051557629,0.10898273153804046,0.11417145744830036,0.03358625036973279,0.033764680456754036,0.02553462333417069,0.07310800345493192,0.07242812158822375,0.01079310065032575,0.0790544089219598,0.08147187676249415,0.04199268378136342,0.08837509533936351,0.04922626495418599,0.0328865395219527,0.06313456008493876,0.06195754956614196,0.05891668393025635,0.03345913083040174,0.09281944708698738,0.08485154701458798,0.025038750980994767,0.11790041434706358,0.024067155566982225,0.014123339696236619,0.07461156111601386,0.07643291114969152,0.15221983842613396,0.03125024190474911,0.15459653513023938,0.11091027494410069
304,122.19620204447914,38.23378011043187,0.06797813501054334,153.75032273167616,151.7777555521977,96.17181159110419,129.37428764498776,118.35986574810168,183.78897877378535,125.65217866378389,96.46604244049036,157.74283483826522,96.98688666135592,161.21885805293957,173.6308592338682,88.95328344077363,25.903753849321532,86.14011029093754,166.3373786543578,83.56530672857336,92.05571676635012,158.7948646705133,125.96530463408743,70.16792309689062,173.69504763608015,166.4589188352081,83.61051062696907,108.78386156164753,95.42427245639372,146.74328196993812,160.07840554198728,91.92184812621313,96.36559051557629,0.042905430251013885,0.13014118075449377,0.020698306792577927,0.061012078218656764,0.06636630803726024,0.03374628754592356,0.10160076942102106,0.05758592093336099,0.08665052903771248,0.12425909116719229,0.06635065190474868,0.03780644831114064,0.1098094092525,0.014693612697622278,0.03096166538375669,0.025084818712874553,0.07365861079798823,0.08229198361902236,0.049654460500430486,0.07604101286826112,0.10475525494251423,0.08111071839875376,0.055067122350893165,0.057399068334981575,0.08242724169118743,0.041059532312064995,0.1393631576809213,0.017517302589595156,0.04219110291959611,0.12713497288823483
305,122.03568173892941,38.20681341502904,0.07557706274209937,153.1542591116396,151.7777555521977,96.01525668394088,129.31998714164055,118.35986574810168,183.78897877378535,125.65217866378389,96.46045841029203,157.74283483826522,96.10114437374733,161.21885805293957,173.6308592338682,88.95328344077363,25.903753849321532,86.09760585217792,165.54485694194068,83.56069559655403,90.9913098258451,158.7948646705133,125.96530463408743,70.16792309689062,173.69504763608015,165.6361697260371,83.61051062696907,108.78386156164753,95.42427245639372,146.50095956859607,160.07840554198728,91.92184812621313,96.21734243165204,0.027883558749312656,0.1328034067862754,0.019666485028333545,0.06617301121380229,0.02611654422124707,0.020430019767214976,0.09744511007493628,0.1271636502652987,0.12681644709551596,0.11329613025452594,0.17471551878277022,0.019311493757798393,0.08828499903662079,0.10257409057727312,0.02485634084481044,0.06642771031979527,0.07621188492980101,0.05236311086890759,0.07110578444590354,0.1318617463731741,0.12342575493638132,0.03825570265611669,0.13087424163645361,0.015375074018936532,0.03881693930449765,0.07427493340692295,0.14325551294354344,0.015291549390697516,0.07516137069689438,0.047073759879219676
306,121.60011556457351,37.954031110540846,0.0779221839826941,152.87474405111905,150.2589290956344,96.01525668394088,129.31998714164055,118.35986574810168,183.78897877378535,125.65217866378389,96.46045841029203,149.50325825586336,96.10114437374733,161.21885805293957,173.56195126111092,88.95328344077363,25.903753849321532,86.06618091681344,165.54485694194068,83.56069559655403,90.9913098258451,158.7948646705133,125.96530463408743,68.64655760216903,173.69504763608015,164.371666121959,83.61051062696907,108.78386156164751,95.42427245639372,146.50095956859607,160.07840554198728,91.92184812621313,96.07447730738222,0.06584996638241557,0.12161228914515498,0.09779277765540577,0.0733170151435797,0.014240815905206284,0.07614315794617192,0.047447820728608675,0.06841360808102269,0.05085455786724454,0.13161529934491573,0.10647210903467329,0.05191677569376642,0.03888910835836131,0.15535421097324884,0.07261634799714906,0.07227158092756168,0.07285488882945797,0.11232230073475888,0.07092061199331809,0.16322474550306001,0.09823685957085777,0.11903605690496594,0.05246984602223413,0.019446672361561834,0.06064247325062193,0.04064978666989924,0.10622971206902877,0.05553563946039844,0.059464727795548455,0.06182375713062489
307,121.48527879474855,37.820535520623416,0.06588953969708743,152.87474405111905,150.25892909563436,96.01497889558361,129.31998714164055,118.35986574810168,182.05484255792635,125.65217866378389,96.46045841029202,149.01827539010088,96.10114437374733,161.21885805293957,173.56195126111092,88.95328344077363,25.903753849321532,86.06618091681344,165.51711119640078,83.56069559655403,90.97181167268893,158.7108213240369,125.48457951087809,68.64655760216903,173.69504763608015,163.75797226557106,83.61051062696907,108.78386156164751,95.42427245639372,146.50095956859604,160.07840554198728,91.92184812621313,96.07447730738222,0.030858630178365754,0.026778981759973654,0.029253030338139085,0.035622996572417485,0.10829222806487376,0.045531441217535495,0.07670066144972906,0.02407430128321307,0.06907899880506366,0.09637089005161405,0.07387979690285605,0.1272636224685066,0.03367416914364896,0.07226819952391178,0.041513830298931444,0.07420721524709016,0.07366441829995324,0.08080094737834947,0.06541996049034547,0.10478947222739111,0.08842603640946038,0.12272129998271994,0.03279242272082249,0.06178089252714269,0.025192754412394647,0.0623407175089679,0.12810183081778306,0.02244208212383577,0.07419056238536627,0.06865380032222065
308,121.19555646011823,37.947888917784844,0.05969124542940465,152.87474405111902,148.6914196917544,96.01497889558361,129.31998714164055,118.35986574810168,182.05484255792635,125.65217866378389,94.35274032932853,149.01827539010088,96.10114437374733,160.7382976447896,173.07793125564882,88.95328344077362,23.917920358223366,86.02367647805382,165.51711119640078,83.5354248463824,90.97181167268893,158.7108213240369,125.48457951087809,68.62432282598623,173.68888014137855,162.73407154983877,83.42673044071773,108.78386156164751,95.42427245639371,146.50095956859604,160.07840554198728,91.92184812621313,95.31230701982531,0.020485191885183652,0.06702647112811225,0.021144717102851797,0.16284003875819686,0.037255558116576805,0.020658800399500417,0.06422130950775451,0.06336690759631201,0.1227321974430249,0.07771324574839397,0.02367134116930776,0.06746534016336572,0.0652278144023435,0.03267387343138832,0.02276352901001557,0.06981862320809137,0.03042828679752213,0.06564084332448208,0.07759066437720649,0.12783496612831008,0.02349132506212586,0.10169316988313386,0.06365384147128252,0.016672807751219362,0.07065993166135333,0.0663176534320846,0.10088190539687557,0.007596031792621164,0.03404066203181073,0.06517031470169249
309,120.6406115450029,38.024081763027354,0.05687756230051851,152.87474405111902,148.62540912747502,93.7729822766175,129.31998714164055,109.12823533996982,182.05484255792635,123.64193162193145,93.16264673630891,148.8524474151261,95.81265595731155,160.56165611888756,173.07793125564882,88.95328344077362,23.917920358223366,86.02367647805382,164.2527897095513,83.5354248463824,90.97181167268893,158.7108213240369,125.48457951087809,68.62432282598623,173.67579031832992,162.73407154983877,83.42673044071773,108.78386156164751,95.42427245639371,146.50095956859604,160.07840554198728,91.92184812621313,95.31230701982531,0.021939936128156833,0.030225161564273816,0.022139255195656047,0.07498429227807658,0.01654895825791082,0.019107306034158975,0.0328881912230433,0.02610824723250122,0.0460301829220886,0.07769862471745326,0.014159896947897746,0.03169232724188055,0.0630761228244984,0.010202472046608324,0.06638316129554409,0.07255794578268673,0.10224165406038767,0.030985080623627894,0.07438593847120739,0.10939395465911461,0.0590284724691967,0.09300413026778095,0.11833396926076227,0.05294821320289406,0.1258601368264959,0.08369495112698631,0.12035419072946829,0.0190787298801233,0.06870310119765424,0.02257226454742035
310,120.37836522697617,37.93782411655588,0.06547703624835483,152.27868043108242,146.0723766119807,93.7729822766175,129.000179898386,109.12823533996982,180.8202667951058,123.64193162193145,93.16264673630891,148.42678631460464,95.81265595731155,160.56165611888756,173.07793125564882,88.93960249372412,23.917920358223366,86.02367647805382,164.0472947829504,83.5354248463824,89.61839013584684,158.7108213240369,125.47685896906555,67.99190299525453,173.67579031832992,162.73407154983877,83.42673044071773,108.72108747593848,95.40070606371224,146.50095956859604,160.07840554198728,91.48267708896638,95.31230701982531,0.014439380252102018,0.01592644487543405,0.016846034901465374,0.08159219940445517,0.11709972149904792,0.06895596286994889,0.07400762359894562,0.05927721134464681,0.145627767307753,0.11284891819696437,0.006505070534458564,0.08004729957354223,0.02464744290867696,0.0473208135946572,0.15366042024582366,0.028988830646785358,0.09913898023775312,0.02201194441546352,0.07610478585942151,0.04671895879591589,0.099994352021638,0.04062329773991859,0.10578568848523326,0.022708027062890754,0.11942078751782506,0.08453037712237331,0.08122154456444425,0.07054156903124877,0.03288408478168394,0.014835548060127681
311,120.22382403735213,37.78102079994149,0.0728867499004384,152.27868043108242,146.0723766119807,93.77298227661748,129.000179898386,109.12823533996982,180.51731970923558,123.64193162193145,93.16264673630891,147.29024116276736,95.81265595731155,160.56165611888756,172.82426703616122,88.93960249372412,23.917920358223366,86.02367647805382,163.54353565621284,83.5354248463824,89.61839013584684,158.7108213240369,125.47685896906555,67.99190299525453,173.67579031832992,160.4061183828682,83.42136212497601,108.72108747593848,95.40070606371224,146.50095956859604,160.07840554198728,91.48267708896638,95.20630839774944,0.14645232439012845,0.05614926920767338,0.02210337996162883,0.08461454442382013,0.09784150300068123,0.07005441920948587,0.0633257536746828,0.11702086515509837,0.11540754218466906,0.0796753721822333,0.05514714375755494,0.028140758842873537,0.06488727416232107,0.1598934055185281,0.12284785644032702,0.011700792850394902,0.03733960132827971,0.11203773514711833,0.027118357644789655,0.07442068346088557,0.02947304586806817,0.03280701270208123,0.04149432397286286,0.010659176869214155,0.11748760837735087,0.037042536894017354,0.03651094593817003,0.11356070754068574,0.10333359440440774,0.11805496190312005
312,120.02270965322808,37.58766744503369,0.0691199255430729,152.27459637394884,146.03154241656844,93.75438357750785,129.000179898386,109.12823533996982,180.51731970923558,123.64193162193145,93.1503447521955,144.55400528579824,95.81265595731155,160.56165611888756,169.82969679843603,88.93960249372412,23.917920358223366,85.97333963357215,163.54353565621284,83.53542484638238,89.49366603138617,158.7108213240369,125.47685896906555,67.99190299525453,173.66447046708743,160.40611838286816,83.42136212497601,108.72108747593848,95.40070606371224,146.50095956859604,160.07484637110775,91.48267708896638,95.16944189555551,0.03757886976979706,0.0655517891807904,0.016808326288057063,0.02900659481239287,0.038581330509656744,0.08241533344964035,0.02709752831884992,0.07963380021852276,0.0705908492073575,0.07956862909968745,0.021113288607306126,0.06236951950486554,0.05670228865858665,0.0777770782389156,0.10386811746160332,0.10666425785082465,0.1557982658944616,0.07902879917092658,0.06753372442732819,0.07502588025432438,0.009243508561411904,0.11034463550443913,0.02773853297552772,0.01667872480159024,0.11537533391499347,0.028048381044760505,0.11865607445690085,0.08507659242250837,0.1551030686294388,0.07461864305672125
313,119.83168846085027,37.677638785534334,0.07244802525100515,152.27459637394884,146.03154241656844,93.75410578915056,129.000179898386,109.12823533996982,180.51731970923558,123.60626777361504,90.81413754278192,144.55400528579824,95.81265595731155,160.21147671070392,169.82969679843603,88.79902674673164,22.716892881199904,85.93083519481254,163.16405890978706,83.53542484638238,89.49366603138617,158.7108213240369,125.26407772383791,67.99190299525453,172.64932021458284,160.40611838286816,83.42136212497601,108.72108747593848,95.40070606371224,146.50095956859604,160.07484637110775,91.48267708896638,95.1526502854255,0.09977989808674732,0.0695013543605901,0.021128056887911317,0.10598755064726607,0.025525849249723103,0.12375368314877379,0.09708428665521195,0.024558455233248677,0.06564455935095194,0.07445634661720758,0.1045289650836236,0.052000983526627714,0.11520602960015285,0.04049266157130729,0.1201901360632816,0.17509501814439515,0.06594898911870706,0.08219322621765165,0.06595925420255189,0.025771852315654004,0.011043316577039792,0.1464980624368108,0.06600736987685887,0.05946006056406293,0.060910896014027736,0.024189371160853734,0.0566835176540528,0.033888940347829306,0.09128882482603583,0.06866324199099802
314,119.53553111566796,37.57769222038411,0.0644897185062084,152.27459637394884,145.943754466629,93.75410578915056,129.000179898386,109.12823533996982,179.50134189357482,122.29456250158847,90.81413754278192,144.5236576636599,95.81265595731155,160.21147671070392,169.82969679843603,88.57485041709333,21.699958882567884,85.93083519481254,160.34247016610223,83.53542484638238,89.49366603138617,157.22836095459306,125.16904323349317,67.81201007817081,172.64932021458284,160.40611838286816,83.32848476508418,108.72108747593848,95.40070606371224,146.50095956859604,160.07484637110775,91.48267708896638,94.62671279844042,0.03483793330433434,0.06956472701031224,0.012533928433418134,0.1623306420395235,0.055062511538646323,0.05402837261013868,0.085508096000924,0.009702232003773514,0.07670922543682418,0.03367288673950648,0.1087750536287962,0.07644871555539445,0.0536032387009481,0.02707252602177979,0.06230901418558708,0.12438064975885123,0.027910743089621146,0.03197577283292859,0.03092359041918698,0.06423970551090856,0.04904428561635754,0.10467786598350723,0.17287786159141588,0.030372618044114126,0.08447935897096175,0.11147429629488034,0.029242664945738163,0.06429673560013198,0.06416752043170484,0.022468782886036393
315,119.1746013098875,37.622448293326606,0.06017857422111414,151.26009600333373,145.943754466629,93.75410578915056,126.98815816307727,108.11664316698075,179.50134189357482,122.29456250158847,90.8141375427819,143.11636217902836,95.81265595731155,160.21147671070392,169.45904297406042,88.57485041709333,21.699958882567884,85.93083519481254,160.29914361940112,79.48845930711909,89.49366603138617,157.22836095459306,125.16904323349317,67.81201007817081,172.64932021458284,159.93383989777638,83.32848476508418,108.72108747593848,94.95144604927395,146.50095956859604,160.07484637110775,91.48267708896638,94.62671279844042,0.013272917251745224,0.019955557148107827,0.15571446815963125,0.0824194417638624,0.027828701217344286,0.0566397201331264,0.07915125438435,0.1569211991282867,0.07217235510668112,0.05917931552325629,0.08123718651549802,0.03312290318826785,0.03624986833906362,0.06567974554922602,0.04024209049664584,0.0770612529371427,0.07742336696731601,0.022091062621642694,0.061829254076880995,0.03672556134080892,0.06351314936641902,0.07873704576206791,0.13544698616773898,0.022138447589740172,0.044337013212109755,0.04109909525094569,0.014607117756686841,0.03741604728413081,0.05583965780961303,0.05730544458508804
316,119.0569365494113,37.58757142911299,0.06855788705672985,151.26009600333373,145.943754466629,93.75410578915056,126.98815816307727,108.11664316698075,179.08613057924677,122.29456250158847,90.8141375427819,140.95535548034528,95.81265595731155,160.21147671070392,169.45904297406042,88.57485041709333,21.699958882567884,85.93083519481254,160.29914361940112,79.48845930711909,89.49366603138617,157.22836095459306,125.16904323349317,67.42503259813348,172.64932021458284,159.93383989777638,83.32848476508418,108.72108747593848,94.80242726928748,146.50095956859604,160.07484637110775,91.06494854771564,94.62671279844042,0.017392356161620486,0.05397450012032134,0.07981575545675529,0.08607998460630385,0.06601094319128235,0.025120283153421786,0.10922903758251545,0.15293895207281316,0.025494042330895875,0.1129699688807961,0.0377675876754613,0.0629329444716823,0.029027254443676327,0.10454882963962993,0.07657638415442514,0.08288212255422478,0.034537849804960385,0.07340638224893727,0.13810637326679978,0.028254892504183914,0.019377936212863853,0.15384808492570126,0.0967134294085968,0.06496073110620472,0.023254237950943276,0.06742107965223076,0.050114621557238455,0.026902243812437898,0.062217766948973366,0.09486003580599789
317,118.94722866730457,37.566270819737966,0.065170236470763,151.26009600333373,144.3380764441232,93.75410578915056,126.78365511596041,108.11664316698075,179.08613057924677,122.29456250158847,90.35946087723151,140.95535548034528,95.76665590802439,160.21147671070392,169.45904297406042,88.55648180703663,21.699958882567884,85.89231458965195,160.25468429658093,79.48845930711909,89.36726702946147,157.22836095459306,124.87150744019598,67.42503259813348,172.62491054029172,159.93383989777638,83.31144469597542,108.30744187385608,94.80242726928748,146.50095956859604,160.07484637110775,91.06494854771564,94.62671279844042,0.02249346849840605,0.02420202473966334,0.03824426921230065,0.11635477134828648,0.10882198379316953,0.01620450320256122,0.0444860752427586,0.10554806622167273,0.1064255301507229,0.11281084911557235,0.016476915856200612,0.07641023721801757,0.10353532246860311,0.03827008976359999,0.04203511348477575,0.035252270154491366,0.018383595294849994,0.024227277918534112,0.06557639396890359,0.07402689146030811,0.021946805438874794,0.04349964847372882,0.0826985933435409,0.08183091733955118,0.02718296396847134,0.11188341455540167,0.14172916191476875,0.14607890040179955,0.02126127725163087,0.08720976232172424
318,118.54229202893978,37.68841896116793,0.06481959415531686,150.5591487879719,144.3380764441232,93.75410578915056,126.78365511596041,98.50145865410283,179.08613057924677,122.29456250158847,90.35946087723151,140.92131429132462,95.76665590802439,160.21147671070392,169.20537875457282,88.55648180703663,21.699958882567874,85.11356191650333,160.25468429658093,79.48845930711909,89.06611660038655,156.9854238575036,124.87150744019598,67.42503259813348,172.60887851999794,159.86106304910695,83.24418015568196,108.30744187385608,94.80242726928748,146.50095956859604,160.07484637110775,91.05510750594877,94.57120543458069,0.022353278649403625,0.017776984306784576,0.10743363512621257,0.13788977841361424,0.0470880330533094,0.012635383501096085,0.11230616950787672,0.08804745508669014,0.031708682587586856,0.08081756690600927,0.013926201377766685,0.031192505187796954,0.06540905011543596,0.020504686377619173,0.07043544923047267,0.05717291731211531,0.10191292471584114,0.059332695523475004,0.06434090773452249,0.08368901467856389,0.1188652994304186,0.07324703322339307,0.11203233976753607,0.03281956826879112,0.021040008654332226,0.07656769356702678,0.10084612353402317,0.12446811545213761,0.011099473903583196,0.0476288494660715
319,118.43515139095938,37.63915419953672,0.07211174470991646,150.5591487879719,144.2502884941838,93.75410578915054,125.59281943021693,98.50145865410283,178.82572632783683,122.29456250158847,90.35946087723151,140.8909666691863,95.76665590802439,160.21147671070392,169.20537875457282,88.55457516356496,21.699958882567874,85.11356191650333,159.25952629788665,79.48845930711909,89.06611660038655,156.9854238575036,124.85286056251968,67.42503259813348,172.5854309928089,159.86106304910695,83.24418015568196,108.30744187385608,94.6999249088588,146.50095956859602,160.07484637110775,91.05510750594877,94.06802321185991,0.06959898032733625,0.015647477515889373,0.04150383857752475,0.09557105212896312,0.06970691200848027,0.0210723202745571,0.08362291773473868,0.0822325172018879,0.15945654307550197,0.07158560889030079,0.09518768142510466,0.06415701000208561,0.03629356439820804,0.1053713708396972,0.03970116314553696,0.018602548287185217,0.10014572169334138,0.11642794617965885,0.104844120222331,0.17381933611294187,0.06775790174209617,0.07283073439915314,0.07723312606424439,0.022180085671251962,0.014105645525375125,0.03272378190759129,0.08667742695138009,0.057509867843097265,0.13916715330298549,0.028617987849047427
320,118.29410243092754,37.553086555806594,0.06103118149388686,149.9630851679353,144.2502884941838,93.75410578915054,125.59281943021693,97.52141966142116,177.0927417737194,122.29456250158847,90.35946087723151,140.63756619558745,95.76665590802439,160.21147671070392,169.20537875457282,88.55457516356496,21.699958882567874,85.11356191650333,159.25952629788665,79.48845930711909,88.90580864022795,156.9854238575036,124.85286056251968,67.40055331449993,172.5854309928089,159.86106304910695,83.24418015568196,107.82324795712759,94.6999249088588,146.50095956859602,160.07484637110775,91.05510750594877,94.06802321185991,0.03476092209639184,0.05482421613202369,0.11414607142289049,0.07692313914345711,0.06900816780826995,0.012924759118206978,0.04815119966645047,0.039235161211673045,0.05560165733688561,0.06982539860470173,0.06731996886400247,0.07189114471944719,0.05538014408472703,0.1295224169098764,0.06720499244662703,0.015143419713016675,0.04220785749792881,0.04305784765049992,0.04180717240392365,0.17252246003143784,0.06933809619863233,0.06457469086439324,0.03926530266049792,0.06658060299166489,0.019237526649654585,0.01731289395118632,0.03810296369029859,0.1088615429614475,0.060752741109553886,0.06545096687683867
321,117.95439422073528,37.5326439020277,0.0624818438575907,149.9608769204136,144.2502884941838,93.75410578915054,118.1294406037418,97.52141966142116,177.0927417737194,122.29456250158847,88.99198188292405,140.63756619558745,95.76665590802439,160.21147671070392,169.11808867157237,88.33230547739832,21.699958882567874,85.11356191650333,158.32453031772695,79.48845930711909,88.81664868739122,156.9854238575036,124.85286056251968,67.40055331449993,172.5854309928089,159.86106304910695,83.24418015568196,107.82324795712759,94.6999249088588,146.47649503329612,160.07484637110775,91.05510750594877,94.06802321185991,0.10909560678263461,0.12455890320767621,0.08712778116587476,0.071998589879406,0.06998405000971042,0.013458168624631827,0.02226168210769896,0.022248970313990094,0.08198150438730298,0.11077183741751463,0.10977635860489304,0.027803507680904976,0.06278897378511837,0.055007093976392085,0.029364026725614674,0.005786556062982011,0.06904025658727882,0.03162459100396965,0.1027932665347361,0.11605533790905831,0.024134655844644998,0.019962490761814153,0.01633036409369514,0.06620865184649173,0.06955035716661082,0.026488121915239866,0.06432307606349019,0.08020948414426989,0.06901328740601917,0.11470776371805619
322,117.8426265001836,37.61092356753889,0.06557485663327979,149.9608769204136,144.2502884941838,93.75410578915054,118.1294406037418,97.12848650776118,177.0927417737194,122.29456250158847,88.53128090418748,140.63756619558745,95.76665590802439,160.21147671070392,169.11808867157237,88.33230547739832,21.69995888256787,84.94679125913795,158.32453031772695,79.48845930711907,88.81664868739122,156.98542385750358,124.65872619496832,66.7562931773273,172.56678509294892,159.86106304910695,83.24418015568196,107.46011630502106,94.6999249088588,146.47649503329612,160.07484637110775,91.05510750594875,92.95556844176235,0.055011438122814046,0.09192882175536293,0.04403288640470944,0.1630296262856219,0.07281334326409973,0.11185716440568677,0.05957707386928488,0.00760745543673957,0.08791415587436145,0.05350387676013848,0.10971330697464941,0.009332393378718577,0.01955610398060246,0.059991384340707624,0.10088094650954321,0.1537067056789932,0.02431659079808756,0.1575480572225931,0.045624354836940856,0.08676308952581724,0.005642777930764729,0.01619912497361014,0.01845429811404922,0.07960113106523904,0.08190546325578506,0.023561223326560996,0.034150824579426454,0.07298139806607115,0.03696291644662808,0.08307776581478646
323,117.61753979132958,37.55666497155749,0.0765671948171155,149.9608769204136,143.70134281853737,93.75410578915054,118.1294406037418,97.12848650776118,177.0927417737194,122.1145344311739,88.53128090418748,138.57003757002954,95.55883977178911,160.18701902952026,169.11640645286292,88.17719159643599,21.699958882567866,83.27371892620738,158.32453031772695,79.48845930711907,88.81664868739122,156.98542385750358,124.65872619496832,66.7562931773273,172.56061759824732,159.0109174535026,83.24418015568196,107.46011630502106,94.6999249088588,146.47649503329612,159.2450587599447,90.84725156343708,92.95556844176235,0.07188089080712504,0.0359194708952294,0.024866845697771423,0.15097002027399395,0.1497663229156531,0.05272376860163712,0.07509445704766511,0.05418296543357917,0.07053012514516606,0.1140919272813902,0.028508729765414013,0.12314700185674933,0.05552055929391465,0.02245973345198264,0.033680309535123576,0.05137613950328074,0.0641252457592815,0.12175628721605226,0.10299674065348441,0.0815871667843706,0.05243507065286871,0.1162094542755793,0.06990339318776438,0.07503560804333853,0.026771124597023518,0.1404971246234737,0.10468613649661164,0.11706314281201011,0.03849705087119923,0.07073303103473132
324,117.42877965206836,37.428461618526384,0.060212390864295494,149.9608769204136,143.70134281853737,93.75410578915054,118.1294406037418,97.12848650776118,177.0927417737194,122.1145344311739,88.53128090418747,138.2659473673688,95.51283972250195,160.01357363130373,169.03516904363167,88.10971827419485,21.699958882567866,83.27371892620737,154.16111582949523,79.48845930711907,88.81664868739122,156.93439738488516,124.65872619496832,66.18942278020624,172.56061759824732,159.0109174535026,83.24418015568196,107.46011630502106,94.61966082871989,146.47649503329612,159.2450587599447,90.84725156343708,92.82658608367302,0.06672797191268702,0.009392356238366758,0.06871783347224018,0.09031981546098387,0.14081910198895964,0.038720419917564614,0.03705890532272603,0.11649388346326571,0.08280718731641688,0.07169036619148814,0.05958416911413672,0.036724086699473,0.011112856677657268,0.06215593758728494,0.07707636198772713,0.07141087597756735,0.061040723311407925,0.11797173360485327,0.07285434694131813,0.02610853878009741,0.0200017239742779,0.0872594456964387,0.07269750120767847,0.027877461427137613,0.008493734233258233,0.06752482602653401,0.06206356914277076,0.0471965006580094,0.026745643355021338,0.06772384824151631
325,117.03682597699085,37.56232034284082,0.07650872985340272,149.8353906583273,142.71661191828784,93.75410578915054,117.7675699524722,97.12848650776118,177.0927417737194,116.90268153243991,88.09028035135388,138.2659473673688,95.51283972250195,160.01357363130373,169.03516904363167,88.10971827419485,21.699958882567866,82.2896749905328,154.16111582949523,76.62113499974289,88.81664868739122,156.93439738488516,124.64007931729205,65.55515774995992,172.56061759824732,159.0109174535026,83.19472721460801,107.4096023550452,94.61966082871989,146.4764950332961,159.21563681481564,90.84725156343708,92.82658608367302,0.023631953109441724,0.061273845742886995,0.03486964105063726,0.11207114366130888,0.09935812781982103,0.025965800620245588,0.09472986845020283,0.04082033408392036,0.08617445926699936,0.025432613733356986,0.10818361757200892,0.14676019421383618,0.15567951349870005,0.13139789524397458,0.0827230930822203,0.10694183949786733,0.031008476544809448,0.12375136227536812,0.10993306678018906,0.06334847550063001,0.005793268868095083,0.08060242925013358,0.030888243631461615,0.020018460054504753,0.01406214699754962,0.07044208400564624,0.07138846821288608,0.11872676554682669,0.10102732587729825,0.11825738140925475
326,116.79110286441096,37.62756512361525,0.0668231274902903,149.8353906583273,142.34262392450083,93.75410578915054,117.7675699524722,96.51562511000589,177.0927417737194,116.90268153243991,86.90534304440385,136.8073037944218,95.51283972250195,159.9460315552711,169.03516904363167,88.10971827419485,21.699958882567863,82.2896749905328,154.16111582949523,76.62113499974289,88.79715053423507,156.93439738488516,124.64007931729205,65.55515774995992,172.56061759824732,158.7200607620757,83.19472721460801,107.4096023550452,91.25629464337831,146.4764950332961,159.21563681481564,90.84725156343708,92.82658608367302,0.11094514850957943,0.018416237530251893,0.06197220730741027,0.07926197403119747,0.028905357449072366,0.1071725436622871,0.0847443511817431,0.07957053336892347,0.03341026370822124,0.05875386113339887,0.0753736868581826,0.11589565053083387,0.07354153995811065,0.08086296657655802,0.04372616917094432,0.12214527204650316,0.0590476404203685,0.07889379668951298,0.058480972776439634,0.023841705006873222,0.08754800661335753,0.035348796087665536,0.06164811520767409,0.11442682132239866,0.060408975933018624,0.06886761614139505,0.03567623611765915,0.05314271285156326,0.044967041150635226,0.047697625366929626
327,116.64944453262682,37.576671744731726,0.06693836271880559,149.388224236203,142.34262392450083,93.75410578915054,117.7675699524722,96.51562511000589,175.96696028997516,116.90268153243991,86.50361306825783,136.8073037944218,95.51283972250195,159.73770395697625,169.03516904363167,88.10971827419485,21.699958882567852,82.2896749905328,153.8045488027176,76.62113499974289,88.79715053423507,156.87349491146009,124.64007931729205,65.04981686993568,172.56061759824732,158.7200607620757,83.19472721460801,106.26566826205749,91.25629464337831,146.4764950332961,159.21563681481564,90.84725156343708,92.82658608367302,0.07014815293009333,0.09713107911102106,0.07513463429596756,0.06888183142993348,0.08197369089237477,0.09522632416953043,0.12045465040324667,0.0772038064783863,0.026345904799416908,0.020708349973198297,0.07446141389577415,0.09366231512460757,0.02752868927459267,0.019593689673547694,0.11407636172212268,0.040258253538163015,0.02674740737887974,0.08124656617390312,0.07736812109349897,0.11926124912118133,0.08707008814002352,0.1050434870439664,0.059811674936528426,0.08864319149000083,0.06229326971487946,0.030032783951560463,0.01825600181010841,0.06497585700528506,0.06583298511940783,0.018779050872968037
328,116.47001508253102,37.67143685959101,0.06387180047821688,149.388224236203,142.34262392450083,93.75410578915054,117.7675699524722,96.51562511000589,175.96696028997516,115.80889263195652,84.22075642966337,136.8073037944218,95.51283972250195,159.73770395697625,169.03516904363167,87.78038996269899,21.699958882567852,82.2896749905328,153.80307201982401,75.4690586257058,88.79514432620769,156.87349491146009,124.59670881306289,65.04981686993568,172.56061759824732,158.5177099793331,83.19472721460801,106.26566826205749,91.25629464337831,146.4764950332961,158.94000781444453,90.84725156343708,92.82658608367302,0.04133415134336898,0.13173013906674352,0.03351959952151704,0.10122892441337551,0.11754667684182411,0.11332651192653287,0.10569806058871675,0.026277104791684824,0.12286827941048388,0.02227080450156107,0.07514962509105397,0.052963734101705795,0.062626367309232,0.013216229679154482,0.04622256612269538,0.061507276477919974,0.01749516512588885,0.02905976665027977,0.022985959193642914,0.07869671032147096,0.08930480758347425,0.03295416057701117,0.07030009988834919,0.12028081640337494,0.040245846467515,0.014766054210870279,0.07219199018396616,0.0663066250853958,0.07761324486187791,0.05646671660581923
329,116.31365254575968,37.529658789705096,0.06623297128774878,149.388224236203,141.11401609722373,93.75410578915054,117.7675699524722,96.51562511000589,175.96696028997516,115.62886456154195,84.22075642966337,136.47286596962272,95.49268408229271,159.73770395697625,166.78998649200125,87.78038996269899,21.699958882567852,82.28967499053277,153.41243955291378,75.27995788995679,88.79514432620769,156.87349491146009,124.59670881306289,65.04981686993568,172.5211380507645,158.5177099793331,83.13147577594088,106.26566826205749,91.25629464337831,146.4764950332961,158.94000781444453,90.84725156343708,92.82658608367299,0.07357218175891053,0.05730193874621373,0.05916082891786195,0.0964210342057675,0.0925351677071338,0.07641319416470538,0.045471614339252606,0.060796077372645446,0.04074115991072172,0.11214037141309655,0.07776127671937227,0.024869431115920118,0.017458319719568724,0.10857216862375003,0.0319277031969735,0.023275921065913845,0.06095618709429852,0.011884104937073165,0.11329011988792553,0.023335660241190003,0.14505632079726144,0.07622451671817045,0.028877057966883075,0.09291900227266932,0.06242265343714027,0.1119535891822547,0.027456849653157304,0.033638505758754565,0.039950127085276475,0.16060605462260102
330,116.11057891495278,37.46149164413215,0.06560008699100922,149.388224236203,140.43644827622563,93.75410578915054,117.7675699524722,96.51562511000589,175.96696028997516,115.62886456154195,84.16272447566317,136.47286596962272,94.66294333044694,159.42981422307045,166.78998649200116,87.78038996269899,21.61727854081944,81.7165361871333,150.33970337838832,75.27995788995679,88.79514432620769,156.87349491146009,124.52943529804651,64.80839443575512,172.5211380507645,158.5177099793331,83.13147577594088,106.26566826205747,91.25629464337831,146.4764950332961,158.94000781444453,90.84725156343708,92.64485868908685,0.074217447490396,0.1061359198783027,0.1177898942150632,0.04479804804285925,0.041117047852265845,0.08178170797526332,0.022313986649183028,0.061333773966703066,0.029410059403521267,0.12017903531525082,0.14609090670793956,0.10804435268655987,0.01201735578502755,0.05144674464592179,0.07666835031309893,0.018306544401007013,0.12318927102747806,0.06550693236003019,0.043073275398618466,0.011171516317492323,0.16129410303774347,0.06583531815722035,0.016273084285969217,0.05089522338537469,0.03292142541317985,0.049232141744021865,0.015605973124354702,0.059042921246428556,0.06339163707031334,0.09891861183368791
331,115.62925313921848,37.19353828625208,0.07515482911491157,149.08456230225602,140.24680119160234,93.75410578915054,117.7675699524722,96.1226919563459,175.82598984915103,114.43881394705694,84.16272447566317,136.47286596962272,94.66294333044694,159.16423935619213,166.59281951787312,87.71865376001632,20.803787593995352,81.7165361871333,149.3116581870607,75.27995788995679,88.79514432620769,156.87349491146009,124.52943529804651,64.72461671430199,172.5211380507645,150.09794579852718,83.13147577594088,104.96526820388064,91.25629464337831,146.43617969862868,158.9277692468984,90.84725156343708,92.64485868908685,0.07240741844629203,0.04633455875483403,0.06837727310028638,0.10840837307354487,0.029476262642026078,0.038396872140797574,0.06090888231216514,0.118875053349985,0.11571563305329668,0.13549026196200045,0.09304553786802665,0.09198371503135191,0.11137202247098321,0.032613405520404565,0.07840284859361263,0.1110129730179462,0.07330355720855201,0.0703103168482744,0.019785968992916375,0.015808504254519122,0.07173303249246607,0.11244544822145283,0.06653340340641689,0.08473094317815395,0.06561362086507674,0.11652975617613642,0.10638220126561555,0.023397963145851627,0.025286946352066263,0.08996211970229541
332,115.27808008230653,37.335286053080296,0.05838452163358021,149.08362308151203,140.24680119160234,93.75410578915054,111.37256991813823,96.1190760327465,175.82181782729046,114.43881394705694,84.09324189636735,136.47286596962272,94.66294333044694,159.12988609476565,166.37022314731553,87.71865376001632,20.803787593995352,81.66435982488224,149.3116581870607,74.12788151591971,88.79514432620769,156.87349491146009,124.47540978616777,62.74722533653009,172.5211380507645,150.09794579852718,83.13147577594088,104.96526820388064,90.69740519618492,146.43617969862868,158.91729602449,90.84725156343708,92.64485868908685,0.03367397077969472,0.022601145479062022,0.07507564226907038,0.08552843160979393,0.01999823192144951,0.027557178939888363,0.10723992462084539,0.11064531341367045,0.12277547928248524,0.05445906834004366,0.04013619304648757,0.03073577074304229,0.035324222854284784,0.06854254858426173,0.03608761737100259,0.07719463235125049,0.06551906416360506,0.07389857184556492,0.058455441628841504,0.01417647910588048,0.08300054142779387,0.07411132917906696,0.025707520811463005,0.03296346964643339,0.07106036005252889,0.054593734690945486,0.1305664424715638,0.026566176441351223,0.013685860503010848,0.07965528543302391
333,115.15295453438836,37.43268679324681,0.05720093694331909,149.08362308151203,140.24680119160234,93.75410578915054,111.37256991813823,96.1190760327465,175.82181782729046,114.43881394705694,84.09324189636735,136.44051646780474,94.66294333044694,159.12556227179232,166.28293306431505,87.70899435723108,20.803787593995352,81.66435982488224,149.3116581870607,72.67205415635242,88.79514432620769,156.87349491146009,124.38894449026253,62.51996623639869,172.5206760677613,150.09794579852718,83.13147577594088,104.96526820388063,90.69740519618492,146.43617969862868,158.8976710102574,90.41391805044434,91.24768732795124,0.01865037364624206,0.057434864485672414,0.0168488628422305,0.03887142809579966,0.01681945141940246,0.06429640348115073,0.07880501759730618,0.09010984370005964,0.04314805390859379,0.03900726598606649,0.06405711866573553,0.011213239003589804,0.025240730099832732,0.062060443581218094,0.06819939423399705,0.0290083263224001,0.013290213304214447,0.08148028596932579,0.15525212979021685,0.021254650749778763,0.034131291554484064,0.12083678389265072,0.112540407462979,0.013112718391850854,0.10993016821611314,0.03263552136836006,0.07300105031870495,0.09481703232874023,0.10899777189920974,0.020977265983647155
334,114.82024117974825,37.499715728249086,0.06565461893003396,149.08362308151203,140.24680119160234,93.75410578915054,101.64419884248365,96.08658917570943,175.77163519456894,114.43881394705694,84.09324189636735,136.44051646780474,94.66294333044694,159.0304792820123,166.28293306431505,87.70899435723108,20.803787593995352,81.66435982488224,149.3116581870607,72.6720541563524,88.75760632746142,156.85078529216665,124.38894449026253,62.51996623639869,172.50957561163494,150.09794579852718,83.13147577594088,104.96526820388063,90.69740519618492,146.43617969862868,158.8976710102574,90.40998904060041,91.24768732795124,0.10211671819358634,0.02635607212268995,0.06741328168288781,0.06644478875167834,0.017585834843059603,0.016322015993240555,0.12361317486625771,0.08553584517994672,0.07192393958652141,0.0355721471854261,0.10990223510277784,0.09914237863781927,0.12178940754347499,0.11179742774990456,0.07759069398371453,0.06874016237275266,0.00919338203784163,0.06838195544264802,0.049530148683212843,0.06274732787560794,0.01885022304180595,0.04166020458714619,0.040200534275901895,0.11259266591776648,0.08604005115103097,0.07083238261248809,0.03551084146328046,0.03825096937072998,0.07226712159376708,0.06173463605205278
335,114.64635221259138,37.574452649838676,0.06538864763153038,149.08362308151203,139.61628031460938,93.75410578915054,101.64419884248365,95.82483739576915,175.77163519456894,114.43881394705694,84.03520994236715,136.44051646780474,91.43501647999535,158.99612937697358,166.17200783179808,87.69469629353256,20.803787593995352,81.37872049411283,149.27164710562056,72.6720541563524,88.6879105084892,156.85078529216665,124.38894449026253,62.211244879462825,172.50957561163494,150.09794579852718,83.13147577594088,104.96526820388063,90.69142999684146,146.43617969862868,158.8976710102574,90.40998904060041,91.07886576334539,0.09012445847841025,0.016000410844123767,0.054967579891802926,0.12688535540661514,0.018843189788243876,0.12583021062824157,0.05948350560691,0.08696214488564033,0.06901845644073411,0.06526493677137067,0.08940104846640917,0.024533448372655496,0.033554166600761014,0.06799192481852886,0.024308081867854027,0.013994197973981371,0.053736908307024274,0.025800584846132603,0.12265106257319097,0.07451254388947233,0.0637183901570776,0.06147998749160173,0.021294513703871885,0.1692343680172378,0.10402580051920399,0.10869425351173273,0.05841498368708308,0.028623724081958773,0.02781265059680954,0.07449654072123123
336,114.27478351792209,37.948678353926645,0.06221948089511762,149.08362308151203,139.61628031460938,92.825214084925,101.23557991606712,95.62741560497045,175.49955561349697,114.43881394705694,84.03520994236713,136.44051646780474,91.37789981408551,158.99612937697358,166.17200783179808,87.69469629353256,20.803787593995335,81.26646524551455,149.27164710562056,63.71250364575133,88.6879105084892,156.85078529216665,124.38894449026253,62.211244879462825,172.50957561163494,149.90658199017255,83.13147577594088,104.96526820388063,90.69142999684146,146.43617969862868,158.8779084061554,90.40998904060041,91.07886576334539,0.04410056594381398,0.015145154331071923,0.06512106587813504,0.08271665052353111,0.049831034679741815,0.05511228753147286,0.02971759992782574,0.04250784435117111,0.03585054929287986,0.10927105148222221,0.11759980601060593,0.05681112211780278,0.009380729301355582,0.07239913197557626,0.05474959001716574,0.10561218416082396,0.09299723925724912,0.10202940248887615,0.06982826068983558,0.027353943087126666,0.0757328907621797,0.01689089232597151,0.14305258041628824,0.08759487738506753,0.05286455815638193,0.0444198112808973,0.062412041352543204,0.05740657320344343,0.020199544578025974,0.06787544434444652
337,113.9669261274025,37.70086854671287,0.05258290661088707,149.08362308151203,139.61628031460938,92.825214084925,100.04051539193141,95.62741560497045,175.4649663826576,114.43881394705694,83.81909512327857,136.44051646780474,91.37789981408551,158.99612937697358,166.17200783179808,87.68101534648306,20.803787593995335,81.25790916818315,146.56116011204193,63.71250364575133,88.6879105084892,156.85078529216665,124.38894449026253,62.211244879462825,170.50342035903807,147.00831850225626,83.09219259380724,104.96526820388063,90.57790279592345,146.43617969862868,158.8779084061554,90.40998904060041,91.07886576334539,0.029595808695040735,0.05784358468931533,0.017811302424227456,0.03694368128451364,0.06652339934295363,0.06388641506108392,0.10770067273645387,0.06426505866772056,0.028177496773038123,0.11871325605153663,0.0660174958672737,0.019724968003512235,0.060709149674321734,0.03675554864633582,0.029970454191270195,0.036413925313308136,0.043136714920762105,0.03739678580176069,0.12543222211421307,0.016414325305574323,0.03160484019237585,0.006832438297809808,0.1089914625004041,0.12281008017090926,0.024359091100552982,0.015465405559098052,0.02014403224743017,0.06073479000245473,0.05252411404025969,0.07058867865110155
338,113.56018942383277,37.61746817740666,0.058583602545027924,148.87907788880003,139.61628031460938,92.825214084925,100.04051539193141,95.40616900254527,175.4649663826576,114.43881394705694,83.81909512327857,136.4405164678047,91.37789981408551,158.99612937697358,165.8954117626312,87.40023828091115,20.622993727895594,81.09316045223235,139.6907173515795,63.71250364575133,88.68791050848918,156.85078529216665,123.24800034684154,59.92729900947454,170.50342035903807,146.64524901187107,83.09219259380724,104.9652682038806,90.48191133505088,146.32360318073168,158.8779084061554,90.40998904060041,91.07244241120642,0.06909081076271821,0.06763432032085302,0.05837047308093563,0.01463381146797355,0.025415372037287196,0.07381699122736994,0.08050829272949651,0.10660779986986196,0.030932238868921984,0.11746339995880722,0.023765659086777836,0.016131020889687937,0.10965008119964845,0.023168489737235412,0.05844371906818192,0.025629783022426418,0.061374591047806376,0.05811994398131416,0.02810418332509901,0.05924854960888938,0.017519181979700562,0.01843074653651597,0.1130273858180352,0.08665862461947021,0.11390517635129159,0.1171121889212885,0.01338389221350273,0.024425131843214366,0.07384078069419579,0.07109543608233068
339,113.24673057518385,37.456401348796085,0.06823589215117429,148.87907788880003,139.61628031460936,92.825214084925,100.04051539193141,95.40616900254527,175.4649663826576,114.43881394705694,83.81909512327854,136.4405164678047,91.37789981408551,158.99612937697358,165.8954117626312,87.40023828091115,20.622993727895594,81.09316045223235,139.65070627013938,62.83690827944288,88.6859043004618,156.85078529216665,123.24800034684154,59.92729900947454,170.50342035903807,140.10151170535534,83.09219259380724,104.9652682038806,90.47155832705212,145.00976758743678,158.8779084061554,90.40998904060041,90.45421551532384,0.07451981364124467,0.11545765989548648,0.06824175807191453,0.1059191807598269,0.062105012248250685,0.06574735481530973,0.07867470453431014,0.12734868379396455,0.10107037440592564,0.12640458633621623,0.00993398269352765,0.0677644654669007,0.08140769906186332,0.01643844640037542,0.024728153168116225,0.07237363518685086,0.026016835482205167,0.021718560168401888,0.060508137520933564,0.11756753909899678,0.0598267086784632,0.05743342222338083,0.10188865057877913,0.038598352978394784,0.08749597374716901,0.05107113317752896,0.06242617489152883,0.09881403690409571,0.03529011358618274,0.030285615019084437
340,113.02321574135264,37.45855498750202,0.07218964143515844,148.87907788880003,139.61628031460936,92.825214084925,100.04051539193141,95.23448245131047,173.45818811959094,112.76321751221901,83.81909512327854,136.4405164678047,91.37789981408551,158.73514111234735,165.8954117626312,87.38594021721265,20.622993727895594,80.94858627758558,139.65070627013938,62.7606191430356,88.6859043004618,156.85078529216665,123.22541366019277,57.604140571568784,170.50342035903807,140.10151170535534,83.09219259380724,104.9652682038806,90.47155832705212,145.00976758743678,158.8779084061554,90.40998904060041,90.44472651346102,0.03723703622893948,0.07490553212884479,0.06939316629551281,0.058131286074583594,0.0682582282042092,0.02897093026936518,0.06630838531143865,0.1005641490340603,0.08304073842236888,0.08173548998780815,0.058282850650348064,0.07373364690566542,0.02821201719317254,0.1632614038489819,0.05876621885116025,0.07738843621331076,0.023793624494214537,0.006175342775128857,0.1538669178539272,0.1423425161859393,0.16608711901803352,0.06849742192453417,0.05401370849994534,0.022407224138173226,0.09084740706452545,0.025713368063013848,0.06624726781752174,0.07798137451902744,0.07552528401311398,0.06400115106788404
341,112.81228445356875,37.81591831577687,0.05769610437430014,148.69991143827153,139.61628031460936,92.825214084925,100.04051539193141,95.23448245131047,173.42359888875157,112.3026401075642,83.69158058998254,136.4405164678047,91.37789981408551,158.73068422154077,165.8954117626312,87.38594021721265,17.065852844619346,80.48995925863545,139.65070627013938,61.724395600618685,88.6859043004618,156.85078529216665,123.12516015389485,57.604140571568784,170.49185791990854,140.10151170535534,83.09219259380724,104.9652682038806,90.47155832705212,145.00976758743678,158.8779084061554,90.0521623072799,90.44472651346102,0.0738678534674296,0.0733381197984585,0.06478064776813386,0.07176603431480677,0.025776203140712568,0.02401677657543851,0.06261410399928706,0.04466315415569841,0.03338134415638015,0.03992712099838465,0.07426588353441611,0.07522288160829552,0.014454492835053434,0.05939917600502016,0.06350691335842158,0.04055016306545811,0.017093180195046784,0.10897732574027619,0.12946919966412612,0.07858837539623585,0.09640390757262943,0.0336638462244516,0.0629008945359571,0.0072831595608560395,0.1558150927446673,0.024032509869138036,0.027166432810521043,0.03420259110908983,0.07963353006415878,0.034122216960454976
342,112.03650379607465,37.31873982074373,0.056537933901386145,148.64574196897325,138.95695154961376,92.825214084925,100.04051539193141,95.23448245131047,169.72642330328483,112.3026401075642,83.48116467650333,130.01894722198062,90.68837042356543,158.73068422154077,165.83283528098013,87.38594021721265,17.04569739901118,79.6731991788796,132.46317791281075,61.20883873791836,88.6859043004618,156.85078529216665,123.07864001423968,57.604140571568784,168.63073345097067,140.10151170535534,83.09219259380724,104.50667246273727,89.9120503785743,145.00976758743678,158.8779084061554,90.0521623072799,90.43182068348068,0.032448463825980184,0.03738355548137412,0.1078230026281722,0.03426376737637134,0.022257875857245066,0.01637947539684513,0.025431578178619595,0.1253282012375735,0.06518740988113197,0.07167432579015062,0.0393250074531897,0.06627558368030989,0.11882594213194701,0.08129692801112279,0.0760714000675796,0.018152332817537815,0.05841138805960549,0.06882433358956261,0.08357871320976158,0.037280029375589115,0.033506609184572385,0.06684919326873154,0.07229513695214727,0.06302270331133208,0.10964776091935241,0.020538428947112324,0.016786368289579044,0.025450957744365867,0.037038460706467616,0.0647830836682548
343,111.95281048257063,37.34790660482998,0.0558002159105325,148.64574196897325,138.95695154961376,92.825214084925,100.04051539193141,95.23448245131047,169.72225128142424,110.62704367272627,83.37382603402057,130.01894722198062,90.68837042356543,158.73068422154074,165.83283528098013,87.35591201538541,16.857881904163452,79.6731991788796,132.46317791281075,61.20883873791836,88.63247829522327,156.84873765404453,123.07864001423968,57.33509824716952,168.63073345097067,140.10151170535534,83.09219259380724,104.50667246273727,89.90669368051525,144.83772065383522,158.8779084061554,90.04823329743598,90.43182068348068,0.018568949441761504,0.06353654013962634,0.06248871158055556,0.062424414780140235,0.05362871857735801,0.06859168770965143,0.05895055201873399,0.09219110433779806,0.03179527824078599,0.0649914914244914,0.023479672536425633,0.023043942547755082,0.03554115072232266,0.018085571730041813,0.08383164813382679,0.0760309183187457,0.06889523320688344,0.0789785657429149,0.12140316967484906,0.07118799410131599,0.014435889899836827,0.03292047997440385,0.025457636325530004,0.07283389182975264,0.06958514593658494,0.061598668868408646,0.015218267026840189,0.06898268912664932,0.021336236281546194,0.11399225708043832
344,111.88458889049788,37.327027444018434,0.05687696393586562,148.49225933632664,138.45938033629264,92.825214084925,99.7946632831625,95.23448245131047,169.72225128142424,110.62704367272627,83.37382603402057,130.01894722198062,90.68837042356543,158.4786573184234,165.68939454204218,87.35591201538541,16.719890972100032,79.6731991788796,132.46317791281075,61.05801653677247,88.63247829522327,156.84873765404453,123.07864001423968,57.33509824716952,168.63073345097067,139.7238842141682,83.09219259380724,104.50667246273727,89.90669368051525,144.83772065383522,158.8779084061554,90.04823329743598,90.34398714248557,0.06491257392305899,0.08063922295451151,0.0665242734117452,0.027001079525178613,0.1128230055166025,0.03521238117442361,0.06911333285658064,0.11584985509759757,0.019737995144301072,0.03415908012232625,0.013647495295497258,0.020223148860075302,0.019839647580193413,0.053034754701060574,0.06975005845165923,0.08189689536324765,0.03486092886803206,0.07805653405222027,0.05372073771037332,0.07851350866061932,0.11150458393962254,0.030476120018406425,0.05409273250013261,0.07017427031279082,0.03565669679284213,0.06859378455778947,0.020147357587416828,0.03050481413727385,0.0615022173315828,0.09413983162880638
345,111.4520477310121,37.19586078089896,0.08116200152305,148.24842679589915,137.79076331572725,92.825214084925,99.7946632831625,94.0863589267952,169.72225128142424,110.62704367272627,83.31195759011479,130.01134641186852,90.68837042356543,158.4786573184234,165.68939454204218,87.35591201538541,16.719890972100032,79.66902103532678,122.8422370773296,60.54245967407215,88.63247829522327,156.84873765404453,123.0113664992233,57.33509824716952,168.63073345097067,139.7238842141682,83.09219259380724,104.50667246273727,89.90669368051525,144.83772065383522,158.48903474190607,90.04823329743598,90.0946177184385,0.08233819401446237,0.07952767816907534,0.03278270688555185,0.11922592338786606,0.05265046558742046,0.06927600227923317,0.07326833669139364,0.043691423646988845,0.0707837275652634,0.12080912798978888,0.005457062972828034,0.06409865934927178,0.10454470731167059,0.10945283562751291,0.1451188504809583,0.0653013852940955,0.06127278967058813,0.07588521873297885,0.07275132675154762,0.10596738799649597,0.0981473198620752,0.1127015689890429,0.15052546326534905,0.06204619280138008,0.019934741412677304,0.07679994032669996,0.059305575328197024,0.05826612693554793,0.11432094496611839,0.12860836139942106
346,111.35760654801922,37.127684385052284,0.06516933314530689,148.24842679589915,137.71663640899118,92.825214084925,99.7946632831625,94.0863589267952,167.69947182963259,110.62704367272627,83.31195759011479,130.01134641186852,90.68837042356543,158.4786573184234,165.68939454204218,87.34618781286807,16.28801464648227,79.66902103532678,122.8422370773296,60.54245967407215,88.63247829522327,156.84698862991,122.8405621844432,57.33509824716952,168.63073345097067,139.7238842141682,83.0835445305161,104.50667246273727,89.79316647959723,144.83772065383522,158.48903474190607,90.04823329743598,90.0946177184385,0.08333172924332455,0.02461493073848474,0.022528084988986757,0.0915809726858822,0.06842016586883401,0.06849662129231764,0.07803032972363383,0.022443444607919368,0.12227890697948045,0.12377829497138644,0.10767775401164623,0.08241928371997664,0.10258197270833697,0.07385378279483074,0.057373187108412396,0.026261381139183505,0.06265574294312011,0.04189908910388536,0.06092529818924597,0.028729351867345404,0.024756002849193375,0.06377379893387235,0.07699601549445573,0.021775008911127963,0.06090868218863117,0.08114159476859797,0.024508372109173768,0.06325736683643879,0.053878582593218614,0.1342042449882638
347,111.09857355736975,37.086517667406966,0.06089778930761369,147.61202434890606,137.71663640899118,91.53043249996706,99.7946632831625,94.0863589267952,167.69947182963259,110.62704367272627,83.31195759011479,127.82885862017554,90.68837042356542,158.4786573184234,165.68939454204218,87.34618781286807,16.28801464648227,79.66902103532678,122.84223707732959,60.54245967407215,87.5416427507476,156.8183221517646,122.50368542492484,56.47428631455987,167.2988725401119,139.72388421416815,83.08005754889807,104.50667246273727,89.79254797831283,144.83772065383522,158.48903474190607,90.04823329743598,90.09045693110913,0.028979588294834123,0.01373074769370535,0.06365449038479334,0.07494704386796677,0.01926667351017221,0.05655294610391352,0.08388330031821092,0.011514339785699311,0.04833578648657614,0.04716923164183323,0.08664876550899146,0.08105473629413311,0.032687509243368454,0.018816911745109806,0.1117945910442722,0.06092506731047736,0.07138594947095335,0.06879579969200242,0.166352349380918,0.02749598767145941,0.05717372880460943,0.03732436627208659,0.0697261068622122,0.055520978995260116,0.02579194555260961,0.07711835723925813,0.010475578621362107,0.15215542435327883,0.032575622531086895,0.1350797545472561
348,110.76502759474418,37.06039611162888,0.064590648794116,147.61202434890606,137.71663640899118,90.15526089464825,99.64381317929166,94.0863589267952,167.69019655485806,106.37380189768456,83.31195759011476,124.25414002879577,90.68837042356542,158.4786573184234,165.32215812270846,87.34618781286807,16.28801464648227,79.66902103532678,122.84223707732959,60.54245967407215,87.5416427507476,156.8183221517646,122.50368542492484,56.47428631455987,167.2988725401119,139.72388421416815,83.08005754889807,104.50667246273727,89.51666286926539,144.83772065383522,158.48903474190607,90.04823329743598,90.09045693110913,0.01512543809258488,0.1038785370548003,0.11011487798219738,0.04040039646337712,0.015695616342397373,0.022525961737995585,0.08175141415431172,0.06484674568367278,0.023476303762340285,0.07495153535529694,0.038865486391607675,0.03287999386735631,0.07668236595016417,0.10318179700036736,0.03702023854388114,0.10849909517669319,0.0678973240162869,0.08171357113643789,0.04277948295504013,0.07543487285587036,0.15362342635894788,0.06857219211005393,0.03652420793841848,0.06176949153410999,0.021065954931000466,0.08318075082289574,0.005405779454141151,0.1328140847059016,0.06776630074070766,0.08927622070462382
349,110.60397453217033,37.057403811049554,0.06629287527542732,147.29146403165967,137.67269239372592,90.15526089464825,99.64381317929166,94.0863589267952,166.42237267625342,106.37380189768456,83.31195759011474,124.25414002879575,90.60534778489942,158.4786573184234,165.28267842386677,87.34618781286807,15.391843357909751,79.17581894237557,122.14760123345079,60.54245967407215,87.5416427507476,156.8183221517646,121.53654215403489,56.47428631455987,167.2988725401119,139.72388421416815,83.08005754889807,104.50667246273726,89.4953437205275,144.83772065383522,158.48640600433478,90.0465723514458,90.09045693110913,0.10029872735432226,0.0816943910693691,0.04320603283516759,0.015405755019446804,0.07560711706327289,0.06155047332258662,0.07186304741447343,0.07607205792133567,0.06620490160338231,0.11453356303149513,0.06454335752946759,0.019760451495087022,0.065624709125779,0.08376975338261262,0.0699686411802342,0.03947753547709186,0.06937402091035823,0.16115946829169023,0.05516642912412127,0.03244767143541591,0.11900344907788592,0.027591171925298946,0.06051926105699328,0.01772581930732557,0.027267526478693904,0.07828495811919448,0.00617136309485945,0.08866485110579085,0.07266306131266508,0.12316669219740264
350,110.23061195537124,36.78414880306126,0.06056602258351484,144.6588963138334,136.01700350362088,90.15526089464825,99.64381317929166,93.91738663396862,164.41988777120343,106.37380189768454,83.31195759011474,124.25414002879575,90.60534778489942,158.4786573184234,165.28267842386677,87.24439346155212,15.391843357909751,78.62547717672342,122.14760123345079,60.54245967407215,87.48621053748168,156.8183221517646,121.53654215403489,56.47428631455987,167.2988725401119,136.3649382246765,83.07037132871605,104.50667246273726,88.94680191278883,144.83108591117542,158.48640600433478,90.0465723514458,89.98067052325145,0.07885151222783085,0.03561625149442489,0.024457502400518662,0.05564127901152899,0.04443742824408923,0.016873364628613725,0.08758014925200269,0.043136920644601846,0.1152501758487049,0.09581749107913622,0.10806520598602723,0.022600561153140273,0.07648881013294426,0.06994653933607728,0.034453233259772995,0.027635493848526427,0.11837121277307673,0.08112858433316023,0.0698001310106596,0.05703161767669217,0.09176499538291792,0.08024366991208531,0.024699435438550174,0.062208398939389974,0.0686838407747363,0.034827825004564425,0.006907589934965852,0.07597730721954687,0.025266720372554303,0.08321743018460528
351,109.6728003970764,36.80788686809853,0.06660579557531586,144.6588963138334,136.01700350362088,90.15526089464824,99.64381317929166,93.91738663396862,164.41988777120343,105.1030085514021,83.31195759011474,124.25414002879575,90.60534778489942,158.4786573184234,165.28267842386677,87.24439346155212,15.116417105721151,78.17149687842013,108.61326977410191,60.54245967407215,87.48621053748167,156.8183221517646,121.53654215403489,55.49821952801275,167.2988725401119,136.3649382246765,83.07037132871605,104.2829238565622,88.94680191278883,144.83108591117542,158.48640600433478,90.0465723514458,89.98067052325145,0.07021170571442516,0.018854433770176492,0.017174321146945913,0.11154694222162279,0.03172425589419788,0.11392827130305329,0.06542258446566808,0.026569909191376577,0.06097420546421716,0.08128661991081029,0.06762801866119322,0.05988948388311732,0.020573738604587853,0.10310698296313688,0.12039915494896408,0.11846247949951971,0.08802479464807059,0.08015513462441479,0.06455177192875107,0.02324919011468981,0.033907040362166636,0.07991623598819655,0.10692942943435574,0.06483609694445172,0.019079142555234588,0.06997598428921045,0.06086569874823085,0.03586275925842178,0.07095357870735501,0.11211390201291382
352,109.55519674584275,36.75150379481858,0.06507095109202325,144.64573566859283,136.01700350362088,90.15526089464824,98.76208506373861,93.91738663396862,162.9905432884947,105.1030085514021,83.31195759011474,124.25414002879573,90.60534778489942,158.4756496302642,165.28267842386677,87.24439346155212,15.03152177688599,78.17149687842013,108.61326977410191,60.54245967407214,87.48239986869255,156.56353997989166,121.53654215403489,55.49821952801275,167.2988725401119,136.3649382246765,83.06447408712066,103.91326852506549,88.50261439824793,144.79828703314948,158.48640600433475,90.0465723514458,89.97582905305994,0.027956115420483575,0.017734472286956283,0.05624700286414122,0.047660555324861145,0.06959713549354891,0.04421193109359666,0.07789508949646685,0.06818874282457205,0.030323447250755343,0.12072321951705448,0.11071540178387038,0.031687066253408586,0.011290036888245038,0.07085330891973159,0.11070933289796334,0.13721458321701538,0.10632619460452389,0.08483940026740598,0.0786562735650419,0.06084465349514119,0.018614540099823502,0.060572118619238044,0.0583130047624842,0.0409248735304938,0.06352956665654161,0.0841720296621007,0.07758761684841782,0.12331446702598745,0.020048874917472186,0.04137747717335423
353,109.43440946427343,36.66700731954835,0.06205635278469655,144.64573566859283,136.01700350362088,90.15526089464824,98.15932441230349,93.91738663396862,162.9905432884947,105.1030085514021,83.31195759011474,124.25414002879573,90.60534778489941,158.4756496302642,165.28267842386677,87.24439346155212,15.031521776885988,78.17149687842013,108.61326977410191,60.27906671798462,87.48239986869255,156.56353997989166,121.53654215403489,55.49821952801275,167.2988725401119,136.16961803661724,83.06447408712066,103.91326852506548,88.5026143982479,144.79828703314948,156.1487184188964,89.82211528538627,89.97582905305994,0.010953955911019081,0.09393239867229251,0.10791376963280963,0.07486625904760927,0.07481430299683133,0.06671338340130006,0.03636605259770276,0.02362843548409886,0.11132065195464806,0.034454889619875625,0.06466088088032,0.011774271308016263,0.0594712197709722,0.06151455127427917,0.09186543073135076,0.08685822245209524,0.09841088138484262,0.04376944047400636,0.07993219460184628,0.06951331097572813,0.09707686056101632,0.017570162697984962,0.02485653718980835,0.060995370798309606,0.12305500265181255,0.04304645009566074,0.06775655450086635,0.05549185654362207,0.017613559259694517,0.051493726070477225
354,109.30622058410754,36.811115073517364,0.07312146654344778,144.64573566859283,136.01700350362088,90.15526089464824,98.15932441230349,93.91738663396862,162.9905432884947,105.1030085514021,83.31195759011474,124.21945697096947,90.60534778489941,158.47564963026417,165.0617655848983,87.1140879860228,15.031521776885988,78.17149687842013,108.6132697741019,60.27906671798462,87.48239986869255,156.56353997989166,121.26948510303984,52.35184539861913,167.26267278366916,136.16961803661724,83.06447408712066,103.91326852506548,88.5026143982479,144.78815293732896,156.1487184188964,89.82211528538627,89.97582905305993,0.012956462115368534,0.12534736010980974,0.050058805243456406,0.032117774827135,0.03187161700826723,0.027590258321108813,0.10772177160283943,0.06403737910438953,0.0681203902784248,0.06565267366874603,0.060870368799823854,0.06233749323253131,0.06277638650444599,0.018396280742137727,0.0725014049008481,0.07629555527963347,0.07577028266829924,0.02991467935959083,0.07793265249067703,0.0744705693327149,0.118307179241101,0.055710106560772174,0.06331056580906369,0.14115729449816855,0.12268693835276083,0.06743554877416581,0.12615263158725362,0.028149981556634535,0.11808141774119481,0.15591216659206997
355,109.07487315583718,36.65085391741386,0.06798157662361236,141.73862362817454,135.97305948835566,90.15526089464824,97.9134723035346,93.91738663396862,161.05501517671834,104.54203498262441,83.31195759011474,124.21945697096947,90.60534778489941,158.47564963026417,165.0617655848983,87.1140879860228,15.006520083031111,78.07024794200265,108.6132697741019,60.27906671798462,86.7031881667568,156.56353997989166,121.0080226406744,52.35184539861913,167.26267278366916,136.16580228088114,83.06102736094924,103.87456178385028,88.46849541283953,144.78815293732896,156.1487184188964,89.82211528538627,89.97582905305993,0.0729516805081349,0.07228542763979459,0.09962000692830941,0.06175729359372217,0.02495516928581797,0.06199680240691164,0.037177830756424925,0.06457120763964505,0.10942384088942993,0.10895102647827289,0.02494847323481212,0.07121561816596357,0.10945246515416984,0.06172891779323663,0.0287539535303209,0.03074159638993483,0.11130254952066859,0.03241985266357385,0.03417217518311738,0.0747929358706927,0.09283635762063368,0.11289691093501089,0.07182110318667444,0.062434767210270484,0.07677355985164311,0.029853291118707503,0.09315586365098175,0.06068152218099606,0.0772968199986715,0.06847827932182754
356,109.01093878141991,36.64074236095015,0.07166952513992395,141.73862362817454,135.04509122463216,90.14900561086641,97.14780690193062,93.91738663396862,161.05501517671834,104.54203498262441,83.31195759011474,124.21945697096947,90.60534778489941,158.46249211606013,165.0617655848983,87.1140879860228,15.006520083031111,77.94841484935554,108.6132697741019,60.27906671798462,86.69297186544446,156.56353997989166,120.96455440779027,52.3223782562572,167.26267278366916,136.16580228088114,83.06102736094924,103.87456178385027,88.46849541283953,144.78815293732896,156.1487184188964,89.82211528538627,89.97582905305993,0.03830219639884719,0.07336738198129195,0.08407162226214293,0.06393460281692986,0.0553010422225786,0.07537565693013153,0.09723540355861413,0.07341464310684491,0.10917202483525283,0.07185958056668199,0.05985109128318511,0.06740962824568579,0.13033198392166911,0.06798126579053156,0.10519754378703092,0.06121691462666747,0.06164215991014044,0.020745167927246073,0.06519246488067648,0.06575271411731504,0.1093582026084761,0.06169101617958616,0.060685870007558505,0.10255143573683272,0.030475243940435714,0.015265695201883074,0.11626334632349844,0.07181602901462943,0.026786110964996293,0.107837715050358
357,108.95327286379504,36.65067571542409,0.049445552849481884,141.73862362817454,135.04509122463216,90.14900561086641,97.14780690193062,93.91738663396862,161.05501517671834,104.54203498262441,83.31195759011474,124.21945697096946,90.60534778489941,158.46249211606013,165.0617655848983,87.1140879860228,15.006520083031111,77.94841484935554,108.6132697741019,60.27906671798462,86.69297186544446,156.56353997989166,120.87135427557112,51.74031043572598,167.26267278366913,135.2606718475252,83.06102736094924,103.87456178385027,88.31943083470895,144.78815293732896,156.1487184188964,89.82160072087731,89.97582905305993,0.03371031312554479,0.10915271665836765,0.03964630233148077,0.020492411028037595,0.0642575558331743,0.06480332276462965,0.08081375502878178,0.025979020267226656,0.030634803743791225,0.03045314664034928,0.05367952124284646,0.02572999152430732,0.12484462099000551,0.023337206618945536,0.044386242967467314,0.07102397034952357,0.028104614974867215,0.010041010531702515,0.07208023192504734,0.030479481638328018,0.0318093431119129,0.06697325430289366,0.02082512966216512,0.0747853808317457,0.06559092353743723,0.014657244841007756,0.10199486028433256,0.058232079143023,0.016524271231546196,0.048323858353967845
358,108.81411946004182,36.59876913552341,0.06208186928732019,141.7386236281745,134.91726905419745,90.14900561086641,96.27202960813531,93.91738663396862,159.67514388401247,104.54203498262441,83.31195759011474,123.29357212863673,90.00399477539389,158.46249211606013,165.06176558489827,86.99436423689109,14.956139908308561,77.94841484935554,108.6132697741019,60.27906671798462,86.69297186544446,156.56353997989166,120.87135427557112,51.74031043572598,167.26267278366913,135.2606718475252,83.06090958385025,103.87456178385025,88.22575903184017,144.78815293732896,156.1487184188964,89.82160072087731,89.97582905305993,0.03231929514996943,0.05674449654915047,0.02790224696996363,0.011747962053123935,0.11867459846412069,0.0238462738076727,0.04037901774917373,0.02292743353460054,0.07283894299682457,0.02290139701460249,0.09775725004276797,0.07104014980898996,0.035112957490579966,0.06691024315965796,0.036120685961797384,0.06483744529870054,0.05906888141168167,0.16797754648439767,0.11151741782281659,0.07671076278718579,0.02145619733570978,0.056759881889518075,0.05980658207257906,0.09075853874463466,0.02650078305728993,0.060834889921287834,0.13137657628298008,0.027363526794543014,0.10316912618748776,0.06709497177579796
359,108.72457751463472,36.63764641024889,0.06696585915728824,141.73862362817448,134.91726905419745,90.14900561086641,96.27202960813531,92.45079515643522,159.67514388401247,104.54203498262441,83.31195759011474,123.29357212863673,89.92097213672788,158.46249211606013,164.9113529900053,86.91093485844077,14.956139908308561,77.90875467527857,108.6132697741019,59.75255653597222,86.69297186544446,156.56353997989166,120.76277263333225,51.644985683276474,167.26267278366913,135.2606718475252,83.06090958385025,103.87456178385025,88.22310236107107,144.78815293732896,156.018649567772,89.82160072087731,89.97582905305991,0.05983927646779937,0.07221162155372082,0.010515548436558081,0.013453531464063903,0.04342640659674505,0.006579095786693819,0.15848653763222872,0.1567856096610124,0.11702150553386093,0.1048766774531219,0.14516067327859167,0.023016797937123495,0.09423007973332653,0.07320852598384986,0.02404236470624936,0.08008698792630684,0.11064658972088864,0.06459934356641507,0.0492224485094429,0.12376958559008591,0.02174175310030317,0.01762888319966519,0.1056125191035504,0.04349548623871792,0.01411367695136659,0.028687479062983676,0.06309509772714386,0.01596923985320047,0.10371410532190048,0.06373832662173036
360,108.36050737197475,36.2022751031712,0.06871602043597794,141.73862362817448,133.44740021343424,90.14900561086641,96.27202960813531,92.45079515643522,156.45967986120544,104.54203498262441,83.31195759011474,122.75356409812436,89.92097213672788,158.27077894109928,164.9113529900053,86.91093485844077,14.938212164118871,77.88140796851727,108.6132697741019,59.75255653597222,86.69297186544445,155.3518662177524,120.76277263333225,51.644985683276474,164.97979744533166,135.2606718475252,83.05647808940464,103.68135526467769,88.12750283598243,144.78815293732893,154.34666044715095,89.82160072087731,89.97582905305991,0.026428886198917017,0.06922401357344399,0.10534343008778393,0.11737679680461648,0.016635059855867558,0.10353057206483926,0.18340116528840145,0.16832163655235272,0.06073971189953862,0.1256481954414081,0.0529848463210854,0.026016606212078124,0.10320359805263832,0.07759922001267033,0.056941858579650506,0.03768869268697872,0.059631272543964026,0.04321625571251442,0.031307497981140506,0.1614307360679539,0.02321543815733717,0.014799093679867124,0.04320872945468291,0.0648800270224648,0.008892685924215701,0.0695617946335892,0.07507388772054611,0.027389176796790114,0.08144717407375962,0.026342553678241926
361,108.03423601564324,36.301772945748084,0.05824872381967986,141.18345983434915,133.43396675669152,90.1490056108664,94.38544587075793,86.32106077810636,156.45967986120544,104.54203498262441,83.31195759011474,122.75356409812436,89.92097213672788,158.27077894109928,164.7756422790424,86.91093485844077,14.91459032242934,77.88140796851727,108.6132697741019,59.489163579884696,86.68916119665533,155.3518662177524,120.6954991183159,51.62880848772423,164.97979744533166,134.64869125023915,83.0564780894046,103.68135526467769,88.12750283598243,144.77906337179618,154.27449217439684,89.82160072087731,89.97582905305991,0.02198264116326899,0.023366898474192342,0.03797233240046316,0.05110471153196645,0.055768635172490665,0.08577475257095245,0.08168349336680017,0.10568104956529044,0.06983410906230098,0.10322291736904736,0.06216409343381521,0.06911692692476813,0.02581949592261458,0.06563968994472354,0.06990060568221473,0.017158906255728263,0.07456471254317393,0.06657834533990224,0.05193502016353338,0.07843234973631301,0.06285645600272227,0.11342317823456663,0.023110362068252826,0.02660078416316628,0.02565298703663937,0.08318697675270688,0.027245420645050488,0.024977089492439857,0.0791888680965876,0.06351790547470319
362,107.51442371939383,36.14292273885639,0.07768799850181965,141.18345983434915,132.67097051822756,90.1490056108664,94.32899496944292,86.32106077810636,156.45967986120544,104.54203498262441,83.31195759011474,122.75356409812436,89.92097213672788,158.27077894109928,164.7756422790424,86.91093485844077,14.91459032242934,77.88140796851727,107.82518447132756,59.437979553890166,86.68916119665533,155.3518662177524,110.28746325136706,51.62880848772423,164.8195367474302,131.92187788699945,83.05638571235413,103.04090515088356,88.12750283598243,144.77906337179618,154.27449217439684,89.82160072087731,89.97582905305991,0.02169194275487693,0.0192853173460462,0.017780056386451543,0.06748994454115892,0.16413572331230797,0.12012740991120091,0.18992599550914935,0.08790445319116606,0.10744435881949962,0.03946453751877172,0.10279423639496987,0.07721556461888351,0.0594685216298341,0.06028883141380984,0.07912688705115258,0.07061071631117889,0.034975545599468506,0.06897543236035235,0.06734162279229149,0.14948869915029311,0.06139193249561126,0.11070060577647414,0.093433842551226,0.014455546036125585,0.057998909312311525,0.06725100395997399,0.11366293431415227,0.07609753630169712,0.05641066785392704,0.07370117984022684
363,107.39112539397622,36.14159540833181,0.058003445047934435,141.18345983434915,131.95056876597334,90.1490056108664,94.31644173324034,86.32106077810636,156.45967986120544,104.54203498262441,83.31195759011474,120.94647140807541,89.92097213672788,158.26777125294012,164.7756422790424,86.91093485844077,14.91459032242934,77.83034363088572,107.82518447132756,59.437979553890166,86.68916119665533,155.3518662177524,109.93244687362196,50.88267771308833,164.8195367474302,131.92187788699945,83.05638571235413,103.04090515088356,88.12526799020358,144.77906337179618,154.27304411432485,89.82160072087731,89.97582905305991,0.10392685797896031,0.06614702433000275,0.017152377629915047,0.07161172801313634,0.05788928274701613,0.04631366771018765,0.0813785536252592,0.037297007026072214,0.03355523949673594,0.02401973263802465,0.04680884738450964,0.0813997648625151,0.06300469185344026,0.014989211838274891,0.03696803062380828,0.07536357646546159,0.07128291426784132,0.026321254338173082,0.021391797272060066,0.07381753683738729,0.023569728296618436,0.1202343997874215,0.1341406936326683,0.06699141669584871,0.06412135311918656,0.10977627611450433,0.0424135262791812,0.03798875994669443,0.06839052661703843,0.0218375740100896
364,107.3583197553905,36.16104255688463,0.06926833133248479,141.18345983434915,131.95056876597334,90.1490056108664,94.31552988170752,86.32106077810636,156.45967986120544,104.54203498262441,83.31195759011474,120.44114643538934,89.92097213672788,158.26758535213267,164.73588712019938,86.91093485844077,14.614975363203007,77.83034363088572,107.82518447132756,59.437979553890166,86.60540470075225,155.3453738177902,109.93244687362196,50.88267771308833,164.8195367474302,131.92187788699945,83.0562034877347,103.04090515088356,88.077322796212,144.77906337179618,154.27304411432485,89.82160072087731,89.97582905305991,0.08652391849448882,0.06337073903732565,0.06198820563226027,0.1106547912753327,0.07114847280242032,0.026976042922429784,0.20046685028778735,0.06547536528562736,0.06804958047934709,0.10869517264129996,0.07059875041260176,0.12238520074997335,0.05897235774178343,0.06098567491988872,0.06279158910329379,0.10930179086233507,0.10997509895623232,0.016451551784622914,0.06585768983328309,0.03526945013610383,0.02512310865785877,0.08826111734063945,0.09222142388553739,0.06432247685045406,0.04025314600985086,0.050342353827867725,0.025302933063141096,0.02529299829642869,0.029624554208772115,0.061367534475556346
365,107.2387869052389,36.251137972825234,0.07127260982457892,141.18345983434915,131.88912299194888,90.1490056108664,92.66067498466136,86.32106077810636,156.45967986120544,104.54203498262441,83.31195759011474,120.44114643538934,89.92097213672788,158.26758535213267,164.73588712019938,86.91093485844077,14.614975363203007,77.83034363088572,107.82518447132756,58.04763620861,86.41365787285393,155.3453738177902,109.93244687362196,50.88267771308833,164.8195367474302,131.92187788699945,83.0562034877347,103.04090515088356,88.077322796212,144.77906337179618,154.27304411432485,89.82160072087731,89.68823439276143,0.04489369435977082,0.07161007730394775,0.07360098822993923,0.07356273970851117,0.06924381404968893,0.015195120195400705,0.15847337066088685,0.029922461866088143,0.0592882247198831,0.05296580590630051,0.07519719705411866,0.04337897955298799,0.06005404182957394,0.06197890906971567,0.01946614859898005,0.08600487558627185,0.033394504045957195,0.06609843458049833,0.14766205553411,0.06805961019636388,0.06450394617060137,0.03413607122109466,0.07278073704103838,0.1386910441293419,0.11638089215079189,0.10905197749303988,0.0646474595512455,0.025863984584871286,0.026463120822317353,0.17560800852403072
366,107.04919468135631,36.234640492519674,0.06816053374295335,141.18345983434915,131.70511163178207,90.1490056108664,92.02823736817881,86.32106077810636,156.45967986120544,104.54203498262441,83.105079224238,120.44114643538934,89.92097213672788,157.47652783896035,164.73588712019938,85.21335761874609,14.607940931436417,77.83034363088572,107.82518447132755,58.04763620861,86.41365787285393,155.3453738177902,109.93244687362196,50.53898004456444,164.8195367474302,130.10007371783257,83.0562034877347,103.04090515088356,88.07405444458462,144.77906337179618,154.27304411432485,89.82160072087729,89.68823439276143,0.024426658226211664,0.073556499953616,0.0670752045094828,0.12088300877991093,0.07732356657877365,0.10247508702010617,0.09976411616833802,0.11113061293396076,0.07247743317438109,0.0258719237207187,0.06601478554665777,0.06431170556321378,0.022106282370014968,0.02479057906873752,0.05809214048851753,0.028327669387347064,0.1262441225816465,0.10389953751439693,0.10886012565926514,0.1515802360579382,0.017139611202880822,0.064180963361667,0.022344832722417142,0.12243137817390909,0.06515606810402189,0.07886250433969277,0.027304885756026916,0.018005596333544805,0.01474861843004619,0.08543025856115857
367,106.85799450584203,36.09886619727833,0.06572823125224286,141.04430661246784,131.70511163178207,90.1490056108664,91.21642524167615,86.32106077810636,153.57829871511177,104.54203498262441,82.92337181951515,120.26645380604533,89.92097213672788,157.47652783896035,164.73588712019938,85.21335761874609,14.573425777323786,77.81498106332185,107.82518447132755,58.04763620861,86.41365787285393,155.3453738177902,109.93244687362196,50.40618224284328,164.65034170413688,129.17530554924227,83.0562034877347,102.77028514928054,88.07405444458462,144.77906337179618,154.27304411432485,89.82160072087729,89.68823439276143,0.022471809053125038,0.01938741911189913,0.11894878994938402,0.058787641903414976,0.0749474023824977,0.03954271481758961,0.04357079814344337,0.10372749255908206,0.050068666190244984,0.11655474071341597,0.073526844715388,0.12233678219405467,0.05372250133157557,0.01986980144883328,0.01829764019663681,0.06307490215168551,0.07488295591706623,0.10242680999761698,0.07853133605306091,0.13747302164838426,0.011769846442187296,0.11890024931049781,0.06011547795814006,0.04456729164400103,0.02383481790591295,0.10128166652287528,0.02011748555662641,0.06301158650877577,0.06576671875054255,0.07033172648932821
368,106.59464032096703,36.169990118734795,0.07320710595764042,141.04430661246784,131.3455976671793,90.1490056108664,90.58445664636004,86.15138348709706,153.57829871511177,102.34508839175412,82.92337181951515,120.26645380604533,89.92097213672788,157.47652783896035,164.66498484299248,85.21335761874609,14.573425777323786,77.81498106332184,107.82518447132755,55.45248987967694,86.40344157154159,153.8753858832033,109.86517335860557,50.17581799774567,164.65034170413688,129.17530554924227,83.0562034877347,102.77028514928054,88.05845520353614,144.69603411054723,154.27304411432485,89.82160072087729,89.68823439276143,0.06097118012071153,0.009031833238879263,0.08323444864805468,0.1157775730727449,0.03182346584389939,0.023667240234664003,0.023589606234365804,0.08781471877768636,0.12596042942648009,0.1694610158217373,0.023444772677432644,0.12610213186584257,0.09915600371077189,0.06623054034609809,0.01979999168127128,0.11114474138020243,0.02836271811403346,0.05674722647144066,0.07179386017655368,0.12310840283801622,0.05611608915793464,0.05143527403732657,0.15717872215301346,0.12184478872674791,0.051172292933274355,0.04765132638278623,0.05219816853166261,0.05832095574462073,0.02391054783729568,0.11916311254366387
369,106.51720229425447,36.17193644505454,0.07335741500257378,141.04430661246784,130.23222993359673,90.1490056108664,90.58445664636004,86.15138348709706,153.57829871511177,102.34508839175412,82.92337181951515,120.26645380604533,89.92097213672788,157.47652783896035,164.62522968414945,85.21335761874609,14.573425777323786,77.81498106332184,107.67484957759504,55.45248987967694,86.40344157154159,153.8753858832033,109.86517335860557,49.50177838664112,164.65034170413685,129.17530554924227,83.0562034877347,102.77028514928054,87.94366990890641,144.46517600106284,154.27304411432485,89.82160072087729,89.68823439276143,0.06819004438408233,0.004336493064138775,0.0730086093299174,0.043645393122161286,0.011498860647043096,0.014698554543286975,0.14499419421497728,0.08127000987111134,0.1279370910410943,0.14906583216012903,0.05776764123259618,0.08017497123047819,0.13115448256614742,0.11191053408677581,0.09038807926176685,0.09920419521789582,0.06838619104878882,0.11087344477644076,0.059503294023792154,0.08127770659123028,0.11746697460342524,0.019896565461456392,0.1227688897988239,0.10175105341973574,0.019815476240140725,0.05873739308068221,0.022824467772691495,0.02879644563154158,0.05558163655777715,0.043797925097084675
370,106.39024905072158,36.25488294975835,0.060450156182683415,141.04430661246784,130.23222993359673,90.1490056108664,89.702728530807,86.15138348709706,153.57829871511177,102.34508839175412,82.7164934536384,120.26645380604533,89.92097213672788,157.47352015080116,164.62522968414945,85.13404860473692,14.573425777323784,77.66494413963416,107.67484957759504,53.94443180078425,86.40158469024406,153.8753858832033,109.86517335860557,49.485601191088875,164.65034170413685,129.17530554924227,83.05406249051033,102.23839128815722,87.94366990890641,144.0376658164519,154.27304411432485,89.82160072087729,89.68823439276143,0.030523738441108943,0.12272757804872154,0.02484029851811005,0.06835524469066759,0.01100609558389444,0.06450928332628728,0.054504924918930664,0.031496989607336705,0.042908937138633745,0.09577456118555558,0.020687956440775875,0.04174081338815003,0.057869465092390604,0.08692255119585847,0.03502525708571081,0.13881469801108817,0.02186568399765172,0.09430373659200225,0.06959275702568454,0.1203318539346813,0.06895139187848967,0.06635752649616011,0.12824572479669516,0.07613476426868782,0.01974115990196909,0.06202104324471293,0.07138243253230046,0.056455194070009415,0.015237506833062514,0.0151755172351747
371,106.23934210237621,36.32912545232874,0.05662020281803295,141.04430661246784,130.23222993359673,90.03083666801207,89.702728530807,82.10767491553585,153.57829871511177,102.34508839175412,82.7164934536384,120.26645380604532,89.92097213672788,157.47352015080116,164.42904545985786,85.13404860473692,14.573425777323783,77.5865330952413,107.67484957759504,53.94443180078425,86.40158469024406,153.8753858832033,109.84948563318164,49.4723112442792,164.65034170413685,129.17530554924227,83.05401220553013,102.23839128815722,87.94366990890641,143.9759581064041,154.27304411432485,89.82160072087729,89.68823439276143,0.01832255460348018,0.07456474538162808,0.007689118970907586,0.07344622619422761,0.11168574955228165,0.01877679632477011,0.06930258578831582,0.024491724528181737,0.026572958931892206,0.032920424665040575,0.05185728236798313,0.025311185389632375,0.024753737313367014,0.039481724394142256,0.02220199364472917,0.1004315581159991,0.100746715356999,0.054816968218078105,0.10243995829880197,0.08446832638759642,0.030578634870948362,0.07219070403968651,0.11459741349730873,0.030480693614402747,0.06132078273647437,0.06695821080245408,0.1268536460885264,0.023667237081271907,0.05076314113711074,0.05691328624475075
372,106.15678399968219,36.31099342742732,0.07180194378756204,141.04430661246784,130.23222993359673,90.03083666801207,89.702728530807,82.10767491553585,152.15943101727507,102.3450883917541,82.7164934536384,120.26645380604532,89.92097213672788,157.4732396668992,164.4213823395928,85.13404860473692,14.573425777323783,77.5865330952413,107.67484957759504,53.169827116143814,86.39963090275248,153.86877928599137,109.84948563318164,49.34577754951909,164.65034170413685,129.17530554924227,83.01968992223405,102.23839128815722,87.89041836927085,143.9759581064041,154.2203849225444,89.82160072087729,89.68823439276143,0.06383139633903967,0.08376961537587146,0.0978228329480211,0.07995051860208585,0.0850267126497799,0.059972091662981744,0.06462104073702898,0.09907072626792054,0.10369803010012825,0.10982726938873243,0.05864072140256105,0.018887925007215915,0.06067906419775214,0.020078735622356313,0.11535347534098706,0.05115222774063345,0.0763434922877597,0.02810793863597562,0.07257982635134821,0.04327132159962749,0.06580932630222673,0.029121647734954265,0.10711019542617498,0.06110239520560855,0.02848568738379026,0.11220000545188649,0.12477263606175257,0.05600558698808695,0.059756602936474584,0.11700926787809873
373,106.02300715521945,36.407022613788,0.0717463293498229,141.00972721573862,130.23222993359673,90.03083666801207,89.12481305207744,82.10767491553584,151.99360012205838,102.3450883917541,82.7164934536384,120.1816793080905,89.92097213672788,157.47323966689913,164.1617670080218,85.13404860473692,14.573425777323783,77.5865330952413,107.6579721818369,53.169827116143814,86.24832356255929,153.86877928599137,109.84948563318164,47.58598618160424,164.65034170413685,129.17530554924227,83.01968992223405,102.23839128815722,87.55779364573905,143.9621189047915,154.2203849225444,89.82160072087729,89.07208468809065,0.06916840801691561,0.0306513151923782,0.07477914698920277,0.07972196520559591,0.08128497548706509,0.06738948609479825,0.07172300293418975,0.12917604623354653,0.14381174172270392,0.08719621032206584,0.023659297674426497,0.10500821776931753,0.11090515481746638,0.05547002131998872,0.09962585011498098,0.028193864277924897,0.0715621393635713,0.014845732421911107,0.1190718876513473,0.11023385125313882,0.02466420519457694,0.022773377579436947,0.061701332242569684,0.059717002378450935,0.0658551179946814,0.06250782964260239,0.08473624808837639,0.07809514250437341,0.03620957404331678,0.08265173596376667
374,105.9457576457829,36.42133321419086,0.06328293305251224,140.85493193725023,130.23222993359673,90.03083666801207,89.0766465148658,81.88124739963068,151.99360012205838,102.3450883917541,82.7164934536384,119.73255786882406,89.73114220510534,157.47323966689913,164.1617670080218,85.13404860473692,14.573425777323783,77.51527889855427,107.6579721818369,52.9565356489286,86.24832356255929,153.86877928599137,109.84948563318164,47.21579829493683,164.60657043773466,129.17530554924227,83.01968992223405,102.00647802776943,87.55779364573905,143.9621189047915,153.90165841930175,89.82160072087729,89.07208468809065,0.02922453593262697,0.013501800185830068,0.08421867826295659,0.025196415846575417,0.030658288810457457,0.024228192638516187,0.10606549339008381,0.05788423478763819,0.08614787958563157,0.0791825375940041,0.055005426447627875,0.038528219475136974,0.06595483417760983,0.19320820855253884,0.07620273651604852,0.06406185870542593,0.026298591490448973,0.11099994678864449,0.06846322236409003,0.06338652911575318,0.0599796643247995,0.026934559385466787,0.06026828434797986,0.019615472671915827,0.025800313772901387,0.06867229103967479,0.07325393680182472,0.037186313911684823,0.01984722316012774,0.20851230149134675
375,105.82526482406776,36.50742083474372,0.06384477890934806,140.85493193725023,129.08654629947648,90.03083666801207,89.0766465148658,81.88056188782687,151.99360012205838,102.3450883917541,82.7164934536384,119.73255786882406,89.73114220510534,157.47323966689913,164.1617670080218,85.13404860473692,13.596093004737831,77.51527889855427,107.65797218183688,52.9565356489286,86.24832356255929,153.86877928599137,109.84105491761272,46.805950163000105,164.60657043773466,129.17530554924227,83.01968992223405,101.1768140092116,87.32294402480633,143.95382865884278,153.90165841930175,89.82160072087729,89.07208468809065,0.027032308852115383,0.057588411647065414,0.031756894397771684,0.15730218264709728,0.008779515265836481,0.044542977190019914,0.038647349833322575,0.07268262212054746,0.07157870980950953,0.04480398747059314,0.05256134939310694,0.10771156274307875,0.08316882107999832,0.06813709623033634,0.03937761073394826,0.07280297038460685,0.01481099005830381,0.05997569986559275,0.03028765129406618,0.07644971158594122,0.021647656019456323,0.05673841123814048,0.1509489760825198,0.10516884148010397,0.05244018412887625,0.032470587338998595,0.0830998010842988,0.11612766794440794,0.0448528590439207,0.09184996031686074
376,105.804998311993,36.53848185276943,0.06041191704503214,140.85493193725023,129.08654629947648,90.03083666801207,89.05489706302701,81.88056188782686,151.99360012205838,102.3450883917541,82.71649345363839,119.73255786882406,89.73114220510534,157.47323966689913,164.1617670080218,85.13404860473692,13.596093004737831,77.48229682214841,107.65797218183688,52.95653564892859,86.24832356255929,153.86877928599137,109.84105491761272,46.25447378169351,164.60657043773466,129.17530554924227,83.01790246954357,101.1768140092116,87.32294402480633,143.95382865884278,153.90165841930175,89.82160072087729,89.07208468809065,0.07350287932439628,0.0701045266321614,0.11721329759583156,0.09136696272244596,0.053538719892699344,0.06696463438310164,0.06370178886231781,0.07821588720596695,0.08115397207619005,0.07614831374187372,0.014102385299490278,0.09249601534086263,0.02728521361079743,0.0334853727273518,0.031986493247212325,0.035296993494166234,0.05032985893247995,0.03639449456108329,0.05838467167023873,0.06824038284123475,0.01843285186848587,0.16423449010033175,0.08445093991727619,0.03731277258352443,0.025403753463198463,0.02993131491742152,0.04586006115992207,0.04580821312545104,0.05164530781952124,0.08936494223392963
377,105.61271699492674,36.56419542282905,0.06188695218097091,140.11467029719321,129.08654629947648,90.03083666801207,87.79102763861235,81.88056188782686,151.99360012205838,101.09316756412295,82.71649345363839,119.61985075320881,89.73114220510534,157.47323966689913,164.1617670080218,85.1340486047369,13.424254240379184,77.48229682214841,107.65797218183688,52.95653564892859,86.24832356255929,153.86877928599137,109.78221211816529,45.61264127509301,164.60657043773466,129.17530554924227,83.01790246954357,100.60621340687308,87.32294402480633,143.1488076568403,153.90165841930175,89.67005589135462,89.07208468809065,0.028135592413596942,0.033236319173974266,0.03566382882292928,0.026380624059749825,0.020098587899017174,0.11212373055508348,0.10071816584056471,0.030555096040575068,0.07069193865334052,0.08580209302786207,0.1023558678506175,0.03850520552970587,0.09295617246275545,0.01931496424342457,0.10622798410131457,0.1635297659382801,0.020932553713000714,0.06385646738610452,0.016527661102587098,0.0781987916085267,0.05829858370470232,0.09995706287456628,0.043607498924671396,0.059336245658840825,0.05539760976731539,0.0650066289079443,0.022141150247369963,0.032313454167505265,0.06665501846139588,0.10808390229180506
378,105.38042023696975,36.52304364029951,0.06912795632808237,139.9228820421999,129.08654629947648,90.03083666801207,87.79102763861235,81.80203529452334,151.99360012205838,101.09316756412294,82.71649345363839,119.6198507532088,89.73114220510534,157.47323966689913,163.9941057916878,85.1340486047369,13.424254240379184,77.45002991707791,102.75307786787033,52.956535648928586,86.12379062889268,153.86877928599137,109.77537841289532,45.61264127509301,164.60657043773466,127.82246242957186,83.01789957859745,100.60621340687308,87.32294402480633,143.03925485135196,153.90165841930173,89.67005589135462,89.07208468809064,0.015388613374450022,0.018985653517373132,0.012175641663683658,0.10763322102310387,0.012504883160686979,0.11036323987068941,0.11556502002302832,0.06907049725651047,0.07631457458744204,0.04359930838270287,0.11797631852811824,0.017839940965014706,0.032830419002025595,0.10571505684772943,0.12684929781330223,0.08086986952340514,0.12389253497383233,0.02268733754222071,0.11132130707949633,0.07618888229629758,0.05973272719547568,0.07876036797531076,0.031183885476372415,0.10519602464713655,0.11111342201653468,0.06932093347134055,0.06554719361293267,0.0744302860875854,0.033860925798853365,0.046921306129815835
379,105.22822468528885,36.43163900415623,0.05252084573458789,139.9228820421999,127.45599541703926,90.03083666801207,87.79102763861235,81.48326913419237,151.99360012205838,101.09316756412294,82.71649345363839,119.6198507532088,89.73114220510534,157.47323966689913,163.9941057916878,85.1340486047369,13.424254240379184,77.45002991707791,102.75307786787033,52.956535648928586,86.12242936947553,153.76059065020144,109.72599668127626,45.25744348655553,163.5226134130056,126.8081164139982,83.01722720521144,100.60621340687308,87.31949934619988,143.03925485135196,153.90165841930173,89.67005589135462,89.07208468809064,0.06251929655338809,0.014385792393638384,0.01732915988769801,0.07926108080057623,0.06698120048160994,0.05919097586492637,0.043519574403373784,0.10820433888470057,0.025912866864953202,0.02860926989561375,0.07533379627717851,0.006434095767058782,0.0665078200575513,0.05362146695965103,0.05998018366182848,0.16368939730354293,0.03672704166715886,0.06455863350512105,0.07371444120795602,0.02778834464669244,0.015347898835327193,0.039725151402886065,0.018414419270232983,0.03446022357351698,0.04683021895615414,0.028331729154705665,0.02499921708251819,0.06346586168053817,0.06307014387815421,0.10671173111938534
380,105.14673453723248,36.50787953785177,0.0591251633539737,139.9228820421999,127.45599541703926,90.03083666801207,87.79102763861235,81.31359184318305,151.99360012205838,101.09316756412294,82.71649345363839,119.6164008152506,89.73114220510534,157.47323966689913,163.9941057916878,84.92652417060413,13.424254240379176,77.45002991707791,102.7362004721122,52.956535648928586,86.12242936947553,153.76059065020144,109.68781504186941,44.205191194581,163.50964358996143,126.8081164139982,83.01722403835952,100.34948817051594,87.31949934619988,143.03925485135196,153.90165841930173,89.67005589135462,88.38504146289269,0.06444797759145719,0.012004668424644815,0.01496135618000721,0.03555865279480806,0.030971986989993084,0.0698583528612291,0.02760200826525773,0.07421985589646024,0.0579958932145131,0.16272689087414063,0.11270020215926707,0.10012703946880502,0.03153878104797003,0.07683554438483228,0.08653536074564344,0.11965309636445953,0.02157512116516048,0.07593216243924553,0.021422075781820177,0.06460505972703975,0.014555307705684513,0.023075056611674284,0.15132713105897508,0.10806156149488605,0.02158167882666133,0.06419009834963864,0.01892042866128363,0.03448104013271237,0.033573413962688786,0.042717097438251604
381,104.9211311661997,36.83957484240403,0.04887426217211279,139.78372882031857,127.42088097335362,89.65490985512679,87.46337766704909,81.31359184318305,151.99360012205838,101.09316756412294,82.71649345363839,119.51383153221002,89.73114220510534,157.4732396668991,163.9941057916878,84.92652417060413,13.424254240379176,77.45002991707791,102.73530581895338,52.956535648928586,86.0308570088455,153.76059065020144,109.64391390720112,38.56664168635761,163.50964358996143,126.8081164139982,83.01722403835952,100.34948817051594,87.30672960495247,143.03925485135196,153.90165841930173,89.67005589135461,88.38504146289269,0.03005062265740744,0.01850782502838555,0.0573833484230509,0.018680301266006484,0.013155475958949649,0.07539589806384497,0.02492398725329882,0.035625388550756906,0.022021213492144934,0.19061860103974018,0.03835870818663764,0.06577668156346698,0.06580536903325368,0.03445753395597419,0.04408334018239167,0.059226625774103855,0.013782373037140475,0.026775664424745285,0.07704250633374991,0.07631782181325922,0.06128958355250616,0.05841317667216339,0.11373317945277558,0.03016498879507427,0.011334862956797594,0.06263424409861716,0.02959747172673222,0.028975827259606124,0.06300279205170296,0.019092452559099717
382,104.7942578896483,36.85188363104743,0.057866904378984986,139.78372882031857,127.42088097335362,89.65490985512679,87.14319617083237,81.31359184318305,151.99360012205838,101.09316756412294,81.85630591470823,119.50369369963532,89.73114220510534,157.4732396668991,163.98769129882368,84.92652417060413,13.424254240379176,77.41867911680342,102.73530581895338,52.36192023145557,86.02752963225674,153.76059065020144,109.64391390720112,38.56664168635761,163.4788421466034,124.868351799095,83.01722403835952,100.34948817051594,87.30672960495247,143.02983756799378,153.90165841930173,89.67005589135461,88.38504146289269,0.017122466759925573,0.013497275159337328,0.016809997637293225,0.05745179774945378,0.013781946849054259,0.0815721356294005,0.10456687484673166,0.03249005076095826,0.06410033243917045,0.07685333011545246,0.023037530974920246,0.04511235645434351,0.06020878432074475,0.06790499509877743,0.07354792571345618,0.029133923382543593,0.017430736267104795,0.06166444074209347,0.08250988540796163,0.057395657087966415,0.08131826835900513,0.07308824575993278,0.12478064163434442,0.014851380467857205,0.008277544108377116,0.07345321037306791,0.07272519927850425,0.07249450957318254,0.10550352720035222,0.11332216121823666
383,104.71079256767082,36.819657091381416,0.06360163976648463,138.85409250504395,127.42088097335362,89.65490985512679,87.14319617083237,81.31359184318303,151.99360012205838,101.09316756412294,81.85630591470823,119.50369369963532,89.73114220510534,157.3483236821044,163.98769129882368,84.92652417060413,13.424254240379172,77.08580390231735,102.73530581895338,52.36192023145557,86.01811322968304,153.76059065020144,109.64391390720112,38.55269824412285,163.4788421466034,124.868351799095,82.364551588687,100.34948817051594,87.30672960495247,143.02983756799378,153.46115856901437,89.67005589135461,88.38504146289269,0.015562668538734545,0.014862373080546958,0.1024917747638773,0.06899198630628063,0.05967203142967213,0.041335079335869884,0.08878878365790326,0.02618732520505852,0.1206027446154179,0.08743433799717229,0.11078980124769564,0.06783364283562508,0.07123473056979635,0.06628025269139226,0.10815283628399905,0.05932943444201696,0.019517669325780196,0.11252100369794735,0.02485233653918044,0.03169502758159208,0.03474262054332173,0.11384859413818507,0.10823448363002663,0.055802245855447186,0.051138970853552415,0.031276673954853784,0.022798511297145767,0.06212625791238887,0.0711691569948852,0.058775837669173464
384,104.588948797815,36.96768952307053,0.06776835121968759,138.85409250504395,127.42088097335358,89.65490985512679,87.14319617083237,81.31359184318303,151.74077378583937,100.93206598428743,81.85630591470823,119.4858989145496,89.57796631327787,157.3483236821044,163.98769129882368,84.87588071060553,13.354618216683159,77.08580390231735,102.73530581895335,52.36192023145557,86.01811322968304,153.76059065020144,109.64391390720112,36.24901199843095,163.4788421466034,124.868351799095,82.33425252003742,100.34948817051593,87.30672960495245,143.02983756799378,153.46115856901437,89.67005589135461,87.7688917582219,0.10596479890080865,0.04999967491574806,0.08594922219695017,0.07521285213759721,0.060589808615175315,0.02826067788651908,0.04183401078698425,0.018270945696312692,0.07663760134098256,0.12199664921293439,0.11207322220720642,0.028700671725897117,0.023670624601350852,0.018209259931110323,0.07408935942865479,0.1640757059237316,0.04960706794234422,0.0587558785423124,0.071071784985807,0.1263373679510856,0.0641026050979803,0.04004249755911994,0.07620804935701904,0.023114081720077992,0.08971778185831211,0.023688010303607544,0.06448557348428553,0.11357449111176988,0.07079315872041132,0.07601710244853155
385,104.55453729218918,36.98023322837088,0.06253252445609463,138.85409250504395,127.42088097335358,89.65490985512679,87.14319617083237,80.70552403708783,151.74077378583934,100.93206598428743,81.85630591470822,119.4858989145496,89.57796631327787,157.3483236821044,163.96842772845864,84.87588071060553,13.354618216683143,77.08580390231735,102.73530581895334,52.32059063342331,86.01675197026589,153.76059065020144,109.34092730971759,36.24901199843095,163.46587232355924,124.868351799095,82.33425252003742,100.34948817051593,87.26036309061502,143.02983756799378,153.46115856901437,89.67005589135461,87.7688917582219,0.12197197694279201,0.018450827482632066,0.04211922269486719,0.06793410329923934,0.06703996663159359,0.062477909536488095,0.022156741740529094,0.10669048870468112,0.08023632848671233,0.10160893236150773,0.04537314170555972,0.024146776156443506,0.061329184446572836,0.09946006445572937,0.02854873179788753,0.08492282811597657,0.022675128576071187,0.025078655946514282,0.115435229177521,0.08837415730071801,0.030671386245481273,0.013972405554547708,0.03267124670814921,0.018642369458585432,0.11297227237716877,0.06400448787343685,0.06620424364024591,0.11379208323513312,0.028933123970021117,0.10808171906003285
386,104.40005376019806,37.05923568367837,0.06454935050343982,138.85409250504395,127.29586974509463,89.65490985512679,87.14319617083237,80.70552403708783,151.74077378583934,100.93206598428743,81.45713472644906,119.4858989145496,89.57796631327787,157.3483236821044,163.96842772845864,84.87588071060553,13.354618216683143,76.81851451338983,101.37689292141023,51.90707349609642,86.01581737141532,153.76059065020144,109.34092730971759,35.229878922371476,163.46587232355924,123.81732396235296,82.33424391227169,100.34948817051593,87.26036309061502,143.02983756799378,153.46115856901437,89.67005589135456,87.7688917582219,0.08113265045956666,0.014521234123967736,0.05535121360377142,0.07110001103683608,0.07446046912291429,0.030418389066542803,0.06848205241161619,0.10682636361108028,0.06662739811761978,0.07102188917176205,0.10359867597520056,0.011748226674434054,0.067798662618952,0.15530464839699568,0.15571525680589526,0.04529896370112921,0.06463686450330894,0.018825763232224478,0.04391732829974644,0.08376876598207902,0.027133209386991992,0.011130608956963724,0.01662939182717814,0.05217870717565475,0.07973630441361584,0.06865424951336908,0.11569882736078053,0.09094187184647878,0.025172782714014647,0.05864973499250426
387,104.26967369628852,36.930521812391476,0.06791314179962575,138.66471782982637,127.12514223617212,89.65490985512679,87.14319617083237,80.70552403708783,148.52779861739563,100.93206598428743,81.45713472644906,119.4858989145496,89.57796631327787,157.3483236821044,163.96842772845864,84.87588071060553,13.354618216683143,76.81851451338983,101.37689292141017,51.90707349609642,85.97769360328655,153.76059065020144,109.34092730971759,35.0582674887864,163.46587232355924,123.81732396235296,82.33424391227169,100.34948817051593,87.22900131643715,143.02983756799378,153.46115856901437,89.67005589135456,87.6716641694113,0.07184425669766428,0.007494223645025146,0.06894665448717789,0.0739204785575635,0.028404317283569843,0.10717484970951527,0.10432405677009007,0.048676680268682174,0.06265048899570631,0.11628593694684461,0.10842551930774122,0.0661935024222963,0.02336013915362248,0.08011661539324172,0.07690052324039476,0.029376409578953183,0.0714556961100629,0.058660716998361964,0.023602988672980788,0.028159402823364384,0.027154328997707967,0.10429690037578557,0.14526941810688052,0.11558848514282255,0.0710505273885352,0.03384026598669781,0.05602129067216443,0.15986217484362047,0.012474879504439389,0.05586252590725966
388,104.11734139029113,36.94394312828507,0.06503258057697098,138.52556460794509,126.90325118721323,89.32754111488632,84.82958680041882,80.53584674607853,148.52779861739563,100.93206598428743,81.45713472644904,119.48589891454958,89.57796631327787,157.3483236821044,163.4781918478572,84.87588071060553,13.354618216683143,76.81851451338983,100.46885929459329,51.90707349609642,85.97769360328655,153.76059065020144,109.34092730971759,35.0582674887864,163.46587232355924,123.81732396235296,82.33424391227169,100.34948817051593,87.22900131643715,143.02983756799378,153.46115856901437,89.67005589135456,87.6716641694113,0.02574338683415023,0.0021914550948303434,0.029081730120375623,0.03168456138557398,0.01726311336419758,0.13616904296475577,0.0866537637646913,0.027303884286432364,0.11630443347763146,0.10064125097832291,0.06736340055920008,0.07292064175235953,0.0638352306418889,0.07829528024313538,0.08809206498907277,0.06415307108749703,0.0730042711447835,0.020449196774186825,0.05336995397285641,0.07510472270129677,0.057312015954771,0.08920951876228975,0.08822236240433232,0.031519862071433986,0.08295219793429744,0.06439733303706784,0.023804680143130818,0.10360755077838045,0.06486122269570768,0.11546621739047856
389,104.06225842801476,36.99427721680557,0.06853984350756173,138.52556460794509,126.90325118721323,89.32754111488632,84.82958680041882,80.53584674607853,148.52779861739563,100.93206598428743,81.45713472644904,118.96623012948756,89.53476745362299,157.3483236821044,163.4781918478572,84.87588071060551,13.350175286006053,76.7983168470573,100.46885929459329,51.90707349609642,85.94703286282295,153.76059065020144,109.31680886872473,34.20387831616881,163.46587232355924,123.81732396235293,82.32382566533406,100.34948817051591,87.22900131643715,143.02983756799378,153.46115856901437,89.52466186580143,87.6716641694113,0.056144263556785465,0.05003699632817181,0.11294293859786195,0.013061802828876591,0.12558532699987324,0.04481810192190412,0.033640476331908704,0.06098956841108245,0.11583680886577069,0.047917545288370944,0.07348539933135764,0.0702476521125991,0.014571810401372903,0.06883530551686617,0.10739595758089833,0.05954360289028373,0.081532710761643,0.06503367083373848,0.061457438624410374,0.11190598385960332,0.03268610702644749,0.07645113037347678,0.06959331030747182,0.060548992167545466,0.03596103985524238,0.032731798703571964,0.013037576088946647,0.15899979054717153,0.14697518083958022,0.05422701827401885
390,103.88765592154282,36.99874690821739,0.06720692550266301,138.52556460794509,126.90325118721323,89.32754111488632,84.82958680041882,80.53584674607852,148.52779861739563,100.41789663617242,81.45713472644904,116.31010502647054,89.53476745362299,157.3483236821044,163.4781918478572,84.84717955908232,13.322504812532994,76.68030924376818,99.09267434813313,51.57068701707251,85.9205197753964,153.76059065020144,109.31680886872473,34.07431678981592,163.46587232355924,123.81732396235293,82.32382249848213,100.34948817051591,87.20424900781195,143.02983756799378,153.46115856901437,89.52466186580143,87.6716641694113,0.10912144657844619,0.14322153375764912,0.08117868565365469,0.05201348487819244,0.09327998044074495,0.06570262067224952,0.06280834410010988,0.016824769070710704,0.04375192093076768,0.024964086488052147,0.07210206140472512,0.06203651257893793,0.01775930895887785,0.030205038506618827,0.08261685272868952,0.02673237591435651,0.033053749648284725,0.0675546396261246,0.11631561966433805,0.13080434643298128,0.06823227778640255,0.17412722634317326,0.14677792099545023,0.0277603790623199,0.013757747395329683,0.020463888764479795,0.014022874131042938,0.13698498185287317,0.05146535012986807,0.030567740584439097
391,103.61869282065187,37.021523015044,0.06097121546833397,138.39588968716285,126.90325118721323,89.3275411148863,84.75967081136842,80.46477152649996,148.52779861739563,100.41789663617242,81.23381801718303,116.31010502647054,88.82028024634445,157.3483236821044,163.30943132443213,84.84717955908232,13.322504812532982,76.68030924376818,99.09267434813313,51.57068701707251,81.54420533884289,152.1924495261966,109.29699252797667,34.07431678981592,163.46587232355924,123.81732396235293,82.32382249848213,100.34948817051591,87.19384155273771,143.02983756799378,153.46115856901437,89.15142841404858,87.32791452019671,0.041670933923461384,0.07396495877133406,0.07631538098579964,0.11381784948528738,0.04348820477573764,0.026158515345130272,0.03276810766935076,0.12434094842030903,0.05854590722692406,0.06559011142288779,0.03636159223835826,0.025869759877201942,0.05719288103745632,0.06835383931680657,0.11678685713081918,0.07150996612254983,0.023466646739441956,0.023190636389304548,0.04808278943106314,0.03976073074044617,0.0654522067602108,0.07775223974752322,0.12044923197611927,0.04838405820659161,0.020670384115665685,0.11973592689427151,0.10776782401200569,0.06405345003415774,0.0195651463209262,0.018069378932877495
392,103.53841401942574,36.99970782152345,0.059484932900568624,138.39588968716285,126.90325118721323,88.81760574018242,84.75967081136842,80.46477152649996,148.5277986173956,100.21332447378276,81.23381801718303,116.31010502647054,88.82028024634445,156.38592893511915,163.1929659548661,84.84717955908232,13.322504812532982,76.68030924376818,99.09177969497428,51.03252638845673,81.54420533884289,152.1924495261966,109.27313054747259,34.07431678981592,163.46587232355924,123.81732396235293,82.32382249848213,100.34948817051591,87.19384155273771,142.97775844713294,153.46115856901437,89.15142841404858,87.32791452019671,0.026900834615882278,0.07550695017217908,0.03437993322642645,0.09130543069340202,0.02048071167009723,0.02104381204169261,0.06686931861954722,0.07065999344536594,0.07200778643202342,0.035037599411691274,0.10369603725197929,0.017566191750155807,0.10303815609761496,0.06866288142606257,0.08453619957500492,0.028703035590499117,0.022716893358771806,0.01562080035281017,0.08038148395054848,0.02030356596852725,0.031206219167561642,0.07823529767520851,0.119879703646075,0.015436263711047043,0.06105038212503597,0.13872239940164424,0.037660345032357934,0.08049774272712944,0.05042607071340963,0.11201594716730734
393,103.50860576131298,37.009293649150386,0.06404415629220869,138.06736179006393,126.90325118721323,88.81760574018242,84.75967081136842,80.42095948380401,148.5277986173956,100.21332447378276,81.23381801718303,116.31010502647054,88.82028024634445,156.38592893511915,163.1929659548661,84.84717955908229,13.322504812532978,76.65400222233028,99.09177969497428,50.69613990943281,81.54420533884289,152.1924495261966,109.27313054747259,34.07431678981592,163.4658723235592,123.81732396235293,82.32382249848213,100.34948817051588,87.03462724961139,142.97775844713294,153.46115856901437,89.15142841404857,87.32791452019671,0.06985640594002365,0.07565961551657986,0.01947562667508297,0.03981139234858623,0.01694025028755142,0.11134427687260559,0.107496918131124,0.07387821187263673,0.06775808215273704,0.14630689724280474,0.08681678561910344,0.009084387857042043,0.06775459035853865,0.06412890405022122,0.04403622868172055,0.05827856734793728,0.059290070217136566,0.058302079084882344,0.040823410759795384,0.01983672589493199,0.01588673261799152,0.06282417943468815,0.09646472923391325,0.10485167944448563,0.07040924395121309,0.08362977560533473,0.02258758680273102,0.12420968285487506,0.011469003839454678,0.09211264807053207
394,103.41237572311238,37.093925163949294,0.06278844088635352,138.06736179006393,126.90325118721323,87.67378675518702,84.75967081136842,80.42095948380401,148.5277986173956,100.21332447378276,81.23381801718303,116.31010502647054,88.82028024634445,156.38592893511915,163.0687515976374,84.81800086733753,13.322504812532973,76.65400222233028,99.09177969497428,50.69613990943281,81.3337541488536,152.1924495261966,109.09480319047438,32.93401368443535,163.46587232355918,123.81732396235293,82.32382249848213,100.28977510519641,87.03462724961139,142.97686405277173,153.46115856901437,89.15142841404857,87.32791452019671,0.02912474942016526,0.06072349400433291,0.07149413829155407,0.11077796605890261,0.05697940854739292,0.10252433503978904,0.05876740705133997,0.06980448528156652,0.06911635660420759,0.09611836971501721,0.15967752147568917,0.05667660890671731,0.01958253304865154,0.0176457027046311,0.034240683036084754,0.1455945502842221,0.0791983804318684,0.06277197357320813,0.061907395379323105,0.021350123421443927,0.06027570395773886,0.056186249193154264,0.07559358097327155,0.07171497408512878,0.032426820494883,0.029459056269365104,0.05703965896219624,0.07016873964859249,0.009908091960746275,0.03680416876942168
395,103.2498787005283,37.2242963965134,0.05888247720454886,138.06736179006393,126.90325118721323,87.45464831878846,84.75967081136842,79.48383347740823,148.5277986173956,100.18835868915326,81.23381801718303,116.31010502647052,88.82028024634445,156.38592893511915,162.72198629578327,84.81800086733753,13.322504812532973,76.65400222233028,99.09177969497428,50.13673029531282,81.3337541488536,152.1924495261966,109.09480319047438,31.11666233987813,163.44377748390846,123.72363942377004,82.32382249848213,100.28977510519641,87.03462724961139,142.9724325329117,153.02717622974941,89.0060343884954,87.05734759354202,0.07185152608988435,0.06302227508046777,0.11958045993141017,0.046818473579340596,0.02372051574312311,0.04897017440610644,0.07453381074562208,0.030567501903780724,0.06683427169904636,0.08750813309593389,0.09292188198602183,0.05368828257053085,0.016073494250049856,0.06253395486383324,0.020997832758464074,0.11308197654108179,0.07885438024869035,0.06258968648382365,0.10764657993556453,0.057975899205663727,0.03330808263894914,0.07063245141479231,0.0360485093760862,0.03618087704211591,0.0592122383671621,0.014687795761129432,0.02199868182736842,0.03893749508493413,0.13955450447286416,0.01614256903262454
396,103.12103431213207,37.27781132467813,0.07906027036802314,138.06736179006393,126.90325118721321,86.98101177565587,84.47645321766139,78.50042724248031,148.5277986173956,99.6991551256678,80.99226664317216,116.31010502647052,88.82028024634445,156.38592893511915,162.20607235195274,84.81800086733753,13.322504812532973,76.65400222233026,99.09177969497424,49.262183187673116,81.3337541488536,152.1924495261966,109.09480319047438,31.11666233987813,163.44377748390846,123.72363942377004,82.31996720732928,100.28977510519641,87.03462724961139,142.9724325329117,153.02717622974941,89.00603438849538,87.05734759354202,0.15534039926670434,0.02206090722391768,0.08600778327225525,0.06721489622140234,0.009762533854952678,0.06911914390453566,0.057130557616113034,0.1094416373553431,0.07180570676618954,0.09609921634892,0.06448654408883425,0.07725772299071869,0.1555037140539476,0.10532592502483887,0.060988717039451044,0.12250590271117101,0.03384544741192366,0.06386220574008228,0.12414089644514853,0.08149910771962278,0.02565745802780486,0.030456687857933512,0.10856427558867501,0.025531122672085977,0.10527185964476249,0.10326165594924247,0.10591688155282704,0.061284541713122365,0.0989801986536046,0.07348446432456321
397,103.02219435414061,37.24012026211975,0.06487724627341102,137.77904990719327,126.8412602870106,86.55825248216841,84.47645321766139,78.50042724248031,147.42018521717276,99.4070442380977,80.76894993390616,116.31010502647052,88.82028024634444,156.30942307314618,162.20607235195274,84.81800086733753,13.322504812532973,76.65400222233026,99.09177969497424,49.262183187673116,81.3337541488536,152.1924495261966,109.09480319047438,31.11666233987813,163.44377748390846,123.72363942377004,81.82761533894255,100.28977510519641,87.03462724961139,142.97219459714714,153.02717622974941,89.00603438849538,87.05734759354202,0.08228378102606293,0.011764376247431076,0.08048295376328743,0.03288943609214484,0.0168489302666672,0.028570170845364163,0.06843381464573732,0.08402027888813413,0.06172497814081362,0.11057501194059448,0.06073741376137379,0.03181220236345038,0.13613655264778207,0.046255445214591795,0.0638699025100116,0.05962232919335453,0.048488257737911336,0.07981180165033698,0.15358962971607515,0.09090657330060645,0.020313503733078497,0.015299209190739438,0.08537382439534542,0.05553217418598809,0.06540124138156586,0.08347628714427868,0.08386446458969678,0.027696062059226045,0.04179579982855073,0.11874098174212896
398,102.92415545005046,37.204823520357685,0.0753912289399741,137.77904990719327,125.06027491260268,86.54095742244176,84.47645321766139,78.50042724248031,147.42018521717276,99.4070442380977,80.76894993390616,116.31010502647052,88.82028024634444,156.30942307314618,161.9426096643531,84.81800086733753,13.322504812532967,76.62352959031237,99.09177969497424,49.262183187673116,80.96650594127999,152.1924495261966,109.09480319047438,31.11666233987813,163.44377748390846,123.72363942377004,81.78688941558961,100.28977510519641,87.03462724961139,142.97219459714714,153.02717622974941,89.00603438849537,86.61637035551685,0.07496001218180078,0.06244638862973514,0.0744895474479916,0.11274551665707117,0.05806633696991545,0.06319318429142952,0.07134917020231761,0.02736651453172426,0.07403629921905772,0.11848799881028647,0.0654993590538599,0.016466453991340613,0.13928084517145994,0.06876230743412685,0.09759063120516137,0.0697881382765525,0.11783838142552702,0.06606746943235091,0.09280812233462671,0.030359640229992078,0.06542361811506861,0.07222845527340489,0.13828393468457947,0.05447531357580851,0.1097359146303665,0.03161201926472315,0.08348714277694962,0.0520603455417211,0.02757599674507831,0.12525181009519595
399,102.82609174198817,37.162564247069454,0.0644493310675476,137.48938720273267,125.06027491260268,86.54095742244176,84.47645321766139,78.5004272424803,147.42018521717276,99.4070442380977,80.76894993390616,115.6564844027493,88.82028024634444,156.30942307314618,161.9426096643531,84.78929971581431,13.322504812532967,76.04802960301252,99.09177969497424,49.262183187673116,80.96650594127999,152.1924495261966,108.96619252892322,30.870197679778745,162.42442603069495,123.72363942377002,81.78688941558961,100.28977510519641,87.03462724961139,142.9721945971471,153.02717622974941,89.00603438849537,86.61637035551685,0.026862556064106313,0.015258769762834107,0.11417461490648625,0.03744569797721817,0.06684132658714735,0.026476564630018483,0.03679747249262792,0.025421497739487132,0.06613555734655967,0.07321445873587551,0.018400583685538388,0.06849851996110635,0.12067357267921135,0.06775961991511273,0.04206108728561292,0.07341104228761212,0.04068244937979919,0.06447900042706026,0.0755827992437745,0.01080109266444237,0.1169256268547445,0.03820659548608197,0.10996882945912681,0.014089316490733377,0.07614025340645703,0.16391263835179692,0.11033014822313594,0.10923841801987332,0.018558354045605234,0.1051314679172423
400,102.81040813680188,37.15658557976927,0.06713631147747555,137.48938720273267,125.06027491260268,86.54095742244176,84.47645321766139,78.5004272424803,147.42018521717276,99.4070442380977,80.76894993390616,115.6564844027493,88.82028024634444,156.29373045106857,161.78151226119306,84.78874829120534,13.322504812532967,76.04802960301252,99.09177969497424,49.262183187673116,80.96650594127999,152.1632250130927,108.82605160528692,30.796980304170642,162.42442603069495,123.72363942377002,81.78688941558961,100.28977510519641,87.03462724961139,142.9721945971471,153.02717622974941,88.95545049510126,86.61637035551685,0.01923733667030581,0.012954479880465514,0.1252550940409084,0.01376125634937769,0.030524362604637062,0.06732548399439305,0.10896182359048896,0.10645380389777856,0.1115939656549586,0.07609312848113796,0.048190389554058896,0.12530061189035022,0.03694561047499622,0.027910789191977745,0.06499600006829534,0.034938081106815795,0.032763198895046725,0.0608411265555637,0.0711012168131331,0.012451824931270882,0.09835743980350874,0.07649287018874455,0.04390435632612794,0.06248856050737173,0.06875036172469029,0.10538444574045555,0.05129318710942579,0.0843226039968461,0.14103234980017743,0.09446358448095842
401,102.72502530927228,37.13938720395142,0.064378944040228,137.45052201009435,123.95740447281595,86.54095742244176,84.17641295194996,78.46533586971583,147.42018521717276,98.58002684521229,80.76894993390614,115.6564844027493,88.82028024634444,156.29373045106857,161.78151226119306,84.78874829120534,13.322504812532967,76.04802960301252,99.09177969497424,49.2621831876731,80.96650594127999,152.1632250130927,108.82605160528692,30.728539160420215,162.42442603069495,123.72363942377002,81.78688941558961,100.28977510519641,87.01841282975751,142.95734327243056,152.86908295596925,88.95545049510126,86.61637035551685,0.02130463456978521,0.009779304608053747,0.052030601792323716,0.008730019678839825,0.026725772412261692,0.10770641252058784,0.04689669770506492,0.15577741509307597,0.031148662197619872,0.07901605064468545,0.06294893282208211,0.0521407173515491,0.10081251812086715,0.06869576575979239,0.0801665216982529,0.024310063480144584,0.03276671419657121,0.11098559051878285,0.12041992464339235,0.1281806679691405,0.12833990954922714,0.07458548876850679,0.0646924594514153,0.014437014345513893,0.029176506780658445,0.05330620304668444,0.022952105377114045,0.08219013414147593,0.046723593210650394,0.09442191875271988
402,102.69597995379364,37.15481419158508,0.06038914401290097,137.45052201009435,123.95740447281595,86.4278262723007,84.17641295194996,78.46533586971583,147.42018521717276,98.23851007230827,80.76894993390614,115.6564844027493,88.82028024634444,156.29373045106857,161.78151226119306,84.78874829120534,13.322504812532967,76.04802960301252,98.98002240411222,48.98526101704862,80.96650594127999,152.1632250130927,108.82605160528692,30.728539160420215,162.4002502602565,123.72363942377002,81.78303190620093,100.28977510519641,87.01841282975751,142.95734327243056,152.86908295596925,88.95545049510126,86.61637035551685,0.07140576202187326,0.019573328591702716,0.07340179978804055,0.20082141920013669,0.03277589207575585,0.04947393349547658,0.029774829049716185,0.0479800819160348,0.02743510923944484,0.0868603919804032,0.02473244746993246,0.026045784747767052,0.03515625789506775,0.1467907128505275,0.03458982519986828,0.011641047014963612,0.014188698137597116,0.09252407167097343,0.06592831645972569,0.11275900951825876,0.07931006955054243,0.035799780779433826,0.05382003957214353,0.007433364956927077,0.06524771591769532,0.07289924049402476,0.0618213321404058,0.08421013191020935,0.025644632887137697,0.12162929385524299
403,102.60341114601131,37.07884311369759,0.056730965542931354,137.4105299678033,123.95740447281595,86.4278262723007,84.17641295194996,78.46533586971583,147.42018521717276,98.09413436857189,80.76894993390614,115.65648440274929,88.82028024634444,156.29373045106857,160.85184944909065,84.76004713968211,13.322504812532967,76.04802960301252,98.98002240411222,48.98526101704862,80.93804333263523,152.1632250130927,108.69744094373578,30.728539160420215,162.4002502602565,122.25733440962023,81.78303190620093,100.28977510519641,87.0074585902857,142.95734327243056,152.86908295596925,88.95545049510125,86.61637035551685,0.08049834070958072,0.012680745853639937,0.040451746211489094,0.13710266666063298,0.07099468967367124,0.029667602496705487,0.0612555110102961,0.0666965287388128,0.07082743841512626,0.048225241022866086,0.058455195515474095,0.11082125374137501,0.11165339513585743,0.06208746237589896,0.015934781578779766,0.020225318282199357,0.0662637638039096,0.04640757741792605,0.10998006611321906,0.06435182587743052,0.026038847792444683,0.016599677407988452,0.017418722125091067,0.010683928650929434,0.06962853817670561,0.07188297142723166,0.047425363883908916,0.03617552445511922,0.05723111902402201,0.06426312270960952
404,102.56016600972497,37.0791135113178,0.04878379537950263,137.4105299678033,123.43751334358579,86.4278262723007,84.10649696289953,78.46533586971582,147.42018521717276,98.09413436857189,80.76894993390613,115.65648440274929,88.11465945714431,156.29373045106857,160.85184944909065,84.76004713968211,13.322504812532964,76.04802960301252,98.98002240411222,48.98526101704862,80.93804333263523,152.1632250130927,108.69744094373576,30.728539160420215,162.40025026025648,122.25733440962023,81.78303190620093,100.28977510519641,87.00553240917606,142.95734327243056,152.86908295596925,88.95545049510125,86.61637035551684,0.11584370491948717,0.06096917619506705,0.031097381778662163,0.10219023770489599,0.0337030509247825,0.01679794190029066,0.02262736386118256,0.01962888796438722,0.07866961965740214,0.06656594407966242,0.10312403656770278,0.02632189658455069,0.07494756335771983,0.028117968824035396,0.01881909460202309,0.06196074374562378,0.07361253612653038,0.034652265815929374,0.12555134810281904,0.06317915800191079,0.008805962405038597,0.01017964617963993,0.01085074163403685,0.058522272021359574,0.03601824537724259,0.057746013155254836,0.020190854487839215,0.023297683883102736,0.01659095321990714,0.06293156830699242
405,102.47260542861123,37.10345799170742,0.06921738584929683,137.4105299678033,123.43751334358579,86.4278262723007,84.10649696289953,78.46533586971582,146.9276820074729,97.71331040016229,80.38112334097829,115.65648440274929,88.11465945714431,156.29373045106857,160.85184944909065,84.76004713968211,13.262329387765224,76.04802960301252,98.9800224041122,48.37531947904938,80.93804333263523,152.0553361228607,108.69744094373576,30.728539160420215,162.40025026025648,122.16364987103734,81.68178141549205,100.28977510519641,87.00037567701756,142.95734327243056,152.86908295596925,88.70721687183297,86.47703793086023,0.04114991558432608,0.10474412541534041,0.02556347563679945,0.07974431098968604,0.06771949420371798,0.05240608545179675,0.10436503684346854,0.056233932394506844,0.07237504353592977,0.07819993995121322,0.11021838841895348,0.018670756916749732,0.10541102118879957,0.05437253185797917,0.06985313762123227,0.12411015478383491,0.06142921377500321,0.06789851248467824,0.05636434763269264,0.030244387891268848,0.05654126829941856,0.15303423674807684,0.10149115731264657,0.02276733099450898,0.0705866664095527,0.06917081003975298,0.018657359827484177,0.11229577262302451,0.06942071041840459,0.021482450228058243
406,102.42839118556888,37.08727962859842,0.06272255167724493,137.3015913809643,123.43751334358579,86.4278262723007,84.10131357940342,78.46533586971582,146.9276820074729,97.71331040016229,80.38112334097829,115.65648440274926,88.11465945714431,156.2172245890956,160.46599687949487,84.76004713968211,13.262329387765224,76.04472915551298,98.9800224041122,48.37531947904938,80.93790421771675,152.0553361228607,108.69744094373576,30.728539160420215,162.40025026025648,122.16364987103732,81.68163947829784,100.28977510519641,86.9890971515316,142.95734327243056,152.86908295596925,88.70721687183297,85.74195106659161,0.017117978197904896,0.06094701474469376,0.015134129546492377,0.07567211512417552,0.0710257758740878,0.024875941005398736,0.04227715446366206,0.11336716989888242,0.08034369135585145,0.07177162941048562,0.06589577750571865,0.009090872111238199,0.05375045924651015,0.11244916114688504,0.029829815684512342,0.0567616553685007,0.07365206861525914,0.1072965321620643,0.0776145597685274,0.01755443337428703,0.06272705347445567,0.11239503630068562,0.08189113541636567,0.05575441269089313,0.05802000243346508,0.06484084777153391,0.10989940382710273,0.08960656589445502,0.0625837421294906,0.007530415773762904
407,102.29584795267311,37.02899701451194,0.06678572787214629,137.3015913809643,122.48038265203617,85.84758964435962,84.10131357940342,78.46533586971582,146.92768200747287,97.71331040016229,80.38112334097829,115.65648440274924,88.1146594571443,156.2172245890956,160.45833375922982,84.76004713968211,13.234658914292154,76.04330966506211,98.98002240411219,48.37531947904938,80.87054773418451,152.0553361228607,107.20142003239448,30.728539160420215,161.56638696630392,122.16364987103732,81.68163947829784,100.28977510519641,86.98416125716368,142.95734327243053,152.86908295596925,88.70721687183297,85.74195106659161,0.006640233428514543,0.031019387214618457,0.060092707692670395,0.043131861944464917,0.06765580508509499,0.01791732048022993,0.0625241627247826,0.07889964695827449,0.11337361932376064,0.08072513951926859,0.070580121240828,0.10431178434598232,0.12330860237567182,0.10347733665304948,0.0999376837181617,0.06923051372449758,0.01820688585674554,0.04265996560230639,0.12454232284892791,0.026441057758889157,0.029008988313843236,0.08303019969286535,0.041876091507618535,0.06151925225928526,0.01632666259629928,0.022026904105466212,0.08465737251876965,0.09013675313361989,0.018947632059772436,0.21136582148010977
408,102.1920745593574,37.08245488007558,0.05803884338721663,137.3015913809643,122.48038265203617,85.84758964435962,82.37412326692612,78.46533586971582,146.92768200747287,97.71331040016229,80.38112334097828,115.65648440274924,88.1146594571443,156.2172245890956,160.44262992137422,84.72494673688513,13.080303670252365,75.9923397422452,98.97797538787697,48.37531947904938,80.403333933556,152.0553361228607,107.20142003239448,30.728539160420215,161.54429212665315,121.97186623352445,81.68163947829784,100.28977510519641,86.98416125716368,142.9572628942279,152.86908295596925,88.50651959390254,85.49598593726748,0.04962515767803564,0.013728024688878722,0.07139414144774199,0.06342563329466089,0.06666179402796585,0.05510653965943497,0.111135205507294,0.07035747251181283,0.08581072419722298,0.045840441300197196,0.060998251970005885,0.05276960629590263,0.027772546136566583,0.03799933504417921,0.0733418284614756,0.07018210206707641,0.0852445266639365,0.016820370139396086,0.14113321190447303,0.0644868964120338,0.021012466347880863,0.11469231029211688,0.01700617628276075,0.06158206576274544,0.05798900053640061,0.016390352038391464,0.030817362648815183,0.04407387997542492,0.01415043413298337,0.09961744419068873
409,101.90127641243546,37.138195208498686,0.06145337743448386,137.3015913809643,122.48038265203617,85.84758964435962,82.37412326692612,76.64694711349907,146.92768200747287,93.61840944775976,79.69691704619473,115.65648440274924,88.1146594571443,156.21722458909557,160.42852983624778,84.542538962092,13.080303670252365,75.9923397422452,98.97767152554422,48.37531947904937,80.33333239794567,152.02568167489153,106.98515212273381,30.728441951027104,161.54429212665315,120.64717203536135,81.68163947829784,100.00085372399072,86.98416125716368,142.9572628942279,152.86908295596925,88.50651959390251,85.49598593726748,0.06581903205356394,0.018166999456725574,0.19169652715399238,0.020302870858315076,0.06132588457747796,0.02512997570251984,0.08101737204318406,0.028219442392548442,0.03226238538922969,0.07270031784643337,0.013442853459258577,0.026253512719800167,0.06912100928181092,0.017881793499331198,0.0770668473770762,0.026740994508617038,0.0830712511377448,0.06702062446018786,0.07498841742241369,0.07044064828041355,0.06321801134151979,0.0594214847584387,0.10101784239791771,0.030281581329559944,0.01509867014490602,0.09866642115354847,0.06595972768594778,0.11924117467505475,0.014639097604862858,0.15338855232211543
410,101.82476620801393,37.14123887779582,0.06593434525191581,137.3015913809643,122.47922740333043,85.83502547137084,82.37412326692612,76.64694711349907,146.92768200747287,93.61840944775976,79.6969170461947,115.65648440274924,88.1146594571443,156.21722458909557,160.42852983624778,84.542538962092,13.080303670252365,75.90682628304603,97.11087727679916,48.37531947904937,80.33333239794567,152.02568167489153,106.98515212273381,30.728441951027104,161.54429212665315,120.31789303235425,81.68163947829784,100.00085372399072,86.98416125716368,142.9572628942279,152.86908295596925,88.50651959390251,85.49598593726748,0.06910668084037999,0.012745655351263176,0.1413226624766553,0.05960121426068294,0.12693884853728207,0.025196531527976292,0.09278949437391314,0.013414832187966425,0.07249465524930039,0.02801509860296456,0.004043769548948171,0.011062539206327705,0.07678618149620191,0.05990878696519858,0.0744417625923641,0.012099861924519156,0.12974371404993507,0.04136959722482507,0.0404812466665679,0.0669690082192211,0.11280711309864207,0.10582937635701954,0.07690520162840207,0.05541656678926546,0.11365505230688605,0.031017317739921984,0.05599589035207776,0.07019485471231213,0.10584315706388796,0.09183368620656619
411,101.46137829290693,36.82470590788972,0.06826762037455639,137.1813641468588,122.47922740333043,85.76867116942124,81.68024956336389,76.64694711349907,137.86049072779255,93.6184094477597,79.6969170461947,115.65648440274924,88.1146594571443,156.00012485497598,160.23600791994264,84.51383781056876,12.968578903294231,75.90363708203552,97.10883026056392,48.01748890879458,80.30494875738233,152.02568167489153,106.98515212273378,30.716831685240965,161.54429212665312,120.31789303235425,81.68163947829784,100.00085372399072,86.98416125716368,142.9572628942279,152.86908295596925,88.50563692274591,85.49598593726748,0.10428050270049104,0.04430431847196579,0.10990793197874965,0.02005221684929521,0.10831965733336972,0.05539827467242595,0.09252780941303225,0.09593316232228026,0.16348819127671094,0.062821731902437,0.05130390690463854,0.05786171021388698,0.027207146778892237,0.015337104742217009,0.07275719480433188,0.07196919738684501,0.05510269170870795,0.02425913864235105,0.0760229341085357,0.024380794314826735,0.07616574760420253,0.08267241663866584,0.07250471133755697,0.06252263306731776,0.08254828030361883,0.061779964739340054,0.011799428072831972,0.11654044397659112,0.07092390028784935,0.07733546868272617
412,101.43038944401889,36.82875637714685,0.0693740000162761,137.1813641468588,122.47922740333043,85.76867116942124,81.68024956336389,76.64694711349907,137.86049072779255,93.38887150074054,79.6969170461947,115.65648440274924,88.1146594571443,155.8314205089524,160.23600791994264,84.51383781056876,12.872347650617979,75.90363708203552,97.10883026056392,48.01748890879458,80.30494875738233,152.02568167489153,106.98515212273378,30.716831685240965,161.54429212665312,120.31789303235425,81.68163947829784,100.0008537239907,86.60337562684755,142.9028566036216,152.86908295596925,88.5056369227459,85.49598593726746,0.13679609838091575,0.06769248009798937,0.04617501447682085,0.10970732510954287,0.04960053663422526,0.017117175103137688,0.06747520732534126,0.07370705478010038,0.08637486680082909,0.15343780659795755,0.0187219301447477,0.053126136887912345,0.05043613498433723,0.0711010763874619,0.07229317494217002,0.06938685220756623,0.10480952207996888,0.06997676510072172,0.11116894005816041,0.10432695516542381,0.07676721065094963,0.044235720635138975,0.0694653702538198,0.044653940049034835,0.03248461053586166,0.07550684382393895,0.04972952988397472,0.08597844066903185,0.03416429403303639,0.03480298668816585
413,101.40243667022277,36.829609748982634,0.052759517448179846,137.1813641468588,122.21534359201925,85.76867116942124,81.65574916722703,76.64694711349907,137.86049072779255,93.09344952632546,79.6969170461947,115.65648440274924,88.1146594571443,155.8314205089524,160.23600791994264,84.51383781056876,12.856984051433702,75.87923925377656,97.08835754761098,48.01748890879458,80.29488781293821,152.02568167489153,106.92379585357318,30.716831685240965,161.54429212665312,120.31789303235425,81.68163947829784,100.0008537239907,86.60337562684755,142.9028566036216,152.86908295596925,88.39138211437239,85.48711506762089,0.052747886426545675,0.03516818772001125,0.0668537550848375,0.05030201617087231,0.03255297860165964,0.014628346680979933,0.035994684746868594,0.03944503522906372,0.08265562573971597,0.05678651834802004,0.06183104267231844,0.0247232407616648,0.012178307687973379,0.15229435553701237,0.07150360035720549,0.03742385345107617,0.04547484081424532,0.027627213079281038,0.04593651908234274,0.09662266461921667,0.12302917352090983,0.028967279627816905,0.034365958048287036,0.06732962753920166,0.07029220437681119,0.03887634593031198,0.016093814761999867,0.034041971966220524,0.020432304598886,0.10660617026403905
414,101.17605807388009,36.69580363609065,0.059094869319874704,137.1813641468588,121.95941507996899,85.76867116942124,81.65574916722703,74.74888240951145,137.3679875180927,93.09344952632546,79.69691704619468,115.65648440274924,88.1146594571443,155.8314205089524,157.8047264861449,84.51383781056876,12.856984051433702,75.87923925377656,97.08631053137574,48.01748890879458,80.29488781293821,151.97427363911615,106.92379585357315,30.7143251289047,161.5442921266531,120.23956418357923,81.68163947829784,100.0008537239907,86.60337562684755,141.99164370533467,152.86908295596922,87.72330543903712,85.48711506762089,0.031425934533141596,0.11209096522073603,0.06222898795539353,0.16359446552196955,0.030824003459470704,0.10702285228299442,0.06120187871143887,0.026570656522205346,0.10549313446511502,0.030505919188839114,0.03161513289390015,0.07035249220344955,0.10199411945788583,0.10301517243776974,0.02450146033109524,0.11987459125758985,0.07109077144949799,0.013508864593942911,0.0674034345625432,0.05978958607494468,0.06541970296334637,0.025889257864238027,0.023774718882892443,0.06378726858641683,0.018925269508364023,0.07515249140178637,0.02064578812760786,0.01733965302823954,0.017157041231787705,0.0506504648776385
415,100.96223953870498,36.80907738651395,0.0735490933951007,137.1704456204372,121.95941507996899,82.71542019918714,81.65574916722703,72.48710244691415,137.36798751809266,93.09344952632543,79.69691704619468,115.65648440274924,88.09154399461,155.8314205089524,157.8047264861449,84.22134046154298,12.856984051433702,75.87923925377656,97.08631053137574,48.01748890879458,80.28585434461769,151.97182076625586,106.90863532164062,30.69405449516903,161.5442921266531,120.1471427279636,81.68163947829784,100.0008537239907,86.60337562684755,141.99164370533467,152.82389667550456,87.72330543903712,84.89864652610949,0.10663750114302435,0.04531366501526045,0.013773145409174055,0.08309407649117737,0.01860182148119862,0.09309364261099373,0.12397714056637849,0.023150115923341066,0.1242350254544583,0.07476703136376964,0.02624299563122695,0.06842587096948428,0.13301863711710288,0.09584910821034137,0.09592606753345702,0.16571185596616655,0.06585595708136999,0.10327331708709453,0.02160698212924396,0.11650837612138532,0.06723686967492083,0.07076717578401188,0.06729533258110296,0.028418841807833058,0.05901186385893113,0.1043845169467837,0.06250153309044629,0.0169735913337919,0.10551651317355407,0.025304230295996644
416,100.87129072405557,36.9397837537861,0.0697299448675106,137.1704456204372,121.95941507996899,82.71542019918714,81.5346503942365,72.48710244691415,137.36798751809266,93.09344952632543,79.69691704619468,115.65648440274923,88.09154399461,155.8314205089524,157.8047264861449,84.22134046154298,12.76913815319287,75.87634172530149,97.05515006293709,45.538065450633184,80.28585434461769,151.97182076625586,106.90863532164062,30.69405449516903,161.5442921266531,120.1471427279636,81.68163947829784,100.0008537239907,86.59733731367157,141.99164370533467,152.82389667550456,87.72330543903712,84.89864652610949,0.0700983347830379,0.0653947262052714,0.005137400038692503,0.08035314865002607,0.023735854879767697,0.04716168725349128,0.056076244624595206,0.10883814637894415,0.08917387419797906,0.15596163881964045,0.10759176654704312,0.02467903904159824,0.039725040030058535,0.04081358729867222,0.036738966217136855,0.12209430041148178,0.07121186686095499,0.052731179616931106,0.06207960469307071,0.05966676153051258,0.056301354624911336,0.10251818911756018,0.1107601562736594,0.029867684826041574,0.106128663667102,0.10149777254159326,0.06450574345746467,0.05988911228039747,0.04118404615189455,0.09998245500578744
417,100.74841809951401,36.94846410641296,0.06244923837342866,137.1704456204372,121.70642769195241,82.71542019918714,81.5346503942365,72.48710244691415,137.36798751809266,93.09344952632543,79.69691704619468,115.65648440274923,88.09154399460999,155.74802363045197,157.34162494510156,83.97513113242962,12.76913815319287,75.75708478740547,97.05515006293707,45.538065450633184,80.11368065278118,151.97182076625586,106.83758094422166,30.68234701998978,161.5442921266531,120.1471427279636,81.68163947829783,100.0008537239907,84.33104619642965,141.99164370533467,152.82389667550456,87.72330543903712,84.89864652610949,0.08056149571879924,0.02476088036004918,0.010057282170681825,0.0626262805382962,0.06286373840801618,0.06561338206751953,0.07444251987743489,0.051612144557229275,0.032561392519416706,0.11201566755973542,0.13169836686399558,0.06558126674939,0.11365114924467451,0.016956099401612065,0.026861820428869976,0.07001971997373554,0.06722296044145169,0.030153977247309147,0.10605872380538692,0.03346675895058599,0.10352702717887494,0.025874079472315424,0.0962231520292299,0.0617489204931224,0.12389385755983948,0.05293585038567346,0.0296803365001055,0.038582059689315586,0.029812330525947492,0.07241391048424622
418,100.70308403270123,36.97010183119979,0.06589847334322249,137.1704456204372,121.59399481089952,82.70285602619838,81.5346503942365,71.74619027820836,137.36798751809266,93.09344952632541,79.69691704619467,115.65648440274923,88.09154399460999,155.74783075052693,157.34162494510156,83.97513113242962,12.662028027472438,75.75708478740547,96.81593420224597,45.53806545063318,80.11368065278118,151.91733844077538,106.80131617205006,30.68234701998978,161.5419319778149,120.1471427279636,81.68163947829783,100.0008537239907,84.33104619642965,141.93715703652572,152.82389667550453,87.72330543903712,84.89864652610949,0.07948603846264435,0.009845707622915567,0.10807396621560152,0.07688456611746902,0.027437017352860017,0.07535102400106174,0.027701320640361175,0.06638674707190528,0.11206232508066723,0.09094434835503937,0.10039653944839794,0.060278743094898384,0.05358601809958009,0.01532998258441235,0.025387621806048977,0.07811497972812603,0.06335760103625986,0.06997239987612561,0.06506668541900838,0.07510330105406036,0.06975346445164313,0.10515637736344255,0.04451789972309504,0.06457578044209658,0.07579958884746868,0.0359801380521518,0.06848426046355993,0.10182494422763731,0.058322990610913186,0.07177182304722357
419,100.55095206186414,37.09245311968097,0.06860676203972162,137.1704456204372,121.59399481089952,82.70285602619835,81.5346503942365,67.58634561162344,137.36798751809266,93.09344952632541,79.43584639955509,115.65648440274923,88.09154399460999,155.73360666337553,157.34162494510156,83.97513113242962,12.662028027472438,75.75528317288948,96.81593420224597,45.53806545063318,80.11368065278118,151.91733844077538,106.80131617205006,30.66958371814309,161.5419319778149,120.1471427279636,81.68163947829783,100.0008537239907,84.33104619642965,141.93715703652572,152.82389667550453,87.60905063066359,84.89864652610949,0.0349606666702386,0.053037010273910674,0.04953751952489731,0.029744401005117625,0.01870033414057789,0.07239406405706714,0.07451615687035804,0.02528273028662007,0.12489180022165439,0.08531798445064821,0.03613377684269914,0.11265686235393053,0.10482027554943041,0.11108672555962923,0.06340235960343643,0.03529314755115312,0.06418336268950837,0.10614636594699844,0.06894665890810259,0.07003688346786603,0.06764735473472809,0.11963786879608376,0.06322514806145971,0.07586366284291547,0.03055080936911557,0.02897156502816808,0.06154941799772434,0.051445772959483,0.15233035129309086,0.06589182413503508
420,100.53493556359419,37.10380168814008,0.06123782295654432,137.1704456204372,121.56416054871141,82.70285602619835,81.5346503942365,67.58634561162344,137.36798751809266,93.09344952632541,79.43584639955509,115.65648440274923,87.8783608257632,155.73360666337553,157.34162494510156,83.97513113242962,12.662028027472438,75.7541872589304,96.81593420224597,45.365919826304285,80.11368065278118,151.91733844077538,106.80131617205006,30.65467294240563,161.5419319778149,120.1471427279636,81.68163947829783,99.95152852095231,84.33104619642964,141.93715703652572,152.82389667550453,87.60905063066359,84.89864652610949,0.07677673576618282,0.11703762873272106,0.027290423072979072,0.06292930535103898,0.06171893167935634,0.025549386040901213,0.06979694650493518,0.014436373372529744,0.04317428054689296,0.07330656961473786,0.013276840915894622,0.043430329506629214,0.03704659499172205,0.13253966111553767,0.11308896810106786,0.020156280258879968,0.031145449381906266,0.06103435383894355,0.11534832083302746,0.07161813782192537,0.07057230593614222,0.04107375115751835,0.06506916389166634,0.04040689627722665,0.011932114883227023,0.07595772695847733,0.026095312346285367,0.11665801464113973,0.0672080578157233,0.11145982734111418
421,100.46414454425361,37.059093203366075,0.05928772022669435,137.1704456204372,121.35871461793631,82.70285602619835,81.5346503942365,67.58634561162343,137.36798751809266,93.09344952632541,79.43584639955509,114.6872659910117,87.82490903610022,155.73276154566938,157.29882228728601,83.97513113242962,12.662028027472427,75.75364121616921,96.78272671757209,45.365919826304285,80.00515556408196,151.86304759727446,106.8011559366681,30.65467294240563,161.36686713723986,120.10118677342524,81.68163947829783,99.95152852095231,84.33104619642964,141.51181172378313,152.82389667550453,87.60905063066359,84.88977565646292,0.07239182530040746,0.04168843019491149,0.05943547172152995,0.03672131528585155,0.03687809895248526,0.01602666121946908,0.027650306873096983,0.09913961817579273,0.07225781914172144,0.08169316980341844,0.06243573275104265,0.08205304226083843,0.10139345172394247,0.13696274025931546,0.04317795524311672,0.017720052846587977,0.1514232734902582,0.04097042461615452,0.061677391260148755,0.07500992469820816,0.07316170073928933,0.06057511527249369,0.013679828392431096,0.027561393769915742,0.01761538455470007,0.0381526407591844,0.014690298557020576,0.056161096219280546,0.038528556635106334,0.12179888608311176
422,100.26541002315209,36.81382744722606,0.07423772008250135,136.75930978844687,120.68832772491531,82.70285602619835,81.5346503942365,67.58634561162343,136.4089795498474,93.09344952632541,79.43584639955509,114.6872659910117,87.82490903610022,155.73276154566938,157.29882228728601,83.97513113242962,12.662028027472427,75.75364121616921,96.78272671757209,45.365919826304264,80.00515556408196,151.86304759727446,106.74675882846799,30.63020216537969,157.99435350456397,119.63106335153755,81.68163947829783,99.95152852095231,84.33104619642964,141.51181172378313,152.82389667550453,87.60905063066359,84.88977565646292,0.07226753012569996,0.11240391953081197,0.07289560664838268,0.023537922980472147,0.027065689678699975,0.06239716719207833,0.02047093460347886,0.13246818265881327,0.11939154626475255,0.08445347518373997,0.017682226713437416,0.11963057538320428,0.09558562722555015,0.028213076169143855,0.024467955965389775,0.1720950113722992,0.11622781504799659,0.02936609093267973,0.06681475261692561,0.07523979448622589,0.07256604568826756,0.11403534442114824,0.05524743762844567,0.07109311489426698,0.10401951595137215,0.02780644867670448,0.10716032540939714,0.030058338145681637,0.02831042508895934,0.14415970579101445
423,100.21061234084846,36.81914105792326,0.07233985480432939,135.84562318147235,120.68832772491531,82.70285602619835,81.409828431061,67.58634561162343,136.4089795498474,93.01295982059482,79.34729689059282,114.6872659910117,87.82490903610022,155.73276154566938,157.29882228728601,83.97513113242962,12.318980991277888,75.75364121616921,96.78272671757209,45.365919826304264,80.00515556408196,151.86304759727446,106.74675882846799,30.584291325088333,157.99435350456397,119.63106335153755,81.68163947829783,99.95152852095231,84.28362138864992,141.51181172378313,152.82389667550453,87.60905063066359,84.88977565646292,0.06572287787129324,0.09658566069661897,0.07047887178510195,0.06554725224511725,0.09697918266383529,0.06759407960867725,0.10562125120403455,0.03657271235431415,0.11038218647516948,0.06939439158216867,0.010236374074039465,0.0633139515368289,0.04252256340758996,0.017560152937158843,0.062430295142040335,0.15331093598202616,0.07859768751778022,0.02396838678595186,0.06352920518223118,0.06965720373866723,0.06945286129250573,0.05788910099372731,0.15320641876539876,0.11143984840199211,0.049462468022166944,0.06970959741843345,0.11040587832068724,0.06562691117349509,0.017462669149539943,0.09553466780128986
424,100.09784466985768,36.797768970569145,0.07440765064574292,135.84562318147235,120.68832772491531,82.70285602619835,81.409828431061,67.58634561162343,134.41779731297376,93.01295982059482,79.3472968905928,114.6872659910117,87.82490903610022,155.73276154566938,157.13633132129155,83.97513113242962,12.318980991277888,75.75236484945506,96.78272671757207,44.40597688958671,79.86043896694376,151.85600704886184,106.72479937095687,30.584291325088333,157.99435350456397,119.63106335153755,81.68163947829783,99.89839350084642,84.28362138864992,141.51173134558053,152.821590164243,87.57015151987162,84.88977565646292,0.023690889917297883,0.03572213330398424,0.0771361833491813,0.12277386602642207,0.08606374123178638,0.17035967308386668,0.1254686731801407,0.029731510391889916,0.055267349294201774,0.06952282473266928,0.11837953434061993,0.02746063417168425,0.01883965279021625,0.1238038229708501,0.030892491403337434,0.10523681466353982,0.07843746329205878,0.06394213251617939,0.07156570990217731,0.028670231592092362,0.0191439410320419,0.06662817946586368,0.1258456508359519,0.03204382168299645,0.11793122141963952,0.0748329073211704,0.07682308778956205,0.07893437138511518,0.10397408780497958,0.07310691848077056
425,100.03073349048705,36.80873359016598,0.06389180417329018,135.84562318147235,119.80279699906774,82.50869633900928,81.409828431061,67.1509076623713,134.41779731297376,93.0129598205948,79.34729689059279,114.68726599101169,87.82490903610022,155.73276154566938,157.13633132129155,83.6864022953544,12.318980991277881,75.75236484945506,96.78272671757207,44.2338312652578,79.86043896694375,151.8186801099117,106.72479937095687,30.584291325088333,157.99435350456397,119.63106335153755,81.68163947829783,99.89839350084642,84.28362138864992,141.51172572710425,152.821590164243,87.57015151987162,84.88977565646292,0.013630574200523852,0.018574410859510244,0.0774547862661909,0.05627557623310736,0.0378043707785332,0.07964302899396411,0.08147244740553257,0.02688344201943084,0.06818619226778154,0.10794464881674583,0.05294544420042514,0.013610701537514524,0.008580406870332655,0.05472980836110008,0.0283251817333299,0.14062810770730733,0.029061821836536862,0.10086119253713415,0.07180136396030315,0.0699214147879674,0.06312224842726435,0.11190297045589209,0.05893111821626336,0.027662291677677277,0.1013037344402849,0.07452283146813288,0.12270433727507724,0.08796555955478166,0.06891621095193105,0.06138790135812894
426,99.99815851590306,36.830210885447336,0.05576608928444254,135.84562318147235,119.80279699906774,82.50869633900928,81.26422926193361,67.15090766237128,134.41779731297376,92.82113760709544,79.20008896830183,114.68726599101169,87.82490903610022,155.73276154566938,157.13633132129155,83.6864022953544,12.211870865557463,75.748105352116,96.78272671757207,44.2338312652578,79.86040925646756,151.8186801099117,106.72479937095687,30.545692734793708,157.99435350456397,119.63106335153755,81.68163947829783,99.89839350084642,84.2554837123094,141.51172572710425,152.821590164243,87.2556671874408,84.8897756564629,0.09968486854016025,0.015901451361967238,0.03793609493565953,0.02546256938039992,0.0514071367056499,0.032260180567547515,0.072912659584609,0.07404901753919622,0.028679274079551467,0.04343374868112741,0.06967214457253518,0.007644700652284642,0.11060220710743947,0.027577877166845143,0.06917564747512848,0.11791482127914574,0.06872757958391165,0.043554493808575165,0.07294063704435942,0.07370625086071547,0.023728231927410505,0.05102582779886298,0.0737702456511839,0.058845545132579835,0.058137220354786426,0.02596541976017842,0.0616604421231528,0.03549265354123331,0.07563036173667997,0.06548336958039921
427,99.91246748808435,36.869812452332845,0.055360138787436605,135.84562318147235,119.22324233998741,82.50869633900928,81.26422926193361,65.74128752519594,134.41779731297376,92.82113760709544,79.20008896830183,114.68726599101169,87.82490903610022,155.73276154566938,157.13633132129155,83.64853882504197,12.211870865557445,75.70261287933103,96.66152085787382,44.233831265257784,79.57070671808752,151.8112096266338,106.72479937095687,30.545692734793708,157.99435350456397,119.63106335153755,81.68163947829783,99.86796557643503,84.21318587726176,141.51172572710425,152.81449470985004,87.2556671874408,84.8897756564629,0.09959184839942344,0.11119596682371642,0.015722979143366768,0.009818058505951029,0.027015809287639192,0.02571526863500427,0.0808320167502605,0.06754858127483603,0.01871231353939907,0.028036728909957367,0.025538262546514298,0.10411362996442194,0.06663643550619135,0.06371890076388806,0.07682816664234254,0.08728877673115576,0.07869031437363713,0.023259497795019447,0.018360325938425383,0.07948500500207863,0.16031993870482297,0.07041094999390599,0.07498914920912712,0.020370180292360672,0.030630285610031692,0.008476512896604022,0.07337809824655861,0.05722884433815155,0.028520658236181877,0.028370659562125262
428,99.8679982829367,36.84496002919556,0.06705573525980156,135.84562318147232,118.13091986082635,82.5077817242959,81.26422926193361,65.74128752519594,134.30498639139685,92.82113760709544,79.20008896830183,114.68726599101169,87.82490903610022,155.73276154566938,157.13633132129155,83.64853882504197,12.211870865557445,75.70261287933103,96.66152085787382,44.233831265257784,79.57070671808752,151.8112096266338,106.72479937095687,30.54490977232493,157.99435350456395,119.53276419437316,81.68163947829783,99.86796557643503,84.21318587726176,141.48277970775956,152.81449470985004,87.2556671874408,84.8897756564629,0.04951000488627177,0.04221580745518576,0.09581145557524229,0.1070497093249467,0.015150620349658807,0.05516364376792136,0.034575055125900145,0.16363576969413485,0.10754231524045307,0.15511517633315702,0.013451759637097747,0.0741478098759528,0.024586201737945235,0.06928475578696763,0.03426070054768912,0.04024990309239866,0.0641945054904714,0.10870346698708347,0.09335434279495786,0.08052880180181965,0.1260890486882309,0.1147902699245088,0.02910086147194184,0.05774014661332557,0.06858130376811175,0.010888145686930731,0.021282642397627883,0.06698901148919392,0.07306267949786986,0.014616142751049667
429,99.81778498833003,36.782580900861134,0.0650225499441788,135.434487349482,118.13091986082635,82.5077817242959,81.23972886579674,65.74128752519593,134.30498639139685,92.82113760709544,79.17019796165748,114.68726599101169,87.82490903610021,155.0744640366823,157.13633132129155,83.64853882504197,12.211870865557431,75.70261287933103,96.66152085787382,44.233831265257784,79.57070671808752,151.8112096266338,106.6702420273748,30.54490977232493,157.68532054761647,119.51386077866428,81.68163947829783,99.86796557643503,84.21318587726176,141.48269932955694,152.81449470985004,87.2556671874408,84.8897756564629,0.03231393486904079,0.05906099398250372,0.036321831451903416,0.09427968462456521,0.047994006332930675,0.11037195353871665,0.02291857857148388,0.1535745498131536,0.09361235810656172,0.08023321458087501,0.05047922929875129,0.038086811798997734,0.06706443941076112,0.07465174856296727,0.025076377674988895,0.024701869176465795,0.0710803764258326,0.10065242444795502,0.018698342978370155,0.03938349041662557,0.1500445595619154,0.042315720538185955,0.013106779283569403,0.11449821122772687,0.031240711270017103,0.11353102422795124,0.058302184263884047,0.019138558823225047,0.06486349947758539,0.10307903358785339
430,99.74973893629553,36.77628954447257,0.07352869546020738,135.434487349482,118.13091986082635,81.4212774754047,81.22822704294282,65.74128752519593,133.45878934472847,92.82113760709542,79.17019796165748,114.68726599101169,87.82490903610021,155.0744640366823,157.1222312361651,83.64853882504197,12.211870865557431,75.70261287933103,96.66152085787382,44.173310607207796,79.57070671808752,151.8112096266338,106.6702420273748,30.54490977232493,157.68532054761647,119.50289301637167,81.68163947829783,99.85637563928253,84.21318587726176,141.48269932955694,152.81449470985004,87.2556671874408,84.8897756564629,0.019339886919724908,0.024836744251925037,0.058948606179748966,0.05421148887514149,0.015399554375574255,0.0577248778430862,0.10230150452523389,0.08196085633665302,0.1215558239280555,0.0851616506413428,0.06815897112790698,0.06952214337913135,0.10186616198472795,0.07629824340581463,0.10462054115369573,0.013335714896433336,0.06125500014378292,0.08643330956404631,0.06124374234991353,0.10388760201142495,0.13732595760107352,0.12825980605729256,0.056458573505779215,0.12180847438203765,0.05183543033489146,0.10524590320219936,0.05869169358350201,0.1023820052153079,0.028044465903962132,0.04774613012681268
431,99.50936093908545,36.866269580902035,0.06144138173165381,135.434487349482,115.61920624953247,81.4212774754047,81.22822704294282,65.74128752519593,133.45878934472844,92.82113760709542,79.09622807662237,114.68726599101169,87.66540128007716,155.0744640366823,157.02105675972592,83.64853882504197,12.21187086555743,75.70261287933103,96.27413246776614,42.053651500493345,79.57070671808751,151.8112096266338,106.6702420273748,30.53866283148407,157.68532054761647,119.48572267145785,81.68163947829783,99.50825300231297,82.72679910929736,141.48269932955694,152.81449470985004,87.2556671874408,84.8897756564629,0.15116302214591457,0.017463203061657134,0.11429019748200925,0.06142817551123885,0.011142168818692177,0.03164469955086952,0.04092575083361247,0.07108803144997417,0.0706446934877398,0.030832417252943816,0.030853591031786566,0.028887703786798707,0.11805139711354475,0.06262679011895556,0.0592971220727629,0.11561457164431291,0.021943539279594335,0.05082947171299244,0.06527949764259838,0.03218930889852477,0.10633356750081413,0.09492247833907687,0.016580690935199923,0.12107807213374017,0.06373993951396964,0.04991683865371312,0.024575660826820805,0.13930376299057073,0.015563277837107219,0.025031810322078303
432,99.48232700573068,36.855961587659685,0.049235445950670385,135.42558497085804,115.61920624953245,81.4212774754047,81.22822704294282,65.74128752519593,133.45878934472844,92.82113760709541,79.06633706997799,114.68726599101169,87.66540128007716,155.07125348145067,157.01551779632854,83.64853882504197,12.21187086555743,75.69925491024462,96.27413246776614,42.053651500493345,79.57067700761132,151.8112096266338,106.65702609213386,30.51419205445814,157.68532054761647,118.80497366560738,81.68163947829783,99.50825300231297,82.72679910929736,141.48269932955694,152.81449470985004,87.21401548837436,84.8897756564629,0.11847620163816637,0.012631903481196924,0.06565325712453127,0.02653234238378553,0.0270847053827934,0.06392776041382013,0.03045381319873301,0.07505058838610884,0.0690053500276198,0.022607923047700096,0.024525510927953808,0.019184387574689925,0.15217681210411935,0.020517738021217202,0.10911848962936732,0.09050356638127859,0.02074087484378551,0.0705116453810688,0.02333297288193377,0.02112048579498637,0.030754776977064698,0.03639153516832869,0.014098382575678067,0.04487322835754007,0.026743515319782737,0.028402740033468456,0.06554028128635485,0.10403750455357888,0.047873597820211666,0.015191487803247307
433,99.42299547069699,36.90464163152458,0.057563202015178165,135.42558497085804,115.61920624953245,81.4212774754047,81.22822704294282,65.74128752519593,133.45878934472844,92.82113760709541,79.02065711290462,114.68664879422545,87.66540128007716,155.07125348145067,157.01551779632854,83.1807072628096,12.21187086555743,75.69789294138062,96.27413246776614,41.31599442939099,79.57067700761132,151.8112096266338,106.65702609213386,30.505578186346515,157.68532054761647,118.80497366560738,81.56004656080728,99.12161546285,82.72679910929736,141.48269932955694,152.811970152072,87.21401548837436,84.88234624435331,0.07851332657097687,0.021409203607871564,0.030142313198059344,0.06058151200005814,0.028020294720698793,0.02381352873852637,0.015010917347298175,0.021491947606072363,0.06304628006998576,0.065213004411449,0.14241107613494586,0.11376043336220007,0.048126596957424626,0.06960767648653428,0.08669085556912749,0.04818982775302358,0.05422137790390063,0.024867595144096685,0.10686884935335263,0.07029209641457095,0.06524868308456597,0.0734344069249038,0.11153938977011899,0.02875422238231052,0.01863102095644731,0.025151151534046772,0.03676125614798758,0.11926695648530668,0.0637708774379772,0.012059382381506896
434,99.40678681962704,36.89668576205896,0.06410653650810859,135.42558497085804,115.61920624953245,81.4087133024159,81.20372664680595,65.74128752519593,133.45878934472844,92.82113760709541,79.02065711290462,114.68664879422545,87.66540128007715,155.07125348145067,157.01551779632854,83.18070726280959,12.21187086555743,75.69789294138062,96.27413246776614,41.31599442939099,79.57067700761132,151.4778456284855,106.65702609213386,30.390824883561,157.68532054761647,118.80497366560738,81.56004656080728,99.12161546285,82.72572144725842,141.48269932955694,152.811970152072,87.21401548837436,84.88234624435331,0.06949582195402661,0.013643570997886802,0.05689476287739285,0.06073405949051257,0.013140466700952634,0.06059495144151679,0.06512027625954839,0.06589709737978294,0.021100543991488266,0.15108431198828765,0.06060935133114682,0.2078585050638029,0.010013353305400291,0.02640471856527076,0.07570787656381421,0.12065201543589457,0.10353347274121195,0.009305595534787839,0.026710096309239484,0.061281646586607334,0.0704531076013739,0.16203619606411257,0.05787191187282201,0.022016746151560497,0.013662237683811956,0.06564653887094679,0.08012896480368745,0.12862210207382477,0.024113512442215122,0.018862283160331113
435,99.35959798744733,36.95380786813721,0.0698789484106989,135.42558497085804,115.61920624953245,81.4087133024159,81.20372664680595,65.74128752519593,133.45878934472844,92.82113760709541,79.02065711290462,114.68664879422545,87.66540128007715,155.07125348145067,157.01551779632854,83.09128393710913,12.207285353672495,75.69789294138062,96.15956674676374,40.26790322567298,79.50097441559313,151.4778456284855,106.65702609213386,30.390824883561,157.68532054761647,118.71567705453975,81.56004656080728,99.12161546285,82.72572144725842,141.48269932955694,152.811970152072,87.21401548837436,84.88234624435331,0.06772903164123145,0.005645119060638521,0.10470300424228951,0.109942904956032,0.05944551749700148,0.1074435316922972,0.06690971594440868,0.1154259541170493,0.06640726646838932,0.11791089749013521,0.1119129055587325,0.11542799621074361,0.002899071694828329,0.10384168500287302,0.03576195202866209,0.08232293429069035,0.06563573251288787,0.05059536381864702,0.05126788405526692,0.05919770803949749,0.03137636448925193,0.11778726934542094,0.07330458925959454,0.07003117598952059,0.0133342053430069,0.03092400616622199,0.07263976928632433,0.06861132384032209,0.06337679620545339,0.05455677607354862
436,99.24531544592122,37.020266913722786,0.05582564653746145,135.4235688230604,115.61805100082671,81.4087133024159,81.18419350737219,65.74128752519592,133.45878934472842,92.8211376070954,78.99076610626025,114.68664879422545,87.66540128007715,155.07125348145067,157.01224440476102,82.99471045106152,12.207285353672484,75.69789294138062,96.15956674676374,39.135814664626544,79.45065599822873,151.4778456284855,106.65702609213386,30.390824883561,157.68532054761647,118.71567705453975,81.56004656080728,97.0709039251528,82.68557893628866,141.47992653104797,152.81197015207198,87.21401548837436,84.88234624435331,0.07430354714378025,0.04752095387323963,0.04927970290705701,0.12345983985405011,0.031201599202333338,0.03648342225397158,0.0356440557987546,0.12178427489164965,0.03710827624154357,0.05806747501808761,0.02521229739563133,0.09291901295668548,0.09161116645830053,0.1067467803553351,0.016343735607461114,0.041959857592627416,0.06797928570587607,0.010829114051281057,0.05052501878810049,0.02240253975342221,0.05578606663799824,0.04667158134724124,0.031551544445796394,0.11055727277528904,0.008392873980900998,0.07732612075403535,0.03456943228692565,0.07893540362199108,0.06524751240068835,0.024349632023788873
437,99.11559926019056,36.950463173744176,0.05982130488290815,135.42356882306038,113.5179563636572,81.4087133024159,81.1751582160295,65.74128752519592,132.67301947800271,92.82113760709538,78.99076610626025,114.68664879422545,87.58026603998262,155.07125348145067,157.01224440476102,82.90995936315181,12.206694826750299,75.69789294138062,96.15956674676374,39.135814664626544,79.45065599822873,151.4778456284855,106.65702609213386,30.351493297582582,157.46355072547135,118.15174720294743,81.56004656080728,97.0709039251528,82.68450127424974,141.47992653104797,152.81197015207198,87.21401548837436,84.88234624435331,0.07276130727374687,0.06536895507270846,0.10989553994373893,0.08664320563371575,0.016377617630973434,0.060913322419650764,0.06539251396084317,0.04576586372484062,0.08082425517876997,0.03293627979340013,0.020462335776021787,0.03406415094381276,0.11707856733009767,0.05210947846037163,0.05745071867433947,0.10934693186305426,0.06637871921565694,0.06100306331118177,0.1126256391343148,0.017235707351988573,0.11566260204400884,0.020194690817051008,0.022135144782310868,0.049103419454743856,0.10338979354133476,0.07820584464337245,0.052446182756442396,0.031172595684688484,0.02382688245283369,0.013867817617230396
438,99.08168984691606,36.94872019886217,0.060041535175290914,135.10960085306692,113.5179563636572,81.4087133024159,81.1751582160295,65.60589606017518,132.67301947800271,92.82113760709538,78.99076610626025,114.68664879422545,87.58026603998262,155.050547584391,157.01224440476102,82.84358910778289,12.206694826750299,75.69789294138062,96.1575197305285,39.13581466462653,79.45062628775253,151.4778456284855,106.6152213744893,30.351493297582582,157.46355072547135,118.15174720294743,81.56004656080728,97.0709039251528,82.68450127424973,141.47992653104797,152.81197015207198,86.77705012193827,84.8823462443533,0.06728457223755427,0.1175171784511598,0.03163516445946363,0.039701733525896114,0.06579412836222519,0.07699361216653547,0.06834511369493944,0.025568865091371535,0.07506435129736198,0.06533460215735737,0.05486581749827574,0.023982819847838868,0.04131683601568704,0.02260925287350283,0.07114128442177371,0.12244698611622695,0.016903183259119575,0.07127935804648675,0.06900802121383083,0.05570907305152952,0.05024179913160651,0.16116789606952375,0.0675188138039717,0.07564791922469061,0.07316276039325455,0.03399529440416091,0.018280407188757293,0.1077454936370218,0.019497444795901504,0.01148627282170268
439,98.93535374047165,37.04959282205915,0.06699753106828889,135.09573967488674,113.5179563636572,81.4087133024159,81.1751582160295,65.60589606017518,132.34990885297066,92.82113760709538,78.99076610626025,113.1406404399378,87.58026603998262,155.050547584391,156.96644653351524,82.84358910778289,12.206694826750299,75.69789294138062,96.1560713516329,36.68730341863337,79.45062628775253,151.4778456284855,106.6152213744893,30.351493297582582,157.46355072547132,118.15174720294743,81.56004656080728,97.0709039251528,82.68450127424973,141.47992653104797,152.80062461237458,86.77705012193827,84.8823462443533,0.07409871369792706,0.0878303144813535,0.10809274584099593,0.06706218478894639,0.030216258521666844,0.033293691131848914,0.06929693968861322,0.00837065277895326,0.07913900986484752,0.1259746523577399,0.10717188332841397,0.01446006208627694,0.024118360261851803,0.020562833222629515,0.030617101503040943,0.07856315135784835,0.06565801023187985,0.11615605412029431,0.11887523777427589,0.02300061555183642,0.021566074929924232,0.09538802257098737,0.03086941710765251,0.12801214472408579,0.0774195422095734,0.12367412737960276,0.057908587947719296,0.07828236840122958,0.054007716001208156,0.06023945818544303
440,98.81110288313275,37.03844300509744,0.053406254734003254,135.0937235270891,112.64768796626672,81.4087133024159,81.1751582160295,65.60589606017517,132.34990885297066,92.22550502530812,78.99076610626025,113.1406404399378,87.58026603998262,154.9325455640741,156.965116377934,81.84559073246635,12.206677268302107,75.69789294138062,96.15216852937857,36.68730341863337,79.45062628775253,151.4778456284855,106.6152213744893,30.351493297582582,157.46355072547132,117.3788151718479,81.55964378980254,96.73359158872823,82.68450127424973,141.47992653104797,152.80062461237455,86.77705012193827,84.85463572160687,0.035638502772853645,0.02275282119209028,0.029591849834045145,0.02050610614105322,0.06899750228596889,0.01120731288339878,0.02471533582017043,0.11290172939078512,0.029094114644537823,0.09131587757302659,0.11543105498988147,0.06057498968114917,0.014815078935915688,0.10782931398401041,0.018750383002279936,0.039149122876810064,0.02594595300262704,0.06364469207368827,0.08463746119029238,0.02054604285222685,0.09437740753695702,0.0478345389778712,0.016051996804549464,0.051507225391921305,0.04042579008057593,0.062387810629862664,0.07997419361014552,0.07883526199983987,0.11587222209580528,0.016875949765758232
441,98.79574964487857,37.03634247066783,0.049525829616120016,135.0937235270891,112.3009390504794,81.4087133024159,81.15065781989263,65.60589606017517,132.34990885297066,92.22550502530812,78.98874373371149,113.1406404399378,87.58026603998262,154.9325455640741,156.96404243725453,81.84559073246635,12.206677268302107,75.61164141890762,96.15216852937857,36.68730341863337,79.45062628775253,151.4778456284855,106.6152213744893,30.351493297582582,157.46355072547132,117.3788151718479,81.55964378980254,96.73359158872823,82.68450127424973,141.47992653104797,152.80062461237455,86.77705012193827,84.85463572160687,0.017339247502047725,0.017558996486736294,0.06501762499843444,0.062477419305412354,0.03510146170171204,0.0727189311193728,0.02023602933617786,0.09621667544043722,0.06276854590951314,0.04281955069254481,0.03966843699668658,0.021694334893145102,0.016070903956194805,0.07851460835440999,0.0780501346751347,0.020371394006105915,0.017580778898264725,0.030744078729959254,0.08083210038925731,0.0627862160328597,0.12229230435938973,0.02490045979954396,0.06305689560839745,0.022932719915011987,0.01565040256642635,0.07260073654214302,0.026424629463270215,0.0735415864243992,0.07549259781463649,0.05031508656597536
442,98.57201626564485,37.09649875550641,0.07175315018576794,135.0937235270891,112.2617802130809,81.40871330241589,81.15065781989263,62.385471858178846,132.34990885297066,92.15286900580253,78.98874373371149,113.1406404399378,87.47722560225279,154.9325455640741,156.96404243725453,81.84559073246635,12.206677268302107,75.61164141890762,95.76890459534565,36.68730341863337,79.45062628775253,151.46597273359475,106.6152213744893,30.351493297582582,157.46355072547132,114.62171987213296,81.55964378980254,96.72659857931338,82.68450127424973,141.47992653104797,152.80062461237455,86.6595333796105,84.85463572160687,0.15305801990614534,0.06576977598667552,0.111012552098824,0.025183207286489484,0.05596662739970446,0.03261100910185002,0.018260450371466792,0.083239716095169,0.05846032270914919,0.11866596949812891,0.022006451882819442,0.07323246316823305,0.1080766692632231,0.031684933615717475,0.026756573009447907,0.05992635862875466,0.0659201691107781,0.07412549801420489,0.022637654791840173,0.02472336914074217,0.09402717290732754,0.07675930849616502,0.18530184864392885,0.05249369657993606,0.0663185129440942,0.06689122554744156,0.056349125278822035,0.08397086576187339,0.03668246484388802,0.20248249349019803
443,98.50255523367203,37.074484528915114,0.06657098699470612,135.0937235270891,110.25133249251262,81.40871330241589,81.15065781989263,62.385471858178846,132.34990885297063,92.15286900580253,78.98874373371149,113.14064043993778,87.47722560225279,154.9325455640741,156.96404243725453,81.84559073246635,12.206677268302107,75.56070301879336,95.76890459534565,36.68730341863336,79.45062628775253,151.46597273359475,106.60200543924836,30.351493297582582,157.46355072547132,114.62171987213296,81.55964378980254,96.71736967605189,82.68450127424973,141.47992653104797,152.80062461237455,86.6595333796105,84.85463572160687,0.09052765987549005,0.0788224135229643,0.07363064224294795,0.09739898767214636,0.021492477574623945,0.02098587886418155,0.05896268774102063,0.027890449672813965,0.11172093614086824,0.16377455122594045,0.047446639779000634,0.07787939093952989,0.037526734680746125,0.018899344247398697,0.01674313432970233,0.02410225133867868,0.1192820887701051,0.07771220597504544,0.11601809784493072,0.050835788016541546,0.04755059116010612,0.1630672471173234,0.08832110437541545,0.07292567586640283,0.07494932539952051,0.029857194884044543,0.013364515276128041,0.07144439743561047,0.022343935393604596,0.08165326247835056
444,98.45222212638777,37.0306166050228,0.07260885002600345,135.0937235270891,110.24317543302136,81.40871330241589,81.15065781989261,62.385471858178846,130.88365174993413,92.15286900580253,78.98874373371149,113.14064043993778,87.47722560225279,154.9325455640741,156.96404243725453,81.84559073246633,12.206677268302107,75.56070301879336,95.76890459534565,36.68730341863336,79.45062628775253,151.46597273359475,106.60200543924836,30.351493297582582,157.46355072547132,114.62171987213294,81.55964378980254,96.68426638568987,82.68450127424973,141.47992653104797,152.79814884673664,86.6595333796105,84.85463572160685,0.08393664927477848,0.12112381908033354,0.07346900959514287,0.0437213370818126,0.0630982451301644,0.0532941747351807,0.09882367940192424,0.06211274920602153,0.058843798503960966,0.12317819857953596,0.1063530976706061,0.030158568673924333,0.01571051776575282,0.10785395871084547,0.024199240232438024,0.06020853358419476,0.15606190499161127,0.033011733774982566,0.0962046264080569,0.01927417772681459,0.06251737734331042,0.09429664955337137,0.1276442115054091,0.06655161549154709,0.04049809802307694,0.059535407970331286,0.10561725235692129,0.06890034141091066,0.010013718088493634,0.1120528089086495
445,98.33749645550388,37.08097458546237,0.061298089415601546,135.09262029675506,110.24317543302136,80.77416504000891,81.12786363380982,62.38547185817883,130.8836517499341,92.15286900580253,77.87558719909605,113.14064043993778,86.12858866312648,154.9325455640741,156.9465065416319,81.84559073246633,12.206677268302107,75.56070301879336,95.76890459534565,36.68730341863336,79.45062628775253,151.46597273359475,106.5597014324398,30.246129135820556,157.46355072547132,114.59130048885348,81.55964378980254,96.68426638568987,82.68450127424971,141.47992653104797,152.79814884673664,86.53362585313187,84.85463572160685,0.06551449755443867,0.0804738409073632,0.05989348321150555,0.06428949506177256,0.02986673090956927,0.06207015968002437,0.08283978706332372,0.01739291063525129,0.07400844812980262,0.0841170210150227,0.05880520293007656,0.013586733513639272,0.06291157909354096,0.030065108252850904,0.014948938662360816,0.10595238991236644,0.11281015984341924,0.06629086771501864,0.044788840878416974,0.10930236368755507,0.1102384936357525,0.07583478263045904,0.04180092977755714,0.06595276177153647,0.018834921638585533,0.07621007334387864,0.09028121527990399,0.025998608047194213,0.05256698389576283,0.04129535379009737
446,98.28277302161584,37.052656130542246,0.060008986428573705,135.09262029675506,109.58218625827323,80.77416504000891,81.12786363380982,62.38547185817883,130.88365174993407,92.15286900580251,77.87558719909605,113.14064043993778,86.12858866312648,154.9325455640741,156.9465065416319,81.84559073246633,12.206677268302107,75.55598308084295,95.76890459534565,36.61411767736727,79.45062628775253,151.07490101559898,106.5597014324398,30.246129135820556,157.4635507254713,114.09644223893193,81.55964378980252,96.68235730402284,82.68450127424971,141.47992653104797,152.7981488467366,86.53362585313187,84.83966660851533,0.06300855739650921,0.06604796358285288,0.01550968046153749,0.07776268929626232,0.016123969465235845,0.025912603421593204,0.07265805343078008,0.09486298344115326,0.019718031140213456,0.03711318348214832,0.06859828829455589,0.06093881857191143,0.017205925999706797,0.06801789714435025,0.1030717523788347,0.10386064677620974,0.022817648244935172,0.08020373021994509,0.03198219025104695,0.03608446093752295,0.0918064644826651,0.08932530596037254,0.02692155614692292,0.022230987262795536,0.11207139834036167,0.06706749145954449,0.07831092986386454,0.06715305369634587,0.05722981996565184,0.10665351174138236
447,98.13545497844918,36.98684219732688,0.05535041132256373,135.09262029675506,109.58218625827323,80.77416504000891,81.09539270605077,62.38547185817883,128.5892318848211,92.15286900580251,77.87558719909605,112.77418030070505,86.12858866312648,154.9325455640741,156.94650654163186,81.84559073246633,12.206677268302107,75.55598308084295,94.87220097966132,36.61411767736727,79.43395995889215,151.07490101559898,106.55065853354915,30.246129135820556,157.33970781156071,114.09644223893193,81.55964378980252,96.68235730402284,82.68450127424971,141.47992653104797,152.7981488467366,86.17395531500857,84.51940254108987,0.017131266825549177,0.06707952741451291,0.06017123167973207,0.065003130387544,0.06910469850409916,0.024804409959611813,0.02674462196267098,0.056017100127252986,0.005158950103911749,0.026634585090412288,0.11648541943688823,0.02423708922979489,0.015784614193710782,0.023938482529599278,0.11655156191884164,0.07823286309661016,0.1173563790200041,0.08539557341015251,0.029077606373427357,0.12595007726330126,0.04652548721495048,0.07463287602052912,0.05544885124842059,0.06946310974348371,0.039435383991242925,0.06554323644788641,0.028655329890370996,0.07496552698929013,0.02093797884210439,0.03404537076100572
448,97.91936746109313,36.88880487652955,0.05365359838396458,131.7401463985059,108.99581742837961,80.77416504000891,81.09065261863132,62.38547185817883,128.5892318848211,89.67538181642631,77.87558719909605,112.77418030070505,86.12858866312648,154.91183966701445,156.94650654163186,81.84454810898534,12.206677268302103,75.55598308084295,94.87034517364224,36.61411767736727,79.43362818310041,151.07490101559898,106.55065853354915,30.246129135820556,157.33970781156071,114.09644223893193,81.55964378980252,96.64473789063152,82.68450127424971,141.47992653104797,152.7981488467366,86.17395531500857,84.51940254108987,0.01023191352694513,0.016599230001292042,0.12831869574404042,0.07507941052127498,0.03973381093271045,0.02332322970726368,0.015243572977768769,0.019947077460445287,0.10756948814372955,0.14194434734677622,0.0536504404468449,0.009945340145793383,0.01553919836352381,0.11569974926419735,0.03370674352260272,0.03630433420824721,0.040688037814727275,0.07404587293778085,0.06998864109937293,0.0802600716675644,0.06811004655803692,0.025410192496367723,0.061145033080906706,0.03200007677600928,0.06599273851623705,0.022217269528639637,0.06671593731613033,0.034906953616870844,0.062100807156372485,0.06318969064046527
449,97.7407463318174,36.98205674585171,0.0501353163413546,131.73904316817183,108.99581742837961,80.77416504000891,81.09065261863132,62.38547185817883,127.5365161517864,89.0071132151334,77.87558719909605,112.77418030070505,86.12858866312648,154.91183966701445,156.9084267812916,81.84454810898534,12.206677268302103,75.55598308084295,94.86829815740698,34.88596618651532,79.43362818310041,151.07490101559898,106.55065853354915,30.143669798957102,157.33970781156071,113.78284299799262,81.55964378980252,96.61574020893315,81.26128948756788,141.47992653104797,152.79814884673658,86.17395531500857,84.51940254108987,0.01126813588767955,0.00638455337921531,0.04309655213052939,0.02749991264373268,0.025339379861170463,0.10070067393014975,0.1104485610002347,0.10398717371125715,0.08471086181970364,0.07628361902285441,0.029734731064481795,0.05829815567421895,0.008267111236326632,0.13313185329226168,0.015366767452163997,0.018931039640719946,0.11236607452744346,0.06090494630947417,0.03208065749794237,0.06689473998148447,0.015218707596844329,0.01755853224451223,0.022344551578484424,0.02161117592892463,0.025319299324442584,0.011732885655346444,0.05746842256352481,0.03395903700265578,0.06604638749049878,0.10710499079235905
450,97.60127702636493,36.84926811366785,0.06550059438535578,131.73904316817183,108.99581742837961,80.71944132212388,81.09065261863131,62.385471858178825,125.52665731201593,89.0071132151334,77.87558719909605,112.15449392104645,86.12858866312646,154.91183966701445,156.86541338888506,81.84454810898534,12.206677268302103,75.47445149632037,94.86294695625706,34.88596618651532,79.43362818310041,151.07490101559898,106.55065853354915,30.143669798957102,155.99748909755183,113.78284299799262,81.55964378980252,96.60874719951825,81.26128948756788,141.4592242062902,152.79814884673658,86.17395531500857,84.51940254108986,0.10732815916356611,0.052473185615989085,0.10298540864652535,0.09871026529099738,0.025273198862846943,0.0404509771777601,0.027570291527809272,0.13673291854203645,0.0743075036762702,0.04321931935698971,0.09865812988489595,0.062424695959181764,0.06569435533478828,0.022492805015272288,0.057949870340618825,0.06552824181933853,0.04330285473077482,0.02332026816721655,0.06368038012367219,0.1664043089316216,0.05693578530024252,0.06927277353782448,0.012283465368819505,0.1128987746976542,0.020719508764654535,0.16383594943975793,0.015526735661053632,0.034833751920675705,0.0708162538665675,0.02938769483525212
451,97.4889882148181,36.93602067535618,0.06393815945426025,131.70145563644456,108.99581742837961,80.71944132212388,80.67611191507272,60.1691272339652,125.52665731201593,89.0071132151334,77.87558719909605,112.15449392104645,85.94041298530212,154.91183966701445,156.863101688352,81.84454810898534,12.2066772683021,75.47445149632037,94.47433182107419,34.773783516063396,79.4336281831004,151.07490101559898,106.5437116219394,30.143669798957102,155.99748909755183,113.7828429979926,81.55964378980252,96.60874719951825,81.26128948756788,141.4592242062902,152.79618945543314,86.17395531500857,84.51940254108986,0.05076185914584738,0.06591324706345321,0.03410887187382852,0.11906306265053437,0.08201313785971417,0.027502052611288325,0.06878736792157938,0.06795014510760308,0.08365023578470268,0.07532008698624135,0.06668115756497545,0.033978410790249325,0.10804068980751314,0.053798586373315735,0.024443749932193386,0.11040642799179336,0.06342964017040799,0.017823606151939703,0.032558628086608615,0.1098830405946921,0.1013580889018336,0.06293071005107238,0.0030475693296369115,0.0918451384067734,0.016004849889657603,0.10689871689320891,0.07307247952469614,0.0662519401705742,0.030067830923769738,0.07055345506810379
452,97.39410253525217,36.86837046428883,0.07277474443125072,131.70145563644454,108.99581742837961,80.71944132212388,80.67611191507272,60.1527396126366,122.71508975175755,89.0071132151334,77.87356482654724,112.15449392104645,85.9404129853021,154.91183966701445,156.863101688352,81.84454810898534,12.2066772683021,75.46973155836996,94.47433182107419,34.773783516063396,79.4336281831004,151.06302812070822,106.5437116219394,30.143669798957102,155.99748909755183,113.7828429979926,81.55964378980252,96.60874719951825,81.26128948756788,141.4592242062902,152.79618945543314,86.17395531500857,84.51940254108986,0.03848989525676413,0.03997832673153037,0.1575330228746116,0.08394323397459304,0.03249763606911616,0.06090536091875039,0.10137052754530018,0.03902458839757358,0.06449838931151133,0.032771579651779716,0.10921923988922166,0.017463202551637205,0.05873105451700992,0.1811211188527131,0.05678291610631688,0.08686739252513505,0.016618103417194614,0.10853519987254484,0.06953208088574436,0.11418392312576897,0.07617708008761014,0.0689918352541931,0.10103453565930426,0.08153449907065172,0.055799882704129104,0.132287149555235,0.038524396336097465,0.07837343856818155,0.016960030553988068,0.06349269267331478
453,97.3252375703058,36.84081857103585,0.06914798514580704,131.70145563644454,108.33542111284095,80.71944132212388,80.55713110593611,60.1527396126366,121.94663934662177,89.0071132151334,77.87356482654724,112.15449392104645,85.9404129853021,154.91183966701445,156.66019876331254,81.84454810898534,12.2066772683021,75.46973155836996,94.47433182107419,34.773783516063396,79.4336281831004,151.01193177747814,106.53744259830822,30.04238304324259,155.99748909755183,113.78136965737578,81.55964378980252,96.60874719951825,81.15474040489205,141.4592242062902,152.79618945543314,86.12541136733621,84.51940254108986,0.06604668299602996,0.06250629398264468,0.11768079769917826,0.06960150256080472,0.06569751584907128,0.09762504693008862,0.03710014305099282,0.06526971738129221,0.16167585582758698,0.03131096949464455,0.07834712085682091,0.10673271440793801,0.06643434491998414,0.05579165809796207,0.06980814294220647,0.07427619475492056,0.008911445576879624,0.05231449363384065,0.06624210369075319,0.07279236525356328,0.07815486252344872,0.06739509598499255,0.0633557470002334,0.034160788247021,0.03169948869585029,0.046367495707127684,0.15790206675674182,0.03271285044935346,0.059146941822132024,0.07737910728010702
454,97.23195520011349,36.93424486772904,0.05428265630882233,131.70145563644454,108.33542111284093,80.71419139956292,80.53202375585477,59.799485358719764,121.94663934662177,89.0071132151334,77.87356482654724,112.07277205662172,85.9404129853021,154.91183966701445,156.66019876331254,81.84454810898534,12.2066772683021,75.46973155836996,94.47433182107419,33.60532491566308,78.91532273065025,151.01182070851627,106.47733765366729,30.012196869850182,155.9974890975518,113.78136965737578,81.55964378980252,96.60366327177034,81.15474040489205,141.4592242062902,152.7961894554331,85.61720345598195,84.47672290525188,0.023699650336701503,0.015234027434290531,0.0635841537876044,0.029589671583674912,0.07034881245095999,0.03970416518717522,0.020150315671847108,0.025880071735683408,0.08455726280222005,0.1575169789279878,0.10823216872484942,0.04215653799370191,0.019575063326589613,0.029201919563439895,0.03363064702962654,0.0808739502992762,0.014540977371009144,0.028271345501454513,0.06684507168816403,0.028824827724997483,0.02787325905863864,0.11535788340480894,0.035098140784280064,0.017914569198139947,0.07057384560101558,0.02480811744129815,0.06291845864705949,0.10419213973764474,0.07599113292463561,0.11133452332589469
455,97.0750292755307,36.98925122381664,0.06363763110621447,131.70145563644454,108.32699607295878,80.71419139956292,80.3664482306926,57.80100352340221,121.94663934662177,89.0071132151334,77.87355774027175,112.07277205662172,85.9404129853021,154.91183966701445,156.66019876331254,81.84454810898534,11.848760385024354,75.46973155836996,94.47433182107419,33.60532491566308,78.91532273065025,151.01182070851627,106.47733765366729,30.012196869850182,155.9974890975518,112.69638037505749,81.55964378980252,96.60366327177034,81.15474040489205,140.66461123966008,152.7961894554331,85.39472818862693,84.40142905398662,0.024093658444326864,0.01566217746761609,0.03449901597944379,0.11945934576857362,0.03141007887289175,0.026841963027820884,0.06083561730958977,0.06970145442666789,0.07566090344913598,0.1017049375304851,0.11632076139406837,0.11555998247881538,0.0644280556840791,0.017655475867417197,0.10128286847422223,0.030321096862210847,0.008365390770169246,0.030514840109315572,0.06472893265926166,0.019615067300094376,0.0597096572677421,0.042224925937840295,0.02017134304514701,0.1690318544632589,0.0699593621880387,0.06398388539693044,0.12364355562303003,0.08801671639886097,0.038475116395850065,0.1052508925935299
456,97.05206142203039,36.999662207844196,0.06254850136796031,131.70145563644454,108.32699607295878,80.60410270443461,80.3664482306926,57.80100352340218,121.94663934662177,89.0071132151334,77.71562920616313,112.07277205662172,85.9404129853021,154.91183966701445,156.66019876331254,81.84454810898534,11.848760385024354,75.46973155836996,94.47433182107417,33.36738741064141,78.91532273065025,151.01182070851627,106.47733765366729,29.993512171590996,155.83309292506024,112.69638037505749,81.55964378980252,96.60366327177034,81.15474040489205,140.66461123966008,152.7961894554331,85.39472818862693,84.40142905398662,0.10487601722120268,0.010562414801340179,0.013962514901180377,0.0848047497436437,0.06169758418530765,0.012587952353440216,0.03235324006363168,0.0692722842081015,0.066738685515751,0.08058409506980352,0.05039011658685193,0.07912473974181164,0.02205620495374762,0.15318760760871455,0.12974895807895653,0.07068658992020015,0.059327920507843385,0.023273653982313985,0.05932023083495483,0.02507556502336648,0.07050347601346617,0.07141239181288972,0.06160776894077019,0.12623988244992784,0.0554299494893138,0.02349325385331759,0.06256433624712691,0.09322753106849413,0.030319528847484206,0.07202579701385507
457,96.99515360703815,37.006471960554435,0.06410034416322392,131.70145563644454,107.93041560474211,80.60410270443461,79.75528900255796,57.80100352340218,121.94663934662177,88.78112104431504,77.71562920616313,112.07277205662172,85.9404129853021,154.91074085253717,156.56022568515772,81.84454810898532,11.848760385024354,75.46973155836996,94.47433182107417,33.36738741064141,78.91532273065025,151.01182070851627,106.47733765366729,29.967629804569643,155.83309292506024,112.69490703444067,81.55964378980252,96.60366327177034,81.15474040489204,140.66453086145748,152.7961894554331,85.04973358450141,84.40142905398662,0.09314360780753103,0.0739197991157742,0.06621398094177544,0.04484333490829878,0.026618963068856496,0.07487846215771012,0.060317871467657574,0.024973153624915024,0.10752137220996087,0.15977259556813836,0.030853799894234986,0.03869834857305514,0.02094076582765881,0.10260997006707018,0.10656890043294967,0.10809834863003484,0.06721144747242402,0.018248594192138444,0.12452265974885812,0.1697873499449412,0.028067656665146982,0.02656626367628851,0.027364273960781116,0.03550181475984657,0.1207168714491359,0.017156692456388734,0.024660770048249257,0.04971047584276684,0.033397108468518795,0.04012507191561204
458,96.89890739857368,37.066304439816115,0.06445223607123444,131.70145563644454,107.92199056485995,80.5765073405204,79.75528900255796,56.23629492362741,121.94663934662177,88.78112104431504,77.71562920616313,112.0727720566217,85.85527774520756,154.91074085253717,156.51939388778968,81.84454810898532,11.848760385024354,75.46973155836996,94.47433182107417,33.29420166937531,78.45715002367726,150.94885147039537,106.47733765366729,29.767769006214582,155.55234997989277,112.64192499376105,81.55964378980252,96.60366327177034,81.15474040489204,140.66453086145745,152.7819229042378,85.04973358450141,84.38291886284492,0.045817901282708226,0.032958023040380924,0.0950126593824418,0.021523199807478563,0.023483618480595218,0.17103706691818005,0.070099625652491,0.014189307161837406,0.07823678154558947,0.13233223941817623,0.11125533281955065,0.02854035084939249,0.017753576046084005,0.07881463879113768,0.09184737964664452,0.10557715684113683,0.07024595000221914,0.05642681600343563,0.08228875419426002,0.12934388198905689,0.01544700085077808,0.1158672081573681,0.019182082823117553,0.1015465127258895,0.05545249488278555,0.03218492662238659,0.011968521483368081,0.0326867932333563,0.02207456767113304,0.0703727138140539
459,96.78801748925413,37.04566493160855,0.06922918314367026,131.3047010900052,107.92199056485995,80.5165337000744,79.75528900255796,56.236294923627405,121.84022183618255,88.78112104431504,77.71562920616313,112.07277205662169,85.85527774520754,154.7952022710217,156.46810236665053,81.84445476373648,11.848760385024354,75.46973155836996,94.47433182107417,33.29420166937531,78.45715002367726,150.94885147039537,106.47733765366729,29.767769006214582,155.55234997989277,111.66632322989685,81.55964378980252,96.02600368052599,80.11663560463376,140.66453086145745,152.7819229042378,85.0444716055097,84.38291886284492,0.03325915000309537,0.11466467392148155,0.08291105993450965,0.11229673502341779,0.025236748875727626,0.10697105822883093,0.07496901244562719,0.01441116021250844,0.09004974331820759,0.06901024502840661,0.10722415441275676,0.009024172525702924,0.02798166260327105,0.11754291444018206,0.03942354648315783,0.08554729590190599,0.036142140830987234,0.017728651726942053,0.08239420717537146,0.09474521795037372,0.061098263122334254,0.03831585370137638,0.007139002109832258,0.07622403218398886,0.11669640736254733,0.07683789912797473,0.15743810546233789,0.0740678199818532,0.06406994834034238,0.06345461187505652
460,96.68465318883698,37.02146015211481,0.06365403928903696,131.26601032794386,107.464471650027,80.5165337000744,79.69528380129665,56.236294923627405,121.84022183618255,88.4080331915789,77.71562920616313,112.07277205662169,85.85527774520754,154.7952022710217,156.46810236665053,81.84445476373648,11.848760385024354,75.46973155836996,94.47433182107417,32.642761374324174,78.45715002367726,150.94885147039537,106.47270264635452,29.767769006214582,154.40792745130116,111.64173902660187,81.51587394149298,95.72322928146274,80.11663560463376,140.66453086145745,152.7819229042378,85.0444716055097,84.38291886284492,0.060013961982917634,0.0338420703242542,0.03293764671951712,0.1102290001907429,0.06707941351936145,0.07142861645721228,0.03076964721396389,0.057702533660593545,0.0349323535760771,0.11091006735434897,0.07373644031822243,0.05961504430967284,0.06308275641432366,0.09071259820869466,0.026914468056139604,0.029280387759736466,0.02162911415095258,0.10435061862666958,0.06570096521760903,0.08378132906769212,0.06373795782264866,0.0760254073889789,0.057120552640507624,0.07222563311127889,0.13779179984504014,0.11197475664090341,0.08245575549603898,0.03099865731821636,0.027822522102636298,0.020819103176156907
461,96.61691293800388,37.031711046371356,0.057676859914466916,131.26601032794386,107.46447165002698,80.5165337000744,79.69528380129665,56.2362949236274,121.84022183618254,86.53790037496941,77.71562920616313,112.07277205662169,85.85527774520754,154.7952022710217,156.35084880202027,81.84445476373646,11.848726786092659,75.45990915123697,94.47433182107417,32.64276137432415,78.45715002367726,150.94885147039537,106.47270264635452,29.756973313222563,154.40792745130116,111.64173902660187,81.51587394149298,95.72322928146274,80.11663560463376,140.66453086145745,152.7819229042378,85.0444716055097,84.35874941814863,0.10586403869046887,0.1081474979425851,0.019065793850651814,0.08758540498114153,0.034900907084186666,0.03648445945646698,0.014125830938418233,0.11392832190580081,0.07675708635573626,0.06051107848831391,0.015404809505187507,0.017684854014157387,0.07323499973605893,0.04614926452224585,0.052069004472897085,0.014793782687307236,0.04715500120703013,0.04614490155876857,0.021655853096376784,0.07740258381078816,0.0628413425540226,0.06961672244339796,0.016761389914653667,0.06898632134931185,0.09848053775230417,0.063826646169098,0.049094223512156546,0.11233522278495399,0.06405584142633779,0.055242075223183154
462,96.61587436524563,37.030752545411836,0.06163877788583307,131.26601032794386,107.46447165002698,80.5165337000744,79.69528380129665,56.236294923627376,121.84022183618254,86.53790037496941,77.71562920616313,112.07277205662169,85.85527774520754,154.7952022710217,156.34411037775763,81.83675334115995,11.848726786092659,75.45990915123697,94.47433182107417,32.64276137432415,78.45715002367726,150.935103359589,106.46973342125227,29.756973313222563,154.40792745130116,111.64173902660187,81.51587394149298,95.72322928146274,80.11663560463374,140.66453086145745,152.7819229042378,85.0444716055097,84.35874941814862,0.04342558803482872,0.07491111866809852,0.18388075969094697,0.036306931557942304,0.02626570732804142,0.06750018501807611,0.05462824879650038,0.0983905317300974,0.025331310986223404,0.07373728654793088,0.010941251083148659,0.0715016226501555,0.06621502068113043,0.06677056939907976,0.06813267512746835,0.0643047477408936,0.051984212829224184,0.026252876063469953,0.0578160043548524,0.07422918984580575,0.0647273726001292,0.10374348207815284,0.010357597550484737,0.02963246840062702,0.089441664669725,0.0275884379953936,0.07157807195288596,0.04485531934893588,0.06012473875400722,0.10458834509073592
463,96.56164739860988,37.04743963468804,0.044012476803540666,131.26601032794386,107.46447165002698,80.5165337000744,79.69528380129664,56.236294923627376,121.84022183618254,86.53790037496941,77.71562920616313,112.03555466332055,85.85527774520754,154.7952022710217,156.26948504273685,80.66845110956095,11.848726786092657,75.44219415771492,94.47433182107417,32.569575633058044,78.45715002367726,150.935103359589,106.29399321863377,29.713937431547837,154.40792745130116,111.60475180653167,81.51587394149297,95.7232292814627,80.11663560463374,140.66453086145745,152.7819229042378,85.0444716055097,84.3587494181486,0.07211781733642117,0.06145412071470653,0.09988435407946014,0.06842989736249908,0.012517218162236235,0.0646657976526967,0.027013377980285018,0.03932230827464495,0.03166337339147354,0.03915550102256083,0.016423745447462185,0.030683683225804358,0.020555189025817776,0.021056612981301997,0.03695938896761082,0.06048414003299221,0.06325630753112826,0.021392443822726107,0.012702027735984441,0.036173520903907595,0.024563220285971618,0.019679867801618862,0.060651397561895457,0.0606307631602887,0.03429903192570559,0.05942258502217803,0.07666615593340971,0.018540578189272752,0.02912800144219088,0.1008818771319685
464,96.53687500504647,37.03862176384203,0.058352836640200856,130.7949553048277,107.46447165002698,80.51653370007439,79.50460092605313,56.236294923627376,121.84022183618254,86.5379003749694,77.71562920616311,112.03555466332055,85.85527774520753,154.7952022710217,156.26948504273685,80.66845110956095,11.848726786092648,75.44219415771492,94.47433182107417,32.569575633058044,78.45715002367726,150.935103359589,106.29399321863377,29.672859751179043,154.40792745130116,111.60475180653167,81.51587394149297,95.7232292814627,80.11663560463374,140.66453086145745,152.7819229042378,85.00411537733605,84.3587494181486,0.024371755036942968,0.028246308898945416,0.050925367640379124,0.022205559293252557,0.06555715714944044,0.06641232690760403,0.15175106885282724,0.022915692938545125,0.022325123670812262,0.02762871147559193,0.01218900671042751,0.055254023310912316,0.062445163206696956,0.10663134083819847,0.028740402991797705,0.06945082595376974,0.06575648182749289,0.1572128596525791,0.11000112118270809,0.06310279765737378,0.048556930156062175,0.05663875621084911,0.027660945416594675,0.11725999804173365,0.017979735855809253,0.05996350111396544,0.031927839737469474,0.010254486453855259,0.06942593686686845,0.09779387415652088
465,96.45577886648734,37.070118116117854,0.06308557750198152,130.7949553048277,107.46447165002698,80.36608899449736,79.50460092605313,55.13817511434239,121.81763761835128,86.5379003749694,77.56486507149013,112.03555466332055,85.85527774520753,154.7952022710217,156.26948504273685,80.66845110956095,11.848726786092648,75.44219415771492,94.47433182107417,32.569575633058044,78.45715002367726,150.935103359589,106.29399321863377,29.672859751179043,154.4079274513011,110.60456583937247,81.51587394149297,95.7232292814627,80.11663560463374,140.66453086145745,152.7819229042378,84.99333005508745,84.3587494181486,0.1464252235946306,0.017248576874745736,0.02571202566607611,0.01904335670693888,0.03656851192749659,0.06277311371331437,0.10197729648170319,0.06977422496176582,0.015331097603948749,0.1522211616837387,0.10761807083906291,0.01784405781304977,0.05789495811931363,0.08855457265010286,0.021960099679272607,0.025258165962055767,0.06783156787912442,0.1338317729879493,0.04034258897145729,0.07843810990262962,0.12227502954830002,0.06327131713142228,0.021410519329025622,0.07954437536080022,0.055772769384431854,0.06187079157444805,0.01675442442693823,0.061575956622362635,0.08001743271930636,0.043426154944033096
466,96.31082589357119,37.201033964905896,0.0646798997241381,130.7949553048277,106.74849057668388,80.3464713645001,79.50460092605313,55.13817511434239,121.43897602528337,86.5379003749694,77.56485384232258,112.03555466332055,85.85527774520753,154.7941034565444,156.26948504273685,80.66845110956095,11.848726786092648,75.43285111844123,93.8791823479887,30.085291901519778,78.4278911477792,150.935103359589,106.29399321863377,29.672859751179043,154.4079274513011,110.52134190225173,81.51587394149297,95.7232292814627,80.11663560463374,140.66453086145745,152.7819229042378,84.96137026457274,84.3587494181486,0.15099402465647438,0.007511982501895624,0.007690188508746636,0.06564082697829522,0.06542742203591578,0.06680951123416473,0.11509109309298496,0.024853193265700388,0.01561717406945729,0.10417834409651178,0.06188634175322463,0.02002691542981023,0.16502227635014544,0.08136606173877348,0.05385743574878113,0.057850399188052654,0.02229984427434547,0.11997999592969232,0.06557219667343568,0.08147361146411336,0.11235190791994369,0.07857343282520442,0.008612220330442387,0.08074772061672289,0.01742370524092604,0.022395711513562094,0.061078434351622614,0.07369429630954097,0.027902710069282622,0.10446801355637413
467,96.27750000817969,37.227367615781816,0.06338589299668575,130.7949553048277,106.74849057668388,80.3464713645001,79.50460092605313,55.13817511434238,121.43897602528337,86.23927218464547,77.56485384232253,112.03555466332054,85.85527774520753,154.7941034565444,156.26948504273685,80.66845110956095,11.54861984744438,75.43285111844123,93.8791823479887,30.085291901519778,78.4278911477792,150.935103359589,106.29399321863377,29.61792768738839,154.4079274513011,110.31477296840302,81.51587394149297,95.60443424145217,80.11663560463374,140.66453086145745,152.7819229042378,84.94062486945052,84.35874941814859,0.10111456169940429,0.005899253989751524,0.10456467016972729,0.030771349498983448,0.07045785957865405,0.03246221507823391,0.07259463894340616,0.015362948041215217,0.10809133571228709,0.0967952197419495,0.07642804333085865,0.017340437675348173,0.08777929660910384,0.06721795322610769,0.021920185642681347,0.15231998916276368,0.06553241940567729,0.06760950470170898,0.0722980269532362,0.016985236754044564,0.07179153061705805,0.08082275339029082,0.06062593802357302,0.07446719396359974,0.09948173325105526,0.008066260117727594,0.01541576700515627,0.07699251970879478,0.06177720305471093,0.06859074485346316
468,96.13038817447647,37.41970702753075,0.07486332415192361,130.7949553048277,106.74849057668388,80.3464713645001,79.50460092605313,54.8826280957015,121.43897602528335,86.06077895801978,77.56485384232253,112.03555466332054,85.85527774520753,154.7941034565444,156.26948504273685,80.66845110956093,11.548619847444375,75.43285111844123,93.8791823479887,26.69998276399576,78.4278911477792,150.884930549571,106.28642860426547,29.61792768738839,154.4079274513011,110.31477296840302,81.51587394149297,95.60443424145217,80.11663560463373,140.12826265753867,152.7819229042378,84.94062486945052,84.35874941814859,0.0841581988619935,0.16696243933841637,0.07518668761965575,0.11302139989572568,0.0768014341674922,0.06112887471276695,0.0727866074943649,0.0793909007488407,0.07888628819024988,0.0844858551588028,0.1959689928603898,0.05152376885835781,0.10755143064775513,0.028544619537192947,0.05519123317669526,0.10895450804782988,0.10172956068882583,0.08278229473395027,0.034936292570391686,0.07079057929826241,0.11878879630635009,0.11171261544978538,0.0688742731619684,0.07008453618608768,0.03509005174656127,0.006748808729454392,0.013614809391444924,0.034575610691641855,0.025288620921776216,0.030339635364677858
469,96.10578402169321,37.41855955170725,0.07391157296941832,130.7949553048277,106.74849057668388,80.3464713645001,79.50460092605313,54.8826280957015,121.41639180745211,86.06077895801978,77.53685128249089,112.03555466332054,85.85527774520753,154.7941034565444,156.0570454578877,80.29334144075311,11.548619847444375,75.43285111844123,93.8791823479887,26.626797022729654,78.4278911477792,150.884930549571,106.28477320872958,29.612391105064116,154.4079274513011,110.31477296840302,81.51587394149297,95.60443424145217,80.11663560463373,140.12826265753867,152.7819229042378,84.9210140363991,84.35874941814859,0.024870537127712988,0.10919265935407171,0.06798058161081691,0.03736916369953573,0.07564518213864366,0.017432285707102018,0.024761150823099244,0.07709594495612129,0.0366471412869836,0.031284087096623225,0.12733465323666676,0.061679695982085316,0.051223667264806656,0.11074376564985831,0.06759649058689426,0.11821875075914452,0.08743800243681213,0.044106295904080405,0.06801700634872514,0.07628759342666597,0.053674079435984956,0.07459211475240103,0.07187666270827318,0.02447071491014214,0.07462492011723745,0.1501373028294426,0.15616557563102387,0.11850056755096741,0.1125602285798524,0.0658203671707739
470,95.93665377301217,37.38751310779124,0.05546467178787528,130.7949553048277,102.76396072363947,80.3464713645001,79.50460092605313,54.37129658577516,121.0629648768611,86.06077895801978,77.53685128249089,112.03555466332054,85.85527774520753,154.7941034565444,156.0570454578877,80.29334144075311,11.548619847444375,75.42894135999785,93.8791823479887,26.626797022729654,78.4278911477792,150.884930549571,106.28180398362733,29.612391105064116,154.40792745130108,110.314772968403,81.51587394149297,95.60443424145217,80.11663560463373,140.12826265753867,152.56418272091355,84.9210140363991,84.35874941814859,0.05777296142230326,0.04742907758629246,0.030231404949483755,0.061835546128947004,0.0664507700055505,0.008836780076647349,0.0163421214480286,0.031941964062365054,0.024270471395773447,0.02758579286793923,0.11918589401497529,0.021933691876624934,0.0269045667243507,0.09816685506923124,0.032188420232270795,0.03206998170153489,0.04292902237517242,0.039262217971505683,0.016037118474239664,0.08294518702087827,0.02361936297016349,0.035813842079014016,0.06836066704338142,0.11219546347035418,0.0655747193815627,0.10085593040255011,0.12436537309637948,0.07067304422715254,0.06749091902998602,0.11067098653160011
471,95.92360787539374,37.384562824699394,0.06361217781428577,130.7949553048277,102.76396072363946,80.3464713645001,79.50460092605313,54.37129658577516,120.91023355360493,86.06077895801978,77.53685128249089,112.03555466332054,85.85527774520753,154.7941034565444,156.0570454578877,80.29334144075311,11.548619847444373,75.42894135999785,93.6405367426919,26.626797022729654,78.4278911477792,150.884930549571,106.28180398362733,29.612391105064116,154.40792745130108,110.314772968403,81.51587394149296,95.60443424145214,80.11663560463373,140.12826265753867,152.56418272091355,84.92101403639909,84.35874941814859,0.06913279634332438,0.06480928379316164,0.01946991866646259,0.06487966822698828,0.07600386539860524,0.009678550463977621,0.06419155337257618,0.07630195132128333,0.06928688410017793,0.024209430832480103,0.10376072839063555,0.058675748375569166,0.06151156270375785,0.07315697207051776,0.07152429824399362,0.015954362243617678,0.022752710791489127,0.02344755843702668,0.14952639046360852,0.027216709785639788,0.06400868508856383,0.05816896449473821,0.07782880644243002,0.11876126020927286,0.060902974111523206,0.04902717117215165,0.15081440730692047,0.07732729904041721,0.029675143777576206,0.07635967876008604
472,95.84091713649396,37.33642776336026,0.06265390770686341,130.78892213592266,102.23404291753215,80.3464713645001,79.50460092605313,54.37129658577515,120.50898774270574,86.06077895801978,77.53685128249089,111.98508672624517,85.85527774520752,154.7941034565444,155.9663776901103,80.27208293495097,11.54861984744437,75.42894135999785,93.6405367426919,26.626797022729654,77.84044808830215,150.884930549571,106.28180398362733,29.612391105064116,153.6404164200904,110.29688163978886,81.50758819036797,95.60443424145214,80.11663560463373,140.12826265753867,152.56418272091355,84.92101403639909,84.35874941814859,0.018101145465066804,0.07452376862526036,0.09925145912206462,0.11621712317234051,0.07375042753962648,0.05372847486485303,0.07127920738689285,0.03186943847940549,0.06241528143761013,0.06893965658642923,0.027438159077491482,0.0668667415943938,0.021767783772740162,0.07392453656689191,0.07714942573181766,0.07299850161327069,0.01274172593734038,0.02521803044677648,0.04820275983489007,0.10887186455278225,0.1075609834359521,0.021803099158252483,0.036291003009227114,0.043208771634869525,0.032424102130786184,0.10308296067084327,0.08223686677516948,0.11126474905925113,0.06566425577909078,0.07082492774451651
473,95.68807797811459,37.299931500917204,0.056353982762972786,128.77966034846943,102.23404291753215,80.3464713645001,79.50460092605313,54.29564087122501,120.19378488952243,86.06077895801978,77.53685128249089,111.98508672624517,85.8478364078319,154.7941034565444,155.9663776901103,80.27146419643357,11.548619847444364,75.42894135999785,93.6405367426919,25.882744680902604,77.84044808830215,150.884930549571,106.19604289574538,29.612391105064116,153.6404164200904,108.98471269551469,81.50758819036797,95.60443424145213,80.11663560463373,140.12826265753867,152.54991616971824,84.90026864127688,84.35874941814859,0.06508636739830946,0.037873151707607744,0.07536741980643824,0.12234754851511459,0.034079955443714026,0.0680027935591302,0.07602102816663114,0.01784543905200447,0.02615393055334285,0.11983395194367773,0.013960349278995298,0.0799720126236328,0.02581368175942412,0.07438602837863365,0.034551254311133345,0.08363286151000293,0.04775209931001047,0.059097311627461555,0.02503911101065226,0.07662480351723483,0.08528992552819684,0.06932393737652465,0.06417301788021672,0.06906670412374198,0.013692828228675489,0.03619275793745744,0.048849467010094016,0.04633873362324131,0.06854183162929403,0.02570918007858927
474,95.67704739139775,37.30072219244414,0.06286242487904063,128.77966034846943,102.23404291753215,80.3464713645001,79.50460092605313,54.11574956713428,120.19378488952243,86.06077895801978,77.53685128249089,111.98508672624516,85.8478364078319,154.67661944857002,155.9663776901103,80.27146419643357,11.548619847444359,75.42894135999785,93.6405367426919,25.882744680902604,77.84044808830215,150.884930549571,106.19604289574538,29.612391105064116,153.64041642009036,108.98467114574011,81.50758819036797,95.60443424145213,80.11663560463373,140.12826265753867,152.54991616971824,84.86676790161096,84.35874941814859,0.11742390523096771,0.053963102924752857,0.08229280303724161,0.08991565437885463,0.019531430083173547,0.042005771511719234,0.08392892837456978,0.06778822302133623,0.025966464015558563,0.11452415922689467,0.011239328937431427,0.08015681017243961,0.023692629470148375,0.02162421634055329,0.01563235853954725,0.03778655677981539,0.059818273962157706,0.06345656891622002,0.11035508429214934,0.12325580794317591,0.07528157240422885,0.0812725119651792,0.12199571566160972,0.10327437545150332,0.009899272670152646,0.06301906647173072,0.03179681226376705,0.07112623910914427,0.07307691734530958,0.010772185869886817
475,95.62423921966938,37.28050041495548,0.07150487836844116,128.77966034846943,102.22660623842093,80.3464713645001,79.50460092605313,54.11574956713428,119.19991358938833,86.06077895801978,77.53685128249087,111.98508672624516,85.84695454462748,154.67661944857002,155.9663776901103,80.27146419643357,11.548619847444359,75.4289379559218,93.05991662820885,25.882744680902604,77.84044808830215,150.884930549571,106.19604289574538,29.612391105064116,153.6404164200903,108.98323935489786,81.50758819036797,95.60443424145213,80.11663560463373,140.12826265753867,152.54991616971824,84.86676790161096,84.35874941814859,0.16743927643378528,0.013621597620417671,0.07032028984882224,0.16317706135327925,0.06064245298585935,0.05841462083563856,0.13414070289816665,0.06608625221951253,0.02610743332513705,0.09641596805053751,0.018244364260560995,0.07591052929491335,0.11998264410875184,0.0592923251393145,0.01747467116181593,0.06612596179617691,0.11029359038380653,0.03270649593067782,0.11463705029077481,0.11500942429792521,0.1279362795574331,0.027395338994886914,0.0449697787725179,0.02470218864077965,0.011798299161113376,0.10749228186749266,0.01802674190764842,0.11601085688807736,0.027432023179864595,0.05333984984754722
476,95.39345324445974,37.48828353519775,0.06985008678673556,128.77966034846943,101.52600283048292,80.3464713645001,79.50460092605313,48.584109971927596,119.19991358938833,86.06077895801978,77.53685128249087,111.9753910683907,85.84695454462748,154.67661944857002,155.86975357000318,80.23441821574544,11.548619847444359,75.4289379559218,92.72970079648033,25.882744680902604,77.84044808830215,150.884930549571,106.18566149175783,29.612391105064116,153.6404164200903,108.82707853840085,81.50758819036797,95.55322179917042,80.11663560463373,140.12826265753867,152.54991616971824,84.86676790161096,84.35874941814859,0.10782443157754062,0.06152244728483011,0.06328290425875673,0.08791190523587691,0.06673429547214364,0.07085647430682676,0.06422780710817741,0.10875736152335624,0.1159009461815354,0.05807953454773085,0.07031016655054681,0.030262372152015334,0.0894326032429111,0.06442096419943692,0.07166940232288485,0.071101228879915,0.08359958928981819,0.014477284974707134,0.044150647252486436,0.056658601057859734,0.10730969335708412,0.02223765001052905,0.06905560498435187,0.12299384856934567,0.047768296648548536,0.08470057645349918,0.10988186650507586,0.049938372393126235,0.010052492767254477,0.07038323449389536
477,95.3838240537961,37.49029281253721,0.0691431893286186,128.77966034846943,101.52600283048292,80.3464713645001,79.50460092605313,48.584109971927596,119.19991358938833,86.06077895801978,77.53685128249086,111.94599329984972,85.84695454462748,154.67661944857,155.8667832182807,80.23441821574544,11.548619847444359,75.4289379559218,92.72970079648032,25.882744680902604,77.84044808830214,150.884930549571,106.1856614917578,29.612391105064116,153.64041642009028,108.82707853840084,81.50758819036797,95.55322179917042,80.08434841851313,140.12826265753867,152.54991616971824,84.76292116555179,84.23837574068278,0.05170815487326827,0.0779914237697308,0.07006157427387509,0.09060203002360528,0.029893845234522497,0.07717792221251894,0.20079003723353006,0.1187140984308695,0.07566774199516371,0.06350103445862815,0.10839653099221823,0.07756201889309207,0.07574797202995083,0.1121148430579399,0.07977136134187428,0.07777271023858383,0.08347813187634098,0.017590535962127483,0.06528404462039729,0.021521215912436966,0.05476910561536548,0.049748384956552615,0.06857096387575781,0.05863689927061741,0.017885205519750168,0.03472330938107375,0.07355569713882923,0.06728064821570882,0.009286535559325931,0.06449170289490254
478,95.22490463742295,37.5087515858168,0.05492394766589424,128.77966034846943,101.52600283048292,80.3464713645001,79.50460092605313,48.05649499968364,118.18414129456201,86.06077895801978,77.53684005332327,111.88666162062718,84.31651690575195,154.67661944857,155.8667832182807,80.22662344792005,11.531683027481254,75.4289379559218,92.49105519118352,25.882744680902597,77.84044808830214,150.88493054957098,106.1856614917578,29.584682216234892,153.64041642009028,108.82034996509006,81.50758819036795,94.27895644703864,80.08434841851313,140.12826265753867,152.54991616971824,84.72256493737812,84.21639729935502,0.02750400919704881,0.03377087578701315,0.02599987609859198,0.03702186680478296,0.015371716854594281,0.027060372179000487,0.10465011804577862,0.039888687033661926,0.08463354135598002,0.07539801569505229,0.09594866369772284,0.0652143537309566,0.023628242513667908,0.05676801444959361,0.07970857375569355,0.07877634029763281,0.036034294143824495,0.0067013374325041114,0.03136214897801321,0.0651424946851532,0.06884480313008695,0.07519590872910162,0.029702070799183397,0.11918257787184834,0.06541521804945911,0.06629081184482247,0.08522205632302934,0.03246653600571344,0.011942657240897749,0.08287224724641812
479,95.17540368949184,37.48002623389222,0.0568708680151637,128.77966034846943,101.50774505361377,80.3464713645001,79.46294310973397,47.74157572881023,118.18414129456201,86.05234611955184,77.53684005332326,111.88666162062718,84.31563504254756,154.67661944857,155.8667832182807,80.22662344792005,11.53168302748124,75.4289379559218,92.49105519118352,25.882744680902587,77.84044808830214,150.85964511094312,106.1856614917578,29.584682216234892,152.8936700396162,108.54860512710985,81.50758819036795,94.27895644703862,80.08434841851313,140.12826265753867,152.54991616971824,84.66546272226132,84.21639729935502,0.014689629785271762,0.014084052087966994,0.11023526332292996,0.016597822490261316,0.06445121475174939,0.058828023003393945,0.09263339853999746,0.06118031675056191,0.03129334741779013,0.03972573060070189,0.08329608586185312,0.03132995122282094,0.06839808309434857,0.024824224144651158,0.037121403051536536,0.07411631898709288,0.07555919335108044,0.11651009516604835,0.06885789445703916,0.0690553858662994,0.07133106819164434,0.08022705186492898,0.015241979874953498,0.040833491367050716,0.061419623016374034,0.022353760636369117,0.04705226889799066,0.06407295457032168,0.06564696630945696,0.08515944177242576
480,95.08189735962382,37.485763989809946,0.0705776223169858,128.77966034846943,101.1483306220379,80.34647136450009,79.46294310973397,47.74157572881023,116.75515947739694,86.05234611955184,77.53684005332326,111.88666162062718,84.31563504254756,154.67661944857,155.8667832182807,80.22662344792003,11.112125596741734,75.4289379559218,92.49105519118352,25.882744680902587,77.84044808830214,150.85964511094312,106.1856614917578,29.584682216234892,152.8936700396162,108.54860512710985,81.50758819036795,94.16016140702807,80.08434841851313,140.12826265753867,152.54991616971824,84.66546272226132,83.73795612280492,0.20860512804443834,0.06447971647940305,0.0912687105570647,0.11994883791597029,0.07790744930866612,0.11675257691285179,0.07642239009782857,0.029979780327669264,0.078326144929918,0.028678837179971335,0.06597359379002232,0.06907441058980703,0.03495778710691601,0.05537168973720042,0.11542667602662654,0.07196397079005387,0.1458871136663884,0.0933170178379662,0.07957864041590995,0.07172478820890163,0.029672371295940914,0.07308392213903518,0.057997043577815724,0.05757293115724434,0.030252725442906622,0.016593447332602856,0.057561164287742904,0.032104950602849916,0.028538510173302646,0.03830634357655923
481,94.99293707739984,37.528069460027424,0.05852981754727566,128.77913759415748,101.1483306220379,80.34647136450009,79.46294310973397,47.01358303043856,116.68225105885679,86.05234611955184,77.53684005332326,111.88666162062718,84.31563504254756,154.67660740167483,155.86615163145217,80.22662344792003,11.112125596741734,75.4289379559218,91.70286603973597,25.882744680902587,76.90141393531529,150.85964511094312,106.18566149175774,29.584682216234892,152.8936700396162,108.48771474991499,81.50758819036795,94.16016140702806,80.08434841851313,140.04963537739596,152.54991616971824,84.66546272226132,83.73795612280492,0.07643888575014729,0.06598487197583625,0.039614405091759855,0.14435763319358458,0.07919803820064222,0.04576811655716879,0.03135289590711698,0.06894045546787943,0.0759552720289948,0.06343747740843261,0.02293771989831745,0.028197417139982126,0.09932078103291124,0.06904362474360323,0.05715274642360835,0.07118961477995552,0.06636339666938622,0.03993944995925626,0.02646983779762018,0.017641962763143317,0.0688928407710453,0.1168452692168997,0.06262046195052608,0.0716015157301913,0.014443712016497585,0.07869877291487096,0.016392172417801873,0.014055515337224255,0.062373689993325265,0.06066597328054092
482,94.88896270286855,37.42777071904357,0.06970453954196887,128.77913759415748,100.64745936890226,80.34647136450009,79.46294310973397,46.79478674654693,116.68225105885679,86.05234611955184,77.53684005332326,111.88666162062718,84.30819370517189,154.65244228515746,154.34611235757143,80.22662344792003,11.112125596741734,75.25791344875101,91.70286603973597,25.882744680902587,76.90141393531529,150.85964511094312,106.13808163854938,29.584682216234892,152.373933330167,108.44970779101926,81.50758819036795,94.16016140702806,80.08434841851313,140.04963537739596,152.54203988846064,84.60176906110522,83.73795612280492,0.08089501763850027,0.023376470087833712,0.06406982793166524,0.11921048741539603,0.03573244683674806,0.15712384760654907,0.10900505287421056,0.11459488168498705,0.027669361800354196,0.10198506736262646,0.01685896624367255,0.06935360187035705,0.07036435386756723,0.06976409225070068,0.07831025129431883,0.07656844061729684,0.07661392887561254,0.11751028396830145,0.11661256014724863,0.05892476141748488,0.01756999152910997,0.057804375544360284,0.10910189172660219,0.07171604875783327,0.0067217831812416496,0.040058828232673024,0.007591326850613363,0.05716031318628107,0.03038997250350314,0.10847795295541722
483,94.76214598645791,37.39833295884528,0.05788351011417885,128.77913759415748,100.64745936890226,80.34647136450009,79.46294310973397,46.71785500506754,114.92379828749246,86.05162063298707,77.52358636405063,111.88666162062715,84.17276347669684,154.65244228515746,154.34611235757143,80.22662344792003,11.058757063528866,75.25791344875101,91.70286603973595,25.882744680902587,76.90141393531529,150.85964511094312,106.04835624686962,29.584682216234892,152.373933330167,108.44970779101926,81.50758819036795,92.69629044987607,80.08434841851313,140.04963537739596,152.40646805788904,84.52459819855866,83.73795612280492,0.024101599501510564,0.006367102820014874,0.11688890655784248,0.08286954042096649,0.0769224185415683,0.07488912676923842,0.026715658784879297,0.0771741439045884,0.106596601863721,0.03637174633971005,0.06131118295141238,0.07628869876415494,0.014104026793689255,0.0945462526586383,0.10622929257902011,0.1235564811751618,0.07606652437700133,0.05771933700998426,0.06799877780739377,0.023637737001237242,0.0650771329465102,0.027877763733352663,0.038623340748160116,0.06286690717502397,0.0074630712165273715,0.07273055941065197,0.013299567468580856,0.0679310879054925,0.017861009583266828,0.032419706616065726
484,94.6126849302671,37.455382291189224,0.06475021500151916,128.77843177900272,100.62738238594073,80.34647136450009,79.46294310973397,45.922977111574276,114.92379828749246,86.0508111608248,77.52358544186372,110.57726472961485,84.17276347669684,154.65244228515746,154.3432062628127,80.22662344792003,11.058757063528866,75.25791344875101,91.70286603973595,24.52971173924857,76.89309818542823,150.85964511094312,106.04835624686962,29.584682216234892,152.373933330167,108.35031075179883,81.50758819036795,92.69629044987607,80.08434841851313,140.04963537739596,151.60170054048865,84.43505383272563,83.7379561228049,0.011151878204573237,0.058397857651948853,0.12301704514702475,0.03557153355438748,0.03264814493610633,0.04353044021655723,0.09049999890138727,0.07324963442927071,0.09110382685525309,0.07201346845886779,0.11175168380015904,0.03156849080740779,0.059357074754251365,0.07492608691357666,0.12120542111382437,0.05654150213438516,0.026042164905541537,0.06879492201527086,0.08027910733993843,0.015317150747527927,0.12061690314839131,0.11222488928058044,0.10320961569651686,0.03227566832386489,0.04925538120096899,0.028793243800953022,0.0978080242174629,0.03688518470208537,0.07197594660453838,0.01249416018295267
485,94.57576537211865,37.43997669660035,0.05662479537324646,128.59595811078427,100.62738238594073,80.34647136450009,79.46294310973397,45.922977111574276,114.92379828749246,85.71026900619475,77.52358544186372,110.57726472961485,84.17276347669684,154.62894739130792,154.3432062628127,80.22662344792003,11.058757063528866,75.25791344875101,91.70286603973595,24.529711739248565,76.89309818542823,150.85964511094312,106.03154315662428,29.584682216234892,152.2078715427012,108.34883741118202,81.50758819036795,92.69629044987607,80.03608697180756,140.04963537739596,151.4963937360395,84.43505383272563,83.5147965645326,0.05282547750573249,0.02043136698063721,0.12658832614752247,0.058628243627251435,0.05181365955998911,0.029578188416339003,0.028210506176284178,0.06998394214279864,0.08278139544213829,0.16638163510745085,0.05604697272208852,0.05696132921725936,0.07329092485970892,0.020375656246872945,0.08995563073288564,0.030140419974855982,0.014910878017187086,0.11168899706151496,0.025788189201777,0.020903631965844306,0.07866290407004553,0.043172882977602633,0.09461978788678008,0.020961948473264776,0.10951395366096951,0.017670581254118634,0.04015905388703715,0.030532744272623532,0.032927206739739444,0.04323742686907413
486,94.41509982315155,37.41472351310662,0.06192948713980621,128.05408938917452,100.62738238594073,80.34647136450009,79.46294310973397,44.88586052418703,114.92379828749246,85.71026900619475,77.52358544186372,109.11574186286104,84.16532213932116,154.62894739130792,154.3432062628127,80.22662344792003,11.041820243565757,75.25379405937906,91.70286603973595,24.529711739248565,76.89309818542823,150.85964511094312,106.03154315662428,29.584682216234892,151.9575838255555,107.32080623566183,81.50758819036795,92.55419555030201,80.03608697180756,140.04963537739596,151.2639964927993,84.35873819825089,83.49296248793523,0.05930339928142911,0.04943810749635355,0.034060244573914766,0.017639703796231344,0.017241005455284217,0.017877136951653747,0.16325312062230246,0.07684673124627582,0.10659337163492835,0.12220465159425214,0.06875651410318237,0.11702462176839867,0.0223101624639939,0.05747373375530114,0.08182769849418656,0.05949463762928317,0.11519411449455258,0.059177747333133676,0.01813487017109679,0.06166744980814294,0.03318612734499268,0.026769713743843366,0.03747448733361443,0.02634289877858342,0.10022389379228788,0.10859884264194505,0.061740651364909874,0.06944983281361716,0.054377332088919844,0.014201811617575257
487,94.37335211397823,37.421694494570275,0.055232024299937746,128.05408938917452,99.74883892436004,80.34647136450009,79.46294310973397,44.88586052418703,114.92379828749246,85.71026900619475,77.52358544186372,109.11574186286104,84.16444027611674,154.62894739130792,154.34314200584893,80.22662344792003,11.041820243565757,75.1843638283124,91.70286603973594,24.395160975324735,76.89309818542823,150.85798336933465,105.98396330341586,29.557479299238697,151.9575838255555,107.32080623566183,81.50758819036795,92.55419555030201,80.02431394667977,140.04963537739596,151.2639964927993,84.35873819825089,83.41221932641606,0.031044779898915825,0.017149011682692533,0.014689916025727792,0.10755163082592586,0.015512332169878122,0.062398251523585406,0.1081320512682181,0.07854912338443021,0.03967555508501112,0.048087203282929744,0.024195769389825483,0.03091778791751872,0.07598152732509743,0.06604937797468836,0.10436735672330617,0.08085528540822064,0.06866993511367009,0.034454768577261013,0.11518429855813189,0.029286900366765956,0.06000594651193393,0.031388154257664364,0.017543643650258678,0.12638348910204852,0.07853945910398073,0.07863232894924138,0.02534829800798799,0.025080970564896554,0.05704093660521275,0.004244639743106438
488,94.31754100154187,37.40890184209979,0.06238671852150656,128.05408938917452,99.74883892436004,80.34647136450009,79.46294310973397,44.88586052418703,114.52255247659326,85.71026900619475,77.489545441859,109.09872201988611,84.16444027611672,154.6210173756624,154.0646986320708,80.22662344792003,11.041820243565752,75.18436382831239,91.4248675071441,24.025973341373128,76.89309818542822,150.85798336933465,105.98396330341586,29.557479299238697,151.9575838255555,107.32080623566183,81.50758819036795,92.55419555030201,80.02431394667977,140.01752284884168,151.00764085810843,84.35873819825089,83.41221932641606,0.02184422249447684,0.05942645125761315,0.15479962485233184,0.05358532476785511,0.09679328167325713,0.0178142324584631,0.052077536794820634,0.06826368799473373,0.07741573102692566,0.032188601258837254,0.019082047170871114,0.018555177268507004,0.1155185821006585,0.0716753657668962,0.1237856330227421,0.03454495298625169,0.030723843933124318,0.027268335041707115,0.08783177301539394,0.0734778803459541,0.06458682085476845,0.11167592409043282,0.016465587774306074,0.057626442185669396,0.02593495707240803,0.03917915156881118,0.06602433917824976,0.05610960892255534,0.14322141075477596,0.05410502801179914
489,94.30588832475657,37.40663920763932,0.061512899280209865,128.05408938917452,99.74883892436004,80.32247837534449,79.46294310973397,44.88586052418703,114.52255247659326,85.71026900619475,77.48954544185898,109.09872201988611,84.16444027611672,154.5905483031955,154.0646986320708,80.22662344792003,11.04182024356575,75.18436382831239,91.42486750714409,24.0001505043662,76.89309818542822,150.85798336933465,105.98396330341586,29.529770410409473,151.9575838255555,107.32080623566183,81.50758819036795,92.55419555030201,79.9760524999742,139.88580673672146,151.00764085810843,84.35873819825089,83.35061036914162,0.019421330440122394,0.01900201321748385,0.07037744525534798,0.06458380036505931,0.0563906850983497,0.01909925217864723,0.07026314693229016,0.05865032184269887,0.08376272640965514,0.06015824928735924,0.06110371104689377,0.05385860123119298,0.08322248375328094,0.08598459601672047,0.07144343519682353,0.018980591995555265,0.07446117108841925,0.06262177043790015,0.08271463489231695,0.029713256720986916,0.01839144925516129,0.09022067449204942,0.10363232618723295,0.029563086326673507,0.012210253897969184,0.023733913453231184,0.14071228980167258,0.06678300905904098,0.10316497144196701,0.11116178108419332
490,94.13629729049937,37.31724015056497,0.054981858255451724,128.05356663486256,99.30017447171835,80.31552475151953,79.46294310973397,44.88586052418703,111.96218581158362,85.70183616772681,77.4895342126914,109.05804579577222,84.16444027611672,154.51457670798334,154.0646986320708,80.22662344792002,11.04182024356575,75.18436382831239,91.42486750714409,24.0001505043662,76.89309818542822,150.85798336933465,105.98396330341586,29.529770410409473,151.53012387828224,105.82433771015833,81.50758819036795,92.55419555030201,79.9760524999742,139.86360356453193,151.00764085810843,84.35873819825089,83.35061036914162,0.09659417215248224,0.008495517658902923,0.03179218823074167,0.02979952242185637,0.029514627680092782,0.09849007740472826,0.03525831827689814,0.06926305190076398,0.03012668904276918,0.016484478136832518,0.10748144481983785,0.0709020630671379,0.023479066126008048,0.09042380949562523,0.07331868741917032,0.05895688854290959,0.07529172888578382,0.06976041291045587,0.03603487529097389,0.11112181745302939,0.06749143673512242,0.08008380291887232,0.03766963828223653,0.06735415652524748,0.016601354114879265,0.02980549007846627,0.0552804011298566,0.02829877690473876,0.04531830581910355,0.058962948238028216
491,94.10548534563857,37.341227808724085,0.04779278453917908,128.05356663486256,98.8366728512412,80.31552475151953,79.46294310973397,44.88586052418703,111.96218581158362,85.70183616772681,77.4895342126914,109.05804579577222,84.16444027611672,154.51363978162044,154.062069435034,80.22662344792002,11.041820243565748,75.18436382831239,91.42486750714409,23.588927383694276,76.89309818542822,150.85798336933465,105.98396330341586,29.529770410409473,151.53012387828224,105.82433771015833,81.50758819036795,92.55419555030201,79.9760524999742,139.86360356453193,151.00764085810843,84.31267071697575,83.35061036914162,0.07217385250497474,0.06074655465471304,0.019084949396405895,0.01613346204352524,0.027599101934200756,0.03471360448536836,0.019967741586491637,0.03978650051403053,0.017691024038025846,0.06934154437804899,0.030078444637526326,0.07304514214839139,0.013399076421900226,0.022203564450691653,0.032577354117545906,0.08131040980092867,0.019178056572171486,0.024768170890267192,0.021868718907497624,0.11337640474816409,0.11315336949467811,0.027131148225564998,0.07179840351410066,0.11480035457574865,0.057856895492938515,0.020577947709854185,0.07222925123368686,0.05236901891341592,0.03135245515343349,0.06347101363108147
492,93.94839100278892,37.179688781534004,0.057765012331935546,127.87032560004315,98.8366728512412,80.31552475151953,79.46294310973397,44.88586052418703,111.50436572620619,85.70183616772681,77.42876941180086,109.03728992811514,84.16444027611672,154.46157818172543,154.05999203175952,80.22662344792002,11.041820243565748,75.15990025901677,91.35005568170257,23.588927383694276,76.81735426760282,150.8579833693346,105.98396330341583,29.529770410409473,148.726107063822,105.82433771015833,81.50758819036795,91.84707991523905,79.92764732849842,139.86360356453193,150.82371447797595,84.2950445370948,83.35061036914162,0.03677105162599377,0.07134409175278543,0.149984041458498,0.049785219625884745,0.07804499116122064,0.06804987663197308,0.16850025501116833,0.020452407284055955,0.1280269495550544,0.11657235786784567,0.009954161012831959,0.03718220184623672,0.019192348407252823,0.013789637608863807,0.01486532013437698,0.041845800895884855,0.011611243178647921,0.00983270192183008,0.03085324321800391,0.11488570181624692,0.07518492992388948,0.01930717526216108,0.10639280216455756,0.08312448944730368,0.015927971580549087,0.027730949204111694,0.07366023321618587,0.06330535196758445,0.015313223730349431,0.061459641446717506
493,93.76446432139905,37.21007368296986,0.07233999072055544,127.87032560004315,95.95928990068377,80.27120146229272,79.46294310973397,43.551069373029996,110.40539038074593,85.7018361677268,77.35954973934486,109.03324442513463,84.16444027611672,154.4615781817254,154.05686556338492,80.22662344792002,11.041820243565748,75.15990025901677,91.35005568170256,23.588927383694276,76.81735426760281,150.8579833693346,105.98396330341583,29.529770410409473,148.7110300426536,105.82433771015833,81.50758819036795,91.84707991523905,79.92764732849842,139.86360356453193,150.75285543766043,84.2950445370948,83.35061036914162,0.06753227096250332,0.02487097613959833,0.11664785929186608,0.20615167825869435,0.07676433859961547,0.023263159936996177,0.07772269022910329,0.05026431593670587,0.07149215006270387,0.10225565338029795,0.06296678031589976,0.06379791855499475,0.11894201635342505,0.11474223793715793,0.10188414197086056,0.01887244683964977,0.15997447945851181,0.007135838214809472,0.1053021142308651,0.04581507947758696,0.12663553039038528,0.1259131060373029,0.04814135596523908,0.027808096692121517,0.008914078776368281,0.06837935765682514,0.030392933101945574,0.022427574429345325,0.06385265099651681,0.031336891418768026
494,93.51578248191012,37.13697524474776,0.06838453602324995,127.87032560004315,94.00515813720193,80.27120146229272,79.46294310973397,43.551069373029996,107.12358551902007,85.7018361677268,77.35954973934486,107.8107961450369,84.16444027611672,154.35200975706857,154.05469125531184,80.22662344792002,11.041820243565748,75.15990025901677,91.35005568170256,23.588927383694276,76.69658551245308,150.8579833693346,105.98396330341583,29.529770410409473,148.51199541203405,105.75472814051109,81.50758819036795,91.84707991523905,79.72631036623845,139.85369420816718,150.75285543766043,84.2950445370948,83.06094209655068,0.06782843592358828,0.05509199949087305,0.0851971337213456,0.10112318450940237,0.03634414407609175,0.014297806695501946,0.0828824594777428,0.013692874532874457,0.03948479509099436,0.12644991558582874,0.06886428779728145,0.03646213240796373,0.11255085240969159,0.14997890693869598,0.12250035538592491,0.062956053354524,0.08501696781306936,0.10278877562987593,0.11854811625975681,0.028148296065740187,0.1421829322971401,0.08745115067658837,0.02336079239090199,0.0634200659310021,0.014473699505765375,0.036232047485889554,0.013699913935621293,0.06339265691150225,0.031856167955199126,0.06525916044112096
495,93.41319267963699,37.08479741543502,0.0678327871781338,126.38949932103633,93.66628411858431,80.27120146229272,79.46294310973397,43.551069373029996,107.12358551902007,85.7018361677268,77.06341365888538,107.27282012086476,84.16444027611672,154.26462511076213,154.05469125531184,80.22662344792002,11.041820243565748,75.15990025901675,91.35005568170256,23.588927383694262,76.66430847006438,150.8579833693346,105.98396330341583,29.529770410409473,148.51199541203405,105.67068639466983,81.50758819036795,91.63526664696424,79.72631036623845,139.85369420816718,150.75285543766043,84.2950445370948,83.05257713342368,0.029576964137335484,0.014116006014903381,0.02648592383112368,0.0820572176931314,0.025131243046979897,0.059174134970789716,0.08589533502794322,0.014007348464738245,0.020555514051435256,0.10506983511659981,0.08352087023193017,0.02099898883619047,0.058049534695441746,0.1043606357185153,0.14004429809620406,0.16510593743016147,0.07124890401871119,0.0832471096148834,0.15209448562961048,0.014630857467162976,0.06762359879747463,0.0805955751160222,0.015084633506772966,0.11989126922861097,0.05930756644371424,0.06565228744412839,0.058219981829312345,0.06393489406378532,0.07031865790000182,0.07898400692039965
496,93.35337335120586,37.11314451090072,0.06001707255107247,126.38949932103633,92.65482483840874,80.27120146229272,79.46010842038963,42.99531602442871,107.12358551902007,85.7018361677268,77.06341365888538,107.27282012086476,84.16444027611672,154.26462511076213,154.0536887408573,80.22662344792,11.041820243565748,75.15990025901675,91.33327634201893,23.588927383694262,76.66430847006438,150.8579833693346,105.98387701043814,29.505264583618906,148.51199541203405,105.67068639466983,81.50758819036795,91.63526664696424,79.72631036623845,139.85369420816718,150.75285543766043,84.2950445370948,82.87041857251778,0.0657442069540099,0.009469299159904895,0.05450452661240091,0.024994810916183823,0.06537144597591887,0.016236882464431144,0.08438520082283796,0.06464196917209354,0.12173948463483689,0.04943648465088636,0.04123276251403245,0.007255268954345884,0.06094410955148139,0.1164440862297616,0.0904506851983653,0.06849572010167536,0.08092294673644121,0.08433824023732976,0.05332914626594347,0.018832943721256278,0.06772145708223824,0.03651414695819494,0.07442759670233715,0.09218477073625289,0.024305222371263493,0.12431864720701352,0.0693136896474354,0.026541185152536034,0.08399402305107881,0.02242121674968699
497,93.2268534014337,37.1064294945579,0.0563315608083048,126.38949932103633,90.08847390091476,80.27120146229272,79.46010842038963,42.937460696768156,106.7683540761064,85.7018361677268,77.06341365888537,107.25071904030929,84.16444027611672,154.2580109814813,153.93583560324998,80.22662344792,11.041820243565748,75.15990025901675,91.27577818768874,23.411241616857808,76.66430847006438,150.8579833693346,105.98387701043814,29.505264583618906,148.23690842325632,105.67068639466983,81.50758819036795,91.4936394199974,79.72631036623845,139.84723305987916,150.75285543766043,84.28381138464088,82.87041857251778,0.06559034842332755,0.06506793614580794,0.0722889397688724,0.06210059257326829,0.02017976515394947,0.015977150745929744,0.033655212710778856,0.033933922107320484,0.1457928119613674,0.034636642449679546,0.0200134457731836,0.09812867849009546,0.014470767067714791,0.050174093268329015,0.04770156113560854,0.07476771436961686,0.02661864337030971,0.07972187045512569,0.02668650348526522,0.10573318416507357,0.022353895659757442,0.02334117713015228,0.0736158682056984,0.07837393548319431,0.059990343001664975,0.07043952919868743,0.03439934247579214,0.10009371816055951,0.07273219556744896,0.06136703574556391
498,93.11759544760125,37.119728465818746,0.05424604456181973,126.25412403377466,90.08847390091476,79.40864703340308,79.46010842038963,42.928952252669355,106.43013613174283,84.218651872126,77.02936242971303,107.25071904030929,84.13079091259942,154.2024089085737,153.93583560324998,79.9532654505356,11.041820243565745,75.15990025901675,91.27577818768874,23.411241616857808,76.66430847006438,150.8579833693346,105.97245150146958,29.505264583618906,148.23690842325632,105.64750751781811,81.50758819036795,91.4936394199974,79.72631036623845,139.82859989392227,150.75285543766043,84.28381138464088,82.87041857251778,0.07528223515156099,0.02982807143934664,0.03709457811812525,0.06136105064597355,0.009819853812658635,0.022301454387382954,0.0269418825248319,0.06915482095548643,0.07578839406796128,0.10843698451585944,0.008087909106542827,0.035045688825383406,0.10381953306889508,0.06441936767417168,0.025961245654121237,0.028928724908192188,0.056826579324287155,0.07654394040880035,0.05841927144773767,0.16467622870566345,0.010930596478064995,0.06547878420328021,0.029779100296020402,0.033888583595901495,0.11133092545086026,0.0788353527610361,0.02432990085240418,0.08634440094739884,0.02898785704323093,0.018738020483412485
499,93.05047491307651,37.130008378194596,0.06723204610626184,125.4831444658554,90.08847390091476,79.40864703340308,79.46010842038963,42.237865709789425,106.43013613174283,84.218651872126,77.02936242971303,107.22343165445614,84.13079091259942,154.2024089085737,153.92797817421783,79.9532654505356,11.041820243565745,75.15990025901675,90.87995706716805,23.367826653952218,76.66430847006438,150.8579833693346,105.97245150146958,29.505264583618906,148.23690842325632,105.62961618920397,81.47131460791576,91.4936394199974,79.72631036623845,139.82859989392227,150.72985132209595,84.28381138464088,82.87041857251778,0.0763925052603883,0.01632182185572168,0.016715214768031204,0.06720739156100576,0.010592785480747548,0.017486737499097692,0.102073533088614,0.068760250756197,0.07790160732738295,0.056217111334362996,0.11589710114608155,0.10800101443261242,0.06817867197631915,0.20270300857004167,0.01757197061015898,0.023242487709802025,0.06542283698290212,0.12035391233142814,0.07456671283639511,0.09119300348343963,0.2084697864472873,0.07138300883196552,0.01154977577838532,0.05714731027328954,0.050061253500965755,0.0373385927934194,0.015826080266743883,0.08284561168184623,0.020465985274058317,0.06507429932916389
