Generation,Best_Mean,Best_Std,Div_Mean,Best_Seed_0,Best_Seed_1,Best_Seed_2,Best_Seed_3,Best_Seed_4,Best_Seed_5,Best_Seed_6,Best_Seed_7,Best_Seed_8,Best_Seed_9,Best_Seed_10,Best_Seed_11,Best_Seed_12,Best_Seed_13,Best_Seed_14,Best_Seed_15,Best_Seed_16,Best_Seed_17,Best_Seed_18,Best_Seed_19,Best_Seed_20,Best_Seed_21,Best_Seed_22,Best_Seed_23,Best_Seed_24,Best_Seed_25,Best_Seed_26,Best_Seed_27,Best_Seed_28,Best_Seed_29,Div_Seed_0,Div_Seed_1,Div_Seed_2,Div_Seed_3,Div_Seed_4,Div_Seed_5,Div_Seed_6,Div_Seed_7,Div_Seed_8,Div_Seed_9,Div_Seed_10,Div_Seed_11,Div_Seed_12,Div_Seed_13,Div_Seed_14,Div_Seed_15,Div_Seed_16,Div_Seed_17,Div_Seed_18,Div_Seed_19,Div_Seed_20,Div_Seed_21,Div_Seed_22,Div_Seed_23,Div_Seed_24,Div_Seed_25,Div_Seed_26,Div_Seed_27,Div_Seed_28,Div_Seed_29
0,184990110.02682838,32257874.158600334,0.0,192915721.62225488,165525941.8666423,166809654.08281368,233769153.39618653,114676632.61540245,157761621.2022519,178858862.4523916,137876529.9989493,230690872.61875167,179671719.0922089,186315128.07576936,195982406.8055367,246015677.1036548,154095682.95318323,239574680.94818127,172207232.31516713,158396856.9846502,152915252.12262893,158784553.14248997,175404374.46518266,151404705.67715278,187544032.89411455,214740899.2802691,206339495.17362466,169969385.50674695,243484214.55111307,190959849.58504784,197930075.61820835,217336245.29122534,171745843.36305228,0.0,0.0,0.0,0.0,0.0,0.0,0.0,0.0,0.0,0.0,0.0,0.0,0.0,0.0,0.0,0.0,0.0,0.0,0.0,0.0,0.0,0.0,0.0,0.0,0.0,0.0,0.0,0.0,0.0,0.0
1,159795109.47229588,30903789.402018838,0.0,192915721.62225488,164835279.5111523,156450542.1745943,194806814.7861107,114676632.61540245,157761621.2022519,166719687.3998087,114464016.85415412,190514319.09264436,146053134.5237553,144751600.05778003,195379215.75588056,186664361.5903175,152065435.46277887,151811987.89548564,163721061.30105504,158396856.9846502,145365568.29036826,143926464.32152116,169236200.31943905,151404705.67715278,54892525.795256115,155448607.59184197,206339495.17362466,169969385.50674695,159195212.06790394,190959849.58504784,119105848.46702108,204275289.17982408,171745843.36305228,0.0,0.0,0.0,0.0,0.0,0.0,0.0,0.0,0.0,0.0,0.0,0.0,0.0,0.0,0.0,0.0,0.0,0.0,0.0,0.0,0.0,0.0,0.0,0.0,0.0,0.0,0.0,0.0,0.0,0.0
2,123904787.79588681,28471489.431154747,0.0,162519261.35843906,89725591.9541302,132957758.57952826,133757742.16329633,88822925.70778283,142220839.63011974,137109695.1511632,114464016.85415412,167917125.62355676,66193119.230800636,110040817.03398007,131514033.35763529,123186136.089547,149975803.38632873,120427814.02840531,115564894.43156087,109024301.50867988,93171627.62383571,112045978.92007548,134101477.3050244,124366311.88497326,54892525.795256115,148676360.98412836,143418611.25563374,136441161.57536665,149320063.1773702,159719388.28211915,69555905.01153053,147053793.3744951,148958552.5976878,0.0,0.0,0.0,0.0,0.0,0.0,0.0,0.0,0.0,0.0,0.0,0.0,0.0,0.0,0.0,0.0,0.0,0.0,0.0,0.0,0.0,0.0,0.0,0.0,0.0,0.0,0.0,0.0,0.0,0.0
3,91939616.61038347,20143523.364545994,0.0,120217673.8653974,80261447.73051362,106965647.62906213,114011476.98155119,86768802.38078883,87899053.59172025,88461974.7625649,95899321.27998786,114629529.60745981,66193119.230800636,81560652.19213328,131514033.35763529,74763352.93129987,110274063.8373461,84298123.36976127,88854974.01022021,91652348.56102763,81089226.90738288,93563491.35057692,106426013.93398876,71724936.78798893,54892525.795256115,70231658.49483556,88649595.34411038,52085050.05775929,95581899.66889253,130005821.95094267,68838260.64518626,114920961.56807573,105953460.48723781,0.0,0.0,0.0,0.0,0.0,0.0,0.0,0.0,0.0,0.0,0.0,0.0,0.0,0.0,0.0,0.0,0.0,0.0,0.0,0.0,0.0,0.0,0.0,0.0,0.0,0.0,0.0,0.0,0.0,0.0
4,75484924.17088366,14140516.277090086,0.0,76065553.11635825,59369839.15951463,96155201.68389195,94689639.82694595,72236895.79834227,58936964.48049498,88461974.7625649,81142388.86896037,93281578.55481392,60108954.3798537,81560652.19213328,96190887.68103193,65589649.35849827,89014013.20109321,68818542.1883654,72590882.90355502,65541418.75645679,81089226.90738288,81270387.8316278,82645512.45771949,71724936.78798893,54892525.795256115,70231658.49483556,74542720.04862069,48878351.54437529,73066419.07312787,112213921.33795369,66642359.697528414,65952540.40447442,61642127.8327435,0.0,0.0,0.0,0.0,0.0,0.0,0.0,0.0,0.0,0.0,0.0,0.0,0.0,0.0,0.0,0.0,0.0,0.0,0.0,0.0,0.0,0.0,0.0,0.0,0.0,0.0,0.0,0.0,0.0,0.0
5,60982984.40415131,13341235.651928183,0.0,61636880.735721074,59369839.15951463,59582648.27745445,80866530.62720226,63437782.41857168,58936964.48049498,52130589.129136615,62720818.19443618,84093357.74423862,33119845.362062953,65694254.85429558,80070910.44412078,58262501.20316671,60818176.47302014,57521290.31631277,45918200.31897212,54773700.40559583,63618010.727001905,54838145.07814558,66220162.01879469,64168945.93445103,45561704.60868967,53372333.12025035,53230560.35047785,48878351.54437529,55057016.06533477,107581269.97227108,56681534.24236164,65952540.40447442,55374667.913593486,0.0,0.0,0.0,0.0,0.0,0.0,0.0,0.0,0.0,0.0,0.0,0.0,0.0,0.0,0.0,0.0,0.0,0.0,0.0,0.0,0.0,0.0,0.0,0.0,0.0,0.0,0.0,0.0,0.0,0.0
6,47498037.44084672,10775660.06319165,0.0,42898120.07036638,51672901.069105044,53238150.901237704,61016805.010195486,38971705.64211741,37394212.59070997,51346161.644711696,34302011.075628124,73610196.51105867,33119845.362062953,41160011.71940979,66201429.27131325,43705351.73349419,51381281.40409833,33906732.582184084,38292592.49502904,53661068.998477265,41114548.54485185,41514400.96195625,42922094.434341595,50690565.00772126,39064093.8166703,51870094.5006603,50070440.431988776,31278820.040295415,44495732.69808092,74567345.76587759,47667251.27930737,52833129.69668555,50974027.96576534,0.0,0.0,0.0,0.0,0.0,0.0,0.0,0.0,0.0,0.0,0.0,0.0,0.0,0.0,0.0,0.0,0.0,0.0,0.0,0.0,0.0,0.0,0.0,0.0,0.0,0.0,0.0,0.0,0.0,0.0
7,39109348.12963837,11544164.245605825,0.0,41142904.465135515,33934474.97726569,37773204.91299185,53089456.395470455,31951637.245010544,24425826.9046799,48644783.42847796,34302011.075628124,66599352.30237698,22771177.238621455,35912350.39302383,54373354.94085612,31524664.876294907,41843622.03708209,26666195.38917504,36947468.86178138,39559585.73694624,34303426.70154625,29152876.93606002,29373384.824577577,49390112.82671103,35890473.2716796,35807847.97441003,33121398.47477861,31278820.040295415,38765737.814928375,73585319.58357483,27457708.95566683,49408753.90430464,44282511.39979959,0.0,0.0,0.0,0.0,0.0,0.0,0.0,0.0,0.0,0.0,0.0,0.0,0.0,0.0,0.0,0.0,0.0,0.0,0.0,0.0,0.0,0.0,0.0,0.0,0.0,0.0,0.0,0.0,0.0,0.0
8,30040095.059784394,9516175.811223675,0.0,32219612.31458837,30769388.75635489,22707483.21428099,45908017.581137255,13381768.341721863,22054724.76456157,42872677.27223639,22500406.461145304,36104699.9240696,21479669.900618542,24783722.941879716,41369050.165013656,27583241.64770678,41843622.03708209,23456324.77109063,29925655.544728093,38291412.12124084,25228749.36486316,16610835.683113232,19723804.210238528,19229871.38175847,34503021.16155184,31258207.908551052,33121398.47477861,21921446.746188734,22801760.459841203,51069321.7727478,25879681.21660197,45244804.11653931,37358471.53730104,0.0,0.0,0.0,0.0,0.0,0.0,0.0,0.0,0.0,0.0,0.0,0.0,0.0,0.0,0.0,0.0,0.0,0.0,0.0,0.0,0.0,0.0,0.0,0.0,0.0,0.0,0.0,0.0,0.0,0.0
9,25384889.48175685,6769166.68555437,0.0,31935750.436218668,25577297.732048463,22707483.21428099,33573846.41054519,13381768.341721863,20062953.91468885,37634251.99827216,19118118.192201525,35614433.37509972,16983332.40251363,23665086.607509468,33684932.35283609,22282011.557178505,24283011.114351593,22793890.094107654,21778342.395112522,27896604.577689316,25228749.36486316,15934854.960404674,11618875.44349376,19229871.38175847,27399036.58829508,27259075.944630418,31233897.14968614,20494907.596198957,22801760.459841203,34374167.085096985,25879681.21660197,35562917.12073051,31555775.424728036,0.0,0.0,0.0,0.0,0.0,0.0,0.0,0.0,0.0,0.0,0.0,0.0,0.0,0.0,0.0,0.0,0.0,0.0,0.0,0.0,0.0,0.0,0.0,0.0,0.0,0.0,0.0,0.0,0.0,0.0
10,21082157.489555556,5847939.8661377365,0.0,25182318.893936954,19874254.62118902,21204598.71104788,32713475.08371125,12196299.458616586,20062953.91468885,31821760.554221064,17344410.308674645,26986634.895174846,15054659.185049355,17899686.17923633,24707447.576844774,19429136.106412336,20316682.842075154,18405649.247385643,21778342.395112522,17810798.64490458,20011481.256496195,12783311.996899448,11618875.44349376,19229871.38175847,23686729.977401756,16790233.541817684,22449526.428018983,17442282.766256165,21843748.38333553,31585809.229436733,12531733.180952648,28146237.05778958,31555775.424728036,0.0,0.0,0.0,0.0,0.0,0.0,0.0,0.0,0.0,0.0,0.0,0.0,0.0,0.0,0.0,0.0,0.0,0.0,0.0,0.0,0.0,0.0,0.0,0.0,0.0,0.0,0.0,0.0,0.0,0.0
11,16971913.19522126,4978405.397567942,0.0,20255595.266866054,15015379.323816903,13218410.329298541,26549024.574374948,8350994.665009161,6606219.920254079,23159760.33659118,14670293.22747745,20556331.309269864,12427481.152297676,17899686.17923633,22436149.715402037,15043875.704193488,20312755.523367,15760861.244626163,17618136.06282755,14550099.445791582,17360106.517260205,12783311.996899448,8995786.658603188,15250575.747494334,19638644.255198304,16790233.541817684,20883446.60794592,17442282.766256165,12695495.74186408,26418339.707684997,11620779.07074754,20377850.145144302,24469489.11902175,0.0,0.0,0.0,0.0,0.0,0.0,0.0,0.0,0.0,0.0,0.0,0.0,0.0,0.0,0.0,0.0,0.0,0.0,0.0,0.0,0.0,0.0,0.0,0.0,0.0,0.0,0.0,0.0,0.0,0.0
12,13964243.972845735,4900348.24461067,0.0,18016138.797640182,14236357.500088118,13218410.329298541,24525570.342399817,8021464.951850699,5574825.294736247,19158721.61073251,7220600.91472592,15742475.168928867,10047120.668293264,11799520.365917213,22436149.715402037,14739393.145319322,16582044.808719259,13875093.94253213,9869991.04266371,10060660.975000143,15843409.767296063,9522803.270806605,5530517.99650973,14458885.447389483,16843443.774011306,12085765.48059544,16955661.711814485,12055546.677202106,12681890.834020657,22977161.13445269,8070926.593873261,17078415.26060797,19698351.662544284,0.0,0.0,0.0,0.0,0.0,0.0,0.0,0.0,0.0,0.0,0.0,0.0,0.0,0.0,0.0,0.0,0.0,0.0,0.0,0.0,0.0,0.0,0.0,0.0,0.0,0.0,0.0,0.0,0.0,0.0
13,11379167.947598998,4322390.944481677,0.0,16521663.605291814,10922551.624379357,12513568.725564398,19193765.97815921,5234951.016901968,5574825.294736247,12578094.304044727,7056133.55140397,15742475.168928867,9380046.415697686,11321604.640592728,16396811.637775166,9790981.610626573,13331754.450866975,10885774.211544167,8738181.845968276,4787595.91603361,10867770.31728432,8279342.897878876,5530517.99650973,10714120.98423054,8290653.360736502,11826507.750102429,13761275.954566631,9334001.417937469,11248205.497626849,21820823.212748963,6168465.2434071945,13951060.580610557,19611513.215814184,0.0,0.0,0.0,0.0,0.0,0.0,0.0,0.0,0.0,0.0,0.0,0.0,0.0,0.0,0.0,0.0,0.0,0.0,0.0,0.0,0.0,0.0,0.0,0.0,0.0,0.0,0.0,0.0,0.0,0.0
14,9306265.920754353,3359821.705383449,0.0,13909180.569003826,10128422.523111131,9943963.117070664,13797201.810107073,3817394.2911818544,5317714.638948902,12234999.670563113,6536002.886673755,8847819.356053287,6212851.237852872,8834553.638461767,15215979.940543063,9790981.610626573,12095024.68404994,9334634.225637225,8738181.845968276,3283065.3077859003,6648039.399161439,6531845.477273103,3733870.321062199,9729284.047999792,8290653.360736502,9119182.795297977,13052472.963489894,5990066.421542567,11248205.497626849,13631181.311361969,6168465.2434071945,11963918.940165035,15042820.489866884,0.0,0.0,0.0,0.0,0.0,0.0,0.0,0.0,0.0,0.0,0.0,0.0,0.0,0.0,0.0,0.0,0.0,0.0,0.0,0.0,0.0,0.0,0.0,0.0,0.0,0.0,0.0,0.0,0.0,0.0
15,7563320.721483541,2935693.456950318,0.0,10032569.031838188,6442938.655501356,7904048.044714256,13797201.810107073,2839186.7156010973,4416436.199295674,9120398.967009237,5571444.510787338,7639645.55444166,5825856.443198824,3611661.553212573,14181768.42590755,8472117.143158743,9345035.743000787,8076875.521255708,7582941.553296479,3283065.3077859003,6501420.342780285,5182565.544338666,3389408.720629971,7698601.035467295,8290653.360736502,6509667.776871745,8134175.94593775,5990066.421542567,7492261.800347871,13284511.524998501,5987910.353822454,7767899.777830278,12527287.85908991,0.0,0.0,0.0,0.0,0.0,0.0,0.0,0.0,0.0,0.0,0.0,0.0,0.0,0.0,0.0,0.0,0.0,0.0,0.0,0.0,0.0,0.0,0.0,0.0,0.0,0.0,0.0,0.0,0.0,0.0
16,6276990.952915287,2484300.935206559,0.0,8788897.624833737,5728800.95402896,6529747.922988371,12342671.824204186,2839186.7156010973,3909621.3544930546,7234257.58135132,5360898.384383638,6162056.401476196,4192473.040578565,3611661.553212573,8915668.591337375,7740222.0471601095,8340281.834774795,7452594.35391096,3418474.578299021,3283065.3077859003,5855059.444221826,5080302.530925434,2319274.107381889,4756482.048397781,6515013.103420219,6383962.2669408135,5581516.895654497,5024308.497092868,7492261.800347871,11909130.316484978,4660515.436600829,5962042.092956602,10919279.976613129,0.0,0.0,0.0,0.0,0.0,0.0,0.0,0.0,0.0,0.0,0.0,0.0,0.0,0.0,0.0,0.0,0.0,0.0,0.0,0.0,0.0,0.0,0.0,0.0,0.0,0.0,0.0,0.0,0.0,0.0
17,5144594.827156613,2159329.1656969925,0.0,8251510.960622625,4513068.731105781,5022586.134889318,9526371.104026355,2065490.6825847928,3900696.369506409,6293766.747762481,4640488.088604807,6159821.312187343,2657962.8588996488,2288447.503143619,7766856.939570444,6643182.755345837,5853253.262433905,4807379.952894951,3418474.578299021,2990625.7757496424,4436681.624062685,3021535.4146176702,2319274.107381889,4756482.048397781,6515013.103420219,4899680.6284424905,5319214.33407348,4936614.343716451,5891237.696144344,11153223.326228857,3821487.476925026,2814822.3664704,7652594.587190108,0.0,0.0,0.0,0.0,0.0,0.0,0.0,0.0,0.0,0.0,0.0,0.0,0.0,0.0,0.0,0.0,0.0,0.0,0.0,0.0,0.0,0.0,0.0,0.0,0.0,0.0,0.0,0.0,0.0,0.0
18,4077531.07333142,1491499.9390722788,0.0001260055001753501,6894102.357358806,4513068.731105781,4329177.391703494,6095732.389517434,1654114.27209064,2926580.377703418,3050381.1789385993,3985113.8156489297,3574792.3668706496,2524167.656975215,1927432.8079222506,4990926.781844148,4149692.28428548,3688881.57838218,4807379.952894951,3418474.578299021,2893577.562730548,3944459.674781187,2713379.9899339736,2017678.5707928485,4024073.043661039,4483884.60323446,4533140.521851232,4820069.977030871,3845672.041417108,5142572.640242327,8477378.881227896,3622500.4434363004,2749781.372392242,6527744.355669594,0.0,0.0,0.0,0.0,0.0,0.0,0.0,0.0,0.0,0.0,0.0,0.0,0.0,0.0,0.0037801650052605032,0.0,0.0,0.0,0.0,0.0,0.0,0.0,0.0,0.0,0.0,0.0,0.0,0.0,0.0,0.0
19,3525100.1629628073,1412457.7140646765,0.0,5826027.8834227985,4111558.074552543,2738097.6541851894,6095732.389517434,1608619.656535395,2921027.6872814945,3050381.1789385993,3517448.5367608466,3574792.3668706496,1948000.6156214622,1922263.5186259926,4990926.781844148,3587169.5181875597,3688881.57838218,3695407.4782710755,2844461.2437467435,2152739.5627720784,2901515.7614834565,2496841.941228706,1641635.498748168,3853472.005515823,3664379.3480614047,3413998.2192918067,3998589.2290919507,3254184.906582061,4213665.517764355,8477378.881227896,2394731.650820697,2749781.372392242,4419294.831159476,0.0,0.0,0.0,0.0,0.0,0.0,0.0,0.0,0.0,0.0,0.0,0.0,0.0,0.0,0.0,0.0,0.0,0.0,0.0,0.0,0.0,0.0,0.0,0.0,0.0,0.0,0.0,0.0,0.0,0.0
20,3143238.158227052,1367685.850808044,0.0007580649795262558,5204402.813126752,3743988.232146954,2738097.6541851894,5614727.629234693,1525086.1971475899,2581976.8161608754,2976032.1994972294,2499121.1546338415,3404311.800981892,1718800.1328975107,1392160.2728312172,4712111.891151066,2883640.977109907,2971547.3198749386,3003010.8109021843,2820314.157609553,2152739.5627720784,2763170.1932482757,1116398.5032841838,1397000.892083006,3619753.9147788123,2779471.823457576,3413998.2192918067,3998589.2290919507,2755375.5119572086,3702713.4438152434,7798759.644845721,2168850.8567719534,2606391.9774328326,4234600.914489528,0.0,0.0,0.0,0.0,0.0,0.0,0.0,0.0,0.0,0.0,0.0,0.0,0.0,0.0,0.0,0.0,0.0,0.0,0.0,0.0,0.0,0.0,0.0,0.0,0.0,0.018795296608317455,0.0,0.0039466527774702186,0.0,0.0
21,2459595.6217443296,1026600.544792114,0.0003385534896690375,2921496.407637141,2964350.268818073,2602654.30030686,4654049.1937529305,1064655.712114296,1568522.4621772885,1874512.0359825501,1652927.907627191,2885956.1234612204,789433.856921418,1247852.044692061,2876039.2900290154,2821572.308046256,2540878.2694134316,2151244.6761029908,2063245.2985709684,2152739.5627720784,2426711.6158419843,1116398.5032841838,1185477.2670298312,2623087.146752911,2443575.361203673,2929335.564541844,3535894.5637793094,2755375.5119572086,2933876.2023226856,5904572.709932134,2109048.8105336525,2082285.2944741405,2910100.3822505553,0.0,0.0,0.0,0.0,0.0,0.0,0.0,0.00784285365494432,0.0,0.0,0.0,0.0,0.0,0.0,0.0,0.0,0.0,0.0,0.0,0.002313751035126806,0.0,0.0,0.0,0.0,0.0,0.0,0.0,0.0,0.0,0.0
22,2177648.737279947,866984.7758866396,0.0005271891281025998,2921496.407637141,2261843.175535121,2310614.9180082255,3394739.0098619973,1031529.9995522576,1568522.4621772885,1874512.0359825501,1652927.907627191,2514497.50471701,737076.4851272838,1247852.044692061,2690355.2255417476,2178120.571382339,2325385.9827627754,1931379.17235247,1359867.9592266534,1285017.0163710492,2192016.0990094827,1116398.5032841838,1111817.4851716463,2536686.3148345863,2443575.361203673,2662049.333347192,2564753.736603675,2449101.0786811966,2909239.12278438,5267291.64865849,2003455.929016038,1919615.1327972645,2867724.494451437,0.0,0.0,0.0,0.0,0.0,0.00394332922202944,0.0,0.0,0.0,0.0,0.0,0.0,0.0,0.0,0.0,0.0,0.0,0.0,0.0,0.0,0.0,0.0,0.0,0.0,0.0,0.010766256972714187,0.0,0.0011060876483343625,0.0,0.0
23,1841175.020466114,792345.6107841433,3.9629292039780935e-06,2345409.1325132097,2228481.76311654,1523318.0895162974,2733465.0697865775,814735.9596256429,1443880.5502204883,1874512.0359825501,1248936.8692782095,2059563.2765624665,725619.7773438023,1151121.4514443956,2202101.1092640148,2162758.428436306,2104603.673925214,1903123.9832495248,1003956.4266720454,1285017.0163710492,1385029.7786447322,1105266.0349507502,834423.68402258,2193011.544850439,2146518.4611572316,2464950.5952218613,2564753.736603675,2099914.393833876,2671379.6562933153,4743637.116665527,1501918.1644310749,1020270.0704662744,1693572.763533735,0.0,0.0,0.0,0.0,0.0,0.0,0.0,0.0,0.0,0.0,0.0,0.0,0.0,0.0,0.0,0.0,0.0,0.0,0.0,0.0,0.0,0.0,0.0,0.0,0.0,0.0,0.0,0.00011888787611934281,0.0,0.0
24,1558349.3304937372,620345.825725819,0.00037934141135333887,2259330.0592763936,1369636.22582254,1340453.0110469165,2721151.183669379,814735.9596256429,1315928.215037091,1874512.0359825501,1037718.448850321,2042007.271490717,589281.9159263978,812589.9987107606,2054914.9559318742,1369362.6894557846,2104603.673925214,1241545.6619726776,997069.6486054694,1088186.3819962018,1385029.7786447322,942180.2210880439,739237.9379796699,1653660.166766799,1593630.7194551465,1997873.3653791854,2292930.7100267555,1649459.090112626,1983215.7720481972,3397898.1738922964,1501918.1644310749,1020270.0704662744,1560148.4071953897,0.0,0.0,0.0,0.0,0.0,0.00048433093236381803,0.0,0.0,0.0,0.002224721073179488,0.0,0.0,0.0,0.0,0.0,0.0,0.005219156858946822,0.0,0.0,0.0,0.0,0.0,0.0034520334761100387,0.0,0.0,0.0,0.0,0.0,0.0,0.0
25,1339331.5511921167,552611.3985515701,0.0,1960858.520276914,820837.6946317733,1340453.0110469165,2159214.734271868,544858.1440478266,1081340.097031294,1642741.3349909806,884571.80734987,1737237.053434669,492911.41785938723,781761.6029624783,1948107.5523319778,813596.3909015609,1134360.6101005578,1013230.0113683135,986527.633688056,1081375.9264835562,1251425.86910799,880466.0387332838,433346.9711448595,1653660.166766799,1593630.7194551465,1996758.805823528,1595014.8496808426,1649459.090112626,1904873.2701512373,2894751.1808449496,1501918.1644310749,1020270.0704662744,1380387.7962669015,0.0,0.0,0.0,0.0,0.0,0.0,0.0,0.0,0.0,0.0,0.0,0.0,0.0,0.0,0.0,0.0,0.0,0.0,0.0,0.0,0.0,0.0,0.0,0.0,0.0,0.0,0.0,0.0,0.0,0.0
26,1137016.2116099268,478575.42773958604,0.0002558458052172912,1733597.8735424522,820837.6946317733,923688.4826593341,1532399.0786125702,544858.1440478266,957339.833831365,1027275.5199491216,644182.4083375358,1688729.1228206279,464489.7440740641,767354.2456700613,1254385.4985999507,715204.3800398891,1126571.0936163503,1012438.3007246606,927288.5001598978,934187.1024393901,879651.7922911068,833952.7808588105,433346.9711448595,1558411.6581908674,1455615.5299066852,1612718.0399587937,1455878.890865412,1171624.572383414,1292076.7638304941,2866909.030770744,1182414.088986966,912671.409085873,1380387.7962669015,0.0,0.0,0.0,0.0,0.0030402951391612183,0.0,0.0,0.0,0.0,0.0,0.002426291820651355,0.0,0.0,0.0,0.0,0.0,0.0,0.0,0.0,0.0,0.0,0.0,0.0,0.0,0.0,0.00029624600044025196,0.0,0.0,0.0019125411962659107,0.0
27,975860.3495257319,399678.10747667577,0.0002671565159379137,1726033.6228090508,820837.6946317733,923688.4826593341,875295.8979926892,544858.1440478266,771765.2784084263,929161.9206208456,644182.4083375358,1539260.172912187,263331.7383163178,705391.858734945,1254385.4985999507,678310.5599898382,816617.9365206308,912290.0673866807,927288.5001598978,658258.0378363,879651.7922911068,833952.7808588105,433346.9711448595,1343850.5182531183,1220611.7222787908,840693.6125333941,1310221.2175653658,1062139.6716220216,1191510.472625737,2370082.9471388804,950550.7060946362,884571.8288765125,963668.4245244924,0.0,0.0,0.0,0.0,0.0,0.0,0.001541262587024376,0.0,0.0,0.0,0.0010949984043508477,0.0,0.0,0.0,0.0,0.0,0.0,0.0,0.0,0.0,0.0,0.0,0.0012683162611110904,0.0,0.0,0.0,0.0,0.004110118225651095,0.0,0.0
28,819520.1387855,310760.82992142637,0.0005431713627395827,1607200.8221064191,798458.2393417587,776890.3442878153,875295.8979926892,453890.44772136357,651859.4364786166,929161.9206208456,644182.4083375358,1539260.172912187,182498.0053741022,536924.5043692201,1020320.7746999476,678310.5599898382,435714.1491752311,705007.4670150188,689224.1513919578,658258.0378363,805938.3756125332,722639.6412670433,361397.3991229242,1286396.5071277728,845790.726506247,840693.6125333941,1123374.7846087052,553906.8668019921,1191510.472625737,1041271.9277974782,856292.0072107787,884571.8288765125,889362.6738230321,0.0,0.0,0.0,0.0,0.0008003706536012903,0.0,0.0,0.0,0.004257383302316253,0.0,0.0,0.0,0.0,0.0,0.0,0.0,0.004042933041225265,0.0,0.0,0.0,0.0,0.0,0.0010350681540731172,0.0,0.0,0.0,0.0,0.003879539339902349,0.002279846391069206,0.0
29,703806.3639065964,258504.0816368508,0.0002260681847476575,1404906.9604433423,748227.5946010099,743422.249367586,598732.6179737634,453890.44772136357,592998.760696823,687042.1730277595,625764.6595466114,934571.0598638563,182498.0053741022,536924.5043692201,992450.6010886454,293998.2532418178,435714.1491752311,601232.3177222266,503527.57356823556,511771.9495298025,805938.3756125332,638493.9704673097,361397.3991229242,1081486.356474953,779481.0007579817,827941.0356235802,739072.7002887405,553906.8668019921,1141127.2467186071,1041271.9277974782,806412.7530448739,656943.1507588037,833044.2564167228,0.0,0.00100980282028251,0.0,0.0,0.0,0.0,0.0,0.0,0.0,0.0,0.0,0.0,0.001201432865499075,0.0,0.0,0.0,0.002836282918644904,0.0,0.0,0.0,0.0,0.0,0.0,0.0,0.0,0.0,0.0,0.0,0.0017345269380032362,0.0
30,621028.7448418061,259056.32910459573,0.00012225632843492526,1339472.7850928642,541880.4130669709,606379.8715241522,465310.3043068655,378200.0077935269,467943.5848897898,648770.9177596106,426491.26018855453,934571.0598638563,136307.28143522635,536924.5043692201,876862.9915939788,293998.2532418178,435714.1491752311,601232.3177222266,297677.0692178229,511771.9495298025,432053.66771394946,591348.1249351233,240500.57037249109,908588.3913518789,777035.1328510307,827941.0356235802,725811.3123770652,469599.8239125443,892147.7625180333,1037347.1191249758,777576.4476352286,618359.9796500443,833044.2564167228,0.0008425754026393674,0.0,0.0,0.0,0.0,0.0,0.0,0.0,0.0,0.0,0.0,0.0,0.0,0.0,0.0,0.0,0.0013444534202502224,0.0,0.0,0.0,0.0,0.0014806610301581677,0.0,0.0,0.0,0.0,0.0,0.0,0.0,0.0
31,538760.243060063,207694.63742569054,3.7693686723445375e-05,1161523.0411587867,530284.4480048675,457195.3278921216,465310.3043068655,297144.30335149996,466574.8237236905,532669.6038059047,347878.8330481504,784789.8126527867,136307.28143522635,453972.6715574852,662416.4999945625,293998.2532418178,435714.1491752311,545226.4819398253,297677.0692178229,478919.8991428542,432053.66771394946,499311.7157657844,239151.55659400782,767086.9049883932,623214.4083231551,645587.7092287575,667293.3726669424,469599.8239125443,892147.7625180333,834867.4435349812,531180.8257774723,618359.9796500443,595349.3174783259,0.0,0.0,0.0,0.0,0.0,0.0,0.0,0.0,0.0,0.0,0.0,0.0,0.0,0.0,0.0,0.0,0.0,0.0,0.0,0.0,0.0,0.0,0.0,0.0,0.0,0.0,0.0,0.0,0.0,0.0011308106017033613
32,495102.4886961226,196591.40062964702,0.0003394833922647619,1149370.401655318,530284.4480048675,354555.96109343774,465310.3043068655,287121.82882717485,423476.86760216055,532669.6038059047,347878.8330481504,656317.8328926028,121574.58775085247,385268.0079691743,546492.4688025023,289482.02632992505,413103.72034734813,479162.855205581,293552.64004845964,461460.6959781285,325694.89373852627,441014.00351612293,218410.0124666809,664138.0906868502,623214.4083231551,607336.4271055331,570395.3631487829,465001.46245540533,768569.7318534682,834867.4435349812,531180.8257774723,537890.8229819798,528278.0916262672,0.0,0.0,0.0,0.0,0.0,0.0,0.0,0.0,0.0,0.001314456983606861,0.0,0.0,0.0016318222413122976,0.0,0.0,0.0,0.00045877284197854155,0.0,0.0,0.0,0.0036221856364847794,0.0,0.0018987921767613823,0.0,0.0,0.0,0.0,0.0012584718877989948,0.0,0.0
33,414493.96133309294,145379.2587210389,0.0008619639162802779,801645.2118861866,442174.21330864594,354555.96109343774,375620.5506803433,280732.3529604035,316374.05428101507,499576.38985363353,347878.8330481504,628007.6852649442,121574.58775085247,361017.5830979616,546492.4688025023,285914.53477361985,376221.21893829707,439660.03245620057,293552.64004845964,408233.54003975744,284455.6054050319,419505.7471995596,213829.30615178234,275664.58892001206,601569.2333208367,431579.9489895697,437769.5516389893,413246.44418648235,768569.7318534682,507922.6900394032,421638.95357409684,446779.6267843058,333055.5536448401,0.0019564694832022557,0.0,0.006808977409129969,0.0,0.0,0.0,0.0,0.0035740095010107155,0.0,0.0,0.0,0.0,0.0,0.0,0.0,0.0,0.0,0.0,0.004840651387454822,0.0015842702832255455,0.0,0.0,0.0,0.0,0.0,0.0,0.0,0.007094539424385026,0.0,0.0
34,373926.0953034976,135731.7294556411,0.0011560065614440913,801645.2118861866,427874.5642792086,308440.53849072556,375620.5506803433,272523.94003009493,316374.05428101507,372439.75559149164,292937.5755906438,505014.7871648411,116693.23964676217,338136.23404714273,430152.4709238095,256601.65475383282,223510.76853329598,439164.5893665616,293552.64004845964,408233.54003975744,186428.81562693146,370701.3181472074,197046.7804865773,275664.58892001206,573830.7738349293,357778.32135140494,429844.8668600368,382740.9163700148,618293.834200234,507922.6900394032,421638.95357409684,414858.25182387955,302116.6325160256,0.0,0.0,0.014573361286459474,0.0,0.0,0.0,0.0,0.0060350551567742786,0.0,0.0,0.0,0.0,0.0,0.001662825244052127,0.0,0.00017472439716252028,0.0,0.0,0.006717369367385749,0.0,0.0,0.005516861391488597,0.0,0.0,0.0,0.0,0.0,0.0,0.0,0.0
35,332332.69860036665,131619.19110506424,0.0007541533178858306,799404.4253414046,334014.3442098371,234757.90060969332,362339.43719089444,259931.17771819636,242675.7939862333,292822.3316224501,233810.6453496439,481049.4505223898,116693.23964676217,338136.23404714273,322637.40407944744,216741.1505976185,209302.08648516718,425594.6793892412,239375.32737101175,408233.54003975744,186428.81562693146,311259.07130738726,188397.84183891595,275664.58892001206,327745.3178782165,357778.32135140494,402032.4207686709,352257.16770176974,618293.834200234,394463.65269249014,406183.45008267346,354906.8356457227,277050.47178968147,0.0,0.0,0.004375329909023641,0.0,0.0,0.0,0.0,0.006261396081528818,0.00033927912117522155,0.0,0.0,0.0,0.0,0.0,0.0,0.0,0.0,0.0,0.0,0.0007687052601660149,0.0,0.00896597878355362,0.0,0.0,0.0019139103811275982,0.0,0.0,0.0,0.0,0.0
36,298436.9706650396,96326.2341317215,0.0009678077988785381,578215.1992267004,306632.3852406074,157159.71133851772,314997.59751660965,259931.17771819636,242675.7939862333,276447.5780031693,191732.1840606518,449698.9890216766,116693.23964676217,335540.56469366176,322637.40407944744,216741.1505976185,182940.07094143057,367051.5029376565,239375.32737101175,340770.0568431501,186428.81562693146,311259.07130738726,188397.84183891595,275664.58892001206,327745.3178782165,357778.32135140494,402032.4207686709,314839.18241273024,446835.3585494618,390352.90880758996,330011.4056023371,245473.4818747478,277050.47178968147,0.0,0.0,0.0010248215212962694,0.002118003200965565,0.0,0.0,0.0,0.0,0.004096177920177987,8.314603613933434e-05,0.0033618500662310384,0.0,0.0,0.0,0.0,0.0,0.0,0.0,0.0,0.0006239312374516874,0.005658884330059471,0.008461155838583314,0.0,0.0,0.0,0.0,0.0,0.002845011060650026,0.0007612527548014542,0.0
37,273719.73502406426,92681.17807741062,0.0010757831638358074,578215.1992267004,291519.9108429383,157159.71133851772,272109.5288297018,218778.11848916102,229356.0346741485,267345.3700326233,191732.1840606518,388347.12569352065,113599.21108908726,315312.1284698419,194793.22892325034,179455.64707920118,165169.7463238295,360887.386681558,239375.32737101175,340770.0568431501,186428.81562693146,311259.07130738726,151039.1105894801,269907.1764277798,313331.9617529111,357778.32135140494,338571.63830604247,298272.05715175543,389996.50878607517,348135.71158642817,248481.8294810215,245473.4818747478,248990.4505110699,0.0,0.0019125774451924716,0.0,0.001044476598576274,0.0047626471541134885,0.0,0.0,0.0,0.0014801046162867177,0.0,0.0,0.0,0.0,0.005534820001678412,0.0,0.0,0.0043561942350873175,0.0,0.0002897188960128777,0.00447668271054871,0.0,0.007469990291123808,0.0,0.0,0.0009462829664541458,0.0,0.0,0.0,0.0,0.0
38,241431.38286366503,73712.09922981716,0.0011133965239149696,431980.54375923146,270590.29508093523,157159.71133851772,251010.77463666612,179111.80515236958,218196.48804425632,267345.3700326233,166049.5227355769,338977.5085966915,113599.21108908726,255882.76593254224,194793.22892325034,179455.64707920118,162191.68788616985,339558.93766247394,235723.57172936463,288153.792490086,157897.5732952805,239199.68051109184,149486.5261385814,269907.1764277798,270875.0721218705,301994.67062333936,331660.2315021515,222131.8894191415,389996.50878607517,175558.78641764214,248481.8294810215,238148.17626227744,197822.5027546556,0.0,0.0,0.0,0.0,0.0064905734126046956,0.0,0.0008790205502013952,0.0005321021059056716,0.0,0.0033853258061797395,0.0,0.0,0.0,0.003900931821561972,0.000490555592142602,0.0,0.0,0.0,0.0,0.0008028130407457297,0.005192965245808062,0.004604136135071307,0.0,0.0035587159265292544,0.0020000451581708885,0.0015335211029448073,0.0,3.11898195829621e-05,0.0,0.0
39,222651.78886087664,62764.04094304776,0.0010095145905628642,317237.2998987483,258619.55404248077,124429.88883540528,251010.77463666612,170260.40318394385,218196.48804425632,256806.2798964834,166049.5227355769,250429.29681683236,113599.21108908726,151639.22237109498,194793.22892325034,158629.5238675459,162191.68788616985,324491.3921302349,221567.5137399809,288153.792490086,150727.21195273826,214829.44355272266,136023.4795563894,269907.1764277798,270875.0721218705,301994.67062333936,272397.88987226074,212260.26489732592,362422.0813184319,175558.78641764214,248481.8294810215,238148.17626227744,197822.5027546556,0.0,0.0029961946657732484,6.994687275986054e-05,0.0015926045640337584,0.0061704667773382045,0.0,0.0,0.0,0.0,0.0,0.0024495500498146598,0.0,0.0,0.003585308590026351,0.0003472865681444255,0.0,0.00032451614373886186,0.0,0.0,0.0,0.002489847426808721,0.003317340605308593,0.0,0.0,0.0005465795403814162,0.0063957959127578295,0.0,0.0,0.0,0.0
40,198832.17534915512,58199.934560418005,0.00200451936098392,317237.2998987483,258619.55404248077,124429.88883540528,156625.79704157973,167022.22081733978,218196.48804425632,232058.31378360125,166049.5227355769,250429.29681683236,113599.21108908726,122834.5583768708,194793.22892325034,132177.23058043612,116269.80990875408,283776.62848533515,169334.72935516288,288153.792490086,137908.9436228557,214829.44355272266,129827.29787457275,221287.35302744887,228094.071078065,271131.70775848127,206447.7959492059,164550.94142559162,305105.6829494159,175558.78641764214,208363.40340243874,223353.65622298757,166898.60596842176,0.0,0.00350283641724935,0.0,0.0,0.0,0.0,0.0,0.0,0.0,0.0,0.0013738809300612232,0.0,0.0,0.004586893601890568,0.007583022982560838,0.0,0.002646632955299267,0.0,0.00905722658608682,0.0,0.007954665149322682,0.003040636254189575,0.0,0.0,0.00021396476152341169,0.005201464951498168,0.0,0.0,0.0022952108954920206,0.012679145344343683
41,180204.15969182228,53931.21104679623,0.0019007892958020614,276300.9552123284,161101.12535557328,124429.88883540528,156625.79704157973,113836.18127008472,203395.59630686892,232058.31378360125,166049.5227355769,218004.46640212927,90014.7312349162,121103.29394297623,165617.83333919902,132177.23058043612,99710.4201179984,274993.99574676296,169334.72935516288,261437.94743863432,137908.9436228557,176532.9732267075,129827.29787457275,205314.1150825045,173221.56535701334,259854.1796245317,206447.7959492059,164550.94142559162,305105.6829494159,175558.78641764214,163402.57512472436,175309.29943224663,166898.60596842176,0.0,0.0038385343291576263,0.0,0.0,0.0,9.965096741702051e-05,0.0,0.000829452374194347,0.0,0.0,0.0,0.0,0.002482420258025821,0.004662841898306347,0.007662871713814172,0.0,0.004270202562928405,0.0,0.007100003018579907,0.0,0.0,0.0,0.001393220279113543,0.001218807885614312,0.0,0.009176649405351074,0.0,0.0,0.0,0.014289024181559265
42,166676.2800592988,46742.79573451157,0.0017668309610829086,240177.93325070693,161101.12535557328,124429.88883540528,130790.0906905131,113836.18127008472,198251.9030010103,188355.2845028569,166049.5227355769,185723.75409909408,78511.7129200734,121103.29394297623,160484.12078428612,105976.19540255761,99710.4201179984,231136.24726026537,140573.040167385,261437.94743863432,137908.9436228557,176532.9732267075,129827.29787457275,205314.1150825045,153944.31379099615,229770.8892005446,206447.7959492059,123702.62658665948,261221.0351491192,173726.19468629934,163402.57512472436,175309.29943224663,155531.6802775288,0.0,0.0030253462111640324,0.004574079594935835,0.0,0.0,0.0,0.0,0.005448413054467455,0.0,0.004864582612536582,0.0,0.0,0.0013548442073771027,0.0,0.0011720559000350681,0.0,0.0023095688374284674,0.0,0.0016996868192606168,0.005456079112074052,0.0,0.0,0.0,0.002935176102291012,0.0,0.007632409817829256,0.0,0.0,0.0,0.012532686563087777
43,154121.79332252033,44994.05794896833,0.0019004614420846957,201635.67590285075,161101.12535557328,121957.82938598515,130790.0906905131,108122.88007399076,171875.9984951025,188355.2845028569,122556.92519876565,168671.71160467976,78511.7129200734,104747.7595152093,119294.50461677965,100165.048086262,99710.4201179984,231136.24726026537,112163.53093044332,242767.68239684266,95409.98587384635,176532.9732267075,129827.29787457275,190997.68271217207,153944.31379099615,229770.8892005446,193698.77479074732,123702.62658665948,234473.9022684851,150188.61434045853,163402.57512472436,175309.29943224663,142830.43739925598,0.0,0.0008267111408650973,0.0029295197182791547,0.00425110601213143,0.0,0.0,0.0026668595409782376,0.0006735377140938875,0.0,0.0,0.0,0.00540183165440456,0.0,0.0,0.007246083509684856,0.0,0.0,0.0009535883909746166,0.00399504791727248,0.011243503389974626,0.00020517220821070838,0.0,0.0014325123195756157,0.0,0.0,0.004965344994872327,0.0,0.0,0.0,0.010223024751223282
44,144646.971332303,43597.60115003078,0.0015370974277572017,201635.67590285075,161101.12535557328,114320.03321647155,109951.94908451707,99753.45418568549,168472.00229105682,181267.42051992624,119047.7256722569,168671.71160467976,62270.94549700627,104747.7595152093,115268.87154782255,82639.03886834034,99710.4201179984,217894.81389291404,112163.53093044332,241191.28005980043,94734.49112383097,176532.9732267075,122286.9023221251,179706.53351424154,150504.98891629785,207101.66988584606,173017.41765851402,123702.62658665948,204427.2071814328,150188.61434045853,112331.8645739127,154695.0877309968,130071.00464551436,0.004794098970635691,0.0,0.0017875083439306738,0.0003069963201760408,0.0,0.0,0.0,0.0,0.0,0.0,0.0,0.00406693057959202,0.005059019112086039,0.0,0.005123636249839475,0.0,0.0,0.0,0.00024049453287112126,0.012679752626133883,0.0,0.0005087832023446575,0.0,0.0,0.0,0.006866203068500266,0.0026346823250251285,0.0,0.0,0.0020448175015810453
45,134729.1957154609,41208.491417887424,0.002876747467696534,201635.67590285075,161101.12535557328,114320.03321647155,102522.35107005366,54431.317999371386,141159.81187937575,180349.36118316362,107258.46114517949,163959.8757828911,62270.94549700627,104747.7595152093,115268.87154782255,73767.48595651145,96203.71177076762,170881.07655397232,100884.70299397931,177879.98549414377,94734.49112383097,176532.9732267075,109739.4777951528,179706.53351424154,144471.94025582052,198556.2352064728,173017.41765851402,123702.62658665948,204427.2071814328,150188.61434045853,112331.8645739127,138202.67727521423,107621.25986106608,0.0,0.0,0.009397626692813032,0.0,0.0,0.004349378711452223,0.0,0.003011837698802962,0.0,0.0,0.0017747579154309408,0.008137907044686568,0.0027269442613155636,0.008420070587857223,0.010796379694322976,0.0,0.0,0.003611219501794971,0.004516821167585355,0.014370099028614273,0.0,0.0010835186411355844,0.0,0.0,0.004127768825987948,0.006234008054008254,0.0,0.0,0.0,0.003744086205088151
46,120154.30541983542,37932.69186689854,0.00259611282514099,180147.78170343873,161101.12535557328,64319.69548949725,102522.35107005366,54431.317999371386,137192.34788536685,162025.8940492445,107258.46114517949,127590.28856704565,62270.94549700627,96773.45200319163,115268.87154782255,73767.48595651145,58039.487388633774,170881.07655397232,88056.71540838905,118791.71041138838,83605.67204611647,140524.14725647282,109739.4777951528,164716.62799643533,144471.94025582052,138784.01293253343,158422.28664510336,107864.13103819289,204427.2071814328,142539.68918273257,112331.8645739127,109141.83779840457,107621.25986106608,0.005551834085744604,0.0007329129538360464,0.008198504325879988,0.00411891560016331,0.0,0.0,0.00016750863140059237,0.005416688101495284,0.0,0.004723680778032782,0.0013203791428672634,0.0024364956894830083,0.0054357645661269995,0.0,0.010100085004312,0.0003955146496729683,0.011224068471306548,0.0,0.0,0.008532678203228424,0.002446089815167514,0.0,0.0,0.0,0.0004194114605854208,0.006662853274926938,0.0,0.0,0.0,0.0
47,112210.83580954986,34244.16449048303,0.0014396266293331913,180028.58743268976,159208.599729102,64319.69548949725,102522.35107005366,54431.317999371386,126127.48167091957,112273.05439085103,107258.46114517949,127590.28856704565,62270.94549700627,96773.45200319163,115268.87154782255,73767.48595651145,58039.487388633774,170881.07655397232,78840.70746812415,118791.71041138838,79414.17444361812,139137.66512612897,99274.295268259,126517.1960737879,144318.59505490452,120969.43003866747,143940.59452125302,76856.57911692125,173412.24641678517,142539.68918273257,103475.40892411525,100454.36593689614,107621.25986106608,0.0017341075252643476,0.003669176373345801,0.000349900159943935,0.006717463116046067,0.0,0.0,0.0028493912669692884,0.0,0.0024114650633573235,0.0,0.0,0.0,0.002102118145747688,0.0,0.0003029603274116411,0.0,0.0007969337276777646,0.001919888288732014,0.003980763134467191,0.004830352322132764,0.0,0.00404273296974298,0.0,0.0011112710536310593,0.0,0.000727875664674876,0.0,0.0,0.00011209018007816093,0.005530309560772838
48,102668.58534786398,28232.02362222895,0.001771049954392335,167259.86560130384,119236.70311049631,64319.69548949725,102522.35107005366,38503.51897285801,114870.2199886222,112273.05439085103,106260.1262832221,115126.28982800532,62270.94549700627,86318.1768644595,115268.87154782255,73767.48595651145,58039.487388633774,128753.19431797412,78342.52525079096,112999.04058327756,79024.30559705976,103362.03308846448,99274.295268259,110351.24895703344,111761.13839627031,120969.43003866747,106193.91899288743,76856.57911692125,164755.06325324386,142539.68918273257,100762.68060503145,100454.36593689614,107621.25986106608,0.0004998180939468038,0.0003059458912256238,0.004491325145617503,0.0,0.0,0.004906962595881499,0.0,0.0,0.0024984594770831436,0.001116293191639323,0.0,0.005933251940033705,0.0015540079252904257,0.0,0.0,0.0073271650117610835,0.0,0.003389650199352787,0.0,0.008526488282344936,0.0031749410600606575,0.0008041042988021111,0.0,0.0,0.001196488108527063,0.0,0.0040626233260416846,0.0007836117297585283,0.0,0.0025603623544031714
49,93433.35433352589,29381.069536267652,0.0013446925449435516,159222.27675808867,119236.70311049631,64319.69548949725,67509.63442736864,38503.51897285801,94944.2783372396,94418.88447115423,86624.8328264058,115126.28982800532,44260.026514727266,86179.81399396076,90349.63628554801,69108.5367749048,58039.487388633774,115542.48722792183,69544.401044873,110111.04775403021,67450.30790151852,91154.99423253827,99274.295268259,110351.24895703344,111761.13839627031,120969.43003866747,106193.91899288743,76856.57911692125,156402.88752628374,142539.68918273257,75445.64923108341,98545.940775201,63012.99918066624,0.0,0.0,0.0019210626303588255,0.0,0.0,0.012455929289197115,0.0,0.0,0.001526993258391329,0.00041430416771758873,0.0,0.0,0.0,0.0,0.0,0.0056865345363852965,0.0002640376812677064,0.0,0.000569133113121903,0.008537537675921398,0.0007253345103329085,0.0,0.0003708152347573039,0.0,0.0,0.0,0.006005987671188811,0.0018138888418480074,0.0,4.921773781835098e-05
50,89633.07025279537,26387.6015745408,0.0013173554120111644,145959.0685772891,119236.70311049631,64319.69548949725,67509.63442736864,38503.51897285801,94944.2783372396,94418.88447115423,84686.59473768552,115126.28982800532,44260.026514727266,86179.81399396076,90349.63628554801,69108.5367749048,56145.3923466243,84956.16505941635,69544.401044873,100004.9230536791,67450.30790151852,91154.99423253827,99274.295268259,110351.24895703344,109882.40263554799,120969.43003866747,101736.12770788111,76856.57911692125,151808.82722988143,111283.71974967702,68242.51646368926,91715.09607625249,63012.99918066624,0.0,0.0,0.0,0.0,0.0,0.005883562383894665,0.004269981658818305,0.0059349672019771305,0.003662695325627301,0.0009539961829388752,0.0,0.0026677263832004835,0.0,0.0,0.0,0.0013244019718328737,0.0,0.0,0.0,0.0,0.0,0.0020398983052114833,0.003473636747414959,0.003085060308941453,0.0,0.0,0.0017027157895825162,0.0,0.0,0.004522020100894885
51,85959.5157195244,23236.068935903975,0.0019377166791879788,128709.08457997777,108380.26615658755,64319.69548949725,67509.63442736864,38503.51897285801,94944.2783372396,94418.88447115423,73141.7224909257,115126.28982800532,44260.026514727266,86179.81399396076,88463.20547028798,69108.5367749048,55445.08285120287,75076.60896135676,68089.03269936476,100004.9230536791,67450.30790151852,89862.28303564733,92481.57024427628,110351.24895703344,109882.40263554799,111596.4336590894,101736.12770788111,71805.70791091707,129047.58637506598,111283.71974967702,68242.51646368926,80351.96269162423,63012.99918066624,0.0,0.0008668606762014997,0.0,0.0009599382585003199,0.00015850965824951084,0.00622611312895176,0.0045288286344002384,0.0030931825662586544,0.006111720331295788,0.007457546357211668,0.0005535509429878788,0.0017119101325834202,0.0037065563500229305,0.000443959176432194,0.002050079404462318,0.0,0.0016573575967312741,0.0,0.0,0.004231862703205545,0.0,0.0,0.0012381025021533697,0.004054406746206049,0.001931563483452147,0.0,0.0,0.002437399725772352,0.0022117460283122723,0.002500305972248157
52,81736.73128890168,21657.735428349995,0.0023810555715757997,128709.08457997777,105687.37298285759,64319.69548949725,65865.03168478385,38503.51897285801,94944.2783372396,90968.08025671753,73141.7224909257,94645.71755483808,44260.026514727266,86179.81399396076,78782.00478579607,67870.42125413589,55445.08285120287,75076.60896135676,59098.12391872633,98627.84086480414,58611.380537220204,81959.06812120517,71276.8561763905,110351.24895703344,109882.40263554799,111596.4336590894,100936.12027067236,71805.70791091707,92842.87368955559,111283.71974967702,66066.73959304526,80351.96269162423,63012.99918066624,0.0,0.0023290880194891317,0.0,0.0021754283029225725,0.0015600906746737822,0.0013432415928433033,0.0,0.0,0.006099862844626934,0.00561781218119519,0.004515797637803972,0.0,0.0,0.004295684867911009,0.002895812916477285,0.00382661747114383,0.00012591834514569437,0.0018392057744650886,0.0,0.0050645323531181225,0.0,0.0,0.0,0.005772785740378713,0.0007909428841506905,0.00035493144000366925,0.0,0.015375504287042232,0.000914617937247556,0.0065337918766352225
53,76673.14776579682,20107.947504630018,0.0029403959476571122,123478.08199004905,84418.49796215797,64319.69548949725,65865.03168478385,38503.51897285801,91430.7779504124,83429.11795854277,71446.13389043856,94645.71755483808,44260.026514727266,68925.06350332477,78782.00478579607,62327.08501199968,55445.08285120287,66930.22651132134,59098.12391872633,77776.80735967803,53187.984149017684,81959.06812120517,71276.8561763905,110351.24895703344,91691.08549287147,108766.97074471206,98989.01721230801,52902.01298938042,92842.87368955559,103137.86863364979,66066.73959304526,76322.62253600472,61619.0907683763,0.0031010236908206655,0.0,0.006194935355334776,0.0,0.0035576396087363456,0.0016447166635118618,0.0,2.6644827085866816e-05,0.0,0.005567432765422772,0.002808327189471411,0.008947546144896328,0.0,0.003797958287756789,0.0027208356731215854,0.006501109800491763,0.0006234499354359747,0.0,0.0006087980701852626,0.0021433257710870815,0.0,0.007334143635114377,0.004035290147715833,0.007389808120172877,0.0061836640186917514,0.0,0.0,0.01236277941372975,0.0,0.002662449310930289
54,73251.48220744469,19384.39003187906,0.0033073803468812455,121474.95376405184,84418.49796215797,64319.69548949725,65865.03168478385,38503.51897285801,81682.33316949796,82209.67373276164,71446.13389043856,94645.71755483808,44260.026514727266,68925.06350332477,72424.88963283568,62327.08501199968,50507.418255211946,66930.22651132134,59098.12391872633,73481.78589386426,53187.984149017684,69169.19649298885,60514.443920979655,110351.24895703344,91691.08549287147,83151.24645429545,91811.10129437516,43211.14024984673,92842.87368955559,103137.86863364979,66066.73959304526,68270.27106440836,61619.0907683763,0.010612290054138922,0.0,7.716148213687218e-05,0.0043952809558463445,0.0,0.0,0.002881804893421883,0.005020457175444613,0.0,0.0,0.005104865036182512,0.01313696179284166,0.0,0.0027069600164988765,0.0010977208417900937,0.01201801386241874,0.0012447937292342057,0.002889709919965627,0.0,0.0,0.003996772104617117,0.00905198402213285,0.0030070818065095614,0.005512572930198271,0.002096260106801326,0.0,0.0,0.01140929835784065,0.0,0.0029614213184172384
55,68382.09069091275,17954.73135951166,0.0035510739031105235,115675.8263867004,83835.03865464893,47472.63628132736,65865.03168478385,36969.51368039629,81682.33316949796,82209.67373276164,71446.13389043856,77136.31736897057,42471.03181084026,61677.47723820089,72424.88963283568,54267.14152399105,46110.87717393611,60480.88918696021,56100.33084677972,73481.78589386426,51644.34091126764,69169.19649298885,60514.443920979655,84222.91449086537,83139.32502489493,83151.24645429545,61642.41751276052,42318.48509464069,92842.87368955559,103137.86863364979,66066.73959304526,62686.84998312906,61619.0907683763,0.011312153610452444,0.0,0.0,0.0058466589621908194,0.00015378435529574946,0.0022174710995239693,0.0014699667246432842,0.002192434558038486,0.0007029149023748234,0.0025922776910191573,0.004332951439315365,0.0066735518888633135,0.0008635669869996472,0.0027440656584005445,0.0,0.010897509019313856,0.0006671307631182742,0.001099120154784,0.004532374227523023,0.002199047982852133,0.0030875080906294775,0.0028617766754921886,0.0027525326946397036,0.010504881180587487,0.006111221171478494,0.0,0.004339626384289185,0.011695775594116095,0.004681915277374184,0.0
56,62783.0692543621,18906.461038704496,0.002856007815163562,115675.8263867004,83835.03865464893,47472.63628132736,48555.794422855746,32526.854495185642,74848.07958146343,67301.26606941591,55726.13175004306,71510.74815423434,41701.997082664435,58927.95593568793,72424.88963283568,54267.14152399105,43532.24941771077,39012.330121271945,40525.29068495491,59405.503941502124,45386.44012185666,69169.19649298885,55400.3894842204,84222.91449086537,83139.32502489493,81061.41428203377,61642.41751276052,42318.48509464069,89296.79969912684,92340.22201087973,50034.80831545147,60610.840196273915,61619.0907683763,0.00868100650510988,0.0,0.0,0.003979492039276494,0.0025783424997678542,0.0,0.0,0.0,0.0,0.0057545680142009285,0.007271324783092396,0.011307263846025772,0.0,0.003363374411910062,0.0,0.006077089069307909,0.0,0.0,0.0008598828388955616,0.0,0.007024425553752049,0.0019521552759859712,0.0,0.006637325944370309,0.0037022286036528284,0.0,0.0,0.011099346641160801,0.004964064889707044,0.000428343538690989
57,59357.64675556572,19720.375168813203,0.0024792082718477194,115675.8263867004,73621.41150877514,47472.63628132736,48555.794422855746,32526.854495185642,60938.33286162782,56170.18421708335,55726.13175004306,71510.74815423434,41701.997082664435,53520.05831401196,72424.88963283568,50338.988223442466,43532.24941771077,24036.295058474094,40525.29068495491,58306.02876908778,40251.67256704689,66521.63831460345,55400.3894842204,84222.91449086537,83139.32502489493,74473.27317445957,61642.41751276052,42318.48509464069,87753.79707417377,92340.22201087973,49816.03412025873,60610.840196273915,35654.67634087859,0.0003056310217827994,0.0,0.0,0.0,0.001993831544959633,0.002837597409862497,0.0,0.0034792095857860126,0.000748146325968344,0.006470082104182251,0.008072896591548423,0.01177076449560587,0.0,0.003544022906212268,0.0,0.004416987070877779,0.0,0.0,0.002224922565053059,0.009507328436189766,0.0,0.0,0.0025193488396727825,0.005876216006011719,8.174625632741081e-05,0.0,0.0,0.007158714124536559,0.0026037968491030034,0.0007650060217514012
58,56520.68959962881,18684.9235943346,0.0029976417015914933,100123.62531869765,73621.41150877514,39665.68628502406,48555.794422855746,32526.854495185642,48075.44854575711,47084.85059668052,55726.13175004306,71510.74815423434,40379.74393576938,44424.0899925368,70963.56641223983,50338.988223442466,43532.24941771077,19514.457505105576,40525.29068495491,52162.73019082941,40251.67256704689,66521.63831460345,55400.3894842204,84222.91449086537,83139.32502489493,74473.27317445957,61087.86656899895,42318.48509464069,75276.88634075652,92340.22201087973,49816.03412025873,56447.436549623635,35592.87680777308,0.0,0.0,0.0,0.0,0.0,0.0,0.0,0.004242528134650117,0.0004117185915429059,0.0,0.009780573746108875,0.012980091617987478,0.003643163005864357,0.007045579980275982,0.00042445022132732457,0.005063240838774667,0.0,0.0,0.0,0.0035074599810578223,0.0074061703772862605,0.0,0.0031357291870417994,0.008411973095865789,0.0018959771599200077,0.004729885974397964,0.0,0.009863825061625732,0.005499666356728658,0.0018872177172890576
59,52566.24332059932,17719.447410265093,0.003070629020646518,89711.90169265702,57209.803516097294,39665.68628502406,48555.794422855746,32526.854495185642,37873.152638175656,47084.85059668052,55726.13175004306,71510.74815423434,40379.74393576938,37042.330856726774,65693.94971164646,40410.53899311898,43532.24941771077,19514.457505105576,38495.24412894074,52162.73019082941,37757.21800767867,63093.61697254602,50199.49745199687,84105.25039606696,83139.32502489493,74473.27317445957,61087.86656899895,42318.48509464069,75276.88634075652,74847.2273241587,47549.61890033592,30449.98926287164,35592.87680777308,0.004827575309195284,0.0030569654358368788,0.007781309867908782,0.0,0.0,0.0002444862588212768,0.004197567193223812,0.009977033255860477,0.0,0.0,0.0032933845356226494,0.012989984566039172,0.0,0.004856096035917714,0.0,0.00027356296737567125,0.0009648470331005226,0.00034585239381322813,0.0,0.005944094729140037,0.0060740878083955984,0.0,0.008681711642941682,0.0051445270361674235,0.0022611629271876523,0.0,0.0,0.007559881541135842,0.0036447400817118535,0.0
60,51915.121188079465,17969.337094164643,0.0034243708112163674,85807.12134073564,57209.803516097294,39665.68628502406,48555.794422855746,32526.854495185642,37873.152638175656,44811.66999943418,55726.13175004306,71510.74815423434,40309.91194687325,34694.51131991085,65693.94971164646,40007.22245174711,43532.24941771077,19514.457505105576,38495.24412894074,52162.73019082941,36297.54173626705,63093.61697254602,50199.49745199687,84105.25039606696,83139.32502489493,74473.27317445957,61087.86656899895,42291.61762278395,75276.88634075652,74847.2273241587,47549.61890033592,30449.98926287164,26544.685591697562,0.0029411503957018723,0.0024021517661006846,0.0034222274693599783,0.0,0.0,0.00018701043323465183,0.008178592935775232,0.006588404724518922,0.0,0.013576539672011176,0.00481392791974411,0.0007275968981298198,0.0025892343108568226,0.003872925620550417,0.0,0.0,0.0005440381376092663,0.0006359411695621562,0.0029326755842979616,0.0017305901025954998,0.011707882793797518,0.0014783132734013055,0.012448115262374179,0.0057510299269638715,0.0010063181762963115,0.0034574858635218007,0.006072875662231752,0.003901696980996425,0.0,0.0017643992568593006
61,48819.65007416175,16928.94409979336,0.002966238679739584,85807.12134073564,57209.803516097294,39665.68628502406,44748.11216405287,32526.854495185642,29745.871472054765,44811.66999943418,42842.028244068526,71510.74815423434,40309.91194687325,34694.51131991085,53450.743112703094,40007.22245174711,43532.24941771077,17395.238948065227,37210.84131818522,52162.73019082941,36297.54173626705,63093.61697254602,46486.65598598678,74423.46059151614,73331.11760753895,74473.27317445957,52872.48444377363,39818.35085913408,66636.96678760025,74847.2273241587,37682.78751039023,30449.98926287164,26544.685591697562,0.009213836764358718,0.0,0.006482400968552263,0.0,0.0020403019247230373,0.0,0.003913241846739441,0.0035903403459926486,0.003903963512564022,0.012067805037642383,0.004995537664822551,0.002224067559456734,0.003401857072329285,0.005927758380399612,0.0,0.0,0.0,0.0,0.005292291731819583,0.0020028815565016275,0.0,0.0,0.008824916396374645,0.008829008839355333,0.0,0.0,0.0019536778868475225,0.0014958099350440696,0.002827462968664027,0.0
62,45525.32886222066,16106.46653426427,0.0034578622618121444,73864.14985253631,56254.54048649895,39665.68628502406,42544.224692411604,32526.854495185642,29745.871472054765,42232.74145863729,42842.028244068526,56841.27669146186,40309.91194687325,30711.26972538267,53450.743112703094,36240.68039904848,43532.24941771077,17395.238948065227,24485.614856090866,49811.793323261714,35536.82669067832,63093.61697254602,43616.60275614014,74423.46059151614,66678.13879290364,61812.83403310159,52872.48444377363,26361.98123510076,66636.96678760025,74316.15861575521,37682.78751039023,30449.98926287164,19823.14276722735,0.008165727982366193,0.002868486280896126,0.0,0.003204885720416701,0.005773940998306119,0.0050523716028337525,4.3924971353058434e-05,0.005344303219451363,0.008166840615422536,0.008181307656610036,0.00044974395793136575,0.0,0.00516063948200797,0.006159088570785829,0.0003210953909742895,0.008500373011200829,0.0041732013716342855,0.011988631824451706,0.003064594795465219,0.0,0.0,0.0,0.00683820946913987,0.00616884744183192,0.0,0.0,0.004109653491285171,0.0,0.0,0.0
63,42861.02391424813,14968.832344073317,0.003155274139233063,66503.8709316217,49589.343564018105,35504.291384522985,42544.224692411604,32526.854495185642,29745.871472054765,42232.74145863729,37056.51801823919,56841.27669146186,21114.49056290659,30711.26972538267,53450.743112703094,36240.68039904848,43532.24941771077,17395.238948065227,24485.614856090866,49811.793323261714,35536.82669067832,55245.69280251108,43004.53424260778,62977.51579592965,66213.89935583409,61812.83403310159,42704.64766757967,26361.98123510076,62739.950922861746,71989.84208742756,37682.78751039023,30449.98926287164,19823.14276722735,0.005354928232644652,0.0027902924242053937,0.0,0.0,0.0054253681018075805,0.0,0.0021703662310086987,0.007121299229772684,0.0004866795568169954,0.012462272583579662,0.0016314259692521726,0.0,0.0,0.00514715460402914,0.0032120949487921767,0.0,0.0027668981997998232,0.02060217324710179,1.1791619177229031e-05,0.0,0.0,0.0022454156660638765,0.005183844020832689,0.000931828719759252,0.0,8.241938318793306e-05,0.0032115322210187758,0.008168501903807907,0.00202172644126783,0.003630210873065624
64,41257.08728102038,14577.606676876512,0.003560175409327357,66503.8709316217,49589.343564018105,35504.291384522985,42544.224692411604,28532.43653481824,29745.871472054765,42232.74145863729,37056.51801823919,56841.27669146186,21114.49056290659,28823.653027342167,50877.35445526321,27618.18203183206,43532.24941771077,16729.50150516516,22758.478106516177,49811.793323261714,35536.82669067832,39198.660336733454,43004.53424260778,62977.51579592965,56866.31186696657,61208.362945339555,42704.64766757967,26361.98123510076,62739.950922861746,69341.63000854132,37682.78751039023,30449.98926287164,19823.14276722735,0.0019502465365095658,0.0,0.0,0.006318520856970891,0.005860573769112861,0.008634582108871624,0.0021214843214320865,0.006087557841807383,0.0,0.016316736161867705,5.8264404461741344e-05,0.00064320888702201,0.0,0.004172210547867712,0.0,0.0,0.002005356931026718,0.013738252438787617,0.0016763971805522828,0.0,0.006613107348025595,0.006921446859336841,0.005344093948407536,0.00521260434487462,0.005323082674983631,0.0008077451387983807,0.0,0.006999789979103902,0.0,0.0
65,39431.55452457022,13613.24115841759,0.004484323383978751,66503.8709316217,49589.343564018105,31980.65073643109,36759.113930454994,27935.440530772023,29745.871472054765,40917.6821892528,37056.51801823919,56841.27669146186,21114.49056290659,28823.653027342167,49825.14637974554,27618.18203183206,37412.23979871419,15814.874687637952,22758.478106516177,49802.38922573576,35536.82669067832,39198.660336733454,35420.43572576448,60390.89737443427,56866.31186696657,45462.552677534644,41792.165485661404,26252.519009358388,62739.950922861746,61282.315109345145,37231.6466229322,30449.98926287164,19823.14276722735,0.00045270935836305454,0.00032540605494364223,0.010441661041467055,0.011260125059199025,0.007075848204033804,0.002162985165797652,0.008971508449548646,0.0058222033930000455,0.005122472198988438,0.018697267572178468,0.0014601452587336857,0.0,0.002138048354442188,0.002420734833906158,0.011799680162057407,0.003192219358280834,0.0,0.01525288561186759,0.0,0.0023497655655725013,0.0,0.0,0.013870852058665516,0.0,0.001698311376466122,0.0,0.0,0.009449977084568403,0.0,0.0005648953572823143
66,38806.94147308794,13577.69798749709,0.0034478406108367134,66503.8709316217,49589.343564018105,31980.65073643109,36759.113930454994,27935.440530772023,27836.76221375545,40917.6821892528,35669.81637631132,56841.27669146186,21114.49056290659,28823.653027342167,49825.14637974554,27618.18203183206,37412.23979871419,15814.874687637952,22758.478106516177,39742.91100906119,35536.82669067832,39198.660336733454,35420.43572576448,60390.89737443427,56866.31186696657,45009.99839479671,41792.165485661404,26252.519009358388,62739.950922861746,60692.30690157168,35957.91503900759,27383.180909741302,19823.14276722735,0.0,0.0,0.0006988951738438296,0.0008769725663070527,0.005949365339364069,0.0,0.012469928817198172,0.0004291575560210415,0.004674721059922813,0.013200946602206047,0.0,0.0,0.006314111607873444,0.005517307928671962,0.006604802205156582,0.0013368077089156401,0.0032943022391506587,0.016775043001221207,0.0009555886588759622,0.005568354585160379,0.0,0.0,0.005401375760721704,0.0016443948064699182,0.0017989182160962334,0.004585022222086556,0.0,0.005243223284949705,0.0,9.59789848884283e-05
67,37166.26741994342,13348.088314556371,0.003623316088773547,64904.366077061095,49589.343564018105,31980.65073643109,35606.457585445685,22991.473505391765,27671.54105348487,40917.6821892528,35669.81637631132,56841.27669146186,21114.49056290659,28823.653027342167,49344.94447894295,27618.18203183206,37412.23979871419,13915.546474234154,22758.478106516177,39742.91100906119,34433.264494378534,39198.660336733454,35420.43572576448,41926.57775046479,56866.31186696657,41731.073633726715,41792.165485661404,14716.302398782878,58429.605631820494,60692.30690157168,35671.94142705486,27383.180909741302,19823.14276722735,0.0,0.0,0.006957939383267092,0.0,0.002531510958492084,0.0,0.00865871078600025,0.0,6.25168000685454e-05,0.014313707319805167,0.0032491016028509665,0.002022450169801407,0.009162048758115802,0.006869961480194272,0.0,0.0012551722549762354,0.004751097012561989,0.016560675940168194,0.004784801606557639,0.00429520416811908,0.010275714973662252,0.0,0.0069607893393696324,0.0,0.0,0.0014140366213313434,0.0,0.004574043487864445,0.0,0.0
68,35400.65286533852,13024.917210795873,0.003378200212805043,63335.58888018334,47426.263112003166,22117.599339309578,35606.457585445685,22991.473505391765,25480.26142370033,40917.6821892528,34312.81804735987,56116.25160135441,21114.49056290659,28020.065163897416,49344.94447894295,23644.76861940023,37337.596307470914,13915.546474234154,22758.478106516177,39742.91100906119,31037.23893184433,29798.635308083056,35420.43572576448,41880.70878727432,43838.03370497983,40524.886750865335,41792.165485661404,14716.302398782878,58429.605631820494,58513.484981155816,34976.65636911421,27383.180909741302,19525.054568637406,0.0,0.006667401219976097,0.0038864531554495055,0.0034762536110699337,0.0018918872861047706,0.0007347709155407467,0.0011862154219225833,0.0008376845335948478,0.0,0.013452116045698256,0.0030123941411685598,0.0,0.0012246429304461313,0.001359096914673157,0.004034544096296853,0.00039108441874294146,0.006865177803593132,0.020940558045768227,0.0017661134566114855,0.0,0.006344468901511917,0.0,0.008535012154281795,0.00329162400877811,0.0,0.0,0.004640835725461039,0.0,0.00680767159746124,0.0
69,33996.20316651566,11864.89485737267,0.003980090567250796,58273.21600424074,47426.263112003166,22117.599339309578,35606.457585445685,22991.473505391765,23313.017842627996,39096.18344353787,30859.63902227107,47706.24766338472,21114.49056290659,25915.488451814774,49344.94447894295,23644.76861940023,37337.596307470914,13915.546474234154,22758.478106516177,39742.91100906119,30168.061660003914,29798.635308083056,35420.43572576448,41880.70878727432,43838.03370497983,40524.886750865335,41792.165485661404,14716.302398782878,56345.77310267684,49175.78608974615,30543.28073336777,25198.861939287057,19318.84178041724,0.00017141867409214043,0.002153690871932261,0.00211211544944687,0.0,0.0,0.0,0.0,0.006923003618006249,0.0006420418246187236,0.011071986120169002,0.0,0.0017043748907289104,0.011200539512340537,0.0,0.00774722667383695,0.0,0.01320755864996361,0.014099172668510242,0.0031300331911726527,0.007416530995786535,0.0144433991160087,0.0016854834615740609,0.007675809070629464,0.0016883525807329474,0.0,0.0,0.00027280648026328704,0.0034437794486468064,0.0010804913220270372,0.0075329023970369035
70,31987.053024116303,11612.963741563439,0.004244759472424283,58273.21600424074,47426.263112003166,22117.599339309578,32938.325043417295,22991.473505391765,19290.06918027408,33427.84994447517,27897.99870744151,43232.39701219125,18146.268333136024,25915.488451814774,49344.94447894295,13015.037448242221,37337.596307470914,13915.546474234154,22758.478106516177,39742.91100906119,30168.061660003914,29798.635308083056,35420.43572576448,41880.70878727432,43838.03370497983,35338.48530377631,36439.87042577598,14652.36323509076,48746.70737566863,42420.07525170282,30543.28073336777,25198.861939287057,17394.60881455119,0.0009661013246935204,0.0,0.003581044954781833,0.00012475392939863665,0.00018500586501415866,0.005068310487869209,0.0,0.003440508222857976,0.0024931533756729317,0.00946654600528262,0.0,4.6781243457489504e-05,0.00347123464036887,0.0,0.007827448120693567,0.0,0.013683127368698898,0.023088597138858632,0.0,0.010415457442262976,0.026201857933761077,0.0,0.002968143330039894,0.0,0.0,0.00613421397123054,0.0002798963301781204,0.0034410197218130547,0.0,0.004459582765794465
71,30567.495300123745,10271.34926512739,0.004449360839648393,45549.3228359017,46489.93776802239,22117.599339309578,32260.510998250273,22991.473505391765,18630.694665059324,28170.818006884834,27897.99870744151,43232.39701219125,18146.268333136024,25685.337619474252,40654.19715253289,13015.037448242221,33757.75099960902,13915.546474234154,22609.17308670813,39742.91100906119,30168.061660003914,27282.511467295157,35420.43572576448,37380.717276220814,43838.03370497983,35338.48530377631,33773.741554553104,14652.36323509076,48746.70737566863,42420.07525170282,30543.28073336777,25198.861939287057,17394.60881455119,0.0,0.0,0.003840898287619589,0.004271410191053549,0.0027153368182160657,0.004233355038467592,0.0,0.0015070425099709126,0.0070710196839878885,0.009163954918579506,0.0,0.0011913058008410657,0.003919249888022361,0.0033110272930929763,0.007054215223509845,0.0,0.004231867548340402,0.02006522645079339,0.0025922998198184147,0.003211022740732768,0.029420739748689823,0.0,0.003895945450987675,0.0,0.007824468150110397,0.006092145246020942,0.0,0.004259109082825111,0.002486559132983591,0.0011226261647879338
72,28691.27288016657,9869.99933490218,0.004872891086180231,45549.3228359017,44183.799124955505,22117.599339309578,28726.56344441835,22991.473505391765,17732.879704473246,23045.072341617146,27897.99870744151,41043.93063353681,14714.160438983985,25685.337619474252,40654.19715253289,13015.037448242221,33757.75099960902,13915.546474234154,22609.17308670813,31942.001035966958,30168.061660003914,27282.511467295157,35420.43572576448,23198.299432755928,37685.291187839015,32061.680004166563,32547.84343210004,14652.36323509076,48746.70737566863,42420.07525170282,24835.015085954015,24743.449839307465,17394.60881455119,0.002522053185431586,2.102947430385498e-05,0.005135292561618075,0.0032506101433975605,0.0005692057565076953,0.0,0.007972543042081004,0.011745425949429286,0.004278305659987214,0.007239500783834622,0.0,0.00013353976731693377,0.0009277289097121198,0.0,0.006295178736360353,0.0,0.010826654247408918,0.021061717899022007,0.0,0.0033558731031571977,0.03313266334161823,0.0,0.002827405969428811,0.004845595110327438,0.0032856153374868483,0.006821103487130298,0.001724009424031487,0.001959823118215889,0.005983841508871382,0.00027201606872814213
73,27999.34784631182,9809.072197965977,0.00593792845646073,45549.3228359017,44183.799124955505,20160.20722034938,28726.56344441835,22991.473505391765,17732.879704473246,22687.262452844956,27897.99870744151,40917.71211078264,14714.160438983985,24991.15426579152,32132.5196045973,13015.037448242221,33757.75099960902,9808.79288412356,22609.17308670813,31942.001035966958,30168.061660003914,27282.511467295157,35420.43572576448,23198.299432755928,37685.291187839015,32061.680004166563,31796.86343130912,14652.36323509076,48746.70737566863,39095.99469665645,24835.015085954015,24743.449839307465,16475.95337696142,0.005135914699051156,0.0034722128935902193,0.009855040519510075,0.0002404052426406541,0.0024078195399678875,0.003555178496733337,0.004244353352610565,0.007191976397005741,0.008770441668804484,0.006786508351761576,0.0016605256375691426,0.0,0.00010549534932523643,0.0016681965032165763,0.011764963701026636,0.0,0.011571595054656703,0.017315112198260985,0.0,0.010775942970151246,0.03936676421035134,0.002655475195417276,0.0,0.0008484067301613543,0.006837695702653317,0.00773641879859206,0.0,0.009943719174520029,0.004227691306244326,0.0
74,27314.14277701896,9670.913605507745,0.00576404014038826,45549.3228359017,44183.799124955505,20160.20722034938,27236.01163447212,21098.401269711307,17732.879704473246,22687.262452844956,27897.99870744151,40431.65825073742,14714.160438983985,23212.804485198416,32132.5196045973,13015.037448242221,33757.75099960902,9808.79288412356,22609.17308670813,31942.001035966958,29398.44995721927,27282.511467295157,34503.646014253136,23198.299432755928,37685.291187839015,32061.680004166563,31796.86343130912,13563.747127909211,48746.70737566863,27699.571784572254,24835.015085954015,24743.449839307465,15739.269418002445,0.002321563427404258,0.003960893916577152,0.011285807937243965,0.0,0.0,0.005496546236509895,0.009105726973242327,0.006655478451235023,0.006512053206752363,0.007939435561566057,0.0032009507158005145,0.0029517553417880943,0.006215095108493572,0.0,0.009658411401739238,0.0009563627939489659,0.0,0.017181441302653953,0.0013316272963090233,0.0044777210148835055,0.036314698504749415,0.00117917609393291,0.0,0.0,0.007359371903153489,0.006657191221822304,0.002510492794780036,0.011436032270621052,0.005251490102311448,0.0029618806341292405
75,25558.825697457232,9587.372635979445,0.00441968819860159,42908.65909062638,40685.35103481126,14960.940511004741,25907.977835601,20772.467496963858,11532.07293577987,22687.262452844956,16052.483435059583,31749.719215625864,13401.405160883969,23212.804485198416,32132.5196045973,13015.037448242221,26543.438082313678,9808.79288412356,22609.17308670813,31942.001035966958,26491.489822670625,27282.511467295157,34503.646014253136,22926.061283699903,37685.291187839015,32061.680004166563,31796.86343130912,13563.747127909211,48746.70737566863,27699.571784572254,24835.015085954015,23510.811124025076,15739.269418002445,0.0018668729769964448,0.0,0.011024355422086098,0.007803088439646373,0.0,0.0,0.0033130245215812135,0.0020911607462646437,0.004914321871007652,0.0064234300990822935,0.0013275473113441541,0.0,0.01184037630678412,0.002580672662076411,0.0044388792480492155,0.0,0.0,0.014178916531114489,0.0,0.007122788156373345,0.0343793598056804,0.0,0.0,0.0,0.0022250742065131886,0.006364290191768475,0.00462742589707163,0.004544250023418743,0.0012052840618344916,0.0003195274793543592
76,24384.217074022556,9460.784291725813,0.005972052717289023,42908.65909062638,39967.48246171428,14960.940511004741,16074.919530611158,20772.467496963858,11532.07293577987,22687.262452844956,16052.483435059583,31749.719215625864,13401.405160883969,23212.804485198416,28399.038082271996,13015.037448242221,26543.438082313678,9288.378102343857,22609.17308670813,31942.001035966958,26491.489822670625,27282.511467295157,34503.646014253136,22926.061283699903,37685.291187839015,26277.245557662358,26341.98734060752,13563.747127909211,48238.17104376879,23192.753664759708,23047.56366559749,21119.492012451246,15739.269418002445,0.0005493744726710258,0.0,0.013138726227176578,0.0031655389705265414,0.002432164092580524,0.005410565473979206,0.0022569799484961723,0.007349833064911522,0.00796859402496403,0.008108180057772202,0.01111108100181807,0.0036783771606227356,0.0059732130225636886,0.006315022522818051,0.0028120749087803027,0.0016030312350743866,0.008366341072385392,0.014391290934618077,0.004385327422180479,0.0013467207736308864,0.03083633356762967,0.0011139020414324247,0.0002972668020965763,0.0,0.014014321903830814,0.0065333411561729815,0.00398150321549999,0.0016773939345395177,0.009760684529536353,0.0005843979803625087
77,23528.24134591704,9491.947907301748,0.00473682313210238,42908.65909062638,39967.48246171428,14960.940511004741,16074.919530611158,18495.81186547553,10605.652320129975,22687.262452844956,16052.483435059583,29803.230007298273,13401.405160883969,22542.208377560528,18869.06625617163,12097.412257827666,26543.438082313678,9144.16324409186,20297.509674903507,29437.265015743105,26491.489822670625,26264.11230658799,34503.646014253136,22926.061283699903,37685.291187839015,22844.74574510333,26341.98734060752,13563.747127909211,48238.17104376879,23192.753664759708,23047.56366559749,21119.492012451246,15739.269418002445,0.0,0.002620736217431561,0.00836233526485994,0.002734531398663647,0.0017038667256095762,0.0,0.0005062095116539524,0.001822130365703613,0.0037717503179049605,0.008100982596002547,0.0034246364016361644,0.002092432403483048,0.0009261921160425135,0.00734135992000435,0.0015580921758354222,0.0030848442943880003,0.003780644351794618,0.014864504010703584,0.0,0.0038379809040005753,0.03136827654418273,0.006316083729606366,0.0,0.0,0.011311893740931734,0.006793571162838239,0.005542056718909005,0.003481122492342415,0.0056183064562781515,0.0011401541422646647
78,22139.938658092648,8426.814152821591,0.005606931998756965,42908.65909062638,37158.364473304246,14960.940511004741,16074.919530611158,17814.767284429618,10605.652320129975,22166.377512942952,16052.483435059583,29803.230007298273,13401.405160883969,22323.22248010226,18869.06625617163,9473.928443345652,26543.438082313678,9144.16324409186,20297.509674903507,14150.763753487645,25852.520786094792,26264.11230658799,34503.646014253136,22926.061283699903,31668.1613645842,21144.581211883986,26341.98734060752,13563.747127909211,37085.37228564071,23192.753664759708,23047.56366559749,21119.492012451246,15739.269418002445,0.00010203485925085496,0.0,0.007032100943323929,0.007226039204880571,0.0020794102400383103,0.002887571394676364,0.0,0.0036484875738895246,0.008404049257552962,0.010877777828383166,0.00493430859972894,0.0010672807106925605,0.0,0.009864641702833328,0.0033784931861427386,0.003141401323551893,0.0,0.012263481561320014,0.0058960321886339,0.006855079753908065,0.028961334852707837,0.011472285450216833,0.0013570406026442582,0.0013560707432763574,0.015358808179013972,0.01020012415536573,0.0007271337636918574,0.0,0.0063841459847760375,0.0027328259022089945
79,21506.8430841916,8011.78381921726,0.004608573956539945,42908.65909062638,37158.364473304246,14960.940511004741,16074.919530611158,17814.767284429618,8930.028218342695,21692.616490613826,16052.483435059583,29695.14284182168,13401.405160883969,22323.22248010226,18869.06625617163,9473.928443345652,26543.438082313678,9144.16324409186,18976.305101775873,14150.763753487645,24546.269833715192,26264.11230658799,34503.646014253136,22926.061283699903,24598.94420636531,21144.581211883986,26341.98734060752,13563.747127909211,30966.50079325684,22272.902913431462,23047.56366559749,21119.492012451246,15739.269418002445,0.0,0.0010027127133881973,0.0029235089989171673,0.003131451919289943,0.004519602395091112,0.0008761351667931052,0.002734282925595961,0.0,0.008013815521574928,0.004665569555310101,0.000791208548663171,0.0017875386001915993,0.0045232724104144455,0.0035644672175821315,0.0,0.006395393809285472,0.0007183715067207154,0.013402819877323774,0.003086758482445298,0.0075600515398749745,0.02843665321766105,0.008283627162777418,0.002019549424043595,0.0018640256456027566,0.01038525916055749,0.003379108533135141,0.0046983701730389715,0.003788426319418924,0.00029898236372293766,0.005406255507777926
80,20667.835756047607,7898.982360336962,0.004798493592491871,40510.518063727584,37158.364473304246,14960.940511004741,16074.919530611158,17814.767284429618,8930.028218342695,21692.616490613826,16052.483435059583,29695.14284182168,13248.066285314288,22200.89840144537,18869.06625617163,9473.928443345652,22757.233746920927,9144.16324409186,18976.305101775873,13146.795468497678,24546.269833715192,18559.80720255009,34390.89977927419,22926.061283699903,24598.94420636531,20087.946826422936,26341.98734060752,13563.747127909211,30966.50079325684,22272.902913431462,23047.56366559749,12286.934494117137,15739.269418002445,0.0,0.0007925336560425608,0.0,0.008030184829655295,0.0031283218000628917,0.003265145874732433,0.005993440212535164,0.0,0.0063413782329555385,0.0016135672194659554,0.005485978387872288,0.0,0.005762614225760988,0.011606460182555994,0.0019332341748403846,0.0038469177873612353,0.0033230857133835978,0.010685593718456897,0.0,0.002518820362327698,0.025755848009694625,0.004002548233139787,0.0,0.007674800420695847,0.007157742765451789,0.004293300959168353,0.006487786661549731,0.007800572734267229,0.0012553563699933947,0.005199575242786455
81,19490.667718765486,7182.8074022346445,0.005653378459133997,40510.518063727584,30613.02783960106,14960.940511004741,16074.919530611158,17814.767284429618,8930.028218342695,21692.616490613826,16052.483435059583,27801.944249632386,13248.066285314288,17985.57501924963,18869.06625617163,9473.928443345652,17587.441670645017,9144.16324409186,18976.305101775873,13146.795468497678,24546.269833715192,18559.80720255009,30026.3565912692,22633.463636914104,16054.813092790033,20087.946826422936,26341.98734060752,13563.747127909211,30966.50079325684,22272.902913431462,19414.04510793226,11630.334566049049,15739.269418002445,0.0012402574281526414,0.002330769599747844,0.005276657350661066,0.004645795939226967,0.0,0.005011080788352406,0.005191583227339331,0.0008350325173537189,0.005263809445152711,0.007307693563034825,0.0,0.00664749229308759,0.0,0.012755731723677175,0.0015825643625629444,0.011818656230693081,0.0037925769560185852,0.013845247375564456,0.002346251186066646,0.007751009121752653,0.032834178149940434,0.006601691938976365,0.005110481052564421,0.003527278667265903,0.007547192807575783,0.007535887518251549,0.004730019176435967,0.002614846366338854,0.0,0.0014575689882259622
82,19441.41799734903,7142.541328206488,0.005642836108765829,40510.518063727584,30326.079168845183,14960.940511004741,16074.919530611158,17814.767284429618,8930.028218342695,21692.616490613826,16052.483435059583,27095.748536585004,13248.066285314288,17985.57501924963,18869.06625617163,9473.928443345652,17587.441670645017,9144.16324409186,18976.305101775873,13146.795468497678,24546.269833715192,18559.80720255009,30026.3565912692,22633.463636914104,16054.813092790033,20087.946826422936,26341.98734060752,13563.747127909211,30966.50079325684,22272.902913431462,18929.6978492419,11630.334566049049,15739.269418002445,0.005085272069662978,0.0014615660775747974,0.003532234052265385,0.009086640772656362,0.0,0.003949628596040161,0.0004317649910045842,0.0036369094399518447,0.005639469552646459,0.012907342465328231,0.0027391268160717143,0.004028687720913336,0.008937314051090418,0.011288492566878599,0.001645480938259007,0.01423645503046116,0.0018832983981864808,0.00965121245208525,0.011813493724957502,0.010558131039057879,0.027128341382066934,0.0006999578182132317,0.0035658842333754865,0.0,0.006925151056388392,0.006265165468016913,0.0021880625498218037,0.0,0.0,0.0
83,18973.213166371257,7205.116882162113,0.006355029343570906,40510.518063727584,28636.584918353048,14960.940511004741,16074.919530611158,17814.767284429618,8477.760804550971,21692.616490613826,16052.483435059583,26842.925271284625,13017.888954447964,17985.57501924963,12066.436830070914,9473.928443345652,17587.441670645017,9144.16324409186,18976.305101775873,13146.795468497678,24406.165640663457,15008.41783478422,30026.3565912692,22633.463636914104,16054.813092790033,20087.946826422936,26341.98734060752,13563.747127909211,30501.814284187472,21810.329740536523,18929.6978492419,11630.334566049049,15739.269418002445,0.0015718540047536531,0.006081984793971001,0.010262039142796092,0.008133565933965779,0.0065080390960401005,0.0058861220784427355,0.0,0.0,0.010908828249691046,0.01355814557666232,0.0,0.01073358176932919,0.0008898854537157076,0.017033708868058488,0.0044358899521753006,0.01986902540845742,0.008782147259486367,0.013257012791178668,0.0,0.008554187417320117,0.02466993233675902,0.0,0.004323895060417154,0.004229017234598637,0.0,0.006064094416651326,0.0030957069865319244,0.0,0.001802216476125122,0.0
84,18188.404484601637,6233.68491846227,0.006648756426675073,30932.201592865633,27860.899445049883,14960.940511004741,16074.919530611158,17814.767284429618,8477.760804550971,21104.30157221135,16052.483435059583,26842.925271284625,10355.031430613562,14195.341104390578,12066.436830070914,9473.928443345652,17587.441670645017,9144.16324409186,18976.305101775873,13146.795468497678,24406.165640663457,15008.41783478422,30026.3565912692,22633.463636914104,16054.813092790033,20087.946826422936,26341.98734060752,13563.747127909211,25474.596468413692,20688.695404482703,18929.6978492419,11630.334566049049,15739.269418002445,0.0,0.005496497615250337,0.006729693124451929,0.010668792133172015,0.011778184023527923,0.0068592608153412145,0.0,0.0,0.014759137225829574,0.01163305537875114,0.0025600743978455463,0.0095645534234506,0.0,0.009061396484512601,0.0029414851934153295,0.015096974366210679,0.002460380628609094,0.015652268107191177,0.0,0.0112116458987921,0.02662055011217238,0.0,0.006514173882761141,0.006540241934625234,0.0007371697247375688,0.0042945828612018936,0.0035171077665863107,0.009913145195486776,0.0,0.00485232250632965
85,17635.846811435553,6213.1155264154695,0.006256191735020325,30932.201592865633,27102.284651101432,13969.497280041998,16074.919530611158,15988.137888778498,8477.760804550971,21104.30157221135,16052.483435059583,26842.925271284625,10355.031430613562,14195.341104390578,12066.436830070914,9473.928443345652,17587.441670645017,8252.062671650037,18976.305101775873,13146.795468497678,24406.165640663457,12898.349379102772,30026.3565912692,22633.463636914104,12167.466109696916,20087.946826422936,20393.86670774171,13563.747127909211,25412.455517968265,20588.4302245901,18929.6978492419,11630.334566049049,15739.269418002445,0.0,0.005812896133172024,0.000366133027778923,0.012262195754451134,0.009735481991244709,0.0,0.0,0.0,0.010738122894932629,0.007385522096609763,0.007885130556438946,0.009079735907785658,0.0,0.009544939284613673,0.0,0.01715680737760931,0.007960273847420462,0.015845537539413552,0.005295249586927165,0.01064617318258057,0.02404759368175432,0.0,0.006945856472563397,0.0006771260437777398,0.006772151249068594,6.013735683455706e-05,0.0020650804714597,0.009305668769498687,0.0010677059706083877,0.007030232854065872
86,16208.080479194796,5903.407084402726,0.00663904297893818,30932.201592865633,25356.03024189197,13969.497280041998,16074.919530611158,15364.325642153077,7822.636141453079,16237.81553724103,16052.483435059583,21181.424209461315,10355.031430613562,14195.341104390578,12066.436830070914,9473.928443345652,17587.441670645017,8252.062671650037,17710.712109530104,11629.126923385613,24406.165640663457,8696.454471487014,30026.3565912692,22633.463636914104,12167.466109696916,13563.8639878252,20393.86670774171,12842.987332336084,16443.32710930837,20044.370529324588,16272.413626338051,11630.334566049049,12859.929272479867,0.00211731964032672,0.006488766911057665,0.009447662163489018,0.014429424041230843,0.006828012136831864,0.0027945315533978265,0.0024878785535108407,0.0,0.008709820194941903,0.004826484400142866,0.010363387758017924,0.010075603515886957,0.005089754420767484,0.002627100098428128,0.0,0.016247890311413125,0.0,0.013003636958868777,0.01018829738420592,0.009974904094955864,0.018179022775417292,0.005652821826904767,0.007458508825633106,0.0076028479384717285,0.008280366023734893,0.00160654731191084,0.0,0.0036157862541318785,0.005687125170484736,0.005387789103982377
87,15562.33525030981,5834.599817189308,0.005646485845098263,30932.201592865633,23958.311081257772,13969.497280041998,12151.862427380338,15364.325642153077,6154.356289661627,16237.81553724103,14678.314723590005,17252.977133760978,10355.031430613562,14195.341104390578,12066.436830070914,9405.078140082795,17587.441670645017,8252.062671650037,17710.712109530104,11629.126923385613,24406.165640663457,8696.454471487014,28805.630006772284,22633.463636914104,9772.033476173165,13563.8639878252,18283.499795739568,12842.987332336084,16443.32710930837,20044.370529324588,15500.441957449708,11116.99770449981,12859.929272479867,0.0009424466048992648,0.0,0.003366344729311917,0.009597525517364435,0.00667146645998892,0.0017885404269312262,0.004171036316901192,0.007861021274663224,0.011182723070080027,0.0004159739529270864,0.00669353621999973,0.009706968454303938,0.006345759993515472,0.008533705763329612,0.008088138472136597,0.014323946443681502,0.0,0.012188985037322568,0.003012304505220206,0.003203522820824423,0.016441433190109087,0.0030260623126891553,0.0032942407027412063,0.002093993736588562,0.007597002077044495,0.0,0.0070526409821028745,0.0006675155512970985,0.005648523461138444,0.005479217275835643
88,15285.8858465436,5710.197197191798,0.004796213187165326,30932.201592865633,23958.311081257772,13969.497280041998,12151.862427380338,15364.325642153077,6154.356289661627,16237.81553724103,12271.884192628917,17252.977133760978,8663.514390464026,14195.341104390578,11345.224239895735,9405.078140082795,17587.441670645017,8252.062671650037,17710.712109530104,11629.126923385613,24406.165640663457,8696.454471487014,25607.47174234435,22633.463636914104,9772.033476173165,13563.8639878252,18283.499795739568,12842.987332336084,16443.32710930837,19768.206842052095,15500.441957449708,11116.99770449981,12859.929272479867,0.00017697344308956658,0.0,0.005075972484475256,0.002601658535226563,0.004950591441403023,0.002811390483389095,0.01164204355538709,0.007128513654803382,0.013703998641074156,0.003649912634758054,0.014385737793058163,0.0062865910558699434,0.0032662689060360788,0.007364212413325878,0.0031495804536901817,0.013057397138316126,0.0006913816826745264,0.0026602858987932513,0.0012434141444279596,8.110574614346191e-05,0.0,0.0003838427996780693,0.0,0.00511380064253475,0.011815882129397671,0.0,0.007765595505088006,0.0,0.010015770008683034,0.004864474423636498
89,15036.58434576308,5802.527981365974,0.0050555610098187995,30932.201592865633,23841.136824246256,13969.497280041998,12151.862427380338,15364.325642153077,6154.356289661627,16237.81553724103,11995.46591482789,17252.977133760978,8663.514390464026,14195.341104390578,11345.224239895735,9405.078140082795,17283.506377855774,6240.494740462556,17710.712109530104,11629.126923385613,24406.165640663457,8696.454471487014,25607.47174234435,20587.892537790995,8790.33464029773,13563.8639878252,18283.499795739568,12842.987332336084,16443.32710930837,19768.206842052095,15500.441957449708,9445.915453123234,12788.332194228467,0.0037405779720167532,0.0027756746519257904,0.004849685799321129,0.006895578266786688,0.008663250189198658,0.000884532426969745,0.0076792394264749795,0.007529228779356273,0.014693686302567779,0.0008919703172052685,0.014774141790611784,0.0006076456351919515,0.005731388004840181,0.011291546945099979,0.004622458639667752,0.012838135405088923,0.0,0.004222037450366321,0.003842162069392519,0.0018957242583401742,0.0,0.0017146288586343279,0.0023588181096344763,0.001555205573331924,0.008889887115220053,0.0,0.0028963445464065232,0.001019910051924171,0.00640598420828735,0.008397387500702487
90,14785.657708802222,5646.249558266368,0.004286117353114353,30932.201592865633,20308.798574821736,13969.497280041998,12151.862427380338,15066.896887192912,6154.356289661627,16237.81553724103,11995.46591482789,17252.977133760978,8663.514390464026,14195.341104390578,11345.224239895735,9405.078140082795,17283.506377855774,6240.494740462556,17710.712109530104,11629.126923385613,23852.556342852695,8696.454471487014,25607.47174234435,20012.585932606784,8790.33464029773,10994.747786379101,18283.499795739568,12842.987332336084,16443.32710930837,19768.206842052095,15500.441957449708,9445.915453123234,12788.332194228467,0.00303611496261186,0.0,0.00860775334436238,0.006342110249001163,0.008913577588205917,0.0,0.00709260544910245,0.005009723348676891,0.004945683907880186,0.003306061343475955,0.01517583213447234,0.0,0.0011919848553666355,0.01135764523451619,0.0018835989404056544,0.010930716909967527,0.0008015413758634629,0.005300481874226808,0.004499467585881422,0.003282099008913307,0.0,0.0,0.004766576739083174,0.0,0.009277237183787234,0.0,0.006162037739954618,0.0,0.0,0.0067006708176754045
91,14547.622515748104,5397.630052159016,0.005298871069957421,30932.201592865633,20308.798574821736,13969.497280041998,12151.862427380338,15066.896887192912,6154.356289661627,16237.81553724103,11995.46591482789,17252.977133760978,8663.514390464026,14195.341104390578,11345.224239895735,8378.51143142733,17283.506377855774,6240.494740462556,17294.00047511735,11629.126923385613,23852.556342852695,8680.990233302133,19925.158531973993,20012.585932606784,8790.33464029773,10994.747786379101,18283.499795739568,12842.987332336084,16443.32710930837,19768.206842052095,15500.441957449708,9445.915453123234,12788.332194228467,0.0015819820554269295,0.0,0.008070423836080084,0.007496256490253959,0.015472990969029255,0.0014080105519766676,0.009287369643199171,0.0009970688748909848,0.009261036275751571,0.0,0.014403827772383984,0.0,0.0,0.010678984019923671,0.010223698605012523,0.009643328637667046,0.011107952002713231,0.0013255963954097356,0.0,0.0042158113261568635,0.0,0.0,0.0018336842066545673,0.004110771789873853,0.013122378313439589,0.0,0.00682876969384177,0.005775046530623096,0.0006524309935492772,0.01146871311486474
92,14197.264957168112,5247.431049585465,0.005394851173156101,30887.93764637297,20308.798574821736,13624.000946162565,12151.862427380338,13893.220286783133,6154.356289661627,16237.81553724103,11995.46591482789,17252.977133760978,8104.30649331301,13978.86926229972,11345.224239895735,8378.51143142733,17283.506377855774,6240.494740462556,15894.032217706617,11629.126923385613,19560.964446252452,8680.990233302133,19925.158531973993,20012.585932606784,8790.33464029773,9638.156324252246,18283.499795739568,11719.528811097902,16443.32710930837,19768.206842052095,15500.441957449708,9445.915453123234,12788.332194228467,0.0044485069604296235,0.0055202413517334665,0.0011472738508800167,0.006081474353803575,0.0074370305289658935,0.0038808578633840927,0.008768687870665313,0.008933415771539343,0.008578207798300201,0.0012376606991485078,0.016292994310990433,0.00026297648946602587,0.0005037944860173076,0.0023893113933095263,0.011564871725359412,0.0,0.01071323660448217,0.0,0.004878812149640915,0.005181149411693798,5.916174282115848e-05,0.0,0.0009002769679010467,0.00828828003037703,0.008410222996203812,0.0,0.007275805666836832,0.010914736190120441,0.008909033236976836,0.009267514743636244
93,13792.47885731699,5152.736097933105,0.005048185542518758,29896.5586109727,20308.798574821736,13624.000946162565,12151.862427380338,12531.91098562781,6154.356289661627,16237.81553724103,9971.669396203351,17252.977133760978,8104.30649331301,13628.401404740505,11345.224239895735,7683.603580811979,16168.578505697747,6240.494740462556,15894.032217706617,11629.126923385613,19560.964446252452,8680.990233302133,19925.158531973993,19449.255786985508,8790.33464029773,9638.156324252246,14512.697551288858,11719.528811097902,16443.32710930837,19768.206842052095,15340.282800831586,8333.4124397924,12788.332194228467,0.0,0.0016538118076116818,0.0,0.0022620209825345078,0.007143215506736329,0.0022268229705410523,0.017017828688453293,0.00042077639369324466,0.006457165170326007,0.006469484945081859,0.008035101796762624,0.0003641284946666673,0.0,0.002515820164785055,0.012962727331084148,0.005507346258388036,0.009628339229663333,0.010140914956769713,0.0008302915053974008,0.004056423095600641,0.006849501769010513,0.0,0.0013388272649066796,0.0014708579540605243,0.011613612474632043,0.000966080590605796,0.011517166196439372,0.00826768473600768,0.006342739774045843,0.005386876217758718
94,13361.915797111822,4945.0077177035355,0.006070064834568636,26926.252590290136,19126.910131397915,13624.000946162565,10717.012311902463,12531.91098562781,6154.356289661627,16237.81553724103,7349.085468192062,17130.030694808258,8104.30649331301,13202.600725412789,11345.224239895735,7683.603580811979,16168.578505697747,5686.474173981549,15894.032217706617,11629.126923385613,18472.14695173237,8680.990233302133,19925.158531973993,19449.255786985508,7444.988458723273,9638.156324252246,14512.697551288858,11719.528811097902,16443.32710930837,19768.206842052095,14169.95086312806,8333.4124397924,12788.332194228467,0.002113024062876209,0.01834251695616617,0.0,0.0,0.005522104025044292,0.0012378536542123765,0.016100581826675057,0.0021218691495135944,0.009709464569949096,0.0013449486475944797,0.008075931597738516,0.004880792552409647,0.0,0.0018936168501269507,0.008987938881743313,0.00904391869697994,0.008955597581545922,0.006477333469439779,0.0048235873443005645,0.005106936197384428,0.004207722298014886,0.009795911446325177,0.000509909726434528,0.002288384770045874,0.01658742831874596,0.0030593157826535014,0.0015063594857986833,0.016742998033071384,0.00593161919281822,0.006734279919450471
95,13028.405927732498,4599.0904194355135,0.005352396812685043,20884.086740090668,19126.910131397915,13624.000946162565,10717.012311902463,12531.91098562781,6154.356289661627,16237.81553724103,7349.085468192062,17130.030694808258,8104.30649331301,13202.600725412789,11345.224239895735,7683.603580811979,16168.578505697747,5686.474173981549,15894.032217706617,11629.126923385613,17942.124897379716,7479.5805782247835,19925.158531973993,19449.255786985508,7444.988458723273,9638.156324252246,14512.697551288858,11410.777660339307,16443.32710930837,19768.206842052095,14169.95086312806,6410.46506880071,12788.332194228467,0.0,0.018308172336565513,7.515938930593925e-05,0.0,0.0,0.004104362159718394,0.01463628627227302,0.00667341981528766,0.012775405263485962,0.00860103381954843,0.0013804221392592602,0.015508532641265237,0.0021872556931881214,0.0,0.0,0.002342645902585449,0.007721107466985931,0.0,0.003818612783565606,0.006175983586987077,0.004080334002214813,0.0015834436392665895,0.0,0.009525056300256074,0.010502806009969709,0.003930105567129948,0.0,0.012698210151323023,0.009873776868393504,0.00406977257197602
96,12744.21925581861,4599.273674134194,0.00612236247170279,20884.086740090668,19126.910131397915,13624.000946162565,10717.012311902463,12531.91098562781,6154.356289661627,14271.95635680735,7349.085468192062,16146.938483027985,8053.521074289194,13202.600725412789,8940.765500710902,7683.603580811979,14725.764878329965,5665.5507987368155,15894.032217706617,11629.126923385613,17942.124897379716,6872.529146057943,19925.158531973993,19449.255786985508,7444.988458723273,9638.156324252246,14512.697551288858,10413.030852768126,16443.32710930837,19715.337477408695,14169.95086312806,6410.46506880071,12788.332194228467,0.0,0.017431435957063528,0.004552651791370814,0.001987945096754484,0.0,0.0006584165366545619,0.021783519138692167,0.007561550278805039,0.010258129991391472,0.007437857742741782,0.007041010843700029,0.011643871741106164,0.007888811511928958,0.0035819338056622173,0.005748760161556892,0.0,0.004681668033112191,0.00395648440218854,0.009251216481668646,0.007833438682913951,0.007344213568129085,0.003665291275950597,0.0,0.0108999145924981,0.01197585300859953,0.0,0.0,0.007002856076149159,0.004642440580374998,0.00484160285207077
97,12232.976016080504,4608.921167726628,0.005849451545086992,20526.09680382615,19126.910131397915,13624.000946162565,10717.012311902463,12531.91098562781,6150.7005572617445,14254.492107765047,7349.085468192062,10053.909608585793,7884.615571476698,13202.600725412789,8940.765500710902,7228.876335083132,14725.764878329965,5665.5507987368155,9386.551011486034,11629.126923385613,17942.124897379716,6872.529146057943,19925.158531973993,19449.255786985508,6726.420893753408,9638.156324252246,14345.589748546401,10413.030852768126,16443.32710930837,19715.337477408695,13789.600022722907,5942.446831685855,12788.332194228467,0.0,0.018275207023363237,0.0,0.007349433748125352,0.006618938839699032,0.0,0.015246322817162542,0.007601266012450433,0.0027861602112979364,0.003285165626380687,0.0,0.0038000712836586165,0.00024952822590640876,0.0006139658606193477,0.0,0.000635862359313099,0.0036042087586392177,0.004650886487609457,0.017117029992768627,0.007140655865060798,0.018084352018412717,0.0,0.0006710619393072558,0.017762221546242338,0.015624075941450684,0.00047793898622679334,0.005233707945385838,0.007524956805267256,0.0034330432944459735,0.007697484763816124
98,12067.543111787472,4604.9924349764115,0.005930217124791749,20526.09680382615,19126.910131397915,13624.000946162565,10670.653653789379,11977.925660650828,6150.7005572617445,14254.492107765047,7349.085468192062,10053.909608585793,7884.615571476698,13202.600725412789,8940.765500710902,7228.876335083132,14725.764878329965,5637.521322754731,8930.532625423943,9290.52769118678,17942.124897379716,6872.529146057943,19412.21335489739,19449.255786985508,6726.420893753408,9638.156324252246,13476.399742305224,10413.030852768126,16285.466241168277,19715.337477408695,13789.600022722907,5942.446831685855,12788.332194228467,0.007399968132925684,0.015649524203053673,0.0,0.009777574525201858,0.0073704715696655855,0.0007023885381743654,0.011041825982198559,0.008270974140678391,0.004166485004994223,0.0,0.00335056301119934,0.0015408715053050546,0.004750869069836967,0.005536879887556708,0.0010968352035853701,0.005241599030895881,0.0,0.005660120389044364,0.013675652764314494,0.0056119215998543855,0.013476135104792376,0.0,0.0,0.009978656170242213,0.01514205788992176,0.00621438611946528,0.003182011252115023,0.008311183034982723,0.004073464188846583,0.006684095424901596
99,11633.48341967303,4537.562053213739,0.006291570139079586,20526.09680382615,19126.910131397915,13624.000946162565,10670.653653789379,11945.244973975423,6150.7005572617445,14254.492107765047,7349.085468192062,10053.909608585793,7884.615571476698,13202.600725412789,8940.765500710902,5074.969094831043,14082.570215628979,5637.521322754731,8930.532625423943,8127.681685063923,17942.124897379716,6872.529146057943,16070.496088286933,19449.255786985508,6726.420893753408,7786.238598050954,13476.399742305224,10413.030852768126,12449.93906629813,19715.337477408695,13789.600022722907,5942.446831685855,12788.332194228467,0.0011746927054227768,0.01569758500905826,0.009337328556859486,0.0033677615275896503,0.008252384920069746,0.003975473896899483,0.0114710793824531,0.0,0.00430381602307693,0.00851369605732805,0.00287682900120213,0.0,0.002422949680499746,0.0028605735999581504,0.0,0.005050069983237683,0.0,0.011274315836161116,0.01574988413541066,0.007681271479731563,0.01344048900661275,0.002486967886623378,0.0,0.013705874896350353,0.016099612281989705,0.0029126403118755165,0.006667511689828011,0.0018017722075012353,0.005729404483665385,0.01189311961298272
100,11499.87773032077,4457.161472055496,0.006177455288833278,19583.84105510422,19126.910131397915,12984.398322066783,10670.653653789379,11945.244973975423,6150.7005572617445,14254.492107765047,7349.085468192062,10053.909608585793,7884.615571476698,13202.600725412789,8940.765500710902,5074.969094831043,14082.570215628979,5637.521322754731,8930.532625423943,8127.681685063923,17942.124897379716,6872.529146057943,16070.496088286933,19443.516139639796,6726.420893753408,7786.238598050954,11055.827081900843,10413.030852768126,12449.93906629813,19715.337477408695,13789.600022722907,5942.446831685855,12788.332194228467,0.002144148025799625,0.014606409593342399,0.0049763612855071885,0.002312520442179565,0.01663243906228867,0.0058874551303218685,0.015035689158154321,0.0013554197259399846,0.004206516792954656,0.009660703742163951,0.00514218626295697,0.0,0.002030666061371239,0.0014947067010699124,0.0019186748930506469,0.00997807577694856,0.0,0.004458023295331757,0.007758507825146481,0.009716869321152916,0.007032836858200048,0.005097014545262026,0.0,0.013785826415430457,0.010233121518856284,0.0,0.004617529044888135,0.0047636799730257804,0.010878578578099748,0.009599698635555157
101,11411.736244910739,4386.061454355453,0.006014251272937309,19583.84105510422,19126.910131397915,12984.398322066783,10670.653653789379,11945.244973975423,6034.071691452386,14254.492107765047,7349.085468192062,10053.909608585793,7884.615571476698,12779.150900632363,8940.765500710902,5074.969094831043,14082.570215628979,5637.521322754731,8908.215600615062,8127.681685063923,16783.448666440974,6872.529146057943,16070.496088286933,19180.077214549732,6726.420893753408,7786.238598050954,11055.827081900843,10153.48795040034,12449.93906629813,19715.337477408695,13389.409234217195,5942.446831685855,12788.332194228467,0.00036719975170922597,0.013910034356094022,0.010784118177208707,0.00238688056747074,0.015323894511001412,0.0052947566110998325,0.010606114826799382,0.0,0.0,0.007279424062018566,0.0019288241158020903,0.001442872264788803,0.0,0.0009422104123612209,0.0,0.008429712778004366,0.0,0.012765208920171217,0.008302404696986792,0.0045300866844443085,0.015625570130579306,0.006689548046682171,0.0019509727352396452,0.00932408795092506,0.00828781679349882,0.004214264942461951,0.0063411864595143905,0.006655885261929656,0.004096205637058922,0.012948257494268672
102,10939.951526656789,4132.638022072669,0.00689381959810646,16871.750540556626,18497.058698756115,11844.925514117942,10670.653653789379,11945.244973975423,6034.071691452386,14158.16935326753,7349.085468192062,10053.909608585793,7884.615571476698,12779.150900632363,8940.765500710902,4505.695663644808,14082.570215628979,5637.521322754731,8908.215600615062,7506.185164666922,10943.981610239469,6870.285086542812,16070.496088286933,19180.077214549732,6726.420893753408,7786.238598050954,8738.654391488146,9927.337670130146,12449.93906629813,19715.337477408695,13389.409234217195,5942.446831685855,12788.332194228467,0.0,0.01758315050387839,0.01073620523839983,0.0020529583194399247,0.012604748271633584,0.0034085104932498464,0.014987370859428263,0.006169727702065757,0.004738597834011204,0.00917902561952418,0.0035481632419202694,0.006532796141835108,0.0,0.0,0.013001474473924982,0.011943664977873292,0.00542198221641607,0.01631039966871909,0.007420017152099163,6.013915352615447e-05,0.009140699963782977,0.005691507870247545,0.0,0.011268975569185453,0.004189066086717268,0.0040697024315402746,0.011350851155141298,0.0,0.0005343224637826036,0.014870530534851281
103,10609.243053603836,3983.624551843835,0.0077072627969742,12365.595101977564,18497.058698756115,11844.925514117942,10166.050652431864,11945.244973975423,5831.9810204081505,14158.16935326753,7306.335526162431,10053.909608585793,7884.615571476698,12779.150900632363,7781.454028696979,4505.695663644808,14082.570215628979,5637.521322754731,8908.215600615062,7506.185164666922,10943.981610239469,5728.294021496788,16070.496088286933,17512.027331875746,6202.809067856974,7786.238598050954,8572.480808197444,9927.337670130146,12449.93906629813,19715.337477408695,13389.409234217195,5942.446831685855,12781.81488457143,0.004971722027655829,0.016836028815653315,0.005149449764928091,0.0,0.01470004482689195,0.016583389071940548,0.012484539415736354,0.004037471446975913,0.0021631626178705912,0.0046651764759420835,0.0019918532225744914,0.006268230371973931,0.008265237323519704,0.0,0.01080803786269987,0.012338209908440707,0.005133609482580138,0.012414239064182597,0.008808358132710031,0.006219625965021031,0.004105647301444874,0.01061416460799027,0.005619688094486125,0.006524122868830961,0.007426324137959622,0.004572191424607799,0.01555927612435294,0.0005673262869040189,0.010073347684142921,0.012317409581209266
104,10453.599867772913,3923.066250839157,0.007127586473762024,12365.595101977564,18497.058698756115,11844.925514117942,10166.050652431864,11945.244973975423,5831.9810204081505,14158.16935326753,7306.335526162431,10053.909608585793,7884.615571476698,12779.150900632363,7781.454028696979,4505.695663644808,14082.570215628979,5637.521322754731,8908.215600615062,7506.185164666922,10943.981610239469,5728.294021496788,16070.496088286933,17512.027331875746,6202.809067856974,7281.003960347734,8572.480808197444,7523.4222441131,12449.93906629813,18244.008616871546,13389.409234217195,5942.446831685855,12492.998233901137,0.002234768218638824,0.013326067728723077,0.003424115480502878,0.002373226249974133,0.016718683485066926,0.016007476528779156,0.016973851242578376,0.003377788460061452,0.005170652029826718,0.006431278027194054,0.0031156652874151283,0.009159881285641783,0.0138478395215611,0.0,0.009546660683190827,0.007672874729630121,0.005365556148309586,0.01016048906510432,0.003441040835167085,0.0033191640468433867,0.0007252245941976061,0.011151404004979545,0.0020395025929277203,0.009776702192883794,0.0,0.0017781683547274099,0.013740610857851705,0.0012867603771961672,0.011665396373728239,0.009996745810159663
105,10121.47584431738,3760.572498436973,0.006473553302573639,12365.595101977564,17982.383912137517,11844.925514117942,9005.483115411746,11945.244973975423,5831.9810204081505,13700.38373062565,6228.398545365283,9585.939830762496,7884.615571476698,12779.150900632363,7781.454028696979,4505.695663644808,13307.454101220155,5637.521322754731,8908.215600615062,7506.185164666922,9501.07630428323,5728.294021496788,12003.731509886997,17512.027331875746,6202.809067856974,7281.003960347734,8572.480808197444,7523.4222441131,12449.93906629813,18244.008616871546,13389.409234217195,5942.446831685855,12492.998233901137,0.0024350408923136616,0.012391492475067588,0.009283428777212832,0.0005724914159992064,0.011598050832988835,0.012076369967988235,0.013111594236500917,0.007383693543671824,0.007952215954637108,0.011385545951716734,0.0,0.0,0.012462408881770123,0.0,0.01595532606887894,0.009763117903374837,0.00798357549245146,0.00238257759942881,0.004620453464817678,0.00031970648926504325,5.672526770836826e-05,0.0,0.0007478354226397464,0.012344136894932233,0.011248354413595377,0.006328374380089861,0.002234168564263509,0.0,0.01178238786759745,0.007787526318298751
106,9964.247813878923,3745.2826329560153,0.006082375612627302,12365.595101977564,16911.146234598113,11844.925514117942,9005.483115411746,11945.244973975423,5831.9810204081505,13700.38373062565,6228.398545365283,9585.939830762496,7290.480515266811,12779.150900632363,7781.454028696979,4505.695663644808,13307.454101220155,5637.521322754731,7221.008342396751,7506.185164666922,9501.07630428323,5728.294021496788,12003.731509886997,17512.027331875746,6074.610717867305,7281.003960347734,7625.918529910649,7523.4222441131,12449.93906629813,18244.008616871546,13099.908941307565,5942.446831685855,12492.998233901137,0.0,0.008335097733705539,0.011112253651804488,0.002615185946819885,0.01332530921595006,0.01037719513371016,0.010075081378222155,0.00017868171574544542,0.006187454379460814,0.0062379752097912805,0.002049177183244854,0.0,0.01985383130571899,0.0,0.022198422524588268,0.012830576740786375,0.004427429757108508,0.004123820969286851,0.00024007349610593082,0.0027044307748688074,0.0,0.008668833022752408,0.0,0.001205463373844169,0.0034415484812646874,0.007497041277031372,0.002605780582646932,0.005164386910890911,0.008383076686457018,0.008633140927013169
107,9861.878874900052,3736.741244630078,0.0065566975080819006,12365.595101977564,16637.637767653105,11844.925514117942,9005.483115411746,11945.244973975423,5831.9810204081505,13700.38373062565,6228.398545365283,9389.332804914788,7290.480515266811,12779.150900632363,7781.454028696979,3825.099061011541,12937.656883906115,5637.521322754731,7221.008342396751,7259.72807691629,9501.07630428323,5728.294021496788,12003.731509886997,17512.027331875746,6074.610717867305,7281.003960347734,7625.918529910649,7523.4222441131,12449.93906629813,18244.008616871546,13099.908941307565,5942.446831685855,11188.896465025708,0.0005954214232169583,0.01107225734082091,0.012855943792833106,0.010880867531428322,0.009040671351657066,0.003733236991524175,0.002121588521523111,0.002339927247634332,0.004164650798374795,0.006874919608469933,0.006321531769254383,0.002528838622903061,0.015170016142478327,0.004089198785076033,0.011186879995393018,0.010470286997960368,0.012351791705300355,0.00877131386645809,0.0030273011839236897,0.0,0.003090308232536287,0.008610836181626369,0.0,0.0,0.007624364598643247,0.011993824239947671,0.007603363200375225,0.0044918525912916495,0.005037562213317429,0.010652170308489145
108,9715.700472997398,3472.4979851579596,0.007493110116086854,12365.595101977564,16637.637767653105,11462.725862849553,9005.483115411746,11945.244973975423,5831.9810204081505,13700.38373062565,6228.398545365283,9389.332804914788,7219.345926444145,12779.150900632363,7781.454028696979,3825.099061011541,12937.656883906115,5637.521322754731,7221.008342396751,7259.72807691629,9501.07630428323,5728.294021496788,12003.731509886997,16094.833281765215,6074.610717867305,7281.003960347734,7625.918529910649,7523.4222441131,12449.93906629813,15729.184849993493,13099.908941307565,5942.446831685855,11188.896465025708,0.015028356475715383,0.011951174881480817,0.005034581125396105,0.009434308720944473,0.007804489987561353,0.00991606208897213,0.0009990011029878854,0.00020636127393979076,0.007209917140657608,0.00507600644853703,0.0030073410901426847,0.004106459095959984,0.015383025378882989,0.007884694446200258,0.012299158562372866,0.009639572362449363,0.012670461462258293,0.00613415613838391,0.008614364940869979,0.0,0.0,0.006316293970349659,0.006099014143091124,0.0,0.01422622178541519,0.008477619606353898,0.012650940615678253,0.004011859373263916,0.008635067146883555,0.011976794117857086
109,9626.18914507299,3439.5814082882675,0.007159754403120593,12365.595101977564,16637.637767653105,11462.725862849553,9005.483115411746,11945.244973975423,5831.9810204081505,13700.38373062565,6228.398545365283,9389.332804914788,7219.345926444145,12779.150900632363,7781.454028696979,3825.099061011541,12591.248035546078,5637.521322754731,7221.008342396751,7259.72807691629,8961.313158043968,5728.294021496788,10204.563666754046,16094.833281765215,6074.610717867305,7281.003960347734,7625.918529910649,7523.4222441131,12449.93906629813,15729.184849993493,13099.908941307565,5942.446831685855,11188.896465025708,0.011401552316649025,0.019092559999016056,0.00597057367592155,0.010034999437025348,0.004475224675346379,0.0026257515042309634,0.0021898820166047573,0.0,0.012090658010781151,0.0,0.0,0.005302690075183961,0.019157022358244253,0.004319349181127964,0.007903137261956844,0.004946869752490465,0.016868597910548754,0.007908210943939295,0.005705969678772575,0.0027840194849486385,0.001696544367271895,0.012384432363270768,0.012739433144012272,0.0016130727609244724,0.010806316345116368,0.0028663741777024826,0.00467667743041059,0.006155918251067678,0.011783238819174894,0.007293556151878378
110,9609.820529511435,3444.8395258362275,0.00720202134610944,12365.595101977564,16637.637767653105,11359.195825520757,9005.483115411746,11945.244973975423,5797.906889845598,13700.38373062565,6228.398545365283,9389.332804914788,7219.345926444145,12779.150900632363,7781.454028696979,3825.099061011541,12591.248035546078,5637.521322754731,7221.008342396751,7259.72807691629,8961.313158043968,5728.294021496788,10204.563666754046,16094.833281765215,6074.610717867305,7281.003960347734,7301.359598217029,7523.4222441131,12449.93906629813,15729.184849993493,13071.013574045828,5942.446831685855,11188.896465025708,0.00544159082749484,0.016067688260090147,0.008680294350607827,0.013207792663597055,0.004605301409828111,0.0014679937288287128,0.0019253431024863852,0.002648092247685066,0.011710386046556508,0.0,0.009813912926684562,0.003471489001011892,0.027251930647975653,0.005131235479792835,0.010790223245633453,0.008692795343798616,0.012988365544715465,0.009558237855302337,0.008011601259648426,0.0,0.0,0.013897766642547339,0.012366880917112515,0.0,0.013199724601131354,0.005732622913050138,0.001349280868611977,0.0,0.008050090499092043,0.0
111,9417.601192164062,3373.9748320953545,0.007307468633107419,9242.831682359483,16637.637767653105,11359.195825520757,9005.483115411746,11945.244973975423,5797.906889845598,13700.38373062565,5974.427665612002,9389.332804914788,7219.345926444145,12779.150900632363,7781.454028696979,3825.099061011541,12591.248035546078,5637.521322754731,7221.008342396751,7259.72807691629,8961.313158043968,5728.294021496788,10204.563666754046,16094.833281765215,6074.610717867305,7281.003960347734,7301.359598217029,7523.4222441131,11551.687493533489,15729.184849993493,11968.21322201792,5553.652935428629,11188.896465025708,0.009269500784495332,0.005647494608767926,0.004076943824456151,0.008157046991560616,0.000713721008210155,0.005531261455203608,0.0018726652919814676,0.004023760793811086,0.00989326688467016,0.01084872106617666,6.567565291751552e-05,0.007651183392374144,0.02588625888262366,0.00660170702525891,0.007377171856390613,0.011061911463127235,0.01030275031172631,0.014876634587913759,0.008402130818654109,0.0038215384089692367,0.001088926819520886,0.011196958745551036,0.015645284882723785,0.005077511944005563,0.00780116091391379,0.0017981084455194233,0.0038915924990925504,0.01061673687155867,0.00288715550003184,0.0031392772620163533
112,9016.41777071447,3035.791607587841,0.007337443295194164,9242.831682359483,13986.684401575676,11359.195825520757,8529.331337693986,11945.244973975423,5195.936446889179,13700.38373062565,5974.427665612002,9389.332804914788,7219.345926444145,12779.150900632363,7781.454028696979,3825.099061011541,12591.248035546078,5637.521322754731,7221.008342396751,6838.941281180286,8961.313158043968,5728.294021496788,10204.563666754046,9747.581975563895,6074.610717867305,7281.003960347734,7301.359598217029,5985.033289314247,11551.687493533489,15729.184849993493,11968.21322201792,5553.652935428629,11188.896465025708,0.008926037648549542,0.0026138944440253593,0.012653931691239078,0.00964479869555671,0.007305488874795505,0.0030451419407646896,0.0002621661930356408,0.010964805112870122,0.016967780530202235,0.005040228667938309,0.004721079764381508,0.004740339300825535,0.019460352212478677,0.009825165039025913,0.006658152394239372,0.016488352683510347,0.012824466130617898,0.009307280275726972,0.008884294191239568,0.0,0.0,0.009908045327522284,0.00838176352135774,0.007569456005174668,0.00783493086001767,0.000528441454953992,0.004987751163673571,0.00765945614082818,0.0,0.0029196985912738065
113,8798.671702566968,2926.951468726251,0.0087479249791896,9242.831682359483,10955.568471204611,9495.39103830231,8529.331337693986,11945.244973975423,5195.936446889179,13700.38373062565,5461.7630908315,9389.332804914788,6457.19401163209,12779.150900632363,7781.454028696979,3648.815934541176,12591.248035546078,5637.521322754731,7221.008342396751,6838.941281180286,8961.313158043968,5728.294021496788,10018.201955981443,9747.581975563895,6074.610717867305,7281.003960347734,7301.359598217029,5985.033289314247,11551.687493533489,15729.184849993493,11968.21322201792,5553.652935428629,11188.896465025708,0.011153225121146675,0.004279146548659269,0.0009373960897151889,0.005988144374240107,0.00684411654914868,0.0033818778365206515,0.004923776962620784,0.01168823920208455,0.022618834363899457,0.003185497899300003,0.006684176741856945,0.0,0.022826175505774093,0.01399776930259942,0.011228685364361907,0.019800745156789205,0.016534507278003076,0.013006226587837401,0.0003221643472357848,0.0010491097298932282,0.0040965165337983785,0.01339091771923942,0.01764261162973476,0.00627043382731118,0.01245638344261451,0.0,0.006600644651391177,0.0061586411005452105,0.0017167640556390949,0.01365502145372782
114,8715.22542270042,2934.217709010785,0.00922266903905548,9242.831682359483,10370.880281273407,9075.559898464691,8529.331337693986,11945.244973975423,5195.936446889179,13700.38373062565,5461.7630908315,9389.332804914788,6411.5181357032025,12570.605509309748,7781.454028696979,3648.815934541176,12591.248035546078,5637.521322754731,5976.360543420643,6838.941281180286,8961.313158043968,5728.294021496788,10018.201955981443,9747.581975563895,6074.610717867305,7281.003960347734,7301.359598217029,5985.033289314247,11551.687493533489,15729.184849993493,11968.21322201792,5553.652935428629,11188.896465025708,0.010415024005059795,0.009509716921933857,0.0005125315578223394,0.005543821285216527,0.010194453364871407,0.005956823042896927,0.01889315520674406,0.011628794115633855,0.017586284553560785,0.003604545255238912,0.004581407305900601,0.0010602717006539203,0.01903325012106881,0.011501616653282474,0.016517743588670888,0.018292789982260856,0.020689126833986504,0.014221892155754465,0.007479171128389529,0.005313017734664136,0.0014090506599429963,0.008192781633031223,0.0130701509532492,0.007875978522058432,0.016762849158483653,0.0014724555359735916,0.0009669161477576131,0.005755614173656176,0.0,0.008638837873900925
115,8555.177111489156,2980.881483259701,0.007720982964461009,9242.831682359483,10137.26068305256,7773.14422385478,8529.331337693986,11945.244973975423,5195.936446889179,13700.38373062565,4237.648214925422,9305.362941646355,6411.5181357032025,12570.605509309748,7425.84929942656,3648.815934541176,12325.846806470307,5637.521322754731,5976.360543420643,6838.941281180286,8961.313158043968,5728.294021496788,10018.201955981443,9747.581975563895,6074.610717867305,7281.003960347734,7301.359598217029,5264.333319786133,11551.687493533489,15729.184849993493,11401.57130642774,5553.652935428629,11139.91498415759,0.005247824541870309,0.009111889649327316,0.0,0.0014130360003707942,0.012027680702081643,0.0025924100152859477,0.011398085224542066,0.005952754111099065,0.01135687784441849,0.0,0.003915304099910163,0.007759999778988886,0.01720125783726488,0.011919851717138852,0.01509660415954284,0.009115948760102166,0.02603043594974565,0.0069350707206558065,0.0,0.007514916432596266,0.003715301095629633,0.0024669638303838237,0.00788181640682587,0.0,0.022934873590506617,0.0036623125559644347,0.002972062800526426,0.008058320385819571,0.003394381460125163,0.011953509263107563
116,8472.586285036983,2834.737157376789,0.00766705228645655,9242.831682359483,10137.26068305256,7773.14422385478,8529.331337693986,11945.244973975423,5195.936446889179,13700.38373062565,4237.648214925422,9305.362941646355,6411.5181357032025,12570.605509309748,7425.84929942656,3648.815934541176,12325.846806470307,5637.521322754731,5976.360543420643,6838.941281180286,8961.313158043968,5728.294021496788,10018.201955981443,9747.581975563895,6074.610717867305,7049.056152359541,7202.559809845882,5264.333319786133,11551.687493533489,13582.207652787622,11401.57130642774,5553.652935428629,11139.91498415759,0.005246110049793052,0.0064244032470603925,0.010411305484373603,0.01491180739519194,0.01631790492587378,0.00285990782496573,0.008326642231447284,0.0,0.009166621631132306,3.36689969544596e-05,0.010727513118546757,0.0032053164986554417,0.013283237120737507,0.009269142140204911,0.008117973024791452,0.010104980911037568,0.029596161280518608,0.008889849524068483,0.004881767663278823,0.0023732019079552315,0.0030236739543931614,0.0011828320417969268,0.008851287528620008,0.002236598494927752,0.021897471494423813,0.00012797967074429432,0.0,0.008645946937256592,0.004331730728844695,0.00556653276610194
117,8459.352990841648,2820.8878452650015,0.007163719787459352,9242.831682359483,10137.26068305256,7773.14422385478,8529.331337693986,11945.244973975423,5195.936446889179,13700.38373062565,4237.648214925422,9305.362941646355,6411.5181357032025,12570.605509309748,7425.84929942656,3648.815934541176,12325.846806470307,5637.521322754731,5976.360543420643,6838.941281180286,8961.313158043968,5728.294021496788,10018.201955981443,9747.581975563895,6074.610717867305,7049.056152359541,7202.559809845882,5264.333319786133,11551.687493533489,13512.837965811055,11401.57130642774,5553.652935428629,10812.2858452741,0.01015490505258856,0.004474688901223891,0.0044311078974704305,0.016455852246423246,0.011025348625479341,0.0009738047861024131,0.00926242008810081,0.003510276172508096,0.006060159293585307,0.004713074816913764,0.017226139674530086,0.004519264078802658,0.020140692302724656,0.006763738832491798,0.008900814091935563,0.004473223756914185,0.023807429101396414,0.005599130760553793,0.00525422019508498,0.003397931449338857,0.00013432028479949614,0.0,0.006092260686057945,0.002745470176095044,0.014130828281861114,0.0059099378987915435,0.002155738555689933,0.0066809049929849465,0.002723475625869758,0.003194434997461938
118,8228.053386720198,2857.943830697512,0.00846520812571362,9242.831682359483,8144.445848578347,7773.14422385478,8529.331337693986,11945.244973975423,5195.936446889179,13700.38373062565,4237.648214925422,8762.164145824303,6411.5181357032025,12570.605509309748,6572.8427347024135,3648.815934541176,12325.846806470307,5637.521322754731,5976.360543420643,6838.941281180286,8652.827784215282,5728.294021496788,10018.201955981443,7990.772784012177,6074.610717867305,6978.546217269462,7202.559809845882,5264.333319786133,11551.687493533489,13512.837965811055,11401.57130642774,4139.489507276111,10812.2858452741,0.009736244984434032,0.0002828373729092804,0.011020355072859131,0.025392549886187176,0.018966563834842787,0.0044302871599082565,0.004150676709484507,0.010376735531326835,0.010578520625497823,0.0,0.015568083078241387,0.00673508441473618,0.024214060970610362,0.012745888819951487,0.009249434107939316,0.01150106437458905,0.02176703136353481,0.0,0.01024016498628957,0.00872239546382811,0.003096373173104294,0.002539296866244265,0.002570627233460762,0.0,0.011152762266778677,0.0074338826586666604,0.0019538593169986062,0.006506480179686801,0.002075351119554802,0.0009496321997436881
119,8104.191160783413,2702.5751135185405,0.008370272668650426,9041.112338830379,8144.445848578347,7773.14422385478,8529.331337693986,11945.244973975423,4993.282750632057,13538.69490554422,4237.648214925422,8762.164145824303,6411.5181357032025,11875.236174524154,6572.8427347024135,3648.815934541176,12325.846806470307,5637.521322754731,5976.360543420643,6838.941281180286,8652.827784215282,5728.294021496788,10018.201955981443,7990.772784012177,6074.610717867305,6881.098802867405,7202.559809845882,5264.333319786133,11551.687493533489,11159.003673066816,11401.57130642774,4136.335635972054,10812.2858452741,0.007397570440540472,0.0,0.013480161037357708,0.02300463026689526,0.015626472888744455,0.007468233702894812,0.006279286306404998,0.003061364619250197,0.0146660908709709,0.0,0.017854093001395767,0.006338708267284533,0.015830339358016827,0.01526525292357292,0.017630016913073813,0.010181448244747801,0.02025286759976801,0.0,0.012978737195833033,0.002110460914203703,0.004999808115175514,0.003832536391972189,0.002046720956479957,0.012080854379383858,0.00908519021777264,0.001215321018981487,0.002470886793792103,0.0,0.0019104711596843948,0.004040656475315483
120,8085.390558467585,2702.316343301199,0.009441724441722895,9041.112338830379,8144.445848578347,7773.14422385478,8529.331337693986,11945.244973975423,4993.282750632057,13538.69490554422,4237.648214925422,8762.164145824303,6411.5181357032025,11875.236174524154,6572.8427347024135,3618.6813761354224,12325.846806470307,5637.521322754731,5976.360543420643,6838.941281180286,8118.944273146193,5728.294021496788,10018.201955981443,7990.772784012177,6074.610717867305,6881.098802867405,7202.559809845882,5264.333319786133,11551.687493533489,11159.003673066816,11401.57130642774,4136.335635972054,10812.2858452741,0.004359174090371603,0.010238958422755384,0.011262452254859022,0.02419494126056065,0.01237727455020967,0.0070200574749360286,0.014612058565557437,0.00680725180500574,0.011619128769779417,0.001335332812653761,0.015612553552823665,0.009794114659197018,0.012195972099169458,0.014920174964440787,0.006070735426046777,0.014932628424496372,0.01910342890450167,0.003744940446681922,0.011145618182602051,0.00087666461329549,0.007653016825329407,0.00886651427824201,0.0018875392610201997,0.010989132696934715,0.012419001891638639,0.0,0.005731585688435522,0.007486835792200724,0.00557607209386601,0.01041857344407569
121,7926.430515934726,2637.234351009593,0.009462712170645532,9041.112338830379,8144.445848578347,7773.14422385478,6650.74529207871,11945.244973975423,4993.282750632057,13146.096970149065,4237.648214925422,8762.164145824303,6411.5181357032025,11875.236174524154,6572.8427347024135,3618.6813761354224,12325.846806470307,5637.521322754731,5976.360543420643,6838.941281180286,8118.944273146193,5728.294021496788,10018.201955981443,7990.772784012177,6074.610717867305,6881.098802867405,7202.559809845882,5264.333319786133,11551.687493533489,11155.983194352968,11401.57130642774,4136.335635972054,8317.689029012614,0.0009631171744464477,0.003583678138460187,0.010857127218241827,0.020271539038094706,0.012611372498796099,0.007777362302973163,0.007507329217734866,0.01239473928689518,0.004133152027544261,0.009477564954392823,0.020215156440994555,0.0,0.012470269226559723,0.01880317924034495,0.017675979048796652,0.009707822374339217,0.014234708671950322,0.0,0.009935981371352758,0.0,0.006150347444913038,0.010066588485367211,0.005287106154008618,0.018614796671722163,0.015495626415558714,0.0,0.002828534956098604,0.008498382497229617,0.007422587757571229,0.016897316504979054
122,7799.161485370768,2585.4816500399957,0.008452716795034926,9041.112338830379,8144.445848578347,7773.14422385478,6650.74529207871,11945.244973975423,4993.282750632057,13146.096970149065,4037.5915346237557,8762.164145824303,6228.281456319449,11875.236174524154,6572.8427347024135,3618.6813761354224,12325.846806470307,5637.521322754731,5804.114868834281,6838.941281180286,8118.944273146193,5728.294021496788,10018.201955981443,7990.772784012177,6074.610717867305,6881.098802867405,7202.559809845882,5264.333319786133,11551.687493533489,7893.451311706016,11401.57130642774,4136.335635972054,8317.689029012614,0.0011818225200169162,0.011938630107922902,0.010410754311098277,0.023898275901967615,0.006467462019440618,0.004396746126130672,0.0,0.011051039803143078,0.001017458176780163,0.004104329900885189,0.023326774699209414,0.0,0.017159216407047203,0.016192760399779134,0.016396947263754336,0.005071439132503413,0.007201091706641348,0.002058467155652213,0.0087339884834632,0.001320222892358954,0.007246859879552099,0.005720898809941187,0.006533771672643152,0.01598157842112182,0.006540863285219596,0.0038216076866233397,0.003461695875826562,0.010616818297258544,0.01221571351369309,0.00951426940137369
123,7775.558811998248,2626.4447215447544,0.008882273096969488,9041.112338830379,8144.445848578347,7773.14422385478,6650.74529207871,11945.244973975423,4993.282750632057,13146.096970149065,4037.5915346237557,8762.164145824303,6228.281456319449,11875.236174524154,6572.8427347024135,2910.60117495982,12325.846806470307,5637.521322754731,5804.114868834281,6838.941281180286,8118.944273146193,5728.294021496788,10018.201955981443,7990.772784012177,6074.610717867305,6881.098802867405,7202.559809845882,5264.333319786133,11551.687493533489,7893.451311706016,11401.57130642774,4136.335635972054,8317.689029012614,0.008538241571807655,0.015058584458387859,0.008977018068974364,0.022628044888411625,0.014615062647555554,0.007962086212143532,0.006019361503332111,0.014169013004461516,0.0,0.001665592101099544,0.01244398841546677,0.002536244357080475,0.017143401422122968,0.009437596094661504,0.010812052438991401,0.0006414324574771131,0.01187178993606855,0.0,0.008341872215352262,0.0034833104549148283,0.009759519050316011,0.007499427737361582,0.0020031095768881066,0.017653361045771605,0.01154046437493397,0.0008405941608214012,0.009538426143730109,0.009897300228517932,0.010349944928294871,0.011041353414139421
124,7600.388704201387,2391.945414648849,0.00930966052176516,9041.112338830379,8144.445848578347,7773.14422385478,6650.74529207871,10780.875368586145,4993.282750632057,11529.350158588768,3976.5750088762156,8762.164145824303,6228.281456319449,11875.236174524154,6310.047040289876,2910.60117495982,12325.846806470307,5637.521322754731,5804.114868834281,6838.941281180286,8118.944273146193,5728.294021496788,10018.201955981443,7990.772784012177,6074.610717867305,6881.098802867405,7202.559809845882,5264.333319786133,9634.465490944693,7893.451311706016,11168.618712220356,4136.335635972054,8317.689029012614,0.0034998391037571078,0.016401172340168958,0.012065047641201199,0.023153926867841314,0.019752482265141817,0.004793161382161012,0.00017101081008211844,0.011029701920326792,0.008815821583478349,0.0031074969210695643,0.01247372142635188,0.0,0.01810177056049153,0.007218324433447397,0.010186286608219072,0.007359499348106711,0.018310864879290838,0.007717581236839703,0.006870804673703902,0.005532415284368685,0.006894848140752076,0.01105372128688883,0.0016366155295683932,0.01659293423973442,0.011710508648645139,0.0022104131063030654,0.002777349540400842,0.0024558313187924025,0.01411156203302272,0.013285102522798912
125,7440.42769860716,2446.5650383767265,0.009609828489064215,9041.112338830379,8144.445848578347,7602.884530626411,6650.74529207871,10780.875368586145,4993.282750632057,11529.350158588768,3454.617488763625,6988.909125911464,6228.281456319449,11875.236174524154,5098.212526622916,2910.60117495982,12325.846806470307,5637.521322754731,5647.631268337365,6371.660910023758,8118.944273146193,5728.294021496788,10018.201955981443,7990.772784012177,6074.610717867305,6881.098802867405,7202.559809845882,5264.333319786133,9634.465490944693,7893.451311706016,11168.618712220356,4136.335635972054,7819.929579759995,0.0032176633053944232,0.009613471844727267,0.0047055705036144055,0.014883154376198476,0.018761902300374445,0.008840226823756,0.002922909822940659,0.010012502319580396,0.006756370929226267,0.008489992852346834,0.014154388851566497,0.0,0.013452320272557588,0.016820602279477702,0.010614147534540173,0.010849981582970417,0.013982776212778325,0.004083397348719295,0.00627033440547306,0.009552426689776622,0.008652980543919917,0.011573333951577005,0.002726879977282066,0.016827928522466055,0.009109222230267418,0.00678051701337009,0.005183655460271931,0.0078250152047521,0.012205682144805372,0.019425499367195617
126,7381.601942989763,2376.4273176932043,0.009983919539756683,9041.112338830379,8144.445848578347,7602.884530626411,6650.74529207871,10780.875368586145,4993.282750632057,11529.350158588768,3454.617488763625,6988.909125911464,6228.281456319449,11875.236174524154,5098.212526622916,2910.60117495982,12325.846806470307,5637.521322754731,5647.631268337365,6371.660910023758,8118.944273146193,5728.294021496788,10018.201955981443,7990.772784012177,6074.610717867305,6881.098802867405,7202.559809845882,5264.333319786133,9634.465490944693,7893.451311706016,9403.84604369846,4136.335635972054,7819.929579759995,0.00942094435793838,0.0164466776898989,0.0013620577417623474,0.015349783640633004,0.01496955092036946,0.004491412028223357,0.0,0.004749526097681247,0.007530833225101337,0.018060782374629606,0.01884264772730876,0.005117341789409475,0.021783677109245166,0.013539280413305108,0.013209835654311781,0.008333682947708162,0.012119773473881545,0.002961201385970203,0.003455082660214574,0.009720417257165789,0.010748650805490693,0.008857542704030384,0.004489420490437117,0.020595998776844336,0.006488630017316046,0.010844586676734368,0.001397676341357204,0.0035334116646828064,0.011373303078522298,0.019723857142526988
127,7300.894818940727,2305.7501384284124,0.009415754933815516,8457.551597464664,8144.445848578347,7602.884530626411,6650.74529207871,9651.701201943542,4993.282750632057,11529.350158588768,3454.617488763625,6988.909125911464,6228.281456319449,11875.236174524154,5098.212526622916,2910.60117495982,12325.846806470307,5637.521322754731,5647.631268337365,6249.672361327936,8118.944273146193,5728.294021496788,10018.201955981443,7990.772784012177,6074.610717867305,6881.098802867405,7202.559809845882,5264.333319786133,9166.955288158517,7774.471249725234,9403.84604369846,4136.335635972054,7819.929579759995,0.006145559743637388,0.016269141805078532,0.006330583325445315,0.028258917587002576,0.017910013619374648,0.0015389058394052807,0.005933750099962391,0.012941171912737442,0.0021278698851126578,0.015649485460498935,0.012205412969494258,0.001980452422088261,0.012867957910815056,0.012772080682400098,0.01063668642587087,0.0030012883448621635,0.012387357184000403,0.00296783182116874,0.007556381387405649,0.010464770902193162,0.01028203275643489,0.00574985553220842,3.282244018100294e-05,0.026173238589600797,0.008053151547300342,0.005930129677749166,0.0,0.000781281660680144,0.012854793640266492,0.012669722841490509
128,7191.086336253153,2221.665316820671,0.010789157146388636,8457.551597464664,8144.445848578347,7501.586518833242,6650.74529207871,8621.634566219818,4993.282750632057,11135.422946137644,3454.617488763625,6988.909125911464,6228.281456319449,10944.815212364778,5098.212526622916,2910.60117495982,12325.846806470307,5637.521322754731,5647.631268337365,6249.672361327936,8113.401895491254,5728.294021496788,10018.201955981443,7990.772784012177,6074.610717867305,6778.618619548473,7202.559809845882,4533.814222260125,9166.955288158517,7774.471249725234,9403.84604369846,4136.335635972054,7819.929579759995,0.011773039888136523,0.020694166721281125,0.006246370480098458,0.018629151356481785,0.014869794899773324,0.0023146615050534613,0.00976881074577314,0.008827669690320492,0.0063342366855430095,0.015219862667527097,0.012535473093072437,0.0008017213088547595,0.022456280299996637,0.01306536312225595,0.011209115410645565,0.004424826641674605,0.016134115928547865,0.009544486491786568,0.009241939381015318,0.0125368820870593,0.01470768235202817,0.008468352276831766,0.009456820725889593,0.023123785201749156,0.005516451501601317,0.011599887819173,0.0006791473683947678,0.007405974590309803,0.005323010203918012,0.01076563394686618
129,7127.400484576285,2097.4733218730894,0.010631112659676856,8457.551597464664,8144.445848578347,7501.586518833242,6650.74529207871,8621.634566219818,4993.282750632057,11135.422946137644,3454.617488763625,6988.909125911464,6228.281456319449,10944.815212364778,5098.212526622916,2910.60117495982,10415.271256164262,5637.521322754731,5647.631268337365,6249.672361327936,8113.401895491254,5728.294021496788,10018.201955981443,7990.772784012177,6074.610717867305,6778.618619548473,7202.559809845882,4533.814222260125,9166.955288158517,7774.471249725234,9403.84604369846,4136.335635972054,7819.929579759995,0.014009212565224373,0.016559342056354967,0.008109218803260976,0.024361963699310065,0.006303993605285564,0.005025640433931417,0.013177148307056833,0.011314153430629859,0.011393175404620436,0.009645574553785003,0.014746797600999624,0.005917288731009237,0.02619059062024159,0.006261986086810322,0.0191069168279324,0.0017809876705961731,0.020605318767406792,0.005762339476025285,0.0042354562979931,0.01333270717172112,0.01678077232418734,0.01259191215595396,0.0011077476201438166,0.024543846902867643,0.00283221521998732,0.009934695076700306,0.0,0.003585634872816866,0.004751730039898692,0.004965013467554561
130,7091.438740083214,2112.833811789279,0.010094249159352222,8457.551597464664,8144.445848578347,7501.586518833242,6650.74529207871,8621.634566219818,4993.282750632057,11135.422946137644,3393.6841477128405,6988.909125911464,6228.281456319449,10944.815212364778,5098.212526622916,2910.60117495982,10415.271256164262,5637.521322754731,5647.631268337365,6249.672361327936,8066.720853979462,5291.784460056661,10018.201955981443,7990.772784012177,6074.610717867305,6778.618619548473,6667.831419056437,4533.814222260125,9166.955288158517,7774.471249725234,9403.84604369846,4136.335635972054,7819.929579759995,0.009273134317804979,0.01728889776624091,0.0035317265219399624,0.01889734406336595,0.006311032035672104,0.003785420034849425,0.016423071076333704,0.009550295788382986,0.011099191985374299,0.01611819777203871,0.016462830990209915,0.0042313107070828795,0.021264348033499515,0.008311726446410884,0.013614067947441891,0.006811993862041673,0.015082504447962684,0.00666593671074268,0.006508900206306293,0.004203733328493266,0.018577960404983544,0.015496194893544559,0.0035040534472207596,0.02139202580161386,0.00041761002508981787,0.007180105533081185,0.005408253903246707,0.008483557479760836,0.004895335105937661,0.002036714143892987
131,6918.435620386121,2113.835701997293,0.01058187388897839,8457.551597464664,8144.445848578347,7501.586518833242,6650.74529207871,8621.634566219818,4993.282750632057,11135.422946137644,3393.6841477128405,6988.909125911464,6194.836360187193,10944.815212364778,5098.212526622916,2910.60117495982,10415.271256164262,5637.521322754731,5647.631268337365,6249.672361327936,6030.982506574782,5291.784460056661,10018.201955981443,7990.772784012177,6046.308804682624,6778.618619548473,6667.831419056437,4533.814222260125,9166.955288158517,6649.986736406303,9403.84604369846,4136.335635972054,5851.8058588877675,0.009135533429525078,0.02034873730846872,0.007766148781307245,0.011320249267841032,0.012708129075760336,0.007497180166093362,0.01592450443713566,0.0013905166446651718,0.004349286600890929,0.015770636759370526,0.013802918798585207,0.0026764671404025577,0.01759146430724807,0.01710096390357435,0.015332352767350286,0.0008772364450147924,0.02006629308729208,0.0044867338707466455,0.012237568584937528,0.008962111325616124,0.011401722320213909,0.013889442365476044,0.008725264772058119,0.015242283789807201,0.0091009457096043,0.008435431612689248,0.010518196124341335,0.007190309194193512,0.005011010629476206,0.00859657744966621
132,6895.456836479164,2105.676011549752,0.010589388841282741,7881.324422596414,8144.445848578347,7501.586518833242,6650.74529207871,8621.634566219818,4993.282750632057,11135.422946137644,3393.6841477128405,6988.909125911464,6194.836360187193,10944.815212364778,4985.07618428245,2910.60117495982,10415.271256164262,5637.521322754731,5647.631268337365,6249.672361327936,6030.982506574782,5291.784460056661,10018.201955981443,7990.772784012177,6046.308804682624,6778.618619548473,6667.831419056437,4533.814222260125,9166.955288158517,6649.986736406303,9403.84604369846,4136.335635972054,5851.8058588877675,0.016438779828442135,0.020615159683657507,0.015109988990697676,0.02167426887572518,0.014086438134906508,0.005313010843524399,0.012443188940711789,0.0024732160975043534,0.006083161019221713,0.012773520850820728,0.01175218494378593,0.000321459919546595,0.01954757022995163,0.008536006646836496,0.006274419788303884,0.0035225611608947684,0.019309432763204456,0.007857633677861986,0.010382934328728563,0.005917659296114319,0.005596747202891216,0.014285363766074059,0.00835339424075195,0.013264453929296044,0.00538746350333973,0.013942599004216781,0.008564550488756494,0.013519328066306678,0.007800526052915207,0.0065346429634934545
133,6878.033935911565,2111.7514562209008,0.010580265449999833,7881.324422596414,7973.6325781202095,7501.586518833242,6650.74529207871,8621.634566219818,4984.269636425024,11135.422946137644,3264.1039779039425,6988.909125911464,6123.701771364527,10944.815212364778,4985.07618428245,2910.60117495982,10415.271256164262,5637.521322754731,5647.631268337365,6234.397401895429,6030.982506574782,5291.784460056661,10018.201955981443,7990.772784012177,6032.512718306733,6778.618619548473,6667.831419056437,4533.814222260125,9166.955288158517,6536.911908483474,9403.84604369846,4136.335635972054,5851.8058588877675,0.015779627358321023,0.012095092587873712,0.01823448634644873,0.017480973045774895,0.01401859695984264,0.007666017345392253,0.012781056232658582,0.0032568913152967844,0.007317851953958423,0.013788889173610944,0.016744748020445392,0.0035496575980261966,0.02050965448688915,0.007114262258490674,0.013436694256601761,0.009701460421215172,0.01435206495980818,0.0,0.006424719583814972,0.0,0.007178859249693915,0.0096958890959887,0.002155129620511347,0.022192197645164176,0.0033542402407412877,0.017189378299396558,0.0029054763959235445,0.01749659825925132,0.009186890898629275,0.011800559890225415
134,6744.474362637739,2212.9613347104864,0.011275622648564085,7881.324422596414,7973.6325781202095,7501.586518833242,3973.6824170668597,8621.634566219818,3948.9369344252314,11135.422946137644,3264.1039779039425,6988.909125911464,6123.701771364527,10944.815212364778,4985.07618428245,2910.60117495982,10415.271256164262,5637.521322754731,5418.697185384541,6234.397401895429,6030.982506574782,5291.784460056661,10018.201955981443,7990.772784012177,6032.512718306733,6778.618619548473,6667.831419056437,4533.814222260125,9166.955288158517,6536.911908483474,9338.388505448123,4136.335635972054,5851.8058588877675,0.013134968678418967,0.014079401712956895,0.01578571189977887,0.016409816391350692,0.010591552407691381,0.005555063946201444,0.007583400851836281,0.012222430722288898,0.008805685783801347,0.023562452644923064,0.014513607299103918,0.006988366440803027,0.019598087726541372,0.00987036081704652,0.01404957347857132,0.008058175116133999,0.018324390868890608,0.0008640148359351336,0.00926035532753981,0.0,0.009994026409861209,0.00743633142469538,0.007320510759418481,0.0247963910971771,0.000616125703796823,0.017654769902666956,0.007342581037777618,0.01699398597821807,0.007362816966322284,0.009493723227175054
135,6594.3294820995825,2154.5299736899015,0.010556442383672007,7881.324422596414,7973.6325781202095,7501.586518833242,3973.6824170668597,8621.634566219818,3948.9369344252314,11084.04677017219,3264.1039779039425,6988.909125911464,6123.701771364527,10944.815212364778,4985.07618428245,2910.60117495982,10243.211612614017,5637.521322754731,5418.697185384541,4655.178146941909,6030.982506574782,5291.784460056661,10018.201955981443,7990.772784012177,6032.512718306733,6778.618619548473,6667.831419056437,4533.814222260125,7783.17444219121,6481.333204987757,8115.777449826097,4096.614899381664,5851.8058588877675,0.011670745854336717,0.013569722376871695,0.011540640028600651,0.01521128168380498,0.006035144566458997,0.007738372561230414,0.007499166666608054,0.005728721559205676,0.007074084634037468,0.01720378110563657,0.012979890850350676,0.005334033950779612,0.016866670637892715,0.0133148019139482,0.010212473425474464,0.006306240492589106,0.01446541822179152,0.0038839744680786025,0.002877853574107605,0.0023750957857687303,0.006583576966502926,0.013118369753907276,0.010519496831485058,0.028196108822626523,0.0032481197838515525,0.02319285232064875,0.0066181545152364015,0.01879167495716121,0.005383611027024458,0.00915319217414356
136,6381.344953112891,1992.1362460639764,0.010464312166349134,7881.324422596414,7973.6325781202095,7501.586518833242,3973.6824170668597,8621.634566219818,3948.9369344252314,7498.627834412072,3264.1039779039425,6988.909125911464,6123.701771364527,10944.815212364778,4985.07618428245,2910.60117495982,10243.211612614017,5637.521322754731,4821.542333928045,4655.178146941909,6030.982506574782,5291.784460056661,10018.201955981443,6503.125331869485,6032.512718306733,6778.618619548473,6667.831419056437,4533.814222260125,7783.17444219121,5762.018574746315,8115.777449826097,4096.614899381664,5851.8058588877675,0.014958094837427938,0.009777056920617203,0.009868261395353944,0.01552489510889352,0.006431365779987787,0.004650370878237688,0.007394038057775511,0.0012282152007070716,0.018980639611635583,0.027980170286523064,0.009900387539079196,0.007571973844860982,0.020393385986278673,0.009631798734166998,0.01532598760439525,0.0013793219317952952,0.014748146944803945,0.003447245174580925,0.008567375122094757,0.007834622874165201,0.005724117140291598,0.010228970022803027,0.0045457785413979945,0.019226816145340254,0.005688753161964666,0.02412272472876798,0.00468127418308137,0.014102900333642488,0.0010744537536766712,0.008940223146127451
137,6299.534601009297,2042.4107062589328,0.009828734158539893,7881.324422596414,7973.6325781202095,7501.586518833242,3973.6824170668597,8621.634566219818,3948.9369344252314,7498.627834412072,3264.1039779039425,6988.909125911464,6123.701771364527,10944.815212364778,4985.07618428245,2910.60117495982,10243.211612614017,5637.521322754731,4821.542333928045,4655.178146941909,5786.361097685957,4583.706665184747,9945.827010337263,6503.125331869485,5249.923392742407,6778.618619548473,6667.831419056437,4533.814222260125,7783.17444219121,5762.018574746315,8115.777449826097,3449.9678112431,5851.8058588877675,0.008159057440417266,0.01151906774847361,0.009426909748876399,0.018217532811797825,0.008155761562834521,0.0084232360912557,0.0015198860497988799,0.00010465033552969769,0.018355510985724327,0.022072778629744542,0.00519736127663771,0.005121507384732839,0.016908608372389774,0.013499758280537382,0.01392634731143247,0.004717678484647576,0.012092953756726879,0.0017580518079783464,0.004659094124935718,0.005687569763587456,0.011328378906741692,0.008080332832320986,0.004560738874467676,0.020304303467079142,0.009236701825042382,0.018412968654174872,0.004697710791447274,0.014358910212066518,0.005429968973745319,0.008928688251052029
138,6243.94283495004,2057.309899203023,0.010106744617410351,7881.324422596414,7973.6325781202095,7328.614907387165,3973.6824170668597,8131.073040760149,3948.9369344252314,7498.627834412072,3264.1039779039425,6988.909125911464,6123.701771364527,10944.815212364778,4985.07618428245,2885.9740989823945,10243.211612614017,5637.521322754731,4821.542333928045,3675.585378047385,5786.361097685957,4583.706665184747,9945.827010337263,6503.125331869485,5249.923392742407,6778.618619548473,6667.831419056437,4533.814222260125,7783.17444219121,5762.018574746315,8115.777449826097,3449.9678112431,5851.8058588877675,0.012196284063615642,0.013799108457583007,0.0,0.01367100587139721,0.013939025879537879,0.005704590377738838,0.0041082803382061234,0.004471556219137357,0.014474027596051847,0.029166618770509595,0.009512172488240678,0.007501754473283845,0.012232528839177095,0.008949504626209321,0.01807248272929686,0.0053697374575939665,0.016358630046472766,0.0,0.008031200672443086,0.009059851915015599,0.011369418296210616,0.006089244852325491,0.0047508141881097326,0.019938844456293726,0.005039972026877853,0.02030138117741552,0.0,0.01742218828768078,0.0020217143819113667,0.009650400033974707
139,6115.630897114455,1921.7781929175674,0.01032943084203025,7881.324422596414,7973.6325781202095,7328.614907387165,3973.6824170668597,8131.073040760149,3948.9369344252314,7498.627834412072,3264.1039779039425,6988.909125911464,6123.701771364527,10896.647912593147,4985.07618428245,2885.9740989823945,6640.1387073511505,5637.521322754731,4623.424403894957,3675.585378047385,5786.361097685957,4583.706665184747,9945.827010337263,6503.125331869485,5249.923392742407,6778.618619548473,6667.831419056437,4533.814222260125,7783.17444219121,5762.018574746315,8115.777449826097,3449.9678112431,5851.8058588877675,0.011126683012109798,0.01690780710411029,0.0,0.011910886097042465,0.01123862942686512,0.0,0.004054385773033682,0.005225955611365847,0.01253389728117716,0.022609240765958532,0.011512591517650118,0.006851892859064869,0.010349236462389007,0.0007764668576562682,0.012889262188512341,7.841025629339435e-07,0.013070204805421646,0.0,0.005850289809851286,0.012074059891237752,0.011922714289648756,0.007188332962399308,0.012324916760530286,0.03409204480163344,0.008647603838002532,0.022065319578694984,0.006105651068864506,0.02247310675483993,0.005787802460951387,0.01029315917933322
140,6046.785606108134,1914.4775924325363,0.009508823699965167,7881.324422596414,7973.6325781202095,7328.614907387165,3449.4749654338443,7052.934332918815,3734.307408739725,7498.627834412072,3264.1039779039425,6988.909125911464,6123.701771364527,10778.070190922574,4985.07618428245,2885.9740989823945,6640.1387073511505,5637.521322754731,4623.424403894957,3675.585378047385,5786.361097685957,4583.706665184747,9945.827010337263,6503.125331869485,5249.923392742407,6778.618619548473,6667.831419056437,4533.814222260125,7783.17444219121,5632.213251387153,8115.777449826097,3449.9678112431,5851.8058588877675,0.013373162459547278,0.009168205033885064,0.0,0.011879693822356631,0.014060229800699278,0.0007674430298333232,0.006181468538018091,0.00014751137548084874,0.010854599417818403,0.019080285426252022,0.006843804369051057,0.006782472171714119,0.01083755217719289,0.004449509174603186,0.008721657586369086,0.0,0.01013319050207067,0.00730563529486356,0.002173603094281415,0.011730351196772555,0.018140585611984318,0.008253444028937587,0.0035677433205609376,0.027163026764846457,0.006143523866008614,0.015511206825580241,0.011323007131703627,0.025474749084162047,0.004754968180905469,0.010442081713456204
141,5948.986173314417,1870.7423962428754,0.009987101941343814,7881.324422596414,6424.723766860996,7328.614907387165,3449.4749654338443,6453.435875370924,3734.307408739725,7498.627834412072,3175.7857726159486,6988.909125911464,6123.701771364527,10778.070190922574,4985.07618428245,2885.9740989823945,6640.1387073511505,5599.545437839927,4426.834087676242,3675.585378047385,5786.361097685957,4583.706665184747,9945.827010337263,6503.125331869485,5249.923392742407,6778.618619548473,6667.831419056437,4533.814222260125,7320.483133608296,5632.213251387153,8115.777449826097,3449.9678112431,5851.8058588877675,0.013958585367678982,0.011070107049866568,0.0037748089866189113,0.016859198019586463,0.0158610275272631,0.0,0.010645137456282587,0.005172130661309048,0.011711390306457764,0.02670169793551685,0.006220033986191409,0.004216606199932489,0.021493183662071595,0.0030332677082868203,0.005883376703874646,0.003597588009700062,0.013225960687465338,0.00900559713623195,0.0045553787502104716,0.01030486353027282,0.012229660271423982,0.0058300124460292846,0.002776413002273211,0.0261346714227342,0.0,0.017092554163886726,0.00018130433124636378,0.020086667750563256,0.0026098789235698885,0.015381956243769607
142,5914.3722660374815,1903.7139731628597,0.010578885560587812,7881.324422596414,6424.723766860996,7328.614907387165,3449.4749654338443,6453.435875370924,3734.307408739725,7498.627834412072,3175.7857726159486,6988.909125911464,6123.701771364527,10778.070190922574,4985.07618428245,2885.9740989823945,6640.1387073511505,5599.545437839927,4335.50968346102,3675.585378047385,5786.361097685957,3636.613851091918,9945.827010337263,6503.125331869485,5249.923392742407,6778.618619548473,6667.831419056437,4533.814222260125,7320.483133608296,5632.213251387153,8115.777449826097,3449.9678112431,5851.8058588877675,0.018467597529509536,0.011051214006695995,0.0,0.004071440920997099,0.01867191684448924,0.004528704328232409,0.005659706351000386,0.0,0.013133605775206848,0.03102099406123496,0.006450693535992485,0.013393937048989737,0.022851645525570476,0.005847665897764699,0.009361338354559424,0.0037658444600677434,0.015720351532333716,0.00927092714406105,0.005650831401179882,0.009291168727679334,0.005456446122416641,0.008891529611875133,0.004447067260251565,0.025997091831262985,0.004436307724165463,0.012307939119642466,0.006056868919366783,0.02048880802581435,0.003668692538677381,0.017406232218596475
143,5839.472031389452,1969.7794306680937,0.01124670550223707,7881.324422596414,6424.723766860996,7328.614907387165,3449.4749654338443,6453.435875370924,3734.307408739725,7498.627834412072,3175.7857726159486,6988.909125911464,6123.701771364527,10778.070190922574,4985.07618428245,2679.4357429209967,6640.1387073511505,5599.545437839927,3681.066359499944,2989.7435368218958,5145.376502942833,3626.3086378711714,9945.827010337263,6484.846679439825,5249.923392742407,6778.618619548473,6667.831419056437,4533.814222260125,7289.868075808912,5632.213251387153,8115.777449826097,3449.9678112431,5851.8058588877675,0.014277580708330953,0.010435066464584959,0.0012383217872470645,0.00861037922343379,0.023373361396843175,0.008176824378656872,0.013334124475662045,0.006153681616525375,0.017158983843569908,0.03161286295878103,0.005026863175380078,0.0060370500157958685,0.02026325999774186,0.008118314201432891,0.009083959611636267,0.011317976551913043,0.017695571029160997,0.0035223176163855048,0.005880881104073822,0.008637611248974603,0.004084443182905111,0.010708568284316279,0.0005700073871839267,0.02194621323983815,0.006529173697082294,0.0125971738179515,0.006330751509485804,0.02096390415285859,0.0015308488590529007,0.022185089530307397
144,5776.331306687278,1998.2211558942881,0.011661260029471331,7881.324422596414,6424.723766860996,7328.614907387165,3449.4749654338443,6453.435875370924,3734.307408739725,7429.0223704662785,3175.7857726159486,6965.74002122141,6123.701771364527,10778.070190922574,4985.07618428245,2679.4357429209967,5991.346793120963,5599.545437839927,3681.066359499944,2989.7435368218958,5145.376502942833,2806.72906032035,9945.827010337263,6484.846679439825,5249.923392742407,6778.618619548473,6667.831419056437,4533.814222260125,7289.868075808912,5632.213251387153,8115.777449826097,3449.9678112431,5518.730178239369,0.01795097175047369,0.015262871659320254,0.003144204594114667,0.007360987259792724,0.02034695940857986,0.005727734096525928,0.01566258312306171,0.009741822486399402,0.01633729361652299,0.025601171873058277,0.0026940360601328353,0.013105362087458048,0.017608227430271475,0.0013908320923347304,0.014162438219351847,0.012490334334560732,0.01768503162374206,0.004928910369249603,0.004099247445321045,0.004262365166659326,0.003351924232989447,0.009647505620414925,0.00103003822042141,0.03229915973142173,0.01556057723259012,0.005575888511691317,0.008572070069292679,0.023757016331359668,0.00047069349865134716,0.020009542738376098
145,5704.094763621052,1962.392113768252,0.012043669077645881,7881.324422596414,6148.448797930212,7328.614907387165,3449.4749654338443,6453.435875370924,3734.307408739725,7429.0223704662785,3175.7857726159486,5650.291341249019,6123.701771364527,10570.43147596335,4985.07618428245,2679.4357429209967,5991.346793120963,5599.545437839927,3681.066359499944,2989.7435368218958,5145.376502942833,2806.72906032035,9945.827010337263,6117.112751315466,5249.923392742407,6778.618619548473,6667.831419056437,4533.814222260125,7289.868075808912,5632.213251387153,8115.777449826097,3449.9678112431,5518.730178239369,0.022257684741678767,0.01978629475320666,0.012406197083627703,0.007950194712233731,0.017247349576592127,0.010893913316001723,0.016953419869665674,0.017836788979238256,0.0027750658062264963,0.01920987180912592,0.0024811010534597465,0.01855465449632096,0.019402626097278112,0.005741441900010583,0.013495720484415151,0.00237620577802175,0.022336762354703183,0.012009295261139964,0.002789386026452953,0.006006582682188847,0.0005249925618671484,0.008042702667471478,0.0009486681718865204,0.03148985791766736,0.009462029720942455,0.009863735967950175,0.014183069122144296,0.021933246193391636,0.0,0.01235121322446705
146,5661.00569220281,1956.989679369013,0.011185825353568409,7881.324422596414,6148.448797930212,7328.614907387165,3449.4749654338443,5907.340148635941,3734.307408739725,7429.0223704662785,3175.7857726159486,5650.291341249019,6123.701771364527,10570.43147596335,4985.07618428245,2679.4357429209967,5991.346793120963,5599.545437839927,3681.066359499944,2989.7435368218958,5145.376502942833,2806.72906032035,9945.827010337263,5370.536335503144,5249.923392742407,6778.618619548473,6667.831419056437,4533.814222260125,7289.868075808912,5632.213251387153,8115.777449826097,3449.9678112431,5518.730178239369,0.017451388548687035,0.016121122196572905,0.01410522724616506,0.00012558314567002752,0.013773427657808758,0.0025843092675716635,0.013478208231931719,0.015844810379754052,0.004952586921019891,0.01802069476868767,0.001792849984584078,0.013237975359323592,0.02290906075792553,0.009821892330408337,0.010767166760244603,0.00010536990749895595,0.027860305561083095,0.00809999449313265,0.0058895233154388086,0.0045557517458848,0.0,0.009651506854020778,0.005908348313876355,0.032375396231081655,0.0025033651526330893,0.007337925579598859,0.009641406137342988,0.020329784131000804,0.006724566121667659,0.01960521350643682
147,5632.675648947207,1980.077475377987,0.010452907682416544,7742.10550541629,6148.448797930212,7328.614907387165,3449.4749654338443,5907.340148635941,3280.404235057728,7429.0223704662785,3120.246009628798,5650.291341249019,6123.701771364527,10570.43147596335,4985.07618428245,2679.4357429209967,5991.346793120963,5599.545437839927,3681.066359499944,2788.50409300314,5145.376502942833,2806.72906032035,9945.827010337263,5370.536335503144,5249.923392742407,6778.618619548473,6667.831419056437,4533.814222260125,7289.868075808912,5632.213251387153,8115.777449826097,3449.9678112431,5518.730178239369,0.010521670882148434,0.017963549899914607,0.009475162102238074,0.013263441308860898,0.013973853937654662,0.0011035212680836745,0.01154247717856111,0.012387934381113994,0.010201805203590136,0.020096998436145392,0.007084628594881713,0.007314845949152503,0.02123488551440087,0.016016421636574907,0.007940863159387457,0.0028311894887500283,0.01990459341292498,0.00796472995605924,0.0007835737354861333,0.003557050353635518,0.0030542222816849172,0.004026139624410453,0.007619353338429555,0.027147172784767526,0.004028811297347155,0.006078277430394794,0.009068575532251946,0.015874628444863727,0.007320871505080564,0.014205981833701446
148,5623.063537425358,1980.6344715549997,0.011220795128395852,7742.10550541629,6148.448797930212,7328.614907387165,3449.4749654338443,5907.340148635941,3280.404235057728,7429.0223704662785,3120.246009628798,5650.291341249019,6123.701771364527,10570.43147596335,4985.07618428245,2679.4357429209967,5991.346793120963,5326.170675891665,3681.066359499944,2788.50409300314,5145.376502942833,2806.72906032035,9945.827010337263,5370.536335503144,5249.923392742407,6778.618619548473,6655.882671965405,4533.814222260125,7289.868075808912,5632.213251387153,8115.777449826097,3449.9678112431,5515.690341623149,0.005776351514261915,0.015475919346851746,0.009577724956934706,0.004619120432256626,0.013668486020450406,0.007715040162041629,0.00893796727435856,0.011280667614514805,0.010453688157055498,0.016074280734853785,0.011291358436957886,0.011202761865909523,0.02244562864056543,0.0163583585860058,0.005816269239375162,0.011804246109074245,0.019916215886932306,0.012402188040669226,0.00020015300642168714,0.005736320031929629,0.008015628577161035,0.007948027292279525,0.003493753888666508,0.031157516402701285,0.005963407391876145,0.012062973736590139,0.005887594345539465,0.018518918785313292,0.007884173466676076,0.014939113907651437
149,5575.8034095185685,1983.6032704373258,0.009697245983684362,7739.169637970956,6148.448797930212,6704.100761227165,3449.4749654338443,5907.340148635941,3280.404235057728,7429.0223704662785,3120.246009628798,5650.291341249019,6123.701771364527,10570.43147596335,4985.07618428245,2679.4357429209967,5991.346793120963,5326.170675891665,3204.037178110559,2788.50409300314,5145.376502942833,2806.72906032035,9945.827010337263,5370.536335503144,5249.923392742407,6778.618619548473,6655.882671965405,4533.814222260125,7289.868075808912,5318.888609178199,8115.777449826097,3449.9678112431,5515.690341623149,0.006316253250742271,0.012104457510672602,0.0037120876191614497,0.0028182027582040656,0.015511558227174064,0.0031704117262207326,0.001068546420764589,0.012258984583793996,0.005724520665576175,0.016855136908599258,0.009072303000587532,0.014675110785524274,0.024954982604142043,0.020070688560212824,0.01216528017137353,0.014103201610613094,0.011039214723851998,0.003494511553183668,0.0048075979311376724,0.0018066310819011327,0.003233455639931382,0.004893097750600524,0.004721841586711984,0.031679240911075456,0.0045230929491485135,0.005581397522975025,0.00901149420180772,0.01684224492231173,0.00926453835642651,0.0054372939761050485
150,5550.567602604644,1997.3085346278729,0.009542152583022679,7626.5985934334785,6148.448797930212,6704.100761227165,3449.4749654338443,5638.650953062168,3280.404235057728,7429.0223704662785,3120.246009628798,5650.291341249019,6123.701771364527,10570.43147596335,4985.07618428245,2679.4357429209967,5991.346793120963,5326.170675891665,3204.037178110559,2412.690125696653,5145.376502942833,2806.72906032035,9945.827010337263,5370.536335503144,5249.923392742407,6778.618619548473,6655.882671965405,4533.814222260125,7289.868075808912,5318.888609178199,8115.777449826097,3449.9678112431,5515.690341623149,0.011057355241793977,0.013332956937168313,0.00334945921363655,0.0,0.011862936729676539,0.010174564278953606,0.005460936443493718,0.011129414642191927,0.01441293838838226,0.020715405870713122,0.009655449456678806,0.016279482956124924,0.016927335890144845,0.01358610394025118,0.004027762710382615,0.01586299222798205,0.00896868152243852,0.004693917403404406,0.0,0.005789481457195722,0.007383716043880469,0.0011496048121761606,0.0077622746382195375,0.026750294453816586,0.007487196354950462,0.00500614464722021,0.0,0.020459607775094386,0.00956843872975878,0.0034101247249507852
151,5550.567602604644,1997.3085346278729,0.00992577093257118,7626.5985934334785,6148.448797930212,6704.100761227165,3449.4749654338443,5638.650953062168,3280.404235057728,7429.0223704662785,3120.246009628798,5650.291341249019,6123.701771364527,10570.43147596335,4985.07618428245,2679.4357429209967,5991.346793120963,5326.170675891665,3204.037178110559,2412.690125696653,5145.376502942833,2806.72906032035,9945.827010337263,5370.536335503144,5249.923392742407,6778.618619548473,6655.882671965405,4533.814222260125,7289.868075808912,5318.888609178199,8115.777449826097,3449.9678112431,5515.690341623149,0.008710465392526264,0.017844285506061385,0.0077281152070775485,0.0013733052633838915,0.011846870897565398,0.00925537992235377,0.0007303704010264978,0.013446656681574302,0.01645267995630265,0.02132754172265897,0.004715400103059862,0.013181279143184305,0.015934183443344827,0.015064043508131305,0.009304907786497759,0.016789287105831805,0.005841813059775723,0.0038190371999666647,0.00574325749164643,0.0037963999633845594,0.007557056747708528,0.005457070805227554,0.00896263128322316,0.02375923437556175,0.007064837923499594,0.010425957125867752,0.0021985905708915556,0.018596355795868283,0.007373511009970271,0.0034726025839631135
152,5519.069147395391,2001.715653331874,0.010160896701513477,7616.003499013021,6148.448797930212,6704.100761227165,3449.4749654338443,5638.650953062168,3280.404235057728,7429.0223704662785,3120.246009628798,5650.291341249019,6123.701771364527,10570.43147596335,4985.07618428245,2679.4357429209967,5991.346793120963,5117.791853673236,3204.037178110559,2412.690125696653,5145.376502942833,2806.72906032035,9945.827010337263,5248.082523540699,5249.923392742407,6778.618619548473,6655.882671965405,4533.814222260125,7289.868075808912,5318.888609178199,8115.777449826097,3449.9678112431,4912.1644139469245,0.013258936555010535,0.015125063851159812,0.013146472660590418,0.002678984855627371,0.014906951588140876,0.008645485745932319,0.0063830539220532554,0.014015810598566535,0.01685456078372609,0.019549608639490405,0.00698810784672541,0.014437783107411723,0.01506946029320557,0.009931825107389802,0.010305783972932879,0.016557266658218196,0.01036914498508937,0.007184301203974178,0.0,0.0,0.004047103981031413,0.008761881554792472,0.0002156021777171325,0.021233552620080504,0.01065962242893926,0.009104983317394677,0.007142276619151202,0.023912843187737443,0.0013716830011902092,0.0029687497821252735
153,5401.81507115858,1964.9775594919627,0.009308903584434557,7616.003499013021,6148.448797930212,6704.100761227165,3449.4749654338443,5638.650953062168,3275.3190536931543,5133.337178766142,3050.7475453113834,5650.291341249019,6123.701771364527,10570.43147596335,4950.666638522978,2679.4357429209967,5991.346793120963,5117.791853673236,3204.037178110559,2412.690125696653,5145.376502942833,2806.72906032035,9945.827010337263,5248.082523540699,4828.459858821429,6087.1382495067355,6655.882671965405,4533.814222260125,7289.868075808912,5318.888609178199,8115.777449826097,3449.9678112431,4912.1644139469245,0.00591454628829492,0.010429829682671128,0.010405017941810724,0.00830730461002166,0.009664594101107317,0.009473214871294848,0.005358487348169763,0.011269808081501223,0.0069450667217118315,0.018172522258265333,0.01349133035244674,0.006764921774696559,0.01492155413748432,0.010392982988353104,0.006670891975448277,0.019478248743191883,0.01282525544401136,0.00350759389637774,0.002394485026731672,0.0,0.0075063324050580514,0.005729365478361881,0.0,0.023834367893362702,0.010326018390368615,0.012420031071112255,0.0,0.025378821768822776,0.00268642737689656,0.004998086905463388
154,5337.267380639193,1980.6650149285435,0.010533587677884973,7616.003499013021,6148.448797930212,6704.100761227165,3449.4749654338443,5638.650953062168,3275.3190536931543,5133.337178766142,3050.7475453113834,5650.291341249019,6123.701771364527,10570.43147596335,4950.666638522978,2679.4357429209967,5991.346793120963,5117.791853673236,2644.73401541743,2412.690125696653,5145.376502942833,2806.72906032035,9765.107418632768,5248.082523540699,4828.459858821429,6004.694621946819,6655.882671965405,4533.814222260125,7034.088849694227,5318.888609178199,8115.777449826097,3286.9450477731198,4217.002069907474,0.008198584247840082,0.011295575953045603,0.012549177826616827,0.008446079956213343,0.014865669365487048,0.014314017949074947,0.005021829805133139,0.016474832260118352,0.004917579947427867,0.022440194623831906,0.010787092262739396,0.005585590612373473,0.013334917748857679,0.01819237799870683,0.012927106228581406,0.014512064685450339,0.014099419296096783,0.009695896899435305,0.00821016432545379,0.00511444632853278,0.008189137534692838,0.002776426985066961,0.0005060370356667922,0.027038914280923095,0.012057175430073239,0.0021150772358380543,0.004561972898994266,0.02544386052247991,0.0023364100917971056,0.0
155,5333.651412482959,1976.4177541424006,0.00950835065944843,7616.003499013021,6148.448797930212,6646.352288924241,3449.4749654338443,5638.650953062168,3275.3190536931543,5133.337178766142,3050.7475453113834,5650.291341249019,6123.701771364527,10570.43147596335,4950.666638522978,2679.4357429209967,5991.346793120963,5117.791853673236,2644.73401541743,2412.690125696653,5145.376502942833,2806.72906032035,9721.944811089128,5248.082523540699,4828.459858821429,6004.694621946819,6655.882671965405,4533.814222260125,7034.088849694227,5318.888609178199,8115.777449826097,3279.377082932714,4217.002069907474,0.003795302966780123,0.012507161240049606,0.004579752770282682,0.005041517806728331,0.012339331594830664,0.005349894016375319,0.01066518581537506,0.01963475958502364,0.009443651961351851,0.01564952503927348,0.017897716804534003,0.010468153517525934,0.013291395173035198,0.02185882266195121,0.009170304560192794,0.004637252376145026,0.01350375877834614,0.006331776412686921,0.007212097721147148,0.0033886356788734267,0.0018765994441047025,0.0,0.003025947324262033,0.025631887714407765,0.014132334366857457,0.002501909701146498,0.0018657515392169544,0.027729770494006063,0.0017203227189427986,0.0
156,5271.259943603651,1957.0911957255646,0.010550027962927835,6719.583562067473,6148.448797930212,6646.352288924241,3184.995296145788,5638.650953062168,3275.3190536931543,5133.337178766142,3050.7475453113834,5650.291341249019,6123.701771364527,10570.43147596335,4950.666638522978,2679.4357429209967,5991.346793120963,5117.791853673236,2644.73401541743,2412.690125696653,4801.795213416035,2806.72906032035,9681.608487632124,4921.155676378828,4828.459858821429,6004.694621946819,6655.882671965405,4533.814222260125,7034.088849694227,5318.888609178199,8115.777449826097,3279.377082932714,4217.002069907474,0.003430143864263659,0.012995981043023613,0.007465102716191841,0.008553442828732088,0.016137948936480396,0.006353852223814005,0.01278370177478774,0.017149476594822653,0.008153785263807351,0.01821359580487076,0.01938429306491514,0.012880871328690226,0.014631683347433005,0.01644352066900189,0.004769987215627214,0.009911429589760146,0.014862311575728608,0.0033845623823933416,0.005632277720087393,0.006642826483805617,0.002390090898546335,0.005124473935538661,0.004518828492217347,0.021991510381000234,0.015186524219996705,0.004641248277118784,0.006834915781890258,0.024941385176893358,0.0014197515912901353,0.009671315705106426
157,5127.883227265603,1938.2716760369528,0.011747067255473358,6719.583562067473,6148.448797930212,6646.352288924241,3184.995296145788,5638.650953062168,3275.3190536931543,4338.385230235399,1986.4346659649425,5461.186206807003,6123.701771364527,10570.43147596335,4950.666638522978,2679.4357429209967,5621.675063771489,5117.791853673236,2644.73401541743,2412.690125696653,4801.795213416035,2806.72906032035,8756.747752029436,4921.155676378828,4828.459858821429,5046.295559076774,6655.882671965405,4533.814222260125,7034.088849694227,5318.888609178199,8115.777449826097,3279.377082932714,4217.002069907474,0.0021440430697252356,0.01699505925233996,0.009838871961395509,0.009283337632553526,0.01585207772434888,0.008512346824098923,0.009460267315133405,0.019282186856151334,0.0118571216516227,0.019175501727825416,0.020279919158643307,0.016549296272541196,0.015392184129401071,0.027277964091830326,0.008673149391480206,0.009138266148016098,0.018838895355449064,0.0063718544924736865,0.0011748985277150066,0.006074891265985264,0.005850919225721499,0.0018799337456260174,0.00013278629845526,0.02188421140477912,0.011677381504733035,0.00440279916501363,0.008322495600939152,0.025906763007538948,0.011038579564691668,0.009144015297972185
158,5106.819411468904,1930.1832677310729,0.010794597652417323,6366.419729986012,6148.448797930212,6646.352288924241,3184.995296145788,5638.650953062168,3275.3190536931543,4338.385230235399,1986.4346659649425,5461.186206807003,6123.701771364527,10570.43147596335,4950.666638522978,2679.4357429209967,5621.675063771489,5014.491170980897,2644.73401541743,2412.690125696653,4801.795213416035,2806.72906032035,8756.747752029436,4855.649929347376,4828.459858821429,4936.3513469810305,6655.882671965405,4533.814222260125,7034.088849694227,5318.888609178199,8115.777449826097,3279.377082932714,4217.002069907474,0.0,0.0158978894550313,0.004790799409289355,0.010054632643515832,0.019888060352976973,0.011138846837140328,0.00486561266629805,0.015451567016581635,0.007171379784523885,0.017585779825613462,0.021730741120990035,0.009507462296407605,0.017110667028400656,0.026023514777925295,0.004209025703144055,0.00770615146802061,0.016587631785043917,0.005725257525958454,0.013221672130389753,0.004776342970025879,0.0,0.004612799437327864,0.004957258135510861,0.02153549003211567,0.014750987293521896,0.0,0.008846790739897576,0.024507709213276465,0.011183859923592228,0.0
159,5070.53615822361,1932.0282066757204,0.009937878004908758,6366.419729986012,6148.448797930212,6646.352288924241,3184.995296145788,5638.650953062168,2965.560101954844,4338.385230235399,1986.4346659649425,5461.186206807003,5344.963125744046,10570.43147596335,4950.666638522978,2679.4357429209967,5621.675063771489,5014.491170980897,2644.73401541743,2412.690125696653,4801.795213416035,2806.72906032035,8756.747752029436,4855.649929347376,4828.459858821429,4936.3513469810305,6655.882671965405,4533.814222260125,7034.088849694227,5318.888609178199,8115.777449826097,3279.377082932714,4217.002069907474,0.0,0.00949086597898482,0.0008754470798976772,0.0027946308034608952,0.013268269666471287,0.011201415784290241,0.003260000282183234,0.01087473742956923,0.012165024734478417,0.024383190574637507,0.017315402985979184,0.0073359222199610285,0.014096609347774996,0.017032648814364636,0.004234427909300615,0.009603247145259876,0.019783573260620194,0.010919268838495356,0.011947547268639221,0.008694917281634872,0.007178305308318699,0.0017390032400114975,0.0053491386367957765,0.02249032529772059,0.005789852373704715,0.004280125590298575,0.009309515049782372,0.01974165877267461,0.008974022977144372,0.0040072454948082625
160,5040.020783079686,1919.9731083598194,0.010705060165336427,6366.419729986012,6148.448797930212,6646.352288924241,3184.995296145788,5638.650953062168,2965.560101954844,4338.385230235399,1986.4346659649425,5461.186206807003,5344.963125744046,10416.643833679604,4297.567844411956,2679.4357429209967,5621.675063771489,5014.491170980897,2644.73401541743,2412.690125696653,4801.795213416035,2806.72906032035,8756.747752029436,4855.649929347376,4828.459858821429,4936.3513469810305,6568.194196954827,4533.814222260125,7034.088849694227,5298.002266265814,8115.777449826097,3279.377082932714,4217.002069907474,0.01251931995255434,0.011666237843087063,0.0003282195324281781,0.004257986028470992,0.01644308132704103,0.01782829754807287,0.0,0.01576624212677831,0.012443038971430074,0.024469269647434583,0.01617974470553302,0.009318538967433617,0.012915713793446535,0.011673301823496152,0.0012334296201183797,0.00873408601551015,0.01827561086079453,0.01701761120033254,0.011897492459401002,0.003933178392582021,0.010678900538688422,0.0043141108897533295,0.006718226246406324,0.021232035480674122,0.00815154072980856,0.00394328823790919,0.00512589526596794,0.022459081430308614,0.0064559257464969115,0.005172399578134021
161,4994.486637694543,1939.1963522580743,0.011625006941997001,6366.419729986012,6148.448797930212,6646.352288924241,3184.995296145788,5638.650953062168,2965.560101954844,4338.385230235399,1986.4346659649425,5461.186206807003,5344.963125744046,10416.643833679604,4297.567844411956,2661.994336040272,5621.675063771489,5014.491170980897,2644.73401541743,2412.690125696653,3705.691870500596,2805.8201534951877,8756.747752029436,4855.649929347376,4828.459858821429,4936.3513469810305,6568.194196954827,4533.814222260125,7034.088849694227,5298.002266265814,8115.777449826097,3279.377082932714,3965.4313649744786,0.015046121744047692,0.01681408018029103,0.0,0.012267591663580725,0.01718624506913411,0.012567935852581216,0.005821449655909729,0.016583260942262933,0.009508832808497382,0.01693647809946917,0.013734552001210154,0.015327384447470194,0.014331546662500076,0.01325224526727702,0.0003886123130895853,0.010335446336566492,0.023130869632767875,0.009806620682649923,0.009784384195340414,0.006796973372592209,0.011729969291930641,0.008291089839778009,0.005462826434609252,0.022386613214268235,0.010708773678090366,0.0,0.015692252477089514,0.021264683997983827,0.004056816897067629,0.009536551501854658
162,4875.474538259581,1769.1693352328855,0.011219357953991043,6366.419729986012,6148.448797930212,6559.543754977669,3184.995296145788,5638.650953062168,2965.560101954844,4338.385230235399,1986.4346659649425,5461.186206807003,4372.0284461385345,9631.587415300522,4297.567844411956,2661.994336040272,5621.675063771489,5014.491170980897,2644.73401541743,2412.690125696653,3705.691870500596,2805.8201534951877,7661.822949881313,4855.649929347376,4828.459858821429,4936.3513469810305,6568.194196954827,4533.814222260125,7034.088849694227,5298.002266265814,7485.138900856543,3279.377082932714,3965.4313649744786,0.010002957598726759,0.00986267692141937,0.003919022134252626,0.011232812243413461,0.01721064634702154,0.015643729210781457,0.006243674791593778,0.015776550951622045,0.0032962726865037803,0.01720717210525134,0.010791213674175619,0.011709131525945576,0.015845681302854527,0.004748788905516356,0.003939364822928076,0.011065521322370717,0.018910936843974695,0.013830101614791411,0.00954830848466527,0.009745743586941122,0.014004984589571478,0.01362636087142526,0.00405002167002341,0.023228304736755453,0.01363271248774446,0.0031770359535590485,0.007177128762691249,0.019469676196737274,0.008637840985873451,0.009046365290600655
163,4770.869137624269,1731.742102656499,0.011189980775570173,6366.419729986012,6148.448797930212,5342.477157426326,3086.8081950965875,5638.650953062168,2965.560101954844,4338.385230235399,1986.4346659649425,5417.153962708134,4321.069383526453,9631.587415300522,4297.567844411956,2661.994336040272,4914.042381702356,5014.491170980897,2644.73401541743,2412.690125696653,3705.691870500596,2805.8201534951877,7661.822949881313,4570.675888925539,4370.499494385954,4936.3513469810305,6568.194196954827,4533.814222260125,6756.738922872798,5298.002266265814,7485.138900856543,3279.377082932714,3965.4313649744786,0.012872189273507618,0.00878029395264527,0.004529555450806036,0.010326814532056382,0.013185243267852685,0.01375901921854464,0.00575795146959804,0.018858145222581765,0.0004190493829748063,0.02224241863857072,0.005949719295769791,0.01162451098558304,0.012605409426493457,0.010985212896711153,0.006202938241198927,0.02050865923138467,0.01815844002411742,0.014071848952315419,0.011529240006137599,0.006262016590743363,0.014283158682024372,0.008841767122849285,0.008969170072008056,0.017965975296841616,0.011343305885166494,0.0046327748385113325,0.006834403113565706,0.021381665094939644,0.010362907692782183,0.002455619408823729
164,4703.6293102865,1713.7798578076734,0.011351552491427117,6016.104654109282,5426.310009552669,5342.477157426326,3086.8081950965875,5638.650953062168,2965.560101954844,4338.385230235399,1986.4346659649425,5417.153962708134,4321.069383526453,9631.587415300522,4297.567844411956,2661.994336040272,4914.042381702356,5014.491170980897,2644.73401541743,2412.690125696653,3705.691870500596,2785.6143910875153,7661.822949881313,4570.675888925539,4370.499494385954,4082.5675957219637,6568.194196954827,4533.814222260125,6756.738922872798,5298.002266265814,7485.138900856543,3208.6256407206424,3965.4313649744786,0.015626527163206158,0.01320195297553717,0.009203765369076175,0.009847768942821378,0.01265972023831694,0.007549792008509256,0.005915259512158714,0.01634388945826426,0.0002585542377964925,0.023928351679972204,0.0042738226345368216,0.013536600550664055,0.008229539807998306,0.007042527943167887,0.012494829020119285,0.022647625065511934,0.024369571919717104,0.014842619713919722,0.011299168055751516,0.009952094157939555,0.008715472710429948,0.011280195643308389,0.0041455420204021985,0.02121644125967021,0.00739806137251424,0.004601777232647994,0.010602976455109166,0.01748751125919271,0.011874616334553686,0.0
165,4636.602784585441,1725.3072257317422,0.011951845338545113,6016.104654109282,5426.310009552669,5342.477157426326,3086.8081950965875,5638.650953062168,2965.560101954844,4338.385230235399,1881.6899870363138,5417.153962708134,4321.069383526453,9631.587415300522,4297.567844411956,2661.994336040272,4409.760845122898,5014.491170980897,2500.314573350748,2412.690125696653,3705.691870500596,2785.6143910875153,7661.822949881313,4570.675888925539,4370.499494385954,4082.5675957219637,6568.194196954827,4533.814222260125,6756.738922872798,4040.652152808812,7485.138900856543,3208.6256407206424,3965.4313649744786,0.011981531308456547,0.016493839853337668,0.0084026409139485,0.005362133500372699,0.006225430407609858,0.013465854230741302,0.008110436514095837,0.020240183655020214,0.002647354822131446,0.02243160378498292,0.009650721927009926,0.013126767782493016,0.018962036480663996,0.005326684196093202,0.014575954200213934,0.024820942427896307,0.012196293882914806,0.00855757277135232,0.012739954829371163,0.005744759777859602,0.00958116641515857,0.011979399516799391,0.01129878399314843,0.0211549955226608,0.01654906522568278,0.010694393166907361,0.0013398313526957412,0.016600082991386107,0.004214504157972031,0.01408044054737697
166,4575.542990746528,1742.6216103427882,0.01087550179734744,6016.104654109282,5426.310009552669,5342.477157426326,3086.8081950965875,5638.650953062168,2965.560101954844,4338.385230235399,1881.6899870363138,5417.153962708134,4321.069383526453,9631.587415300522,3726.754156268818,2661.994336040272,4409.760845122898,5014.491170980897,1830.5791395077326,2412.690125696653,3705.691870500596,2785.6143910875153,7661.822949881313,4570.675888925539,4370.499494385954,4082.5675957219637,6568.194196954827,4533.814222260125,6173.54630782513,4040.652152808812,7485.138900856543,3200.573562587057,3965.4313649744786,0.013820212409576918,0.014054756452199871,0.009441768429785058,0.00023629935111533592,0.005368837599132248,0.01579108909717967,0.010079941476069425,0.01767276793458174,0.007061533757778833,0.021600496211275085,0.017093544831921766,0.014411480513015768,0.016564919551674197,0.0028786489604846963,0.011203128586388323,0.02288710135575294,0.01383466209890629,0.002936591372912364,0.01592949028843866,0.0037150486112380787,0.007718091128479151,0.007696068329437628,8.968446753924218e-05,0.019106877115053277,0.010873123115330386,0.009015522364446249,0.0,0.01869891192531445,0.005728385777948371,0.0107560708074471
167,4566.542364780539,1737.7980692067667,0.012305200720554958,6016.104654109282,5426.310009552669,5342.477157426326,3086.8081950965875,5368.632174082499,2965.560101954844,4338.385230235399,1881.6899870363138,5417.153962708134,4321.069383526453,9631.587415300522,3726.754156268818,2661.994336040272,4409.760845122898,5014.491170980897,1830.5791395077326,2412.690125696653,3705.691870500596,2785.6143910875153,7661.822949881313,4570.675888925539,4370.499494385954,4082.5675957219637,6568.194196954827,4533.814222260125,6173.54630782513,4040.652152808812,7485.138900856543,3200.573562587057,3965.4313649744786,0.01801557920590162,0.01474545031879656,0.011309273687548728,0.0017653702644088436,0.0037639923560601482,0.01653391858496832,0.004932725707093684,0.014612666471655269,0.006051545632278429,0.026536997511834408,0.01483093402888519,0.012272596573398662,0.01727337465516518,0.011899870229861644,0.014210367553626382,0.02167709861101757,0.007837699096235403,0.005171377333934052,0.01944401517149269,0.003371332855947235,0.013354232793208286,0.014450302931633895,0.0052591815670160495,0.022225328728795873,0.01634692201039698,0.009859755339322394,0.006118614388535096,0.02187303550433786,0.0025732937150872714,0.010839168788205001
168,4439.027392343772,1669.7795785172489,0.01290573569951475,5417.306401046157,5426.310009552669,4367.886393349879,3086.8081950965875,5368.632174082499,2965.560101954844,4338.385230235399,1881.6899870363138,5417.153962708134,4321.069383526453,9061.861233156998,3726.754156268818,2661.994336040272,4409.760845122898,5014.491170980897,1830.5791395077326,2412.690125696653,2771.0061713427567,2785.6143910875153,7661.822949881313,4570.675888925539,4370.499494385954,4082.5675957219637,6038.8621878640815,4533.814222260125,6173.54630782513,3822.335887237435,7485.138900856543,3200.573562587057,3965.4313649744786,0.009803487102477172,0.017708946928319685,0.02030914542998106,0.00416286255205127,0.0012637222908783744,0.020770442638178756,0.00997220283882186,0.01760421971452215,0.007495863074691889,0.028158134401068194,0.01665356349935395,0.010565255499523397,0.016347109846534712,0.006010042566213283,0.014092276873115261,0.02347818407274856,0.015133449407916985,0.00751621624368414,0.012871656580228865,0.005374569857750008,0.014799241257638113,0.006943795491205856,0.006397989255364633,0.023868047515352004,0.017440851034173747,0.007638424668628871,0.0022788538623117836,0.021539968851657744,0.008459772481203939,0.012513775149846236
169,4430.094753202045,1657.9016877798517,0.010751421929271011,5417.306401046157,5426.310009552669,4367.886393349879,3086.8081950965875,5271.641369348539,2965.560101954844,4338.385230235399,1881.6899870363138,5417.153962708134,4321.069383526453,9061.861233156998,3726.754156268818,2661.994336040272,4409.760845122898,5014.491170980897,1830.5791395077326,2412.690125696653,2771.0061713427567,2785.6143910875153,7661.822949881313,4570.675888925539,4370.499494385954,4082.5675957219637,6038.8621878640815,4533.814222260125,6173.54630782513,3822.335887237435,7314.150531338696,3200.573562587057,3965.4313649744786,0.009542724095571891,0.015244329059737102,0.018656442701620864,0.004750775363446265,0.0016453862696539125,0.019192013230033646,0.007162333258371018,0.012701529530701689,0.004588670935407683,0.022236978275099906,0.005342007371652492,0.012201692403673574,0.01743335458376114,0.005779729220042661,0.004648099861297106,0.02245901503011807,0.019226423881279882,0.010155404882504557,0.008661285286354802,0.00937893526664482,0.007343479826196706,0.0066705452689074015,0.012956218147644045,0.0195885794732916,0.01109708942552581,0.006622732873044865,0.004674580301713624,0.012400464323803257,0.0007995245249826549,0.009382313206047285
170,4406.877453009817,1627.8818806130048,0.011170374328278594,5281.226814336669,5426.310009552669,4367.886393349879,3086.8081950965875,5271.641369348539,2957.595495262407,4338.385230235399,1881.6899870363138,5396.144853347197,4321.069383526453,9061.861233156998,3726.754156268818,2661.994336040272,4409.760845122898,5014.491170980897,1830.5791395077326,2412.690125696653,2771.0061713427567,2785.6143910875153,7661.822949881313,4570.675888925539,4370.499494385954,4082.5675957219637,5972.28225007934,4533.814222260125,6173.54630782513,3822.335887237435,6849.2647661194915,3200.573562587057,3965.4313649744786,0.0074502922304596955,0.015352990859320128,0.0175763658657937,0.0031154006127083306,0.0026108213822587127,0.018890822845024222,0.005190436381589284,0.009526742762736042,0.005453853290425982,0.015386318204009672,0.010547950804818719,0.008179348375981735,0.020479605119426442,0.013185727380196018,0.011647521327275246,0.02429902669695718,0.015394884905952566,0.011260324607387667,0.004247379216606479,0.00709393774538915,0.013058356878444661,0.011144533487388177,0.013023191084798111,0.017061487915359046,0.01688167712009068,0.002617256830078191,0.002845703529408221,0.013268712442709852,0.005339048199569826,0.012981511746194113
171,4389.41847212415,1639.7237378855812,0.01223015764796944,5281.226814336669,5426.310009552669,4367.886393349879,3086.8081950965875,5207.802207134622,2957.595495262407,4338.385230235399,1881.6899870363138,5396.144853347197,4321.069383526453,9061.861233156998,3726.754156268818,2661.994336040272,4409.760845122898,5014.491170980897,1830.5791395077326,2109.0799578369256,2771.0061713427567,2785.6143910875153,7661.822949881313,4414.355792429199,4370.499494385954,4082.5675957219637,5972.28225007934,4533.814222260125,6173.54630782513,3822.335887237435,6849.2647661194915,3200.573562587057,3965.4313649744786,0.004185132954239331,0.012435865922901222,0.020355218126729493,0.0069944699513586435,0.0,0.010999379485230979,0.002103657133153287,0.017112218365600094,0.0023221369894645444,0.025294231539761076,0.01493792266105421,0.010583352251449456,0.023189394384713777,0.009274459628335788,0.01117399927790683,0.02523979262825618,0.016810440913015763,0.009063806226191401,0.0075680777565841195,0.014913580819211732,0.013655483977028399,0.009916432451614577,0.011904435910153412,0.02656141425855608,0.009517153575349291,0.002235824760513507,0.009697015252902506,0.014808202873322398,0.01345783747835371,0.010593791886131503
172,4384.292226589146,1644.0726771765978,0.011879890769130649,5281.226814336669,5426.310009552669,4367.886393349879,2946.9953487354965,5207.802207134622,2957.595495262407,4338.385230235399,1881.6899870363138,5396.144853347197,4321.069383526453,9061.861233156998,3726.754156268818,2661.994336040272,4409.760845122898,5014.491170980897,1830.5791395077326,2109.0799578369256,2757.0316516537214,2785.6143910875153,7661.822949881313,4414.355792429199,4370.499494385954,4082.5675957219637,5972.28225007934,4533.814222260125,6173.54630782513,3822.335887237435,6849.2647661194915,3200.573562587057,3965.4313649744786,0.007817874312347046,0.014924032801230938,0.013647368231062518,0.010967680195203068,0.010949360008601628,0.02142544848290354,0.005513293844245187,0.01660617259763682,0.0,0.022136507158861576,0.008417622666832892,0.003379291300767389,0.02220326195096953,0.00791609328644685,0.012907264044579604,0.026079436016575717,0.01525704648569629,0.01211526453669678,0.006883076339053071,0.006987099656918811,0.01122426192785219,0.01284677792972312,0.005964806248019794,0.02254530158907851,0.010248646477325245,0.003423518216193569,0.006736185902623134,0.01615964324026188,0.0070384414497481305,0.014075946176464545
173,4374.299517969986,1641.5675252703613,0.010872851868868466,5281.226814336669,5426.310009552669,4367.886393349879,2946.9953487354965,5207.802207134622,2957.595495262407,4291.909524890682,1881.6899870363138,5254.838115806939,4321.069383526453,9061.861233156998,3726.754156268818,2661.994336040272,4409.760845122898,5014.491170980897,1830.5791395077326,2109.0799578369256,2757.0316516537214,2785.6143910875153,7661.822949881313,4414.355792429199,4258.500678696106,4082.5675957219637,5972.28225007934,4533.814222260125,6173.54630782513,3822.335887237435,6849.2647661194915,3200.573562587057,3965.4313649744786,0.005671516384912656,0.015939687153395738,0.016430778884402038,0.008346600030239642,0.003450284661445818,0.012241912596504874,0.0074096500472820995,0.011023988159349166,0.004437497300188492,0.022543038904417535,0.0085948445604209,0.007178971319499363,0.0212187571153526,0.009099303705833511,0.009300021165555538,0.027935533838412026,0.011527495911771773,0.008254626003972499,0.008945493944335081,0.004379192970433216,0.010095005272748245,0.010701416055129084,0.00744912387633846,0.024913445833505042,0.008925525713128483,0.0008551206000376877,0.007947259229580913,0.015568278832762064,0.00465388911290368,0.011147296882195852
174,4328.079734544705,1590.0173530240102,0.011635628719144206,5281.226814336669,5426.310009552669,4367.886393349879,2733.8404694484816,5207.802207134622,2857.8029495954465,4291.909524890682,1881.6899870363138,5245.024463194085,4321.069383526453,9061.861233156998,3726.754156268818,2661.994336040272,4409.760845122898,5014.491170980897,1830.5791395077326,2109.0799578369256,2757.0316516537214,2785.6143910875153,6597.990524689752,4414.355792429199,4258.500678696106,4082.5675957219637,5972.28225007934,4533.814222260125,6173.54630782513,3822.335887237435,6849.2647661194915,3200.573562587057,3965.4313649744786,0.006992184723220925,0.014411551608874132,0.024310541547133382,0.008030011979889081,0.008639155175773948,0.006284549126416118,0.010882547080963523,0.0072301705531812146,0.005277734964494515,0.03037837453428203,0.007685565616138554,0.0032952033113317772,0.014859790232342148,0.009461177230359592,0.005337280783698467,0.022460957754840374,0.020147183118057018,0.012628713825384386,0.009933205548022517,0.013395966005896098,0.0051381795015461584,0.007881304271203154,0.00859002385705223,0.024173044375279635,0.00906555350060578,0.004270568579561612,0.017023970239508128,0.015519443290517921,0.0017867734246678631,0.01397813581408397
175,4321.189358874597,1586.3155238002284,0.010574725518517769,5074.515544233407,5426.310009552669,4367.886393349879,2733.8404694484816,5207.802207134622,2857.8029495954465,4291.909524890682,1881.6899870363138,5245.024463194085,4321.069383526453,9061.861233156998,3726.754156268818,2661.994336040272,4409.760845122898,5014.491170980897,1830.5791395077326,2109.0799578369256,2757.0316516537214,2785.6143910875153,6597.990524689752,4414.355792429199,4258.500678696106,4082.5675957219637,5972.28225007934,4533.814222260125,6173.54630782513,3822.335887237435,6849.2647661194915,3200.573562587057,3965.4313649744786,0.008436640578552161,0.014696502267731304,0.017921916994392054,0.0033514030771947547,0.00860265986277415,0.0007382334741794486,0.0012722514718776067,0.013368192445899568,0.0,0.03224237572359717,0.014987927214037739,0.0049752103330981,0.009464509331946017,0.010531415531175346,0.0055233457154364625,0.02320873936996348,0.012648183685563004,0.018939982085769677,0.012464176390784525,0.008005745191457728,0.0046296373628635515,0.0057327040234382036,0.01291360855739757,0.025698814896858536,0.016082350814934556,0.0,0.012968091744416509,0.013023683460313426,0.0009402781413572753,0.003873185808523184
176,4280.35781873507,1587.5767747139853,0.010983055283934338,4974.316950405146,5426.310009552669,4367.886393349879,2491.232334111181,5207.802207134622,2857.8029495954465,4291.909524890682,1881.6899870363138,5245.024463194085,4321.069383526453,9061.861233156998,3726.754156268818,2661.994336040272,4174.258349234956,5014.491170980897,1830.5791395077326,2109.0799578369256,2757.0316516537214,2785.6143910875153,6597.990524689752,4414.355792429199,3855.3771370432787,4082.5675957219637,5728.768812599866,4533.814222260125,6173.54630782513,3822.335887237435,6849.2647661194915,3200.573562587057,3965.4313649744786,0.0018263532200311016,0.02383517300179897,0.02276594820709106,0.004734041204877651,0.008941250410242175,0.004616292349651703,0.003671199570679892,0.009363914579271488,0.004038050650976651,0.030867256420245483,0.019008307217579463,7.18173110656184e-05,0.011574104484662026,0.006266596652775311,0.005538545633692452,0.01849846946664817,0.015950842201994345,0.020761935612451654,0.015630015683756767,0.005103248361903503,0.008472580999064233,0.0033948675995718906,0.011086150556322874,0.026620680864008657,0.018352517296622448,0.0,0.0179999446549945,0.009163691971133972,0.0,0.0013378623349160274
177,4269.048239717247,1588.121369322466,0.011245273637365018,4974.316950405146,5426.310009552669,4028.599022815203,2491.232334111181,5207.802207134622,2857.8029495954465,4291.909524890682,1881.6899870363138,5245.024463194085,4321.069383526453,9061.861233156998,3726.754156268818,2661.994336040272,4174.258349234956,5014.491170980897,1830.5791395077326,2109.0799578369256,2757.0316516537214,2785.6143910875153,6597.990524689752,4414.355792429199,3855.3771370432787,4082.5675957219637,5728.768812599866,4533.814222260125,6173.54630782513,3822.335887237435,6849.2647661194915,3200.573562587057,3965.4313649744786,0.0017509531596151488,0.016069960592594745,0.015937730358667777,0.008629553255875297,0.008697232827716382,0.0023952197853982513,0.004002239742559942,0.009675129030456385,0.0,0.024075713282391702,0.024619417127705507,0.010578901863190672,0.013572796099732744,0.009267817113298282,0.005292343143111534,0.02153402277177083,0.013511041213915902,0.02357757012006968,0.01802302259973529,0.008726919396098284,0.0021642582753832918,0.0037884386457790573,0.012558722837734805,0.02603975911899714,0.02167776318324492,0.001804335854938445,0.008751455383781168,0.01001805545573755,0.004354027126819715,0.0062638097546301105
178,4125.711481890749,1373.7841269999014,0.01253101539125187,4974.316950405146,5426.310009552669,4028.599022815203,2491.232334111181,5207.802207134622,2857.8029495954465,4291.909524890682,1881.6899870363138,5245.024463194085,4321.069383526453,7168.561575940898,3726.754156268818,2661.994336040272,4174.258349234956,5014.491170980897,1830.5791395077326,2109.0799578369256,2757.0316516537214,2785.6143910875153,6597.990524689752,4414.355792429199,3855.3771370432787,3821.474300772955,5580.0182906253085,4533.814222260125,4176.587047169876,3822.335887237435,6849.2647661194915,3200.573562587057,3965.4313649744786,0.006282682549625908,0.015535002270568643,0.01761275808477731,0.0068439344003950985,0.01379141786019263,0.008046405856047588,0.010824128885906448,0.007357063983987705,0.002641140183757473,0.019968608787816894,0.02917641746227978,0.0061229186372435225,0.005883618900231277,0.005235149936286716,0.011899613295263548,0.021791205177820752,0.016763033667416813,0.01867069452817848,0.015675604057853423,0.015583610496897295,0.01106927187510912,0.00360749430422801,0.012872955690948,0.02957047817875051,0.021795199514556992,0.0,0.015116341557512649,0.009116549650229516,0.008835124610074758,0.008242037333599307
179,4075.0016311086106,1403.9807923279243,0.012353674562352056,4974.316950405146,5426.310009552669,2532.3314518724924,2491.232334111181,5207.802207134622,2832.774997073998,4291.909524890682,1881.6899870363138,5245.024463194085,4321.069383526453,7168.561575940898,3726.754156268818,2661.994336040272,4174.258349234956,5014.491170980897,1830.5791395077326,2109.0799578369256,2757.0316516537214,2785.6143910875153,6597.990524689752,4414.355792429199,3855.3771370432787,3821.474300772955,5580.0182906253085,4533.814222260125,4176.587047169876,3822.335887237435,6849.2647661194915,3200.573562587057,3965.4313649744786,0.006087139834628182,0.019805033322302153,0.015781879497873887,0.0021368530005583036,0.0065313801807452155,0.011320341903577495,0.006979080419408723,0.008874796717928252,0.0022699128061504465,0.025872470759415022,0.0231004407661051,0.0030554244108457634,0.012501138630632838,0.010928825239973749,0.00958981261495399,0.016038665764248693,0.01448590851848507,0.015169926312720669,0.022935104650319924,0.012332841094425458,0.015816565836651947,0.008740904569971206,0.005181037174727578,0.0314424843877296,0.01568779953997548,0.005588746089100317,0.009070589076924509,0.009580269893862322,0.01346650865914594,0.010238355197173806
180,4072.0366356278546,1408.2140920623592,0.012138880676044825,4974.316950405146,5426.310009552669,2532.3314518724924,2491.232334111181,5207.802207134622,2832.774997073998,4291.909524890682,1881.6899870363138,5245.024463194085,4321.069383526453,7168.561575940898,3726.754156268818,2661.994336040272,4174.258349234956,5006.867749325826,1749.2526967401134,2109.0799578369256,2757.0316516537214,2785.6143910875153,6597.990524689752,4414.355792429199,3855.3771370432787,3821.474300772955,5580.0182906253085,4533.814222260125,4176.587047169876,3822.335887237435,6849.2647661194915,3200.573562587057,3965.4313649744786,0.011826201856225677,0.01631458046667327,0.015445758287261076,0.011593960022950996,0.009954262370549721,0.00432840230762657,0.0013270619529939243,0.017089691199810228,0.013162413408394318,0.02411808133712436,0.02385885348797744,0.005668949465221594,0.017233192972630103,0.011391729373959901,0.007743912274672887,0.008646692791254356,0.013573485555289167,0.010739591040642244,0.01770376646221717,0.016173825743572356,0.010647676823178763,0.010827810761519112,0.004151301082510555,0.02752975756926114,0.012533230965904031,0.00466550043965374,0.009903773560678024,0.009740900896638833,0.01011172344948793,0.006160332355465363
181,4053.781664400268,1371.0131498137625,0.012549043559257138,4974.316950405146,5426.310009552669,2532.3314518724924,2491.232334111181,5207.802207134622,2832.774997073998,4291.909524890682,1881.6899870363138,5245.024463194085,4321.069383526453,6620.9124391132855,3726.754156268818,2661.994336040272,4174.258349234956,5006.867749325826,1749.2526967401134,2109.0799578369256,2757.0316516537214,2785.6143910875153,6597.990524689752,4414.355792429199,3855.3771370432787,3821.474300772955,5580.0182906253085,4533.814222260125,4176.587047169876,3822.335887237435,6849.2647661194915,3200.573562587057,3965.4313649744786,0.010184594778850121,0.017714017614832853,0.01701359739804935,0.011485869003627554,0.013736943839541245,0.0,0.004794847364587189,0.018963346267100306,0.012187457256015848,0.022979348059536355,0.02564482950796221,0.007297114397305707,0.017588239134292055,0.010208898117761085,0.008935436767162573,0.010135428830444741,0.018330613156360104,0.013790134822656494,0.011644293469841348,0.012557982414748554,0.022517993195615486,0.009594388661924701,0.010181487141480386,0.02199040947229208,0.01121870676192108,0.005842063518087101,0.009783546082183035,0.010085690538969785,0.00657120328832897,0.0034928259162358517
182,4005.146607291339,1399.0673554995578,0.012658576619163595,4974.316950405146,5426.310009552669,2453.592128165028,2491.232334111181,5207.802207134622,2832.774997073998,4291.909524890682,1881.6899870363138,5245.024463194085,4321.069383526453,6620.9124391132855,3726.754156268818,2661.994336040272,4174.258349234956,5006.867749325826,1749.2526967401134,2109.0799578369256,2757.0316516537214,2785.6143910875153,6597.990524689752,4414.355792429199,3855.3771370432787,2582.144307641486,5580.0182906253085,4533.814222260125,4176.587047169876,3822.335887237435,6849.2647661194915,3200.573562587057,3824.4489685455424,0.008860708419525052,0.012872647785330702,0.014537311804584983,0.0026902212653652606,0.014830369939708918,0.0002452724694797726,0.0016087568654177319,0.021104696937073068,0.016136013912967838,0.022708829822188047,0.020167241912339574,0.012187003943097272,0.01561079729940413,0.009125939856648922,0.00668630661643799,0.006979099276186746,0.012936976483796735,0.018988728825160586,0.016041628699337795,0.010239964002762498,0.021546562896024576,0.010485318308757761,0.01396292568555063,0.02006686990932454,0.016585581555593417,0.012697780835382887,0.013253579312369578,0.01485362947466552,0.006616410557303958,0.00513012390312139
183,4001.0053703591425,1395.0326383080767,0.012909932899744288,4974.316950405146,5302.0729015867655,2453.592128165028,2491.232334111181,5207.802207134622,2832.774997073998,4291.909524890682,1881.6899870363138,5245.024463194085,4321.069383526453,6620.9124391132855,3726.754156268818,2661.994336040272,4174.258349234956,5006.867749325826,1749.2526967401134,2109.0799578369256,2757.0316516537214,2785.6143910875153,6597.990524689752,4414.355792429199,3855.3771370432787,2582.144307641486,5580.0182906253085,4533.814222260125,4176.587047169876,3822.335887237435,6849.2647661194915,3200.573562587057,3824.4489685455424,0.004418683774550599,0.016314976423198145,0.022039543024934292,0.013173026024973849,0.015062453636146968,0.0027106112467106523,0.0025985458806060354,0.0202712347192123,0.01674475944609781,0.02343818449482792,0.015669774579177738,0.010492020350609848,0.01335324038611439,0.013096479749939228,0.01430132584256198,0.012647982037007592,0.016372630155536142,0.014880775512307482,0.014465533977991496,0.005390046787978132,0.016107255326124142,0.006689029796481951,0.01183980511437324,0.018377124546688762,0.01144279256214005,0.006151316046274204,0.01547768769824942,0.02117229454857621,0.004673871658959499,0.00792498164397867
184,4000.1444279285374,1395.994994552186,0.013301475175335142,4974.316950405146,5302.0729015867655,2427.763855246887,2491.232334111181,5207.802207134622,2832.774997073998,4291.909524890682,1881.6899870363138,5245.024463194085,4321.069383526453,6620.9124391132855,3726.754156268818,2661.994336040272,4174.258349234956,5006.867749325826,1749.2526967401134,2109.0799578369256,2757.0316516537214,2785.6143910875153,6597.990524689752,4414.355792429199,3855.3771370432787,2582.144307641486,5580.0182906253085,4533.814222260125,4176.587047169876,3822.335887237435,6849.2647661194915,3200.573562587057,3824.4489685455424,0.0019142991602052464,0.014083570750799787,0.019979958941991276,0.012884645658309053,0.01225023985654051,0.003511040689037614,0.003938059467117142,0.0197555333604078,0.019508377343110797,0.02549327534956356,0.020276395245703852,0.013983170590357072,0.018451466952401508,0.012045893766534138,0.014675161331863267,0.02034504174307257,0.014196113424549706,0.018496742233807213,0.01006786101087804,0.0005288554611756907,0.013757329400842776,0.006339031653190698,0.01535514506724641,0.01835148887229766,0.009761567794097209,0.011552721109141928,0.009807931417810401,0.019351100067069613,0.00902167880628188,0.009360558734649815
185,4000.062655484165,1396.0110781478663,0.012696959666360894,4974.316950405146,5302.0729015867655,2427.763855246887,2491.232334111181,5207.802207134622,2832.774997073998,4291.909524890682,1881.6899870363138,5245.024463194085,4321.069383526453,6620.9124391132855,3724.3009829376424,2661.994336040272,4174.258349234956,5006.867749325826,1749.2526967401134,2109.0799578369256,2757.0316516537214,2785.6143910875153,6597.990524689752,4414.355792429199,3855.3771370432787,2582.144307641486,5580.0182906253085,4533.814222260125,4176.587047169876,3822.335887237435,6849.2647661194915,3200.573562587057,3824.4489685455424,0.001525373691317698,0.013691063464639244,0.028457582016036858,0.011450229856492163,0.01782799055343198,0.010839318863749229,0.009334008102831975,0.012647596077372555,0.012773942948072551,0.02123096863503967,0.01538055647617917,0.017952466579420564,0.019205431864848674,0.01304202481386733,0.010206423243786875,0.012867827274664458,0.009407843172588104,0.013291028833087708,0.00743426555889124,0.004507521608936839,0.01724305668963414,0.009702511343241568,0.009312813332577878,0.022057323419203856,0.014802109515995877,0.008266151547750747,0.0129009456538344,0.014581929265226397,0.002635346193037364,0.006333139395069737
186,3970.2589818215297,1394.9371030117243,0.012848006700272144,4974.316950405146,5302.0729015867655,2427.763855246887,2491.232334111181,5207.802207134622,2832.774997073998,4291.909524890682,1881.6899870363138,5245.024463194085,4321.069383526453,6620.9124391132855,3724.3009829376424,2661.994336040272,4174.258349234956,5006.867749325826,1749.2526967401134,2109.0799578369256,2757.0316516537214,2785.6143910875153,6597.990524689752,4414.355792429199,3855.3771370432787,2582.144307641486,5580.0182906253085,3726.876183047201,4176.587047169876,3822.335887237435,6849.2647661194915,3113.401391920923,3824.4489685455424,0.0029402885470616816,0.015735185767705558,0.018368059238194206,0.009061201660699767,0.016654514537876905,0.010920508147844038,0.005804491004281746,0.013760011289394254,0.013490891898758699,0.018746889017111468,0.012699277753721478,0.014236177410443878,0.023576881710770853,0.014463386664906519,0.01864363864466422,0.014405941573658678,0.01282851628288573,0.013996436273552746,0.007354685359935077,0.004318257221925915,0.012202863058703299,0.01177108531406642,0.010285934378565486,0.019340698086417266,0.01452272322628124,0.005234101432507055,0.016205372435837802,0.017337912596036884,0.0036139679672889534,0.012920302507066527
187,3939.098716676805,1357.8025132138234,0.012899994877322324,4531.754247170643,5302.0729015867655,2427.763855246887,2491.232334111181,5207.802207134622,2832.774997073998,4291.909524890682,1881.6899870363138,5245.024463194085,4321.069383526453,6620.9124391132855,3724.3009829376424,2661.994336040272,4174.258349234956,5006.867749325826,1749.2526967401134,2109.0799578369256,2757.0316516537214,2785.6143910875153,6105.745273582518,4414.355792429199,3855.3771370432787,2582.144307641486,5580.0182906253085,3726.876183047201,4176.587047169876,3822.335887237435,6849.2647661194915,3113.401391920923,3824.4489685455424,0.011499607588280683,0.013099456470414519,0.022582785669457227,0.01244569441902405,0.00939956578678241,0.005065513843599027,0.009820483508836927,0.010212714231157485,0.01425129391938602,0.02184757091227144,0.01387190942019564,0.01965125175384798,0.021916632539298743,0.009713164738640753,0.020585990964840404,0.010923844149713185,0.012503528968646682,0.012955099146633476,0.004190537367072121,0.0,0.008214338164425053,0.008050404676164103,0.01284133839524518,0.019803445223365572,0.020131213868915965,0.010531969414391962,0.01599442042661424,0.016931951804963815,0.0063554098405044805,0.011608709106980582
188,3853.6456479986036,1261.530635766295,0.01172059944998174,3756.324359479362,5302.0729015867655,2427.763855246887,2491.232334111181,5207.802207134622,2832.774997073998,4291.909524890682,1881.6899870363138,5245.024463194085,4321.069383526453,5173.111501652466,3636.168209316814,2661.994336040272,4174.258349234956,5006.867749325826,1749.2526967401134,2109.0799578369256,2757.0316516537214,2785.6143910875153,6105.745273582518,4414.355792429199,3855.3771370432787,2582.144307641486,5580.0182906253085,3726.876183047201,4176.587047169876,3822.335887237435,6597.036304546377,3113.401391920923,3824.4489685455424,0.01710943938410543,0.017791786366609857,0.019642428256295273,0.004254192770224191,0.022412754917200135,0.006606370063119172,0.005036676120353503,0.02268348886442817,0.004741519528847576,0.02243013319415934,0.011704547092789773,0.014706356689052598,0.01599722105885161,0.00619234924218958,0.016017596076186216,0.007925125585802877,0.01027261749576987,0.012157276577256827,0.004131279872032926,0.0,0.009175898786795238,0.004911919704904625,0.010973105221283051,0.01588333098132729,0.021260180463994784,0.00911226068962657,0.0066730520956496025,0.009723470699325911,0.009155554025526086,0.012936051675744069
189,3852.1821861226917,1263.8407410499674,0.011250171461942146,3756.324359479362,5302.0729015867655,2427.763855246887,2491.232334111181,5207.802207134622,2832.774997073998,4291.909524890682,1837.7861307589594,5245.024463194085,4321.069383526453,5173.111501652466,3636.168209316814,2661.994336040272,4174.258349234956,5006.867749325826,1749.2526967401134,2109.0799578369256,2757.0316516537214,2785.6143910875153,6105.745273582518,4414.355792429199,3855.3771370432787,2582.144307641486,5580.0182906253085,3726.876183047201,4176.587047169876,3822.335887237435,6597.036304546377,3113.401391920923,3824.4489685455424,0.007292194161181592,0.015867325371287374,0.01253265502605077,0.0050710392535797105,0.014963125054984514,0.007602408948513982,0.008428748475806052,0.020685865415552864,0.0021634994830109855,0.022700861244849144,0.006344578930128969,0.009495868800944674,0.014740081608808969,0.015021199881481515,0.01875134755691567,0.005308701782032694,0.003222196069226005,0.01389322683179401,0.011191213167024459,0.005639387673083128,0.007845617331566683,0.0056320242422808146,0.014820890510029034,0.020745089475044304,0.01789820071686063,0.008000859929811513,0.0023269398945895267,0.011866666308880404,0.015293545770961082,0.012159784941983208
190,3821.9963303848617,1247.2409442769845,0.012049884673582995,3756.324359479362,5302.0729015867655,2427.763855246887,2491.232334111181,5207.802207134622,2832.774997073998,3950.166128679578,1837.7861307589594,5245.024463194085,4321.069383526453,5173.111501652466,3636.168209316814,2661.994336040272,4174.258349234956,5006.867749325826,1749.2526967401134,2109.0799578369256,2757.0316516537214,2785.6143910875153,6105.745273582518,4414.355792429199,3640.5323059394204,2582.144307641486,5231.03084580536,3726.876183047201,4176.587047169876,3822.335887237435,6597.036304546377,3113.401391920923,3824.4489685455424,0.006078549805264377,0.01411410862726572,0.01265729069585052,0.0097925439302219,0.018264383401492734,0.003990451811474289,0.015522074491353472,0.02198570741450076,0.008626381747019957,0.02839448700590836,0.0,0.01395817281049866,0.01523151301806818,0.006784161449961653,0.010454970743179465,0.004632867470450994,0.008334366874337128,0.016623542148602666,0.009266878832299652,0.006282212295404896,0.012167353433704843,0.005699988964704078,0.014325463556807227,0.020142855484928317,0.01761255976684678,0.015190479965089846,0.005780771865726218,0.017483738309711134,0.009148665117566613,0.012949999169249346
191,3740.365063146663,1239.3302260320393,0.011846759730371593,3756.324359479362,4117.80410131221,2427.763855246887,2491.232334111181,5207.802207134622,2832.774997073998,3950.166128679578,1837.7861307589594,5245.024463194085,4321.069383526453,5173.111501652466,3636.168209316814,2661.994336040272,4174.258349234956,5006.867749325826,1749.2526967401134,2008.7583840767684,2757.0316516537214,2643.0689487670593,6105.745273582518,4414.355792429199,3640.5323059394204,2582.144307641486,5231.03084580536,3726.876183047201,4176.587047169876,2800.533686446652,6597.036304546377,3113.401391920923,3824.4489685455424,0.005590863274806251,0.009763267683709484,0.010275094091600127,0.011585481639153891,0.013632793925120318,0.00952476629261662,0.00821650518233663,0.02228191108664131,0.015228147996670265,0.017780405786912704,0.001336908374461346,0.015393436990884826,0.02605700580141872,0.003163124455459035,0.009520313027224678,0.0,0.01658616653250388,0.017300833604101805,0.010446530033860254,0.006517049427971982,0.013645101890402994,0.0009268070319654459,0.021006735092868253,0.02378177404268344,0.017920688182361318,0.005392849328449636,0.006380652983630826,0.01635144248150432,0.010854261658176038,0.00894187401165134
192,3731.3918748433393,1236.0348575019575,0.010649136227089236,3756.324359479362,4117.80410131221,2427.763855246887,2491.232334111181,5207.802207134622,2832.774997073998,3950.166128679578,1837.7861307589594,5078.324645411761,4321.069383526453,5173.111501652466,3636.168209316814,2559.498504722891,4174.258349234956,5006.867749325826,1749.2526967401134,2008.7583840767684,2757.0316516537214,2643.0689487670593,6105.745273582518,4414.355792429199,3640.5323059394204,2582.144307641486,5231.03084580536,3726.876183047201,4176.587047169876,2800.533686446652,6597.036304546377,3113.401391920923,3824.4489685455424,1.9348855801242967e-05,0.010391554213053381,0.009231067318312592,0.01599778645272729,0.013882683476641117,0.010286708687680345,0.007910214081146581,0.016242865311091956,0.01569649417780521,0.015443309803855226,0.0,0.0162455963261663,0.020468428858370386,0.0008637150280526465,0.0064844657189665755,0.0012562073086653176,0.008414061687949276,0.009894685439557946,0.004898304242124369,0.010043584316549038,0.01364594627602028,0.0,0.020862101630135254,0.027360093708157014,0.00971713844939651,0.004689912810442834,0.013179776147279568,0.01750448534113044,0.00884046035166214,0.010003090793936253
193,3658.5122526655728,1230.904474438422,0.012173171944737075,3571.5252310410583,4117.80410131221,2427.763855246887,2491.232334111181,5207.802207134622,2832.774997073998,3950.166128679578,1837.7861307589594,4698.42194971954,2715.9877895791815,5173.111501652466,3636.168209316814,2559.498504722891,4174.258349234956,5006.867749325826,1749.2526967401134,2008.7583840767684,2757.0316516537214,2643.0689487670593,6105.745273582518,4414.355792429199,3640.5323059394204,2582.144307641486,5214.425598550157,3726.876183047201,4176.587047169876,2800.533686446652,6597.036304546377,3113.401391920923,3824.4489685455424,0.0,0.008954885630359417,0.015822614398632213,0.018073684420946805,0.016725201693580063,0.00693073075926372,0.007958060986108411,0.01447939467840916,0.018077377473480313,0.014800397527301295,0.0048991781440312285,0.015652007249823807,0.018787783649575094,0.005548381082622566,0.017707575602642116,0.0,0.006348047697735243,0.01204862623513157,0.006553257280834777,0.019327361766039306,0.013064283823070167,0.0,0.016342137697099874,0.02903610560840478,0.010907626374547199,0.008994320908639431,0.007334631799895733,0.02070205056380187,0.009319055817993147,0.020800379472142996
194,3567.024005668068,1192.5365931559697,0.011605664278728342,3571.5252310410583,4060.175736269933,2427.763855246887,2491.232334111181,5207.802207134622,2832.774997073998,3950.166128679578,1837.7861307589594,4698.42194971954,2715.9877895791815,5148.582851947072,3636.168209316814,2559.498504722891,3583.6298984268847,5006.867749325826,1749.2526967401134,2008.7583840767684,2757.0316516537214,2643.0689487670593,6105.745273582518,4414.355792429199,3640.5323059394204,2582.144307641486,3142.5636541807576,3726.876183047201,4176.587047169876,2800.533686446652,6597.036304546377,3113.401391920923,3824.4489685455424,0.0,0.006004473010724105,0.010813771416727493,0.01573750931562437,0.013622458900271882,0.0040156699550121236,0.007321296492766384,0.019273220591674436,0.014662501242463204,0.01293256196343845,0.005127363506992146,0.015350011956264491,0.024640297325155634,0.0,0.018671703474402602,0.005028591196015447,0.00517071929722243,0.011486280002290312,0.0006618841557264841,0.01697955248124575,0.01695572156181066,0.005671124289040089,0.01458614359981467,0.022697065075209667,0.009542870472983227,0.016464282360272777,0.011183745418268278,0.017380278274092862,0.00598123296898038,0.020207598057359853
195,3475.1062330668774,1169.5291242936378,0.01295889363781884,3336.4669718899127,4060.175736269933,2427.763855246887,2491.232334111181,5207.802207134622,2832.774997073998,3950.166128679578,1837.7861307589594,3769.9496240357316,2715.9877895791815,5148.582851947072,3636.168209316814,2559.498504722891,3583.6298984268847,5006.867749325826,1749.2526967401134,1678.0976857993774,2757.0316516537214,2643.0689487670593,5718.118176120034,4414.355792429199,3640.5323059394204,2582.144307641486,3142.5636541807576,2851.1613855863156,4176.587047169876,2800.533686446652,6597.036304546377,3113.401391920923,3824.4489685455424,0.0,0.0118500733908159,0.020179249889960563,0.010098368852453965,0.01384513588236968,0.005600222799918692,0.01161353533088235,0.016884163375803955,0.01245005565380394,0.014891845291252433,0.005773430216840832,0.013510425571856558,0.025069690319154177,0.00567724776104276,0.023249370430363122,0.009103197271689357,0.000504842387038141,0.010006733633597721,0.005757645611216637,0.017328733748855504,0.015567220701023803,0.013918496763038723,0.014146021976410433,0.02418156331552472,0.009001883709164772,0.018674043817894368,0.011039194750323854,0.01729289359466201,0.014137082120072218,0.017414440967534025
196,3472.735543766138,1169.9064431559898,0.012801687927156191,3336.4669718899127,4060.175736269933,2427.763855246887,2491.232334111181,5207.802207134622,2832.774997073998,3950.166128679578,1837.7861307589594,3769.9496240357316,2715.9877895791815,5148.582851947072,3636.168209316814,2559.498504722891,3583.6298984268847,5006.867749325826,1749.2526967401134,1678.0976857993774,2757.0316516537214,2643.0689487670593,5718.118176120034,4414.355792429199,3640.5323059394204,2582.144307641486,3142.5636541807576,2851.1613855863156,4163.269546645762,2800.533686446652,6597.036304546377,3055.5982134228598,3824.4489685455424,0.0009900929291766555,0.016246124858354864,0.025461901499403018,0.009872932779921411,0.009916933859138154,0.006461471422931571,0.01686023925035992,0.012495450988095716,0.009662685871586802,0.01716250657138851,0.011455411776839224,0.014984675562297394,0.022204640219908443,0.008268881005635312,0.02032656680446092,0.00823322544380547,0.0015809159017864524,0.019275737865315248,0.0062552052881796605,0.0176039640644561,0.02066195461711199,0.006648979844411865,0.013378434369046472,0.021127938210480625,0.005485930849440224,0.010833494187297102,0.009298461820668312,0.016394154839460256,0.006472169688292247,0.018429555425435784
197,3456.740737296425,1156.3165894811602,0.012930816060988152,3336.4669718899127,4060.175736269933,2427.763855246887,2491.232334111181,5207.802207134622,2832.774997073998,3950.166128679578,1837.7861307589594,3769.9496240357316,2715.9877895791815,5148.582851947072,3591.291482290587,2506.8750972373723,3583.6298984268847,4624.523689746174,1749.2526967401134,1678.0976857993774,2757.0316516537214,2643.0689487670593,5718.118176120034,4414.355792429199,3640.5323059394204,2582.144307641486,3142.5636541807576,2851.1613855863156,4163.269546645762,2800.533686446652,6597.036304546377,3055.5982134228598,3824.4489685455424,0.009930825647177503,0.011899483490313771,0.024895108414803146,0.00855179156005789,0.01063626327447169,0.01001658127197735,0.013730663178476238,0.010614756470870974,0.009637597145554727,0.01766328446803644,0.007544888747984197,0.009917356920228274,0.026124349530557645,0.0015330907623031962,0.02066848317856537,0.0022481175549823066,0.006629576271675751,0.01728407547178276,0.01215342620836249,0.013605455701235496,0.020397701920202814,0.009343996071001755,0.009611862759257735,0.03020112524106503,0.012832269351163064,0.01266961868251471,0.01089148709770421,0.017899188852302322,0.011005908631653369,0.007786147953362224
198,3456.2331380594983,1157.069127759795,0.01238872476902571,3336.4669718899127,4060.175736269933,2427.763855246887,2491.232334111181,5207.802207134622,2832.774997073998,3950.166128679578,1837.7861307589594,3769.9496240357316,2715.9877895791815,5148.582851947072,3591.291482290587,2506.8750972373723,3583.6298984268847,4624.523689746174,1734.0247196323032,1678.0976857993774,2757.0316516537214,2643.0689487670593,5718.118176120034,4414.355792429199,3640.5323059394204,2582.144307641486,3142.5636541807576,2851.1613855863156,4163.269546645762,2800.533686446652,6597.036304546377,3055.5982134228598,3824.4489685455424,0.011161651745508275,0.012350870417621024,0.01777677283356834,0.007146193405282024,0.014565626808980821,0.01898580792956551,0.007496428085384135,0.015339127575673519,0.013148939215086287,0.01979855307985122,0.010373870584759186,0.0028139112760574157,0.02370899105723213,0.006528670313954514,0.0079558699090005,0.0,0.0024476461476897267,0.018182160582995602,0.011502149083282759,0.007760227227565452,0.01323059374494133,0.010608332041885701,0.01337808263932381,0.02254931834816216,0.0153162053499875,0.011219607481871981,0.014466919241379822,0.017383245449622036,0.012218468726563339,0.012247502767975059
199,3435.1143647844324,1154.2603320365529,0.011993855529575624,2897.332151682912,4060.175736269933,2427.763855246887,2491.232334111181,5207.802207134622,2767.053768208665,3950.166128679578,1837.7861307589594,3769.9496240357316,2715.9877895791815,5148.582851947072,3591.291482290587,2506.8750972373723,3583.6298984268847,4624.523689746174,1734.0247196323032,1678.0976857993774,2757.0316516537214,2643.0689487670593,5589.411026940402,4414.355792429199,3640.5323059394204,2582.144307641486,3142.5636541807576,2851.1613855863156,4163.269546645762,2800.533686446652,6597.036304546377,3055.5982134228598,3824.4489685455424,0.011267210686767231,0.01049840456895071,0.02259155788579909,0.003291600898990123,0.012694121483700851,0.013352346775875776,0.01034231580182671,0.015130236979413085,0.010071604466216803,0.023501729372334808,0.00639627436763253,0.0038211931196818452,0.02523912661429669,0.005474830215471146,0.011304849876977672,0.003990755929570534,0.0013161475629983647,0.012033433353775637,0.005889342018352398,0.014018363112937157,0.012552066753343203,0.013535023595568399,0.0016714049058611073,0.025360028675521347,0.00955897439833939,0.015704698356635117,0.0127480864962211,0.023587869112081536,0.009712664107917325,0.013159404394210936
200,3432.8480532200706,1155.4707706246102,0.012620291217838099,2897.332151682912,4060.175736269933,2427.763855246887,2491.232334111181,5207.802207134622,2767.053768208665,3950.166128679578,1837.7861307589594,3769.9496240357316,2715.9877895791815,5148.582851947072,3591.291482290587,2506.8750972373723,3583.6298984268847,4624.523689746174,1734.0247196323032,1678.0976857993774,2757.0316516537214,2643.0689487670593,5589.411026940402,4414.355792429199,3640.5323059394204,2582.144307641486,3142.5636541807576,2783.172038655454,4163.269546645762,2800.533686446652,6597.036304546377,3055.5982134228598,3824.4489685455424,0.008206144531773419,0.01455301182702382,0.022646845343505428,0.006096221039845988,0.013989395618106401,0.019415180904567553,0.014139944876605576,0.02157020207652637,0.008830146712311047,0.0230578591850449,0.008300729258469019,0.005094839722571617,0.021182131201769473,0.01175289597039982,0.008548986487190345,0.007385937312192896,0.008213187991665335,0.013888680275813565,0.004704997711177397,0.00780088261185876,0.0193100347849216,0.012112507607281262,0.0,0.02358505746942312,0.001996214851298343,0.016106294955103156,0.011230172094208615,0.022576800168962557,0.009597077416053137,0.01271635652947232
201,3385.1638054878495,1122.0305069720775,0.013092032456782343,2897.332151682912,4060.175736269933,2427.763855246887,2491.232334111181,4275.0936848537085,2767.053768208665,3950.166128679578,1837.7861307589594,3769.9496240357316,2715.9877895791815,5148.582851947072,3591.291482290587,2506.8750972373723,3583.6298984268847,4474.190710999794,1734.0247196323032,1678.0976857993774,2757.0316516537214,2643.0689487670593,5589.411026940402,4414.355792429199,3640.5323059394204,2582.144307641486,3142.5636541807576,2783.172038655454,4163.269546645762,2453.047755507295,6597.036304546377,3055.5982134228598,3824.4489685455424,0.006949203581602532,0.012706755511469445,0.03372792456197117,0.008379608480092914,0.016548715585257508,0.017421290530017643,0.011098241366420254,0.01387922738151353,0.006088457621860476,0.02275244369563005,0.0175944760202185,0.006855568011741935,0.02318518668566992,0.009400548621411679,0.012082649361856799,0.00753970632890112,0.01074804067570774,0.015841847194933943,0.0015053892454106844,0.01089562903879235,0.013236836385250124,0.012196789146275437,0.0,0.031092137012948537,0.0042483101663067695,0.01633288418956342,0.01137968720153356,0.0213261412198661,0.005512816341068402,0.012234462540177791
202,3377.7651095036417,1116.9283566270024,0.012668101845071864,2897.332151682912,4060.175736269933,2427.763855246887,2491.232334111181,4275.0936848537085,2767.053768208665,3950.166128679578,1837.7861307589594,3603.2498062534073,2715.9877895791815,5148.582851947072,3591.291482290587,2506.8750972373723,3583.6298984268847,4474.190710999794,1734.0247196323032,1678.0976857993774,2757.0316516537214,2643.0689487670593,5534.149965196496,4414.355792429199,3640.5323059394204,2582.144307641486,3142.5636541807576,2783.172038655454,4163.269546645762,2453.047755507295,6597.036304546377,3055.5982134228598,3824.4489685455424,0.014092738655811328,0.007818287275033723,0.028077971606432203,0.003940980099542845,0.013514929997633016,0.013655219672693427,0.009431989883881605,0.017440648937968723,0.013813833893500311,0.024213951003845498,0.014449635305723314,0.010393696672068704,0.022703259490607215,0.004930649506688336,0.002357060163118963,0.005560443362614601,0.014760707674644657,0.016063389436614693,0.01878394294865051,0.008911769639643005,0.014475866417398285,0.011057287381566578,0.0015240303065801968,0.025668226164033782,0.007931577553228255,0.010487977017590053,0.00746108796009437,0.014882968539314374,0.008201089398094824,0.013437839387538416
203,3349.589829324185,1110.6615511748623,0.012643009086253206,2897.332151682912,4060.175736269933,2427.763855246887,2151.4070239803564,4275.0936848537085,2767.053768208665,3906.53572304551,1837.7861307589594,3603.2498062534073,2715.9877895791815,5148.582851947072,3591.291482290587,2506.8750972373723,3583.6298984268847,4474.190710999794,1734.0247196323032,1678.0976857993774,2621.7882923871857,2643.0689487670593,5225.644242091488,4414.355792429199,3640.5323059394204,2582.144307641486,3142.5636541807576,2783.172038655454,4163.269546645762,2453.047755507295,6597.036304546377,3055.5982134228598,3806.39536129829,0.010015885381380513,0.006080462424257288,0.03001440078025744,0.000537750639716738,0.01584016159327609,0.014573326798618384,0.014293044776776035,0.017405548277419768,0.007992163862479367,0.0230671489956982,0.013896568838183283,0.008578801105520388,0.02193904097522762,0.006783879807252981,0.006275331281842056,0.005892713242718243,0.011858412648563445,0.014820375466608932,0.012887045606467614,0.00706432771189353,0.012692592710265018,0.009985093655683725,0.012369781968930774,0.026056359000621438,0.010430089156333559,0.010078742595389349,0.001108606530900425,0.01967609264732929,0.014749655674979852,0.012326868433004859
204,3310.242024411239,1099.7092211219556,0.0119594096891762,2897.332151682912,4060.175736269933,2427.763855246887,2151.4070239803564,4275.0936848537085,2767.053768208665,3341.212535951736,1837.7861307589594,3603.2498062534073,2484.7942377345107,5148.582851947072,3591.291482290587,2506.8750972373723,3583.6298984268847,4090.2733025498696,1734.0247196323032,1678.0976857993774,2621.7882923871857,2643.0689487670593,5225.644242091488,4414.355792429199,3640.5323059394204,2582.144307641486,3142.5636541807576,2783.172038655454,4163.269546645762,2453.047755507295,6597.036304546377,3055.5982134228598,3806.39536129829,0.00993956280348977,0.00917415346723045,0.03300360448458373,0.001018470945538207,0.01877314779764838,0.012443609868351786,0.004903222143708148,0.01292095368564071,0.017352469186836597,0.017794325263391798,0.008361757752077318,0.009638367136873742,0.012544084128732577,0.0052024530966756685,0.009875568321468464,0.0034185726005217932,0.012277064497605364,0.016004450322117628,0.007168814660681536,0.00658758702431762,0.012911982640446601,0.014189915993098256,0.011933000988806081,0.02372451505114228,0.006022070571767195,0.01122292707853269,0.0050994907492329785,0.02136975516357359,0.010110309057000874,0.013796084194194251
205,3284.74750485767,1106.875929883516,0.01276078254690522,2640.7896009458536,4060.175736269933,2427.763855246887,2151.4070239803564,4275.0936848537085,2767.053768208665,3341.212535951736,1837.7861307589594,3603.2498062534073,2484.7942377345107,5148.582851947072,3591.291482290587,2459.155777082591,3583.6298984268847,4090.2733025498696,1734.0247196323032,1678.0976857993774,2415.118318758311,2643.0689487670593,5225.644242091488,4414.355792429199,3570.2699508417495,2582.144307641486,3142.5636541807576,2783.172038655454,4163.269546645762,2453.047755507295,6597.036304546377,3055.5982134228598,3622.753974309599,0.014311645523219941,0.01587906545144757,0.03710208826761948,0.00473941248554424,0.017430644292357612,0.006519095170944138,0.009896625540416534,0.014170140720909647,0.013840022494046963,0.015930540048261405,0.010533345082669406,0.003280471359143336,0.02330313189646979,0.012228194812948835,0.003334764799134168,0.014001576746264805,0.0033662322268157843,0.014705221489976264,0.012545562109060743,0.0,0.014759034394469114,0.011235228976838173,0.019006315583366396,0.029904369862958156,0.003692231216163143,0.0036751072925271864,0.008840002997079925,0.018359255206156368,0.01519968578602555,0.011034464574321947
206,3284.74750485767,1106.875929883516,0.01199754069319339,2640.7896009458536,4060.175736269933,2427.763855246887,2151.4070239803564,4275.0936848537085,2767.053768208665,3341.212535951736,1837.7861307589594,3603.2498062534073,2484.7942377345107,5148.582851947072,3591.291482290587,2459.155777082591,3583.6298984268847,4090.2733025498696,1734.0247196323032,1678.0976857993774,2415.118318758311,2643.0689487670593,5225.644242091488,4414.355792429199,3570.2699508417495,2582.144307641486,3142.5636541807576,2783.172038655454,4163.269546645762,2453.047755507295,6597.036304546377,3055.5982134228598,3622.753974309599,0.01738715310341366,0.01558417905393121,0.03400352202493019,0.004171512154562975,0.016893566237558486,0.011733174408441871,0.012258262619473612,0.016540519956415117,0.005761360366368422,0.017132176913795507,0.010058277670432299,0.0,0.028560857635773026,0.00666455793910262,0.004538969789060431,0.00990674243396605,0.00710693035948493,0.01600832891417773,0.009051496932946011,0.0,0.012112748466538197,0.0024471947905993457,0.010482779171859184,0.027600601968721994,0.01109612261104484,0.006361691415472203,0.006175408173664754,0.009966674980479305,0.02090224595999285,0.009419164743594879
207,3281.8748404915314,1105.191586955859,0.012508110688790725,2640.7896009458536,4060.175736269933,2427.763855246887,2151.4070239803564,4275.0936848537085,2767.053768208665,3341.212535951736,1837.7861307589594,3603.2498062534073,2484.7942377345107,5148.582851947072,3574.902339929493,2459.155777082591,3583.6298984268847,4090.2733025498696,1734.0247196323032,1678.0976857993774,2415.118318758311,2643.0689487670593,5187.384749110128,4414.355792429199,3570.2699508417495,2550.6130119997824,3142.5636541807576,2783.172038655454,4163.269546645762,2453.047755507295,6597.036304546377,3055.5982134228598,3622.753974309599,0.010791741130451449,0.01658512221082619,0.03323333445509723,0.00228766361492939,0.01839281553565451,0.01432741182103543,0.009550296235518597,0.011218135343622813,0.011639896476811684,0.017917122568536184,0.01330359608597501,0.007096755366594584,0.02131885515727787,0.013604526102334688,0.006463144777915912,0.015460886670421139,0.001097480877355226,0.01131624082336897,0.0049060921214010775,0.002257214485765444,0.011915122883191888,0.013683487761957868,0.01835572606834066,0.028114232828590782,0.00771996170981774,0.009473849293987452,0.0009579894419531086,0.013205505197646935,0.009858622913980129,0.01919049070336164
208,3250.083509311442,1092.000750299405,0.010753401678482651,2640.7896009458536,4060.175736269933,2427.763855246887,2151.4070239803564,4275.0936848537085,2767.053768208665,3341.212535951736,1837.7861307589594,3603.2498062534073,2484.7942377345107,5148.582851947072,3429.144477792197,2459.155777082591,3583.6298984268847,3426.510762423662,1734.0247196323032,1678.0976857993774,2415.118318758311,2643.0689487670593,5187.384749110128,4414.355792429199,3570.2699508417495,2550.6130119997824,3142.5636541807576,2783.172038655454,4112.069012996382,2453.047755507295,6597.036304546377,3055.5982134228598,3529.7349748198076,0.0060072531675516416,0.010569610324862477,0.0221428579347556,0.006438364910292764,0.015485784216382657,0.014223574553645046,0.007043403439541706,0.013256536812131913,0.017792883688819067,0.013820333386891455,0.017046381126641447,0.003093511164715773,0.019912697770793086,0.004574780883894021,0.0056653358383666145,0.0015558112264106323,0.0032066381015569204,0.011049372509856622,0.0038913201060005015,0.005584920836087592,0.012936715434739756,0.0069205816334308575,0.015912028466928994,0.023856310179326847,0.01183287693532767,0.008163329274626556,0.0,0.0097818551444863,0.015638865803659144,0.015198115482755879
209,3215.5945960221497,1015.4382629773507,0.01183205023774365,2640.7896009458536,4060.175736269933,2356.431846988611,2151.4070239803564,4275.0936848537085,2767.053768208665,3341.212535951736,1837.7861307589594,3603.2498062534073,2484.7942377345107,5148.582851947072,3429.144477792197,2459.155777082591,3583.6298984268847,3426.510762423662,1734.0247196323032,1669.3371314875876,2415.118318758311,2643.0689487670593,5187.384749110128,4414.355792429199,3570.2699508417495,2550.6130119997824,3142.5636541807576,2783.172038655454,4076.1853670578466,2453.047755507295,5770.147693212996,3055.5982134228598,3437.932395983021,0.016767689429073168,0.011858830083876398,0.021254886894682003,0.010280067214728876,0.004645669956789841,0.019335090125877176,0.009177279670593425,0.016807679061605813,0.02375987744586139,0.02088087980148502,0.015513468701257962,0.00674415921425955,0.020256475423577447,0.011421623367908352,0.007253055520262473,0.0010089221563531607,0.004453026263936068,0.011792591542272428,0.00954214359928865,0.00393401200703904,0.015010034898965244,0.002862894712567291,0.014188833915523837,0.026294066609463432,0.003627618551103425,0.010478217913076564,0.006008058366066762,0.010852679095437306,0.012193794395955318,0.0067578811934219975
210,3186.20380257488,971.546417464624,0.012485488321012234,2640.7896009458536,4060.175736269933,2356.431846988611,2151.4070239803564,4275.0936848537085,2767.053768208665,3341.212535951736,1837.7861307589594,3601.3493998588915,2484.7942377345107,5037.722137734623,3429.144477792197,2459.155777082591,3583.6298984268847,3426.510762423662,1734.0247196323032,1669.3371314875876,2415.118318758311,2643.0689487670593,4782.774783176014,4050.003075552171,3570.2699508417495,2550.6130119997824,3142.5636541807576,2783.172038655454,4076.1853670578466,2453.047755507295,5770.147693212996,3055.5982134228598,3437.932395983021,0.019515572584248103,0.009055866781664833,0.020065855973763775,0.011898015090977298,0.010004196930241049,0.011239646080061167,0.002185319419670095,0.013526882166870974,0.014828424148672751,0.018624793660169336,0.009796845568091425,0.0024999387430897847,0.018124426021123814,0.010901973211147182,0.007129852864021877,0.012177695919604265,0.013025818640690499,0.01690936443463119,0.008504814600185125,0.01116193386744506,0.012279764027952226,0.0,0.01945679382238097,0.027949539337232286,0.008255957447297116,0.019533198601916296,0.008513312001569585,0.014754312145470959,0.01494552321401015,0.007699012326167787
211,3152.136262397357,955.8652610156888,0.012997354644505776,2640.7896009458536,3228.1191999752414,2356.431846988611,2151.4070239803564,4275.0936848537085,2767.053768208665,3341.212535951736,1837.7861307589594,3601.3493998588915,2484.7942377345107,5037.722137734623,3429.144477792197,2459.155777082591,3583.6298984268847,3426.510762423662,1734.0247196323032,1669.3371314875876,2415.118318758311,2643.0689487670593,4782.774783176014,4050.003075552171,3380.300281810762,2550.6130119997824,3142.5636541807576,2783.172038655454,4076.1853670578466,2453.047755507295,5770.147693212996,3055.5982134228598,3437.932395983021,0.019240760640971553,0.0084064201789599,0.02166319949766621,0.0025976743698691816,0.0072583318429731486,0.016153688325094652,0.013568755541088716,0.014629151916248329,0.008636445353149797,0.016147432575093983,0.015307238361893436,0.008387168366864012,0.02435343951038454,0.010901233175119974,0.0037079926113971645,0.018045103613300344,0.013410878537609491,0.013612538866890544,0.007107239377934964,0.01356638600237083,0.01716085933875544,0.009685798618259935,0.007790800754096928,0.02834332562789658,0.005927908271884335,0.01725859478298178,0.008979392280466215,0.010994655897376408,0.011837262063776128,0.015240963034798688
212,3136.325458480753,949.6963785858579,0.012012729366592562,2640.7896009458536,3228.1191999752414,2356.431846988611,2151.4070239803564,4275.0936848537085,2767.053768208665,3341.212535951736,1837.7861307589594,3601.3493998588915,2484.7942377345107,5037.722137734623,3429.144477792197,2459.155777082591,3583.6298984268847,3426.510762423662,1734.0247196323032,1669.3371314875876,2297.6320453184776,2643.0689487670593,4782.774783176014,4050.003075552171,3380.300281810762,2550.6130119997824,3142.5636541807576,2783.172038655454,3719.3475229995524,2453.047755507295,5770.147693212996,3055.5982134228598,3437.932395983021,0.014924875092865669,0.007948860159581343,0.02165179371489049,0.0040318528531594474,0.010494302006637134,0.014598205208410295,0.009608281011724965,0.01635387022419049,0.010701819364089572,0.010773566244796591,0.010319002459131433,0.0,0.026565999647737804,0.004941941486649478,0.0037573895189945963,0.017875386151144333,0.015167624627283967,0.010941040920351038,0.005623576648919177,0.011539946588460801,0.018625025301133316,0.005064261052705025,0.017002325214416913,0.019860339041828903,0.0016321457928954303,0.016537221112606776,0.011541581969393611,0.013277383045449342,0.010872167923238947,0.018150096615089976
213,3102.6077842102677,934.2620191011647,0.013242152034391923,2640.7896009458536,3228.1191999752414,2356.431846988611,2151.4070239803564,4275.0936848537085,2767.053768208665,3341.212535951736,1837.7861307589594,3601.3493998588915,2484.7942377345107,5037.722137734623,3429.144477792197,2459.155777082591,3583.6298984268847,3426.510762423662,1734.0247196323032,1669.3371314875876,2297.6320453184776,2643.0689487670593,4342.271123048182,4050.003075552171,3380.300281810762,2550.6130119997824,3142.5636541807576,2783.172038655454,3719.3475229995524,2453.047755507295,5770.147693212996,2484.5716454361245,3437.932395983021,0.020008967368139785,0.007597683098367058,0.025529054194787196,0.000514392165470043,0.00977814483987842,0.01850247359535426,0.002954656833637269,0.013009974756038474,0.014704931182454209,0.013805893892326792,0.007793504842484859,0.0,0.02848189416991165,0.01281234808351285,0.0050434912306002505,0.013484499679509642,0.011838833166317205,0.013786692298488393,0.008595680983012164,0.014615324213213845,0.01546566065141809,0.015193902360462795,0.01827532352407228,0.013502611730621363,0.004646026802545327,0.02098898662472027,0.016015758044203684,0.01875852579835804,0.014903272796106613,0.016656052105744876
214,3096.2287602309902,940.3698771643832,0.012946022342147086,2640.7896009458536,3228.1191999752414,2356.431846988611,2151.4070239803564,4275.0936848537085,2767.053768208665,3341.212535951736,1837.7861307589594,3601.3493998588915,2484.7942377345107,5037.722137734623,3429.144477792197,2459.155777082591,3583.6298984268847,3426.510762423662,1734.0247196323032,1669.3371314875876,2106.261325940157,2643.0689487670593,4342.271123048182,4050.003075552171,3380.300281810762,2550.6130119997824,3142.5636541807576,2783.172038655454,3719.3475229995524,2453.047755507295,5770.147693212996,2484.5716454361245,3437.932395983021,0.022178185102594953,0.010332278243326382,0.021545511617211657,0.0010336036798755503,0.013878094046025694,0.018293920566822972,0.006255244960906377,0.008676792061123083,0.018972220604886854,0.016679759135188526,0.008603606658758275,0.0,0.027286916445736522,0.012979827954882027,0.011984843178993293,0.015618916761114592,0.011670443637884236,0.00452703958375969,0.01132138143641565,0.012233863829798197,0.011317045395593786,0.01662057329849885,0.011058298949639165,0.01538389922468178,0.00632266979322546,0.01697308876545658,0.014052174567040582,0.01827725497564506,0.01117356928581221,0.013129646503514558
215,3067.5624473615712,920.3203617317153,0.012521753890471976,2640.7896009458536,3228.1191999752414,2356.431846988611,2151.4070239803564,4275.0936848537085,2767.053768208665,3341.212535951736,1770.7936479497537,3601.3493998588915,2484.7942377345107,5037.722137734623,3429.144477792197,2459.155777082591,3583.6298984268847,3278.98937413152,1734.0247196323032,1669.3371314875876,2106.261325940157,2643.0689487670593,3696.795608066955,4050.003075552171,3380.300281810762,2550.6130119997824,3142.5636541807576,2783.172038655454,3719.3475229995524,2453.047755507295,5770.147693212996,2484.5716454361245,3437.932395983021,0.020942593359337885,0.008094715870416849,0.020341409667282314,0.0,0.008300378430207596,0.012501611495571366,0.008864032313984409,0.014831977999755443,0.021199494478569593,0.01779213872665413,0.014312851747986494,0.0038633095803550436,0.02482204839114247,0.014956867395613546,0.009655251252928961,0.014028601790879988,0.011544105846293097,0.0033921296898988037,0.006506496496392925,0.017404721275419834,0.01166898591817846,0.014476320354397016,0.007301456909346346,0.016937089312077665,0.010524951685681745,0.014582716879179568,0.011535071403139502,0.019566757412479388,0.00580050477742085,0.009904026253568067
216,3061.062794520942,920.3805664485764,0.011621666345251186,2640.7896009458536,3228.1191999752414,2356.431846988611,2151.4070239803564,4275.0936848537085,2767.053768208665,3341.212535951736,1770.7936479497537,3601.3493998588915,2484.7942377345107,5037.722137734623,3411.2862696335133,2459.155777082591,3583.6298984268847,3240.2071084429717,1734.0247196323032,1669.3371314875876,2106.261325940157,2643.0689487670593,3696.795608066955,4050.003075552171,3380.300281810762,2464.084461000837,3142.5636541807576,2783.172038655454,3667.526962626863,2453.047755507295,5770.147693212996,2484.5716454361245,3437.932395983021,0.021620938062069425,0.009239721301886755,0.020679608684231517,0.004002309559309671,0.008422669663497645,0.0063733234472255415,0.011372438590210594,0.013122680610201871,0.014828975124674909,0.012739333518346121,0.011650837281511695,0.004014343895647686,0.02829960876055879,0.018610026215251027,0.008079206976519593,0.003206647974664234,0.01349364066662515,0.008944396064027329,0.0056272122649131725,0.007507079025766858,0.009870313555294871,0.008981119704897596,0.013368430883292768,0.018549713023363508,0.00931707608811647,0.014598113755518406,0.010730479114200522,0.017520851506794256,0.008269537686664144,0.005609357352253454
217,3042.351650349063,926.1533967022527,0.011302090466406583,2640.7896009458536,3228.1191999752414,2356.431846988611,2151.4070239803564,4275.0936848537085,2767.053768208665,3341.212535951736,1770.7936479497537,3601.3493998588915,2127.6822298087905,4992.216500860764,3411.2862696335133,2459.155777082591,3583.6298984268847,3240.2071084429717,1734.0247196323032,1669.3371314875876,2100.8768730110774,2643.0689487670593,3636.0745608833968,4050.003075552171,3380.300281810762,2464.084461000837,3142.5636541807576,2783.172038655454,3667.526962626863,2403.4430996423257,5770.147693212996,2484.5716454361245,3394.925871603844,0.022017671014065345,0.007072941044372696,0.021308294855472077,0.002798706225485178,0.00892737024730995,0.013411525207292907,0.01319850004197929,0.005764053790488022,0.013785158894141681,0.009189043724487598,0.013844765542357699,0.0010536402925211163,0.02418086790218495,0.01119520317393281,0.0004696058276982414,0.006456617433423157,0.016808077604491198,0.009973754642555932,0.0,0.007758378688560687,0.0059132584705878805,0.02070160733485524,0.015209586540512117,0.02382632727715756,0.0031745825515994324,0.008654404567886657,0.011148564338604457,0.01992722582354172,0.010319499610804398,0.010973481323827469
218,3022.0151046199358,886.9365682903323,0.010890765110867302,2484.6420049454946,3228.1191999752414,2356.431846988611,2151.4070239803564,4275.0936848537085,2767.053768208665,3341.212535951736,1770.7936479497537,3601.3493998588915,2127.6822298087905,4992.216500860764,3411.2862696335133,2459.155777082591,3583.6298984268847,3240.2071084429717,1734.0247196323032,1669.3371314875876,2100.8768730110774,2643.0689487670593,3636.0745608833968,4050.003075552171,3380.300281810762,2464.084461000837,3142.5636541807576,2783.172038655454,3667.526962626863,2403.4430996423257,5316.198917339522,2484.5716454361245,3394.925871603844,0.022792555674727773,0.011206874045318565,0.02420948310597126,0.006604780429820472,0.003949342332762265,0.013569597050715674,0.01722714364908703,0.00483489692791348,0.011838510398546487,0.007574526366733571,0.0027805341785979345,0.0,0.01827223926683456,0.010101516886607133,0.01126194252730421,0.0034811416673113226,0.014455863036944516,0.009974967262011074,0.0,0.007550728915212298,0.011057511793659512,0.024574232732325348,0.010601160432116872,0.014344882520273522,0.004450409508218809,0.01717448809549307,0.004865924373912176,0.013554377311616978,0.003308614145510886,0.021104708690472276
219,3022.0151046199358,886.9365682903323,0.011786610695977081,2484.6420049454946,3228.1191999752414,2356.431846988611,2151.4070239803564,4275.0936848537085,2767.053768208665,3341.212535951736,1770.7936479497537,3601.3493998588915,2127.6822298087905,4992.216500860764,3411.2862696335133,2459.155777082591,3583.6298984268847,3240.2071084429717,1734.0247196323032,1669.3371314875876,2100.8768730110774,2643.0689487670593,3636.0745608833968,4050.003075552171,3380.300281810762,2464.084461000837,3142.5636541807576,2783.172038655454,3667.526962626863,2403.4430996423257,5316.198917339522,2484.5716454361245,3394.925871603844,0.01783371744020831,0.010097558848997868,0.022723450580013384,0.005603195292683463,0.0032465748512952885,0.01247474483107205,0.017366397841126875,0.011709017831830008,0.006934628661268554,0.008899968505245298,0.00521285728757604,0.011909158318852028,0.020656061975645866,0.017666728440020475,0.013962057709381128,0.003206201406059123,0.020263175159831857,0.0005682784001550008,0.0006677206881359409,0.011424474605450399,0.0201817328687567,0.012237915227292952,0.011514794830185872,0.0219983595218528,0.0007113501606917041,0.020430026290418086,0.0036951221210263707,0.011704913155145526,0.003674579561583886,0.025023558467509588
220,3001.6034732596263,890.8501469227601,0.012291315491219843,2484.6420049454946,3228.1191999752414,2356.431846988611,2151.4070239803564,4275.0936848537085,2767.053768208665,3341.212535951736,1770.7936479497537,3520.4324973051503,2127.6822298087905,4992.216500860764,3353.518683667018,2047.8314531328183,3583.6298984268847,3240.2071084429717,1734.0247196323032,1669.3371314875876,2100.8768730110774,2643.0689487670593,3636.0745608833968,4050.003075552171,3380.300281810762,2464.084461000837,3142.5636541807576,2783.172038655454,3667.526962626863,2403.4430996423257,5253.858789000257,2484.5716454361245,3394.925871603844,0.019372363531796756,0.010225319294150737,0.01622920369128847,0.00040597488926485254,0.011506321351983297,0.013740371759055263,0.014547330015794621,0.0196016239832891,0.008621686708135675,0.013843327073570636,0.0017448340626071465,0.008840412229722242,0.013499122034422143,0.009683868485394478,0.0136917460774442,0.00012865918504538395,0.013283923570215673,0.01020401326305983,0.0036184736814715047,0.009683212972551865,0.019071186939005738,0.016387243071309635,0.013463138424014167,0.018369206904975115,0.010053428901586926,0.020141493266503573,0.006367501220835871,0.022600307393139726,0.007256905639317843,0.022557265115642895
221,2981.7741825996886,906.441879528885,0.012659124021606457,2484.6420049454946,3228.1191999752414,2356.431846988611,2151.4070239803564,4275.0936848537085,2767.053768208665,3341.212535951736,1770.7936479497537,3520.4324973051503,2127.6822298087905,4992.216500860764,3353.518683667018,1833.2828980529735,3583.6298984268847,3240.2071084429717,1734.0247196323032,1669.3371314875876,2100.8768730110774,2356.8146225026444,3636.0745608833968,4050.003075552171,3380.300281810762,2370.008622546965,3142.5636541807576,2783.172038655454,3667.526962626863,2403.4430996423257,5253.858789000257,2484.5716454361245,3394.925871603844,0.0114431226951924,0.01236282913590881,0.017623281240043254,0.009506715651079614,0.011303568492848902,0.016268220530566136,0.01329191336972561,0.01894492898181129,0.006032902964971998,0.014451806801448357,0.001603983684547119,0.008274151746813563,0.020174560161503267,0.006931871537615114,0.020584702105659762,0.001661079830770211,0.015525106844573852,0.0011504992556325149,0.005511523684841606,0.006941103151457957,0.029957867373031306,0.017194932188468466,0.014910689227868208,0.01822989484524184,0.0016939992136317144,0.02216503556126666,0.013721918052500622,0.015431286992298846,0.010223180549820918,0.016657044777053792
222,2968.0282438368204,906.384982055837,0.012633243815855311,2484.6420049454946,3228.1191999752414,2356.431846988611,2151.4070239803564,4275.0936848537085,2767.053768208665,3341.212535951736,1741.3314381472949,3520.4324973051503,2127.6822298087905,4992.216500860764,3353.518683667018,1833.2828980529735,3583.6298984268847,3240.2071084429717,1734.0247196323032,1669.3371314875876,1959.1262246348322,2356.8146225026444,3636.0745608833968,3851.843069842106,3380.300281810762,2370.008622546965,3142.5636541807576,2783.172038655454,3667.526962626863,2403.4430996423257,5253.858789000257,2441.566346438849,3394.925871603844,0.01577049855360619,0.016873846636855608,0.014103360447454047,0.011479393361498214,0.015095320541995307,0.02550343475287348,0.015562969817698565,0.010961543228246967,0.014839169661250814,0.008139642984799645,0.007920954958034661,0.005631321239928873,0.016159168953373933,0.013318303662992356,0.013789697239203803,0.006706688391287472,0.014884425692819427,0.006954516618609542,0.005945009632508464,0.007032443220483831,0.018000992882606363,0.00721172493699011,0.009540711284214567,0.0167341292894462,0.0006376676149862315,0.019242979677142714,0.011693824237282177,0.013383553047342832,0.010647651666998992,0.025232370243127977
223,2943.74219558035,879.8327826187206,0.01232418971155611,2484.6420049454946,3228.1191999752414,2356.431846988611,2151.4070239803564,4275.0936848537085,2767.053768208665,3341.212535951736,1741.3314381472949,3520.4324973051503,2127.6822298087905,4992.216500860764,2987.3839078937212,1833.2828980529735,3583.6298984268847,3162.4998542842013,1734.0247196323032,1669.3371314875876,1959.1262246348322,2356.8146225026444,3636.0745608833968,3851.843069842106,3380.300281810762,2370.008622546965,3142.5636541807576,2783.172038655454,3667.526962626863,2403.4430996423257,4969.119371238209,2441.566346438849,3394.925871603844,0.018736083385852358,0.011395493466152942,0.01279567597132946,0.011206206014904536,0.006247160771220373,0.022599922982945785,0.012267188824416393,0.013826156866888505,0.010005532740762477,0.0075013994683295875,0.00017896590694084489,0.010681145205244845,0.01861462945260657,0.012093168826935606,0.013539375883141889,0.006031777724155958,0.020076580849809858,0.004336636811880578,0.015616441663754642,0.0013380057747361697,0.015018384209254968,0.00883162150205573,0.013883803564623976,0.02146949307693253,0.0030939010462205214,0.021446183481821188,0.00920063669290275,0.01063511339683956,0.010058332061087447,0.027000673722935232
224,2922.098162767317,890.9257112647953,0.012195733884956357,2484.6420049454946,3228.1191999752414,2356.431846988611,2151.4070239803564,4275.0936848537085,2767.053768208665,3341.212535951736,1741.3314381472949,3520.4324973051503,1769.0398915050941,4992.216500860764,2805.8292590872525,1833.2828980529735,3474.505901146058,3162.4998542842013,1734.0247196323032,1669.3371314875876,1959.1262246348322,2356.8146225026444,3636.0745608833968,3851.843069842106,3380.300281810762,2370.008622546965,3142.5636541807576,2783.172038655454,3667.526962626863,2403.4430996423257,4969.119371238209,2441.566346438849,3394.925871603844,0.01274534272711191,0.00878920367026769,0.009434790550816165,0.013962877502179187,0.008490139008855138,0.02647113889007758,0.007952743508778691,0.015486628531716116,0.01239617381018308,0.008463675034899051,0.00822861119877522,0.008421079442380817,0.022944281344169162,0.003806360887741305,0.0055024907361421425,0.0010408576735185839,0.02108669387456987,0.0,0.012291161337160387,0.006162378508166891,0.020491260252867908,0.00981009630281666,0.018589867793098687,0.014647449606738284,0.0029546177005672883,0.023559536527618247,0.012890859810125789,0.0137444198111984,0.008625307256045128,0.02688197325010534
225,2919.9909116729427,892.6008631148339,0.01195039174885737,2484.6420049454946,3228.1191999752414,2356.431846988611,2151.4070239803564,4275.0936848537085,2767.053768208665,3341.212535951736,1741.3314381472949,3520.4324973051503,1769.0398915050941,4992.216500860764,2805.8292590872525,1796.3608387195618,3474.505901146058,3162.4998542842013,1734.0247196323032,1669.3371314875876,1959.1262246348322,2356.8146225026444,3636.0745608833968,3851.843069842106,3380.300281810762,2370.008622546965,3142.5636541807576,2756.876565157644,3667.526962626863,2403.4430996423257,4969.119371238209,2441.566346438849,3394.925871603844,0.008485253661915762,0.010064793628251472,0.008843173927869895,0.010121677827241314,0.006654132479648558,0.020895851913378533,0.005621473065396124,0.01131728244511978,0.010391896014674433,0.014568502819868299,0.005776528195842517,0.01136870179193539,0.0173883810808378,0.012107928593877786,0.0016434485015919932,0.002533158021263531,0.017132250321457782,0.012516588630224588,0.008464981116418151,0.0069819447500869885,0.01923764724111032,0.010490838638870027,0.011803737069706825,0.015026305516144978,0.011431531228416895,0.017571885369105637,0.014907457028956248,0.009689579759079242,0.0144897473828668,0.03098507444456343
226,2889.74435709822,869.4590047563892,0.011287155706141949,2484.6420049454946,3228.1191999752414,2356.431846988611,2151.4070239803564,3870.0111769353007,2767.053768208665,3341.212535951736,1740.5863520083133,3434.649582076567,1769.0398915050941,4992.216500860764,2805.8292590872525,1796.3608387195618,3474.505901146058,3162.4998542842013,1734.0247196323032,1653.4370619004999,1959.1262246348322,2356.8146225026444,3636.0745608833968,3851.843069842106,2980.414223442142,2370.008622546965,3142.5636541807576,2756.876565157644,3667.526962626863,2403.4430996423257,4969.119371238209,2441.566346438849,3394.925871603844,0.01980437203554005,0.01109529157964774,0.011879881471618267,0.008574402623178481,0.003913039789162564,0.013409584052041915,0.0,0.007876144588544607,0.013938246319462205,0.0070688074613476015,0.009194940135457623,0.011267959192290943,0.02187618773106796,0.010130708286284134,0.002689113284765537,0.00680860028302731,0.014988631893171232,0.006726496864168486,0.010729191738288695,0.005770041460718635,0.020118626847615503,0.012400319826061329,0.01462639816073976,0.0229313747472676,0.005761789940603454,0.009211453451003108,0.012468631875355518,0.008744495620928766,0.007759162424236624,0.02685077750066282
227,2855.72353671446,809.518659051573,0.010793528515601994,2484.6420049454946,3228.1191999752414,2356.431846988611,2151.4070239803564,3870.0111769353007,2767.053768208665,3341.212535951736,1740.5863520083133,3434.649582076567,1769.0398915050941,4992.216500860764,2805.8292590872525,1796.3608387195618,3474.505901146058,3042.0240999801686,1734.0247196323032,1653.4370619004999,1959.1262246348322,2356.8146225026444,3636.0745608833968,3851.843069842106,2980.414223442142,2370.008622546965,3142.5636541807576,2756.876565157644,3667.526962626863,2403.4430996423257,4068.970514029438,2441.566346438849,3394.925871603844,0.019032698990608936,0.013513231467373316,0.01545775526591882,0.008427144439866039,0.003164953276770273,0.010890821902903745,0.0026592784511581943,0.018719797569565672,0.004070894412456718,0.010776471280648887,0.015372721647633108,0.01209622683426363,0.01688021501748175,0.0010300678658987663,0.000659356068620575,0.008183300432010333,0.015546632044582898,0.005023885070399816,0.010480906241568742,0.0013977153512176532,0.013288131226414437,0.009874833953561805,0.015083066197020451,0.019198646902296432,0.009662971911194584,0.011593676775614818,0.01876965812998174,0.007137016474323728,0.005106406578403205,0.020707373688300786
228,2818.6009999148146,790.4734023063803,0.011845389104302278,2484.6420049454946,3228.1191999752414,2356.431846988611,2151.4070239803564,3870.0111769353007,2767.053768208665,3341.212535951736,1740.5863520083133,2790.5647049810436,1769.0398915050941,4992.216500860764,2805.8292590872525,1796.3608387195618,3474.505901146058,3042.0240999801686,1734.0247196323032,1653.4370619004999,1959.1262246348322,2356.8146225026444,3636.0745608833968,3851.843069842106,2980.414223442142,2370.008622546965,3142.5636541807576,2756.876565157644,3197.935735733019,2403.4430996423257,4068.970514029438,2441.566346438849,3394.925871603844,0.017263021876291362,0.023350114618390965,0.02075178611732694,0.01045962718250148,0.004890217421720144,0.011904028694896726,0.0018066486278885293,0.01831202420723502,0.006088620931351026,0.015307343897988355,0.01796321895938772,0.010539604326570978,0.018504125294991264,0.0,0.007382659955188928,0.006037857667504599,0.012106139466094156,0.0017433545982539404,0.005465602099706545,0.0035263995279366444,0.021586578167274394,0.012529272407648373,0.017819461084139444,0.014900056672858548,0.00943824910454627,0.006670966537840127,0.017988157153791595,0.006117376657899326,0.007981313505966012,0.026927846365878964
229,2758.1542142663734,770.4629538025615,0.011616948600195624,2484.6420049454946,3228.1191999752414,2356.431846988611,2151.4070239803564,3870.0111769353007,2767.053768208665,3341.212535951736,1740.5863520083133,2790.5647049810436,1769.0398915050941,4992.216500860764,2805.8292590872525,1796.3608387195618,3081.767133347307,3042.0240999801686,1734.0247196323032,1653.4370619004999,1495.809487094344,2356.8146225026444,3636.0745608833968,3851.843069842106,2980.414223442142,2370.008622546965,3142.5636541807576,2756.876565157644,3197.935735733019,2403.4430996423257,3111.6224499154505,2441.566346438849,3394.925871603844,0.014756536154695288,0.01742407790915358,0.021713929402699946,0.005282710188707053,0.009922748299636795,0.01781394020099537,0.012135096628508878,0.00969757525869719,0.00827916945595884,0.016107722549218818,0.009764960972518352,0.016573754667642066,0.01449892957638422,0.0,0.005753838296274724,0.00981511781882881,0.011988530554812055,0.010598783454723572,0.007774982780925959,0.001200313738234614,0.016201007347198277,0.011496558057511937,0.015604811980004154,0.017100954079382655,0.005079839509556047,0.008055258237844726,0.021531245347706025,0.003860080610712643,0.009907222627105153,0.018568762300231027
230,2721.681698863788,697.6191800088283,0.011673148918699873,2484.6420049454946,3228.1191999752414,2356.431846988611,2151.4070239803564,3870.0111769353007,2767.053768208665,3341.212535951736,1740.5863520083133,2790.5647049810436,1769.0398915050941,4060.399732984714,2805.8292590872525,1796.3608387195618,3081.767133347307,3042.0240999801686,1646.4437381257212,1653.4370619004999,1495.809487094344,2356.8146225026444,3636.0745608833968,3851.843069842106,2980.414223442142,2370.008622546965,3142.5636541807576,2756.876565157644,3123.158023038074,2403.4430996423257,3111.6224499154505,2441.566346438849,3394.925871603844,0.014414360416861538,0.008125467521586171,0.024210002738743384,0.010763138072612909,0.00862196690531785,0.018557285395024343,0.008338031693727245,0.011668158748767107,0.010807786166747768,0.01114598735417147,0.01217283774032481,0.013160609602293469,0.020483661012370445,0.010889546821975406,0.010237577104409798,0.0022435107584211984,0.01411670546156082,0.007279149300510313,0.0071329279223368534,0.0036883001995275597,0.005866015201608383,0.011166522662950644,0.011138297713459745,0.019140852206526355,0.010983643711351954,0.008080738957477039,0.02441700872371536,0.0015015468886916707,0.01171174957157363,0.01813108098635095
231,2683.0807945606107,720.7019745073108,0.011604752435888878,1792.7510432828124,3228.1191999752414,2186.059802837064,2151.4070239803564,3870.0111769353007,2767.053768208665,3341.212535951736,1740.5863520083133,2790.5647049810436,1769.0398915050941,4060.399732984714,2805.8292590872525,1796.3608387195618,3081.767133347307,3042.0240999801686,1646.4437381257212,1653.4370619004999,1495.809487094344,2356.8146225026444,3636.0745608833968,3851.843069842106,2980.414223442142,2370.008622546965,3142.5636541807576,2461.1124418765544,3123.158023038074,2403.4430996423257,3111.6224499154505,2441.566346438849,3394.925871603844,0.014998546042186842,0.010463791312728923,0.016611762058816523,0.013968953776838598,0.012234387172624692,0.01598670065243831,0.00863651309959367,0.009366077755959292,0.001479668189702488,0.014664078562674258,0.014128049713086194,0.015913472669224174,0.019876172739768157,0.014662998566315302,0.0019193899296836665,0.007007641851893944,0.0074042085717424795,0.009817672199258321,0.007984788303309127,0.004613973665769622,0.01157916907684546,0.008944757728259551,0.012442575844313594,0.022549187374731324,0.015678712095668172,0.007068764393207795,0.01763500173821254,0.008786965013213825,0.003714008068679361,0.01800458490992006
232,2659.1764454691233,694.4159055185114,0.01217216301741268,1792.7510432828124,3228.1191999752414,2186.059802837064,2151.4070239803564,3181.958167202465,2767.053768208665,3341.212535951736,1740.5863520083133,2790.5647049810436,1769.0398915050941,4060.399732984714,2805.8292590872525,1796.3608387195618,3081.767133347307,3042.0240999801686,1617.3662751139407,1653.4370619004999,1495.809487094344,2356.8146225026444,3636.0745608833968,3851.843069842106,2980.414223442142,2370.008622546965,3142.5636541807576,2461.1124418765544,3123.158023038074,2403.4430996423257,3111.6224499154505,2441.566346438849,3394.925871603844,0.009799977640052441,0.01254665351388924,0.012294034522852904,0.013536142432017485,0.0153015790451183,0.02034348314517546,0.013903345555073122,0.009378024192360324,0.0044880009427883324,0.013540943725150563,0.012536781308704836,0.020645181373235465,0.018124286581048844,0.014497262297210935,0.007290600655010603,0.01080960279526081,0.012245902025985224,0.002740032344864797,0.011707089420735627,0.007111272045906615,0.015076303160204361,0.010960036272709637,0.011631823746575376,0.018708744732874653,0.00854053138309204,0.006746001825809686,0.02406617523717297,0.0022503734393575676,0.005490786806488396,0.018853918355653875
233,2659.1764454691233,694.4159055185114,0.01371910756582177,1792.7510432828124,3228.1191999752414,2186.059802837064,2151.4070239803564,3181.958167202465,2767.053768208665,3341.212535951736,1740.5863520083133,2790.5647049810436,1769.0398915050941,4060.399732984714,2805.8292590872525,1796.3608387195618,3081.767133347307,3042.0240999801686,1617.3662751139407,1653.4370619004999,1495.809487094344,2356.8146225026444,3636.0745608833968,3851.843069842106,2980.414223442142,2370.008622546965,3142.5636541807576,2461.1124418765544,3123.158023038074,2403.4430996423257,3111.6224499154505,2441.566346438849,3394.925871603844,0.019866584460058883,0.01568598016542248,0.0205835723755481,0.025213724538032126,0.013447124054893358,0.014572260659193101,0.013671581089256004,0.006748262911448814,0.004275466507199851,0.013340632093462574,0.009692438095857084,0.024675483926846105,0.02656250870106397,0.013020199438727117,0.009803315175185855,0.005379211137406937,0.01631034178650208,0.008402688941174328,0.007854190698083005,0.010729032627979116,0.00939547565303635,0.015201605078434443,0.007836557250152365,0.021756761860733567,0.011040850353805904,0.008844132339542746,0.02732939047903116,0.002457499744976707,0.009686837225193895,0.018189517606405078
234,2651.76989412749,693.8343290069081,0.014248854896622146,1792.7510432828124,3228.1191999752414,2186.059802837064,2151.4070239803564,3181.958167202465,2767.053768208665,3341.212535951736,1740.5863520083133,2790.5647049810436,1769.0398915050941,4060.399732984714,2805.8292590872525,1796.3608387195618,3081.767133347307,3042.0240999801686,1617.3662751139407,1653.4370619004999,1495.809487094344,2282.4059476414736,3636.0745608833968,3851.843069842106,2832.6263580543196,2370.008622546965,3142.5636541807576,2461.1124418765544,3123.158023038074,2403.4430996423257,3111.6224499154505,2441.566346438849,3394.925871603844,0.014098964420575543,0.01240053406400225,0.02833278500406596,0.016148933251785017,0.008187505783671485,0.019638459443226678,0.022967660340051363,0.0106501637130527,0.007123162052513168,0.01727319984887105,0.012083471620660985,0.02800687329568639,0.024151536593815387,0.014618888358926578,0.01144371649294981,0.008982002697699165,0.011034194752245449,0.0006412397128394566,0.013524862887939639,0.004905932169125125,0.014356522692606751,0.011632819424939649,0.018723691240355316,0.02315420053123476,0.010272467428595349,0.01122078675458093,0.020235924314883993,0.0007462914590021982,0.008516321773896636,0.022392534774865754
235,2635.30190021341,683.9754770428567,0.012823907708516645,1744.8359842089792,3228.1191999752414,2186.059802837064,2151.4070239803564,3181.958167202465,2767.053768208665,3308.844373163317,1740.5863520083133,2790.5647049810436,1769.0398915050941,4060.399732984714,2805.8292590872525,1796.3608387195618,3081.767133347307,3042.0240999801686,1518.0262715688816,1653.4370619004999,1495.809487094344,2282.4059476414736,3636.0745608833968,3537.426477827027,2832.6263580543196,2370.008622546965,3142.5636541807576,2461.1124418765544,3123.158023038074,2403.4430996423257,3111.6224499154505,2441.566346438849,3394.925871603844,0.009942518856321525,0.017095332335766628,0.026724198964796962,0.010206611761103958,0.010727507835125995,0.01606340709188603,0.02107213241435572,0.012181536536545452,0.006245636257536422,0.007677148343265551,0.013612801357288847,0.01502673373747422,0.02177672440552078,0.01612803868182507,0.010321609865877842,0.006014028280639234,0.009766112403793372,0.0065218480494489426,0.012281174909877651,0.010891433690220921,0.013074435069231826,0.006175267780162341,0.013007986894078628,0.02198936300487244,0.01024576111729064,0.011143512885937476,0.016649724312441504,0.005934557654512962,0.006799170213436719,0.019420916544863685
236,2624.376146215649,694.159979302445,0.012943175866049357,1744.8359842089792,3228.1191999752414,2186.059802837064,1823.6344040475144,3181.958167202465,2767.053768208665,3308.844373163317,1740.5863520083133,2790.5647049810436,1769.0398915050941,4060.399732984714,2805.8292590872525,1796.3608387195618,3081.767133347307,3042.0240999801686,1518.0262715688816,1653.4370619004999,1495.809487094344,2282.4059476414736,3636.0745608833968,3537.426477827027,2832.6263580543196,2370.008622546965,3142.5636541807576,2461.1124418765544,3123.158023038074,2403.4430996423257,3111.6224499154505,2441.566346438849,3394.925871603844,0.020124377618382528,0.013421648724317359,0.017169677954876193,0.010086587781836695,0.008884811620620237,0.020867806953408605,0.012461169177750711,0.0032622751657730843,0.01110747338167977,0.00604258640634792,0.014424583749738457,0.015246367931528554,0.019397269777861815,0.019016443020606524,0.013642011238862191,0.011282385701318893,0.013418639361626884,0.0009758705621124739,0.010963281575410619,0.00718352699014048,0.01326838236271975,0.00908978995847831,0.012571392365621287,0.02406168645728667,0.006869517985752271,0.016195794500679202,0.01821900105423149,0.00854772036924143,0.006491472689316273,0.02400172354395404
237,2611.0886627736622,699.555997991678,0.011695617473163934,1744.8359842089792,3228.1191999752414,2186.059802837064,1823.6344040475144,3129.816326951439,2767.053768208665,3308.844373163317,1740.5863520083133,2790.5647049810436,1637.302389286386,4060.399732984714,2805.8292590872525,1678.290619598939,3060.4467345402736,3042.0240999801686,1518.0262715688816,1653.4370619004999,1495.809487094344,2282.4059476414736,3560.720018021184,3537.426477827027,2832.6263580543196,2370.008622546965,3142.5636541807576,2461.1124418765544,3123.158023038074,2403.4430996423257,3111.6224499154505,2441.566346438849,3394.925871603844,0.01601717777343064,0.012082130598589324,0.008992748707534207,0.005465478466543557,0.005563601984025526,0.018596026942963983,0.018296887316317324,0.0019145334033648519,0.0067863151789059415,0.007179076660241082,0.020802197360980556,0.01625426573194813,0.016798310609516413,0.017944598274679074,0.00929344987620316,0.010797228910611363,0.00734262773401812,0.0,0.013457006023381355,0.006927665309677324,0.01060739822130422,0.012284440221843022,0.009576119466513919,0.023937841997552604,0.003594808494291316,0.013072533166705175,0.018946069161027795,0.01003278444912964,0.0078051917526683395,0.02050001040095
238,2606.0763218335246,691.8505378581424,0.012848297651958536,1744.8359842089792,3166.0439700197426,2186.059802837064,1823.6344040475144,3129.816326951439,2767.053768208665,3308.844373163317,1740.5863520083133,2790.5647049810436,1637.302389286386,3972.1047347360886,2805.8292590872525,1678.290619598939,3060.4467345402736,3042.0240999801686,1518.0262715688816,1653.4370619004999,1495.809487094344,2282.4059476414736,3560.720018021184,3537.426477827027,2832.6263580543196,2370.008622546965,3142.5636541807576,2461.1124418765544,3123.158023038074,2403.4430996423257,3111.6224499154505,2441.566346438849,3394.925871603844,0.01774544921533415,0.013786821174611247,0.013881880765018064,0.011284874442165095,0.01109199242156978,0.018162366580429006,0.021070097105510072,0.01069257003117928,0.01179369584180532,0.004275900795606856,0.016381527046789145,0.016483430565494346,0.01955985825347196,0.018590436738261926,0.013658872641212627,0.012730298453796864,0.004365242689795027,0.0014122700154647861,0.010326114373883217,0.0019570433078303054,0.013100032873386463,0.006597326698837639,0.013736421049412337,0.020699423548971432,0.0,0.01852578968229836,0.013390365881096093,0.006027674078176094,0.01606181117878799,0.028059342108560655
239,2576.214422377039,712.4725027408821,0.012991420887645646,1744.8359842089792,3166.0439700197426,2186.059802837064,1823.6344040475144,3129.816326951439,2767.053768208665,3308.844373163317,1150.0237306823649,2790.5647049810436,1637.302389286386,3972.1047347360886,2805.8292590872525,1678.290619598939,3060.4467345402736,3042.0240999801686,1518.0262715688816,1653.4370619004999,1495.809487094344,2282.4059476414736,3560.720018021184,3232.1321154584193,2832.6263580543196,2370.008622546965,3142.5636541807576,2461.1124418765544,3123.158023038074,2403.4430996423257,3111.6224499154505,2441.566346438849,3394.925871603844,0.017957866111509384,0.010740665652227937,0.014223723454617124,0.010548525567032141,0.008905324343254892,0.022794547056563034,0.01980664011305411,0.011261072403457072,0.00028112309354939293,0.011653932287843121,0.013445462126541664,0.016388400348952455,0.01930775832534655,0.01722149052672892,0.015955676773415778,0.0009356663668077996,0.007018705247244816,0.009530739420831673,0.011336788031695293,0.0016865547761432517,0.015541726296070474,0.016051243397487897,0.020815598670657104,0.020915937451062464,0.0002710121219159175,0.019978154629161585,0.01318930148611024,0.006018605500219062,0.010303548379415032,0.0256568366704532
240,2571.0806146276636,708.270202654811,0.012755833965761597,1744.8359842089792,3166.0439700197426,2186.059802837064,1823.6344040475144,3129.816326951439,2767.053768208665,3308.844373163317,1150.0237306823649,2790.5647049810436,1637.302389286386,3972.1047347360886,2805.8292590872525,1678.290619598939,3060.4467345402736,3042.0240999801686,1518.0262715688816,1653.4370619004999,1495.809487094344,2282.4059476414736,3560.720018021184,3078.1178829771343,2832.6263580543196,2370.008622546965,3142.5636541807576,2461.1124418765544,3123.158023038074,2403.4430996423257,3111.6224499154505,2441.566346438849,3394.925871603844,0.017837582235551153,0.011167855183268231,0.012712378784587634,0.011487386806902498,0.007372454822820896,0.018393356277637836,0.021484771538642047,0.004994764656920742,0.019299359072092986,0.005345762554287227,0.014043087439691234,0.015277958008425303,0.021333838617665923,0.007510325173060169,0.0043810949071801395,0.0039073044297417295,0.012613779569394381,0.008706112863060009,0.011366570395909301,0.0031641124953162287,0.01164937341892568,0.008413863812613923,0.023153539889636025,0.02075513239831877,0.0036729519705486885,0.013780764262229444,0.013539098651384376,0.013624954132203377,0.009025311718689567,0.03266017288614238
241,2560.589793000363,701.2344458125824,0.0124174064103944,1744.8359842089792,3166.0439700197426,2186.059802837064,1823.6344040475144,3129.816326951439,2767.053768208665,3308.844373163317,1150.0237306823649,2790.5647049810436,1637.302389286386,3972.1047347360886,2805.8292590872525,1678.290619598939,3060.4467345402736,3042.0240999801686,1518.0262715688816,1653.4370619004999,1495.809487094344,2282.4059476414736,3560.720018021184,3078.1178829771343,2832.6263580543196,2370.008622546965,3142.5636541807576,2461.1124418765544,2949.8126999656856,2403.4430996423257,2970.243124168838,2441.566346438849,3394.925871603844,0.014509641414091534,0.0088246131698705,0.011176542195255417,0.010517289084035573,0.009043315784069193,0.021216233034271555,0.01504317981137282,0.008692771055114065,0.012279581192737974,0.009032081803390653,0.016967083246044314,0.015408599930389094,0.016469622655749704,0.0064896414915507124,0.008623612968123282,0.007776379176331518,0.010999639480920032,0.013165551271985045,0.012433658441274777,0.0006622622848804311,0.00854207451280769,0.010353331191062928,0.01706108052984942,0.02713700678443441,0.0004224047695827785,0.014345102247903847,0.012966001317197747,0.009927557289029929,0.008900922539475246,0.03353541163902979
242,2539.0406012795265,691.7266543082742,0.013078113656255714,1744.8359842089792,2565.4391175111336,2186.059802837064,1823.6344040475144,3129.816326951439,2721.1828690921784,3308.844373163317,1150.0237306823649,2790.5647049810436,1637.302389286386,3972.1047347360886,2805.8292590872525,1678.290619598939,3060.4467345402736,3042.0240999801686,1518.0262715688816,1653.4370619004999,1495.809487094344,2282.4059476414736,3560.720018021184,3078.1178829771343,2832.6263580543196,2370.008622546965,3142.5636541807576,2461.1124418765544,2949.8126999656856,2403.4430996423257,2970.243124168838,2441.566346438849,3394.925871603844,0.01061855714933722,0.005384339160856183,0.012838472276080372,0.008349474970386656,0.010538681382259876,0.02105096426194413,0.02312434963490474,0.015081391186222176,0.01024652504322503,0.0065770641400746555,0.016027536281596776,0.01620004072513557,0.01612565842569979,0.010355757844070704,0.011622742870855204,0.0019796782822899925,0.017698511476863105,0.016786248882450082,0.013641379735800858,0.0032490130088709663,0.012605086711533401,0.009736667632209569,0.015506020262387824,0.023968342167558207,0.0031828365605884056,0.022326561240261875,0.006656643265972011,0.012135598003519706,0.008229948954366125,0.03049931815035019
243,2535.7173851183907,696.8444131418187,0.012484093203448086,1744.8359842089792,2565.4391175111336,2186.059802837064,1823.6344040475144,3129.816326951439,2721.1828690921784,3308.844373163317,1150.0237306823649,2790.5647049810436,1637.302389286386,3972.1047347360886,2805.8292590872525,1678.290619598939,3060.4467345402736,3042.0240999801686,1418.329786734804,1653.4370619004999,1495.809487094344,2282.4059476414736,3560.720018021184,3078.1178829771343,2832.6263580543196,2370.008622546965,3142.5636541807576,2461.1124418765544,2949.8126999656856,2403.4430996423257,2970.243124168838,2441.566346438849,3394.925871603844,0.013672193112088124,0.003934705198403259,0.007483062181269289,0.012146145559759488,0.006072473671270032,0.01779980895619153,0.01685492225779939,0.01815673441601558,0.009126049237054595,0.011441914478273993,0.01647939458023201,0.018509043473766237,0.010484041997728209,0.011920651155900856,0.01627680125640155,0.0069796070889631325,0.013111594987761961,0.013066706611381434,0.01428740980470594,0.0034720557733190533,0.01610409040764185,0.015044039158695253,0.017823170452367375,0.022518514834174552,0.0,0.018497353066644965,0.0023223070692794763,0.013441688105107426,0.0,0.02749631721124609
244,2516.4075540217177,688.8927799608318,0.01251873372344171,1744.8359842089792,2565.4391175111336,2186.059802837064,1823.6344040475144,3129.816326951439,2721.1828690921784,3308.844373163317,1150.0237306823649,2790.5647049810436,1637.302389286386,3972.1047347360886,2696.8341564915877,1678.290619598939,2590.146904235761,3042.0240999801686,1418.329786734804,1653.4370619004999,1495.809487094344,2282.4059476414736,3560.720018021184,3078.1178829771343,2832.6263580543196,2370.008622546965,3142.5636541807576,2461.1124418765544,2949.8126999656856,2403.4430996423257,2970.243124168838,2441.566346438849,3394.925871603844,0.014502457258073248,0.004014163063913657,0.013717852945702822,0.012328458903516745,0.0011519292684630995,0.019819203139981544,0.018576247306533074,0.017216062538891994,0.008691470553817455,0.013490453716283745,0.015974926487043257,0.013526399821434814,0.017926826877000594,0.013980966755168956,0.011742262612322616,0.011767972664077479,0.015421701518165824,0.005163649603827142,0.01514007196358225,0.007877695793489847,0.00708730561762244,0.012687075366151514,0.019873959180633026,0.020060994871435228,0.004143562887259867,0.01493818950843317,0.0021989062182645874,0.018458423886525976,0.0,0.024082821375635374
245,2480.180832765977,685.3691255746797,0.013899746220790217,1744.8359842089792,2565.4391175111336,2186.059802837064,1823.6344040475144,3129.816326951439,2396.191548558738,3308.844373163317,1150.0237306823649,2276.5210259703213,1637.302389286386,3972.1047347360886,2640.7371416966503,1678.290619598939,2590.146904235761,3042.0240999801686,1418.329786734804,1653.4370619004999,1495.809487094344,2230.5610286567708,3560.720018021184,3000.304164565321,2832.6263580543196,2370.008622546965,3142.5636541807576,2399.1014559399478,2949.8126999656856,2403.4430996423257,2970.243124168838,2441.566346438849,3394.925871603844,0.017325011419669765,0.010504235215574764,0.01562754461165785,0.008609107455655981,0.003931962175101327,0.014097243371525929,0.010787986438904476,0.009936045527844788,0.007524237536462,0.013702010493410148,0.014983092108401425,0.013634586369660683,0.025733797706862852,0.014126293066542802,0.014020108766616792,0.009189131422170682,0.019602341150799053,0.017865220401152213,0.01966853336471246,0.010018777890500595,0.005322659696917893,0.008521668065392913,0.021274119963171863,0.02112577992973387,0.004199855719485986,0.02061061318492961,0.0064519725931483285,0.015829230584362083,0.018598041030921265,0.024171179362416043
246,2468.579943022963,689.1068666494639,0.013529021529111564,1744.8359842089792,2565.4391175111336,2186.059802837064,1823.6344040475144,3129.816326951439,2348.170204178581,3308.844373163317,1150.0237306823649,2276.5210259703213,1637.302389286386,3972.1047347360886,2640.7371416966503,1678.290619598939,2590.146904235761,3042.0240999801686,1418.329786734804,1626.3645018586742,1495.809487094344,2230.5610286567708,3560.720018021184,3000.304164565321,2832.6263580543196,2116.005409610244,3142.5636541807576,2399.1014559399478,2949.8126999656856,2403.4430996423257,2951.3135492371234,2441.566346438849,3394.925871603844,0.010070165592314839,0.011399887971742032,0.0199347131133608,0.0006995892187265953,0.00496427752663805,0.01912016411509116,0.017050128426096222,0.010587332208694013,0.010749973293687326,0.01848882832905246,0.013782806248360351,0.016623855185742952,0.01764579287266212,0.010410190436817117,0.010958824727927974,0.009603523164598166,0.016655253815670346,0.01699485390345521,0.021113063820426107,0.010819599777079138,0.006557585574327966,0.01007795427779067,0.019113720720400136,0.02009565728066353,0.006221628621733626,0.011087158626111303,0.008438998667389931,0.012242596453377344,0.01602815163264278,0.028334370270766643
247,2424.1898668321187,703.4458066385309,0.012579856352015572,1744.8359842089792,1971.2498354288925,2186.059802837064,1823.6344040475144,3129.816326951439,2348.170204178581,3308.844373163317,1150.0237306823649,2276.5210259703213,1637.302389286386,3972.1047347360886,2640.7371416966503,1328.5817583430994,2590.146904235761,3042.0240999801686,1418.329786734804,1626.3645018586742,1495.809487094344,2230.5610286567708,3560.720018021184,2833.653131263054,2626.5250498037713,2116.005409610244,3142.5636541807576,2399.1014559399478,2949.8126999656856,2388.3912988078882,2951.3135492371234,2441.566346438849,3394.925871603844,0.013340161796717938,0.007275391395554171,0.01825873449981132,0.0,0.002479186333218929,0.014640085452867302,0.015785349645532507,0.012680107109993935,0.01951434230593028,0.017399842724202037,0.017437290623724892,0.015512432950808784,0.01859911022488367,0.012475111462595905,0.009137549148758068,0.010230807677320276,0.013056636049590384,0.01287746546348822,0.017347039321216846,0.012836684316814123,0.00923129651769956,0.005495721631306949,0.018381647005147658,0.01654561114973547,0.003258207497670003,0.008503840511472278,0.006534267693921583,0.010591386813962482,0.011550945080816026,0.026419438155705507
248,2400.281848321456,703.4237799703435,0.011862209682815036,1729.7939276639006,1971.2498354288925,2186.059802837064,1823.6344040475144,3129.816326951439,2348.170204178581,3308.844373163317,1150.0237306823649,2276.5210259703213,1637.302389286386,3972.1047347360886,2640.7371416966503,1328.5817583430994,2590.146904235761,3042.0240999801686,1418.329786734804,1626.3645018586742,1276.1891776816892,2230.5610286567708,3560.720018021184,2833.653131263054,2626.5250498037713,2116.005409610244,2659.985464818603,2399.1014559399478,2949.8126999656856,2388.3912988078882,2951.3135492371234,2441.566346438849,3394.925871603844,0.02144687163535409,0.013261942230690424,0.01624678614589269,0.0033663828190258678,0.006713002691864553,0.014498131905768812,0.012771322408567366,0.01181640276549804,0.01863978218936759,0.011422953290117244,0.016853457814935028,0.016172432366637266,0.011770824605681351,0.015414638082609167,0.013211998198611567,0.006991738532330163,0.01604803274227416,0.005752675924347344,0.01060530608438647,0.012204740399143954,0.011678779800986989,0.0014499620987167225,0.013263384083712361,0.014762864844575943,0.0020323794403864707,0.011941442228615052,0.0029630139386147827,0.008531145759055916,0.012344458321356975,0.02168943713532675
249,2396.02998400247,700.459465156753,0.012128569196937734,1729.7939276639006,1971.2498354288925,2186.059802837064,1823.6344040475144,3129.816326951439,2348.170204178581,3308.844373163317,1150.0237306823649,2276.5210259703213,1637.302389286386,3972.1047347360886,2640.7371416966503,1328.5817583430994,2590.146904235761,3042.0240999801686,1418.329786734804,1626.3645018586742,1276.1891776816892,2230.5610286567708,3560.720018021184,2833.653131263054,2626.5250498037713,2116.005409610244,2659.985464818603,2399.1014559399478,2949.8126999656856,2388.3912988078882,2823.757619667558,2441.566346438849,3394.925871603844,0.014721076409802053,0.010380113819610997,0.021634157599916277,0.008097971234082357,0.012197701375212103,0.020783175456856644,0.009642519290619439,0.016103829278512012,0.013555419731898763,0.012176981314613488,0.013853717795001273,0.01193578345433195,0.016477618512494345,0.021937028276133835,0.013017985762163134,0.008530150488307903,0.011649149138266687,0.0,0.007326793404561853,0.009469634173545868,0.01709083010487504,0.0,0.012927438185861851,0.0184891774147382,0.0,0.015389385903485632,0.00480576600337669,0.0005389571445672288,0.015847800501702584,0.02527691413359379
250,2349.2770074403625,625.2796707455511,0.012374838944175282,1729.7939276639006,1971.2498354288925,2186.059802837064,1823.6344040475144,3129.816326951439,2348.170204178581,3308.844373163317,1150.0237306823649,2276.5210259703213,1637.302389286386,3166.776547463234,2640.7371416966503,1328.5817583430994,2590.146904235761,3042.0240999801686,1418.329786734804,1626.3645018586742,1276.1891776816892,2230.5610286567708,2963.458908430803,2833.653131263054,2626.5250498037713,2116.005409610244,2659.985464818603,2399.1014559399478,2949.8126999656856,2388.3912988078882,2823.757619667558,2441.566346438849,3394.925871603844,0.011941718815725,0.021529584950936737,0.022840534753220974,0.009171233344609148,0.012037497375475957,0.015218447286714494,0.01120516218702251,0.013977392025509188,0.010452194966351434,0.003909441353895007,0.012635820628759398,0.005722449771077405,0.01352583251455709,0.024990268997580053,0.012614818492287828,0.007933527080785261,0.007861009303605514,0.005996201988289066,0.007506966884996587,0.02179692839745943,0.00897559513118199,0.010567776469571096,0.010311999688535037,0.013199651242441934,0.004194294354222418,0.008681021447723628,0.01111307016343064,0.002378289699058911,0.01917114065449384,0.029785298355740893
251,2348.7037009608293,624.4068753627669,0.012423337652964914,1729.7939276639006,1971.2498354288925,2186.059802837064,1823.6344040475144,3129.816326951439,2348.170204178581,3291.6451787773135,1150.0237306823649,2276.5210259703213,1637.302389286386,3166.776547463234,2640.7371416966503,1328.5817583430994,2590.146904235761,3042.0240999801686,1418.329786734804,1626.3645018586742,1276.1891776816892,2230.5610286567708,2963.458908430803,2833.653131263054,2626.5250498037713,2116.005409610244,2659.985464818603,2399.1014559399478,2949.8126999656856,2388.3912988078882,2823.757619667558,2441.566346438849,3394.925871603844,0.017804124875727034,0.019278037971364764,0.008513044889132128,0.00964196617743991,0.008692878107158407,0.01310692675257729,0.01170023702804969,0.01539700687113475,0.011614716514492572,0.007240123045768671,0.014935835910920629,0.013872202448616786,0.014283837993811574,0.016490825698593222,0.013430023087449618,0.010199356582097764,0.008320840537356785,0.00384307659188879,0.013746390634470052,0.019320755538661485,0.013524861082391476,0.010207491419246715,0.005349665712309813,0.016415131540700557,0.00442566338398435,0.013774598109368852,0.01278076264884789,0.0031145166933619676,0.021000330556326476,0.020674901185697293
252,2346.9426441237683,623.694930188541,0.01404880075963388,1729.7939276639006,1971.2498354288925,2186.059802837064,1823.6344040475144,3129.816326951439,2348.170204178581,3291.6451787773135,1150.0237306823649,2276.5210259703213,1637.302389286386,3166.776547463234,2640.7371416966503,1328.5817583430994,2590.146904235761,3042.0240999801686,1418.329786734804,1626.3645018586742,1276.1891776816892,2230.5610286567708,2963.458908430803,2833.653131263054,2573.6933446919516,2116.005409610244,2659.985464818603,2399.1014559399478,2949.8126999656856,2388.3912988078882,2823.757619667558,2441.566346438849,3394.925871603844,0.021097425305782846,0.022712252937943676,0.017313100131195133,0.016193582035355134,0.013559596978059339,0.012925010189791036,0.010854109954745764,0.013608347520157075,0.010875549192770862,0.011017179864898089,0.01021673271498345,0.014101603031055452,0.011077008180528349,0.014948405832838109,0.016692208186305124,0.007282794194337089,0.006223905774224031,0.007820887697019517,0.019554888853748547,0.011539817529686256,0.023388800995019318,0.01180744623931205,0.007145024873601002,0.01896110935497903,0.004252038641097401,0.01429173696268494,0.010971349634276796,0.008608061702937576,0.024045652541063813,0.028378395738619566
253,2343.825484467527,626.4543451686685,0.014536998883326007,1729.7939276639006,1971.2498354288925,2186.059802837064,1823.6344040475144,3129.816326951439,2348.170204178581,3291.6451787773135,1106.3331582917358,2276.5210259703213,1637.302389286386,3166.776547463234,2640.7371416966503,1328.5817583430994,2590.146904235761,3042.0240999801686,1418.329786734804,1626.3645018586742,1276.1891776816892,2230.5610286567708,2963.458908430803,2833.653131263054,2573.6933446919516,2116.005409610244,2659.985464818603,2349.277238643352,2949.8126999656856,2388.3912988078882,2823.757619667558,2441.566346438849,3394.925871603844,0.02005517585818031,0.017503288529456384,0.019513242449279263,0.013364229461766098,0.007866549870656337,0.011290487880786302,0.009078353184491492,0.010927070285110377,0.016502408414655546,0.01572050863402293,0.013680219023842963,0.02359587622715103,0.014779495286462755,0.019563819815332298,0.016454535646045446,0.005154166283193546,0.007197736966685755,0.0157768806506591,0.016280025545940553,0.016963232294669405,0.023086628243587405,0.015862228195689554,0.006999055052224062,0.015034954729090447,0.00868590300484383,0.012296774108386869,0.009239173995827242,0.007519106902774842,0.020606173750600917,0.02551266620836717
254,2340.2807291470444,624.0945277977363,0.013568597907493337,1729.7939276639006,1971.2498354288925,2186.059802837064,1823.6344040475144,3129.816326951439,2348.170204178581,3291.6451787773135,1106.3331582917358,2276.5210259703213,1637.302389286386,3166.776547463234,2640.7371416966503,1328.5817583430994,2590.146904235761,3042.0240999801686,1418.329786734804,1626.3645018586742,1276.1891776816892,2230.5610286567708,2963.458908430803,2833.653131263054,2573.6933446919516,2116.005409610244,2642.549471973045,2349.277238643352,2949.8126999656856,2388.3912988078882,2734.850952898609,2441.566346438849,3394.925871603844,0.010312022212755564,0.01202280473416107,0.009757718600470327,0.012166602637681287,0.006781724782409178,0.013511813240923034,0.01599592019018874,0.011707899209492341,0.013457541378648876,0.011288648120317076,0.017234099151739263,0.026677398371700568,0.008371834382503624,0.01901780243300464,0.009076978359897674,0.004205100288286034,0.006427296273340691,0.010923644754479827,0.01440631382854502,0.007227942323080707,0.027594019205182948,0.019205579547871585,0.014215906214263685,0.01697230879839954,0.006718414056600811,0.013139171838875325,0.01508330049917676,0.008192185084066501,0.019383995746829277,0.02598195095990819
255,2338.407581148814,624.6386865101776,0.014163341383742697,1729.7939276639006,1971.2498354288925,2129.865362890158,1823.6344040475144,3129.816326951439,2348.170204178581,3291.6451787773135,1106.3331582917358,2276.5210259703213,1637.302389286386,3166.776547463234,2640.7371416966503,1328.5817583430994,2590.146904235761,3042.0240999801686,1418.329786734804,1626.3645018586742,1276.1891776816892,2230.5610286567708,2963.458908430803,2833.653131263054,2573.6933446919516,2116.005409610244,2642.549471973045,2349.277238643352,2949.8126999656856,2388.3912988078882,2734.850952898609,2441.566346438849,3394.925871603844,0.010912395817827106,0.00840214344943935,0.010149130852502707,0.012815805677367101,0.005841307230734151,0.020693522177832737,0.01752867906546514,0.01073236366186946,0.006262736795044646,0.022354836502395635,0.012528037843328774,0.023639775230479505,0.01322178154896,0.024282263468782702,0.018428419051055186,0.0034805308182030204,0.015075720588694075,0.012514484783239561,0.010380216695872085,0.014930042159545687,0.023559381145713522,0.013157840046084605,0.010732568070634114,0.019956476816173525,0.00793545177904899,0.012417747492899337,0.01529655377656082,0.011219044758657537,0.016649904113127965,0.01980108009474193
256,2328.175425191888,617.007064042418,0.013374685196628187,1729.7939276639006,1971.2498354288925,2129.865362890158,1823.6344040475144,3129.816326951439,2348.170204178581,3291.6451787773135,1106.3331582917358,2276.5210259703213,1637.302389286386,3166.776547463234,2640.7371416966503,1328.5817583430994,2590.146904235761,3042.0240999801686,1418.329786734804,1626.3645018586742,1276.1891776816892,2230.5610286567708,2963.458908430803,2833.653131263054,2573.6933446919516,2116.005409610244,2642.549471973045,2349.277238643352,2642.848021257907,2388.3912988078882,2734.850952898609,2441.566346438849,3394.925871603844,0.01848275340896034,0.009708727516481433,0.008423180871844531,0.010229728552213766,0.005725293025108226,0.010309443158101478,0.008470380150219396,0.01063780718089079,0.008583781092870016,0.02133831383667346,0.01801133726750356,0.021463531894740446,0.014472431598539339,0.024734512090618943,0.012053750296570662,0.008065398115012787,0.016141538530759204,0.013752889484839336,0.002917068003228215,0.015311898147359256,0.018638747178009184,0.012699702709981555,0.012320642220422923,0.018634772853286005,0.006136978101896996,0.01378967689553117,0.010123639016834135,0.0079523534036531,0.01593856771909137,0.02617171157760401
257,2322.3323891268146,627.1359487858554,0.01414925727066522,1729.7939276639006,1931.255677351906,2129.865362890158,1823.6344040475144,3129.816326951439,2348.170204178581,3291.6451787773135,971.0362344165065,2276.5210259703213,1637.302389286386,3166.776547463234,2640.7371416966503,1328.5817583430994,2590.146904235761,3042.0240999801686,1418.329786734804,1626.3645018586742,1276.1891776816892,2230.5610286567708,2963.458908430803,2833.653131263054,2573.6933446919516,2116.005409610244,2642.549471973045,2349.277238643352,2642.848021257907,2388.3912988078882,2734.850952898609,2441.566346438849,3394.925871603844,0.01346590244422817,0.011800328530355767,0.013662090183898764,0.01888894307043401,0.005294201811937785,0.006624723251824715,0.01529709772935767,0.01079388264211064,0.017962215715082844,0.018052934795184317,0.014780132409938198,0.021411698622694972,0.015231184649877638,0.02288896301457532,0.010156826414051962,0.007159688803976193,0.01746860255374006,0.017358384116296994,0.007300215786324384,0.0121683823781375,0.02033245959447768,0.01943433250900747,0.009687415568628024,0.01784434428626832,0.013137351944411449,0.015087405608346515,0.006121826179859085,0.0009524116331670434,0.019654926534964035,0.024458845336799147
258,2315.0353847870315,632.9469388075628,0.013431206467064333,1593.6377501644743,1931.255677351906,2129.865362890158,1756.5187277198297,3129.816326951439,2348.170204178581,3276.0069024109443,971.0362344165065,2276.5210259703213,1637.302389286386,3166.776547463234,2640.7371416966503,1328.5817583430994,2590.146904235761,3042.0240999801686,1418.329786734804,1626.3645018586742,1276.1891776816892,2230.5610286567708,2963.458908430803,2833.653131263054,2573.6933446919516,2116.005409610244,2642.549471973045,2349.277238643352,2642.848021257907,2388.3912988078882,2734.850952898609,2441.566346438849,3394.925871603844,0.014974852615301406,0.011018482078391607,0.016126736643400346,0.021276472915864108,0.008966888459395268,0.005602778839042865,0.007869232190691258,0.01575755202389857,0.022280190703736324,0.015680896555119145,0.016408312034707894,0.0179877102733527,0.01161992893940686,0.02925205007569684,0.012193880327203678,0.011796667464542047,0.010367123563321617,0.016415753900450355,0.00910499412467159,0.0028914710892927096,0.011952633142899191,0.014492257403850503,0.007579655788425447,0.020611863488539786,0.014041604638664192,0.012205616728504575,0.0,0.0064803418348057164,0.014738461884250367,0.023241784284503037
259,2301.600006905019,631.0437001063384,0.013729361908322928,1593.6377501644743,1931.255677351906,2040.613161979182,1756.5187277198297,3129.816326951439,2348.170204178581,3148.1380945457804,971.0362344165065,2276.5210259703213,1637.302389286386,3166.776547463234,2640.7371416966503,1291.2388840482986,2590.146904235761,3042.0240999801686,1418.329786734804,1626.3645018586742,1276.1891776816892,2082.2010781054064,2963.458908430803,2833.653131263054,2573.6933446919516,2116.005409610244,2642.549471973045,2349.277238643352,2642.848021257907,2388.3912988078882,2734.850952898609,2441.566346438849,3394.6883687657646,0.023847340437142248,0.009354909915527235,0.014267732614116225,0.022155509577033203,0.011902454004343423,0.006599532003712031,0.006042022109804117,0.01235488352511762,0.01473541814541774,0.010718395440662797,0.015339406871237641,0.026371393952854465,0.017043658938964187,0.021599074256032583,0.011851131637638792,0.005577500047555071,0.017690291585927,0.015600362414870873,0.014747133579823971,0.010504721714291428,0.016083563194304273,0.01479448724933617,0.005386226033639137,0.021039459153471947,0.011685594739742369,0.009279881243654467,0.003276797128871004,0.010692594769232571,0.006385903164406964,0.02495347780095619
260,2301.600006905019,631.0437001063384,0.013245296808021337,1593.6377501644743,1931.255677351906,2040.613161979182,1756.5187277198297,3129.816326951439,2348.170204178581,3148.1380945457804,971.0362344165065,2276.5210259703213,1637.302389286386,3166.776547463234,2640.7371416966503,1291.2388840482986,2590.146904235761,3042.0240999801686,1418.329786734804,1626.3645018586742,1276.1891776816892,2082.2010781054064,2963.458908430803,2833.653131263054,2573.6933446919516,2116.005409610244,2642.549471973045,2349.277238643352,2642.848021257907,2388.3912988078882,2734.850952898609,2441.566346438849,3394.6883687657646,0.01731076093746279,0.008597345722895859,0.018057609826303306,0.020719727453177388,0.014100241120482625,0.010027214521840619,0.016571471699847483,0.013265941151418202,0.013258719170120751,0.012549786628993602,0.013101222523103829,0.022172587338649668,0.016630970596020374,0.017414022991257692,0.01437251130403607,0.0026315179885321905,0.020067065339632623,0.014542716687671306,0.008652812557863843,0.003621111049571472,0.014477442344240771,0.017575394689231156,0.007860019261271271,0.008818370628559745,0.011467228473003275,0.007620805988988666,0.004903897659697519,0.01170661522834844,0.011126705307935877,0.02413706805048182
261,2294.010838016221,634.8403937533114,0.014399674692573076,1593.6377501644743,1931.255677351906,1978.5839563238014,1756.5187277198297,3129.816326951439,2348.170204178581,3148.1380945457804,971.0362344165065,2276.5210259703213,1637.302389286386,3166.776547463234,2640.7371416966503,1291.2388840482986,2523.606170215263,3042.0240999801686,1418.329786734804,1527.259374870625,1276.1891776816892,2082.2010781054064,2963.458908430803,2833.653131263054,2573.6933446919516,2116.005409610244,2642.549471973045,2349.277238643352,2642.848021257907,2388.3912988078882,2734.850952898609,2441.566346438849,3394.6883687657646,0.019157184997722138,0.01943666740194605,0.02155609676220602,0.02087047789901485,0.016704270348227458,0.008918032644180349,0.015569796570116161,0.026245454195961398,0.010670607899167166,0.014239483115596703,0.013856336523221992,0.0188095212613628,0.017296498152314318,0.020596875286478515,0.010753692761018726,0.0030163145485643094,0.015624303620402966,0.016089547842781386,0.011363104723050075,0.0048691083300926065,0.013208306964284228,0.015791513947066124,0.006664015215031364,0.009004481161718286,0.013880685171863652,0.011780282840245609,0.007125875766484368,0.014328824420652662,0.010148853888809541,0.024414026517610526
262,2273.234832002333,646.087243068935,0.014225033556093555,1593.6377501644743,1931.255677351906,1978.5839563238014,1756.5187277198297,3129.816326951439,1799.8059003185044,3148.1380945457804,896.1203578599519,2276.5210259703213,1637.302389286386,3166.776547463234,2640.7371416966503,1291.2388840482986,2523.606170215263,3042.0240999801686,1418.329786734804,1527.259374870625,1276.1891776816892,2082.2010781054064,2963.458908430803,2833.653131263054,2573.6933446919516,2116.005409610244,2642.549471973045,2349.277238643352,2642.848021257907,2388.3912988078882,2734.850952898609,2441.566346438849,3394.6883687657646,0.01841386174943916,0.014083825374639423,0.014986024710869687,0.020155448507267176,0.015582687238307356,0.013052314971501283,0.01157676974054324,0.019646874167169336,0.010020767049348856,0.010388353073691476,0.02065293222522021,0.01885586465213279,0.011092213764037514,0.023514695615591108,0.009196247873730612,0.006895978663670346,0.011520233501031608,0.014585191419796027,0.005682796519838055,0.009771975892583017,0.014319273743283114,0.016246144477082843,0.013113303477003407,0.00959735872955836,0.013579895591594185,0.020401025341778282,0.008908866968004267,0.011351697354076148,0.01703250363901736,0.022525880651000477
263,2256.7443948328305,646.5396021964018,0.014280098771189747,1593.6377501644743,1931.255677351906,1978.5839563238014,1756.5187277198297,2992.1923995298475,1799.8059003185044,3148.1380945457804,896.1203578599519,2276.5210259703213,1444.4544287687488,3166.776547463234,2640.7371416966503,1291.2388840482986,2523.606170215263,3042.0240999801686,1418.329786734804,1527.259374870625,1276.1891776816892,2082.2010781054064,2963.458908430803,2833.653131263054,2573.6933446919516,2116.005409610244,2642.549471973045,2226.259270964971,2642.848021257907,2388.3912988078882,2693.627693431132,2441.566346438849,3394.6883687657646,0.02531327889891823,0.012917392766903069,0.016436568994658503,0.008195683718736151,0.013741134662716016,0.011590818062345992,0.007643098190041017,0.010632770717350675,0.010381285314981248,0.0090370772869068,0.018916079710887015,0.014737506253977338,0.01359060062834211,0.0264542124836583,0.004179329794495173,0.0049219240160556675,0.01544150699025379,0.01654033095397333,0.01121846257235341,0.01772139741815702,0.010741039912551471,0.01487669047945673,0.019604395389882033,0.013249540719112012,0.013516918676069767,0.013267002182875373,0.008031587542012192,0.018700136954542926,0.018564978542330402,0.0282402133011487
264,2256.7443948328305,646.5396021964018,0.013953347128922646,1593.6377501644743,1931.255677351906,1978.5839563238014,1756.5187277198297,2992.1923995298475,1799.8059003185044,3148.1380945457804,896.1203578599519,2276.5210259703213,1444.4544287687488,3166.776547463234,2640.7371416966503,1291.2388840482986,2523.606170215263,3042.0240999801686,1418.329786734804,1527.259374870625,1276.1891776816892,2082.2010781054064,2963.458908430803,2833.653131263054,2573.6933446919516,2116.005409610244,2642.549471973045,2226.259270964971,2642.848021257907,2388.3912988078882,2693.627693431132,2441.566346438849,3394.6883687657646,0.023412895069798444,0.012964176563924713,0.01587839113119436,0.012951400587068743,0.01880740483114827,0.00760753838936936,0.009658314524523126,0.011539394477475307,0.013896370876136887,0.005385262549968085,0.018641276670312904,0.013913619077264515,0.015860818842556787,0.023900362894829396,0.0,0.0065562463337508065,0.016382981945125937,0.011811200763306122,0.013889216463545167,0.017539477472969082,0.007202741532738552,0.00991164756356162,0.01949762740420045,0.017598828599934283,0.014520072745809421,0.010970908800572408,0.009471757895758933,0.019197488623202558,0.012790085729609582,0.026842905508023627
265,2246.316657200812,641.6349595735899,0.012781486328523006,1593.6377501644743,1931.255677351906,1978.5839563238014,1756.5187277198297,2992.1923995298475,1799.8059003185044,3148.1380945457804,896.1203578599519,2276.5210259703213,1444.4544287687488,3166.776547463234,2640.7371416966503,1291.2388840482986,2523.606170215263,3042.0240999801686,1418.329786734804,1527.259374870625,1276.1891776816892,1995.2386648946906,2963.458908430803,2617.174583879335,2573.6933446919516,2116.005409610244,2642.549471973045,2226.259270964971,2642.848021257907,2388.3912988078882,2693.627693431132,2441.566346438849,3385.297200399642,0.01819548070904435,0.013579155567547333,0.012663960460605597,0.010528359005388009,0.012755575191426605,0.006881506450756251,0.010258289863522,0.012879248709132957,0.007745999936132828,0.009305021543415674,0.020441493998522662,0.0184052644829972,0.0075552622740699465,0.02015674360835872,0.0,0.00903284722868755,0.018625747675919707,0.018459423751015395,0.006200173207731758,0.013882036997646492,0.007495596451952267,0.014983163407235043,0.018702171874552566,0.01434264465897694,0.017567362625473055,0.009414724587604844,0.005738126014300464,0.013820438837941118,0.01524350192259584,0.018585268813137063
266,2235.4333021551734,639.7696054301733,0.013520928351766891,1593.6377501644743,1931.255677351906,1978.5839563238014,1756.5187277198297,2992.1923995298475,1799.8059003185044,3148.1380945457804,896.1203578599519,2116.7273005415095,1444.4544287687488,3166.776547463234,2545.77256134066,1291.2388840482986,2523.606170215263,3042.0240999801686,1418.329786734804,1527.259374870625,1274.9310961598082,1995.2386648946906,2963.458908430803,2607.640378550119,2573.6933446919516,2116.005409610244,2642.549471973045,2226.259270964971,2642.848021257907,2327.4412400746332,2693.627693431132,2441.566346438849,3385.297200399642,0.022878642237380235,0.013069168251023229,0.013420699683863587,0.011000852439134184,0.01507198763461201,0.008754510270079398,0.010296538484678333,0.01705679325665672,0.008696473408014478,0.008283435977576002,0.020176951593344383,0.02340371625909986,0.011503675375040245,0.022057519317429688,0.004318725958964453,0.008540825225997988,0.017448827616653124,0.015331596287166243,0.004908183372747698,0.015568960676657263,0.012573726985998186,0.010411227939867904,0.013604693804842149,0.015047776758617015,0.013491359068748576,0.011031055892585956,0.013939667534454287,0.013580375113651719,0.01491652903606388,0.015243355092057879
267,2206.899864050602,637.4165989367569,0.013174828977241516,1593.6377501644743,1931.255677351906,1978.5839563238014,1756.5187277198297,2992.1923995298475,1799.8059003185044,3148.1380945457804,896.1203578599519,2116.7273005415095,1444.4544287687488,3166.776547463234,2545.77256134066,1291.2388840482986,2523.606170215263,3042.0240999801686,1418.329786734804,1328.4609901084914,1274.9310961598082,1995.2386648946906,2791.8018375126376,2607.640378550119,2573.6933446919516,2116.005409610244,2642.549471973045,2226.259270964971,2305.658696730091,2179.082877145596,2693.627693431132,2441.566346438849,3385.297200399642,0.021629038823380933,0.014600462630488812,0.014270523298866689,0.020149734683978824,0.013179869487687856,0.01359227201738257,0.01349780370843963,0.010627272610942809,0.011184424908139598,0.010071767376324965,0.01748228891173323,0.0191463451140727,0.013610766869913788,0.018309971802026447,0.0015414026212291214,0.0077671340319765145,0.018761420530959808,0.02179407956463933,0.0033899610512196096,0.0032629473870586017,0.012976178362868962,0.013837262000381673,0.013245096574777243,0.012734499964175373,0.011797852343285889,0.004807339260248044,0.0030665583266950803,0.017819514618212552,0.016015289412024975,0.02107579102411391
268,2202.2939631476675,634.6612241122697,0.01324730951677099,1593.6377501644743,1931.255677351906,1923.8965180463183,1756.5187277198297,2992.1923995298475,1799.8059003185044,3148.1380945457804,896.1203578599519,2116.7273005415095,1444.4544287687488,3166.776547463234,2545.77256134066,1291.2388840482986,2523.606170215263,2958.534511169621,1418.329786734804,1328.4609901084914,1274.9310961598082,1995.2386648946906,2791.8018375126376,2607.640378550119,2573.6933446919516,2116.005409610244,2642.549471973045,2226.259270964971,2305.658696730091,2179.082877145596,2693.627693431132,2441.566346438849,3385.297200399642,0.021977918064859978,0.016809685008622736,0.018043886647003172,0.009192167087686665,0.013438359393670735,0.014861570162930013,0.008777045603464125,0.006505429053313395,0.010208344570388968,0.012556399731686534,0.015999981616959296,0.01646210121656309,0.01490369189386573,0.020250918371966027,0.004746590271754935,0.004046331843450007,0.023775371464014834,0.016332038153818156,0.0017549241140672302,0.011975200850412418,0.013407827545715041,0.014049160086991768,0.01276187337603705,0.017528289073108945,0.008737815845706409,0.010041861734425579,0.005397524477317822,0.013807105319473361,0.01990769795619818,0.01916217496765743
269,2202.2939631476675,634.6612241122697,0.012260421994873536,1593.6377501644743,1931.255677351906,1923.8965180463183,1756.5187277198297,2992.1923995298475,1799.8059003185044,3148.1380945457804,896.1203578599519,2116.7273005415095,1444.4544287687488,3166.776547463234,2545.77256134066,1291.2388840482986,2523.606170215263,2958.534511169621,1418.329786734804,1328.4609901084914,1274.9310961598082,1995.2386648946906,2791.8018375126376,2607.640378550119,2573.6933446919516,2116.005409610244,2642.549471973045,2226.259270964971,2305.658696730091,2179.082877145596,2693.627693431132,2441.566346438849,3385.297200399642,0.018820253142015186,0.006596014428548243,0.014170127471852078,0.001184562884981838,0.016777341317208146,0.01409573500834678,0.016376306497772865,0.0072890879405909685,0.0,0.007615633055073406,0.01151577623295967,0.015630760819781084,0.019068942596425487,0.01957973016855883,0.004457727323364416,0.010007440200921407,0.024370275277395985,0.012367604553819392,0.011757851692707759,0.0037657089243014388,0.008625214884203349,0.009579305404384087,0.018555640766617903,0.01942989013553053,0.007581236959584234,0.008580485652340927,0.012012701627734821,0.013580467612682246,0.019119657549662383,0.015301179716840667
270,2184.5580941022913,630.0236509335735,0.012168774452647834,1593.6377501644743,1908.830600222618,1923.8965180463183,1756.5187277198297,2992.1923995298475,1799.8059003185044,3148.1380945457804,896.1203578599519,2116.7273005415095,1444.4544287687488,3166.776547463234,2545.77256134066,1291.2388840482986,2523.606170215263,2958.534511169621,1418.329786734804,1328.4609901084914,1274.9310961598082,1995.2386648946906,2791.8018375126376,2607.640378550119,2573.6933446919516,2116.005409610244,2330.5395532570174,2226.259270964971,2108.0176212141196,2179.082877145596,2693.627693431132,2441.566346438849,3385.297200399642,0.025462685651563857,0.01094052864206384,0.010467145417765895,0.00785058203326007,0.011566412470677495,0.010119269589528631,0.010664114231105252,0.006658008240182556,0.0055255386623262156,0.007375344325281047,0.012063694499021275,0.013842986167519406,0.02303561661495221,0.012037074300681138,0.0020340816544799035,0.004877370474325127,0.020552037559550897,0.016254209022601836,0.011213336065933195,0.0058701572681438855,0.008478367066627853,0.009968754552429984,0.01703838168270751,0.008449645469851129,0.012171486749483307,0.013589148514579522,0.007570767653396818,0.02037492610339209,0.016806333735945218,0.022205229160057932
271,2176.7878504389464,634.5896182733956,0.012619286817705364,1449.7723532162884,1905.2525604494058,1923.8965180463183,1756.5187277198297,2992.1923995298475,1799.8059003185044,3148.1380945457804,896.1203578599519,2116.7273005415095,1444.4544287687488,3166.776547463234,2545.77256134066,1291.2388840482986,2523.606170215263,2958.534511169621,1418.329786734804,1328.4609901084914,1274.9310961598082,1995.2386648946906,2791.8018375126376,2607.640378550119,2573.6933446919516,2116.005409610244,2244.8756800780848,2226.259270964971,2108.0176212141196,2179.082877145596,2693.627693431132,2441.566346438849,3385.297200399642,0.0207248281773495,0.003374729543080846,0.010964749949744014,0.0055769879426112,0.009553942541588542,0.007350218063145381,0.01790584726518451,0.011129830936975161,0.010913183355396455,0.013936673617226026,0.015134816311058771,0.012286451448309615,0.01742299053730535,0.012128383641882451,0.0016537345843481855,0.00960214453646886,0.018031641197284204,0.020604348221454644,0.01051865186298635,0.008918371126107216,0.010432331080845198,0.018511069057640536,0.018558443827612917,0.005436475044000412,0.014247208817021424,0.010927207561947974,0.009508377923553692,0.024167488166802826,0.013477127778454374,0.01558035041377431
272,2142.9935586213637,602.4451616284605,0.01212447262133204,1449.7723532162884,1905.2525604494058,1923.8965180463183,1756.5187277198297,2992.1923995298475,1799.8059003185044,3148.1380945457804,896.1203578599519,2116.7273005415095,1444.4544287687488,3166.776547463234,2545.77256134066,1291.2388840482986,2523.606170215263,2958.534511169621,1418.329786734804,1328.4609901084914,1274.9310961598082,1995.2386648946906,2791.8018375126376,2607.640378550119,2451.4547987867204,2116.005409610244,2244.8756800780848,2226.259270964971,2108.0176212141196,1928.3565712762518,2693.627693431132,2441.566346438849,2744.4332976467413,0.013370384591027629,0.01028102948875798,0.010049291192637587,0.002946848060614548,0.005041643361966304,0.007192450049588704,0.01510115499266588,0.013040546909257406,0.008780363397313102,0.021076342874591186,0.008277432762623342,0.011499026312152189,0.022947371897213832,0.013384129234794368,0.009014566132732096,0.011823618099364743,0.018198208703053317,0.015991616270702728,0.010168296023626596,0.006112960004220874,0.007555344689577332,0.01660175502119237,0.016458046109893425,0.0035921535648576752,0.017204583285311454,0.009787541056359289,0.006355515683456792,0.020842043818432878,0.01933499989841798,0.011704915153557672
273,2110.0144314284335,604.0843935679751,0.011639150017947245,1171.2702937575475,1905.2525604494058,1923.8965180463183,1674.371360453887,2992.1923995298475,1633.3946856197908,2731.565959002325,896.1203578599519,2116.7273005415095,1444.4544287687488,3166.776547463234,2545.77256134066,1245.4978452272344,2523.606170215263,2958.534511169621,1418.329786734804,1328.4609901084914,1274.9310961598082,1995.2386648946906,2791.8018375126376,2607.640378550119,2451.4547987867204,2116.005409610244,2244.8756800780848,2226.259270964971,2108.0176212141196,1928.3565712762518,2693.627693431132,2441.566346438849,2744.4332976467413,0.009377544240264164,0.0021525347185720758,0.011323670925279321,0.005587222808277333,0.0016442405572176398,0.012823593010444766,0.017164426957785306,0.013858733386994573,0.0067841642923802195,0.020416619749572304,0.005239775561529409,0.009512634444311928,0.022742435911368254,0.017225283116618757,0.005027977327887888,0.009279703359353672,0.019117031836255783,0.015759232403243145,0.004397061924903003,0.006020433980740682,0.005842620093398722,0.017056397256682898,0.011811842768276244,0.006770699284362691,0.01805063189861149,0.012170734020094012,0.0,0.022810090005596997,0.017762802085052497,0.02144436261334163
274,2102.216965592793,610.4861933610445,0.012346920056187946,1171.2702937575475,1792.7374564952422,1923.8965180463183,1674.371360453887,2992.1923995298475,1633.3946856197908,2731.565959002325,896.1203578599519,2116.7273005415095,1323.045557653693,3166.776547463234,2545.77256134066,1245.4978452272344,2523.606170215263,2958.534511169621,1418.329786734804,1328.4609901084914,1274.9310961598082,1995.2386648946906,2791.8018375126376,2607.640378550119,2451.4547987867204,2116.005409610244,2244.8756800780848,2226.259270964971,2108.0176212141196,1928.3565712762518,2693.627693431132,2441.566346438849,2744.4332976467413,0.0048946137181107175,0.00703603449032825,0.01610250911638709,0.007063818128605991,0.009257397707526592,0.009800692938869185,0.012700436404489772,0.010582532300157831,0.006252314434133924,0.019050595449139163,0.012205349819390542,0.014461422256527127,0.024185107336750188,0.014670991643713962,0.009858863482589002,0.011318341062604877,0.02216664860572818,0.011717492167964128,0.0078025497986803855,0.0028837367517642785,0.015114844482307382,0.011399026063029916,0.011575740622027403,0.002869170077300168,0.01380712388294043,0.01761202150845687,0.0,0.02309726051328684,0.019608795543171596,0.02131217137965657
275,2093.138539072102,609.5025814412892,0.013781625507747928,1171.2702937575475,1792.7374564952422,1923.8965180463183,1578.0841600863082,2992.1923995298475,1633.3946856197908,2731.565959002325,896.1203578599519,2116.7273005415095,1323.045557653693,3166.776547463234,2369.7069660875236,1245.4978452272344,2523.606170215263,2958.534511169621,1418.329786734804,1328.4609901084914,1274.9310961598082,1995.2386648946906,2791.8018375126376,2607.640378550119,2451.4547987867204,2116.005409610244,2244.8756800780848,2226.259270964971,2108.0176212141196,1928.3565712762518,2693.627693431132,2441.566346438849,2744.4332976467413,0.013519477200089352,0.010907874105066896,0.017264902653842073,0.012863111640978366,0.019869266195068125,0.013842232490930145,0.015746533594233947,0.020846628697818743,0.009740649444028176,0.01954133420708687,0.014920236683299589,0.010416462201134681,0.013186853686727779,0.007980206861533348,0.011066847363558835,0.00800965320480101,0.027674828339671855,0.01578572377599909,0.0026137018369316698,0.00849623506600764,0.013150276147961402,0.012127549982173202,0.006916668038211322,0.006861789261584831,0.011803612896707144,0.019402820017529847,0.011215374453408545,0.019654708414025262,0.022186605688137243,0.015836601083890883
276,2090.753939768275,608.5550838896235,0.01378954600550467,1171.2702937575475,1792.7374564952422,1923.8965180463183,1578.0841600863082,2992.1923995298475,1633.3946856197908,2731.565959002325,896.1203578599519,2116.7273005415095,1323.045557653693,3166.776547463234,2298.168986972701,1245.4978452272344,2523.606170215263,2958.534511169621,1418.329786734804,1328.4609901084914,1274.9310961598082,1995.2386648946906,2791.8018375126376,2607.640378550119,2451.4547987867204,2116.005409610244,2244.8756800780848,2226.259270964971,2108.0176212141196,1928.3565712762518,2693.627693431132,2441.566346438849,2744.4332976467413,0.013092775764178602,0.00950015676443511,0.014222702127763755,0.006987716591396861,0.013668703555948814,0.014266075767230246,0.020015994502947696,0.01762586598212306,0.008339752663427132,0.01838086499344623,0.015632025562057006,0.015707480209269313,0.017534136841072034,0.011401965197568578,0.0161182384243187,0.0,0.018146058998107794,0.014621416786070174,0.0029458716181502277,0.012154036508326714,0.013589373796218855,0.013351657042416705,0.005889037834909774,0.015653782990854938,0.014540524719724633,0.02168170012552592,0.01661152153833899,0.013249950581646554,0.019108817786587923,0.01964817489107781
277,2085.181925247308,615.4130137124525,0.01430937808426793,1171.2702937575475,1792.7374564952422,1923.8965180463183,1578.0841600863082,2992.1923995298475,1633.3946856197908,2731.565959002325,896.1203578599519,2116.7273005415095,1323.045557653693,3166.776547463234,2298.168986972701,1245.4978452272344,2523.606170215263,2958.534511169621,1251.1693511058,1328.4609901084914,1274.9310961598082,1995.2386648946906,2791.8018375126376,2607.640378550119,2451.4547987867204,2116.005409610244,2244.8756800780848,2226.259270964971,2108.0176212141196,1928.3565712762518,2693.627693431132,2441.566346438849,2744.4332976467413,0.015942080953331418,0.012084241315141771,0.016575090447630836,0.012697850872383426,0.012083359755395514,0.014554717541464379,0.01577770904318064,0.012780507336033526,0.01140647536242985,0.013391764582482476,0.007502480595113911,0.015995001648081344,0.01485609624877642,0.01425443038311178,0.012526835034372085,0.0043016714485986035,0.01525167138139965,0.01493534406263132,0.004450276405039606,0.015999916641321568,0.018619370936059948,0.012936539846006847,0.012700771256026528,0.013536138001117599,0.0123321909956298,0.02013827413120872,0.02590631900592521,0.012535183727613001,0.02365759838511872,0.019551435185411397
278,2075.4195591718426,616.9296302214566,0.014498905410981738,1171.2702937575475,1792.7374564952422,1754.7979311711429,1578.0841600863082,2992.1923995298475,1633.3946856197908,2731.565959002325,896.1203578599519,2116.7273005415095,1323.045557653693,3166.776547463234,2298.168986972701,1245.4978452272344,2523.606170215263,2958.534511169621,1251.1693511058,1328.4609901084914,1274.9310961598082,1995.2386648946906,2791.8018375126376,2607.640378550119,2451.4547987867204,2116.005409610244,2121.103284689285,2226.259270964971,2108.0176212141196,1928.3565712762518,2693.627693431132,2441.566346438849,2744.4332976467413,0.013497936641920111,0.01631708133973074,0.014605152608484698,0.011427682287713388,0.017954451433835335,0.01482242744839472,0.01518136134028123,0.019418308500058927,0.01831977931050428,0.011605379356918428,0.0042486819380288116,0.014602580922615216,0.015108970507461399,0.012808579478852123,0.012666808596306893,0.009472975756328765,0.017607684505205657,0.011671486117040173,0.00958715033397614,0.01951532988516664,0.016425178019708282,0.01631499857129115,0.011597925721083431,0.011031062088154155,0.010496454748501156,0.01865293976870423,0.019582279320285178,0.009762020099250538,0.020330801802685226,0.020333693880965207
279,2075.4195591718426,616.9296302214566,0.013772560746296512,1171.2702937575475,1792.7374564952422,1754.7979311711429,1578.0841600863082,2992.1923995298475,1633.3946856197908,2731.565959002325,896.1203578599519,2116.7273005415095,1323.045557653693,3166.776547463234,2298.168986972701,1245.4978452272344,2523.606170215263,2958.534511169621,1251.1693511058,1328.4609901084914,1274.9310961598082,1995.2386648946906,2791.8018375126376,2607.640378550119,2451.4547987867204,2116.005409610244,2121.103284689285,2226.259270964971,2108.0176212141196,1928.3565712762518,2693.627693431132,2441.566346438849,2744.4332976467413,0.010350372847259646,0.014768024196657499,0.02108999530312986,0.009406431162019785,0.015693379303050654,0.016550474619738374,0.012642933084442316,0.020899492806436687,0.015617689003789207,0.020930285763436442,0.004259161433603691,0.01296928683969368,0.01792237888629285,0.007910996205613826,0.008160826021307764,0.009830449067786632,0.012543837729090396,0.015543542944237033,0.006569791064410988,0.019937260497171604,0.010053589067326214,0.013655331512739455,0.014108294892843744,0.014548773468163464,0.002484130030365062,0.015373504914367751,0.021238784022389372,0.012525616072198598,0.01100697046244144,0.02458521916689129
280,2063.288402908894,610.3793882664294,0.012827351959330423,1171.2702937575475,1792.7374564952422,1754.7979311711429,1564.4777109944964,2992.1923995298475,1633.3946856197908,2731.565959002325,896.1203578599519,2116.7273005415095,1323.045557653693,3166.776547463234,2298.168986972701,1245.4978452272344,2523.606170215263,2958.534511169621,1251.1693511058,1328.4609901084914,1274.9310961598082,1995.2386648946906,2791.8018375126376,2607.517282949045,2451.4547987867204,2116.005409610244,2121.103284689285,2226.259270964971,2108.0176212141196,1865.5681453877748,2406.210976124046,2441.566346438849,2744.4332976467413,0.010842644353082779,0.014493941427876179,0.010235655006965164,0.007910103106660476,0.016522842347227635,0.021548757772562696,0.012555223764823641,0.01583793606188148,0.016830055988356053,0.01838998694279056,0.005370162115819131,0.005345867875218168,0.01642840964740548,0.013765990933328757,0.01551340820683039,0.0,0.015840639536957208,0.007588623261086572,0.010020685842472716,0.014856289374170677,0.010495741583090192,0.01637314539597001,0.010392949322915075,0.01974458928728242,0.00776222402233043,0.00976881608148236,0.01767746349878622,0.017330932789075215,0.006914504101277899,0.018462969132187052
281,2041.8237376295006,619.0237350835301,0.013204747887971626,1171.2702937575475,1792.7374564952422,1754.7979311711429,1564.4777109944964,2992.1923995298475,1633.3946856197908,2731.565959002325,896.1203578599519,2105.5816254842143,1323.045557653693,3166.776547463234,2298.168986972701,1245.4978452272344,2523.606170215263,2958.534511169621,1251.1693511058,1328.4609901084914,1274.9310961598082,1995.2386648946906,2791.8018375126376,2607.517282949045,2451.4547987867204,1483.2111262857288,2121.103284689285,2226.259270964971,2108.0176212141196,1865.5681453877748,2406.210976124046,2441.566346438849,2744.4332976467413,0.01697337357586775,0.021501357845154084,0.007104433697650502,0.009435139224285903,0.010941114604974411,0.02004520431038233,0.012377114234608926,0.01585373100965325,0.0157546895848955,0.018189610889838354,0.0022569505329783674,0.014922310268988876,0.02224975805400101,0.01079246410680782,0.011963382470792499,0.002561130138419798,0.016129452069143294,0.003063950740307759,0.0036526076677184786,0.007683041925203423,0.00924721099304659,0.018126565290303133,0.01586551013836145,0.017812195434233822,0.01029573860581377,0.012033381390639501,0.019882753816416205,0.01691232451204481,0.013203545059176104,0.019312394447441022
282,2028.5915230565208,614.4361007451172,0.014125525311432295,1171.2702937575475,1792.7374564952422,1754.7979311711429,1564.4777109944964,2992.1923995298475,1633.3946856197908,2731.565959002325,896.1203578599519,2105.5816254842143,1323.045557653693,3166.776547463234,2298.168986972701,1245.4978452272344,2523.606170215263,2958.534511169621,1251.1693511058,1328.4609901084914,1274.9310961598082,1867.0452528086828,2791.8018375126376,2607.517282949045,2413.0317059447957,1483.2111262857288,2121.103284689285,2226.259270964971,2108.0176212141196,1865.5681453877748,2406.210976124046,2242.9012920177256,2712.7484198064067,0.014620635125904727,0.01630302174772881,0.017358657139747064,0.003403616334797611,0.01696751504585609,0.019859092128805635,0.014038096743823539,0.012268916989938398,0.018794950387773776,0.0201775837817259,0.005819293784380227,0.012510882440640967,0.021500994665263666,0.012190015023868865,0.006174757886703398,0.005284573903943748,0.01876250770523761,0.009922926295112848,0.0055095177486898655,0.014056814532248725,0.011867178558738528,0.021199622850410223,0.012099603071110432,0.019232712906247274,0.01769976235393731,0.008832350699476962,0.01691015177045185,0.016135097919368974,0.020066558898697365,0.014198350902338475
283,2026.2853234020463,612.3430352285797,0.0154361898205885,1171.2702937575475,1792.7374564952422,1754.7979311711429,1564.4777109944964,2992.1923995298475,1633.3946856197908,2731.565959002325,896.1203578599519,2105.5816254842143,1323.045557653693,3166.776547463234,2298.168986972701,1245.4978452272344,2523.606170215263,2958.534511169621,1251.1693511058,1328.4609901084914,1274.9310961598082,1867.0452528086828,2788.7026119375582,2541.430518889898,2413.0317059447957,1483.2111262857288,2121.103284689285,2226.259270964971,2108.0176212141196,1865.5681453877748,2406.210976124046,2242.9012920177256,2712.7484198064067,0.017647832390013274,0.012488381576866667,0.01691277661865244,0.004499399353755093,0.014579187947558303,0.020444564065951593,0.015848010707921065,0.009769306618552189,0.01884290594701126,0.020358844349176456,0.015825900619698317,0.01453446033586472,0.027987147750123526,0.0160073797841185,0.01040256247242239,0.008485241760168323,0.019819484190112712,0.012079705891597431,0.006845632184523297,0.012560391147374986,0.010892881633032614,0.025127412013499193,0.01463312278361937,0.018194237036714175,0.018566235269589136,0.0042942275204236845,0.023758283290477574,0.01321336553694063,0.01732301015949659,0.021143803662399426
284,2020.3559436230962,606.3165906577607,0.014958470445198576,1171.2702937575475,1792.7374564952422,1754.7979311711429,1564.4777109944964,2992.1923995298475,1633.3946856197908,2553.6845656338237,896.1203578599519,2105.5816254842143,1323.045557653693,3166.776547463234,2298.168986972701,1245.4978452272344,2523.606170215263,2958.534511169621,1251.1693511058,1328.4609901084914,1274.9310961598082,1867.0452528086828,2788.7026119375582,2541.430518889898,2413.0317059447957,1483.2111262857288,2121.103284689285,2226.259270964971,2108.0176212141196,1865.5681453877748,2406.210976124046,2242.9012920177256,2712.7484198064067,0.014875006825887218,0.014270453470600925,0.012778021348537385,0.012760984595626532,0.008600374756153256,0.014906330497971671,0.01880303557076454,0.014909635598766445,0.019801789865027883,0.021335978424404996,0.018776126600127185,0.013997081933035458,0.02563430710952144,0.011018013938744225,0.007791522864057621,0.008775113190378598,0.015649867326878574,0.02441306659970212,0.004210358141007291,0.00873755597723012,0.0109330567087861,0.02029159337622196,0.021008337792459815,0.01798448011506552,0.016808053310179774,0.003925992395088599,0.024411147320408232,0.008651628313404436,0.015522727893121755,0.01717247149679765
285,2020.3559436230962,606.3165906577607,0.0145919748671906,1171.2702937575475,1792.7374564952422,1754.7979311711429,1564.4777109944964,2992.1923995298475,1633.3946856197908,2553.6845656338237,896.1203578599519,2105.5816254842143,1323.045557653693,3166.776547463234,2298.168986972701,1245.4978452272344,2523.606170215263,2958.534511169621,1251.1693511058,1328.4609901084914,1274.9310961598082,1867.0452528086828,2788.7026119375582,2541.430518889898,2413.0317059447957,1483.2111262857288,2121.103284689285,2226.259270964971,2108.0176212141196,1865.5681453877748,2406.210976124046,2242.9012920177256,2712.7484198064067,0.018856245142466154,0.014667322185777968,0.018143113773207917,0.0,0.005987423198452928,0.016558431136586605,0.017927224328420317,0.018448916649175143,0.017866223503683415,0.027375992031367147,0.015417897095420121,0.020131902535736938,0.017584477987292752,0.020476156554199564,0.016306067956192518,0.00791618595946235,0.01142684042269269,0.021216477425591185,0.0008526436894884128,0.006994699526436484,0.012520923058356793,0.013146354932596882,0.016435122173560635,0.01767999587718873,0.02126551189866466,0.0,0.020774627732375782,0.005113534152561427,0.020367037164509307,0.016301897924253142
286,2007.951133389895,606.4157777681843,0.01336638438606188,1171.2702937575475,1792.7374564952422,1754.7979311711429,1564.4777109944964,2992.1923995298475,1633.3946856197908,2553.6845656338237,896.1203578599519,2105.5816254842143,1323.045557653693,3166.776547463234,1995.0811323072703,1229.7427658481788,2523.606170215263,2958.534511169621,1251.1693511058,1328.4609901084914,1274.9310961598082,1867.0452528086828,2788.7026119375582,2541.430518889898,2413.0317059447957,1429.909753334174,2121.103284689285,2226.259270964971,2108.0176212141196,1865.5681453877748,2406.210976124046,2242.9012920177256,2712.7484198064067,0.011151626861239113,0.009211636337061662,0.01827876876365836,0.003902931169946516,0.01335074266608036,0.02583860803039361,0.014860844716570289,0.015030071309032826,0.017970102942598584,0.020934883538221174,0.015065312896529246,0.01586303479789247,0.014922656669506406,0.02112416438191594,0.012728714144247122,0.0017308290979365544,0.013154395908457845,0.019856777607245114,0.00013020909270537146,0.002732841816528202,0.008454744054561982,0.01854851310904479,0.017615949412929745,0.01677233334421845,0.021882790060214798,0.0011892397706308587,0.015455254376775626,0.0038058710392982914,0.016859848323124618,0.012567835343290428
287,2000.9826264486458,615.8397704524963,0.013952768310318074,1171.2702937575475,1792.7374564952422,1754.7979311711429,1564.4777109944964,2992.1923995298475,1633.3946856197908,2553.6845656338237,896.1203578599519,2105.5816254842143,1323.045557653693,3166.776547463234,1995.0811323072703,1229.7427658481788,2523.606170215263,2958.534511169621,1251.1693511058,1328.4609901084914,1070.2899526125289,1867.0452528086828,2788.7026119375582,2541.430518889898,2413.0317059447957,1425.4956886439784,2121.103284689285,2226.259270964971,2108.0176212141196,1865.5681453877748,2406.210976124046,2242.9012920177256,2712.7484198064067,0.017220144477547474,0.02263983801314393,0.014433076926358732,0.009375890614286179,0.006754140212513761,0.014211103091187467,0.014205324965801451,0.0187992700323391,0.019167433011026774,0.019227110188594874,0.012220912249834601,0.011058642359897702,0.023835128497174767,0.023960601067483843,0.01525953677346936,0.007958576836674754,0.008641795332064751,0.01883865171858717,0.00045739628927416376,0.0023646945084415745,0.010170131056875115,0.01320044588829691,0.016971007550747073,0.01829258362155827,0.01818834588190674,0.002515811896561088,0.015438356298878228,0.009277877429889848,0.021983825149700785,0.011915397369425757
288,1995.5201063114414,615.5928816219617,0.014184486575778987,1171.2702937575475,1792.7374564952422,1754.7979311711429,1564.4777109944964,2992.1923995298475,1633.3946856197908,2553.6845656338237,896.1203578599519,2105.5816254842143,1323.045557653693,3166.776547463234,1995.0811323072703,1229.7427658481788,2523.606170215263,2958.534511169621,1251.1693511058,1328.4609901084914,1070.2899526125289,1867.0452528086828,2788.7026119375582,2541.430518889898,2413.0317059447957,1425.4956886439784,2121.103284689285,2226.259270964971,1944.1420170980018,1865.5681453877748,2406.210976124046,2242.9012920177256,2712.7484198064067,0.018751717605300564,0.012825786431857136,0.015050770197335273,0.0069481996225027156,0.004443457112022288,0.013255761345896013,0.01597219686552259,0.020526622939723328,0.019998402791701994,0.0226536197710198,0.004222561122589114,0.014167752315406106,0.025958881425117732,0.022766390930587056,0.016711811057683143,0.01231665511145837,0.010585661288510694,0.0218711983748483,0.0028887293197711766,0.008175458715861261,0.014340128888109906,0.010289795003214348,0.016200915288478248,0.01818717976038277,0.021878188033909434,0.0033131295390508714,0.010821313057502707,0.012654907135203477,0.015847818167406512,0.011909588055396663
289,1990.6086275328826,610.4820119696852,0.01525708591540831,1171.2702937575475,1792.7374564952422,1754.7979311711429,1535.159646964494,2907.556249086083,1633.3946856197908,2553.6845656338237,896.1203578599519,2105.5816254842143,1323.045557653693,3166.776547463234,1995.0811323072703,1229.7427658481788,2523.606170215263,2958.534511169621,1251.1693511058,1328.4609901084914,1070.2899526125289,1867.0452528086828,2755.3124630545485,2541.430518889898,2413.0317059447957,1425.4956886439784,2121.103284689285,2226.259270964971,1944.1420170980018,1865.5681453877748,2406.210976124046,2242.9012920177256,2712.7484198064067,0.020230716507725725,0.01666172757965712,0.011678191694534297,0.004291964525117408,0.010101113961621892,0.023166181738536348,0.014852364610817034,0.016752208925429786,0.021788685602095976,0.022841040574211116,0.011672140728411334,0.015325137895204191,0.02506439285043513,0.024885901761583624,0.010896966547499396,0.007897996773675642,0.008742401474402367,0.02544705492538263,0.002535294227430696,0.018084697702804825,0.012920808504553759,0.014957119426083408,0.016923128361750913,0.0190566192649991,0.021787685484851743,0.0,0.010341252225970462,0.014140266230417194,0.019140413773082083,0.01552910358396416
290,1955.3955445428314,615.5465248872375,0.014266421347665169,1171.2702937575475,1792.7374564952422,1754.7979311711429,1535.159646964494,2907.556249086083,1633.3946856197908,2553.6845656338237,896.1203578599519,2105.5816254842143,1323.045557653693,3166.776547463234,1995.0811323072703,1229.7427658481788,2523.606170215263,2958.534511169621,1251.1693511058,1328.4609901084914,1070.2899526125289,1867.0452528086828,2755.3124630545485,2541.430518889898,1356.63921624326,1425.4956886439784,2121.103284689285,2226.259270964971,1944.1420170980018,1865.5681453877748,2406.210976124046,2242.9012920177256,2712.7484198064067,0.01973204119066255,0.019240753054843303,0.015793928838965025,0.0037962526525377126,0.01015675813438416,0.025686762137742868,0.006774456009580084,0.013568354962679038,0.020427495366695803,0.013087375910510242,0.004654262133428766,0.01743158792239147,0.016483258468061788,0.02854229227708625,0.009135845337079184,0.012344612988485763,0.015083487361213866,0.01710290531452621,5.207620819905118e-05,0.02053078277784893,0.007769456143084157,0.01171489773791262,0.014469149848440646,0.020276912970393187,0.024379478899816634,0.006332992498655051,0.015764573985103565,0.015824177652486282,0.015924467123214835,0.005911244523926118
291,1945.627928493638,609.5003204541849,0.015377943329562932,1171.2702937575475,1792.7374564952422,1754.7979311711429,1535.159646964494,2886.896967878605,1633.3946856197908,2553.6845656338237,896.1203578599519,2105.5816254842143,1323.045557653693,3166.776547463234,1995.0811323072703,1193.442351771901,2523.606170215263,2958.534511169621,1251.1693511058,1308.2199587866453,1070.2899526125289,1867.0452528086828,2626.744948288627,2541.430518889898,1356.63921624326,1425.4956886439784,2121.103284689285,2226.259270964971,1944.1420170980018,1865.5681453877748,2318.950736019762,2242.9012920177256,2712.7484198064067,0.019359920857347748,0.011463422845118051,0.010123749344833484,0.007289674255631787,0.007743099677959975,0.01762673946063955,0.011511557064862565,0.0169817643304849,0.019448168559291,0.022675060246953337,0.006386756844914112,0.025180173787757977,0.016564077317224115,0.030572973523336038,0.013495985341083688,0.018680995566069752,0.010614364871133953,0.014580281223720114,0.007299595370667885,0.022110912385964195,0.003377430592253662,0.01714198994389085,0.017093727310735902,0.017169637032573733,0.021889690117071214,0.011436708660805804,0.023499545556859812,0.017814919732858498,0.009571183621019315,0.012634194443825027
292,1936.9957488930597,607.2418921129517,0.01481012131603819,1171.2702937575475,1792.7374564952422,1754.7979311711429,1535.159646964494,2886.896967878605,1633.3946856197908,2553.6845656338237,896.1203578599519,1929.275356148892,1323.045557653693,3166.776547463234,1995.0811323072703,1193.442351771901,2523.606170215263,2958.534511169621,1251.1693511058,1308.2199587866453,1070.2899526125289,1867.0452528086828,2626.744948288627,2541.430518889898,1356.63921624326,1425.4956886439784,2121.103284689285,2226.259270964971,1944.1420170980018,1865.5681453877748,2236.2916173377475,2242.9012920177256,2712.7484198064067,0.019990277140124062,0.01371146547510744,0.011707403002879598,0.009117503501074663,0.011046200797265539,0.015475136916274558,0.012308935387086875,0.011263753540481314,0.01205793988507542,0.024256918603378665,0.015815526276279353,0.016401554100436637,0.01462881786580075,0.0256776665932492,0.017763679922781016,0.018111819203438302,0.013454677509689589,0.018238348173408518,0.006326728507732162,0.01959041151588067,0.009811208385890885,0.016248350018533465,0.014778423862596975,0.011645170093997619,0.020288513173577154,0.00845642290272697,0.029187245822138067,0.012654161165294091,0.006627533127850158,0.0076618470110960376
293,1915.5853374369178,589.2810462030836,0.014581137852663573,1171.2702937575475,1792.7374564952422,1754.7979311711429,1535.159646964494,2886.896967878605,1633.3946856197908,2553.6845656338237,896.1203578599519,1929.275356148892,1323.045557653693,3166.776547463234,1995.0811323072703,1084.354343720101,2523.606170215263,2425.3101755371536,1251.1693511058,1308.2199587866453,1070.2899526125289,1867.0452528086828,2626.744948288627,2541.430518889898,1356.63921624326,1425.4956886439784,2121.103284689285,2226.259270964971,1944.1420170980018,1865.5681453877748,2236.2916173377475,2242.9012920177256,2712.7484198064067,0.019331209619903828,0.01606480640781102,0.014366760566060045,0.00788298160208603,0.011190643472655783,0.01566092745875827,0.011964143134978174,0.0117651214854697,0.016151306222221655,0.01871054540309887,0.020240695246040163,0.015357920366760145,0.012314886039407431,0.024091451045040648,0.012850409720042163,0.02109057298491571,0.007670327819306034,0.01631706886298806,0.004934241000853279,0.013194344520931914,0.007023425213785479,0.012446812650558902,0.021335488283867665,0.018852655838613404,0.021889675956379414,0.013890593101859834,0.021190510882407563,0.007560553187907339,0.008845299383594218,0.013248758101604391
294,1915.5853374369178,589.2810462030836,0.013643308904867929,1171.2702937575475,1792.7374564952422,1754.7979311711429,1535.159646964494,2886.896967878605,1633.3946856197908,2553.6845656338237,896.1203578599519,1929.275356148892,1323.045557653693,3166.776547463234,1995.0811323072703,1084.354343720101,2523.606170215263,2425.3101755371536,1251.1693511058,1308.2199587866453,1070.2899526125289,1867.0452528086828,2626.744948288627,2541.430518889898,1356.63921624326,1425.4956886439784,2121.103284689285,2226.259270964971,1944.1420170980018,1865.5681453877748,2236.2916173377475,2242.9012920177256,2712.7484198064067,0.01580667526162672,0.010138588630963055,0.011094452707707468,0.012123986029899352,0.006472351245004005,0.014172583815548305,0.014398519032685592,0.007206679268574998,0.012135510535931744,0.020939943402384056,0.01580620939244278,0.01679556709808472,0.010778337279049376,0.023027921092577768,0.0115817627071811,0.014841848570060556,0.006942123730688662,0.01659788188167914,0.0,0.012062009483754453,0.011658016386666227,0.013557783822138526,0.019005597567680336,0.02096053099191631,0.0263099591837333,0.009744653045263663,0.020519271997200633,0.013469473876676663,0.014351115935266084,0.006799913173652198
295,1915.5669053919091,589.289881101194,0.013184109771225676,1171.2702937575475,1792.7374564952422,1754.7979311711429,1535.159646964494,2886.896967878605,1632.8417242695332,2553.6845656338237,896.1203578599519,1929.275356148892,1323.045557653693,3166.776547463234,1995.0811323072703,1084.354343720101,2523.606170215263,2425.3101755371536,1251.1693511058,1308.2199587866453,1070.2899526125289,1867.0452528086828,2626.744948288627,2541.430518889898,1356.63921624326,1425.4956886439784,2121.103284689285,2226.259270964971,1944.1420170980018,1865.5681453877748,2236.2916173377475,2242.9012920177256,2712.7484198064067,0.016853515777709212,0.008825622463318335,0.017331598366845877,0.007879412466390462,0.01024265778925834,0.016450046985729657,0.011586150345901875,0.0032592398920907226,0.013215446649395113,0.012835259721642784,0.018582766578555135,0.015297093988203656,0.00863599675671853,0.021157515954572804,0.008523420172246915,0.007935429572019355,0.010983934358431122,0.01954529920904637,0.003971774859597479,0.015435226632399901,0.0038248701890920014,0.013082968678989329,0.025754717916599532,0.02287239522898372,0.020676834626619442,0.01728274317029129,0.015133572503635579,0.012671844339745967,0.00876596006580882,0.006909977876930992
296,1900.8024134560444,588.1832202166526,0.01315825449714882,1171.2702937575475,1792.7374564952422,1754.7979311711429,1535.159646964494,2886.896967878605,1632.8417242695332,2553.6845656338237,896.1203578599519,1929.275356148892,1323.045557653693,3166.776547463234,1995.0811323072703,1084.354343720101,2523.606170215263,2425.3101755371536,1251.1693511058,1308.2199587866453,1070.2899526125289,1867.0452528086828,2626.744948288627,2541.430518889898,1302.1353961167233,1252.6923801344035,2121.103284689285,2226.259270964971,1944.1420170980018,1865.5681453877748,2236.2916173377475,2239.772543064365,2500.249539319937,0.01824527871085747,0.014995167622085422,0.017609928060646155,0.005759729611060536,0.002773880559605905,0.01837897153632095,0.011806531750687044,0.0017932506327538748,0.009750781864631113,0.015774105378983806,0.006471771705398908,0.01630468068988383,0.006521322912681684,0.028314489552194923,0.014099867637603495,0.011145454073719462,0.007870731314974736,0.015409584903349755,0.007962138909937813,0.01641507877399336,0.01003282111880545,0.009494954061389877,0.02242368797762685,0.025276144309306792,0.020887810320122373,0.017083337749600566,0.011862976379360715,0.014564096344044887,0.00557541654659716,0.010143643906239608
297,1878.4102625266291,589.2178847525844,0.013249822746312078,1171.2702937575475,1792.7374564952422,1754.7979311711429,1535.159646964494,2886.896967878605,1442.424715523161,2553.6845656338237,896.1203578599519,1929.275356148892,1323.045557653693,3166.776547463234,1995.0811323072703,1084.354343720101,2523.606170215263,2425.3101755371536,1251.1693511058,1308.2199587866453,1070.2899526125289,1867.0452528086828,2626.744948288627,2541.430518889898,1302.1353961167233,1234.0589600929825,2103.2770257697043,2226.259270964971,1944.1420170980018,1865.5681453877748,2236.2916173377475,1794.8847028892708,2500.249539319937,0.015005280298737237,0.010225693735086168,0.025322812490875844,0.014666947966873158,0.0008348441857953351,0.0187488448642166,0.014115032759668208,0.0,0.015133023754678997,0.011512967527554176,0.009385890961869009,0.012494513181088242,0.00405671060470704,0.018678431010890985,0.009764369812733088,0.010783104001658318,0.011365815418213902,0.021086714222805534,0.009715452712112263,0.014539975964185638,0.013253242359664604,0.017593387394464047,0.01943133243251914,0.025009677013395012,0.017643466338551225,0.011314763699099936,0.015124091234388244,0.013558958898214691,0.010812445497170564,0.006316892048145066
298,1876.830158914119,589.7497982260373,0.01352801425639889,1171.2702937575475,1751.586250855314,1754.7979311711429,1535.159646964494,2886.896967878605,1442.424715523161,2553.6845656338237,896.1203578599519,1929.275356148892,1323.045557653693,3166.776547463234,1995.0811323072703,1084.354343720101,2523.606170215263,2425.3101755371536,1251.1693511058,1308.2199587866453,1064.0380498771588,1867.0452528086828,2626.744948288627,2541.430518889898,1302.1353961167233,1234.0589600929825,2103.2770257697043,2226.259270964971,1944.1420170980018,1865.5681453877748,2236.2916173377475,1794.8847028892708,2500.249539319937,0.019349612371321222,0.012831997494648932,0.020913558415022286,0.015093208800776123,0.005575879964054381,0.015061324981906956,0.009179893737176762,0.0037248503492501605,0.018715315834992956,0.018177668340292965,0.009903056509763312,0.0075666179895610974,0.0073332076235916865,0.024210770465736508,0.01120059866413641,0.00667657189577791,0.010751149281604583,0.009731673361650893,0.012585823667822951,0.011799723709181162,0.01267384102557933,0.01626295048921334,0.025067489485097065,0.020097562118436368,0.015637748733033627,0.014006172838640259,0.019809295410218794,0.01607232493573368,0.012131039629830415,0.003699499567914476
299,1869.3698738923617,591.068780999587,0.012642531348480581,1171.2702937575475,1751.586250855314,1754.7979311711429,1535.159646964494,2886.896967878605,1442.424715523161,2480.9075615918846,896.1203578599519,1929.275356148892,1323.045557653693,3166.776547463234,1995.0811323072703,996.9711822176605,2523.606170215263,2425.3101755371536,1251.1693511058,1308.2199587866453,1064.0380498771588,1867.0452528086828,2626.744948288627,2541.430518889898,1302.1353961167233,1234.0589600929825,2103.2770257697043,2226.259270964971,1880.4936319896633,1865.5681453877748,2236.2916173377475,1794.8847028892708,2500.249539319937,0.017378149089287143,0.006592653975606971,0.016309989108207867,0.014035316618475551,0.0,0.012091724945363065,0.011499315245543595,0.0077406185039734865,0.021433754277638245,0.02120250390961719,0.01024592074296039,0.009512716332944208,0.008491835251061227,0.020737341332043375,0.00840094253919279,0.0027135189354441248,0.017702293243769464,0.010599047884807504,0.010220526986477393,0.01341195243951322,0.0027254403601209842,0.013245191334102896,0.02712263310221086,0.019608007834808663,0.013852419533321498,0.01615425940881751,0.012310705786661892,0.009040656065637176,0.015932519272907387,0.008963986393901783
300,1857.446516502596,594.3230315893817,0.012654212655245876,1171.2702937575475,1751.586250855314,1754.7979311711429,1535.159646964494,2886.896967878605,1442.424715523161,2480.9075615918846,896.1203578599519,1929.275356148892,1323.045557653693,3166.776547463234,1995.0811323072703,996.9711822176605,2523.606170215263,2425.3101755371536,1251.1693511058,1308.2199587866453,1064.0380498771588,1867.0452528086828,2626.744948288627,2541.430518889898,1302.1353961167233,1234.0589600929825,2103.2770257697043,2226.259270964971,1522.7929102966982,1865.5681453877748,2236.2916173377475,1794.8847028892708,2500.249539319937,0.018216929827340328,0.00559598580336323,0.01934468610440497,0.009163705398021218,0.010741093069747605,0.011976889339020372,0.011226941833203476,0.0102853405276775,0.0254448681641473,0.02302100410423943,0.008201542401494588,0.010652895778873298,0.01271956131487047,0.016305707460846978,0.009889902141330292,0.008931540343593565,0.02227010701219188,0.009274543522118607,0.010387037629746063,0.007431078918471436,0.003534591152331742,0.012006060053531302,0.01862047453703075,0.018275558915299518,0.004229703495311893,0.014392979144419057,0.010044112918731586,0.010219264774251995,0.014359018014610597,0.012863255957155262
301,1857.1407520304901,594.1303749165829,0.012456001744784128,1171.2702937575475,1751.586250855314,1754.7979311711429,1535.159646964494,2886.896967878605,1442.424715523161,2480.9075615918846,896.1203578599519,1929.275356148892,1323.045557653693,3166.776547463234,1995.0811323072703,996.9711822176605,2523.606170215263,2425.3101755371536,1251.1693511058,1308.2199587866453,1064.0380498771588,1867.0452528086828,2626.744948288627,2541.430518889898,1302.1353961167233,1234.0589600929825,2103.2770257697043,2226.259270964971,1522.7929102966982,1865.5681453877748,2227.1186831745695,1794.8847028892708,2500.249539319937,0.012963017798490349,0.006673020895832436,0.017202871626396995,0.013112812019980933,0.00871618150911908,0.008359075175148304,0.007910100258902136,0.010063238853734526,0.020332548613606012,0.02080954088587797,0.008129845935665174,0.018345838818266576,0.014637516414336449,0.018637167117790013,0.009825148993392242,0.0030400791081985666,0.013381309288365147,0.015533893871140417,0.00691048140752015,0.0056557166007231265,0.013155848437191558,0.009358834851533005,0.014443986048259121,0.025805838809777448,0.005739440280553444,0.014938432853495153,0.004240946908168498,0.012717581246737341,0.017983871596170677,0.015055866119150971
302,1852.3707020650625,597.2624902337363,0.012430344971783877,1171.2702937575475,1751.586250855314,1754.7979311711429,1392.0581480016533,2886.896967878605,1442.424715523161,2480.9075615918846,896.1203578599519,1929.275356148892,1323.045557653693,3166.776547463234,1995.0811323072703,996.9711822176605,2523.606170215263,2425.3101755371536,1251.1693511058,1308.2199587866453,1064.0380498771588,1867.0452528086828,2626.744948288627,2541.430518889898,1302.1353961167233,1234.0589600929825,2103.2770257697043,2226.259270964971,1522.7929102966982,1865.5681453877748,2227.1186831745695,1794.8847028892708,2500.249539319937,0.019805695403533722,0.0,0.01782200138944356,0.007861699890796247,0.005572027614900185,0.013786420455508762,0.007212201237325167,0.00885364885361039,0.020537976741480123,0.022429593013632617,0.009737118678376566,0.013259120616212353,0.007798945432225319,0.02401808693218636,0.008465561321300977,0.00158438128352923,0.01751333202818224,0.01574432088414597,0.01277526461720321,0.007608229213337612,0.012088400211808858,0.014826000394721917,0.01875445010497497,0.019272073499942515,0.0021294056626544582,0.013022264631515006,0.01262047010586593,0.0053334522120750995,0.02186067351421265,0.01061753320881424
303,1834.610106116791,603.3813481139774,0.01347441181848909,1171.2702937575475,1751.586250855314,1469.0417919831598,1392.0581480016533,2886.896967878605,1442.424715523161,2480.9075615918846,896.1203578599519,1929.275356148892,1323.045557653693,3165.8528855762474,1995.0811323072703,996.9711822176605,2523.606170215263,2425.3101755371536,1216.8069245249744,1308.2199587866453,1064.0380498771588,1867.0452528086828,2626.744948288627,2541.013850939661,1302.1353961167233,1234.0589600929825,2103.2770257697043,2226.259270964971,1522.7929102966982,1865.5681453877748,2214.4141509695455,1596.2302522521761,2500.249539319937,0.017450112227423892,0.009230048318287871,0.010899397668364818,0.008533310325602367,0.00965703857773905,0.012905360423470702,0.015379304992996013,0.011547351320456721,0.016337897144082743,0.026077603384791273,0.018987714911307036,0.019133900515188547,0.005226823868785615,0.022780734766124067,0.004162345750217869,0.009269337465666652,0.020192840891804047,0.00863263725271071,0.0046023340054312184,0.009658722428063406,0.018875049992512948,0.013444249151808627,0.018236230613154616,0.02737317961759778,0.0069313029318293015,0.0070712763767531535,0.01499827947676636,0.007199186488624979,0.016311641730079936,0.013127141937030318
304,1829.3191099394257,602.1948817742401,0.013130381696890047,1171.2702937575475,1751.586250855314,1469.0417919831598,1392.0581480016533,2886.896967878605,1440.0756369633364,2480.9075615918846,896.1203578599519,1929.275356148892,1323.045557653693,3165.8528855762474,1854.6334041298849,996.9711822176605,2523.606170215263,2409.377096953413,1216.8069245249744,1308.2199587866453,1064.0380498771588,1867.0452528086828,2626.744948288627,2541.013850939661,1302.1353961167233,1234.0589600929825,2103.2770257697043,2226.259270964971,1522.7929102966982,1865.5681453877748,2214.4141509695455,1596.2302522521761,2500.249539319937,0.011594378608146102,0.011952635408469097,0.0162403244258449,0.007941628978296065,0.006612939729680894,0.014738672786304183,0.010014236099695723,0.018884437504888614,0.009706901431556196,0.01793017981677603,0.017661881499444733,0.014909325917399383,0.007868476577202885,0.026560412233219994,0.013469172615564745,0.013117698323443217,0.016192084191631508,0.007162129479611774,0.012746529357769059,0.013678175262452998,0.018800363191288694,0.011573673927078441,0.017948049331383737,0.02033166755722907,0.011758013781168579,0.005976064931178224,0.00894260599898044,0.002535946617146153,0.017566073048524478,0.009496772275325397
305,1827.6321902818104,600.6298531404328,0.013518751644540397,1171.2702937575475,1751.586250855314,1469.0417919831598,1392.0581480016533,2886.896967878605,1440.0756369633364,2450.0783170193486,896.1203578599519,1929.275356148892,1323.045557653693,3165.8528855762474,1854.6334041298849,996.9711822176605,2523.606170215263,2391.9268346810923,1216.8069245249744,1308.2199587866453,1064.0380498771588,1867.0452528086828,2626.744948288627,2541.013850939661,1302.1353961167233,1231.7308772093716,2103.2770257697043,2226.259270964971,1522.7929102966982,1865.5681453877748,2214.4141509695455,1596.2302522521761,2500.249539319937,0.01710560407236795,0.005190662482644164,0.016897780458410346,0.00951019989433038,0.012904369926547315,0.021163396171031714,0.017952859820063127,0.02652602400626145,0.010537324515675033,0.022447720809417097,0.014528307984919837,0.018641996439045697,0.005400413532705412,0.022919663904350355,0.012245874220023377,0.00836921264465121,0.010410577322090211,0.00662553390018653,0.014778666713945121,0.008528682067390912,0.015787451754137333,0.011178377477333737,0.018976155154712897,0.016165343243054346,0.011735575621478872,0.0073165125009126055,0.012845674681521506,0.0023387719527490063,0.016052518838028128,0.01048129722622632
306,1822.864868306168,596.6866559353389,0.012329321086733626,1171.2702937575475,1751.586250855314,1469.0417919831598,1392.0581480016533,2886.896967878605,1440.0756369633364,2450.0783170193486,896.1203578599519,1929.275356148892,1323.045557653693,3165.8528855762474,1854.6334041298849,996.9711822176605,2523.606170215263,2248.9071754118145,1216.8069245249744,1308.2199587866453,1064.0380498771588,1867.0452528086828,2626.744948288627,2541.013850939661,1302.1353961167233,1231.7308772093716,2103.2770257697043,2226.259270964971,1522.7929102966982,1865.5681453877748,2214.4141509695455,1596.2302522521761,2500.249539319937,0.014500883174665097,0.0,0.013114690755792377,0.0071779377245602335,0.012814153481015146,0.020070643482233506,0.009538688137399415,0.023471993383023356,0.008247610255358358,0.019433250575046017,0.015026262263295658,0.012849035399464597,0.01178881436539284,0.021589442898061292,0.005605549427173426,0.010058255338242405,0.013908189472565955,0.007075395193631091,0.01575044755361535,0.007233927062251403,0.010369591317757136,0.017327661577827305,0.020313344772594086,0.016366118117334044,0.009059621488956166,0.008800264906118384,0.01396492291355073,0.003621466648025846,0.0077419830684224665,0.013059487848635159
307,1815.9658093388473,600.4150647233156,0.012487019094492617,1171.2702937575475,1751.586250855314,1469.0417919831598,1392.0581480016533,2886.896967878605,1440.0756369633364,2450.0783170193486,896.1203578599519,1929.275356148892,1323.045557653693,3165.8528855762474,1854.6334041298849,996.9711822176605,2523.0219212277493,2248.9071754118145,1216.8069245249744,1308.2199587866453,1064.0380498771588,1867.0452528086828,2626.744948288627,2541.013850939661,1302.1353961167233,1231.7308772093716,2103.2770257697043,2226.259270964971,1522.7929102966982,1865.5681453877748,2214.4141509695455,1389.8427322200725,2500.249539319937,0.015474242657253907,0.0011138967577372818,0.019221168291216884,0.010391741225510375,0.005681321418047775,0.011911487364270605,0.014519998288291352,0.01700592416740083,0.00910238388823846,0.021320693970279896,0.014880086771859726,0.010203284646657231,0.009950979998119672,0.026028956659533233,0.011276245422742455,0.013294420001983515,0.01289610642093058,0.010773309722335471,0.017578149265850437,0.00824410847367998,0.01077099711585884,0.015055577450664883,0.019474540323268678,0.015324192982409439,0.00910150202883801,0.010621924376555339,0.007673050576138278,0.0065085693698875065,0.00418464609477879,0.015027067104439025
308,1810.2129099912033,599.5082015250433,0.012669080955503172,1171.2702937575475,1751.586250855314,1469.0417919831598,1392.0581480016533,2886.896967878605,1440.0756369633364,2450.0783170193486,896.1203578599519,1929.275356148892,1323.045557653693,3165.8528855762474,1854.6334041298849,996.9711822176605,2518.0739851352755,2248.9071754118145,1216.8069245249744,1308.2199587866453,1064.0380498771588,1867.0452528086828,2626.744948288627,2541.013850939661,1302.1353961167233,1231.7308772093716,1978.5739527497713,2226.259270964971,1499.884919710379,1865.5681453877748,2214.4141509695455,1369.8147514894827,2500.249539319937,0.019941005346750345,0.0,0.023806246507176908,0.01339826735917734,0.015463337299969356,0.009065528841874405,0.017908328454148557,0.013340758631485643,0.00872475152361034,0.022437224393208218,0.013691144982721604,0.010593916223369927,0.013889451788222519,0.022532840574534578,0.015465027064638088,0.006540730224367366,0.007636345841320297,0.009373808369652466,0.02178850008062883,0.006289094062697895,0.007638442583358459,0.009935677909663543,0.016864074751919242,0.011190869333272103,0.009960786351473665,0.014194263358191487,0.005373078975596088,0.008242520677576923,0.00756067909452419,0.017225728059964834
309,1807.2966402162908,596.0929898901546,0.013969987402316258,1171.2702937575475,1751.586250855314,1469.0417919831598,1392.0581480016533,2886.896967878605,1440.0756369633364,2450.0783170193486,896.1203578599519,1929.275356148892,1323.045557653693,3165.8528855762474,1854.6334041298849,996.9711822176605,2491.278831198592,2248.9071754118145,1216.8069245249744,1308.2199587866453,1064.0380498771588,1867.0452528086828,2626.744948288627,2480.3209116289736,1302.1353961167233,1231.7308772093716,1978.5739527497713,2226.259270964971,1499.884919710379,1865.5681453877748,2214.4141509695455,1369.8147514894827,2500.249539319937,0.01757337850255841,0.008305413268882005,0.025085135413420452,0.013250036455783352,0.014005712639378727,0.021937529327388336,0.015922237536350074,0.01189116048429831,0.011104759132021516,0.015425695129934117,0.018865155989722424,0.005096221817370069,0.019008315810405473,0.021052237647256253,0.016165744260916437,0.01740821368163407,0.01282669903844427,0.005286229651152799,0.01775005178007374,0.015511937033809991,0.007776140441550225,0.005334314794310008,0.0189620303795174,0.01235362065558783,0.01691187820530728,0.015397394785872575,0.010909769224310958,0.011072829590137643,0.004212214683946249,0.012697564708146886
310,1799.3101303222272,603.460442224771,0.012434296354374794,1171.2702937575475,1751.586250855314,1469.0417919831598,1392.0581480016533,2886.896967878605,1440.0756369633364,2450.0783170193486,896.1203578599519,1929.275356148892,1323.045557653693,3165.8528855762474,1854.6334041298849,996.9711822176605,2491.278831198592,2248.9071754118145,1216.8069245249744,1308.2199587866453,1064.0380498771588,1867.0452528086828,2626.744948288627,2480.3209116289736,1302.1353961167233,1231.7308772093716,1978.5739527497713,2226.259270964971,1499.884919710379,1865.5681453877748,2214.4141509695455,1130.219454667566,2500.249539319937,0.01751533971209177,0.00012881769243599394,0.017894783005296934,0.010747026341248021,0.012794679356169555,0.020304052139768346,0.014482134237703266,0.01654840362825986,0.016500974207219403,0.014957060928668425,0.013995853807791538,0.007541198631308403,0.0124729096017662,0.023844894258709292,0.010346519529670396,0.007242773467518898,0.015221970843227147,0.0,0.01693847757490975,0.011260868290815495,0.007242715066998063,0.010837173972488191,0.013610781348316756,0.012120157949123198,0.016056718726602637,0.00943168375202269,0.01506463508061938,0.011077681849299493,0.000523081591028315,0.01632552404016647
311,1792.8953524585797,608.6092113515862,0.014118116127576179,1171.2702937575475,1751.586250855314,1469.0417919831598,1392.0581480016533,2886.896967878605,1314.7743868470393,2450.0783170193486,896.1203578599519,1929.275356148892,1323.045557653693,3165.8528855762474,1854.6334041298849,996.9711822176605,2491.278831198592,2248.9071754118145,1149.664838731851,1308.2199587866453,1064.0380498771588,1867.0452528086828,2626.744948288627,2480.3209116289736,1302.1353961167233,1231.7308772093716,1978.5739527497713,2226.259270964971,1499.884919710379,1865.5681453877748,2214.4141509695455,1130.219454667566,2500.249539319937,0.021944618052462464,0.01203148431089628,0.03293452322819011,0.016964460696407984,0.02149257512865055,0.02321866185566422,0.020824028490075076,0.014693379854406352,0.017506186490440175,0.01350812172986743,0.01199752779523802,0.012869634448828167,0.014563599784592396,0.01670727343335645,0.00995119045721003,0.004218823713960606,0.014278868106692384,0.0,0.019260559707960707,0.020627273498729917,0.009035633259198683,0.006206682875724018,0.012348648102596605,0.012624759896073139,0.010714151368510828,0.00881654357751129,0.011809122815238554,0.013351386642996921,0.0,0.019043764505806034
312,1786.4822900066165,611.2852763823439,0.013600323043675262,1129.4390223978319,1623.30725046791,1469.0417919831598,1369.7765461898737,2886.896967878605,1314.7743868470393,2450.0783170193486,896.1203578599519,1929.275356148892,1323.045557653693,3165.8528855762474,1854.6334041298849,996.9711822176605,2491.278831198592,2248.9071754118145,1149.664838731851,1308.2199587866453,1064.0380498771588,1867.0452528086828,2626.744948288627,2480.3209116289736,1302.1353961167233,1231.7308772093716,1978.5739527497713,2226.259270964971,1499.884919710379,1865.5681453877748,2214.4141509695455,1130.219454667566,2500.249539319937,0.028962835350199695,0.010529615965049692,0.024520646134689555,0.011299150202329106,0.012690697348158251,0.014960343240333625,0.020213722003378714,0.01661891518279483,0.01384488835380162,0.013031637671711694,0.011478546065976201,0.015019746624755002,0.011989627752382756,0.013780827927179265,0.01618732070479388,0.004185818604960177,0.0133848415662051,0.006554870352158498,0.019898009845898856,0.018186335003898643,0.013280014533942916,0.008790404182734043,0.009283899696151562,0.016861782747919957,0.021835470234584268,0.00489296283789234,0.006770991797090829,0.011101205801585535,0.0024033887942833416,0.015451174783417879
313,1783.9157612293377,609.6250555228297,0.013625825850654897,1129.4390223978319,1623.30725046791,1469.0417919831598,1369.7765461898737,2886.896967878605,1314.7743868470393,2450.0783170193486,896.1203578599519,1929.275356148892,1323.045557653693,3165.8528855762474,1854.6334041298849,996.9711822176605,2491.278831198592,2248.9071754118145,1149.664838731851,1308.2199587866453,1064.0380498771588,1867.0452528086828,2626.744948288627,2480.3209116289736,1302.1353961167233,1231.7308772093716,1978.5739527497713,2226.259270964971,1499.884919710379,1865.5681453877748,2138.3054533216086,1130.219454667566,2499.362373649517,0.026091938940852565,0.012753831777053448,0.022060498330509996,0.016857031350898798,0.004683413143656322,0.010469717961888576,0.020799345760353586,0.018716309513354356,0.011793207588055778,0.019551734171655174,0.011037617512601348,0.009296158414116244,0.01775045093207685,0.015274528781850408,0.012380614535319781,0.011172942790855402,0.019430836971931563,0.011698927833301781,0.018136043552069433,0.011128081076639483,0.014244212282433869,0.006690061945436189,0.010942565350999705,0.015278720129301445,0.01033619087150035,0.007838740434338822,0.003606805965559358,0.01167231263832672,0.008299035073213487,0.018782899889496128
314,1782.1770905128692,608.5521985507493,0.013659428192872431,1129.4390223978319,1623.30725046791,1469.0417919831598,1348.5611604506687,2868.1113185345775,1314.7743868470393,2437.919230608527,896.1203578599519,1929.275356148892,1323.045557653693,3165.8528855762474,1854.6334041298849,996.9711822176605,2491.278831198592,2248.9071754118145,1149.664838731851,1308.2199587866453,1064.0380498771588,1867.0452528086828,2626.744948288627,2480.3209116289736,1302.1353961167233,1231.7308772093716,1978.5739527497713,2226.259270964971,1499.884919710379,1865.5681453877748,2138.3054533216086,1130.219454667566,2499.362373649517,0.020964915035761426,0.015179783746313506,0.015319605895850241,0.019415428481439536,0.006122183300407131,0.012501968107117336,0.017915634021800082,0.015680918749809744,0.0143640447676072,0.017020377495691144,0.014387431992114903,0.005718750002477994,0.01887625321164058,0.01990056956023618,0.011914749808369216,0.013824844839335673,0.016697848762706365,0.018575046119855207,0.015017257361353498,0.0005268336780468038,0.012882045570442487,0.004702275638393693,0.01495917203817205,0.01688871847053679,0.012274387447128495,0.006947516684972938,0.0050718534224665395,0.012261587708837715,0.009554545055670056,0.024316298811618398
315,1781.4191480232012,608.2836804364957,0.012507944672357267,1129.4390223978319,1623.30725046791,1469.0417919831598,1348.5611604506687,2868.1113185345775,1314.7743868470393,2424.0450925944874,896.1203578599519,1929.275356148892,1314.181420977697,3165.8528855762474,1854.6334041298849,996.9711822176605,2491.278831198592,2248.9071754118145,1149.664838731851,1308.2199587866453,1064.0380498771588,1867.0452528086828,2626.744948288627,2480.3209116289736,1302.1353961167233,1231.7308772093716,1978.5739527497713,2226.259270964971,1499.884919710379,1865.5681453877748,2138.3054533216086,1130.219454667566,2499.362373649517,0.023541384206067786,0.005656079350666452,0.018815356795906873,0.013472403162339528,0.008032166577574522,0.006487974480620981,0.013374646048730447,0.01148414949811692,0.015083829817929145,0.01923452557928111,0.01812410382564496,0.008617482452638738,0.019425507436456962,0.01538047187976502,0.009691632252004104,0.0133095694046111,0.015911585421001205,0.015054570197969292,0.011848448927055234,0.00186366815932456,0.01263570736868496,0.0074398292105128895,0.012056808772440733,0.01695944307615937,0.011412590833645878,0.0014895758483898418,0.007221647883661258,0.009516390203358385,0.006201072394605602,0.02589571910555422
316,1776.2424090964892,606.8247304313386,0.012977842287148354,1129.4390223978319,1623.30725046791,1469.0417919831598,1348.5611604506687,2868.1113185345775,1314.7743868470393,2424.0450925944874,896.1203578599519,1929.275356148892,1314.181420977697,3165.8528855762474,1854.6334041298849,996.9711822176605,2491.278831198592,2248.9071754118145,1149.664838731851,1308.2199587866453,1064.0380498771588,1823.028069130635,2569.3250420737904,2480.3209116289736,1302.1353961167233,1231.7308772093716,1978.5739527497713,2226.259270964971,1466.4939648882105,1865.5681453877748,2138.3054533216086,1109.7453315812513,2499.362373649517,0.02647222034599255,0.01537682779432051,0.020004258065538173,0.011142424295174758,0.007222057791889731,0.003215356659124023,0.007964819045686659,0.010999454852395391,0.01510232757411009,0.02416575676525898,0.01721655740636306,0.013265761341796183,0.015293848596369708,0.015664783709226242,0.009189240346920861,0.008008866812512665,0.01432036364293625,0.013469807496691282,0.01432445619989818,0.003291464970053921,0.013618214373144316,0.0029612924218846504,0.0036381970983960987,0.022251560738922545,0.01125073195141653,0.01721156505251903,0.007255307918879792,0.013302790514153699,0.007344722375731922,0.024790232457142777
317,1757.4588517138511,599.4480141610956,0.01200019822036704,1129.4390223978319,1489.6877603923674,1469.0417919831598,1348.5611604506687,2868.1113185345775,1314.7743868470393,2375.2845704722495,896.1203578599519,1929.275356148892,1314.181420977697,3165.8528855762474,1854.6334041298849,996.9711822176605,2491.278831198592,2248.9071754118145,1149.664838731851,1308.2199587866453,1064.0380498771588,1823.028069130635,2569.3250420737904,2177.522826504689,1223.8067719596454,1231.7308772093716,1978.5739527497713,2226.259270964971,1466.4939648882105,1865.5681453877748,2138.3054533216086,1109.7453315812513,2499.362373649517,0.018764906485931744,0.010573624283370314,0.016329927005875888,0.0122653451869439,0.0012431613262703777,0.005616291638148315,0.00850302943976856,0.005913299049729008,0.011808850706467209,0.02000722187931243,0.017816996856612366,0.01583871034462989,0.021264318854954847,0.015116970101976454,0.011421509919787241,0.009694485584609643,0.016258622109957127,0.01815375863595114,0.012670178438358952,0.005878091185646626,0.010618088687898675,0.0008006403495497467,0.0,0.022328139562470543,0.009037065487781624,0.012561994176146188,0.005361979207766842,0.016821454258988445,0.006429503746649802,0.020907782099457334
318,1748.5809907391083,607.8604350814696,0.012324518745102153,1129.4390223978319,1489.6877603923674,1469.0417919831598,1348.5611604506687,2868.1113185345775,1314.7743868470393,2375.2845704722495,896.1203578599519,1929.275356148892,1047.8455917354147,3165.8528855762474,1854.6334041298849,996.9711822176605,2491.278831198592,2248.9071754118145,1149.664838731851,1308.2199587866453,1064.0380498771588,1823.028069130635,2569.3250420737904,2177.522826504689,1223.8067719596454,1231.7308772093716,1978.5739527497713,2226.259270964971,1466.4939648882105,1865.5681453877748,2138.3054533216086,1109.7453315812513,2499.362373649517,0.01714456123374639,0.014298542953556996,0.0132283775860214,0.0051068095091661445,0.0023012975708198756,0.01262281591577117,0.010759282745959416,0.004639638922641209,0.016952142394781468,0.021157978919834092,0.018190178716470325,0.005002844260524364,0.020809362850856265,0.01418583450498771,0.014181431762319003,0.007597214949690564,0.008004071569397133,0.016687517600029476,0.012991105062013909,0.005392243204511576,0.010447619972907825,0.012638132996582155,0.006772601623595854,0.01767269753118326,0.010238291601467744,0.013446683883473979,0.005077665624059251,0.009955501628758481,0.013905700487143312,0.028327414770794323
319,1746.269066352598,608.9620280774781,0.013341380221074388,1129.4390223978319,1420.4820715001713,1469.0417919831598,1348.5611604506687,2868.1113185345775,1314.7743868470393,2375.2845704722495,896.1203578599519,1929.275356148892,1047.8455917354147,3165.8528855762474,1854.6334041298849,996.9711822176605,2491.278831198592,2248.9071754118145,1149.664838731851,1308.2199587866453,1064.0380498771588,1823.028069130635,2569.172999370681,2177.522826504689,1223.8067719596454,1231.7308772093716,1978.5739527497713,2226.259270964971,1466.4939648882105,1865.5681453877748,2138.3054533216086,1109.7453315812513,2499.362373649517,0.01684434958889921,0.007955115737397047,0.014749444323272298,0.01052667577082651,0.008418672263700378,0.007394146988920613,0.010585683318412944,0.011608847967791793,0.011640322333943826,0.023968556623778562,0.02127828111251168,0.012794855456198526,0.019337271257031222,0.012223653853343175,0.018491591186819496,0.009932808277606852,0.009887273717340678,0.016518713772212815,0.01488295359702424,0.007704610811067609,0.01267388048611651,0.008603454678916881,0.012531729600960852,0.021693124648203586,0.012623220105853131,0.012630839117319858,0.006853048639560622,0.0041806773564859265,0.016023546252967306,0.025684057787747516
320,1742.869862959262,604.5478070417741,0.012743082946966015,1129.4390223978319,1420.4820715001713,1469.0417919831598,1348.5611604506687,2864.435395139475,1314.7743868470393,2375.2845704722495,896.1203578599519,1929.275356148892,1047.8455917354147,3165.8528855762474,1854.6334041298849,996.9711822176605,2491.278831198592,2248.9071754118145,1149.664838731851,1308.2199587866453,1064.0380498771588,1823.028069130635,2470.8728209657056,2177.522826504689,1223.8067719596454,1231.7308772093716,1978.5739527497713,2226.259270964971,1466.4939648882105,1865.5681453877748,2138.3054533216086,1109.7453315812513,2499.362373649517,0.011605012239971286,0.012420220603448131,0.017996457669911356,0.0035010067146282815,0.007355814277265239,0.00562368785970731,0.011924850115262528,0.009756568656024107,0.013769038670278151,0.01963795991936593,0.022618486488732423,0.01109706797458352,0.024382063932810824,0.012578354013814434,0.019395448442847768,0.007857196181798597,0.002186608223575504,0.014295602590933971,0.008705374034195714,0.009189699437393953,0.004636767919094556,0.006280588231951976,0.010677484042474714,0.012623490280641378,0.015547704339709367,0.02154703915514418,0.010486310684658962,0.014742837440510533,0.014982521015828034,0.024871227252417867
321,1742.3525988389922,604.2068089956064,0.01377766486276417,1129.4390223978319,1420.4820715001713,1469.0417919831598,1348.5611604506687,2864.435395139475,1314.7743868470393,2375.2845704722495,896.1203578599519,1929.275356148892,1047.8455917354147,3165.8528855762474,1854.6334041298849,993.5521434342675,2491.278831198592,2248.9071754118145,1149.664838731851,1308.2199587866453,1064.0380498771588,1823.028069130635,2458.7739361409995,2177.522826504689,1223.8067719596454,1231.7308772093716,1978.5739527497713,2226.259270964971,1466.4939648882105,1865.5681453877748,2138.3054533216086,1109.7453315812513,2499.362373649517,0.01485933035398839,0.00987902933691244,0.013915491678031766,7.728641720438975e-05,0.007896928159151849,0.014921206289749057,0.008809226058131323,0.01497269131169668,0.012265081586865883,0.020251476502127486,0.015923960863280354,0.01710729430616813,0.020443641610863504,0.01742727961362587,0.01608141769736836,0.013346443807598337,0.001126059331000501,0.016436049052791814,0.010050230368622648,0.011006424698299497,0.0162374704561191,0.006699122561570549,0.012339854371828118,0.017134887721708705,0.017675727988338403,0.022568648519379137,0.012073160493500473,0.004696666215654993,0.01889324954286856,0.02821460896847873
322,1740.464877968817,606.1149238749267,0.013462865711792572,1129.4390223978319,1420.4820715001713,1469.0417919831598,1348.5611604506687,2864.435395139475,1314.7743868470393,2375.2845704722495,896.1203578599519,1929.275356148892,1047.8455917354147,3165.8528855762474,1854.6334041298849,993.5521434342675,2491.278831198592,2248.9071754118145,1093.4863975130095,1308.2199587866453,1064.0380498771588,1823.028069130635,2458.7739361409995,2177.522826504689,1223.8067719596454,1231.7308772093716,1978.5739527497713,2226.259270964971,1466.4939648882105,1865.5681453877748,2137.852268435192,1109.7453315812513,2499.362373649517,0.015392980899474502,0.015244561472486408,0.009916310054705831,0.005358621067738045,0.0018460922947199142,0.012025361083580698,0.011497401365780403,0.016387345114661563,0.012719758234769006,0.0236827232121603,0.012707164181746692,0.015139272325607122,0.022284939368879715,0.017176693540950996,0.015451633824062417,0.016256699324939228,0.013321450175833338,0.015036258295987093,0.011482541688495685,0.009139890205275131,0.0073810658737752995,0.009643546080900817,0.015450578926843135,0.01403592018179141,0.01877392750507292,0.01240230380175854,0.010718853134430122,0.005265958661606728,0.012397597853300408,0.025748521602443723
323,1731.698470840152,609.818673820582,0.014088026261337998,1129.4390223978319,1420.4820715001713,1469.0417919831598,1348.5611604506687,2864.435395139475,1314.7743868470393,2375.2845704722495,896.1203578599519,1929.275356148892,1032.5816461072802,3165.8528855762474,1854.6334041298849,993.5521434342675,2491.278831198592,2248.9071754118145,1093.4863975130095,1308.2199587866453,1064.0380498771588,1823.028069130635,2458.7739361409995,2177.522826504689,1223.8067719596454,1095.8048697618383,1866.7716919654918,2226.259270964971,1466.4939648882105,1865.5681453877748,2137.852268435192,1109.7453315812513,2499.362373649517,0.014050104727119147,0.009984834421811055,0.009149394598408989,0.00391677666526456,0.00577162778179276,0.014484675559012426,0.012888622704783213,0.014242320814898004,0.017544263674674262,0.019000053181433392,0.019111604348837123,0.019390567276023826,0.026535761371333257,0.023476976550173712,0.018759441132584376,0.011651946242365064,0.00955892564730294,0.025178320042289187,0.01692466844873436,0.007398685459060432,0.006761897851575096,0.011523509902735847,0.009874115644757925,0.013146914585320626,0.016856975404269465,0.013197194505701244,0.006409743966764022,0.011441673755220393,0.009319721606340236,0.025089469969552986
324,1728.031275913358,611.517766770528,0.014283417412117678,1129.4390223978319,1420.4820715001713,1413.931657194479,1348.5611604506687,2864.435395139475,1314.7743868470393,2375.2845704722495,896.1203578599519,1929.275356148892,1006.2536519953044,3165.8528855762474,1854.6334041298849,993.5521434342675,2491.278831198592,2248.9071754118145,1093.4863975130095,1308.2199587866453,1064.0380498771588,1823.028069130635,2458.7739361409995,2177.522826504689,1223.8067719596454,1095.8048697618383,1866.7716919654918,2226.259270964971,1466.4939648882105,1836.9904264846111,2137.852268435192,1109.7453315812513,2499.362373649517,0.017708239895626008,0.011945450560709558,0.010691780216652194,0.002094928291412254,0.005062336170048394,0.0072960502244508,0.014091588705813321,0.015871687446199472,0.014986773806337601,0.020717965110430905,0.01450884787524704,0.015223712229140873,0.01895480468224206,0.019663315288546306,0.02053799595879679,0.011885651453938117,0.00829668770641682,0.02389680628387514,0.014917020276715069,0.014188793782010893,0.008770564634474063,0.02141084055429704,0.010981982227298744,0.01851897687263899,0.012080790245125591,0.012954600980098298,0.006916552729349404,0.013146459370385326,0.01255520691386726,0.028626111871386153
325,1726.6890319590575,612.4668228924824,0.014474122289165642,1129.4390223978319,1420.4820715001713,1413.931657194479,1348.5611604506687,2864.435395139475,1274.5070682180294,2375.2845704722495,896.1203578599519,1929.275356148892,1006.2536519953044,3165.8528855762474,1854.6334041298849,993.5521434342675,2491.278831198592,2248.9071754118145,1093.4863975130095,1308.2199587866453,1064.0380498771588,1823.028069130635,2458.7739361409995,2177.522826504689,1223.8067719596454,1095.8048697618383,1866.7716919654918,2226.259270964971,1466.4939648882105,1836.9904264846111,2137.852268435192,1109.7453315812513,2499.362373649517,0.014166110349613025,0.008825458277267134,0.007166464826729436,0.005123861785754464,0.0022910968935962147,0.010660326418365177,0.013839560710737584,0.01466198913591057,0.011959101930551776,0.02149194809572199,0.010776935164240133,0.012932392120382951,0.024361272169064672,0.02009999808226622,0.017046123101565287,0.014379134848892233,0.011488602074048672,0.02279571928014363,0.01881185498133085,0.010917506747542119,0.013081282796098052,0.020195801246139174,0.01928736077994552,0.019427499544365453,0.013376497186111785,0.006887148945560912,0.005430537067677401,0.014323190906518214,0.017317592830700567,0.0311013003781281
326,1726.6890319590575,612.4668228924824,0.013853595580809694,1129.4390223978319,1420.4820715001713,1413.931657194479,1348.5611604506687,2864.435395139475,1274.5070682180294,2375.2845704722495,896.1203578599519,1929.275356148892,1006.2536519953044,3165.8528855762474,1854.6334041298849,993.5521434342675,2491.278831198592,2248.9071754118145,1093.4863975130095,1308.2199587866453,1064.0380498771588,1823.028069130635,2458.7739361409995,2177.522826504689,1223.8067719596454,1095.8048697618383,1866.7716919654918,2226.259270964971,1466.4939648882105,1836.9904264846111,2137.852268435192,1109.7453315812513,2499.362373649517,0.011610904483450698,0.011308723351772606,0.011820027500973603,0.008419251260722332,0.00866091456999967,0.0068704441835119095,0.008913681702095284,0.0051430740593126625,0.01751547633592136,0.02101251564600387,0.00875060379342711,0.0139292165189109,0.022349046291075734,0.01922291422606227,0.015320876160532479,0.015941992463544358,0.015578323204677905,0.017803150769482218,0.017733239795088965,0.011556806919466887,0.013550363247907853,0.013466871467350044,0.012385449262813514,0.019578248102301327,0.01484135682919136,0.012679446612053771,0.0,0.010808360959661619,0.021137644692965363,0.027698943014012968
327,1718.907149980493,619.4903666927191,0.013933017574908748,1129.4390223978319,1393.5218362685473,1413.931657194479,1348.5611604506687,2864.435395139475,1274.5070682180294,2375.2845704722495,896.1203578599519,1929.275356148892,1006.2536519953044,3165.8528855762474,1854.6334041298849,993.5521434342675,2491.278831198592,2248.9071754118145,1093.4863975130095,1308.2199587866453,1064.0380498771588,1823.028069130635,2458.7739361409995,2177.522826504689,1223.8067719596454,925.079843901081,1866.7716919654918,2213.2911972692123,1443.6908403194107,1836.9904264846111,2137.852268435192,1109.7453315812513,2499.362373649517,0.011376103310507158,0.01581094608133973,0.007721616791985416,0.009179737885652867,0.007681349068378419,0.007101725758744259,0.010441232283201521,0.012076086135948265,0.011944423170427222,0.02266107041346005,0.0076966955533461145,0.019462737031858475,0.019601371602283306,0.018310529037772548,0.01396120852308346,0.013170751397928468,0.013456444517257476,0.017408739318821687,0.012977719949186771,0.0058317127757655084,0.008768343500307845,0.008240036892847033,0.015189845446665892,0.021430592756758245,0.024431264613979316,0.0,0.008884143396891349,0.01673886887086653,0.023416070712957305,0.033019160449040165
328,1718.871803877846,619.5115263099334,0.014168117758209182,1129.4390223978319,1393.5218362685473,1413.931657194479,1347.500777371264,2864.435395139475,1274.5070682180294,2375.2845704722495,896.1203578599519,1929.275356148892,1006.2536519953044,3165.8528855762474,1854.6334041298849,993.5521434342675,2491.278831198592,2248.9071754118145,1093.4863975130095,1308.2199587866453,1064.0380498771588,1823.028069130635,2458.7739361409995,2177.522826504689,1223.8067719596454,925.079843901081,1866.7716919654918,2213.2911972692123,1443.6908403194107,1836.9904264846111,2137.852268435192,1109.7453315812513,2499.362373649517,0.011884363569965823,0.010866988312785174,0.0059726485801174165,0.01340425024953587,0.0012692790177068023,0.009400725952802976,0.015100189631475419,0.013681663405711137,0.0180988936289687,0.02197381554652176,0.014740488961080154,0.014898942013764203,0.0201321999709109,0.017061215025777652,0.014162407882157446,0.013747700178346417,0.016340953612120197,0.021900032799198048,0.011328166093377013,0.00930417949589549,0.006624827904600935,0.009747702751974924,0.016021151956574935,0.02020896652417667,0.02090673322275281,0.014480122784175703,0.008419971495754559,0.012324708471792028,0.013202181734719017,0.027838061971535127
329,1716.7836553077443,621.2068899531578,0.014608960639143364,1129.4390223978319,1393.5218362685473,1413.931657194479,1347.500777371264,2864.435395139475,1274.5070682180294,2375.2845704722495,896.1203578599519,1929.275356148892,1006.2536519953044,3165.8528855762474,1854.6334041298849,993.5521434342675,2491.278831198592,2248.9071754118145,1093.4863975130095,1270.0869916174995,1064.0380498771588,1823.028069130635,2458.7739361409995,2177.522826504689,1223.8067719596454,925.079843901081,1866.7716919654918,2213.2911972692123,1443.6908403194107,1836.9904264846111,2137.852268435192,1085.2338416473524,2499.362373649517,0.011084563436445096,0.007403711170175488,0.0145082291356686,0.011967081032440194,0.0037688135119219833,0.006351091420931385,0.018480994055312536,0.010530928824344867,0.022640930742702795,0.02537456214147546,0.015315479413780846,0.01417335998437573,0.02073224954443513,0.015326507444503387,0.015778454652181733,0.01067083432814853,0.01664926776806011,0.019713167728261014,0.013158204867842069,0.007080683596224455,0.01000836894118613,0.013898863399096574,0.015248974426805293,0.018156823182513954,0.018551236315195393,0.017946640770018927,0.003841882680306987,0.0160526624306731,0.014629487979886875,0.029224764249386283
330,1707.7721255801168,617.6560845402579,0.014430987988784514,1120.6174643366778,1393.5218362685473,1413.931657194479,1347.500777371264,2864.435395139475,1274.5070682180294,2375.2845704722495,896.1203578599519,1929.275356148892,1006.2536519953044,3165.8528855762474,1854.6334041298849,993.5521434342675,2491.278831198592,2248.9071754118145,1093.4863975130095,1270.0869916174995,1064.0380498771588,1823.028069130635,2458.7739361409995,2010.1771989821661,1223.8067719596454,925.079843901081,1866.7716919654918,2213.2911972692123,1443.6908403194107,1742.8117202394676,2137.852268435192,1085.2338416473524,2499.362373649517,0.014489751656404724,0.010597129701283181,0.011790990596354644,0.018180268375873217,0.006863196174009706,0.010247147958257012,0.012978480991227911,0.012837227378451327,0.012503790304698174,0.02286440442840449,0.017214953621647554,0.025185123175783704,0.011835392727008731,0.016181394453605932,0.014737634493694165,0.007632989539439094,0.015864752822252345,0.01998041482990878,0.009321649058527845,0.007863912618867304,0.007768720608218596,0.012336865135326145,0.012602953798038807,0.015840845201485626,0.022567491325725667,0.013995701231071297,0.009487549059404321,0.015860433898354055,0.014001051507149049,0.029297422993062046
331,1704.4872342363478,616.5119351044464,0.013664558764921878,1120.6174643366778,1393.5218362685473,1365.5407126914856,1347.500777371264,2864.435395139475,1274.5070682180294,2375.2845704722495,896.1203578599519,1929.275356148892,1006.2536519953044,3165.8528855762474,1854.6334041298849,993.5521434342675,2491.278831198592,2248.9071754118145,1093.4863975130095,1270.0869916174995,1064.0380498771588,1823.028069130635,2408.61814033092,2010.1771989821661,1223.8067719596454,925.079843901081,1866.7716919654918,2213.2911972692123,1443.6908403194107,1742.8117202394676,2137.852268435192,1085.2338416473524,2499.362373649517,0.012860217387331948,0.013827343343567234,0.0074958091605610835,0.017032431894371505,0.006958425321515884,0.0027779215952770395,0.011988298933150813,0.010847712211751221,0.011630334010842796,0.023961393685750693,0.014072086378924804,0.022616023397101104,0.01751435778038661,0.012382004851120705,0.020421742610594,0.013201963534953525,0.00922587564087432,0.017007430751536372,0.01527762281224761,0.006881030607105201,0.00013443114904753605,0.021403390531287203,0.012502614177309553,0.01594723204351842,0.011621991602130233,0.01027706550804689,0.011172264480676417,0.014274824451588857,0.01121070909388683,0.03341221400119986
332,1700.9290257582668,614.6946113003033,0.013157891238169636,1120.6174643366778,1393.5218362685473,1365.5407126914856,1347.500777371264,2864.435395139475,1274.5070682180294,2375.2845704722495,896.1203578599519,1929.275356148892,1006.2536519953044,3165.8528855762474,1854.6334041298849,993.5521434342675,2491.278831198592,2248.9071754118145,1093.4863975130095,1270.0869916174995,1064.0380498771588,1823.028069130635,2360.3217150329147,2010.1771989821661,1223.8067719596454,925.079843901081,1866.7716919654918,2213.2911972692123,1443.6908403194107,1684.3618911950473,2137.852268435192,1085.2338416473524,2499.362373649517,0.011931741745456394,0.018387372338610385,0.006330268109198812,0.012522552419428852,0.0,0.0019276269078587114,0.01434725588619342,0.009960586458552705,0.013349346752892188,0.017260258927428357,0.01737873578030563,0.020147230583094127,0.017239540984120255,0.01959084019671079,0.010418347038426716,0.012756163173914975,0.007932319106858338,0.019193215948221005,0.011975960081935681,0.0,0.005125266001259066,0.012489961846416207,0.017579551650155876,0.014989743524642048,0.02082328139242984,0.009566467163814868,0.010442222554461353,0.01918677258976503,0.013991000487864677,0.027893107495072747
333,1699.54521684527,614.3593624674571,0.013113298348439521,1120.6174643366778,1393.5218362685473,1365.5407126914856,1347.500777371264,2864.435395139475,1274.5070682180294,2375.2845704722495,881.9501080298796,1929.275356148892,1006.2536519953044,3165.8528855762474,1854.6334041298849,993.5521434342675,2491.278831198592,2248.9071754118145,1093.4863975130095,1270.0869916174995,1064.0380498771588,1823.028069130635,2332.977697473081,2010.1771989821661,1223.8067719596454,925.079843901081,1866.7716919654918,2213.2911972692123,1443.6908403194107,1684.3618911950473,2137.852268435192,1085.2338416473524,2499.362373649517,0.008219420471964787,0.015360512518235612,0.0050566582137757735,0.016155150135203803,0.0032750448031022158,0.004853009343703326,0.010111815675120112,0.0074595665812249076,0.015139240138936395,0.021581433675970388,0.014000492347495386,0.026984598260075224,0.009012859680007935,0.018064148192567662,0.014917202062533766,0.01722645312950628,0.014257666916274456,0.017724648765339635,0.009536480769075786,2.526989837658668e-05,0.006386172043264709,0.011326313801323238,0.01550198736489063,0.009328598724948556,0.020092244216977174,0.01472916242368922,0.005898168050945092,0.019187618391670342,0.012356630375731113,0.029630383481255514
334,1699.4510139478195,614.424741732514,0.012678003968702861,1120.6174643366778,1393.5218362685473,1365.5407126914856,1347.500777371264,2864.435395139475,1271.680981294512,2375.2845704722495,881.9501080298796,1929.275356148892,1006.2536519953044,3165.8528855762474,1854.6334041298849,993.5521434342675,2491.278831198592,2248.9071754118145,1093.4863975130095,1270.0869916174995,1064.0380498771588,1823.028069130635,2332.977697473081,2010.1771989821661,1223.8067719596454,925.079843901081,1866.7716919654918,2213.2911972692123,1443.6908403194107,1684.3618911950473,2137.852268435192,1085.2338416473524,2499.362373649517,0.008731981504844692,0.011700252795607232,0.004852792141404768,0.014137852466987611,0.005216046615525837,0.004481582012627572,0.01231971621472478,0.009483682001639336,0.004397958323675555,0.021458904946587094,0.011610162387397325,0.028056079086297016,0.010204094387023575,0.017838749397270034,0.009448850176780174,0.017461456601237737,0.010887044129520998,0.02240599713153026,0.010877002652117069,0.005099652796818922,0.004331719757133508,0.009021385933597045,0.01038930402415555,0.011579576985407193,0.020063509689473444,0.015927081296015843,0.01038030079316239,0.025036502196215546,0.008568687036422303,0.024372193579885335
335,1697.667729909186,616.544907194383,0.012285065008989416,1120.6174643366778,1393.5218362685473,1365.5407126914856,1347.500777371264,2864.435395139475,1271.680981294512,2375.2845704722495,881.9501080298796,1929.275356148892,1006.2536519953044,3165.8528855762474,1854.6334041298849,940.0536222752539,2491.278831198592,2248.9071754118145,1093.4863975130095,1270.0869916174995,1064.0380498771588,1823.028069130635,2332.977697473081,2010.1771989821661,1223.8067719596454,925.079843901081,1866.7716919654918,2213.2911972692123,1443.6908403194107,1684.3618911950473,2137.852268435192,1085.2338416473524,2499.362373649517,0.004199046858436363,0.01361512563300788,0.010083602635765826,0.011217192917042144,0.010705001201580588,0.005952329271709194,0.009341253169609664,0.013229028230206613,0.006981666438707851,0.017576957644630093,0.008278692779614651,0.024979489232731113,0.015381173233765939,0.012755389962011787,0.010370526706207125,0.0142628989920203,0.006865340331819813,0.018716288206133146,0.018073147428696753,0.006031023504820907,0.0014415684887975273,0.010218702198575078,0.01328051983488047,0.011418929056451229,0.0227169315362198,0.005396131878352228,0.012647747950093536,0.018140946959961154,0.010011727038561902,0.024663570949271813
336,1692.212977816364,620.1724268002105,0.012573449633704057,1120.6174643366778,1393.5218362685473,1201.8981499068288,1347.500777371264,2864.435395139475,1271.680981294512,2375.2845704722495,881.9501080298796,1929.275356148892,1006.2536519953044,3165.8528855762474,1854.6334041298849,940.0536222752539,2491.278831198592,2248.9071754118145,1093.4863975130095,1270.0869916174995,1064.0380498771588,1823.028069130635,2332.977697473081,2010.1771989821661,1223.8067719596454,925.079843901081,1866.7716919654918,2213.2911972692123,1443.6908403194107,1684.3618911950473,2137.852268435192,1085.2338416473524,2499.362373649517,0.009572506292136058,0.012762412082793067,0.0022059918207425087,0.017316157954496456,0.0031837905415091996,0.011460958245192535,0.012818925839091855,0.006102562886381741,0.009922847408193256,0.02179675646477075,0.006076869430723436,0.016944551038430948,0.022294112373266887,0.017138971271571365,0.011433115137127014,0.011345626404801147,0.0,0.027127669660426432,0.01661066577511828,0.01104583613998736,0.0,0.012342700723612978,0.01163659057599142,0.014575520199502439,0.0152464817806,0.006060336403831012,0.005775776948155751,0.014799790231634592,0.019619732372364973,0.02998623300866826
337,1690.9328686945623,621.0813918608218,0.013822803339275914,1120.6174643366778,1393.5218362685473,1201.8981499068288,1347.500777371264,2864.435395139475,1271.680981294512,2375.2845704722495,881.9501080298796,1929.275356148892,1006.2536519953044,3165.8528855762474,1854.6334041298849,940.0536222752539,2491.278831198592,2248.9071754118145,1093.4863975130095,1231.6837179634517,1064.0380498771588,1823.028069130635,2332.977697473081,2010.1771989821661,1223.8067719596454,925.079843901081,1866.7716919654918,2213.2911972692123,1443.6908403194107,1684.3618911950473,2137.852268435192,1085.2338416473524,2499.362373649517,0.013802795167540773,0.015966076503024524,0.004674367797352141,0.017722747953559524,0.004173290446470428,0.011822069680379486,0.013101877862540702,0.009707234013860361,0.012598537244132816,0.025557691764087592,0.01146560961124708,0.02247805604934781,0.023850229931263605,0.014875004100477313,0.007064069264600767,0.011332332114525093,0.0,0.024130510086410283,0.010663563826850346,0.014887633332049994,0.00690615788464163,0.010822210847721477,0.007217230538988766,0.016977463321423903,0.02313123693694409,0.0043553129352196145,0.010514549719771117,0.015637458677583833,0.017642798664409653,0.03160598390185278
338,1689.870440294759,621.6162683194035,0.013988683872328002,1120.6174643366778,1361.6489842744484,1201.8981499068288,1347.500777371264,2864.435395139475,1271.680981294512,2375.2845704722495,881.9501080298796,1929.275356148892,1006.2536519953044,3165.8528855762474,1854.6334041298849,940.0536222752539,2491.278831198592,2248.9071754118145,1093.4863975130095,1231.6837179634517,1064.0380498771588,1823.028069130635,2332.977697473081,2010.1771989821661,1223.8067719596454,925.079843901081,1866.7716919654918,2213.2911972692123,1443.6908403194107,1684.3618911950473,2137.852268435192,1085.2338416473524,2499.362373649517,0.015357200022011701,0.013029259977906757,0.0048455953438358845,0.01140774389630502,0.011723151297218294,0.013689254855790586,0.013315588151723139,0.005782057622659216,0.014472160070847492,0.025914279664368985,0.006402302824088729,0.026125982531578783,0.012946774228340632,0.024308040144219847,0.012482205799508938,0.012788647810882453,0.004065478973532462,0.02874316852162964,0.012963057837512447,0.017280269890324156,0.00926599595567475,0.010647769378168961,0.00902317993347519,0.014404732417858975,0.012795451366171835,0.005367227513809109,0.007103815501488684,0.01275919143583448,0.01787507832448388,0.03277585487858904
339,1676.6048425332071,605.6716645256896,0.0149655554781504,1120.6174643366778,1309.949509868096,1176.6380032525512,1347.500777371264,2864.435395139475,1271.680981294512,2375.2845704722495,881.9501080298796,1929.275356148892,1006.2536519953044,2895.8100606481225,1854.6334041298849,940.0536222752539,2491.278831198592,2248.9071754118145,1093.4863975130095,1231.6837179634517,1064.0380498771588,1823.028069130635,2332.977697473081,2010.1771989821661,1223.8067719596454,874.1143570432771,1866.7716919654918,2213.2911972692123,1443.6908403194107,1684.3618911950473,2137.852268435192,1085.2338416473524,2499.362373649517,0.01752057111990266,0.01254012559155634,0.0061662340466441265,0.01843031131705654,0.009626971652186171,0.010065885280609744,0.01786098665532296,0.012524107471171405,0.011540016045505079,0.023680805885550917,0.01099629658620973,0.02277763046411756,0.013486548027518105,0.024378714824535203,0.01141247996330246,0.013573425064675352,0.0,0.033390531173600864,0.012952280249726538,0.015833084427371892,0.01176827391440997,0.01088378929192455,0.010977879517661762,0.014720014582007612,0.023300024814245122,0.0055058065681698985,0.01500741767791337,0.008101722479820559,0.02386735771674382,0.026077371935051535
340,1675.794932327511,606.5830828767406,0.014153517310927618,1120.6174643366778,1309.949509868096,1176.6380032525512,1347.500777371264,2864.435395139475,1271.680981294512,2375.2845704722495,881.9501080298796,1929.275356148892,981.956345824431,2895.8100606481225,1854.6334041298849,940.0536222752539,2491.278831198592,2248.9071754118145,1093.4863975130095,1231.6837179634517,1064.0380498771588,1823.028069130635,2332.977697473081,2010.1771989821661,1223.8067719596454,874.1143570432771,1866.7716919654918,2213.2911972692123,1443.6908403194107,1684.3618911950473,2137.852268435192,1085.2338416473524,2499.362373649517,0.014749209975981692,0.009375984728283994,0.008595745932938065,0.017117355763194904,0.010965922022470901,0.008101162778829387,0.018567825559314712,0.007484177027299704,0.011035114088639515,0.017597701431647506,0.009604631700308907,0.023042873353609078,0.012670957040439678,0.023190470757399474,0.01298276916178225,0.010393637729942139,0.004740204884532228,0.024652222270273465,0.01369374455870937,0.013307170165988145,0.015237888605751242,0.0050412976694667435,0.007926483980571495,0.01533044317109324,0.01907664761224277,0.0022719204198900964,0.019902549024085486,0.016977503296951118,0.022341666203641784,0.028630238412549355
341,1672.2642865981252,606.3353260768629,0.014565174181255101,1120.6174643366778,1309.949509868096,1176.6380032525512,1347.500777371264,2864.435395139475,1248.5318826073012,2375.2845704722495,881.9501080298796,1929.275356148892,947.6418516727882,2895.8100606481225,1854.6334041298849,940.0536222752539,2442.823052155874,2248.9071754118145,1093.4863975130095,1231.6837179634517,1064.0380498771588,1823.028069130635,2332.977697473081,2010.1771989821661,1223.8067719596454,874.1143570432771,1866.7716919654918,2213.2911972692123,1443.6908403194107,1684.3618911950473,2137.852268435192,1085.2338416473524,2499.362373649517,0.010557777871335567,0.011986169733763843,0.022288464219775685,0.01023699995256329,0.013937194401133482,0.01336502108612426,0.012211477952338415,0.0020058844968367617,0.009037116808640644,0.01658256860035799,0.017851230042299538,0.017012026999368796,0.01710426308204926,0.025468323281253303,0.012779270722426227,0.013855063248045847,0.010672063790072218,0.02689756581872613,0.02014014771038262,0.012137678698728093,0.01013389501503782,0.006199624921668159,0.008522291389623684,0.015382599638547536,0.02120440913544114,0.0,0.025707272128608464,0.009904184101603401,0.017260563446003983,0.026514077144896907
342,1662.1455588864874,594.3991290158447,0.01348457231023947,1120.6174643366778,1309.949509868096,1176.6380032525512,1347.500777371264,2627.605998376981,1248.5318826073012,2375.2845704722495,881.9501080298796,1929.275356148892,947.6418516727882,2895.8100606481225,1854.6334041298849,940.0536222752539,2442.823052155874,2248.9071754118145,1026.7539629263613,1231.6837179634517,1064.0380498771588,1823.028069130635,2332.977697473081,2010.1771989821661,1223.8067719596454,874.1143570432771,1866.7716919654918,2213.2911972692123,1443.6908403194107,1684.3618911950473,2137.852268435192,1085.2338416473524,2499.362373649517,0.008708628600845017,0.010217247228721147,0.015516742934686429,0.004630647450639754,0.018810117417538685,0.015067200695063513,0.004712246407652712,0.00919962596076429,0.015839707692273122,0.015602716944430288,0.009100533312594436,0.019826672779224213,0.020183162644045904,0.019710044198727256,0.006259958683826783,0.01602234307696064,0.006458649664068314,0.024062965197942567,0.017302455036321843,0.009437101036124544,0.010500731580604907,0.006208141744274109,0.005368206853689667,0.014115109312027207,0.018681255373912083,0.00907571033108816,0.026270423123565572,0.012026810735618187,0.011601870095026915,0.024020143194925882
343,1642.045894206916,594.8810159339333,0.014680375460844745,1120.6174643366778,1309.949509868096,1176.6380032525512,1268.2360865335331,2627.605998376981,1248.5318826073012,2375.2845704722495,876.1680825328227,1617.9092855606093,947.6418516727882,2895.8100606481225,1854.6334041298849,940.0536222752539,2442.823052155874,2248.9071754118145,1026.7539629263613,1231.6837179634517,1064.0380498771588,1823.028069130635,2332.977697473081,2010.1771989821661,1223.8067719596454,874.1143570432771,1866.7716919654918,2213.2911972692123,1443.6908403194107,1477.7847377309774,2137.852268435192,1085.2338416473524,2499.362373649517,0.012820591053121298,0.008326487116244037,0.021386901556045373,0.01505095937594917,0.021325402417097142,0.012375559790239115,0.005182429965890684,0.012950979262974895,0.015510583721364048,0.010938268593901436,0.0070107582842882914,0.022474866645194415,0.018454741905179838,0.01556309201382167,0.006204341404059286,0.017986975772203415,0.010149820983741542,0.02792947972081139,0.02317364352441404,0.01617344646466922,0.014307702510543661,0.009354123611109813,0.004451282385869423,0.017297817849078363,0.01267609381962342,0.007547847302716318,0.02025906279205088,0.01808131088881113,0.014399003530357894,0.021047689563971145
344,1631.256033193859,596.1357112162681,0.013914075825818923,1120.6174643366778,1309.949509868096,1176.6380032525512,1268.2360865335331,2627.605998376981,1248.5318826073012,2375.2845704722495,876.1680825328227,1617.9092855606093,947.6418516727882,2895.8100606481225,1630.686779890195,940.0536222752539,2442.823052155874,2248.9071754118145,1026.7539629263613,1231.6837179634517,1064.0380498771588,1823.028069130635,2332.977697473081,2010.1771989821661,1124.057565807618,874.1143570432771,1866.7716919654918,2213.2911972692123,1443.6908403194107,1477.7847377309774,2137.852268435192,1085.2338416473524,2499.362373649517,0.018538605490716197,0.006736855697609262,0.013761303220333922,0.014182321391933804,0.01371540525705214,0.008993207318811163,0.009007475060385258,0.015173325505501125,0.008381631247840261,0.01332976877441357,0.00661238380220496,0.020425063280233365,0.016750345811003518,0.0256586623274007,0.009531921396114142,0.014672832840941367,0.001100729176617447,0.021854203179761472,0.017721895684896443,0.01494795027677973,0.011648839637739147,0.0015208415829288482,0.008607928325629734,0.015332260289924952,0.01722669760236578,0.011581382393480137,0.023531754807316983,0.018414260042968873,0.013640317721371458,0.02482210563029192
345,1630.3139209574397,597.0195593545199,0.014406589490763242,1120.6174643366778,1309.949509868096,1176.6380032525512,1268.2360865335331,2627.605998376981,1248.5318826073012,2375.2845704722495,876.1680825328227,1617.9092855606093,947.6418516727882,2895.8100606481225,1630.686779890195,940.0536222752539,2442.823052155874,2248.9071754118145,1026.7539629263613,1231.6837179634517,1064.0380498771588,1823.028069130635,2332.977697473081,2010.1771989821661,1124.057565807618,874.1143570432771,1866.7716919654918,2213.2911972692123,1443.6908403194107,1477.7847377309774,2137.852268435192,1056.970474554773,2499.362373649517,0.01584144714595043,0.01140264157291893,0.012450708707806667,0.009738547777792586,0.01567895415955753,0.009719822984714526,0.007224455890562019,0.011217539092504959,0.015429484033427159,0.014072093227126683,0.009636107839205155,0.019823773935452028,0.012474403930283965,0.027470889485806997,0.014579305675931652,0.015786473620628055,0.005812514746324609,0.02135279448693667,0.021135122416324092,0.019839995666667297,0.016205134218523643,0.007090322616577998,0.013469430441222459,0.009236723605757747,0.025660264099136687,0.011048654711764595,0.019610327563550765,0.009464038033104343,0.006440840539437951,0.0232848724978992
346,1628.5417861359804,599.1333313362347,0.013572650472533828,1120.6174643366778,1309.949509868096,1176.6380032525512,1268.2360865335331,2627.605998376981,1248.5318826073012,2375.2845704722495,828.4459225267792,1617.9092855606093,947.6418516727882,2895.8100606481225,1630.686779890195,940.0536222752539,2442.823052155874,2248.9071754118145,1026.7539629263613,1231.6837179634517,1064.0380498771588,1823.028069130635,2332.977697473081,2010.1771989821661,1124.057565807618,874.1143570432771,1866.7716919654918,2213.2911972692123,1443.6908403194107,1472.3428530932326,2137.852268435192,1056.970474554773,2499.362373649517,0.01945444644894895,0.010871335761084852,0.01532125548335854,0.005575046309426922,0.018624091759674496,0.010209695452542663,0.002682323476706112,0.013425386857202156,0.012390404458188755,0.01137634369452771,0.008607777234256419,0.021174109503841767,0.012282936524375843,0.021711905361068876,0.010749754150322843,0.014858623023484773,0.01009840076159239,0.02016984982233849,0.01728029462261808,0.010583790757699885,0.019759909677162023,0.008717498845451652,0.01273017238080777,0.01633899745660671,0.02009653184136994,0.010938243157051305,0.015176855242776918,0.005777447753502085,0.009112541212285382,0.0210835451457405
347,1624.7741185244702,595.565069330628,0.013397634177637908,1120.6174643366778,1309.949509868096,1176.6380032525512,1268.2360865335331,2627.605998376981,1248.5318826073012,2375.2845704722495,828.4459225267792,1617.9092855606093,947.6418516727882,2895.8100606481225,1630.686779890195,940.0536222752539,2442.823052155874,2135.877147066516,1026.7539629263613,1231.6837179634517,1064.0380498771588,1823.028069130635,2332.977697473081,2010.1771989821661,1124.057565807618,874.1143570432771,1866.7716919654918,2213.2911972692123,1443.6908403194107,1472.3428530932326,2137.852268435192,1056.970474554773,2499.362373649517,0.019192093751219372,0.013102494444554642,0.01240292613030773,0.011421798066362116,0.01566857631565838,0.008634331969332412,0.002829444387574603,0.015255706413327727,0.011399479812564596,0.014827012024032117,0.010921863509365108,0.025134786367153505,0.015709868193891377,0.024980196426006632,0.009502765302543755,0.011330551946529072,0.007654455859878,0.023981446107463986,0.015652469938110935,0.005400219757840438,0.013184684804448692,0.008740102842698329,0.010206175798145693,0.011870340395988116,0.01867801611574021,0.016000913899374927,0.014834778460275852,0.0069885735468573455,0.00483228570355146,0.021590667038340103
348,1594.0893111930584,592.0829052877375,0.013481843663679086,1120.6174643366778,1309.949509868096,1176.6380032525512,1268.2360865335331,2627.605998376981,1248.5318826073012,2375.2845704722495,827.2491451791992,1617.9092855606093,947.6418516727882,2895.8100606481225,1630.686779890195,940.0536222752539,2442.823052155874,2135.877147066516,1026.7539629263613,1231.6837179634517,1064.0380498771588,1823.028069130635,2332.977697473081,2010.1771989821661,1124.057565807618,874.1143570432771,1866.7716919654918,2213.2911972692123,1443.6908403194107,1472.3428530932326,1219.9349905929473,1055.5403098022334,2499.362373649517,0.02094913286177844,0.015790453061486177,0.016446375915466736,0.004598188772026452,0.016869877022144656,0.0062136323267942845,0.0033094604737087434,0.00926725876862491,0.016067826515572634,0.015597706746063778,0.008698939265439961,0.025569620653536265,0.0198922178470079,0.023398897291051754,0.010936212210669444,0.012985272016779943,0.014033195569946694,0.022523381129996363,0.017217288811861027,0.0033059390599014258,0.018449601923987057,0.008398647956617683,0.006292903861750722,0.014110759135965819,0.014164108554478297,0.018500507080165627,0.012348990835178698,0.005243087589288232,0.0021343157160680468,0.021141510937014857
349,1592.9349753353351,591.8013621303139,0.015056757609745048,1120.6174643366778,1309.949509868096,1176.6380032525512,1268.2360865335331,2612.0333892482877,1248.5318826073012,2375.2845704722495,827.2491451791992,1617.9092855606093,947.6418516727882,2895.8100606481225,1630.686779890195,940.0536222752539,2442.823052155874,2135.877147066516,1007.6964963233693,1231.6837179634517,1064.0380498771588,1823.028069130635,2332.977697473081,2010.1771989821661,1124.057565807618,874.1143570432771,1866.7716919654918,2213.2911972692123,1443.6908403194107,1472.3428530932326,1219.9349905929473,1055.5403098022334,2499.362373649517,0.021436779793601462,0.0171218219648601,0.013376308860865202,0.003054777965928049,0.019523741501166373,0.011418184088073187,0.0011050655036748418,0.009075729219194901,0.014767669646280932,0.024343295252308193,0.015404299582372107,0.030985168605457875,0.029268836971773366,0.020870317018433504,0.014685173428961123,0.013930647129150087,0.014498650360380335,0.02245783207802492,0.01935351709906019,0.011323091711663052,0.016245547021243777,0.009960695594025272,0.007097700066076587,0.01805110069058878,0.012330206778345947,0.019368386615605696,0.00968300330985625,0.0026207810244512704,0.008881943814364947,0.019462455596563042
350,1588.5101854692434,588.950295411828,0.015818958706871288,1096.894079679653,1309.949509868096,1176.6380032525512,1268.2360865335331,2612.0333892482877,1248.5318826073012,2375.2845704722495,827.2491451791992,1617.9092855606093,947.6418516727882,2895.8100606481225,1630.686779890195,940.0536222752539,2442.823052155874,2135.877147066516,1007.6964963233693,1231.6837179634517,1064.0380498771588,1823.028069130635,2332.977697473081,2010.1771989821661,1124.057565807618,874.1143570432771,1866.7716919654918,2104.2708859434806,1443.6908403194107,1472.3428530932326,1219.9349905929473,1055.5403098022334,2499.362373649517,0.017304751380842302,0.015963583454977205,0.022576859807586957,0.011719886913546033,0.012730678980081804,0.004058422687898882,0.00990680981098052,0.005380729849860952,0.012521002666552261,0.023997864148803408,0.017054830737053096,0.030856597529915826,0.023546650538289856,0.024119174736874704,0.01756739921724462,0.00718065203926235,0.01698913835805129,0.020015818256919518,0.017284427555809313,0.009428805931835083,0.01038370674056976,0.00988094014248207,0.014769272504947327,0.021832082639900358,0.011925077170279274,0.02128863238220342,0.014863698912207098,0.009063467364452744,0.01855465080620059,0.02180314794050997
351,1583.5388058841768,590.8464418350902,0.015175302829887586,1096.894079679653,1309.949509868096,1168.4130897426178,1268.2360865335331,2575.7833601503644,1248.5318826073012,2375.2845704722495,827.2491451791992,1617.9092855606093,947.6418516727882,2895.8100606481225,1630.686779890195,940.0536222752539,2442.823052155874,2135.877147066516,1007.6964963233693,1231.6837179634517,1064.0380498771588,1823.028069130635,2332.977697473081,2010.1771989821661,1124.057565807618,827.863049112519,1866.7716919654918,2104.2708859434806,1443.6908403194107,1472.3428530932326,1219.9349905929473,997.1251727888429,2499.362373649517,0.018625446072222406,0.022178378590775524,0.018085269890956258,0.011019029172572723,0.010319246819797161,0.0016322162428806842,0.0100629674089416,0.007925093817057326,0.016920706384650833,0.022208787780755756,0.017201336527585792,0.025665436554597167,0.02121417684987395,0.025012208018811682,0.01907113478588929,0.013786156885478193,0.01986815016119388,0.021826459035783816,0.01620906385657085,0.012758994527859616,0.006767191158770018,0.005242689699153464,0.005266418042899416,0.018852578501773107,0.007826688228982864,0.020959113058122515,0.010344636536741801,0.00686941063073599,0.02253071342245359,0.019009386232740316
352,1582.1207215945537,589.2734911168839,0.013890391745268857,1096.894079679653,1309.949509868096,1168.4130897426178,1268.2360865335331,2575.7833601503644,1248.5318826073012,2375.2845704722495,827.2491451791992,1617.9092855606093,947.6418516727882,2895.8100606481225,1630.686779890195,936.0768380106177,2405.68747248436,2135.877147066516,1007.6964963233693,1231.6837179634517,1064.0380498771588,1823.028069130635,2332.977697473081,2010.1771989821661,1124.057565807618,827.863049112519,1866.7716919654918,2104.2708859434806,1443.6908403194107,1472.3428530932326,1219.9349905929473,995.6950080363031,2499.362373649517,0.016801045166359163,0.017273286637058897,0.01768815348249789,0.01746222423929342,0.009993680083198458,0.0,0.004579128953797028,0.008214944695488774,0.014181359299490225,0.023535333087107153,0.013033634622191665,0.02945272591666893,0.012237518314824813,0.021407309881441346,0.016675842561146178,0.006583722071242762,0.014927734350357007,0.0169504528976427,0.00988372234328279,0.011108938049007496,0.012003139217470985,0.004676256350434263,0.012626760547002219,0.017262490673909694,0.00469373425818362,0.012736455152598091,0.01657747671397177,0.01569008314603926,0.02306748758008164,0.015387112066277471
353,1557.2665408359612,572.6418152532335,0.01465942654747719,1096.894079679653,1309.949509868096,1168.4130897426178,1263.1540052241448,2575.7833601503644,1248.5318826073012,2375.2845704722495,827.2491451791992,1617.9092855606093,947.6418516727882,2895.8100606481225,1630.686779890195,936.0768380106177,2405.68747248436,2135.877147066516,1007.6964963233693,1231.6837179634517,1064.0380498771588,1821.4068514501312,1594.055573705203,2010.1771989821661,1124.057565807618,827.863049112519,1866.7716919654918,2104.2708859434806,1443.6908403194107,1472.3428530932326,1219.9349905929473,995.6950080363031,2499.362373649517,0.013207228745737591,0.02031725723135699,0.018330484941250755,0.02512480019609674,0.012995014759386789,0.009008792345031724,0.007649921956011264,0.0048059631093576825,0.013669773663218077,0.024820117625109613,0.008108561814437395,0.02739734676374523,0.013191438253543183,0.025414089577484388,0.017107579075905446,0.009180478065792438,0.022294463703312426,0.01673669023583445,0.00927854710751976,0.012363321245181738,0.010921722320776218,0.005292124464414951,0.018539018524514186,0.01305766865742122,0.009895493898032914,0.014561937708797202,0.014555638468560636,0.011259890562093651,0.014121434687241011,0.016575996717150106
354,1554.452484769929,571.7385218294999,0.015451455504984413,1096.894079679653,1309.949509868096,1168.4130897426178,1263.1540052241448,2563.2441292052517,1248.5318826073012,2375.2845704722495,827.2491451791992,1617.9092855606093,947.6418516727882,2895.8100606481225,1558.8043288543413,936.0768380106177,2405.68747248436,2135.877147066516,1007.6964963233693,1231.6837179634517,1064.0380498771588,1821.4068514501312,1594.055573705203,2010.1771989821661,1124.057565807618,827.863049112519,1866.7716919654918,2104.2708859434806,1443.6908403194107,1472.3428530932326,1219.9349905929473,995.6950080363031,2499.362373649517,0.01453176884826313,0.01908518782378834,0.01844330004537035,0.022217265042170524,0.015964047206156722,0.012418584240364837,0.008744708421413453,0.0027421713781920457,0.017660884259508205,0.025002334690819965,0.01283145815991527,0.027392365143737277,0.014552864339984217,0.020618646873959014,0.022328350715280214,0.013566226594652321,0.019666550271130703,0.02152537770370402,0.012356824956490198,0.008771862304239332,0.012436702377443138,0.0074202534912326985,0.00879543538771477,0.016521707637639743,0.004830839063678924,0.02000151625850449,0.01931338067570959,0.009225831547212633,0.013145537116472048,0.021431682574784207
355,1554.452484769929,571.7385218294999,0.01534361657512502,1096.894079679653,1309.949509868096,1168.4130897426178,1263.1540052241448,2563.2441292052517,1248.5318826073012,2375.2845704722495,827.2491451791992,1617.9092855606093,947.6418516727882,2895.8100606481225,1558.8043288543413,936.0768380106177,2405.68747248436,2135.877147066516,1007.6964963233693,1231.6837179634517,1064.0380498771588,1821.4068514501312,1594.055573705203,2010.1771989821661,1124.057565807618,827.863049112519,1866.7716919654918,2104.2708859434806,1443.6908403194107,1472.3428530932326,1219.9349905929473,995.6950080363031,2499.362373649517,0.015853883524376326,0.024561069304897175,0.0193896760483689,0.02228544573123504,0.01551175592736525,0.00872159220856186,0.009091966447019631,0.005070636574244923,0.0183026575147027,0.026472538030834873,0.01305970896844965,0.02231066479712982,0.0210249252585286,0.01624161715335202,0.015103461734801179,0.011531343571981274,0.02625144288523805,0.020848387050368216,0.018661737282979637,0.009286263007223176,0.012380295675248072,0.0024401965919120766,0.010341954456051308,0.008782903546297283,0.006116413579321318,0.017360160021659733,0.022191960286377318,0.010029361930484685,0.01580583699499374,0.015278641149746773
356,1545.5021139169048,573.3884305016232,0.015532761355303652,1096.894079679653,1309.949509868096,1131.6461621113272,1263.1540052241448,2563.2441292052517,1248.5318826073012,2375.2845704722495,827.2491451791992,1617.9092855606093,947.6418516727882,2895.8100606481225,1558.8043288543413,936.0768380106177,2405.68747248436,2135.877147066516,1007.6964963233693,1231.6837179634517,1064.0380498771588,1821.4068514501312,1412.386935021258,2010.1771989821661,1124.057565807618,827.863049112519,1866.7716919654918,2104.2708859434806,1443.6908403194107,1422.267293817741,1219.9349905929473,995.6950080363031,2499.362373649517,0.011561434546989022,0.018432638143715548,0.01834050868129453,0.019232736913100592,0.014070751520099378,0.016107333850841652,0.01195736724573679,0.005783767793860312,0.016656173308013417,0.022823450174499924,0.021962139168518732,0.017922263565843317,0.02560801372012562,0.02163325039702874,0.015255251129113238,0.005105576580021731,0.024647307936226957,0.022405204017694687,0.021723094317654755,0.014354173093680962,0.009557399406161758,0.004079539951716342,0.01296329645535843,0.01725100234920275,0.00244912263257546,0.015899054419290702,0.020917043939853063,0.006839572363048338,0.01572231279801707,0.014722060239825821
357,1541.9900133616868,575.5154051114833,0.015158846738581649,1096.894079679653,1309.949509868096,1131.6461621113272,1263.1540052241448,2563.2441292052517,1143.16886595077,2375.2845704722495,827.2491451791992,1617.9092855606093,947.6418516727882,2895.8100606481225,1558.8043288543413,936.0768380106177,2405.68747248436,2135.877147066516,1007.6964963233693,1231.6837179634517,1064.0380498771588,1821.4068514501312,1412.386935021258,2010.1771989821661,1124.057565807618,827.863049112519,1866.7716919654918,2104.2708859434806,1443.6908403194107,1422.267293817741,1219.9349905929473,995.6950080363031,2499.362373649517,0.012425244576087381,0.024450314523513407,0.013628848135206343,0.01296563590614962,0.015132393735864308,0.016428612731624003,0.011469599788504788,0.008486490311131974,0.012883514219667047,0.016653257150923095,0.013023038997168671,0.02016886971845701,0.027608092551418113,0.020748278190646383,0.010278177975166105,0.010641070832846836,0.025724886193623998,0.02054317797477827,0.01876451817620861,0.007586973721560963,0.009288202682810495,0.0018680490882796096,0.014637393662220806,0.020705464906664087,0.00583169999281179,0.020006740013223827,0.022024824036214946,0.005649895956422325,0.012310853423420417,0.02283128298483416
358,1541.6715858868386,575.8135023401213,0.015921894713151814,1096.894079679653,1309.949509868096,1131.6461621113272,1263.1540052241448,2563.2441292052517,1143.16886595077,2375.2845704722495,827.2491451791992,1617.9092855606093,947.6418516727882,2895.8100606481225,1558.8043288543413,936.0768380106177,2405.68747248436,2135.877147066516,998.1436720779234,1231.6837179634517,1064.0380498771588,1821.4068514501312,1412.386935021258,2010.1771989821661,1124.057565807618,827.863049112519,1866.7716919654918,2104.2708859434806,1443.6908403194107,1422.267293817741,1219.9349905929473,995.6950080363031,2499.362373649517,0.008726799182162745,0.02504918873771733,0.015111889693908781,0.011826855192354076,0.015416182341694175,0.019671887124742608,0.008078287025951867,0.00922692806423876,0.01777851466795828,0.017650798495446488,0.011051212661497743,0.017812920355995722,0.026758698559568358,0.026278255145798495,0.01405396594448789,0.005810529902702191,0.021010954515770026,0.022533068136413783,0.01796178525952736,0.014403484460178397,0.010844047037471766,0.006865334555781919,0.013780291209150523,0.022638884430314907,0.008905184859482643,0.022520131693824667,0.021601332727778352,0.005257738117454649,0.014331074738476994,0.024700616556702908
359,1536.7282440590066,580.4693452577842,0.015458293454976705,1096.894079679653,1309.949509868096,1131.6461621113272,1263.1540052241448,2563.2441292052517,1143.16886595077,2375.2845704722495,731.5724692828866,1617.9092855606093,947.6418516727882,2895.8100606481225,1558.8043288543413,936.0768380106177,2405.68747248436,2135.877147066516,998.1436720779234,1231.6837179634517,1064.0380498771588,1821.4068514501312,1359.7633560826107,2010.1771989821661,1124.057565807618,827.863049112519,1866.7716919654918,2104.2708859434806,1443.6908403194107,1422.267293817741,1219.9349905929473,995.6950080363031,2499.362373649517,0.009693416415343263,0.020727737672072446,0.010401824984626898,0.009676263855173565,0.01828830726565215,0.01990005615718163,0.007646880845906266,0.007852058531600153,0.01668880587593946,0.018845726058670166,0.012952959304941208,0.019220164061929355,0.02427354193658235,0.024697315800064283,0.01312526729639205,0.008680969350858592,0.01860092544160715,0.017659312926130905,0.02315867606004902,0.010849896150830901,0.012045353875855883,0.011040626128345856,0.011184681530987934,0.020077066397455864,0.014204479350393887,0.021903226560414494,0.02013597588717617,0.0025885880670141236,0.015448953743543251,0.022179746116561826
360,1536.7282440590066,580.4693452577842,0.015216493264006778,1096.894079679653,1309.949509868096,1131.6461621113272,1263.1540052241448,2563.2441292052517,1143.16886595077,2375.2845704722495,731.5724692828866,1617.9092855606093,947.6418516727882,2895.8100606481225,1558.8043288543413,936.0768380106177,2405.68747248436,2135.877147066516,998.1436720779234,1231.6837179634517,1064.0380498771588,1821.4068514501312,1359.7633560826107,2010.1771989821661,1124.057565807618,827.863049112519,1866.7716919654918,2104.2708859434806,1443.6908403194107,1422.267293817741,1219.9349905929473,995.6950080363031,2499.362373649517,0.018260189956409822,0.021960716362353045,0.014202242732146925,0.01395983229443834,0.013030494516201177,0.01619697446502613,0.00987616103854375,0.010632037681750205,0.012223273441346176,0.01657558420703723,0.009451058845365125,0.02566470826317625,0.014914733207355814,0.029330583239056632,0.012738299814930649,0.009050918419236602,0.022682977488126064,0.01397955269394541,0.019105744444801735,0.007841989013788384,0.011821413346881571,0.013644942048727014,0.012291076793660432,0.011223988262131833,0.015006734539444766,0.01889421502266089,0.02045946269408333,0.00639188712317008,0.014255691970545548,0.020827313993862364
361,1536.7282440590066,580.4693452577842,0.0152873895809275,1096.894079679653,1309.949509868096,1131.6461621113272,1263.1540052241448,2563.2441292052517,1143.16886595077,2375.2845704722495,731.5724692828866,1617.9092855606093,947.6418516727882,2895.8100606481225,1558.8043288543413,936.0768380106177,2405.68747248436,2135.877147066516,998.1436720779234,1231.6837179634517,1064.0380498771588,1821.4068514501312,1359.7633560826107,2010.1771989821661,1124.057565807618,827.863049112519,1866.7716919654918,2104.2708859434806,1443.6908403194107,1422.267293817741,1219.9349905929473,995.6950080363031,2499.362373649517,0.02211722268882722,0.019483174489943474,0.010657369418543507,0.014900339572715273,0.011167393630931787,0.014561681070383773,0.0029331764988475076,0.012962781222570748,0.015564608463303639,0.00969550328625987,0.009693193606686079,0.01944594483156296,0.014730007351404591,0.026153372034406108,0.011508277547617494,0.006170291097821305,0.02453664747510849,0.013134899222141156,0.020157846210163737,0.006747396174603607,0.02008667185760644,0.011120070924563174,0.02020059712938309,0.027828878686581206,0.0166568260619979,0.0196188769707489,0.01713541443484571,0.009215976240130127,0.014385569091778405,0.016051680136347692
362,1523.961855487647,585.4702110031868,0.015217263476224346,1096.894079679653,1309.949509868096,1131.6461621113272,1263.1540052241448,2563.2441292052517,1143.16886595077,2375.2845704722495,731.5724692828866,1617.9092855606093,947.6418516727882,2895.8100606481225,1558.8043288543413,899.394427999199,2405.68747248436,2135.877147066516,998.1436720779234,1231.6837179634517,1064.0380498771588,1821.4068514501312,1359.7633560826107,2010.1771989821661,941.9332881900931,827.863049112519,1866.7716919654918,2104.2708859434806,1443.6908403194107,1422.267293817741,1121.0729034724911,995.6950080363031,2434.039491258115,0.019767510469604888,0.022683890817388704,0.021251095857676944,0.00905962832386355,0.015075487932371833,0.01983358078255293,0.01016729030600446,0.015594159777813393,0.01860113427782213,0.016584631423829408,0.015729711324116897,0.01367904107747259,0.020698565625017654,0.024866154243640536,0.005861951790358757,0.0034659472330987604,0.024815421047733127,0.021066237156015702,0.01997524230685929,0.007313952919190033,0.020470929220887706,0.013353525393259296,0.008773053791825032,0.02382482756755502,0.009995877604436043,0.009498545076690627,0.012306062742882042,0.004982979693192231,0.012166681834737235,0.015054786668833697
363,1522.5222651775796,586.7177883157655,0.015156284793431458,1096.894079679653,1307.9147846973967,1131.6461621113272,1263.1540052241448,2563.2441292052517,1143.16886595077,2375.2845704722495,731.5724692828866,1617.9092855606093,947.6418516727882,2895.8100606481225,1558.8043288543413,899.394427999199,2405.68747248436,2135.877147066516,998.1436720779234,1221.4890821628157,1064.0380498771588,1821.4068514501312,1359.7633560826107,2010.1771989821661,910.9749398594075,827.863049112519,1866.7716919654918,2104.2708859434806,1443.6908403194107,1422.267293817741,1121.0729034724911,995.6950080363031,2434.039491258115,0.018611009333070454,0.0241453495162764,0.01973725424104609,0.009101175959959925,0.009558562834530559,0.014256177413299095,0.01514986304105893,0.01830943943173297,0.02085669726221244,0.01675001401581898,0.018512966325479743,0.014666539819153338,0.016246085662119946,0.02307178737315587,0.006397304743611926,0.009106568115977497,0.03190632464161836,0.017780339395188426,0.018448936836346953,0.008461954345208937,0.013030320790979641,0.005847099190565306,0.008045414077145647,0.021198283972224927,0.012714297971250984,0.00969960229559052,0.014971460229276874,0.007350853840847878,0.014557760735076494,0.016199100393118598
364,1518.3454772086056,590.980517710441,0.015179719448726774,1096.894079679653,1307.9147846973967,1131.6461621113272,1263.1540052241448,2563.2441292052517,1143.16886595077,2375.2845704722495,731.5724692828866,1617.9092855606093,947.6418516727882,2895.8100606481225,1558.8043288543413,832.1714566454116,2405.68747248436,2135.877147066516,960.9767137996325,1221.4890821628157,1064.0380498771588,1821.4068514501312,1359.7633560826107,2010.1771989821661,910.9749398594075,827.863049112519,1866.7716919654918,2104.2708859434806,1443.6908403194107,1422.267293817741,1121.0729034724911,974.7812985991665,2434.039491258115,0.018784391446256793,0.026540870489982955,0.022302205907430702,0.0030131842059222275,0.012582030001080328,0.021836414260684528,0.012028804549598206,0.01005312619225075,0.01666267065847012,0.021329698863604387,0.027778554822443277,0.012983508658880769,0.014957669944614586,0.024761538245268083,0.0,0.009676540574832086,0.021891044101385593,0.020029409745871484,0.0106646096548174,0.009928993519467619,0.01782194730221293,0.007806506613481399,0.013499766521400015,0.019494466659765324,0.011998563171877957,0.01790159080439976,0.009787310918520496,0.007601277067412597,0.016850705991257226,0.014824182568613615
365,1506.8263551753944,597.4752363610634,0.015519200384886888,1096.894079679653,1307.9147846973967,1131.6461621113272,1263.1540052241448,2563.2441292052517,1143.16886595077,2375.2845704722495,731.5724692828866,1617.9092855606093,947.6418516727882,2895.8100606481225,1558.8043288543413,832.1714566454116,2405.68747248436,2135.877147066516,960.9767137996325,1221.4890821628157,855.5914765198035,1821.4068514501312,1359.7633560826107,2010.1771989821661,910.9749398594075,827.863049112519,1866.7716919654918,2080.6397879945507,1330.194850629355,1422.267293817741,1121.0729034724911,974.7812985991665,2434.039491258115,0.021049135705836726,0.028713353816633966,0.02097242281160645,0.007068137545576796,0.017000129172517517,0.01551508423006525,0.012568908462611359,0.010446368688912909,0.010638615614039656,0.02565114280351288,0.02402027925837425,0.013374756615582331,0.018888391102635366,0.02305645460502233,0.003747027450619381,0.018756686313203732,0.025982569663175494,0.01473430691661297,0.008289911514146372,0.00698397217600326,0.021011224612979405,0.011465840274283386,0.005198348959310369,0.02343913055570945,0.006536626553318925,0.02060405295572203,0.015975312850466775,0.0007120149606088446,0.013101833322682964,0.020073972034835602
366,1506.8263551753944,597.4752363610634,0.013582869398432661,1096.894079679653,1307.9147846973967,1131.6461621113272,1263.1540052241448,2563.2441292052517,1143.16886595077,2375.2845704722495,731.5724692828866,1617.9092855606093,947.6418516727882,2895.8100606481225,1558.8043288543413,832.1714566454116,2405.68747248436,2135.877147066516,960.9767137996325,1221.4890821628157,855.5914765198035,1821.4068514501312,1359.7633560826107,2010.1771989821661,910.9749398594075,827.863049112519,1866.7716919654918,2080.6397879945507,1330.194850629355,1422.267293817741,1121.0729034724911,974.7812985991665,2434.039491258115,0.012119984383774818,0.016519557784792492,0.01606536552067228,0.004525832362489353,0.007664444765941359,0.0166974767040774,0.015625325451776764,0.006539928773869468,0.0108730021608621,0.01934967937731666,0.0156998182863861,0.00654235070470057,0.016047621561667506,0.02035713132748683,0.005952807510522611,0.01672588801280063,0.025486825741532687,0.010697105366575027,0.014734906729120159,0.00652144354623904,0.01891933535018071,0.008208160211979428,0.0038781408702754407,0.02597263821074502,0.01011699006295469,0.02181428510429992,0.011515264683838728,0.004407361537093611,0.012633453719775388,0.025273956129233024
367,1506.8263551753944,597.4752363610634,0.01416503340630146,1096.894079679653,1307.9147846973967,1131.6461621113272,1263.1540052241448,2563.2441292052517,1143.16886595077,2375.2845704722495,731.5724692828866,1617.9092855606093,947.6418516727882,2895.8100606481225,1558.8043288543413,832.1714566454116,2405.68747248436,2135.877147066516,960.9767137996325,1221.4890821628157,855.5914765198035,1821.4068514501312,1359.7633560826107,2010.1771989821661,910.9749398594075,827.863049112519,1866.7716919654918,2080.6397879945507,1330.194850629355,1422.267293817741,1121.0729034724911,974.7812985991665,2434.039491258115,0.018022500525063465,0.02141459669354726,0.012672709035436052,0.0034938388413213906,0.021882226132512027,0.01610563360138184,0.013625128567977056,0.011855136376622753,0.008551904222996879,0.013783433609001482,0.013194609048611285,0.010006649842199622,0.016752349383635318,0.02474141185029201,0.0053723933388681285,0.013336383648436501,0.023702319625039544,0.01179588057496221,0.014954202914845565,0.010123879353117728,0.02083485897054714,0.0029727992492820828,0.00810211115920569,0.032702616366772776,0.010654272870886964,0.013133610024901666,0.006997524220460684,0.006691673057643518,0.014127300073002308,0.023347049010472912
368,1497.8576484930632,594.8551561088749,0.013836387846556544,1096.894079679653,1307.9147846973967,1131.6461621113272,1263.1540052241448,2563.2441292052517,1143.16886595077,2375.2845704722495,731.5724692828866,1617.9092855606093,947.6418516727882,2895.8100606481225,1558.8043288543413,832.1714566454116,2405.68747248436,2135.877147066516,960.9767137996325,1195.9080755100247,855.5914765198035,1803.616005921873,1279.911058797753,1864.3401479781328,910.9749398594075,827.863049112519,1866.7716919654918,2080.6397879945507,1330.194850629355,1422.267293817741,1121.0729034724911,974.7812985991665,2434.039491258115,0.020656476160240373,0.018130315886430208,0.013262646082405976,0.009683483258653551,0.0188163320079334,0.012754314685774716,0.007331585866768891,0.010322670518562695,0.009942167808758902,0.008811893979013819,0.02003912555630498,0.013658782115926157,0.012253987094172443,0.0232604982411332,0.011329810757705516,0.01330875734858135,0.023959154183304875,0.012475155905899952,0.013746432918977605,0.010603276637249717,0.01994460167148649,0.007666187704183714,0.008604826397184838,0.02524542783937986,0.007640704309421821,0.010669521884114436,0.011803921588729461,0.009321834914496833,0.007988230109507189,0.021859511964393324
369,1495.4137978526041,593.806795565717,0.013032197815171764,1096.894079679653,1307.9147846973967,1131.6461621113272,1263.1540052241448,2563.2441292052517,1143.16886595077,2375.2845704722495,731.5724692828866,1617.9092855606093,947.6418516727882,2895.8100606481225,1512.4726600358522,832.1714566454116,2405.68747248436,2108.893296671227,960.9767137996325,1195.9080755100247,855.5914765198035,1803.616005921873,1279.911058797753,1864.3401479781328,910.9749398594075,827.863049112519,1866.7716919654918,2080.6397879945507,1330.194850629355,1422.267293817741,1121.0729034724911,974.7812985991665,2434.039491258115,0.018904452119747915,0.017965054619596528,0.01049294281870714,0.009488559137322468,0.019836625830426773,0.010856881706692882,0.004035281134371046,0.013674334431511613,0.012529359743655908,0.007294774823929772,0.015510902485092869,0.013648297307812692,0.013293921970026724,0.023253250701323516,0.00961316578239696,0.010341744410292878,0.025136161076876735,0.015118952323940683,0.012370765241526903,0.010899443639097315,0.013881662966393872,0.005466964272084703,0.004474496556118763,0.024642754195452757,0.016893399618166754,0.011684654323862884,0.005262956744956082,0.004946908155689585,0.011363633284842793,0.018083633033235322
370,1495.0168729914867,594.1585506882483,0.01427935736686093,1096.894079679653,1307.9147846973967,1131.6461621113272,1263.1540052241448,2563.2441292052517,1143.16886595077,2375.2845704722495,731.5724692828866,1617.9092855606093,947.6418516727882,2895.8100606481225,1512.4726600358522,832.1714566454116,2405.68747248436,2108.893296671227,960.9767137996325,1195.9080755100247,855.5914765198035,1803.616005921873,1279.911058797753,1864.3401479781328,910.9749398594075,827.863049112519,1866.7716919654918,2080.6397879945507,1330.194850629355,1422.267293817741,1121.0729034724911,962.8735527656469,2434.039491258115,0.01855675473089011,0.014656513844665165,0.011267993295713258,0.014898718765115487,0.017001306895705327,0.01764410182649718,0.010132216237776891,0.012777697640256772,0.012105414091971634,0.010643881628525781,0.014986776411470068,0.021872542246839648,0.019590472164012974,0.02855721794662689,0.005333291605461442,0.011737581156301838,0.025692912766028114,0.005595593049767618,0.012912141184667467,0.017866522571082177,0.018898028917263537,0.003167538964577767,0.002055821925379388,0.01984762471355491,0.019537024774175453,0.00800575791790348,0.004910414096754527,0.013043729467685807,0.014722206000890328,0.02036292416826689
371,1476.468215405181,598.5215934381814,0.015365451707177126,781.8190761637238,1307.9147846973967,1131.6461621113272,1263.1540052241448,2563.2441292052517,1143.16886595077,2375.2845704722495,731.5724692828866,1617.9092855606093,947.6418516727882,2895.8100606481225,1512.4726600358522,832.1714566454116,2405.68747248436,2048.9751507309466,960.9767137996325,1195.9080755100247,855.5914765198035,1784.1844794536316,1279.911058797753,1735.3978277489732,910.9749398594075,827.863049112519,1833.6789605299336,2080.6397879945507,1330.194850629355,1422.267293817741,1121.0729034724911,962.8735527656469,2434.039491258115,0.01916238795108729,0.020249171181175658,0.014610958071641067,0.01593511365332731,0.021742114403888024,0.014560117263606486,0.00918768875934105,0.01988482165596075,0.01630264682045596,0.01142474539229034,0.016569102656582266,0.01763693478969374,0.023998058715854517,0.026165510719880963,0.0,0.013025757791156516,0.0284647265889687,0.007372726846431002,0.011448218066396771,0.011403605686593404,0.014650826689365562,0.0026194491873129614,0.006272066297456843,0.026005039061811713,0.0210860976492461,0.01468859601206105,0.006106046142841477,0.010768761600957813,0.014073945326062848,0.02554831623386559
372,1472.7110232760185,601.0229625473072,0.014979428811571214,781.8190761637238,1307.9147846973967,1018.9303982364632,1263.1540052241448,2563.2441292052517,1143.16886595077,2375.2845704722495,731.5724692828866,1617.9092855606093,947.6418516727882,2895.8100606481225,1512.4726600358522,832.1714566454116,2405.68747248436,2048.9751507309466,960.9767137996325,1195.9080755100247,855.5914765198035,1784.1844794536316,1279.911058797753,1735.3978277489732,910.9749398594075,827.863049112519,1833.6789605299336,2080.6397879945507,1330.194850629355,1422.267293817741,1121.0729034724911,962.8735527656469,2434.039491258115,0.020142057440806983,0.025574309219020652,0.01366289552965096,0.014933536039934919,0.025892299264193508,0.01683968953836488,0.010790364668804838,0.012631366041223538,0.012464964987140266,0.006221675814091115,0.015811825161930085,0.012538663630371576,0.010606627273364326,0.022980273961067388,0.004637180091925786,0.016052169166260354,0.020927855735256157,0.011800405553476938,0.008701670531585349,0.004738637859602644,0.008801026869603294,0.009394550861758574,0.015414702905776663,0.02136730563548243,0.023153965247565165,0.018186422954730375,0.009834969056399604,0.020171925861017216,0.014474113686329572,0.020635413760401337
373,1452.5068331551486,572.1480222410688,0.014312744291219235,781.8190761637238,1307.9147846973967,1018.9303982364632,1263.1540052241448,2016.2360055661306,1143.16886595077,2375.2845704722495,731.5724692828866,1617.9092855606093,947.6418516727882,2895.8100606481225,1512.4726600358522,832.1714566454116,2405.68747248436,2048.9751507309466,960.9767137996325,1195.9080755100247,855.5914765198035,1784.1844794536316,1279.911058797753,1735.3978277489732,910.9749398594075,827.863049112519,1833.6789605299336,2080.6397879945507,1330.194850629355,1422.267293817741,1121.0729034724911,962.8735527656469,2374.921911271143,0.012610478951648532,0.020281552750871387,0.010060113514611214,0.017611696333538783,0.019119227257002606,0.01583988398871425,0.013935627387190657,0.01075358536860913,0.02243820897365717,0.008532669346628465,0.01621470957207564,0.005402752538351862,0.012697952137961183,0.0230105498553567,0.006278529075035827,0.018797391588378783,0.01830782303460659,0.008737860487358064,0.007331725518220471,9.19213711042267e-05,0.004971397601715825,0.008335828380279835,0.008984877006497133,0.02387784116907482,0.019588113205721035,0.017759981535977493,0.015311617972851889,0.02269119118645533,0.017372950369769373,0.022434271257312653
374,1452.5068331551486,572.1480222410688,0.01548254380421609,781.8190761637238,1307.9147846973967,1018.9303982364632,1263.1540052241448,2016.2360055661306,1143.16886595077,2375.2845704722495,731.5724692828866,1617.9092855606093,947.6418516727882,2895.8100606481225,1512.4726600358522,832.1714566454116,2405.68747248436,2048.9751507309466,960.9767137996325,1195.9080755100247,855.5914765198035,1784.1844794536316,1279.911058797753,1735.3978277489732,910.9749398594075,827.863049112519,1833.6789605299336,2080.6397879945507,1330.194850629355,1422.267293817741,1121.0729034724911,962.8735527656469,2374.921911271143,0.016405758655537315,0.01908148969255516,0.01266598555738483,0.01954170210166248,0.01604580110931418,0.01727303493272854,0.01463043263292857,0.010500081033313308,0.018972825485435742,0.02042235776580246,0.016381119635239354,0.019700615622927072,0.013925513729877303,0.01885757565898137,0.00719571976074895,0.021327349236182597,0.012466370333943268,0.010953135040560539,0.006712358983427148,0.0061148044264329425,0.0027157187566720074,0.009992414097012094,0.014766677412124868,0.020843896107370537,0.0170931718641551,0.01659152033442034,0.021639431846168188,0.01953950705212094,0.016422515373256147,0.02569742988819938
375,1452.5068331551486,572.1480222410688,0.014965152960240279,781.8190761637238,1307.9147846973967,1018.9303982364632,1263.1540052241448,2016.2360055661306,1143.16886595077,2375.2845704722495,731.5724692828866,1617.9092855606093,947.6418516727882,2895.8100606481225,1512.4726600358522,832.1714566454116,2405.68747248436,2048.9751507309466,960.9767137996325,1195.9080755100247,855.5914765198035,1784.1844794536316,1279.911058797753,1735.3978277489732,910.9749398594075,827.863049112519,1833.6789605299336,2080.6397879945507,1330.194850629355,1422.267293817741,1121.0729034724911,962.8735527656469,2374.921911271143,0.01806590202536044,0.019444370754292763,0.012106958921515509,0.022614526555168074,0.013331107610291795,0.021088814233630473,0.012507714122490833,0.008610397358184675,0.012965457651106953,0.014570315356909514,0.012623689313182758,0.0172128424026915,0.015175858699892485,0.026417057248683373,0.009403118287167354,0.014618082931655133,0.012803312844004782,0.006821966917719893,0.005690984764231106,0.0054298874858266745,0.003123382839713219,0.008383522964206006,0.01797644345857121,0.028127301025600553,0.013043472533549207,0.020160080640264276,0.01958877457457592,0.01685692788067272,0.016001989877534203,0.024190327528514896
376,1451.2111847217516,570.8267115850819,0.014194888123669732,781.8190761637238,1307.9147846973967,1018.9303982364632,1263.1540052241448,2016.2360055661306,1143.16886595077,2375.2845704722495,731.5724692828866,1617.9092855606093,947.6418516727882,2895.8100606481225,1512.4726600358522,832.1714566454116,2405.68747248436,2013.053171945352,960.9767137996325,1195.9080755100247,855.5914765198035,1784.1844794536316,1279.911058797753,1735.3978277489732,910.9749398594075,827.863049112519,1833.6789605299336,2077.692313778234,1330.194850629355,1422.267293817741,1121.0729034724911,962.8735527656469,2374.921911271143,0.013370608568009154,0.016822498354321775,0.017109709125909537,0.024229490125902402,0.013099469441052631,0.023372832467921295,0.00737294428550235,0.008572046113030777,0.018764415749183243,0.013853316222675903,0.015972293044560104,0.0202777372830421,0.011810959534036675,0.01891320336504911,0.014104127236942083,0.013317509010942183,0.017322087893610394,0.009016417757978585,0.001074967533706469,0.011018676458493745,0.0027940699727579295,0.008108268117146884,0.01352354970227106,0.0236389796617474,0.01578552612163197,0.01368317627256258,0.01382774356945888,0.013480267292223165,0.014922910533460938,0.01668684289496065
377,1443.8873637835143,553.3883626443882,0.013536691518913234,781.8190761637238,1307.9147846973967,1018.9303982364632,1263.1540052241448,2016.2360055661306,1143.16886595077,2375.2845704722495,731.5724692828866,1617.9092855606093,947.6418516727882,2676.095432501006,1512.4726600358522,832.1714566454116,2405.68747248436,2013.053171945352,960.9767137996325,1195.9080755100247,855.5914765198035,1784.1844794536316,1279.911058797753,1735.3978277489732,910.9749398594075,827.863049112519,1833.6789605299336,2077.692313778234,1330.194850629355,1422.267293817741,1121.0729034724911,962.8735527656469,2374.921911271143,0.011725692588896266,0.01634928396143094,0.015902532972964147,0.02529499547450028,0.014173591762250462,0.013411511867863586,0.011066678970487489,0.004818607862681099,0.014792467074152606,0.02224793440477954,0.013839402409303177,0.015650301696480504,0.010308385982519748,0.020257485698490015,0.011918216025747889,0.010547162536246251,0.013300538100473394,0.009929428864270555,0.006324353755451696,0.012397242700570814,0.002248877026172163,0.009541355145643735,0.012154611619835021,0.02619094024831302,0.012786411205288954,0.014692336099571632,0.006438983514090729,0.014128450710732135,0.014794273533898937,0.018868691754290245
378,1439.244644124736,555.0912858001492,0.01379339569412852,781.8190761637238,1168.6331949340408,1018.9303982364632,1263.1540052241448,2016.2360055661306,1143.16886595077,2375.2845704722495,731.5724692828866,1617.9092855606093,947.6418516727882,2676.095432501006,1512.4726600358522,832.1714566454116,2405.68747248436,2013.053171945352,960.9767137996325,1195.9080755100247,855.5914765198035,1784.1844794536316,1279.911058797753,1735.3978277489732,910.9749398594075,827.863049112519,1833.6789605299336,2077.692313778234,1330.194850629355,1422.267293817741,1121.0729034724911,962.8735527656469,2374.921911271143,0.01771475944599961,0.015134820089358748,0.011625509432809952,0.015174971396115658,0.0156229386468504,0.01609443261357288,0.015344534313199992,0.005774403841381766,0.008575654660549329,0.021633427229880514,0.010964988246260294,0.023310717999500952,0.015305517915222786,0.020116842472749318,0.012623185578045868,0.010093477549014775,0.019864232750066907,0.015563431544104502,0.004684247216171494,0.0076265540944540884,0.0035434466166373245,0.013842327307785781,0.015644030254535875,0.024720529534810305,0.006572341954744423,0.019606122316696915,0.008851663060700222,0.009871235357168315,0.009370383431404318,0.01893114395406231
379,1436.285596069324,553.8400971623906,0.01524400159712455,781.8190761637238,1168.6331949340408,1018.9303982364632,1263.1540052241448,2016.2360055661306,1143.16886595077,2375.2845704722495,731.5724692828866,1617.9092855606093,947.6418516727882,2676.095432501006,1512.4726600358522,832.1714566454116,2405.68747248436,2013.053171945352,960.9767137996325,1195.9080755100247,855.5914765198035,1702.988321824094,1279.911058797753,1735.3978277489732,903.399655826583,827.863049112519,1833.6789605299336,2077.692313778234,1330.194850629355,1422.267293817741,1121.0729034724911,962.8735527656469,2374.921911271143,0.013017140566646468,0.017682553120781704,0.015491991146383981,0.010293237841490851,0.02246549386322341,0.011042057737017942,0.015817696439900292,0.013378951359085817,0.014472364595231744,0.02581657783786477,0.017060218935328712,0.023133430295599906,0.020590715985640117,0.022040043727405992,0.01618028582424665,0.0169199645265109,0.014933206726478424,0.011078415660941525,0.0,0.0031956802008855996,0.011307999879149377,0.008951469018894783,0.015166204081409456,0.02547797988498575,0.014379866729523667,0.021260073162100764,0.011343645964820561,0.0076790121048904425,0.015552670467632904,0.021591100229664012
380,1433.1146264857564,551.0266180966316,0.014624445843768465,781.8190761637238,1168.6331949340408,1018.9303982364632,1263.1540052241448,2016.2360055661306,1143.16886595077,2375.2845704722495,731.5724692828866,1617.9092855606093,947.6418516727882,2676.095432501006,1512.4726600358522,832.1714566454116,2405.68747248436,1976.362675194622,960.9767137996325,1184.1878055981574,855.5914765198035,1702.988321824094,1279.911058797753,1735.3978277489732,903.399655826583,827.863049112519,1833.6789605299336,2030.9739929338086,1330.194850629355,1422.267293817741,1121.0729034724911,962.8735527656469,2374.921911271143,0.009897665173649317,0.013355613089057784,0.01490112004986627,0.011259862024019233,0.013160156780631656,0.016306601483055978,0.01859364155574376,0.012364782993533113,0.01573229858690939,0.01757499437832156,0.022946748425019776,0.027287126529332874,0.008470918237949149,0.01750215844401676,0.012368898225513254,0.02191125890048147,0.02153099586284484,0.014581383081947936,0.006263822747966227,0.013214535069749017,0.013433007656371293,0.007253786376454012,0.016852224666814488,0.022371445769719348,0.013213938327384508,0.014321591263448452,0.012645057580446583,0.002625750384712078,0.009848348956743412,0.016943642691350454
381,1433.1146264857564,551.0266180966316,0.01671762727907502,781.8190761637238,1168.6331949340408,1018.9303982364632,1263.1540052241448,2016.2360055661306,1143.16886595077,2375.2845704722495,731.5724692828866,1617.9092855606093,947.6418516727882,2676.095432501006,1512.4726600358522,832.1714566454116,2405.68747248436,1976.362675194622,960.9767137996325,1184.1878055981574,855.5914765198035,1702.988321824094,1279.911058797753,1735.3978277489732,903.399655826583,827.863049112519,1833.6789605299336,2030.9739929338086,1330.194850629355,1422.267293817741,1121.0729034724911,962.8735527656469,2374.921911271143,0.01780208531878941,0.018330038182845277,0.018526324968187204,0.009817107153703798,0.019136921218400542,0.019430991575156757,0.01371848783029668,0.010750886314875864,0.02002704392867991,0.017683081072979643,0.021935961319912895,0.02759208624492161,0.00930001544256709,0.025777807237711236,0.01860730907606155,0.013029808773904876,0.02989203667519096,0.016062522661122337,0.012289341381394151,0.008407686318344595,0.019526415490514638,0.0033320478465344596,0.01684513600739998,0.026776222978738263,0.00885669003535185,0.015162941566177915,0.020287561512738174,0.003079733423417613,0.01573583149800693,0.02380869531832436
382,1431.5444061419516,552.1142145389513,0.015830690414713303,781.8190761637238,1168.6331949340408,1018.9303982364632,1263.1540052241448,2009.2468531651273,1134.9197093953878,2375.2845704722495,731.5724692828866,1617.9092855606093,947.6418516727882,2676.095432501006,1512.4726600358522,800.3031552876523,2405.68747248436,1976.362675194622,960.9767137996325,1184.1878055981574,855.5914765198035,1702.988321824094,1279.911058797753,1735.3978277489732,903.399655826583,827.863049112519,1833.6789605299336,2030.9739929338086,1330.194850629355,1422.267293817741,1121.0729034724911,962.8735527656469,2374.921911271143,0.022249078514366676,0.012272190504444759,0.022587638101500586,0.012332424772188339,0.018117630045577728,0.017161820656161706,0.008061486480255552,0.0073327569862619,0.01506015535012794,0.01961083121250205,0.017051517526301872,0.021312004692162042,0.008938558223927263,0.024720701145814556,0.010057709024064889,0.016501460183193446,0.02392836951420132,0.0221558086666818,0.006277873719305775,0.009200835833180075,0.023154372184280198,0.01013078299474798,0.00962260574548001,0.023001382055886564,0.01448599189010524,0.012260987371079108,0.012978819483731708,0.011578059874124526,0.015940056467476628,0.02683680322226679
383,1423.4633582300442,556.2782077492242,0.013623526576045462,781.8190761637238,1168.6331949340408,1018.9303982364632,1020.7225678669213,2009.2468531651273,1134.9197093953878,2375.2845704722495,731.5724692828866,1617.9092855606093,947.6418516727882,2676.095432501006,1512.4726600358522,800.3031552876523,2405.68747248436,1976.362675194622,960.9767137996325,1184.1878055981574,855.5914765198035,1702.988321824094,1279.911058797753,1735.3978277489732,903.399655826583,827.863049112519,1833.6789605299336,2030.9739929338086,1330.194850629355,1422.267293817741,1121.0729034724911,962.8735527656469,2374.921911271143,0.023136093193425158,0.011314197998738706,0.017392664985728237,0.003035942461290355,0.018600333683619012,0.01344259481298661,0.0041676003228666245,0.011352096562563254,0.01544643757156088,0.007158712073795135,0.00979755044487491,0.01289658466671656,0.013206013826116417,0.021350929267140124,0.013261330170422749,0.018732084156996714,0.021812519311564194,0.010114693248061885,0.011323554915914554,0.0138184662102534,0.014524114306691127,0.010827397572036043,0.007886508786986587,0.02264917219553979,0.007755935157756967,0.00998680130831715,0.020019087060003934,0.013611832906854358,0.009611162810308363,0.020473385292234022
384,1416.8342542157434,558.6004085027807,0.014672994616703012,781.8190761637238,1168.6331949340408,1018.9303982364632,1020.7225678669213,2009.2468531651273,1134.9197093953878,2375.2845704722495,720.1007116022491,1617.9092855606093,947.6418516727882,2676.095432501006,1383.1016109930918,800.3031552876523,2405.68747248436,1976.362675194622,960.9767137996325,1184.1878055981574,797.5611628141742,1702.988321824094,1279.911058797753,1735.3978277489732,903.399655826583,827.863049112519,1833.6789605299336,2030.9739929338086,1330.194850629355,1422.267293817741,1121.0729034724911,962.8735527656469,2374.921911271143,0.0177249370288875,0.014121442987009028,0.01597325803438199,0.01026169324205869,0.021354179069549825,0.015924259461501437,0.004884009940833858,0.010142065527466375,0.012096141076727797,0.01933711740145011,0.011382944551126008,0.0235331293212666,0.008929346607618769,0.015973324030833444,0.005275782999504586,0.018361644031633626,0.023802552763612175,0.020419211530847758,0.012485304614012335,0.009827483350110357,0.0056556171484561085,0.01448146244530947,0.0071196752765779435,0.025858033183337816,0.010290814198501468,0.012752131873651868,0.021049188416158212,0.010465268874571249,0.014743998275752714,0.0259638212383413
385,1416.5180557060455,558.9972522817654,0.015526683954550495,781.8190761637238,1168.6331949340408,1018.9303982364632,1020.7225678669213,2009.2468531651273,1134.9197093953878,2375.2845704722495,710.6147563113168,1617.9092855606093,947.6418516727882,2676.095432501006,1383.1016109930918,800.3031552876523,2405.68747248436,1976.362675194622,960.9767137996325,1184.1878055981574,797.5611628141742,1702.988321824094,1279.911058797753,1735.3978277489732,903.399655826583,827.863049112519,1833.6789605299336,2030.9739929338086,1330.194850629355,1422.267293817741,1121.0729034724911,962.8735527656469,2374.921911271143,0.020772910517240648,0.01872883358267928,0.016347585139590386,0.012550268417128292,0.02228546120154146,0.016721048157125225,0.010964991586126429,0.01839709356330609,0.02114949607834101,0.018019588218180498,0.016231416721723516,0.012248237885571441,0.006662626320120036,0.017343698614093288,0.005936079716096956,0.014223553440685766,0.0182448255370888,0.01177064613383176,0.014741660219754375,0.011223193729840243,0.011367618388597244,0.020991226904961986,0.009487076182047537,0.02470321031544436,0.010349019462847685,0.019474304840003835,0.020524958221298687,0.010663259512865017,0.01036745463268883,0.023309175395694173
386,1415.0710981541058,558.8239533742508,0.014733679862537164,781.8190761637238,1168.6331949340408,1018.9303982364632,1020.7225678669213,2009.2468531651273,1134.9197093953878,2375.2845704722495,707.6629021984019,1617.9092855606093,947.6418516727882,2676.095432501006,1383.1016109930918,800.3031552876523,2405.68747248436,1976.362675194622,960.9767137996325,1184.1878055981574,797.5611628141742,1669.4338736190987,1279.911058797753,1735.3978277489732,903.399655826583,820.9606248722367,1833.6789605299336,2030.9739929338086,1330.194850629355,1422.267293817741,1121.0729034724911,962.8735527656469,2374.921911271143,0.014290261013725342,0.017988956676488622,0.014745161643226722,0.011996478635537005,0.021790037441967263,0.012041593671927536,0.011994519120460113,0.010578999200811737,0.020387803964045305,0.013763005213523995,0.015448771537214029,0.024508722356443222,0.008459865277365905,0.017511503895033444,0.006224482081877665,0.00896004804245828,0.015644618741135995,0.008803238787789453,0.010082701074605191,0.011428951000791089,0.005961099975044773,0.018344843901758747,0.007145116048809876,0.03207391046510901,0.01116184576947175,0.022506631229706253,0.023468344671760174,0.006482047373781459,0.011431163458715275,0.02678567360552979
387,1412.08291315379,554.5209349870696,0.014375045143372074,781.8190761637238,1168.6331949340408,1018.9303982364632,1020.7225678669213,2009.2468531651273,1120.5916450205523,2375.2845704722495,707.6629021984019,1617.9092855606093,947.6418516727882,2610.3254808804923,1383.1016109930918,800.3031552876523,2405.68747248436,1976.362675194622,960.9767137996325,1184.1878055981574,797.5611628141742,1669.4338736190987,1279.911058797753,1735.3978277489732,893.85212181246,820.9606248722367,1833.6789605299336,2030.9739929338086,1330.194850629355,1422.267293817741,1121.0729034724911,962.8735527656469,2374.921911271143,0.01653039641476812,0.01879855257082774,0.01965081996462718,0.012053334822193191,0.02347895853710881,0.00814275552148013,0.00256491710474525,0.015296801123077436,0.020127936668242502,0.015806547803673573,0.014003786167128458,0.021233066380967346,0.006640792129539525,0.018387369922384607,0.009408629053707492,0.011949717961942562,0.016385252137146995,0.016330090857719054,0.009176374021972628,0.00957311600468277,0.007136620443726933,0.022036181316884455,0.006950215398113946,0.025053470501798285,0.011406348013533678,0.01818495203451985,0.01610101031717031,0.00782979136242224,0.005501951178268979,0.025511598566788207
388,1408.4723870185046,556.3027160099396,0.014917521488243136,781.8190761637238,1168.6331949340408,1018.9303982364632,1020.7225678669213,2009.2468531651273,1044.3482094300991,2375.2845704722495,707.6629021984019,1617.9092855606093,947.6418516727882,2610.3254808804923,1383.1016109930918,800.3031552876523,2405.68747248436,1976.362675194622,960.9767137996325,1184.1878055981574,797.5611628141742,1669.4338736190987,1247.8387103296398,1735.3978277489732,893.85212181246,820.9606248722367,1833.6789605299336,2030.9739929338086,1330.194850629355,1422.267293817741,1121.0729034724911,962.8735527656469,2374.921911271143,0.014757384823034025,0.021680668066948808,0.02017929977906794,0.00658320871454976,0.023358548145778042,0.010677566812183093,0.00242308807280077,0.008080288956810917,0.024033637106368407,0.017753136422951895,0.009011288759909548,0.025675597663349925,0.01626495318308619,0.009600588057932532,0.014407310460364291,0.014567804753720458,0.018137436256347766,0.020289001078621537,0.012294604755831178,0.004419808160688556,0.004751914734648304,0.018066199359427305,0.003933529477659372,0.024584021761293384,0.00532765204977112,0.014160725682605863,0.026742458247935346,0.011392924520953158,0.01460650049637255,0.029764498286282057
389,1408.4723870185046,556.3027160099396,0.014621028006382153,781.8190761637238,1168.6331949340408,1018.9303982364632,1020.7225678669213,2009.2468531651273,1044.3482094300991,2375.2845704722495,707.6629021984019,1617.9092855606093,947.6418516727882,2610.3254808804923,1383.1016109930918,800.3031552876523,2405.68747248436,1976.362675194622,960.9767137996325,1184.1878055981574,797.5611628141742,1669.4338736190987,1247.8387103296398,1735.3978277489732,893.85212181246,820.9606248722367,1833.6789605299336,2030.9739929338086,1330.194850629355,1422.267293817741,1121.0729034724911,962.8735527656469,2374.921911271143,0.01870416399350315,0.01930097788518128,0.017071613074494417,0.008481545003836447,0.023175249723254344,0.010933752791811082,0.002044696930538388,0.006830637062337948,0.016058236082834087,0.018968612324310113,0.01081959678536692,0.02559222135530844,0.012975699692151189,0.009240453552828903,0.018032632449148312,0.009905813845696273,0.01997803669145443,0.025931876083800237,0.01429570563562035,0.004710422033401634,0.004672244414605947,0.014681451816428624,0.007963412455372201,0.028521484411119603,0.00481757643890493,0.013952501334190903,0.023257803418681038,0.007170202838388137,0.008542567271507776,0.03199965279538747
390,1408.4723870185046,556.3027160099396,0.014808257229367754,781.8190761637238,1168.6331949340408,1018.9303982364632,1020.7225678669213,2009.2468531651273,1044.3482094300991,2375.2845704722495,707.6629021984019,1617.9092855606093,947.6418516727882,2610.3254808804923,1383.1016109930918,800.3031552876523,2405.68747248436,1976.362675194622,960.9767137996325,1184.1878055981574,797.5611628141742,1669.4338736190987,1247.8387103296398,1735.3978277489732,893.85212181246,820.9606248722367,1833.6789605299336,2030.9739929338086,1330.194850629355,1422.267293817741,1121.0729034724911,962.8735527656469,2374.921911271143,0.009597345799773862,0.022611659313024952,0.016635848268117124,0.0067798987493643765,0.024486936071185666,0.016237158329798704,0.010070557340780611,0.006606186552538105,0.015532389082161573,0.011554702339404673,0.00937786524865622,0.013819786098879678,0.016381985119976336,0.012823856074127204,0.006646139629208006,0.012202783696303314,0.02105941896586082,0.025346007024223936,0.014627591559766394,0.01201229511197279,0.011056278979494074,0.012956670374496814,0.006108068774699009,0.028635647537216053,0.006900503566081864,0.015085598826338297,0.026844459162896236,0.010076926063418354,0.004962678090282978,0.037210475130984584
391,1408.4493578642157,556.3211758944303,0.014437631382911877,781.8190761637238,1168.6331949340408,1018.9303982364632,1020.7225678669213,2009.2468531651273,1044.3482094300991,2375.2845704722495,707.6629021984019,1617.9092855606093,947.6418516727882,2610.3254808804923,1383.1016109930918,800.3031552876523,2405.68747248436,1976.362675194622,960.9767137996325,1184.1878055981574,797.5611628141742,1669.4338736190987,1247.8387103296398,1735.3978277489732,893.85212181246,820.9606248722367,1833.6789605299336,2030.9739929338086,1330.194850629355,1422.267293817741,1121.0729034724911,962.1826781369851,2374.921911271143,0.015143739420509419,0.01549584655302441,0.010836535520612168,0.0,0.024528635096519907,0.017197136854972647,0.007667243420790138,0.009266535748234222,0.01556954682914934,0.0139655214137843,0.004392716926368847,0.014407662123204965,0.021187317800782594,0.005922267308221136,0.009237899392996464,0.020600877918783067,0.024655848364751064,0.026227385948119703,0.01618736463941561,0.0028777162655021908,0.01127903260374965,0.02121785709199127,0.012173992758225349,0.018119843247048864,0.008940465042227475,0.017837728403399897,0.025098141809058134,0.00874780649769039,0.008915434684525771,0.025430841803697365
392,1401.6879477597008,553.0571747880753,0.014946523481575423,781.8190761637238,1168.6331949340408,1018.9303982364632,1020.7225678669213,2009.2468531651273,1044.3482094300991,2375.2845704722495,707.6629021984019,1617.9092855606093,947.6418516727882,2610.3254808804923,1383.1016109930918,800.3031552876523,2405.68747248436,1976.362675194622,960.9767137996325,1172.8045218570578,797.5611628141742,1669.4338736190987,1247.8387103296398,1735.3978277489732,893.85212181246,820.9606248722367,1652.13184494271,2030.9739929338086,1330.194850629355,1422.267293817741,1121.0729034724911,952.2707743298567,2374.921911271143,0.017167611614109964,0.01213321440946689,0.008775709692649966,0.005822130581111083,0.02904188867198145,0.020344740142249775,0.0014490574604007376,0.010256836678839629,0.012178209792445823,0.01894309749152638,0.009947529246328196,0.018131142470665218,0.016825777133143257,0.01631328193316644,0.003426790380000795,0.014448687217367013,0.02027511579668771,0.014607372386491698,0.014187242970224563,0.013541003343085448,0.014213617252051294,0.023598150337409057,0.013240445518994358,0.012495961812250204,0.007042367451207707,0.02345979565696097,0.025308293630550687,0.010816560432991855,0.01797227253552743,0.022431800407377103
393,1401.6879477597008,553.0571747880753,0.014539158587144217,781.8190761637238,1168.6331949340408,1018.9303982364632,1020.7225678669213,2009.2468531651273,1044.3482094300991,2375.2845704722495,707.6629021984019,1617.9092855606093,947.6418516727882,2610.3254808804923,1383.1016109930918,800.3031552876523,2405.68747248436,1976.362675194622,960.9767137996325,1172.8045218570578,797.5611628141742,1669.4338736190987,1247.8387103296398,1735.3978277489732,893.85212181246,820.9606248722367,1652.13184494271,2030.9739929338086,1330.194850629355,1422.267293817741,1121.0729034724911,952.2707743298567,2374.921911271143,0.021993368499726083,0.021682624585683447,0.00897311434549789,0.0046123791017844305,0.02273637004049981,0.013914094095117078,0.0037924531928896056,0.018787195620065728,0.015627498379828745,0.015335614960970015,0.009806239090783595,0.021339714893244766,0.017372842272255405,0.014612361569803485,0.007457983420970944,0.010494208791393827,0.028462100189903815,0.013899392525469598,0.018828704719531873,0.0142258822402713,0.012192762445588867,0.015352170838951833,0.00697532727887413,0.009349804950765386,0.005568744380365398,0.01730460800393704,0.02159906747720552,0.009081336159945292,0.012947684160518768,0.021849109382482818
394,1400.0998366722602,554.8472862923719,0.013623283777853488,781.8190761637238,1168.6331949340408,1018.9303982364632,1020.7225678669213,2009.2468531651273,1044.3482094300991,2375.2845704722495,707.6629021984019,1617.9092855606093,947.6418516727882,2610.3254808804923,1383.1016109930918,752.6598226644312,2405.68747248436,1976.362675194622,960.9767137996325,1172.8045218570578,797.5611628141742,1669.4338736190987,1247.8387103296398,1735.3978277489732,893.85212181246,820.9606248722367,1652.13184494271,2030.9739929338086,1330.194850629355,1422.267293817741,1121.0729034724911,952.2707743298567,2374.921911271143,0.016038256898057174,0.01393935788865221,0.011273358323869699,0.007132909507011112,0.02539622385778229,0.015079467068822943,0.009550967360081033,0.012437996884402435,0.014247446513856135,0.017383676599647912,0.013621768632219406,0.020927408375589943,0.013218777613165766,0.013175799888069616,0.011767167031258357,0.006560670035798528,0.02390961573131164,0.010456895105882217,0.019629803178316207,0.007801745183747606,0.014778086991377117,0.011084325725228666,0.00791992031579784,0.008790177740599267,0.009948088085158494,0.006551382753882203,0.01870607002899291,0.011060664997683054,0.0117828370485072,0.024527647970835658
395,1396.2333990211725,558.2032451957244,0.013037357885404315,781.8190761637238,1168.6331949340408,1018.9303982364632,1020.7225678669213,2009.2468531651273,980.2322921422317,2375.2845704722495,707.6629021984019,1617.9092855606093,947.6418516727882,2610.3254808804923,1383.1016109930918,752.6598226644312,2405.68747248436,1976.362675194622,960.9767137996325,1172.8045218570578,797.5611628141742,1669.4338736190987,1247.8387103296398,1735.3978277489732,893.85212181246,769.0834126274676,1652.13184494271,2030.9739929338086,1330.194850629355,1422.267293817741,1121.0729034724911,952.2707743298567,2374.921911271143,0.015502859522675853,0.01603892257914546,0.011872031938430349,0.005585365259370731,0.019222659421637017,0.021339428863543727,0.015561045616269064,0.011827297843464864,0.018230589083705638,0.01671752108783985,0.003796779716306256,0.020088765291822047,0.016808153088369984,0.011351570649746278,0.010115903952203485,0.01035748168201262,0.022084823467342612,0.008705220582106083,0.010186206218560305,0.0008964121608639246,0.014666634085071089,0.007969195769590945,0.009196669427426819,0.009174056546403157,0.010888696229884162,0.009452403030540006,0.02021517826614,0.0067044075650924675,0.014132798117425419,0.022431659499139354
396,1396.2333990211725,558.2032451957244,0.01249655494652911,781.8190761637238,1168.6331949340408,1018.9303982364632,1020.7225678669213,2009.2468531651273,980.2322921422317,2375.2845704722495,707.6629021984019,1617.9092855606093,947.6418516727882,2610.3254808804923,1383.1016109930918,752.6598226644312,2405.68747248436,1976.362675194622,960.9767137996325,1172.8045218570578,797.5611628141742,1669.4338736190987,1247.8387103296398,1735.3978277489732,893.85212181246,769.0834126274676,1652.13184494271,2030.9739929338086,1330.194850629355,1422.267293817741,1121.0729034724911,952.2707743298567,2374.921911271143,0.016721311308356083,0.012912843159357841,0.012667990180709979,0.002295030006838616,0.01705401456207603,0.01650516340473719,0.011791524835863066,0.00930288424552606,0.013243851747291866,0.01781642369788452,0.004972057772731423,0.01992532141101717,0.019806061342806245,0.007630101217118281,0.007295880195099095,0.008452629150115031,0.02115116276386653,0.013362506314503631,0.00799696696979505,0.009800273546846917,0.021049888795366418,0.009383411194560582,0.008458115834626384,0.014684569528518933,0.005520311224472652,0.007484015974971632,0.019741484231761457,0.0038864220494185253,0.017061436998610995,0.016922994731025154
397,1386.8713184691876,556.0071367664239,0.012754752760326008,781.8190761637238,1168.6331949340408,1018.9303982364632,1020.7225678669213,2009.2468531651273,980.2322921422317,2375.2845704722495,707.6629021984019,1617.9092855606093,947.6418516727882,2610.3254808804923,1383.1016109930918,752.6598226644312,2405.68747248436,1976.362675194622,960.9767137996325,1164.328350102852,797.5611628141742,1397.0476288137622,1247.8387103296398,1735.3978277489732,893.85212181246,769.0834126274676,1652.13184494271,2030.9739929338086,1330.194850629355,1422.267293817741,1121.0729034724911,952.2707743298567,2374.921911271143,0.022365369395350245,0.01573959088243183,0.00948805858757131,0.002195529541066725,0.016636843949351682,0.017878116993004456,0.005398769675279819,0.012418820422203844,0.013686526996811168,0.008770049042206353,0.0028360882164319644,0.0186547113140949,0.023247219727700507,0.003405902310304988,0.006800302113650492,0.012395421514051994,0.01696498937050584,0.019346417965556705,0.01378221538315081,0.009666676183255066,0.018080432214535144,0.00860928285903115,0.012581363644366276,0.011819425943425615,0.010264632391913333,0.00471535880261523,0.021519127420322668,0.006157956187544584,0.02342920414732239,0.013788179614723057
398,1381.5573666459472,557.2837630954567,0.011865998279858564,781.8190761637238,1168.6331949340408,1018.9303982364632,1020.7225678669213,2009.2468531651273,980.2322921422317,2375.2845704722495,707.6629021984019,1617.9092855606093,947.6418516727882,2610.3254808804923,1383.1016109930918,752.6598226644312,2405.68747248436,1976.362675194622,960.9767137996325,1164.328350102852,797.5611628141742,1397.0476288137622,1247.8387103296398,1735.3978277489732,893.85212181246,769.0834126274676,1652.13184494271,2030.9739929338086,1170.7762959321487,1422.267293817741,1121.0729034724911,952.2707743298567,2374.921911271143,0.02355852497743083,0.012959062520273299,0.008222693093564602,0.005134391679293824,0.01578303536381005,0.012543713473182548,0.007799382669375385,0.014460388986378902,0.013468202081872653,0.013794116589270844,0.00771960016473101,0.020086232630526567,0.022151177270079547,0.011381939313276138,0.0005979714764334687,0.004575057433786319,0.016640385614236034,0.01191808304279612,0.007467427012815087,0.007610347322138227,0.020890900686694046,0.002706529102961778,0.010561777991745134,0.015955853906093227,0.008512142108148494,0.007508358504181674,0.0234942878250939,0.0,0.018037857591204638,0.010440507964362715
399,1377.1778621363403,555.9149616217165,0.013230148842741783,781.8190761637238,1168.6331949340408,1018.9303982364632,1020.7225678669213,2000.4600270261233,980.2322921422317,2375.2845704722495,694.0647754298456,1617.9092855606093,947.6418516727882,2610.3254808804923,1383.1016109930918,752.6598226644312,2405.68747248436,1976.362675194622,960.9767137996325,1116.5308872023954,797.5611628141742,1397.0476288137622,1247.8387103296398,1735.3978277489732,893.85212181246,769.0834126274676,1652.13184494271,1969.7712734536196,1170.7762959321487,1422.267293817741,1121.0729034724911,952.2707743298567,2374.921911271143,0.026700297173908344,0.015210372043392923,0.005950022538270503,0.0014071680280801334,0.018674703740981496,0.013833802105948468,0.008076434951280702,0.01320009103914288,0.020739543768832212,0.01098305880791266,0.00699499263649812,0.02310934313871941,0.019551192806398665,0.01100791734566554,0.006753253922994728,0.016010879791970287,0.022423730647768148,0.011481122779299321,0.014431930690544563,0.012847372627097087,0.017347250086526787,0.0036066465345395106,0.0078401536735541,0.015220745276580693,0.004518025886495403,0.012937281301279354,0.024556091185856055,0.0014729837322611274,0.016674119516131167,0.013343937504323151
400,1353.857203075274,545.0814605290957,0.011724197799329828,781.8190761637238,1126.0322306405835,1018.9303982364632,1020.7225678669213,2000.4600270261233,980.2322921422317,2375.2845704722495,694.0647754298456,1617.9092855606093,947.6418516727882,2610.3254808804923,1383.1016109930918,752.6598226644312,2379.897680713483,1771.5348469223647,960.9767137996325,1116.5308872023954,797.5611628141742,1397.0476288137622,1247.8387103296398,1735.3978277489732,893.85212181246,769.0834126274676,1652.13184494271,1736.3838292892194,977.7625526011483,1422.267293817741,1121.0729034724911,952.2707743298567,2374.921911271143,0.023785467482177886,0.013504160165293336,0.009001514903357101,0.004548356286581015,0.018422185813997984,0.01222401724904621,0.00739102126009412,0.008011538464847366,0.013639945589429549,0.012984639948417608,0.0024219908058625,0.020653406526702757,0.010782739559854529,0.014864092414949133,0.010207590695785192,0.0061485257773118765,0.014474452012269526,0.015304948873854037,0.010140649628548857,0.0036440772428771432,0.01563011398632441,0.009138554184154341,0.012608332516372155,0.006508974716823984,0.00564505110652424,0.011770293452797868,0.022478553857543836,0.0,0.018188329399211615,0.017602410058884733
401,1353.857203075274,545.0814605290957,0.013389745096247416,781.8190761637238,1126.0322306405835,1018.9303982364632,1020.7225678669213,2000.4600270261233,980.2322921422317,2375.2845704722495,694.0647754298456,1617.9092855606093,947.6418516727882,2610.3254808804923,1383.1016109930918,752.6598226644312,2379.897680713483,1771.5348469223647,960.9767137996325,1116.5308872023954,797.5611628141742,1397.0476288137622,1247.8387103296398,1735.3978277489732,893.85212181246,769.0834126274676,1652.13184494271,1736.3838292892194,977.7625526011483,1422.267293817741,1121.0729034724911,952.2707743298567,2374.921911271143,0.02780756050344944,0.01814683165406932,0.008269612572313787,0.014382351058762186,0.0157630646046907,0.009474087382425696,0.005518015136525252,0.013310032506332134,0.012419559673236009,0.013742704986146347,0.008503918940839338,0.021444561775911582,0.0149851032207443,0.01676599517753738,0.004564491935919288,0.010996103117036719,0.02582180235236399,0.0192999102508625,0.006801218694198844,0.008957850825754128,0.015416665389071885,0.015785195874319414,0.008998945449931494,0.012679017652882348,0.0006765889155746005,0.013315438925541831,0.022652817521517536,0.004532127809955949,0.014614889899145488,0.016045889080362963
402,1353.857203075274,545.0814605290957,0.01253754601394731,781.8190761637238,1126.0322306405835,1018.9303982364632,1020.7225678669213,2000.4600270261233,980.2322921422317,2375.2845704722495,694.0647754298456,1617.9092855606093,947.6418516727882,2610.3254808804923,1383.1016109930918,752.6598226644312,2379.897680713483,1771.5348469223647,960.9767137996325,1116.5308872023954,797.5611628141742,1397.0476288137622,1247.8387103296398,1735.3978277489732,893.85212181246,769.0834126274676,1652.13184494271,1736.3838292892194,977.7625526011483,1422.267293817741,1121.0729034724911,952.2707743298567,2374.921911271143,0.029501811247145602,0.013194026130408825,0.012026203175925442,0.0075778073863285115,0.01445001556225971,0.014086973827542081,0.005695449332443057,0.01936680808002509,0.016277644711348075,0.014242151292037864,0.005569641275812599,0.019763128883437495,0.015379212881688645,0.011725087421906233,0.00021415261832018063,0.01643456120563844,0.018310199670826997,0.02088777903292367,0.00307862337740079,0.0038589581853030234,0.009994218257328187,0.015587489298061044,0.010246340289179222,0.012559551825939926,0.0,0.005963613591277382,0.026517766223977855,0.004756069931560416,0.012497605360414756,0.016363490341958276
403,1353.857203075274,545.0814605290957,0.011675407079096315,781.8190761637238,1126.0322306405835,1018.9303982364632,1020.7225678669213,2000.4600270261233,980.2322921422317,2375.2845704722495,694.0647754298456,1617.9092855606093,947.6418516727882,2610.3254808804923,1383.1016109930918,752.6598226644312,2379.897680713483,1771.5348469223647,960.9767137996325,1116.5308872023954,797.5611628141742,1397.0476288137622,1247.8387103296398,1735.3978277489732,893.85212181246,769.0834126274676,1652.13184494271,1736.3838292892194,977.7625526011483,1422.267293817741,1121.0729034724911,952.2707743298567,2374.921911271143,0.025036651255186372,0.012633502042285265,0.012356780012504046,0.005893453131073099,0.009851133391428572,0.011732579414006782,0.006308912250552126,0.012137323817162472,0.019212547349101446,0.016977453073197396,0.004456604692579848,0.024983749281414336,0.011227743567721923,0.015157557419208226,0.0,0.011530774520098848,0.01863623205062309,0.016061221147480396,0.007362825997215005,0.0024656689566701947,0.007290972645834335,0.018108064724922785,0.008102307688024408,0.01760408018054272,0.0021493594758503886,0.011584539821343696,0.021902969540586358,0.0021824612675132426,0.006862932481212752,0.01045181117754946
404,1351.3860617217572,546.2978803537594,0.012680179874960305,781.8190761637238,1126.0322306405835,1018.9303982364632,1020.7225678669213,2000.4600270261233,980.2322921422317,2375.2845704722495,694.0647754298456,1617.9092855606093,947.6418516727882,2610.3254808804923,1383.1016109930918,752.6598226644312,2379.897680713483,1771.5348469223647,960.9767137996325,1116.5308872023954,797.5611628141742,1397.0476288137622,1247.8387103296398,1735.3978277489732,893.85212181246,769.0834126274676,1652.13184494271,1736.3838292892194,977.7625526011483,1422.267293817741,1046.9386628669895,952.2707743298567,2374.921911271143,0.017664521999884393,0.01653993705419347,0.0121485666796191,0.011617704878387747,0.007900388970777479,0.01596867751566128,0.008828192092342061,0.013023935497702931,0.0177026109824949,0.018048450250744436,0.0008020861104682005,0.01752141718332495,0.012448256132303593,0.01574084729244745,0.0068079956034859815,0.009093119272390003,0.018223885124091385,0.013134179514680745,0.015129779958764076,0.007698515247972143,0.01033164189154754,0.01614766621979552,0.005218777777332689,0.02046698732349584,0.0,0.015106113092567566,0.019484953858321878,0.002654855383329129,0.014019331291036444,0.020932002049646247
405,1350.50664909017,544.6683220087062,0.013121000022379294,781.8190761637238,1126.0322306405835,1018.9303982364632,1020.7225678669213,2000.4600270261233,980.2322921422317,2375.2845704722495,694.0647754298456,1617.9092855606093,947.6418516727882,2610.3254808804923,1383.1016109930918,752.6598226644312,2379.897680713483,1771.5348469223647,960.9767137996325,1116.5308872023954,797.5611628141742,1397.0476288137622,1247.8387103296398,1735.3978277489732,893.85212181246,769.0834126274676,1652.13184494271,1736.3838292892194,977.7625526011483,1422.267293817741,1046.9386628669895,952.2707743298567,2348.5395323235284,0.020686701867006486,0.009074187754129557,0.01130821850499425,0.009070778096693132,0.011223069500309164,0.022860406272482075,0.00750170258342636,0.011532751359109078,0.01983608385578145,0.02029319744733299,0.0054646344414224736,0.01607836215727154,0.0155188366066762,0.012705977973344416,0.001646233319468345,0.014861277049629007,0.009252877970219892,0.02075725938918234,0.006165107384168018,0.007336686921796222,0.013826562154024832,0.014824827913546794,0.01041886924155962,0.019516734381670325,0.011381890057048205,0.009076723147828718,0.018012030969108108,0.012200863969069402,0.01420342715675759,0.016993721226322322
406,1342.248107312866,539.0961705057226,0.013486876308812115,772.6679948803103,1126.0322306405835,1018.9303982364632,1020.7225678669213,2000.4600270261233,980.2322921422317,2375.2845704722495,694.0647754298456,1617.9092855606093,947.6418516727882,2610.3254808804923,1293.3154401169243,724.4999099150162,2379.897680713483,1771.5348469223647,960.9767137996325,1116.5308872023954,797.5611628141742,1397.0476288137622,1247.8387103296398,1735.3978277489732,893.85212181246,769.0834126274676,1652.13184494271,1736.3838292892194,977.7625526011483,1422.267293817741,1046.9386628669895,952.2707743298567,2227.880443913413,0.017774834205037653,0.010267383741392118,0.013023075412232332,0.012002783518539631,0.014608478962662593,0.018167474845691683,0.010151733090935533,0.009844448277571322,0.020356901275523424,0.027343437390949174,0.007338401979510794,0.015809791075479397,0.017808887852248347,0.010905682772209406,0.002653640415726548,0.016710299084374984,0.017718003414471883,0.018708414384994935,0.011786243238850514,0.006254350927540137,0.006577267276747204,0.013960816893499463,0.01294660464003546,0.01771865362292403,0.00920485027877578,0.01188199029298428,0.02022870628872621,0.00920747057812422,0.00865122409158543,0.014994439435019038
407,1338.3103665372034,537.1708718934713,0.013968913444849686,772.6679948803103,1126.0322306405835,1018.9303982364632,1020.7225678669213,2000.4600270261233,980.2322921422317,2375.2845704722495,693.7439478130972,1560.0713221456647,947.6418516727882,2610.3254808804923,1293.3154401169243,724.4999099150162,2379.897680713483,1771.5348469223647,960.9767137996325,1116.5308872023954,797.5611628141742,1397.0476288137622,1247.8387103296398,1735.3978277489732,893.85212181246,769.0834126274676,1592.1584127045187,1736.3838292892194,977.7625526011483,1422.267293817741,1046.9386628669895,952.2707743298567,2227.880443913413,0.01969072956182422,0.014417557966823827,0.01708564048566914,0.004709150163355531,0.014780802116329816,0.0211304912498385,0.01366297944848247,0.013036473829167096,0.013960948890970564,0.013531827332545052,0.015037870517253263,0.015067654065289622,0.021485909847300425,0.017779920803743077,0.0032966560153956177,0.016494870051302783,0.022021964714123096,0.0220688456696172,0.008747717115492376,0.010987560917576897,0.005005275053170444,0.012129695718248889,0.017476285262376115,0.021126423076101155,0.010343015200590605,0.00488645218157463,0.01610160731791787,0.00876476933144622,0.007435241745171807,0.016803067696792295
408,1336.5591978216012,538.700398665291,0.01351193994868562,772.6679948803103,1126.0322306405835,1018.9303982364632,1020.7225678669213,2000.4600270261233,980.2322921422317,2375.2845704722495,693.7439478130972,1560.0713221456647,947.6418516727882,2610.3254808804923,1293.3154401169243,724.4999099150162,2379.897680713483,1771.5348469223647,960.9767137996325,1116.5308872023954,797.5611628141742,1397.0476288137622,1247.8387103296398,1735.3978277489732,841.3170603443963,769.0834126274676,1592.1584127045187,1736.3838292892194,977.7625526011483,1422.267293817741,1046.9386628669895,952.2707743298567,2227.880443913413,0.021039218146306264,0.010428878226407035,0.014951547294957604,0.011464120518709714,0.020213159123974058,0.012215621698995425,0.009590123060573535,0.013808992882370325,0.006898480167289582,0.011170478918348091,0.015458631665855968,0.021423980284026735,0.014351962352397758,0.014667186247217823,0.004024722838527694,0.013489897470929485,0.025715500847286313,0.02260001469612811,0.015334612797845232,0.012134068456990043,0.010253224326157287,0.012320600361870972,0.01644613769437983,0.0161747881528105,0.008802065431392943,0.005162030331018714,0.01620600118822384,0.0065533507436969585,0.009652076434506374,0.012806726101374384
409,1334.0506744656166,535.7702735718989,0.01303225820034268,772.6679948803103,1126.0322306405835,1018.9303982364632,1020.7225678669213,1925.2043263465837,980.2322921422317,2375.2845704722495,693.7439478130972,1560.0713221456647,947.6418516727882,2610.3254808804923,1293.3154401169243,724.4999099150162,2379.897680713483,1771.5348469223647,960.9767137996325,1116.5308872023954,797.5611628141742,1397.0476288137622,1247.8387103296398,1735.3978277489732,841.3170603443963,769.0834126274676,1592.1584127045187,1736.3838292892194,977.7625526011483,1422.267293817741,1046.9386628669895,952.2707743298567,2227.880443913413,0.021324232106929974,0.016210512998524135,0.012054404676567095,0.013187243153508265,0.016020405505231424,0.018776596040045376,0.007322065278020446,0.014779137245605924,0.014242814166606804,0.018124750750086308,0.014039491699342191,0.010382673595313361,0.013195553029960746,0.018007522331714106,0.006079110128027543,0.0038176506803599955,0.022649233130719797,0.0239248327104107,0.013800576351746627,0.010836015412944305,0.012509835276633699,0.0024868118403552006,0.014494601172835018,0.01761763150564232,0.009125586451936656,0.010547386405839708,0.007656587070522587,0.002763174186092224,0.009981369505142655,0.015009941603615158
410,1328.1292445018046,540.164163539953,0.012806609671374067,772.6679948803103,1126.0322306405835,1018.9303982364632,843.0796689525544,1925.2043263465837,980.2322921422317,2375.2845704722495,693.7439478130972,1560.0713221456647,947.6418516727882,2610.3254808804923,1293.3154401169243,724.4999099150162,2379.897680713483,1771.5348469223647,960.9767137996325,1116.5308872023954,797.5611628141742,1397.0476288137622,1247.8387103296398,1735.3978277489732,841.3170603443963,769.0834126274676,1592.1584127045187,1736.3838292892194,977.7625526011483,1422.267293817741,1046.9386628669895,952.2707743298567,2227.880443913413,0.013676104517287582,0.012261496090362168,0.016444757799926848,0.005025362204510438,0.008222922202714455,0.01648771599880423,0.008559676414038478,0.0159492610813085,0.015591414130683936,0.01579853808298347,0.00890190728727564,0.01173242460463644,0.014445043504494872,0.017540304186777288,0.006054218490622022,0.008483754930622527,0.02226507144211203,0.026236832330871405,0.015995641648616454,0.003985108704667164,0.021372870079777628,0.0035678403982151697,0.01381849582473695,0.022915707220904524,0.014376968962288867,0.005398709285654735,0.009606526201377943,0.0,0.01702442153673728,0.012459194978213014
411,1328.0072022243837,540.2908568179117,0.012350591078327765,772.6679948803103,1126.0322306405835,1018.9303982364632,843.0796689525544,1925.2043263465837,980.2322921422317,2375.2845704722495,693.7439478130972,1560.0713221456647,947.6418516727882,2610.3254808804923,1293.3154401169243,724.4999099150162,2379.897680713483,1771.5348469223647,960.9767137996325,1116.5308872023954,797.5611628141742,1397.0476288137622,1247.8387103296398,1735.3978277489732,841.3170603443963,765.4221443048434,1592.1584127045187,1736.3838292892194,977.7625526011483,1422.267293817741,1046.9386628669895,952.2707743298567,2227.880443913413,0.01387474079491405,0.008632734872574824,0.01385011408518358,0.0011086644336803263,0.011647820064865588,0.020649395775869554,0.009301473480838016,0.009238647903900122,0.014679561696290302,0.013477608515171472,0.016403691477021854,0.011244105613087314,0.01418803889231938,0.014730773563335178,0.003569145156976679,0.012852754273739837,0.015089494830243714,0.019641549081684414,0.016457758575407922,0.0,0.019469226862036074,0.00886354941540363,0.010981039601370052,0.01992719283287647,0.008175770363297953,0.016260303684011948,0.012720941642149335,0.0,0.011906055285362522,0.02157557957622087
412,1327.4872727186496,540.375252360619,0.013466294038331073,772.6679948803103,1126.0322306405835,1018.9303982364632,843.0796689525544,1925.2043263465837,980.2322921422317,2375.2845704722495,693.7439478130972,1560.0713221456647,947.6418516727882,2610.3254808804923,1293.3154401169243,724.4999099150162,2379.897680713483,1771.5348469223647,960.9767137996325,1116.5308872023954,797.5611628141742,1397.0476288137622,1232.2408251576178,1735.3978277489732,841.3170603443963,765.4221443048434,1592.1584127045187,1736.3838292892194,977.7625526011483,1422.267293817741,1046.9386628669895,952.2707743298567,2227.880443913413,0.01774322484030814,0.0058587651610853215,0.01750515567705879,0.005492068861372659,0.014096172807907212,0.029691742204593932,0.010716094637805991,0.006719784452475648,0.015507015600432498,0.011766815785743337,0.014141457139884754,0.016159653439361814,0.012917190450525319,0.015687428073581085,0.010254148374254415,0.0135016887758897,0.020769954908736555,0.016647680776336393,0.013238940099747971,0.009034117983717956,0.012793586316349434,0.006925847535873771,0.015754514562902774,0.021759775026411837,0.010614397706392761,0.0049140423486093735,0.016653856548338963,0.005080455420263201,0.007981059626180752,0.0240621860077898
413,1327.4872727186496,540.375252360619,0.013862104593263305,772.6679948803103,1126.0322306405835,1018.9303982364632,843.0796689525544,1925.2043263465837,980.2322921422317,2375.2845704722495,693.7439478130972,1560.0713221456647,947.6418516727882,2610.3254808804923,1293.3154401169243,724.4999099150162,2379.897680713483,1771.5348469223647,960.9767137996325,1116.5308872023954,797.5611628141742,1397.0476288137622,1232.2408251576178,1735.3978277489732,841.3170603443963,765.4221443048434,1592.1584127045187,1736.3838292892194,977.7625526011483,1422.267293817741,1046.9386628669895,952.2707743298567,2227.880443913413,0.018970613301820347,0.01142146199799013,0.017689588948443268,0.0,0.016914731902798512,0.03244887579402674,0.011455159378665246,0.003927008752007594,0.014660788878547024,0.008477014922782874,0.011782991732952792,0.018305678054973906,0.014472232438479317,0.018547921380144987,0.0066069627014333256,0.013130888644931477,0.022110529967473577,0.015449726525638398,0.014308892307851937,0.0,0.020687386858591086,0.008483253421203853,0.014341747668435155,0.019304065640861928,0.019829059205596942,0.007234008028631026,0.01714093247010213,0.007212763314520236,0.008218627207818989,0.022730226351176348
414,1327.4872727186496,540.375252360619,0.01393817180318126,772.6679948803103,1126.0322306405835,1018.9303982364632,843.0796689525544,1925.2043263465837,980.2322921422317,2375.2845704722495,693.7439478130972,1560.0713221456647,947.6418516727882,2610.3254808804923,1293.3154401169243,724.4999099150162,2379.897680713483,1771.5348469223647,960.9767137996325,1116.5308872023954,797.5611628141742,1397.0476288137622,1232.2408251576178,1735.3978277489732,841.3170603443963,765.4221443048434,1592.1584127045187,1736.3838292892194,977.7625526011483,1422.267293817741,1046.9386628669895,952.2707743298567,2227.880443913413,0.01927899262549386,0.0027966954525301133,0.017240393654528497,0.008529797079772979,0.016109862160612446,0.024468478118233394,0.0054216015155244225,0.013477180722668541,0.007629806970690169,0.013991103913989505,0.0118778344625395,0.017704500469927026,0.013431651558133785,0.01887977456973163,0.015369699622047917,0.012981747983207113,0.01526829910783497,0.013979268244265165,0.015115698189335794,0.00427062337827851,0.023125162776755637,0.009198754724341288,0.017887470816009596,0.01366779762066923,0.016191036165174876,0.011972873327494879,0.01396167360627224,0.008474946826786326,0.008248675659781678,0.027593752772806658
415,1323.084137136911,532.9218563002312,0.013950642528504953,772.6679948803103,1126.0322306405835,1018.9303982364632,843.0796689525544,1925.2043263465837,980.2322921422317,2375.2845704722495,693.7439478130972,1560.0713221456647,947.6418516727882,2610.3254808804923,1293.3154401169243,724.4999099150162,2263.5732055175877,1771.5348469223647,960.9767137996325,1116.5308872023954,797.5611628141742,1397.0476288137622,1232.2408251576178,1735.3978277489732,841.3170603443963,765.4221443048434,1576.3888204482598,1736.3838292892194,977.7625526011483,1422.267293817741,1046.9386628669895,952.2707743298567,2227.880443913413,0.015369936722076365,0.01923014060772142,0.009975592649417928,0.010451296496467621,0.01428293647195495,0.025456469148708208,0.008373176938947006,0.013176354590650441,0.010214818950163216,0.010649219957654244,0.008158755167571708,0.022796292465720167,0.01626942733537864,0.03524224204610193,0.01104667929679058,0.019917459056705035,0.013182009261980416,0.008285815632170868,0.012656156234023564,0.004199135893019171,0.018868660128858412,0.004457897317165453,0.013143366058490851,0.013013170809580327,0.016108813900761958,0.008262332392058685,0.011448219413071684,0.007842076206114535,0.013371093718307185,0.023069730987515996
416,1322.883559173918,533.1035811861091,0.014114938450820229,772.6679948803103,1126.0322306405835,1018.9303982364632,837.0623300627556,1925.2043263465837,980.2322921422317,2375.2845704722495,693.7439478130972,1560.0713221456647,947.6418516727882,2610.3254808804923,1293.3154401169243,724.4999099150162,2263.5732055175877,1771.5348469223647,960.9767137996325,1116.5308872023954,797.5611628141742,1397.0476288137622,1232.2408251576178,1735.3978277489732,841.3170603443963,765.4221443048434,1576.3888204482598,1736.3838292892194,977.7625526011483,1422.267293817741,1046.9386628669895,952.2707743298567,2227.880443913413,0.01626783074045848,0.0071188053836024135,0.011767685341952307,0.01733548340209253,0.01826129590672467,0.024361134694477378,0.0033510069157474055,0.014992823534609302,0.007974152453418284,0.013329814996718984,0.014197553867423576,0.021131661794481622,0.02492150870746321,0.02451129112489838,0.0125004529630259,0.013528212238355515,0.016936838551427816,0.015418267281910512,0.011898155425939486,0.011668208450499186,0.013519953889438687,0.006717626159746775,0.010617077250951356,0.016908790495205838,0.017770128784629052,0.004667488499050715,0.012230275264730443,0.010913550187795237,0.004011086946736083,0.02461999227109578
417,1321.9661457170005,533.7334932778373,0.014703562780388264,771.1068947705774,1126.0322306405835,1018.9303982364632,837.0623300627556,1925.2043263465837,954.2709885444447,2375.2845704722495,693.7439478130972,1560.0713221456647,947.6418516727882,2610.3254808804923,1293.3154401169243,724.4999099150162,2263.5732055175877,1771.5348469223647,960.9767137996325,1116.5308872023954,797.5611628141742,1397.0476288137622,1232.2408251576178,1735.3978277489732,841.3170603443963,765.4221443048434,1576.3888204482598,1736.3838292892194,977.7625526011483,1422.267293817741,1046.9386628669895,952.2707743298567,2227.880443913413,0.017052144226072593,0.014652829761828414,0.014086510231526767,0.014804065902897973,0.014868141034460906,0.028623921719322556,0.004073535741177683,0.019444746443524438,0.004902882889331252,0.011833805747669825,0.011110418071467029,0.02081784572238883,0.02134822324075322,0.022034378990264964,0.015819823178512275,0.01455049355676335,0.019627477462381276,0.012124982378511978,0.008273315516029925,0.009391351549487307,0.015617364138413633,0.017659171959074522,0.023380837288916424,0.014834778536087034,0.021544744690159892,0.009438404418484812,0.010782260229026758,0.012918744782580044,0.0,0.01548968400453224
418,1317.7522322543052,533.4327368894221,0.013918348718119125,771.1068947705774,1126.0322306405835,1018.9303982364632,837.0623300627556,1925.2043263465837,954.2709885444447,2375.2845704722495,693.7439478130972,1560.0713221456647,947.6418516727882,2610.3254808804923,1293.3154401169243,724.4999099150162,2263.5732055175877,1771.5348469223647,960.9767137996325,1065.4888485276033,797.5611628141742,1397.0476288137622,1232.2408251576178,1735.3978277489732,841.3170603443963,765.4221443048434,1501.0134552421976,1736.3838292892194,977.7625526011483,1422.267293817741,1046.9386628669895,952.2707743298567,2227.880443913413,0.015811262992569228,0.00744530470361919,0.013895691144456305,0.01443796256714966,0.014889482626640917,0.024448234756818815,0.011060472194951109,0.010797753025857114,0.005155837842078203,0.013799958740892572,0.007559213859925927,0.020662573379968942,0.023455974167672766,0.023221845917377377,0.016080235327246492,0.010749043177295883,0.019865537191308996,0.009670883940641207,0.013837968036596954,0.007139256675112244,0.01262921464034497,0.013101808642063915,0.01776197641209001,0.013586115203626523,0.017947452570944496,0.012786515456356097,0.013339495719233709,0.013085149381097875,0.004205763580869922,0.015122477668766428
419,1308.4168397804706,534.7398838359095,0.013896806958688947,771.1068947705774,1126.0322306405835,1018.9303982364632,837.0623300627556,1925.2043263465837,954.2709885444447,2375.2845704722495,693.7439478130972,1560.0713221456647,938.9137571353793,2610.3254808804923,1293.3154401169243,724.4999099150162,2263.5732055175877,1771.5348469223647,960.9767137996325,1065.4888485276033,797.5611628141742,1397.0476288137622,1232.2408251576178,1701.5214529761454,841.3170603443963,765.4221443048434,1501.0134552421976,1736.3838292892194,977.7625526011483,1422.267293817741,853.0822728461518,952.2707743298567,2184.2795290294457,0.019672767169265727,0.011728329995372487,0.022270546699900567,0.020460619097055443,0.017281873889258444,0.019660698783428347,0.009453685538517135,0.017141991558912703,0.004612259898778147,0.017432158778042148,0.011968704150659997,0.023003121973461823,0.022630169402041714,0.019715947919423746,0.013185155749519135,0.009410708291530063,0.00766240854309572,0.015490651201656479,0.010478997497086915,0.009707438624965634,0.011313676322011287,0.010373576032497217,0.014769665216297115,0.011397883749014936,0.011938418059953439,0.0147057709561084,0.01034216995334076,0.012227544287989037,0.006571730643938324,0.01029553877754538
420,1306.062152692216,535.1507118072108,0.014294190793793543,771.1068947705774,1126.0322306405835,1018.9303982364632,837.0623300627556,1925.2043263465837,954.2709885444447,2375.2845704722495,693.7439478130972,1560.0713221456647,938.9137571353793,2610.3254808804923,1293.3154401169243,724.4999099150162,2263.5732055175877,1771.5348469223647,960.9767137996325,1065.4888485276033,797.5611628141742,1397.0476288137622,1232.2408251576178,1701.5214529761454,818.3933242354133,765.4221443048434,1501.0134552421976,1736.3838292892194,977.7625526011483,1374.55041727909,853.0822728461518,952.2707743298567,2184.2795290294457,0.01991223662743741,0.01869695537877336,0.024732265621891795,0.011872062225164723,0.014504508909574026,0.018646894941592516,0.007263814630260963,0.01378210672648144,0.0031527163732513043,0.016864785459485714,0.008056135382763393,0.013233806096914278,0.020643472035648574,0.024585322021293193,0.012976096695601088,0.013789722408006612,0.01460540207862346,0.01692808984566636,0.015462662221364018,0.008086159264015897,0.020282264329587005,0.008796214180663346,0.017797828942449627,0.01910307546128661,0.01417285605483374,0.016831580030631833,0.0030541751509885985,0.0080703401004879,0.012218100185280028,0.010704074433787491
421,1306.0483304372121,535.1598032202248,0.014260769944264721,771.1068947705774,1126.0322306405835,1018.9303982364632,837.0623300627556,1925.2043263465837,953.8563208943215,2375.2845704722495,693.7439478130972,1560.0713221456647,938.9137571353793,2610.3254808804923,1293.3154401169243,724.4999099150162,2263.5732055175877,1771.5348469223647,960.9767137996325,1065.4888485276033,797.5611628141742,1397.0476288137622,1232.2408251576178,1701.5214529761454,818.3933242354133,765.4221443048434,1501.0134552421976,1736.3838292892194,977.7625526011483,1374.55041727909,853.0822728461518,952.2707743298567,2184.2795290294457,0.018441128062852565,0.015806767120743755,0.021128101786321504,0.012093922243556016,0.014660797689983488,0.020480187747049444,0.012787863340015734,0.010861913671854474,0.012096573219131013,0.016382155236784778,0.011326927407299629,0.014417830152437243,0.016571583910842843,0.02362774985011883,0.01280308476570685,0.016605857342147617,0.009817835308381812,0.020443742604925805,0.011248054803775652,0.010511496393716194,0.020124218249661693,0.012759766534926623,0.010550448863547087,0.017983134061322126,0.009717129378975701,0.01644503792417266,0.007618055144050737,0.009721976597121096,0.012694528675444992,0.0080952302410736
422,1299.948636467228,535.4515035033016,0.014254232656824338,771.1068947705774,1112.878049319549,1018.9303982364632,837.0623300627556,1925.2043263465837,953.8563208943215,2375.2845704722495,693.7439478130972,1560.0713221456647,938.9137571353793,2610.3254808804923,1293.3154401169243,724.4999099150162,2263.5732055175877,1771.5348469223647,960.9767137996325,1065.4888485276033,797.5611628141742,1397.0476288137622,1232.2408251576178,1701.5214529761454,818.3933242354133,765.4221443048434,1501.0134552421976,1736.3838292892194,977.7625526011483,1204.7137795006036,853.0822728461518,952.2707743298567,2184.2795290294457,0.01663166778020127,0.018377891175219676,0.017985669624433636,0.011112014214585858,0.01677774333873504,0.017964970994267197,0.012815055935430784,0.0156017904110454,0.012283313671537571,0.0189108446468609,0.017217973748922265,0.013650195773765474,0.018174651759543328,0.026136731804730164,0.013201509714277344,0.012623906799741434,0.013712054617025862,0.019382908726605023,0.010655631090653225,0.013794651386117789,0.02047553028737718,0.009870639179745977,0.00860338502021613,0.01219218072031832,0.010750869960380926,0.018348087583640395,0.004770256220573585,0.009330083643464951,0.0076196064323036045,0.008655163443009919
423,1297.7941020152618,534.9561591348687,0.013812697385644081,771.1068947705774,1112.878049319549,1018.9303982364632,837.0623300627556,1925.2043263465837,953.8563208943215,2375.2845704722495,693.7439478130972,1560.0713221456647,938.9137571353793,2610.3254808804923,1293.3154401169243,724.4999099150162,2263.5732055175877,1771.5348469223647,960.9767137996325,1065.4888485276033,797.5611628141742,1341.7791748858708,1232.2408251576178,1701.5214529761454,818.3933242354133,765.4221443048434,1501.0134552421976,1727.0162496581222,977.7625526011483,1204.7137795006036,853.0822728461518,952.2707743298567,2184.2795290294457,0.015008272958946774,0.0160356520624682,0.023716991008805473,0.011033950943638215,0.02224620630187504,0.01977363022193598,0.010864401550227087,0.012288088031567649,0.002993036658523663,0.018652738707090156,0.019526309549917662,0.013336376826492698,0.017969572119869354,0.020941811464864322,0.014936317406369972,0.007261321854226747,0.009868584398794313,0.020045590876559383,0.004255534019847994,0.0202462543439886,0.021810415679959446,0.008358622814950934,0.00833496204174346,0.012815046464866402,0.013382221192240785,0.012026567702551208,0.012076048169779967,0.007816633243028254,0.007729490862056062,0.009030272092136575
424,1297.4243536691552,535.2782141270382,0.013537257258329457,771.1068947705774,1112.878049319549,1018.9303982364632,825.9698796795587,1925.2043263465837,953.8563208943215,2375.2845704722495,693.7439478130972,1560.0713221456647,938.9137571353793,2610.3254808804923,1293.3154401169243,724.4999099150162,2263.5732055175877,1771.5348469223647,960.9767137996325,1065.4888485276033,797.5611628141742,1341.7791748858708,1232.2408251576178,1701.5214529761454,818.3933242354133,765.4221443048434,1501.0134552421976,1727.0162496581222,977.7625526011483,1204.7137795006036,853.0822728461518,952.2707743298567,2184.2795290294457,0.017849062177332946,0.016442918821545256,0.015437942575552517,0.011696713538235684,0.017540138310126435,0.018586788978923047,0.013599194886387299,0.006465211021300635,0.000519339320101564,0.020055428470123406,0.020224908176232487,0.01441109570382992,0.016092839158969596,0.0214596634775553,0.016229504510728625,0.011924286594333219,0.008120379446140543,0.016433160968762798,0.007207948285360977,0.010477029247254296,0.019766724462015224,0.0090403901495058,0.008686464307758684,0.012057811149710421,0.014253414685652218,0.01200909889281288,0.012216686410826794,0.014215475076975338,0.010543313947254829,0.012554784998574956
425,1287.4317522418378,516.8684885400853,0.012389127792578135,771.1068947705774,1112.878049319549,1018.9303982364632,825.9698796795587,1925.2043263465837,953.8563208943215,2375.2845704722495,693.7439478130972,1560.0713221456647,938.9137571353793,2364.199012057242,1251.2015974462024,724.4999099150162,2263.5732055175877,1771.5348469223647,960.9767137996325,1053.9511172020455,797.5611628141742,1341.7791748858708,1232.2408251576178,1701.5214529761454,818.3933242354133,765.4221443048434,1501.0134552421976,1727.0162496581222,977.7625526011483,1204.7137795006036,853.0822728461518,952.2707743298567,2184.2795290294457,0.015415790226766767,0.010546917569701667,0.014491281260038518,0.014410619390217932,0.01193025551992798,0.014676316086852164,0.015993958494381975,0.003405302378536387,0.0,0.021855232205100824,0.02011423106864906,0.012931282312746307,0.016161135295191812,0.023274957925273787,0.014271331338952215,0.009921474858169955,0.0067709161214018175,0.01974224817858176,0.0041592389407410155,0.015501410365984068,0.014461626445152809,0.011727521267193147,0.007071848989470938,0.005096249209196609,0.009761079880320012,0.010266920557303662,0.00895703475601571,0.008707329575856794,0.01313277262894844,0.01691755093066993
426,1282.738197952432,515.4176492560911,0.012946412133581406,771.1068947705774,1112.878049319549,1018.9303982364632,825.9698796795587,1925.2043263465837,953.8563208943215,2375.2845704722495,693.7439478130972,1560.0713221456647,938.9137571353793,2364.199012057242,1251.2015974462024,724.4999099150162,2263.5732055175877,1771.5348469223647,960.9767137996325,1053.9511172020455,797.5611628141742,1252.3698694184586,1232.2408251576178,1701.5214529761454,818.3933242354133,765.4221443048434,1501.0134552421976,1675.618926443358,977.7625526011483,1204.7137795006036,853.0822728461518,952.2707743298567,2184.2795290294457,0.015967732338859293,0.012094995872451766,0.019961118223969627,0.015537980640209982,0.013327977370983722,0.020655625832068602,0.014127204491858607,0.011898117693387873,0.0025593859454878997,0.014830913570281467,0.013887557597564505,0.010558249415873376,0.010907982005585348,0.02346058696199522,0.012418572905488066,0.01061131303599655,0.0032113662648491884,0.022442236142398205,0.007590209333665135,0.017988133398615432,0.007433543452672027,0.013497403351988083,0.013376977997977142,0.012290595791223475,0.01719368519573352,0.008190641935849946,0.0060728702349129434,0.010294367216950689,0.015769453121786983,0.010235566666757522
427,1278.5437402540413,518.3450230767688,0.01405928521398417,771.1068947705774,1112.878049319549,1018.9303982364632,825.9698796795587,1925.2043263465837,953.8563208943215,2375.2845704722495,693.7439478130972,1560.0713221456647,938.9137571353793,2364.199012057242,1251.2015974462024,724.4999099150162,2263.5732055175877,1768.590425053082,838.0874047171922,1053.9511172020455,797.5611628141742,1252.3698694184586,1232.2408251576178,1701.5214529761454,818.3933242354133,765.4221443048434,1501.0134552421976,1675.618926443358,977.7625526011483,1204.7137795006036,853.0822728461518,952.2707743298567,2184.2795290294457,0.009515833232281891,0.012541049429201888,0.012078275226064876,0.018991613226161032,0.009452683267285376,0.020509490105714012,0.012096988123230307,0.018476057105635005,0.007923002112301859,0.020881408597436334,0.016819214730946476,0.014554428042175585,0.01182254924884807,0.026109335922599317,0.014098120333923,0.012293001879048238,0.009428286866993464,0.02561927250732839,0.0126562252520909,0.017688167975585967,0.0030405002316095694,0.012864225378178933,0.012901427519793496,0.010009567594764584,0.01329366338582663,0.014829560307131931,0.011132662350691474,0.007831903119187746,0.01629073601359043,0.016029307333898266
428,1270.3884884310546,512.9134357835359,0.01322656367996867,771.1068947705774,1112.878049319549,1018.9303982364632,825.9698796795587,1925.2043263465837,953.8563208943215,2375.2845704722495,693.7439478130972,1560.0713221456647,938.9137571353793,2364.199012057242,1251.2015974462024,724.4999099150162,2263.5732055175877,1596.5764077900658,838.0874047171922,1053.9511172020455,797.5611628141742,1252.3698694184586,1232.2408251576178,1701.5214529761454,818.3933242354133,765.4221443048434,1428.369917815615,1675.618926443358,977.7625526011483,1204.7137795006036,853.0822728461518,952.2707743298567,2184.2795290294457,0.009662796190226426,0.011952084055092448,0.014484663013488244,0.01749279476150973,0.009338215394925686,0.018129729177349577,0.013906530077930539,0.014017467199099097,0.0012993863915749485,0.02175609755566101,0.01382599403019,0.011264115594445664,0.010322311741273012,0.021036275937857896,0.007643717502322092,0.009427220790276263,0.010588333344242725,0.02074887388428718,0.0129844586431763,0.015585243219829133,0.002638708815283693,0.018505035205414428,0.01242053369869944,0.013652262723508663,0.012340704517458752,0.008703995761116318,0.01569467271820762,0.009681716535010921,0.016353231973694024,0.021339739945908202
429,1266.7928398157992,514.2703432915151,0.013394288491995228,738.4704606592595,1112.878049319549,1018.9303982364632,825.9698796795587,1925.2043263465837,953.8563208943215,2375.2845704722495,693.7439478130972,1560.0713221456647,938.9137571353793,2364.199012057242,1175.9685730998588,724.4999099150162,2263.5732055175877,1596.5764077900658,838.0874047171922,1053.9511172020455,797.5611628141742,1252.3698694184586,1232.2408251576178,1701.5214529761454,818.3933242354133,765.4221443048434,1428.369917815615,1675.618926443358,977.7625526011483,1204.7137795006036,853.0822728461518,952.2707743298567,2184.2795290294457,0.006532923305334822,0.012304917614629205,0.016953485492582923,0.01863417660505965,0.010029558480231902,0.01385089354071727,0.011831797387185945,0.015948457905804406,0.006181583384043551,0.023106253819233126,0.017992240967689237,0.013284740041644108,0.015869797824949933,0.016856856706071056,0.014596273240780234,0.015242528935958734,0.008396230239802665,0.02366216682626167,0.007477936215142458,0.02200669374116265,0.004950733198564651,0.01685150738038273,0.003680241376011124,0.014703162918488341,0.014643446610903003,0.010692524566234292,0.005401360702761646,0.009363750989972584,0.016204143126309918,0.01457827161594301
430,1266.2099776285702,514.6513914770637,0.0131926912497145,738.4704606592595,1112.878049319549,1018.9303982364632,825.9698796795587,1925.2043263465837,953.8563208943215,2375.2845704722495,693.7439478130972,1560.0713221456647,921.4278915185156,2364.199012057242,1175.9685730998588,724.4999099150162,2263.5732055175877,1596.5764077900658,838.0874047171922,1053.9511172020455,797.5611628141742,1252.3698694184586,1232.2408251576178,1701.5214529761454,818.3933242354133,765.4221443048434,1428.369917815615,1675.618926443358,977.7625526011483,1204.7137795006036,853.0822728461518,952.2707743298567,2184.2795290294457,0.008399553555586785,0.007459160482924124,0.017940274686718292,0.014441374359860546,0.008307085714815435,0.014832980594440917,0.013616278977241523,0.008405012794350086,0.0036404368514650802,0.03260127217925767,0.017180424595623755,0.018753540811070692,0.016732504230243795,0.01630687526108616,0.016954271578384226,0.014885764317631597,0.0,0.02065476426602025,0.009948840077529445,0.01710184993423369,0.0058684697417355205,0.01906956141283242,0.004609731591680924,0.015267608057687723,0.013302235958849166,0.014584325745680969,0.010644201852142189,0.008962339922051485,0.012429599399568319,0.012880398540722263
431,1246.5375050688183,486.65423471773687,0.013415238006246262,732.915901537209,1112.878049319549,1018.9303982364632,825.9698796795587,1847.022240553001,953.8563208943215,2375.2845704722495,693.7439478130972,1560.0713221456647,921.4278915185156,2364.199012057242,1175.9685730998588,724.4999099150162,1765.247446047513,1596.5764077900658,838.0874047171922,1053.9511172020455,797.5611628141742,1252.3698694184586,1232.2408251576178,1701.5214529761454,810.2815518285618,765.4221443048434,1428.369917815615,1675.618926443358,977.7625526011483,1204.7137795006036,853.0822728461518,952.2707743298567,2184.2795290294457,0.015643794585909237,0.0126826228022087,0.01569457428389204,0.012319628581058253,0.010041120946535566,0.01168485176678978,0.014835623777774294,0.015665473629935638,0.008437204876666717,0.02439982973539211,0.013402230868881574,0.020557328953052664,0.014634357722597387,0.02037234839836453,0.014525884525165322,0.01117628331750482,0.00807131487529742,0.01937274830870802,0.005973421942984721,0.017001359320142514,0.0048371452655647145,0.016578349403049975,0.010388293524238406,0.012027858870777418,0.016726842591096133,0.012615252091024785,0.012217577033129768,0.00616130317479246,0.015565729303248847,0.00884678571160412
432,1245.7634957164528,487.1373458688831,0.014518426363906134,732.915901537209,1112.878049319549,1018.9303982364632,825.9698796795587,1847.022240553001,930.6360403233625,2375.2845704722495,693.7439478130972,1560.0713221456647,921.4278915185156,2364.199012057242,1175.9685730998588,724.4999099150162,1765.247446047513,1596.5764077900658,838.0874047171922,1053.9511172020455,797.5611628141742,1252.3698694184586,1232.2408251576178,1701.5214529761454,810.2815518285618,765.4221443048434,1428.369917815615,1675.618926443358,977.7625526011483,1204.7137795006036,853.0822728461518,952.2707743298567,2184.2795290294457,0.01506798222005198,0.002756777609002893,0.02116982739460973,0.020004329105252943,0.011219486857551367,0.02218902978734445,0.00887601729494262,0.01614218439465312,0.011695296657796122,0.022982618938676196,0.019706866390690962,0.0191878870917695,0.011131748635350597,0.02252174382192491,0.016435078224295904,0.008994854115526224,0.005856824633080878,0.0208308377885213,0.00822334482727896,0.020152991792072736,0.00394875950082368,0.01989113617787416,0.009742873532176538,0.01765473128764631,0.023133655808101755,0.013648124171916843,0.017618299381208073,0.003309455695037753,0.01738146946887488,0.00407855831313061
433,1221.5053241313058,458.52696376426394,0.014234660356800941,732.915901537209,1112.878049319549,1018.9303982364632,825.9698796795587,1847.022240553001,930.6360403233625,2375.2845704722495,693.7439478130972,1354.3155154209458,921.4278915185156,1926.4842740311644,1175.9685730998588,724.4999099150162,1765.247446047513,1596.5764077900658,838.0874047171922,1053.9511172020455,797.5611628141742,1252.3698694184586,1232.2408251576178,1701.5214529761454,726.0069490249421,765.4221443048434,1428.369917815615,1675.618926443358,977.7625526011483,1204.7137795006036,853.0822728461518,952.2707743298567,2184.2795290294457,0.020046487547146524,0.007287646547282893,0.017586646746286013,0.017922949749256335,0.016305242298163897,0.018805959025290468,0.011934143301856898,0.016327499934880498,0.01206248971029967,0.01853077769776153,0.01663217541996236,0.01638039575805468,0.0047407307189011195,0.02634106628925626,0.009460022738292374,0.0065570117274574525,0.005135138795996059,0.015796650502668468,0.012334972404346164,0.012987787751078353,0.0011473477331088392,0.01357315915297364,0.009551254784366508,0.023828628012926175,0.018168727380404256,0.00998034621279544,0.021941098216930365,0.01647662038357996,0.021058700431285205,0.00813813373141986
434,1215.3773278620029,459.30133754665775,0.014426318712461075,732.915901537209,1112.878049319549,1018.9303982364632,825.9698796795587,1847.022240553001,930.6360403233625,2375.2845704722495,693.7439478130972,1354.3155154209458,921.4278915185156,1926.4842740311644,1175.9685730998588,724.4999099150162,1765.247446047513,1596.5764077900658,838.0874047171922,1053.9511172020455,797.5611628141742,1068.5299813393774,1232.2408251576178,1701.5214529761454,726.0069490249421,765.4221443048434,1428.369917815615,1675.618926443358,977.7625526011483,1204.7137795006036,853.0822728461518,952.2707743298567,2184.2795290294457,0.015415298360838985,0.007225701930706912,0.020511503311049332,0.010989423336545295,0.015478061876826524,0.02528481278719344,0.013928942447056471,0.013931039831000816,0.008724747206103483,0.021822246263333716,0.020346800968379024,0.018089642142789936,0.010839018466832983,0.02108932776600227,0.008866402254180268,0.010126235046787386,0.014756231674295095,0.01736810743775343,0.0131333554393245,0.016308928578782914,0.003865367969410742,0.004492445737412998,0.0018913378471973649,0.01969892273850927,0.02148637216132694,0.014646181455990647,0.020504791533720975,0.009219918769409708,0.017854346321598425,0.014894049713472456
435,1215.3773278620029,459.30133754665775,0.013845920230081922,732.915901537209,1112.878049319549,1018.9303982364632,825.9698796795587,1847.022240553001,930.6360403233625,2375.2845704722495,693.7439478130972,1354.3155154209458,921.4278915185156,1926.4842740311644,1175.9685730998588,724.4999099150162,1765.247446047513,1596.5764077900658,838.0874047171922,1053.9511172020455,797.5611628141742,1068.5299813393774,1232.2408251576178,1701.5214529761454,726.0069490249421,765.4221443048434,1428.369917815615,1675.618926443358,977.7625526011483,1204.7137795006036,853.0822728461518,952.2707743298567,2184.2795290294457,0.006257730518414126,0.015507481369976999,0.022522669537730536,0.007629250375030944,0.0172599273919426,0.020139997452841958,0.010196975851898523,0.011558701261924004,0.011117435640248627,0.019471971524256393,0.013693106462409307,0.016851821721603488,0.01299485713054401,0.019325516232350157,0.00929523720290184,0.012616556701480729,0.01636124259857566,0.01698818680674958,0.014943239288760547,0.015098668833880868,0.005344265962096628,0.0048942494772029185,0.007704941037386046,0.018990030310687758,0.019719018019172453,0.007926834275769162,0.021235984259209043,0.016517747395070663,0.009800435316974788,0.013413526945367227
436,1215.306155200359,459.3823218683487,0.014501762633111039,732.915901537209,1112.878049319549,1018.9303982364632,825.9698796795587,1847.022240553001,930.6360403233625,2375.2845704722495,691.6087679637706,1354.3155154209458,921.4278915185156,1926.4842740311644,1175.9685730998588,724.4999099150162,1765.247446047513,1596.5764077900658,838.0874047171922,1053.9511172020455,797.5611628141742,1068.5299813393774,1232.2408251576178,1701.5214529761454,726.0069490249421,765.4221443048434,1428.369917815615,1675.618926443358,977.7625526011483,1204.7137795006036,853.0822728461518,952.2707743298567,2184.2795290294457,0.014053658563167426,0.008217121811735194,0.019475171982252425,0.01317191011238567,0.017475321663928137,0.01584485953206193,0.010990520585034155,0.012354351029048326,0.020172333354837594,0.02192104445818307,0.014141859690597653,0.01390143611113729,0.008068729242725585,0.02319246629481476,0.012476983090007216,0.014924579443012233,0.02056442893885055,0.01639348538613988,0.009796427615506639,0.0161943456374639,0.011357915109853971,0.009568600591038437,0.0058277483062745316,0.02031826800307541,0.01147144481793484,0.0034030996254982506,0.026629512041481857,0.0063798325391250495,0.016783634431158236,0.019981788985001088
437,1215.306155200359,459.3823218683487,0.015152312350427716,732.915901537209,1112.878049319549,1018.9303982364632,825.9698796795587,1847.022240553001,930.6360403233625,2375.2845704722495,691.6087679637706,1354.3155154209458,921.4278915185156,1926.4842740311644,1175.9685730998588,724.4999099150162,1765.247446047513,1596.5764077900658,838.0874047171922,1053.9511172020455,797.5611628141742,1068.5299813393774,1232.2408251576178,1701.5214529761454,726.0069490249421,765.4221443048434,1428.369917815615,1675.618926443358,977.7625526011483,1204.7137795006036,853.0822728461518,952.2707743298567,2184.2795290294457,0.0212852647647995,0.011233081360384424,0.01909237653257518,0.013700231037190666,0.01798982523550009,0.018964437069136572,0.014068203231475314,0.01668829628537949,0.0142900894381396,0.016598912773689474,0.011777150811987082,0.013062787463580318,0.009956018957031703,0.015347751033921424,0.0246582271421941,0.016562421051466436,0.016951420009617465,0.013073029051008121,0.010680241810415861,0.020632107594657043,0.01293068505228836,0.00925546785872516,0.00844739767992753,0.022117440424758123,0.010653453958302918,0.004157524684819081,0.02853623793700108,0.01078704410389224,0.01777563265248605,0.013296613506481161
438,1203.5674380639105,447.87063825210714,0.015454042689978988,732.915901537209,1112.878049319549,1018.9303982364632,825.9698796795587,1847.022240553001,930.6360403233625,2375.2845704722495,691.6087679637706,1354.3155154209458,921.4278915185156,1612.4418337777154,1175.9685730998588,686.3808360750145,1765.247446047513,1596.5764077900658,838.0874047171922,1053.9511172020455,797.5611628141742,1068.5299813393774,1232.2408251576178,1701.5214529761454,726.0069490249421,765.4221443048434,1428.369917815615,1675.618926443358,977.7625526011483,1204.7137795006036,853.0822728461518,952.2707743298567,2184.2795290294457,0.02287293782483742,0.014190605302896214,0.018027115629842036,0.013517632351979962,0.017687414132511105,0.018803211168688744,0.012237891024875476,0.014086230114285636,0.010116548245974077,0.020753231549202802,0.00856010109313215,0.011322852060278728,0.0014579214397905653,0.019998240966077045,0.02430280604745088,0.017122318283007754,0.017475608167178736,0.014788175700361877,0.01615816760532168,0.022171338841188753,0.013060253629642265,0.013658106247954426,0.005952545067885815,0.01635506064232926,0.01827454783349514,0.008236686019751693,0.027667441226145412,0.012005850966868575,0.016247183301199706,0.016513258215215657
439,1203.5674380639105,447.87063825210714,0.015277680283766243,732.915901537209,1112.878049319549,1018.9303982364632,825.9698796795587,1847.022240553001,930.6360403233625,2375.2845704722495,691.6087679637706,1354.3155154209458,921.4278915185156,1612.4418337777154,1175.9685730998588,686.3808360750145,1765.247446047513,1596.5764077900658,838.0874047171922,1053.9511172020455,797.5611628141742,1068.5299813393774,1232.2408251576178,1701.5214529761454,726.0069490249421,765.4221443048434,1428.369917815615,1675.618926443358,977.7625526011483,1204.7137795006036,853.0822728461518,952.2707743298567,2184.2795290294457,0.028284324875073045,0.016620415157125076,0.01323627138565408,0.00680117991271197,0.016265261522818743,0.01642001311585251,0.017261519670326863,0.010669429084674708,0.008252492579839182,0.013399743187758353,0.012761888476328108,0.00799227628789073,0.006323554761573888,0.019446227784113656,0.020611944767868755,0.022451576145565203,0.017078570885262535,0.014283781389205226,0.013435397744244964,0.015515946802178767,0.012507835099935484,0.01872351093392297,0.008526511999860958,0.01666396114441509,0.014227683403117593,0.015112812474059045,0.027219036757663278,0.014319715985673699,0.01963144022080264,0.014286084957470102
440,1194.3093726294196,447.2904323789613,0.013800439350329796,732.915901537209,1112.878049319549,1018.9303982364632,825.9698796795587,1847.022240553001,930.6360403233625,2375.2845704722495,691.6087679637706,1354.3155154209458,921.4278915185156,1612.4418337777154,1175.9685730998588,686.3808360750145,1765.247446047513,1596.5764077900658,838.0874047171922,1053.9511172020455,797.5611628141742,1068.5299813393774,1232.2408251576178,1564.4482877546386,726.0069490249421,765.4221443048434,1428.369917815615,1675.618926443358,977.7625526011483,1190.404807571096,726.7224469624392,952.2707743298567,2184.2795290294457,0.028744087421987446,0.012035377623341233,0.018304871020812442,0.0038521745776019614,0.015520609506235345,0.012371842952594019,0.009962120657303283,0.012259992296220878,0.004221825340890844,0.016163312686006005,0.008440277491817619,0.007355632748961156,0.005416482168709886,0.019173001938079987,0.016503387571842564,0.023750365599294884,0.019428645219454824,0.012560333623388362,0.009950671462896573,0.020602941020165754,0.011752333110495597,0.009347469076777321,0.0104827012740262,0.01385213386766427,0.012555459503810002,0.004446726162905057,0.023282802006759497,0.013001474067217855,0.022930263340894735,0.015743865171738432
441,1194.2246477824267,447.0669113036328,0.015563597578196694,732.915901537209,1112.878049319549,1018.9303982364632,825.9698796795587,1847.022240553001,930.6360403233625,2372.7428250624644,691.6087679637706,1354.3155154209458,921.4278915185156,1612.4418337777154,1175.9685730998588,686.3808360750145,1765.247446047513,1596.5764077900658,838.0874047171922,1053.9511172020455,797.5611628141742,1068.5299813393774,1232.2408251576178,1564.4482877546386,726.0069490249421,765.4221443048434,1428.369917815615,1675.618926443358,977.7625526011483,1190.404807571096,726.7224469624392,952.2707743298567,2184.2795290294457,0.017437880102837592,0.01567566606167737,0.014933949205177037,0.009120729454312134,0.015414687650795659,0.015365312751288435,0.012898792743156817,0.013243761036497437,0.002861894625976657,0.018410645050428304,0.008585567730746957,0.015312066966981078,0.010269599886060552,0.0236123846178656,0.02298097786176832,0.03051265011436985,0.015588815721267527,0.015364739747013705,0.018096903917856934,0.01672859253528523,0.0144242676113877,0.011647875622919992,0.017725714027047056,0.016514026349078167,0.01598863880662529,0.008356383459402152,0.015927777067836407,0.016881651879532267,0.025090557352386245,0.011935417388322326
442,1192.7406065514776,447.18358882022926,0.014793922400020048,732.915901537209,1112.878049319549,1018.9303982364632,825.9698796795587,1847.022240553001,930.6360403233625,2372.7428250624644,691.6087679637706,1354.3155154209458,921.4278915185156,1612.4418337777154,1175.9685730998588,686.3808360750145,1765.247446047513,1596.5764077900658,838.0874047171922,1053.9511172020455,797.5611628141742,1051.6321893385584,1204.6173802299647,1564.4482877546386,726.0069490249421,765.4221443048434,1428.369917815615,1675.618926443358,977.7625526011483,1190.404807571096,726.7224469624392,952.2707743298567,2184.2795290294457,0.028285932537638194,0.013941934309404548,0.01742527852527849,0.014128253544703899,0.013521680096101826,0.018789879126069536,0.0167009683017301,0.013242277541255652,0.0025053593878161134,0.01562084066145756,0.004027419371509635,0.014823130203283566,0.007863760888749832,0.01655416440534909,0.013342315780892561,0.02700187183225765,0.016741092801184885,0.01156833677616446,0.012225545730284157,0.016706121205751896,0.018340853191234095,0.008089648367574183,0.01686544045377329,0.012199580582611145,0.016527907942750476,0.005593390863942381,0.01946904659736815,0.01773673307629302,0.020814627815501877,0.013164280082668988
443,1192.7406065514776,447.18358882022926,0.015528145870319764,732.915901537209,1112.878049319549,1018.9303982364632,825.9698796795587,1847.022240553001,930.6360403233625,2372.7428250624644,691.6087679637706,1354.3155154209458,921.4278915185156,1612.4418337777154,1175.9685730998588,686.3808360750145,1765.247446047513,1596.5764077900658,838.0874047171922,1053.9511172020455,797.5611628141742,1051.6321893385584,1204.6173802299647,1564.4482877546386,726.0069490249421,765.4221443048434,1428.369917815615,1675.618926443358,977.7625526011483,1190.404807571096,726.7224469624392,952.2707743298567,2184.2795290294457,0.0246329251026407,0.015170618278060244,0.02073711218578263,0.00998310170459649,0.018744562330566,0.020448180846320323,0.013184387588744302,0.016448233024604186,0.0030280508224358508,0.020021934475084033,0.005009448241481515,0.005992502492858187,0.006602465234898755,0.011631619241486844,0.01541120547346674,0.0255061366662791,0.02310390642138252,0.018650910303649865,0.013045191454051964,0.020060333046299197,0.01572535980199636,0.0158371415453553,0.015383947049091509,0.016060043722351116,0.019924520664455343,0.00646538603072507,0.012915988169923348,0.021373029878396215,0.018884386065306968,0.015861748247302368
444,1192.3024526408103,447.1781767786826,0.015748508806925254,732.915901537209,1112.878049319549,1018.9303982364632,825.9698796795587,1847.022240553001,930.6360403233625,2372.7428250624644,691.6087679637706,1354.3155154209458,921.4278915185156,1612.4418337777154,1175.9685730998588,686.3808360750145,1765.247446047513,1596.5764077900658,838.0874047171922,1053.9511172020455,797.5611628141742,1051.6321893385584,1191.4727629099414,1564.4482877546386,726.0069490249421,765.4221443048434,1428.369917815615,1675.618926443358,977.7625526011483,1190.404807571096,726.7224469624392,952.2707743298567,2184.2795290294457,0.016383585702668655,0.012680312134939255,0.02446023902494092,0.009426136367940718,0.01238034284255255,0.02379456249877634,0.0177804031967065,0.01766114971478976,0.004739878500413649,0.021867479458777796,0.011232757494037942,0.010593907230496776,0.01416682747412398,0.011452892284415515,0.012436787297857724,0.023763981823704036,0.0208230160525356,0.016934020221525632,0.007378079634364781,0.018635943750359298,0.018159992895576973,0.015013660706382713,0.014291330669335387,0.02307529200332956,0.019760981322567726,0.01191192188785537,0.010180842600934947,0.0218339133803992,0.01915944856010373,0.01047557747534453
445,1184.6692677878516,441.7753082857281,0.01520940371798288,732.915901537209,1112.878049319549,1018.9303982364632,825.9698796795587,1847.022240553001,930.6360403233625,2372.7428250624644,691.6087679637706,1354.3155154209458,921.4278915185156,1404.803646398639,1175.9685730998588,686.3808360750145,1765.247446047513,1596.5764077900658,838.0874047171922,1053.9511172020455,797.5611628141742,1051.6321893385584,1191.4727629099414,1564.4482877546386,726.0069490249421,765.4221443048434,1409.551839559447,1673.0796464898401,977.7625526011483,1190.404807571096,726.7224469624392,952.2707743298567,2184.2795290294457,0.017797754041109993,0.01049693547679204,0.016954676863883106,0.010321273630097707,0.014710422502184921,0.02592411544575776,0.01726000686758801,0.014630563137697662,0.003000570113385345,0.016302115319433225,0.009668098027629524,0.01062422251395114,0.012890657098716602,0.015592413946285112,0.012523026868388045,0.026179472309944912,0.02485560484632367,0.019647129324616593,0.008299122877029316,0.01853521326980421,0.01664517288641333,0.010964074705110367,0.013144771153729569,0.02190760023944951,0.021694273315344473,0.012734463559683057,0.01316400012769239,0.015726043521196182,0.0143284424588505,0.009759875091398204
446,1182.2386697766638,443.3640205518704,0.015490336587921701,732.915901537209,1112.878049319549,1018.9303982364632,825.9698796795587,1847.022240553001,857.7180999877303,2372.7428250624644,691.6087679637706,1354.3155154209458,921.4278915185156,1404.803646398639,1175.9685730998588,686.3808360750145,1765.247446047513,1596.5764077900658,838.0874047171922,1053.9511172020455,797.5611628141742,1051.6321893385584,1191.4727629099414,1564.4482877546386,726.0069490249421,765.4221443048434,1409.551839559447,1673.0796464898401,977.7625526011483,1190.404807571096,726.7224469624392,952.2707743298567,2184.2795290294457,0.019496533863397725,0.016538318860375333,0.021286982870566563,0.01522937032453331,0.0157143864242439,0.023696354479094784,0.015732585251276018,0.013034987621257897,0.005800449693394262,0.012117601441054695,0.0019708281088027663,0.01746094319220587,0.014909305980851101,0.006376746302499768,0.01461885257552298,0.025256060879195016,0.02106824986813346,0.011863714070511925,0.018806329316088746,0.02118160681436346,0.012781323047296324,0.011596960345598506,0.016400076099369717,0.015402434665785576,0.010841181489311008,0.019457384733951106,0.013556883625465536,0.022013429366445757,0.01482196284638181,0.015678253480676144
447,1181.8254453770555,443.75791160791454,0.015601184671681844,732.915901537209,1112.878049319549,1018.9303982364632,825.9698796795587,1847.022240553001,857.7180999877303,2372.7428250624644,691.6087679637706,1354.3155154209458,921.4278915185156,1404.803646398639,1175.9685730998588,686.3808360750145,1765.247446047513,1596.5764077900658,838.0874047171922,1053.9511172020455,797.5611628141742,1051.6321893385584,1191.4727629099414,1564.4482877546386,726.0069490249421,753.0254123165959,1409.551839559447,1673.0796464898401,977.7625526011483,1190.404807571096,726.7224469624392,952.2707743298567,2184.2795290294457,0.016772912324770156,0.01707632545840819,0.0237693687373535,0.01027903835655626,0.017723688718239306,0.023829837638765217,0.015301081514677357,0.017109147278821513,0.005237082438060471,0.01780277464159966,0.0006460744773939437,0.02007898500421016,0.011009919363482572,0.009965216443877494,0.010037241625759937,0.026376185508018308,0.02031106672483927,0.014234758527549858,0.02164439129547107,0.01567151411732475,0.017401737942676413,0.012959997197838594,0.017719300868585777,0.012995597425057286,0.013953049139261757,0.01394381260076905,0.008680130711568923,0.02342568089836551,0.0165865468585691,0.015493076312583929
448,1178.2468927528143,447.7876788895605,0.01500965688010671,732.915901537209,1112.878049319549,1018.9303982364632,825.9698796795587,1847.022240553001,857.7180999877303,2372.7428250624644,691.6087679637706,1354.3155154209458,921.4278915185156,1404.803646398639,1175.9685730998588,686.3808360750145,1765.247446047513,1596.5764077900658,838.0874047171922,1053.9511172020455,797.5611628141742,1051.6321893385584,1191.4727629099414,1564.4482877546386,619.7279019753194,753.0254123165959,1409.551839559447,1673.0796464898401,977.7625526011483,1189.3272758934875,726.7224469624392,952.2707743298567,2184.2795290294457,0.01928494263169015,0.020258666136670694,0.01374363662456034,0.012047291150411176,0.014789964300710091,0.019179597357882935,0.016560022692072022,0.00896880588408564,0.00981559156505786,0.019899463444846565,0.009307794714748158,0.020142089454283817,0.009003588605812084,0.0034843216233009476,0.010294075282533559,0.02153666985871249,0.024599402242558133,0.01881019658030592,0.018036570005295585,0.01612406265969979,0.027054835129182876,0.017013826320226612,0.021563272168038987,0.007759051933627424,0.011408317992237568,0.007761949131012839,0.008830964713961872,0.01809573294258315,0.01194593322145941,0.012969070035632534
449,1164.4485845253168,433.8263605473031,0.015490941335459191,732.915901537209,1112.878049319549,1018.9303982364632,825.9698796795587,1791.4504029245963,857.7180999877303,2372.7428250624644,691.6087679637706,1354.3155154209458,921.4278915185156,1404.803646398639,1175.9685730998588,686.3808360750145,1406.8700368509888,1596.5764077900658,838.0874047171922,1053.9511172020455,797.5611628141742,1051.6321893385584,1191.4727629099414,1564.4482877546386,619.7279019753194,753.0254123165959,1409.551839559447,1673.0796464898401,977.7625526011483,1189.3272758934875,726.7224469624392,952.2707743298567,2184.2795290294457,0.021251077796880846,0.012090991862916093,0.01775474753647479,0.021271234371758724,0.017482473381803223,0.014896798291976926,0.011157900027707576,0.005538492980000823,0.01438684877572967,0.017970661975217028,0.004768168672283554,0.02351740230268224,0.014515991928068916,0.006578196816237179,0.011099911328881568,0.02790760443581541,0.02372550989257824,0.024962747269929628,0.0229236433168195,0.014206392471186347,0.019108468427099578,0.01483194508743229,0.010130615412600666,0.00996618879528854,0.01485286023467964,0.00110197376938699,0.012727632952275667,0.02008020828158263,0.016003825400158114,0.01791772626832334
450,1158.938170568342,428.80196095351425,0.01557757293917697,732.915901537209,1112.878049319549,1018.9303982364632,825.9698796795587,1771.5077191135647,857.7180999877303,2372.7428250624644,691.6087679637706,1354.3155154209458,921.4278915185156,1404.803646398639,1175.9685730998588,686.3808360750145,1406.8700368509888,1451.2066728918603,838.0874047171922,1053.9511172020455,797.5611628141742,1051.6321893385584,1191.4727629099414,1564.4482877546386,619.7279019753194,753.0254123165959,1409.551839559447,1673.0796464898401,977.7625526011483,1189.3272758934875,726.7224469624392,952.2707743298567,2184.2795290294457,0.02256216135804406,0.010737016248144068,0.012789702045487345,0.02086295049453555,0.012717276867800506,0.01824008738245005,0.012895435921126902,0.005550514634924895,0.014101149502102058,0.02095054353881222,0.005292748451858433,0.017087187514865276,0.011440322409968087,0.010677897443681082,0.009608597999491111,0.026848235015949806,0.022077286126801286,0.021627846505316725,0.022794671500273773,0.01945613150495275,0.014656786589653211,0.022359802433635362,0.012098467095513188,0.015832671762382552,0.01636655717333203,0.008702835047505169,0.001530487041824602,0.025896092844220762,0.017179725247286077,0.014386000473370202
451,1156.8141245663746,429.52125470956406,0.014765580622973841,732.915901537209,1112.878049319549,1018.9303982364632,825.9698796795587,1771.5077191135647,857.7180999877303,2372.7428250624644,691.6087679637706,1354.3155154209458,872.2920404604527,1404.803646398639,1175.9685730998588,686.3808360750145,1406.8700368509888,1451.2066728918603,838.0874047171922,1053.9511172020455,797.5611628141742,1051.6321893385584,1191.4727629099414,1564.4482877546386,619.7279019753194,753.0254123165959,1394.9663105584839,1673.0796464898401,977.7625526011483,1189.3272758934875,726.7224469624392,952.2707743298567,2184.2795290294457,0.023759753136613833,0.00639837748710128,0.012100958339828998,0.021855795284471083,0.008187496777744423,0.021258092138249515,0.00465514241638064,0.011521122223208953,0.01608084147237695,0.01674598624308493,0.011734680218292857,0.012267224966828912,0.013545127459355544,0.015221438877948714,0.002366968490198944,0.026090667202201944,0.011448869448340664,0.01398066539492886,0.019722479347164423,0.02187232715175629,0.021340227668037316,0.017002480900653705,0.009928213619485602,0.012833153785214074,0.011856387524492452,0.013679042378458543,0.007648663464781319,0.028185916298031223,0.01677627637634549,0.012903042597637701
452,1156.8141245663746,429.52125470956406,0.014101839869198139,732.915901537209,1112.878049319549,1018.9303982364632,825.9698796795587,1771.5077191135647,857.7180999877303,2372.7428250624644,691.6087679637706,1354.3155154209458,872.2920404604527,1404.803646398639,1175.9685730998588,686.3808360750145,1406.8700368509888,1451.2066728918603,838.0874047171922,1053.9511172020455,797.5611628141742,1051.6321893385584,1191.4727629099414,1564.4482877546386,619.7279019753194,753.0254123165959,1394.9663105584839,1673.0796464898401,977.7625526011483,1189.3272758934875,726.7224469624392,952.2707743298567,2184.2795290294457,0.015861393387723785,0.0042567624882546146,0.014430616016865372,0.027999579920009603,0.009709478823116615,0.023107205842182295,0.010409599097090338,0.0063965143043141015,0.010096562557310262,0.02515763181605587,0.01118003675175811,0.014582879675254568,0.013632169319114002,0.016025329508724602,0.0016856308423062627,0.017513458307310645,0.009095731780112647,0.019345888394887184,0.016481976229109012,0.021159883514606615,0.020827312831198957,0.01591136473726446,0.009910296897655768,0.016020638304608148,0.009431807704809283,0.005139989987043362,0.0034657944163961566,0.02839584959209776,0.01274386033687682,0.013079952691886953
453,1153.2216892709798,431.66235404321566,0.014440229288799797,732.915901537209,1112.878049319549,1018.9303982364632,825.9698796795587,1771.5077191135647,857.7180999877303,2372.7428250624644,691.6087679637706,1354.3155154209458,872.2920404604527,1404.803646398639,1175.9685730998588,686.3808360750145,1406.8700368509888,1451.2066728918603,838.0874047171922,1053.9511172020455,797.5611628141742,1051.6321893385584,1191.4727629099414,1564.4482877546386,619.7279019753194,753.0254123165959,1394.9663105584839,1673.0796464898401,977.7625526011483,1189.3272758934875,726.7224469624392,844.4977154680146,2184.2795290294457,0.01094589652935106,0.0044881730296236115,0.011273310021268967,0.026209159768667015,0.012078366520212054,0.018779186660426016,0.004116209006982645,0.01155562729165022,0.013205622901330696,0.02086675890322549,0.011271350431094276,0.016417923050332694,0.02096251138850589,0.01769596192659801,0.0005561960318994587,0.01567943299497613,0.02014641920434369,0.01879813976459508,0.009951034990670056,0.017320920214379445,0.01806704619981266,0.020430086980886678,0.013121490587857974,0.014804940321382014,0.0034581672644608758,0.011635787209606193,0.010958426393482011,0.029968021794488976,0.01243807237371565,0.016006638908168523
454,1152.3011310614606,430.8130072906495,0.01508454258207344,732.915901537209,1112.878049319549,1018.9303982364632,825.9698796795587,1771.5077191135647,857.7180999877303,2372.7428250624644,691.6087679637706,1354.3155154209458,872.2920404604527,1404.803646398639,1175.9685730998588,686.3808360750145,1406.8700368509888,1451.2066728918603,838.0874047171922,1053.9511172020455,797.5611628141742,1051.6321893385584,1191.4727629099414,1536.8315414690662,619.7279019753194,753.0254123165959,1394.9663105584839,1673.0796464898401,977.7625526011483,1189.3272758934875,726.7224469624392,844.4977154680146,2184.2795290294457,0.00906774001256938,0.004681714398662766,0.01070659666319045,0.03081690994413127,0.021725667605368676,0.023237251867785934,0.005276348524509908,0.015655507374444978,0.0114138965014304,0.0216759277659508,0.010790334167447962,0.021958596960307445,0.018848749101255093,0.015298453953498825,0.01462019286484224,0.020447067335479973,0.013113412774959449,0.016883071125815333,0.008831953273464336,0.014476036530699421,0.01884561862860276,0.01359573951924012,0.012211138572181838,0.014276476028335172,0.009439152854177147,0.016949126482781934,0.0,0.028295663020248874,0.015819460275350108,0.013578473335470662
455,1151.5471680485555,429.23590761816274,0.014998830056640548,732.915901537209,1112.878049319549,1018.9303982364632,825.9698796795587,1771.5077191135647,857.7180999877303,2372.7428250624644,691.6087679637706,1354.3155154209458,872.2920404604527,1404.803646398639,1175.9685730998588,686.3808360750145,1406.8700368509888,1451.2066728918603,838.0874047171922,1053.9511172020455,797.5611628141742,1051.6321893385584,1188.6473307036758,1536.8315414690662,619.7279019753194,753.0254123165959,1394.9663105584839,1673.0796464898401,977.7625526011483,1189.3272758934875,726.7224469624392,844.4977154680146,2164.4860708485503,0.01251009539755727,0.009742559180075008,0.01496097124767425,0.02286752274330038,0.02560885208015442,0.025028161463241057,0.010354535584993194,0.011390037745103223,0.01051488901188803,0.014993173038519695,0.00802268421042986,0.014287351252712854,0.015383150992602882,0.016978407442759188,0.011292646450115946,0.028163125817898718,0.014883569788563832,0.020713152111713318,0.001420376555111158,0.013472059009633637,0.023692696929809756,0.01341635771078244,0.01172873020919939,0.016372055033732066,0.0012655917009506315,0.017122207309338708,0.007416312587070217,0.027422444361542064,0.010012604376510843,0.018928580356232388
456,1149.6806940812646,431.0825366223735,0.01521354098656974,732.915901537209,1112.878049319549,1018.9303982364632,825.9698796795587,1771.5077191135647,857.7180999877303,2372.7428250624644,691.6087679637706,1354.3155154209458,872.2920404604527,1404.803646398639,1175.9685730998588,686.3808360750145,1406.8700368509888,1451.2066728918603,838.0874047171922,1053.9511172020455,797.5611628141742,1051.6321893385584,1188.6473307036758,1536.8315414690662,619.7279019753194,697.0311932978733,1394.9663105584839,1673.0796464898401,977.7625526011483,1189.3272758934875,726.7224469624392,844.4977154680146,2164.4860708485503,0.013945124866861273,0.010197720265043756,0.006594454741354527,0.02529025671462525,0.02161230800071603,0.02759710277769516,0.008434250426513579,0.018013133312845417,0.010203575457221632,0.01585222067750778,0.007664883357646023,0.018892292288847156,0.019049918327523334,0.02199744031128782,0.010102755747880438,0.02181254140334538,0.017163856364080143,0.024366187506993132,0.006168323014059395,0.01348857797766599,0.017692823845973853,0.010917128737727775,0.018673436164192175,0.01722040687007289,0.006837589504563218,0.011335901360646376,0.009637548319298726,0.018320378047638152,0.011466338568793012,0.015857754638472724
457,1137.1690198323531,438.983945501821,0.015004140456196795,732.915901537209,1112.878049319549,1016.2452660401847,825.9698796795587,1771.5077191135647,857.7180999877303,2372.7428250624644,691.6087679637706,1354.3155154209458,872.2920404604527,1404.803646398639,1175.9685730998588,686.3808360750145,1406.8700368509888,1451.2066728918603,838.0874047171922,681.2860219309842,797.5611628141742,1051.6321893385584,1188.6473307036758,1536.8315414690662,619.7279019753194,697.0311932978733,1394.9663105584839,1673.0796464898401,977.7625526011483,1189.3272758934875,726.7224469624392,844.4977154680146,2164.4860708485503,0.014377409886240871,0.009009383414588018,0.015781096274982736,0.034630080778034596,0.018600797560156306,0.030132314249704042,0.009322181297770155,0.014600905950014464,0.005816279268893164,0.013148057939079595,0.010992009698043304,0.018665495830463508,0.014100282516666032,0.022491064722483578,0.009402873370028795,0.02007195264534608,0.014072371514037499,0.019890188816940713,0.005566753394807733,0.011930034785366231,0.013710406700842358,0.013441553695781813,0.011954984759162079,0.02246711215586376,0.01512109658361213,0.012201254596927065,0.002371637780128081,0.019437959972069537,0.009894011033129676,0.01692266249473996
458,1133.55668218922,436.2547598385189,0.014752287248934305,732.915901537209,1112.878049319549,1016.2452660401847,825.9698796795587,1771.5077191135647,857.7180999877303,2372.7428250624644,691.6087679637706,1354.3155154209458,872.2920404604527,1372.533096155439,1175.9685730998588,686.3808360750145,1406.8700368509888,1451.2066728918603,838.0874047171922,681.2860219309842,797.5611628141742,1051.6321893385584,1188.6473307036758,1460.731962418268,619.7279019753194,697.0311932978733,1394.9663105584839,1673.0796464898401,977.7625526011483,1189.3272758934875,726.7224469624392,844.4977154680146,2164.4860708485503,0.016370608376994413,0.01617627467557977,0.01741986154489379,0.03515316991617084,0.01856073484386043,0.028468664901702443,0.00943489142953689,0.014256124072658695,0.009372885060169344,0.01589929923605143,0.013566801947964066,0.011716430514711327,0.01483162134375874,0.01764159076643953,0.004321780276279035,0.020904482626378843,0.008928875987355998,0.02049505335976678,0.005465152549049852,0.013768344241751997,0.011161040614729096,0.01048630292760702,0.010196773183470197,0.0166474144705736,0.006379550768797997,0.00962906716650025,0.001476284789646484,0.023367042448674852,0.017790013511844966,0.022682479915110583
459,1131.5259393093506,436.13536795358345,0.015053013121233631,732.915901537209,1112.878049319549,1016.2452660401847,825.9698796795587,1771.5077191135647,857.7180999877303,2372.7428250624644,691.6087679637706,1354.3155154209458,872.2920404604527,1372.533096155439,1175.9685730998588,686.3808360750145,1406.8700368509888,1451.2066728918603,838.0874047171922,681.2860219309842,797.5611628141742,1051.6321893385584,1127.7250443075925,1460.731962418268,619.7279019753194,697.0311932978733,1394.9663105584839,1673.0796464898401,977.7625526011483,1189.3272758934875,726.7224469624392,844.4977154680146,2164.4860708485503,0.01598405377891744,0.02003163956167294,0.02359074603620221,0.03079899379780184,0.015173337053049959,0.024912159249559737,0.0053712048635437,0.01796037461024989,0.00490707434164296,0.017946149646398908,0.0116232612617232,0.008846853542284107,0.018367859227438103,0.014525235696648596,0.011095052195726558,0.019729906933792167,0.013867639526641462,0.02536601708815079,0.010969609561657524,0.01781989853246102,0.013147325982097917,0.01012804237690661,0.01246373641464534,0.016988966218024315,0.007747438110985442,0.0076718856359995185,0.006097843065063377,0.015341378180101142,0.015742789055100098,0.017373922092522077
460,1131.0375364393137,435.9860537967274,0.01605475823756731,732.915901537209,1112.878049319549,1016.2452660401847,825.9698796795587,1771.5077191135647,857.7180999877303,2372.7428250624644,691.6087679637706,1354.3155154209458,872.2920404604527,1372.533096155439,1167.497047659117,686.3808360750145,1406.8700368509888,1451.2066728918603,838.0874047171922,681.2860219309842,797.5611628141742,1051.6321893385584,1127.7250443075925,1460.731962418268,619.7279019753194,697.0311932978733,1388.785749898119,1673.0796464898401,977.7625526011483,1189.3272758934875,726.7224469624392,844.4977154680146,2164.4860708485503,0.015162277079740424,0.019154278007599484,0.01986747578581182,0.024608574743740622,0.019073980599883765,0.02933378509114968,0.010621664892019184,0.017650929544614884,0.0011004020435008994,0.012417425015812188,0.011445694356900536,0.01294084036355516,0.020951840499617676,0.030123360134195754,0.0060763935061823,0.012595015568947019,0.018091747640816475,0.020971223896285973,0.015026336398576099,0.023136059006234614,0.00784121672233483,0.006213764235391689,0.018540749239778664,0.02052220762911386,0.020767564201828938,0.006689294276925111,0.00973789984274475,0.017643485065980662,0.0135209308958597,0.0198163308418764
461,1130.3829634196445,435.91793207938827,0.015815474442097445,732.915901537209,1112.878049319549,1016.2452660401847,825.9698796795587,1771.5077191135647,857.7180999877303,2372.7428250624644,691.6087679637706,1354.3155154209458,872.2920404604527,1372.533096155439,1167.497047659117,686.3808360750145,1406.8700368509888,1451.2066728918603,838.0874047171922,681.2860219309842,797.5611628141742,1051.0646036100184,1127.7250443075925,1460.731962418268,619.7279019753194,697.0311932978733,1388.785749898119,1673.0796464898401,977.7625526011483,1170.2576710319534,726.7224469624392,844.4977154680146,2164.4860708485503,0.018755660814810945,0.01786275365777274,0.01672212424383269,0.02720140213369882,0.018682040332980324,0.029589009597748937,0.009563102886515856,0.014535817476151567,0.001605885194992124,0.015085848402763283,0.008997863954192994,0.018876707207473906,0.025740662055120777,0.02077704566024469,0.007449958818669705,0.01365591543780092,0.020171490523294585,0.023366409581162668,0.012453805478573186,0.015355668409188472,0.01105231661855657,0.003026208300195636,0.02294485233256273,0.017519906791085723,0.01855006687223174,0.012059451988532286,0.00835829648474848,0.0116332648642747,0.013397749584938872,0.01947294755880745
462,1120.8135155775822,425.13788089188,0.016030405512859582,732.915901537209,1112.878049319549,1016.2452660401847,818.4796521876024,1491.9145113436566,857.7180999877303,2372.7428250624644,691.6087679637706,1354.3155154209458,872.2920404604527,1372.533096155439,1167.497047659117,686.3808360750145,1406.8700368509888,1451.2066728918603,838.0874047171922,681.2860219309842,797.5611628141742,1051.0646036100184,1127.7250443075925,1460.731962418268,619.7279019753194,697.0311932978733,1388.785749898119,1673.0796464898401,977.7625526011483,1170.2576710319534,726.7224469624392,844.4977154680146,2164.4860708485503,0.016691827084899236,0.01533667602926288,0.017582894674325965,0.02936758414458306,0.02401560933554372,0.03441418925505794,0.005602248960101317,0.01562337537818145,0.0,0.020935391967079,0.00726192138715247,0.012424802264837543,0.022807754871365455,0.027897201892469494,0.013898695451647902,0.013627783710636141,0.022389759493007703,0.020524793650453763,0.016556636158879603,0.017074197258641132,0.011698328850617022,0.005714149031511636,0.01659848518243781,0.016851451756784354,0.013056621266826718,0.0198448963790555,0.0021042212273172565,0.01131744403132697,0.015267861822531816,0.014425362869252691
463,1120.1765819424293,425.27587761129263,0.015798579773151817,732.915901537209,1112.878049319549,1016.2452660401847,818.4796521876024,1491.9145113436566,857.7180999877303,2372.7428250624644,691.6087679637706,1354.3155154209458,872.2920404604527,1372.533096155439,1167.497047659117,673.9962917318368,1406.8700368509888,1451.2066728918603,838.0874047171922,681.2860219309842,797.5611628141742,1051.0646036100184,1127.7250443075925,1460.731962418268,619.7279019753194,697.0311932978733,1388.785749898119,1666.3561817784287,977.7625526011483,1170.2576710319534,726.7224469624392,844.4977154680146,2164.4860708485503,0.016119396430899758,0.01512841929010286,0.02040923441978699,0.02697476508670987,0.01920463835533823,0.027785886702756214,0.00978634295099693,0.015542434430359188,0.002687851662389756,0.017955044464798474,0.009196032283628468,0.005355686054540502,0.01687028561699105,0.028518605552755222,0.014821430151526456,0.013849414015739867,0.01669994779886438,0.02034450970302358,0.015489434707738758,0.01624276889995858,0.015688074738803025,0.011654034171520326,0.016859097449022146,0.02100543113777471,0.012813886771547168,0.01944625610444145,0.007347439996702322,0.011226908400865248,0.01948126295702375,0.00945287288794916
464,1115.559565741639,425.4888972508234,0.01481169359451284,732.915901537209,1112.878049319549,1016.2452660401847,818.4796521876024,1491.9145113436566,857.7180999877303,2372.7428250624644,691.6087679637706,1354.3155154209458,872.2920404604527,1372.533096155439,1028.9865616354111,673.9962917318368,1406.8700368509888,1451.2066728918603,838.0874047171922,681.2860219309842,797.5611628141742,1051.0646036100184,1127.7250443075925,1460.731962418268,619.7279019753194,697.0311932978733,1388.785749898119,1666.3561817784287,977.7625526011483,1170.2576710319534,726.7224469624392,844.4977154680146,2164.4860708485503,0.012967104187551929,0.018983431398320875,0.018603705138994654,0.026173357131161885,0.01920901583284082,0.026296289334644975,0.01012819241643301,0.013697174471298312,0.0051556630355113955,0.010623295408400549,0.007685348822335861,0.004474022508635901,0.016084048345793363,0.02169329341903122,0.013592933202332914,0.008786358412790919,0.01829871736942891,0.01739069352773498,0.016124516817583916,0.014871993655708389,0.011675920620626975,0.009210306384177414,0.01651090158938392,0.0193481001787656,0.01899889903171034,0.018151122377689028,0.0008677993686553101,0.013501300648757266,0.020659828356841718,0.014587474842242933
465,1109.3499310264408,430.4896953701913,0.013944451041459931,732.915901537209,1112.878049319549,1016.2452660401847,818.4796521876024,1491.9145113436566,857.7180999877303,2372.7428250624644,691.6087679637706,1354.3155154209458,872.2920404604527,1372.533096155439,1028.9865616354111,673.9962917318368,1406.8700368509888,1451.2066728918603,692.169648695376,681.2860219309842,757.1898773800402,1051.0646036100184,1127.7250443075925,1460.731962418268,619.7279019753194,697.0311932978733,1388.785749898119,1666.3561817784287,977.7625526011483,1170.2576710319534,726.7224469624392,844.4977154680146,2164.4860708485503,0.013649794951645556,0.012067696410566285,0.02006320748793369,0.023455790689515935,0.015823449473178722,0.024923679711249317,0.007696651748700789,0.017803157119797998,0.0081126587030734,0.011987132648442369,0.008872749370019377,0.004044608841177881,0.018509655077189095,0.017614267175433733,0.010505838713919169,0.014503012390626622,0.018721219067206328,0.0197097508886472,0.018781203353310235,0.010295205002292985,0.008809154014435619,0.0019664919278400343,0.018979903205351402,0.016045645927299998,0.011980727967099727,0.013936721267728696,0.0008046625747177409,0.020126019818960984,0.01470415553330427,0.013839320183132636
466,1109.3499310264408,430.4896953701913,0.013632384628790734,732.915901537209,1112.878049319549,1016.2452660401847,818.4796521876024,1491.9145113436566,857.7180999877303,2372.7428250624644,691.6087679637706,1354.3155154209458,872.2920404604527,1372.533096155439,1028.9865616354111,673.9962917318368,1406.8700368509888,1451.2066728918603,692.169648695376,681.2860219309842,757.1898773800402,1051.0646036100184,1127.7250443075925,1460.731962418268,619.7279019753194,697.0311932978733,1388.785749898119,1666.3561817784287,977.7625526011483,1170.2576710319534,726.7224469624392,844.4977154680146,2164.4860708485503,0.00840894805104479,0.013156277482813318,0.021851252503742723,0.016967692504105104,0.017246655411327343,0.022090916630191342,0.0012215564613275015,0.020558367537256293,0.009480719958272005,0.019031291782449174,0.0036070493608704166,0.0028620127178162307,0.019633493389777493,0.016821641545991032,0.012567039493046035,0.013494264721033506,0.022439723631558033,0.018671991813414522,0.01663014491984145,0.014724568449056404,0.007956125428400664,0.006438247452894997,0.016282221066127124,0.021278867112136755,0.014796331985511555,0.017907993060071445,0.00048269614971675463,0.017020228628009126,0.008959857465002788,0.0063833621509160774
467,1104.7328107254762,430.4996404802896,0.015502799450673082,732.915901537209,1112.878049319549,1016.2452660401847,818.4796521876024,1491.9145113436566,857.7180999877303,2372.7428250624644,691.6087679637706,1354.3155154209458,826.4040387586082,1372.533096155439,1028.9865616354111,673.9962917318368,1406.8700368509888,1451.2066728918603,692.169648695376,681.2860219309842,757.1898773800402,1051.0646036100184,1127.7250443075925,1460.731962418268,619.7279019753194,680.6063095721413,1312.585026296757,1666.3561817784287,977.7625526011483,1170.2576710319534,726.7224469624392,844.4977154680146,2164.4860708485503,0.01195766018507469,0.012684486576580467,0.025933303283061364,0.022813849759465425,0.026028284501029172,0.02165522804396256,0.002195738011269581,0.020804099425501387,0.013879937791827883,0.014998355875064383,0.009119476960362263,0.014224784779903845,0.020055988443421574,0.014708539253215563,0.010478186765242405,0.00839026934971091,0.023481041037027688,0.015835312141268737,0.019052476756244097,0.012394230906938454,0.017707350235922306,0.010034803624014396,0.013120292410788907,0.017478677377054934,0.017018847067356013,0.01701978635640313,0.004946475103539347,0.021554273993946306,0.0130003462341642,0.012511881270830498
468,1101.4395300182377,431.49047693274883,0.013936435042570059,731.6627583637217,1112.878049319549,923.0071536751917,818.4796521876024,1491.9145113436566,857.7180999877303,2372.7428250624644,691.6087679637706,1354.3155154209458,826.4040387586082,1372.533096155439,1028.9865616354111,673.9962917318368,1406.8700368509888,1451.2066728918603,692.169648695376,681.2860219309842,757.1898773800402,1051.0646036100184,1123.4178786289222,1460.731962418268,619.7279019753194,680.6063095721413,1312.585026296757,1666.3561817784287,977.7625526011483,1170.2576710319534,726.7224469624392,844.4977154680146,2164.4860708485503,0.0156207741534067,0.011395354908294674,0.019017452035198366,0.020995196590141832,0.02182353931012482,0.021122249288058684,0.0010058331263738498,0.014144513752966378,0.01572340743996307,0.013161391306969871,0.004756634277401737,0.011195716745716778,0.020522519435726763,0.014680211631237144,0.013976007904901225,0.009615156736523594,0.018178465319647487,0.01202749338903661,0.01722594650198173,0.01253803460701896,0.016331517851681708,0.010786194847991237,0.007947513273987385,0.022170343718945194,0.009925100343522914,0.0048971890114321735,0.012962449123884803,0.023166291185686458,0.0038807575685672153,0.017299795890712375
469,1097.7301627425952,431.0237044215054,0.01514510245752733,731.6627583637217,1112.878049319549,923.0071536751917,818.4796521876024,1455.4458618220797,857.7180999877303,2372.7428250624644,691.6087679637706,1354.3155154209458,826.4040387586082,1372.533096155439,1028.9865616354111,671.1382982529517,1406.8700368509888,1451.2066728918603,692.169648695376,681.2860219309842,757.1898773800402,995.8680873745783,1123.4178786289222,1460.731962418268,619.7279019753194,680.6063095721413,1312.585026296757,1666.3561817784287,961.0046935677727,1170.2576710319534,726.7224469624392,844.4977154680146,2164.4860708485503,0.01695140230477926,0.014638916764749535,0.024567634674234992,0.01821738942277819,0.016871291796860744,0.019466860162773356,0.0038907482008858356,0.018169018450479014,0.013677032318305807,0.014482414537823328,0.0005501027332943563,0.008686653187299886,0.022181832323297845,0.020599264647015968,0.008680364734771474,0.013055687945105053,0.014979417976271362,0.013245947235167702,0.015606141445640459,0.010918359648689799,0.009132166431292364,0.013343535044274962,0.02413242704760665,0.022764943275490983,0.011663808972303805,0.019080204407351368,0.012740716891820979,0.02534493661079137,0.008867764282324844,0.017846090252338603
470,1088.6170615572191,425.04790494057346,0.014540649992700362,731.6627583637217,1112.878049319549,923.0071536751917,815.2766672482271,1455.4458618220797,857.7180999877303,2307.619207473136,691.6087679637706,1350.081085677762,826.4040387586082,1372.533096155439,1028.9865616354111,671.1382982529517,1406.8700368509888,1451.2066728918603,692.169648695376,681.2860219309842,757.1898773800402,995.8680873745783,1123.4178786289222,1460.731962418268,619.7279019753194,680.6063095721413,1312.585026296757,1666.3561817784287,961.0046935677727,969.4256677425576,726.7224469624392,844.4977154680146,2164.4860708485503,0.016771464734292037,0.00933490817572507,0.022875794604192614,0.01448107252297176,0.015866384353360612,0.01719620014161934,0.012623048268667612,0.014432557549459366,0.011999449775186456,0.0144030782418108,0.00723053465698215,0.006704801815344828,0.018545439413456256,0.01770051359215659,0.00934317989044991,0.002865306930545127,0.02582095201186844,0.019930035864443876,0.014606223543366865,0.008645982077397037,0.01057160588772596,0.00942767197686355,0.015182553017507839,0.02459134842713653,0.018101395569953382,0.012979246418642298,0.014816610649334566,0.017848437716654838,0.011097311500340079,0.0202263904535551
471,1088.6170615572191,425.04790494057346,0.014658296991703672,731.6627583637217,1112.878049319549,923.0071536751917,815.2766672482271,1455.4458618220797,857.7180999877303,2307.619207473136,691.6087679637706,1350.081085677762,826.4040387586082,1372.533096155439,1028.9865616354111,671.1382982529517,1406.8700368509888,1451.2066728918603,692.169648695376,681.2860219309842,757.1898773800402,995.8680873745783,1123.4178786289222,1460.731962418268,619.7279019753194,680.6063095721413,1312.585026296757,1666.3561817784287,961.0046935677727,969.4256677425576,726.7224469624392,844.4977154680146,2164.4860708485503,0.01316818625393479,0.01604669787235877,0.018355068219777088,0.005907873020343062,0.020579707555594115,0.01867032389078206,0.01640062915921736,0.012389301159007096,0.00697539949237491,0.017143143577543644,0.0055364954780521254,0.005864220916992744,0.02412534836987803,0.020219119368276983,0.009035971148537061,0.008172061620407827,0.022345417850026455,0.01789484251078061,0.014429198461733937,0.00838385122402048,0.01447751996680342,0.005008526683387753,0.01536708089950447,0.0207739932337048,0.020623610350631698,0.00845162190749436,0.011512543217249479,0.02448802829479958,0.019220980408602418,0.018182147639293055
472,1088.467620956091,424.61986801108515,0.014136928712507305,731.6627583637217,1112.878049319549,923.0071536751917,815.2766672482271,1455.4458618220797,857.7180999877303,2303.1359894392945,691.6087679637706,1350.081085677762,826.4040387586082,1372.533096155439,1028.9865616354111,671.1382982529517,1406.8700368509888,1451.2066728918603,692.169648695376,681.2860219309842,757.1898773800402,995.8680873745783,1123.4178786289222,1460.731962418268,619.7279019753194,680.6063095721413,1312.585026296757,1666.3561817784287,961.0046935677727,969.4256677425576,726.7224469624392,844.4977154680146,2164.4860708485503,0.013098884975886026,0.014532834964896846,0.02779287603994881,0.008053864185766242,0.015213623886295864,0.017367696295395512,0.010649231422607994,0.014194370812137569,0.00955114521355472,0.01974207840575976,0.00640513562485159,0.004682454050397741,0.023372022513049935,0.012452553410363667,0.00865160668535419,0.008753982629564342,0.02409354012785579,0.012142265368687346,0.013207239325233893,0.006952773076769138,0.014304978791707619,0.005492946984379393,0.015806223142118277,0.02270302984333994,0.01393071357498667,0.007190562743030844,0.017877752259172187,0.02433408880507183,0.011443381807400756,0.020114004409634734
473,1087.0936851416593,423.7643214556348,0.015560139529471646,731.6627583637217,1112.878049319549,923.0071536751917,815.2766672482271,1455.4458618220797,857.7180999877303,2303.1359894392945,691.6087679637706,1350.081085677762,826.4040387586082,1331.315021722484,1028.9865616354111,671.1382982529517,1406.8700368509888,1451.2066728918603,692.169648695376,681.2860219309842,757.1898773800402,995.8680873745783,1123.4178786289222,1460.731962418268,619.7279019753194,680.6063095721413,1312.585026296757,1666.3561817784287,961.0046935677727,969.4256677425576,726.7224469624392,844.4977154680146,2164.4860708485503,0.020460699769662447,0.016654152809011176,0.01891891951552267,0.01074242357498464,0.014939925171996833,0.021760461847975157,0.0065647481330685644,0.016412600507876667,0.012428364816599579,0.021131740728821444,0.005054903806988087,0.0097445791092715,0.020752871968109536,0.017817774729326812,0.020626124342358824,0.01714737729837214,0.022475164738368057,0.011480951231868673,0.011458670875533131,0.0061888634271003995,0.01850750096633237,0.01055922797984697,0.01705753874362008,0.015479234567507676,0.015064770296802707,0.008051841338106094,0.020886251620871144,0.024432230332598934,0.01264359956300662,0.021360672072640346
474,1083.110137939262,422.174004820091,0.01568890631923877,723.0984694405195,1112.878049319549,923.0071536751917,815.2766672482271,1455.4458618220797,857.7180999877303,2303.1359894392945,691.6087679637706,1239.1389585290433,826.4040387586082,1331.315021722484,1028.9865616354111,671.1382982529517,1406.8700368509888,1451.2066728918603,692.169648695376,681.2860219309842,757.1898773800402,995.8680873745783,1123.4178786289222,1460.731962418268,619.7279019753194,680.6063095721413,1312.585026296757,1666.3561817784287,961.0046935677727,969.4256677425576,726.7224469624392,844.4977154680146,2164.4860708485503,0.020945051961830434,0.012240081153079098,0.021929714503035914,0.004074092721795693,0.00996053012933521,0.018990573889137125,0.012283443499687054,0.018716305642027448,0.007908426090054333,0.02841928365528541,0.0012189111199363864,0.014685065925578762,0.01653302837232473,0.022838499756355712,0.012332094108000152,0.024970660193537043,0.01805617529308186,0.016533345320103903,0.013934584913231253,0.01783916184869657,0.01824965120700562,0.010497544235870375,0.014513719541146948,0.013690065843667306,0.019363057467626243,0.012602070923351616,0.015131485657524925,0.020730621422315954,0.015099472340742258,0.01638047084179782
475,1082.9027025992452,422.2020754140481,0.017196408629539084,723.0984694405195,1112.878049319549,923.0071536751917,815.2766672482271,1455.4458618220797,857.7180999877303,2303.1359894392945,691.6087679637706,1239.1389585290433,826.4040387586082,1331.315021722484,1022.7635014349115,671.1382982529517,1406.8700368509888,1451.2066728918603,692.169648695376,681.2860219309842,757.1898773800402,995.8680873745783,1123.4178786289222,1460.731962418268,619.7279019753194,680.6063095721413,1312.585026296757,1666.3561817784287,961.0046935677727,969.4256677425576,726.7224469624392,844.4977154680146,2164.4860708485503,0.013042919048759271,0.01596139679920455,0.02565715661234566,0.01348632137544886,0.013407588835915646,0.022367806340574486,0.01201807535472439,0.013799395424807053,0.010464312836365097,0.021136141272257863,0.004037154680040762,0.018448568622389857,0.018206061240224246,0.025828786315046964,0.011090401410751096,0.02641826043160475,0.026347647102992,0.017992390479031235,0.00710748242594988,0.022933839376095444,0.025665471103028584,0.01515923567706518,0.017908913050237084,0.01098213427307588,0.015473411163053235,0.020877748024459578,0.020471818767133373,0.017628890005407145,0.009363139246093444,0.02260979159208999
476,1082.832592531434,422.1403759164063,0.01656058587407915,723.0984694405195,1112.878049319549,923.0071536751917,815.2766672482271,1453.342559787742,857.7180999877303,2303.1359894392945,691.6087679637706,1239.1389585290433,826.4040387586082,1331.315021722484,1022.7635014349115,671.1382982529517,1406.8700368509888,1451.2066728918603,692.169648695376,681.2860219309842,757.1898773800402,995.8680873745783,1123.4178786289222,1460.731962418268,619.7279019753194,680.6063095721413,1312.585026296757,1666.3561817784287,961.0046935677727,969.4256677425576,726.7224469624392,844.4977154680146,2164.4860708485503,0.012650816927758617,0.01276077231503716,0.026419591628518143,0.011931382336752512,0.015296001978499396,0.028239926362853978,0.012881166698677395,0.00705439284063808,0.007650317891529706,0.023501062075033628,0.005953215519163598,0.017109878991886433,0.023266907596335082,0.0217607260966791,0.005989207857352758,0.025629916803730952,0.022860947459952506,0.022608386391287063,0.003627847861980079,0.010767648725804782,0.01935853048857335,0.011065459317241547,0.022066821340530767,0.016752625572901678,0.016010291635536814,0.01563040856290939,0.01680187723807105,0.027065065416337675,0.007232947951067036,0.026873434339734253
477,1082.832592531434,422.1403759164063,0.01660837749206531,723.0984694405195,1112.878049319549,923.0071536751917,815.2766672482271,1453.342559787742,857.7180999877303,2303.1359894392945,691.6087679637706,1239.1389585290433,826.4040387586082,1331.315021722484,1022.7635014349115,671.1382982529517,1406.8700368509888,1451.2066728918603,692.169648695376,681.2860219309842,757.1898773800402,995.8680873745783,1123.4178786289222,1460.731962418268,619.7279019753194,680.6063095721413,1312.585026296757,1666.3561817784287,961.0046935677727,969.4256677425576,726.7224469624392,844.4977154680146,2164.4860708485503,0.014698739939007636,0.008299384358781846,0.02412881153304418,0.01253166234368842,0.007795962499724257,0.019417873258203117,0.0164515909232475,0.015558904611369067,0.010847752049055807,0.029408239916217625,0.0105871077162901,0.007526923573230847,0.028351451028338526,0.01844276120561596,0.008343747828253902,0.025342425043031927,0.021654490147432724,0.019310463072731713,0.008189269714647065,0.012611994825433378,0.016335905795734105,0.012846520410949526,0.01726539017170242,0.01692459833988784,0.01879806242516849,0.014434696695672565,0.020192649948481797,0.02250831390050448,0.014043902111951317,0.025401729374561102
478,1071.6865186879288,419.43260232775447,0.01636534045161261,723.0984694405195,953.1579726394905,923.0071536751917,815.2766672482271,1453.342559787742,857.7180999877303,2303.1359894392945,691.6087679637706,1239.1389585290433,826.4040387586082,1331.315021722484,1022.7635014349115,671.1382982529517,1406.8700368509888,1451.2066728918603,692.169648695376,681.2860219309842,757.1898773800402,995.8680873745783,1074.0132350309723,1335.4744673911177,619.7279019753194,680.6063095721413,1312.585026296757,1666.3561817784287,961.0046935677727,969.4256677425576,726.7224469624392,844.4977154680146,2164.4860708485503,0.01629251631794398,0.012644785560274941,0.02908036194738408,0.006515571859795772,0.01429550349781047,0.0222512861958363,0.02114910026634486,0.02142907091545919,0.00630494573528097,0.026908077200237735,0.006657364445351448,0.013557942868329308,0.01476932551654862,0.01639763485372469,0.008086546494474668,0.029817221741414705,0.024725938895056893,0.019627278880114528,0.002097340314091673,0.01260271950628906,0.012935527498020316,0.010218836496614562,0.012786110477245637,0.014901711702100652,0.016098837580952697,0.015511439759837918,0.021132727554897947,0.028172427604408905,0.014349721540368433,0.019642340322167426
479,1069.6698510733577,418.8836937893967,0.016252909188826145,723.0984694405195,953.1579726394905,923.0071536751917,815.2766672482271,1453.342559787742,857.7180999877303,2303.1359894392945,691.6087679637706,1239.1389585290433,826.4040387586082,1331.315021722484,1022.7635014349115,670.0291022523968,1406.8700368509888,1451.2066728918603,692.169648695376,681.2860219309842,757.1898773800402,995.8680873745783,1074.0132350309723,1286.9952267956455,619.7279019753194,669.6947177310369,1312.585026296757,1666.3561817784287,961.0046935677727,969.4256677425576,726.7224469624392,844.4977154680146,2164.4860708485503,0.014159747229965975,0.020559660896818852,0.018326644561925245,0.006258610530579964,0.01142689285324877,0.025859446242463113,0.027114813292302014,0.023876037495071948,0.013959199418635571,0.030063760820473306,0.0075757663996072555,0.011134520954877781,0.019269392804605576,0.014642805500974066,0.006281673599536802,0.02488825062141531,0.01797502924471187,0.02379758531712774,0.0017002567234403196,0.012529365402726105,0.016095892167622087,0.012309546983064487,0.010005291889140568,0.01691341763193976,0.016328675005595768,0.014065252614104755,0.01917047759526866,0.018207725733144046,0.011880426085989639,0.021211110048407006
480,1069.6698510733577,418.8836937893967,0.01565059347997742,723.0984694405195,953.1579726394905,923.0071536751917,815.2766672482271,1453.342559787742,857.7180999877303,2303.1359894392945,691.6087679637706,1239.1389585290433,826.4040387586082,1331.315021722484,1022.7635014349115,670.0291022523968,1406.8700368509888,1451.2066728918603,692.169648695376,681.2860219309842,757.1898773800402,995.8680873745783,1074.0132350309723,1286.9952267956455,619.7279019753194,669.6947177310369,1312.585026296757,1666.3561817784287,961.0046935677727,969.4256677425576,726.7224469624392,844.4977154680146,2164.4860708485503,0.013156612053481866,0.022463911489821582,0.021193876160835033,0.008702823364629238,0.008438579741775788,0.026354114651234647,0.02602390539337176,0.019916997894371912,0.005982892731782216,0.01717821951205915,0.005767269080697231,0.00744543519483378,0.016361673426611035,0.015178090959739902,0.008276105400493478,0.024788755857642817,0.016482744681758015,0.02413800391116023,0.008839186395065417,0.009044012433800784,0.016482516430135676,0.006326276258898246,0.016112571827572406,0.011624452721004914,0.024540254239220714,0.012421442310544937,0.01649489135187648,0.018098909063565233,0.018312374180484824,0.0233709056808533
481,1069.6698510733577,418.8836937893967,0.015040225835176425,723.0984694405195,953.1579726394905,923.0071536751917,815.2766672482271,1453.342559787742,857.7180999877303,2303.1359894392945,691.6087679637706,1239.1389585290433,826.4040387586082,1331.315021722484,1022.7635014349115,670.0291022523968,1406.8700368509888,1451.2066728918603,692.169648695376,681.2860219309842,757.1898773800402,995.8680873745783,1074.0132350309723,1286.9952267956455,619.7279019753194,669.6947177310369,1312.585026296757,1666.3561817784287,961.0046935677727,969.4256677425576,726.7224469624392,844.4977154680146,2164.4860708485503,0.009398122111470656,0.018061653909996367,0.019836806655060827,0.00928744527263532,0.014406869212586973,0.017852953792664585,0.023200384882828513,0.019778902494962707,0.004687852126496911,0.01934372352429345,0.0,0.012882144326436638,0.018558740831699845,0.01956149458145322,0.012655924358634295,0.018486790474646644,0.013643166969008752,0.011450456381372954,0.01918532458222995,0.00979498572526722,0.009140342449875206,0.007441482441076105,0.013520037835437653,0.009326277253602203,0.02194783262546971,0.009701096199743032,0.023095696425756287,0.018422261250292105,0.02336643107946011,0.023171575280834536
482,1064.9173095438834,424.1664535446251,0.01378507665209904,723.0984694405195,953.1579726394905,923.0071536751917,815.2766672482271,1453.342559787742,857.7180999877303,2303.1359894392945,691.6087679637706,1239.1389585290433,826.4040387586082,1331.315021722484,1022.7635014349115,527.4528563681699,1406.8700368509888,1451.2066728918603,692.169648695376,681.2860219309842,757.1898773800402,995.8680873745783,1074.0132350309723,1286.9952267956455,619.7279019753194,669.6947177310369,1312.585026296757,1666.3561817784287,961.0046935677727,969.4256677425576,726.7224469624392,844.4977154680146,2164.4860708485503,0.009013300641198645,0.02275801528029701,0.02034662963696121,0.01627713615257303,0.013509609853103774,0.014561549148552726,0.02398649107506234,0.013371913649981727,0.004926530445285581,0.012685989611370442,0.0,0.011024834333239007,0.011202645788055224,0.02724884080971335,0.011803373749781937,0.015284753937613223,0.012473625919888777,0.006892476813271267,0.012700970355128169,0.009064373034105244,0.010033323100857748,0.011116210528341799,0.014749475377330146,0.010529675273074208,0.006336008290436357,0.016763375574857138,0.021878949174672743,0.01625001209299517,0.018913434864922717,0.01784877505030063
483,1064.9173095438834,424.1664535446251,0.014136490343901313,723.0984694405195,953.1579726394905,923.0071536751917,815.2766672482271,1453.342559787742,857.7180999877303,2303.1359894392945,691.6087679637706,1239.1389585290433,826.4040387586082,1331.315021722484,1022.7635014349115,527.4528563681699,1406.8700368509888,1451.2066728918603,692.169648695376,681.2860219309842,757.1898773800402,995.8680873745783,1074.0132350309723,1286.9952267956455,619.7279019753194,669.6947177310369,1312.585026296757,1666.3561817784287,961.0046935677727,969.4256677425576,726.7224469624392,844.4977154680146,2164.4860708485503,0.009864649709146977,0.014606465096417566,0.019753480220436586,0.0103816448036486,0.01999349391954347,0.012940217227796712,0.02148396397207303,0.01920707723630679,0.01065054223662592,0.00911087235880406,0.0008272882116193488,0.016804221551745352,0.011274773472267042,0.01772796975170764,0.017585892657307575,0.014612330566658525,0.01841717248870476,0.008492152965275087,0.01667703239407407,0.012646927204807383,0.014213422888577649,0.008172575276480519,0.010732736774846667,0.012696427203683774,0.013801177139303459,0.01709587590091093,0.020894961082304202,0.005439660456805063,0.01560200341876555,0.022387702130395055
484,1064.6144252424647,424.347811593062,0.013807681033921288,723.0984694405195,953.1579726394905,923.0071536751917,806.190138205664,1453.342559787742,857.7180999877303,2303.1359894392945,691.6087679637706,1239.1389585290433,826.4040387586082,1331.315021722484,1022.7635014349115,527.4528563681699,1406.8700368509888,1451.2066728918603,692.169648695376,681.2860219309842,757.1898773800402,995.8680873745783,1074.0132350309723,1286.9952267956455,619.7279019753194,669.6947177310369,1312.585026296757,1666.3561817784287,961.0046935677727,969.4256677425576,726.7224469624392,844.4977154680146,2164.4860708485503,0.009312366239040068,0.017473732939029353,0.016373400976578772,0.004238744366864319,0.011526178335479842,0.01160728161109867,0.0174918414369684,0.012866186903739637,0.011488271414350165,0.007149702704417518,0.0037194656387533847,0.01737390712562052,0.01373925812733236,0.017516749086330215,0.016689686281869395,0.021879211328799556,0.01994254804781414,0.005556178139728046,0.006196389143214435,0.004455217793666749,0.01560283510417301,0.010828426473504208,0.017303985276647654,0.022403691104366154,0.01162017342034995,0.021874909081372358,0.022106936233652775,0.004007393278848887,0.022113776727507962,0.019771986676520102
485,1064.6144252424647,424.347811593062,0.01319552900430828,723.0984694405195,953.1579726394905,923.0071536751917,806.190138205664,1453.342559787742,857.7180999877303,2303.1359894392945,691.6087679637706,1239.1389585290433,826.4040387586082,1331.315021722484,1022.7635014349115,527.4528563681699,1406.8700368509888,1451.2066728918603,692.169648695376,681.2860219309842,757.1898773800402,995.8680873745783,1074.0132350309723,1286.9952267956455,619.7279019753194,669.6947177310369,1312.585026296757,1666.3561817784287,961.0046935677727,969.4256677425576,726.7224469624392,844.4977154680146,2164.4860708485503,0.009279147470192603,0.014615052404587391,0.018354216172351164,0.00380220317570569,0.015118264604212771,0.01442700220259643,0.0166848529179371,0.013657763619655086,0.002883725419091786,0.012720248917954187,0.00782472624687716,0.015737042608707053,0.011059764144200096,0.010194423920198864,0.018408591284066543,0.022707740932865733,0.01867778725031473,0.011195370788805321,0.006792575634037098,0.006411767051154333,0.010202723723152873,0.0062821152476118585,0.010219653732575393,0.016979512631175447,0.016568400440347675,0.013104021873536242,0.023075766403851485,0.009434021035487397,0.025121932868602766,0.014325455407396085
486,1058.4405969570794,422.0554142055185,0.013287391133479693,723.0984694405195,953.1579726394905,923.0071536751917,806.190138205664,1453.342559787742,857.7180999877303,2303.1359894392945,691.6087679637706,1239.1389585290433,826.4040387586082,1297.5279165250513,1022.7635014349115,527.4528563681699,1406.8700368509888,1451.2066728918603,692.169648695376,681.2860219309842,757.1898773800402,995.8680873745783,1074.0132350309723,1286.9952267956455,619.7279019753194,669.6947177310369,1177.3842193570883,1666.3561817784287,961.0046935677727,969.4256677425576,721.2085444469395,833.7846815590581,2164.4860708485503,0.00961731502302698,0.012024000693455935,0.029106688256099633,0.011349001257305006,0.016012906824336724,0.01989533409997929,0.015848720549040605,0.012231672830418637,0.0057074007000801515,0.015901026549536745,0.005676840827211545,0.016687483547049187,0.019053552071549025,0.01212620616700504,0.012621210010675624,0.017157660529167874,0.016382090062261975,0.013960278251586397,0.008132518227026129,0.006587535043911728,0.007817789164791719,0.01192580954466748,0.013960473713865563,0.014252750127880897,0.0,0.01975232346076567,0.020078391565200533,0.009031249749051659,0.014373372376429615,0.01135013278101345
487,1053.1602300517568,420.32903015300207,0.013574979174527907,723.0984694405195,953.1579726394905,923.0071536751917,790.0532320237526,1442.5990680183622,857.7180999877303,2303.1359894392945,691.6087679637706,1239.1389585290433,826.4040387586082,1297.5279165250513,1022.7635014349115,527.4528563681699,1406.8700368509888,1451.2066728918603,692.169648695376,681.2860219309842,757.1898773800402,995.8680873745783,1074.0132350309723,1155.464617587258,619.7279019753194,669.6947177310369,1177.3842193570883,1666.3561817784287,961.0046935677727,969.4256677425576,721.2085444469395,833.7846815590581,2164.4860708485503,0.01741039670615872,0.014171551980610838,0.02041470266055792,0.009383708145042772,0.015583732210904411,0.01614975013623854,0.0170541537441248,0.019613530826858957,0.014843177737513492,0.017135970508341158,0.00467007430555742,0.02329661325765528,0.01769191919005987,0.010841822450266207,0.008029684042136944,0.01827966066360713,0.019522802628257053,0.013371370611453142,0.005157408902587462,0.002728370828733499,0.007790048050547295,0.019716740640933834,0.0053478390705317905,0.01685370043014204,0.003989481206737772,0.00917016762009005,0.025692421316679346,0.00552303325155737,0.014322827345477166,0.013492714766474902
488,1049.112695415032,421.8543733956613,0.01422608832877172,723.0984694405195,831.7319335377476,923.0071536751917,790.0532320237526,1442.5990680183622,857.7180999877303,2303.1359894392945,691.6087679637706,1239.1389585290433,826.4040387586082,1297.5279165250513,1022.7635014349115,527.4528563681699,1406.8700368509888,1451.2066728918603,692.169648695376,681.2860219309842,757.1898773800402,995.8680873745783,1074.0132350309723,1155.464617587258,619.7279019753194,669.6947177310369,1177.3842193570883,1666.3561817784287,961.0046935677727,969.4256677425576,721.2085444469395,833.7846815590581,2164.4860708485503,0.02074606756148577,0.013990936748554799,0.018667261804413308,0.009671764247800016,0.01510610199662602,0.018537024409049332,0.017933740614514245,0.018823400845441422,0.014365642457341123,0.010980237892398747,0.00975612118060719,0.019426042333201825,0.012827645075736254,0.016912811241698272,0.012554183090732283,0.011816984484026011,0.02030342620441435,0.012462265485673573,0.011864781321613171,0.01188179457013004,2.1659266763638575e-06,0.01945767450533122,0.008405427275605374,0.018819094813074987,0.013052990284178218,0.013443544848063396,0.015124228004379906,0.012924298861686714,0.010426126027808751,0.01649886575088887
489,1048.8754688209135,421.78416937671267,0.015589693283395187,723.0984694405195,831.7319335377476,923.0071536751917,790.0532320237526,1442.5990680183622,857.7180999877303,2303.1359894392945,691.6087679637706,1239.1389585290433,826.4040387586082,1297.5279165250513,1022.7635014349115,527.4528563681699,1406.8700368509888,1451.2066728918603,692.169648695376,681.2860219309842,757.1898773800402,995.8680873745783,1074.0132350309723,1155.464617587258,619.7279019753194,669.6947177310369,1170.2674215335355,1666.3561817784287,961.0046935677727,969.4256677425576,721.2085444469395,833.7846815590581,2164.4860708485503,0.021298715288064204,0.022676349489277936,0.020505119616932008,0.013450700424987456,0.012938832546943075,0.016681380143142365,0.017920967982976654,0.01579750282578177,0.0157671114928513,0.010858518863045634,0.00954392344774167,0.02202362414765331,0.01447026969823779,0.018970769163094644,0.013977253142770886,0.022302682729565166,0.029966147077056113,0.010820904734596912,0.008926630869983297,0.016379553588895902,0.0,0.011702429480984995,0.008126122704753788,0.017019371502290617,0.014668127266152487,0.013352451441725746,0.011234940320771802,0.0177597928959045,0.019280915023498355,0.019269690592175235
490,1033.1813152916814,396.8740986667467,0.014256608946318134,723.0984694405195,831.7319335377476,923.0071536751917,790.0532320237526,1442.5990680183622,857.7180999877303,2277.636893224788,691.6087679637706,1086.8204684591456,826.4040387586082,1297.5279165250513,1022.7635014349115,527.4528563681699,1406.8700368509888,1451.2066728918603,692.169648695376,681.2860219309842,757.1898773800402,962.0079235048868,1074.0132350309723,1155.464617587258,619.7279019753194,669.6947177310369,1170.2674215335355,1666.3561817784287,961.0046935677727,969.4256677425576,721.2085444469395,833.7846815590581,1905.3392151256846,0.02330224544263969,0.02080393708254496,0.018016392225665572,0.0037203890425168734,0.016133391726700197,0.016020473041009488,0.022758017370420488,0.014459698571113469,0.015376426764141509,0.01077123504002381,0.010430493157087247,0.019494113905361907,0.013026045303364651,0.013672373548787056,0.005917942430295411,0.018413848400400556,0.03119315219848587,0.013751802056336117,0.007925287447727112,0.016045299669871324,0.0010268726306161614,0.01562964968619683,0.007799711533176286,0.016797737360694075,0.006318135778308945,0.01851220504577471,0.006037343600714234,0.011294511472415978,0.017773475958744536,0.015276060898408899
491,1030.631352812111,395.5576902526269,0.01364995710635093,723.0984694405195,831.7319335377476,923.0071536751917,790.0532320237526,1442.5990680183622,857.7180999877303,2277.636893224788,691.6087679637706,1086.8204684591456,826.4040387586082,1224.763756883941,1022.7635014349115,527.4528563681699,1406.8700368509888,1451.2066728918603,692.169648695376,681.2860219309842,753.4551626340339,962.0079235048868,1074.0132350309723,1155.464617587258,619.7279019753194,669.6947177310369,1170.2674215335355,1666.3561817784287,961.0046935677727,969.4256677425576,721.2085444469395,833.7846815590581,1905.3392151256846,0.021866642020383173,0.016712367347103834,0.02017052293672721,0.003304072976811989,0.016732508012584236,0.0093607995496508,0.018516502246787542,0.01449018371546446,0.007945669494565105,0.016973943996784615,0.008029738776871463,0.011480185145513001,0.011118306200195858,0.016616131651906476,0.007399843160813737,0.012128051250982158,0.03034732552773539,0.014845184379917902,0.008125609739953452,0.012010390910884516,0.002063110818901162,0.026022880025688366,0.011938715983712522,0.019865328184059367,0.007831066751604904,0.01942807883055896,0.007731101401206693,0.006643608689075165,0.016164770019058,0.013636073445025884
492,1026.9924698508682,398.7887568543177,0.015305051605541607,723.0984694405195,831.7319335377476,923.0071536751917,790.0532320237526,1442.5990680183622,857.7180999877303,2277.636893224788,691.6087679637706,1086.8204684591456,826.4040387586082,1224.763756883941,1022.7635014349115,527.4528563681699,1406.8700368509888,1451.2066728918603,692.169648695376,681.2860219309842,753.4551626340339,962.0079235048868,1074.0132350309723,1153.544318078597,619.7279019753194,669.6947177310369,1170.2674215335355,1666.3561817784287,961.0046935677727,969.4256677425576,613.9623551183194,833.7846815590581,1905.3392151256846,0.015277694146008923,0.020689243066563306,0.02054038454588028,0.009409024123046113,0.01808546035240695,0.01865431122012709,0.011292113078377106,0.018208118814177585,0.008664357470623253,0.02084010557662298,0.014506376482487232,0.01753049969988159,0.017104767445020708,0.022543808661595062,0.007449365923645506,0.006753317329017129,0.03120846539836866,0.01783246258031677,0.004492859516510263,0.00848356994985738,0.0051841660765802045,0.023114064289012866,0.017094029789233096,0.015085198773512571,0.006220902705988637,0.020131535233707955,0.012598379202290547,0.010186033759361415,0.020905738017037517,0.019065194938989557
493,1026.5115256328206,399.0012575985144,0.015139309398363419,723.0984694405195,831.7319335377476,923.0071536751917,790.0532320237526,1442.5990680183622,843.289773446304,2277.636893224788,691.6087679637706,1086.8204684591456,826.4040387586082,1224.763756883941,1022.7635014349115,527.4528563681699,1406.8700368509888,1451.2066728918603,692.169648695376,681.2860219309842,753.4551626340339,962.0079235048868,1074.0132350309723,1153.544318078597,619.7279019753194,669.6947177310369,1170.2674215335355,1666.3561817784287,961.0046935677727,969.4256677425576,613.9623551183194,833.7846815590581,1905.3392151256846,0.010880970437261012,0.019309173519949964,0.01353706001144958,0.013664056542038906,0.02264293908768067,0.018704445042083417,0.01851931332301184,0.013269912036843218,0.011201927349588872,0.021235509375690558,0.006155060042309275,0.0135992433667037,0.01607939482392271,0.01887033455019622,0.010144067348815096,0.013964380828611898,0.02791851091092904,0.025017495992336956,0.008446364361857167,0.01284856114979415,0.002802976240834682,0.01712229290627088,0.005439261597893359,0.018064894450418756,0.012909329133712249,0.028759750925665788,0.009009462410866725,0.01322258607236798,0.017806876109120996,0.013033132002676839
494,1024.2982661735996,395.61296239130985,0.01445164999998944,723.0984694405195,831.7319335377476,923.0071536751917,790.0532320237526,1442.5990680183622,843.289773446304,2277.636893224788,691.6087679637706,1086.8204684591456,826.4040387586082,1224.763756883941,1022.7635014349115,527.4528563681699,1406.8700368509888,1451.2066728918603,692.169648695376,681.2860219309842,739.0576931805854,962.0079235048868,1074.0132350309723,1153.544318078597,619.7279019753194,669.6947177310369,1170.2674215335355,1666.3561817784287,961.0046935677727,969.4256677425576,613.9623551183194,833.7846815590581,1853.3389008025013,0.010331713701930232,0.019184120465631265,0.0181812915437105,0.008131796391341161,0.015067686311771154,0.01798613803457968,0.011853433253202058,0.009832149806045272,0.007110866149495317,0.022853446840313447,0.012514917767917376,0.011215209606070682,0.013614195258798988,0.022340185035530567,0.012941447697142908,0.01163307060976889,0.023111581590965612,0.02355968995574529,0.00811714186627004,0.015751143885614192,0.0,0.015934989973580106,0.007331632111250125,0.020445354814690463,0.011169545568807707,0.02747730711616776,0.008232823386052551,0.018514111498708945,0.011665490332240598,0.01744701942634026
495,1023.5172263721696,395.3470516442036,0.01465419468747519,723.0984694405195,831.7319335377476,923.0071536751917,790.0532320237526,1442.5990680183622,843.289773446304,2277.636893224788,691.6087679637706,1086.8204684591456,826.4040387586082,1224.763756883941,1022.7635014349115,527.4528563681699,1406.8700368509888,1451.2066728918603,692.169648695376,681.2860219309842,739.0576931805854,962.0079235048868,1074.0132350309723,1153.544318078597,619.7279019753194,669.6947177310369,1146.8362274906394,1666.3561817784287,961.0046935677727,969.4256677425576,613.9623551183194,833.7846815590581,1853.3389008025013,0.019586289986111453,0.015416318840148402,0.016781360339918106,0.008194765850005966,0.012635990452332633,0.014031924682403637,0.017515698467643216,0.011785229833477004,0.0090034596751537,0.01699459631370468,0.010803673084592786,0.01800465915791268,0.01942084763308027,0.009888443609029842,0.006517418060437105,0.015708298435602907,0.022434649415135136,0.03273215482141635,0.007152589653175808,0.014865084556693388,0.0,0.014032985525246554,0.015569238334741334,0.014542229948939864,0.00961101164870739,0.024662189366970674,0.010089090324204344,0.017602315759469987,0.014228095956597507,0.019815230891402916
496,1022.659670796317,395.88007601974334,0.015060889846537973,723.0984694405195,831.7319335377476,923.0071536751917,764.326564748178,1442.5990680183622,843.289773446304,2277.636893224788,691.6087679637706,1086.8204684591456,826.4040387586082,1224.763756883941,1022.7635014349115,527.4528563681699,1406.8700368509888,1451.2066728918603,692.169648695376,681.2860219309842,739.0576931805854,962.0079235048868,1074.0132350309723,1153.544318078597,619.7279019753194,669.6947177310369,1146.8362274906394,1666.3561817784287,961.0046935677727,969.4256677425576,613.9623551183194,833.7846815590581,1853.3389008025013,0.018963189445287174,0.018204679625191622,0.018076112373650956,0.0,0.014602632410803054,0.013703473893243933,0.011798712256505164,0.016785869865449696,0.007602104391227514,0.015517071077309215,0.0206507758549891,0.016102412961135366,0.016738825521979524,0.014459816409115745,0.008046232092227936,0.011653225857725914,0.027321030976439734,0.027672402676137093,0.009955273226494867,0.0171427802377271,0.005230430762399185,0.014603821667133388,0.004148329086667806,0.019139293514100077,0.007971520745328833,0.024420281747559613,0.01478020623328857,0.015733418330972315,0.017133093895253956,0.023669678260794733
497,1022.0276028539181,395.99153075066516,0.015167559878628082,723.0984694405195,831.7319335377476,923.0071536751917,764.326564748178,1442.5990680183622,843.289773446304,2277.636893224788,691.6087679637706,1086.8204684591456,826.4040387586082,1224.763756883941,1022.7635014349115,527.4528563681699,1406.8700368509888,1451.2066728918603,692.169648695376,681.2860219309842,739.0576931805854,943.0458852329195,1074.0132350309723,1153.544318078597,619.7279019753194,669.6947177310369,1146.8362274906394,1666.3561817784287,961.0046935677727,969.4256677425576,613.9623551183194,833.7846815590581,1853.3389008025013,0.022977334481563246,0.01854721074341435,0.008904888820458565,0.0,0.018848904575240612,0.012962781744837807,0.008942083455490914,0.022115646267061275,0.011619374885702602,0.019448987464176677,0.014876765139042736,0.017866407463677455,0.011023551955232988,0.015680740968299325,0.011584340204318025,0.009169016339684536,0.02428338259864063,0.025136730268281917,0.010241970524660022,0.014217003667701658,0.0067642554479053875,0.020575485575450157,0.013233065339106063,0.018323233171349297,0.005249687611570987,0.019847990606800762,0.013761917288187878,0.017365761481274024,0.018430952013340638,0.023027326256371942
498,1018.1759160768621,390.2255987644035,0.014521408497102919,723.0984694405195,831.7319335377476,923.0071536751917,764.326564748178,1442.5990680183622,843.289773446304,2277.636893224788,691.6087679637706,1086.8204684591456,826.4040387586082,1224.763756883941,1022.7635014349115,527.4528563681699,1406.8700368509888,1451.2066728918603,692.169648695376,681.2860219309842,739.0576931805854,943.0458852329195,1074.0132350309723,1153.544318078597,619.7279019753194,669.6947177310369,1146.8362274906394,1550.8055784667479,961.0046935677727,969.4256677425576,613.9623551183194,833.7846815590581,1853.3389008025013,0.01184447806144153,0.009506658748333105,0.013985953268200913,0.0021319038067637275,0.01481897313465128,0.014772216919721564,0.01011203975967917,0.02113433311780668,0.00792475317787161,0.020866966855242516,0.013681367348386549,0.017181140754059878,0.015852960374324238,0.01725733971154062,0.008851285382328083,0.012461823406984443,0.021416556184775608,0.02461188047335696,0.0027018149754967965,0.01730030332572106,0.009748331140987575,0.01449965384511261,0.010551835475364018,0.01648386888778509,0.010366594329224767,0.025446501145279778,0.013477081521159695,0.019183487290012437,0.010645995538803611,0.026824156952671655
499,1013.5974196225453,390.19912418576735,0.014404389400172852,723.0984694405195,831.7319335377476,923.0071536751917,764.326564748178,1442.5990680183622,843.289773446304,2277.636893224788,691.6087679637706,949.4655748296411,826.4040387586082,1224.763756883941,1022.7635014349115,527.4528563681699,1406.8700368509888,1451.2066728918603,692.169648695376,681.2860219309842,739.0576931805854,943.0458852329195,1074.0132350309723,1153.544318078597,619.7279019753194,669.6947177310369,1146.8362274906394,1550.8055784667479,961.0046935677727,969.4256677425576,613.9623551183194,833.7846815590581,1853.3389008025013,0.01437661854241932,0.008913523259836086,0.014840800767431906,0.0,0.024043857984555838,0.01396615261581657,0.004923745818025881,0.016110368284630673,0.0072775307884987445,0.020474429024333746,0.01481364842192466,0.013505721969434135,0.0157532653215314,0.016104696260724142,0.004515452203184604,0.007041552525432065,0.02797202298476526,0.029559363435802608,0.006935897742733621,0.022281525783003575,0.0049889017974365304,0.012257421904462369,0.01369985007236709,0.01268844505872829,0.010175799306831313,0.023969098151720696,0.01643899134601834,0.016371650730735203,0.015427599846300476,0.022703750056500337
