Generation,Best_Mean,Best_Std,Div_Mean,Best_Seed_0,Best_Seed_1,Best_Seed_2,Best_Seed_3,Best_Seed_4,Best_Seed_5,Best_Seed_6,Best_Seed_7,Best_Seed_8,Best_Seed_9,Best_Seed_10,Best_Seed_11,Best_Seed_12,Best_Seed_13,Best_Seed_14,Best_Seed_15,Best_Seed_16,Best_Seed_17,Best_Seed_18,Best_Seed_19,Best_Seed_20,Best_Seed_21,Best_Seed_22,Best_Seed_23,Best_Seed_24,Best_Seed_25,Best_Seed_26,Best_Seed_27,Best_Seed_28,Best_Seed_29,Div_Seed_0,Div_Seed_1,Div_Seed_2,Div_Seed_3,Div_Seed_4,Div_Seed_5,Div_Seed_6,Div_Seed_7,Div_Seed_8,Div_Seed_9,Div_Seed_10,Div_Seed_11,Div_Seed_12,Div_Seed_13,Div_Seed_14,Div_Seed_15,Div_Seed_16,Div_Seed_17,Div_Seed_18,Div_Seed_19,Div_Seed_20,Div_Seed_21,Div_Seed_22,Div_Seed_23,Div_Seed_24,Div_Seed_25,Div_Seed_26,Div_Seed_27,Div_Seed_28,Div_Seed_29
0,56804.47964685122,6000.846391750665,0.4282353490642013,58100.41828583532,60722.58544733754,61045.701158438154,66647.07936391167,44517.043150673046,49854.98671904145,64502.56500115785,52467.12295170019,53999.25294001277,56079.79977548146,54305.82436236606,65687.03300959633,65608.67960763325,56953.71895378754,61157.18960079482,51342.51476351531,50544.973973348395,51098.75898024393,44265.432087208785,47527.115785641436,53826.56352870724,54205.559484870995,63748.822164612524,56469.3480922231,61624.33378452547,60982.66212939384,60161.60990502107,59370.842337912174,56815.19484814555,60501.65721239909,0.1268525170439157,0.18944705643394114,0.19027800943785658,0.5675025586623297,0.4249141954112467,0.541884850633257,0.4054652651915689,0.44621779500112635,0.5577817980832691,0.75,0.3672734613030612,0.2798719396568281,0.75,0.13189788171072905,0.75,0.07706439125723609,0.4043266404670345,0.6725263989449,0.43473502602501035,0.5,0.45359664360432705,0.47224479020417337,0.6124748321053238,0.5086873992539916,0.37323511257013764,0.3930431584915489,0.22697308002412578,0.5,0.2970741139825401,0.4416915564265628
1,51420.86294824826,5714.290794511846,0.08958855972895845,56117.206297975834,51596.23025067399,54628.18687578528,56085.534753589636,37615.92785520334,49854.98671904145,62360.55085950526,50563.130208431176,51492.368451713875,44451.29734485566,50946.14469661301,52335.32822950456,61835.580758877,56656.164984967654,56069.12699920773,50970.535221030084,42018.68925228181,49129.29056645169,44265.432087208785,47527.115785641436,53826.56352870724,48313.59330068288,50936.18775099485,54025.78436634106,46881.48469656628,56246.16430195324,56918.16843647066,53897.620625074174,40057.19011319916,55004.303128898726,0.032279134418475595,0.12223057017452,0.02484802743862139,0.12088759588928863,0.028033784631789068,0.050239436746167966,0.07068677644074499,0.04876315188513011,0.15488551706679843,0.12895631604397506,0.12418571975352814,0.20614840723804284,0.10780980292037462,0.056404098206345406,0.07050842641887503,0.10561049083047991,0.05098059401041604,0.062374838692003054,0.15899337756934964,0.13228112756473262,0.04266433492163857,0.07117342429571996,0.05831743065477029,0.05086743587682435,0.10147743926053947,0.1763568305594252,0.06030585360880733,0.1448252395665743,0.007115530128531793,0.11744607905626338
2,46231.57698220634,4527.394428873837,0.08020311761848843,46917.05843570382,42597.54517567602,54628.18687578528,49529.16847597459,37491.76654537712,49462.04703593633,48797.66107262584,47573.90962714871,49982.55862183663,39841.28133617407,49693.85893336712,48041.778437034955,51272.67028185977,44660.75880370704,42981.566946721585,43900.44139362012,39118.28198879421,46020.06545587471,38093.35611576212,45683.2169382135,53826.56352870724,48313.59330068288,42884.52069105936,50911.68604978745,43645.544958990664,42804.41228323294,52130.29883611727,48489.0097478601,40057.19011319916,47597.311459359364,0.06495063512802526,0.07293003345642364,0.035613756284910966,0.09656409522329117,0.07114707001337851,0.027128507111543253,0.03739736786778233,0.06582981781737228,0.11050673892699114,0.1245345791086799,0.09147189015268681,0.17506232877891625,0.06068024798493075,0.0740336363843487,0.0176448723254614,0.09788186833068849,0.18819778004747006,0.105176868687912,0.08757666510817885,0.1047260624019429,0.019855715228753526,0.056030405613247056,0.020072749744862842,0.05923274140125298,0.04945310529604441,0.09514863849178304,0.16324216223945148,0.1741639693931894,0.020427904770219312,0.0394113152349137
3,40863.720569616686,4771.349468408227,0.08495113571127391,44812.3460998568,36108.88486019985,49153.875266152994,43163.18354143653,36318.69012625472,46431.08300846396,47381.16338853443,43495.357945465956,43725.32324358405,37194.429686901145,36450.444200460435,39697.39545836589,47420.40040542764,39346.20336804627,38465.597941300504,38790.651677285394,34962.50115858478,35863.22270790672,37553.209383126734,37623.40815877769,48839.60285605277,35405.04959713193,42884.52069105936,40490.09321581972,43645.544958990664,38436.16994557265,51231.65877871057,39782.12665098837,38417.46659157127,32822.01217647093,0.14346994296912102,0.047456063285171435,0.02621245944234212,0.02427367929804696,0.15899342800336635,0.05709242480339044,0.00809664156428016,0.13013467770503934,0.1107663974045762,0.100598817044956,0.10462204067639433,0.13978611690329656,0.059437450115635636,0.056537995483056644,0.0,0.06644629140595157,0.2938335081354684,0.10867792486682143,0.0958486980714047,0.0006764177246190624,0.056888451552553204,0.0040127741802291166,0.04287514271983775,0.11789297878201535,0.05041387904400628,0.16887076212828872,0.12707145171875356,0.10156996486449929,0.12865407253094255,0.017323618914153616
4,36046.47233009849,3842.2753988864733,0.10243835683815619,39106.300796221905,34954.23004776122,47512.75969037024,34039.665063310036,31934.262867301193,37527.588242907594,41932.31782243476,35506.644040997075,38464.51166383971,33372.339966470725,36450.444200460435,38817.29128662038,38449.559828482175,36688.1535330083,31017.629206857142,33539.52933776502,33453.51703677597,35606.846555506316,36155.41747989594,27810.629832599072,40677.42563894116,35405.04959713193,37605.31121134261,35065.237450620865,33480.67123506952,35002.71025315708,42168.25760540965,33936.09648887477,35525.11488035894,30188.65704246306,0.25437598666441563,0.012894170412136217,0.0281373218366642,0.07209761618727589,0.19083402169710048,0.03458002082319814,0.025273052540108816,0.14285975274641144,0.157803466459664,0.058164970954322166,0.08092935076928595,0.14699108512133113,0.022952287858443075,0.11255000363357665,0.007688230405039139,0.09966284010864904,0.27815877469772804,0.17387839991567514,0.15220839382699758,0.01758244355122582,0.12687091318971308,0.07209166421206617,0.08542242533138458,0.09061245658834201,0.1161135549627827,0.12318589714867025,0.1976735426573902,0.05783358910357543,0.08403661326394704,0.049687858477565475
5,32346.877553579525,3800.270946281651,0.1127219935694905,34299.23640799056,30283.373758336475,34488.86008047801,34039.665063310036,31737.31383101791,33045.74047535489,37579.79717102231,35506.644040997075,32376.157828388183,33372.339966470725,22082.655402839377,32679.651184896713,36770.32462461112,35062.27731964793,31017.629206857142,30529.264660008288,27726.168958276794,33790.03239804125,32834.9417969151,27810.629832599072,38346.74045192454,26164.193860309497,34765.5611304891,27852.268750191684,31006.249262015986,34033.26089516596,37571.661248764794,33460.181136820574,35237.59558563805,24935.91027800658,0.20323194639196945,0.07080804557456842,0.11742045938680876,0.10763214489867132,0.32404007804603424,0.020978596203931187,0.02281704730199477,0.17250401486520966,0.12671008266803702,0.15066940781462598,0.06158322421382417,0.1243676971047957,0.010505280688214986,0.1270438100847158,0.020788684309164803,0.09329364329561429,0.21631458595415254,0.13248729459022285,0.18048571429039134,0.09349103061263295,0.16103012702935704,0.14808525765325994,0.11412031914762177,0.04177317499227236,0.08835069067566793,0.08743918288999736,0.1852078969311783,0.0194024715492154,0.13181945616765017,0.027258441752914777
6,28370.64084382136,3916.4622665236457,0.10593359905528911,31605.41816050896,28875.474728143614,31837.210128284158,30498.882443019796,27962.635354631082,28638.016917337736,37063.421552243955,31863.06315263484,26301.099647803978,29266.919190128294,19812.02460697728,30575.53366109202,28359.044640005523,31655.49753672503,22689.275860970185,28871.506380085004,27726.168958276794,29305.639759607504,27848.136383873258,19882.476344681138,32918.22587245193,23035.936947088758,30710.547812845278,24467.594614291527,26475.337452482883,29292.373820168894,35416.917865705465,27703.84962257835,25805.531613665084,24655.4642863325,0.09990835051521818,0.08947179194850621,0.047113453085141026,0.08425791131010082,0.2539114852258486,0.018238854485990594,0.02405823569481761,0.19606383177160858,0.14236351763978405,0.18764081618409303,0.042230770643942345,0.074916531308989,0.042416075502725185,0.10870842835807601,0.10003970691864877,0.06601382592110587,0.16080435937198048,0.09207553168043409,0.15496534244375343,0.040509930953658124,0.1841719849893339,0.15800238270426978,0.12274267146036419,0.045168036386962006,0.08358276239853803,0.10697492225728493,0.1337446876937596,0.10748333383064484,0.158951941826726,0.05147649714636769
7,25504.527027851444,3901.341276070424,0.09399430066106097,30110.347834672022,24651.447601538795,26662.75985693591,30498.882443019796,22199.59724125243,23877.271920717078,29501.424158120597,30918.566687395687,24361.99254143036,25861.771501546948,16577.380382356103,28468.680916975125,26394.280555371945,28389.302381779555,22149.164634534744,26783.4392301655,25854.000709331332,28069.74855110379,25989.712014460707,18125.561957378995,27399.55764952023,19690.143950693506,21876.805958781457,20506.237114275606,26352.956707684567,24448.76861809868,34587.38368865065,27184.118668499406,25805.531613665084,21838.973745586525,0.054056357390855465,0.0954190446801652,0.022619059433508434,0.07705036168601667,0.20932782749109338,0.00948518091518958,0.02540593952129383,0.1854953174740497,0.12377856443159788,0.16806526407417016,0.04522020692760724,0.08338092720259525,0.05022380326159632,0.0721791955887444,0.1406645505403424,0.04135078915894657,0.14150613522589936,0.07116397614207201,0.10614397241245006,0.040964697053504515,0.13565779362238792,0.09608464698105562,0.11443519410401425,0.07293667022990696,0.12489010266931849,0.08743183069901753,0.10682507790548743,0.10930925432623498,0.17583171952844862,0.032925559154259626
8,23217.126578581523,3129.1842005034237,0.0832195431639209,27250.7356538119,19695.441178769557,25116.68215074185,27347.55212946573,22199.59724125243,22410.96264097731,26878.95073554641,26467.32057971831,22641.041066807873,24334.233850142093,16369.82243937512,25478.405856541205,24738.162935544202,23815.367317132448,18375.824485184017,24968.766638681045,24344.066279927418,22626.363044532667,24546.610716008967,16603.359004384303,27399.55764952023,19690.143950693506,21238.189504562735,20506.237114275606,23940.965325785648,23763.730100198754,26090.849204969927,25247.09968071895,24850.1203799419,17577.638502233534,0.06768558345112269,0.08693685630188167,0.03783326098616934,0.07829513534195827,0.1645824739375465,0.02101807889433703,0.024963144777073256,0.15859014744321745,0.08169089581852322,0.15042980630013736,0.04279692747345504,0.08689908416935127,0.02540103469411322,0.06920856907341733,0.09223435216386017,0.008581676416665296,0.1343191324725014,0.03623192979516366,0.08631224133682974,0.04181811997526316,0.06799662416047307,0.05392855381932351,0.11243357408730198,0.05679347069303056,0.14694610703739133,0.1770060750071809,0.06882072375733399,0.1497533564055511,0.16102530540005067,0.0060540537274029515
9,20529.959534545465,2883.4601292846282,0.07274955033642509,25759.610759234914,17038.49461476491,21690.826091601706,23674.51888416444,21276.10757234087,19385.36347902045,25800.07164523202,24026.9689280015,19761.455615257084,21542.87991881925,15047.945203768557,21037.991211399432,22446.428716297356,20482.711224725015,18375.824485184017,21975.447233761537,19614.550910032103,20116.995618723115,19107.76481173076,15348.130240382632,24225.32899219487,17343.884821253978,16499.370899317186,18969.03794771393,21659.722913622467,21542.839327027115,21927.834429181647,22459.158176927067,22666.49116502544,15095.030199658562,0.09456247301099292,0.07399360750068279,0.056362145370354104,0.08807109286890699,0.12660522788481,0.028563479343502552,0.01151307185818843,0.11202596697345991,0.05005322670339193,0.12631900601738255,0.05316553396610392,0.08306436492424056,0.03747031589468695,0.047728514299042166,0.09924330304877564,0.009352505024984142,0.12759164911415172,0.0031503423646870622,0.06314141982847764,0.05326424657284452,0.026161175965070223,0.05435888204810539,0.08834209459887907,0.07003956221628208,0.10667912451912587,0.16739144082906912,0.06934358671172573,0.11980976838299454,0.11003639899500045,0.025082983256833755
10,18776.3188780039,2970.3290136496657,0.06737773608418555,23997.579850458627,15197.702876597874,18428.07056402796,21843.117299785,18752.57789473779,18452.190967045703,24287.30687314315,24026.9689280015,18088.885803972255,18816.91281873245,13569.177700519009,19691.13441623377,21689.243054931652,17934.989255487915,14960.821655987005,19903.458829517687,17884.65248392145,16836.39340729258,18064.908908775888,11635.716495753788,22374.446992168094,17343.884821253978,16492.038430436085,18338.354148896935,19428.547291580293,19805.675634565705,20551.323460383683,18893.510180638,21262.09590851721,14737.879386753764,0.1053227042384155,0.051392287016285954,0.06641029688527428,0.0833716187790631,0.09706286094726202,0.051683122691435754,0.02405264489689732,0.095651713309205,0.04727739115866297,0.09737812115385057,0.060713363480125,0.07351431995337487,0.057937347619649,0.05564318624826374,0.0930380477070394,0.02608717760190362,0.10576128222156363,0.008979884851443114,0.07162679253535542,0.03730526422133418,0.0313370518838335,0.04011946597106948,0.0657185777781164,0.061043049895339915,0.0862962590575153,0.13974131839843743,0.06361656901240449,0.10391714703664787,0.06994491076586663,0.04938830520993119
11,17195.01954326163,2719.6448321022444,0.05947001010739264,23303.76096672979,14776.090486540737,18031.4540478475,18447.111849213175,18642.44416970125,14862.404608262465,18171.745263950266,22725.096905469905,14985.276215849815,16894.839755231824,13569.177700519009,18802.57219652794,18671.040854995645,16638.471846391385,14960.821655987005,18927.69119871726,17884.65248392145,14926.044831607967,18064.908908775888,11495.367402267673,21654.687757870248,14992.802777057568,13655.601200037278,16129.999305533825,17370.320911447587,15484.617091970484,18724.810116064815,17954.728856131638,20927.91660049466,14174.128332732971,0.08695003796519471,0.02932243945521077,0.0695965201992275,0.054369598019183556,0.08089900847431858,0.07628346519854556,0.00779477613234404,0.07023136674066743,0.06749355603411478,0.0819042580598798,0.05534447798179152,0.0848323874227688,0.07227517893439042,0.03312908270237984,0.08902224755642317,0.025481733129169678,0.09039295137300199,0.004629445850236301,0.049743014192858745,0.041408725999407904,0.041165007445547366,0.018988037829796186,0.05441624030351904,0.046327223168790864,0.06802918125615036,0.1063552211981383,0.0784957636257465,0.08758246827237809,0.0611220940074919,0.05051479469310548
12,15841.124574115956,2472.755279141461,0.05309711803443585,19981.699332054766,14422.90419647884,18031.4540478475,18447.111849213175,17588.520087304176,14862.404608262465,18171.745263950266,21797.845552807084,14985.276215849815,13117.760324001141,11649.448026638562,17487.28752295248,17524.114871942053,16562.679643679854,14960.821655987005,15960.820794047297,15760.942402696493,12447.36801365066,16073.451583992637,10819.697846779205,18623.68623715554,13575.61665312446,13582.166820722501,14073.249603324288,15571.65371501409,15484.617091970484,17202.8382524867,14920.651217097087,18455.04807830495,13090.855714143152,0.07546800511546932,0.02986189779871522,0.06608626787530168,0.034459267721221654,0.05143931778350958,0.08459794855880895,0.0007461843814884466,0.06515937270657221,0.05681680426374863,0.06425820126430762,0.061386097608871794,0.08083010521237201,0.0634150738491119,0.005637545214460166,0.06963606237981763,0.022784914290435537,0.05359321961567985,0.02081764265605773,0.04407767889967429,0.06225529007127438,0.04104873275071848,0.034791789907627456,0.08178277814116108,0.05131617901993539,0.06769395564017182,0.09024467992520385,0.03873971749047628,0.06928922225146494,0.071297997528047,0.03338159111137047
13,14215.505814120117,2694.5394005421035,0.050049181912390536,19981.699332054766,14422.90419647884,16488.02348954669,16699.822364129253,15548.225274813905,11671.143836469259,17491.893094499726,20225.291832265422,11045.247000404614,10782.37935179975,11444.854776715316,14711.7408676755,16881.890820418717,15309.390051314305,13975.911645576803,13605.643476747297,14396.796685556772,11705.684653061533,15507.107087989447,8766.44836989904,17096.594353516994,12890.293853178155,13302.056625843445,11285.934346623391,14410.650662684879,13385.954205646996,16979.821510770435,12385.098216530057,12802.36195963768,11264.310481754519,0.07586895538379743,0.038864719777680204,0.06543535444735238,0.02541720917836105,0.029354070946581805,0.07220959743194227,0.03567444382202539,0.0652392731176058,0.05857619154818485,0.0456153485560707,0.051861048342917555,0.07492878353521633,0.06337931094934256,0.02458131944242057,0.049695363559795334,0.031070485386086765,0.04861216947478389,0.02400120594261885,0.03992053274230172,0.0689755163574208,0.024209252383041793,0.03484457875998757,0.07291518127272963,0.04875906006781053,0.05902555685400931,0.07632706699543537,0.04213546725507754,0.059915418850623015,0.07181002517663058,0.022252949813864567
14,13050.991935627511,2599.705835010232,0.04549383266408786,19725.150847325196,13808.042354712268,14599.293637146828,14761.571909952312,14564.166995555284,11671.143836469259,16352.035741977208,18847.677667182328,11045.247000404614,9152.542913912896,10120.608262318665,14706.491591356044,15692.468494216686,14350.824718103757,13926.484962313054,13081.132762521238,14287.98916701259,9033.40991969338,13893.49505591404,8766.44836989904,14124.840069773309,10937.387576938158,10752.888369171493,11285.934346623391,12814.561582375301,12824.518787777497,12271.265896555282,10065.462790232099,12802.36195963768,11264.310481754519,0.07316391211707597,0.0432182834387775,0.04728809805084853,0.016409572272216857,0.020496736689705586,0.04931520663820345,0.04211326711082232,0.06757212942805985,0.040561210610354746,0.03343877697658294,0.042443459032155725,0.07102917069859867,0.043036669284080814,0.04046154108022926,0.027285115081710998,0.027259675496564106,0.06652227427155456,0.025852366314842026,0.028652293187301066,0.0729429484532105,0.04470511510389201,0.021193884092355918,0.0825693875869295,0.03985353315694459,0.04989293659105326,0.06844776541799683,0.042479165923986255,0.037959624058649166,0.06820077102647627,0.030450090731456693
15,11811.24930243238,2047.1707572133173,0.041385762417625545,16701.99925269346,13477.020328958448,14367.284096187745,12043.705232557544,14159.191500535031,11671.143836469259,13109.111689130084,13289.220523072434,9594.27609055523,8865.792550299913,8157.106677528589,13633.038650282297,14354.435316039633,13594.644043409928,11415.35894789311,12253.123089701114,11973.381177024035,9033.40991969338,13893.49505591404,8072.35631892882,13222.643925788527,10535.016245741035,10171.645341096662,9837.786243694816,11055.89223027751,11389.051791406488,11585.605956974714,10065.462790232099,12490.925115644399,10324.35513524102,0.06662710464633156,0.04550643786302577,0.03287883161881144,0.020321239109156123,0.028327881965667313,0.05638929869494254,0.027338775298841114,0.05196274841480386,0.029285996271068006,0.03930525580089775,0.04108470978538737,0.07825512697908125,0.03535306970273534,0.03621824893482659,0.01484216614369772,0.027895978141171906,0.05551272119250255,0.03670074601105513,0.03152840520559618,0.059868974135914674,0.07675705356855134,0.01607005024124105,0.05929235297324349,0.027129910852231754,0.044251716109331665,0.05283777963114821,0.033913284835398634,0.0320685228197459,0.05656155543004772,0.027486930152312287
16,10703.310272491399,2109.0466054338017,0.03724131744778012,16507.7782971447,11454.500991989573,13331.538302906025,10097.61550704374,12033.335576431618,10137.24757480118,11620.46636976927,13289.220523072434,9594.27609055523,8229.221621342218,8157.106677528589,12589.225713887488,13354.268654365504,11880.110667733568,9976.497690067303,11326.96001264725,11792.926176864534,7277.42929389618,12920.547102426674,6126.451162463737,10880.262553739843,9097.1799772668,8324.975839865967,9819.844677303237,11055.89223027751,8978.95692995797,11250.58049577996,9590.971672168538,11342.318442183034,9061.601349262266,0.05747258576373829,0.04198378640848896,0.025813116524502605,0.022421009934890587,0.034341889258073514,0.06583135783263624,0.01772454063440983,0.04692848381173273,0.01612149853618053,0.03298022131575641,0.035445750688122085,0.08274499802462584,0.03498061493146081,0.04221846687391485,0.01115715736618756,0.040783922636317124,0.03459274891605615,0.025901314246333212,0.01819360982808044,0.05076198250641514,0.10213908857253103,0.007527713841526591,0.04747411066803906,0.01926594034497004,0.03557770730762034,0.03912902531119649,0.036728828030117434,0.027275239610954887,0.05053016867482177,0.013192645033702977
17,9803.42732537977,1781.8547955056556,0.03459289568296507,15096.601238054758,10977.93810126663,10809.617507974735,9795.090920187386,9507.197682269347,9153.96476923634,10772.530355853145,11166.617539297346,8600.843160649338,8229.221621342218,7886.358707480222,12094.490954532057,11829.456300279233,10442.150059106878,9286.445839135038,10745.417104997145,10494.621129429755,6463.1383032004915,11602.748139175743,6126.451162463737,10272.85963020424,7602.165519729814,8324.975839865967,9682.675596443964,9721.035020666246,8132.4392738220495,11250.58049577996,8560.959169502177,10412.62727018483,9061.601349262266,0.054704900353206576,0.04467614542710982,0.026365320546187322,0.022342313587019987,0.03446797088490656,0.05895475005746448,0.020676303586113377,0.041909673086124574,0.022710819016403733,0.042861004516380544,0.02971902706681795,0.07567816190194077,0.024766833902667335,0.03893896062422911,0.014090215513017985,0.04257973981315391,0.01991807572495376,0.02100766268123206,0.003180053474024574,0.05347987059709901,0.08853902502295173,0.010464323109523258,0.05311816356929007,0.01515437178987956,0.03134804786593996,0.02833405376074425,0.025474470864717807,0.031877265650645574,0.03629799737545269,0.024151349119753706
18,8942.693770914113,1783.5366963951255,0.03171846978187827,13852.680463362343,10543.76113315113,10809.617507974735,8951.200187838424,9351.790160322602,7212.106177803786,10122.567960808186,9608.559636010521,6282.884121903181,7562.555422747502,7873.800757800251,11272.919684030734,10739.615112008283,9022.714136892762,8919.966756882226,10199.51558463618,8746.565260442076,5333.646828912585,10752.959236419058,5411.907912281729,9400.91193058796,7602.165519729814,7974.446415816234,8545.26773108882,9079.870334167308,8076.026774000785,9573.898502405655,6680.753161203835,10199.576483676032,8576.56223251871,0.0462281979583474,0.02977518724896047,0.02381126023189397,0.01664216606452744,0.03619268480773955,0.05453912185238537,0.010341532225846172,0.04671219851536289,0.020537892296172616,0.034908913564413856,0.018865210400829193,0.06600248542861757,0.03676300084060805,0.03218033805166276,0.021558164358571774,0.03548688121207878,0.024921562404735854,0.031105642236615855,0.009859855300196226,0.054218829516548404,0.07517489493597881,0.029636910627680542,0.05651924277725072,0.011852705988080109,0.020025089795664183,0.026809887665405298,0.014276087354744473,0.019828202489558116,0.03041805038549538,0.01636189692037616
19,8277.954474620075,1743.4821455316062,0.03368308794235604,13515.840386042071,9340.128498428317,10291.991899021252,8951.200187838424,7631.8492458782475,7212.106177803786,8647.629550781056,9608.559636010521,5985.515038198705,7562.555422747502,6196.29501068656,10997.737253888865,10193.512201696998,8384.81545366262,5909.0046037226375,8681.72047624413,8739.267084513165,5257.581231161143,9602.159720300342,5411.907912281729,9181.381348250445,7422.293598122385,7356.8214695591205,8395.69544818242,8326.996042722927,8076.026774000785,7924.719334124188,6680.753161203835,9696.667781602255,7155.90228992584,0.04108703004299237,0.03684207935979313,0.030622892140378763,0.024658137045649287,0.027623937033861557,0.0397713046206467,0.03542457683208815,0.052580552892947205,0.027749408493360394,0.0472571942944553,0.0054823143888665556,0.05998931756567894,0.03915382876386481,0.039605080190305515,0.02182958733501583,0.0402197776939923,0.033936732195172695,0.025715121669809306,0.020427638000837394,0.040262512359145984,0.07153549167705857,0.02871924741903663,0.04808342363353573,0.027909436275618135,0.018672737847260843,0.03473278485507536,0.01988170687797812,0.03357193168703014,0.02467204967740396,0.012474805401821614
20,7548.305515952662,1598.4563430293813,0.0348570873982554,12570.822893624976,9193.536629033455,8773.050408552563,8011.232872165498,7625.378416637323,6201.694550620663,7541.785202212185,8883.177431370465,5953.058212885792,6704.844511386217,5908.59005709184,9031.499322100859,9144.362249776852,8294.541938085045,4349.003954481525,8290.190747834466,8308.554210046721,4829.079237652372,9103.017844546783,4894.554253215416,7925.69901924116,6204.699867242388,6866.53561558614,7824.486298494975,7315.707590502474,7385.714610053376,7924.719334124188,6562.253466680811,7743.5910282226,7083.783705110747,0.035189738671693366,0.024093757662818484,0.03640099666772518,0.026850831351816592,0.025518842370196478,0.041915516406017594,0.04167370007021334,0.04767428714415456,0.033198416030493276,0.0456941468191323,0.013405525580747243,0.05436498612463532,0.032290943195893027,0.03127800605327405,0.022172379487379212,0.04887680797204159,0.028931285252483088,0.030814645638069585,0.0333759355749442,0.032893702883249526,0.05711112824401192,0.032152298051215,0.04648847989387264,0.032213588592488046,0.030883262495940318,0.04794411675228054,0.020258216977684255,0.04235980268104424,0.029390103053948534,0.020297174248198463
21,6868.651180115977,1374.9231214418887,0.03427963100278979,11360.731201718061,8292.691659030033,7643.195498452106,7005.516897928104,7252.724111690234,5358.751539659547,7541.785202212185,8035.609652124664,5953.058212885792,6196.808740041344,5908.59005709184,7706.924514618947,8319.66359512724,8123.4573593899595,4349.003954481525,7513.590927043849,6807.204995219648,4829.079237652372,7486.7105521798885,4331.835173860025,7466.943655911985,5390.512024347175,6179.393832527052,5574.060147218552,6862.017082309171,6494.14762735381,7075.0255573924405,6562.253466680811,7429.886983330921,7008.361943999998,0.03172696672340732,0.02026846137967888,0.027271297821662384,0.031251687500858334,0.016073162978869824,0.04154797535936561,0.06498646576588116,0.0456691257337984,0.03003391944866107,0.04745665473335929,0.02555036019705614,0.05086696010342328,0.030800427873247396,0.024505982346617394,0.026997842011343552,0.05833510858118381,0.031067653513530274,0.023961919065661755,0.040090191812332955,0.024145083170089836,0.045096427920264796,0.029410798324577034,0.04212639412187807,0.02930496881943169,0.03176050802365533,0.04226036998571073,0.026109505846661697,0.04191613370044221,0.02733190320158812,0.020464674019455315
22,6268.598890844549,1192.172807216825,0.033951716727042704,9396.668562695053,7646.699308312014,6790.18004031597,7005.516897928104,6296.804667277031,4824.456917085291,6204.601712879909,7410.60453499828,5882.688526104362,6191.906569369454,3894.5705851171756,7706.924514618947,7163.815740950515,7340.462754863468,4349.003954481525,6353.227845895644,6116.324380657782,4533.115828327835,7447.575845883676,4331.835173860025,5770.683779505848,5209.282415705565,5348.511755380045,5574.060147218552,5746.931332059067,6255.346617780889,7075.0255573924405,6094.807291877259,7363.794529280447,6732.538937514306,0.031021942942875965,0.03097913024504724,0.026328616932927228,0.029659125053737325,0.0229580309266121,0.03656342064713169,0.056366539268387986,0.041522762428916414,0.02197541264151586,0.051250912856912065,0.02866637223935056,0.04991449179121338,0.033231591381660534,0.043527440533292786,0.023690976355689876,0.04467290345872854,0.034557192847734924,0.02797991068188324,0.03190393447646723,0.025538751523011334,0.04822978306538785,0.03141514177419489,0.04318391286523399,0.0272768346871675,0.02368106507741908,0.04218047526725284,0.019804574458464754,0.037544689539839346,0.032207717717066625,0.02071784812615804
23,5864.832136151872,1077.30911159273,0.030822953662350366,8447.712633204661,7295.704179624585,6575.502579754629,6181.572291656775,5696.346429017145,4721.520988922491,5316.161896471052,7394.61793788668,5280.790546833628,5716.203726219574,3894.5705851171756,7500.315436992337,6225.669398942963,6936.350645171596,4349.003954481525,6327.074148511735,6116.324380657782,3963.689566769698,6865.497072436512,4331.835173860025,5756.924711991072,4871.121640896403,5086.631341453395,5574.060147218552,5746.931332059067,5282.996855684377,6055.226189789725,5385.477642921873,7072.321414055939,5976.809235953211,0.029493329790435514,0.02931172388115873,0.020493467336549463,0.017613873660802713,0.02427548615344349,0.03499403400141923,0.04799254729954219,0.037446799091570816,0.021776585108332185,0.04680881285487696,0.020280482741078507,0.041155137911243325,0.020175181761606445,0.04802440572200053,0.013880458025943617,0.044980310669289925,0.0316295624374074,0.02468578320445019,0.030888043933509808,0.030015081708349406,0.04403855213734885,0.02386630398831091,0.0403285455828306,0.016637246431583028,0.02980953227565187,0.03760402004198263,0.016418639102580512,0.036648353713555445,0.04280278544642685,0.02061352385722961
24,5367.528490061665,1117.967118496128,0.027198239520904485,8202.882524192804,6587.558700123398,6575.502579754629,6181.572291656775,4078.5763932660207,4161.740024046551,3376.8157285288676,6409.839164687868,5280.790546833628,4348.814427426671,3824.072941802583,6776.660061348735,6223.064299596593,6258.287817939332,3980.829154394167,6327.074148511735,5866.62693578081,3813.7483124633313,6305.193073388978,4183.799123491101,4590.33809110625,4221.063259444237,5086.631341453395,5524.881845021359,5358.4996849968265,5282.996855684377,5562.399406481261,5058.155673289625,6256.401091310521,5321.0392038275295,0.028389806496016586,0.024518078871323606,0.024942655163861197,0.014381585113677965,0.020097791187757716,0.028500201239934613,0.03845183318989763,0.0420851041064184,0.020668809943875453,0.04245487339189575,0.012856579518696409,0.03702442972583295,0.006026961491403844,0.04241234530750439,0.0166997457336171,0.03761194449161663,0.03105173062355423,0.021859895732995807,0.02924390069679493,0.034376670746927636,0.038277097386558816,0.016498945006573947,0.036201682652163815,0.012567916656375671,0.020624212178175637,0.03456889476527655,0.009803230698404067,0.027467989273805775,0.047505932806623866,0.01877634142957349
25,4865.237393106682,996.3605863495645,0.026384135226093116,7538.454608731373,5876.73557742887,4827.795336919961,5171.504038312701,4078.5763932660207,3243.729148490755,3174.7460819325956,5447.625247634132,4919.798170737183,4215.2188277537325,3542.417160765584,6209.256156606615,5810.135520850194,6240.184418964043,3797.4179477686152,5716.142162560023,5863.503080362015,3681.289539256951,5977.081693632473,3703.8968402415703,4590.33809110625,4221.063259444237,4373.907881856975,4573.421948796892,4493.1479838465075,5282.996855684377,4782.725045107425,4433.237466097057,5226.1288986349955,4944.646410410376,0.022787401824822293,0.02999296236769479,0.016820914688221715,0.012859471776780863,0.017025652841686067,0.01966893173464462,0.029443608640224887,0.05382752945878812,0.019984852275673877,0.034820742762493806,0.015363596168409472,0.0310068336083393,0.005973677519161794,0.03653819952685919,0.022000778492925335,0.033786023022991434,0.025465355896956428,0.02231958488049076,0.029866442083756425,0.04031416940053496,0.03544780619593865,0.02213283923440191,0.028643694246849982,0.02283937639803459,0.022196690457373155,0.035853535369492956,0.009311601487116622,0.03512085426776264,0.041612856538098424,0.01849807361626838
26,4322.988669422997,814.1689984866674,0.025943957741482056,6618.88859895992,5162.410576215381,4827.795336919961,4804.275303400601,4078.5763932660207,3173.4485759250497,3174.7460819325956,4308.811379969938,4259.768610863889,3788.784843893588,2959.4364626608576,5362.481935852962,5274.95414914486,5105.4714503389805,3479.354550674011,5178.548436144941,4633.215639556645,3681.289539256951,5540.588543385298,3560.425159517199,4263.481374569538,3897.234849828412,3712.531318071121,4103.9593169820755,3855.1309914620656,4207.893121678884,4399.189576509838,3393.239710544345,4776.886431411518,4106.841823752477,0.02392851858423553,0.027978358625953423,0.03363080728305981,0.020117209709579705,0.02221981772870782,0.01570151045006816,0.03014105914246102,0.053479852528045144,0.022259605800638932,0.03107170234577227,0.02006627332637751,0.0486728757419906,0.0077957473581200904,0.04067470871674299,0.012939213541902304,0.025807185916489325,0.019902935542667217,0.011695430544088522,0.025456026967712462,0.0327290149518194,0.033464616531095635,0.013475088101197387,0.03140454913296988,0.033555711495290644,0.011456194980840582,0.03493287763361011,0.02102810735475442,0.028164849538077342,0.03018904592438474,0.014379836745808719
27,4011.0623268620852,730.6088603902534,0.026125401160476472,5755.35387146069,4705.513253534965,4827.795336919961,3425.2831515832027,4078.5763932660207,3173.4485759250497,3174.7460819325956,3989.032085844348,4011.9425705299664,3476.827117233027,2350.517083203774,4997.903460480077,4470.598371926806,4759.906831540328,3358.2362036765517,4891.546371964436,4617.487116288759,3542.5896283243087,4717.8795385229405,3442.340528501052,3551.0456132911004,3592.5926644176907,3553.6766938727087,4103.9593169820755,3103.3887455174477,4068.7274494416783,4399.189576509838,3308.037918007164,4776.886431411518,4106.841823752477,0.022143486259367063,0.028465245195050393,0.036445942477488426,0.012747385146664255,0.019145858747531726,0.027942633802985475,0.019678357654803157,0.04913466862559322,0.017385105071746447,0.0374705640563834,0.02277803704454363,0.04898846272548274,0.023935426706076658,0.035018805770543324,0.019930091095282623,0.019969120360389284,0.020943837652606608,0.02069952778479968,0.02728616581974347,0.030825792873043906,0.0383600051125542,0.008121782329542537,0.033881785698734984,0.035426059021262724,0.010955518553005892,0.029118230439655134,0.021809183433754716,0.022935190528033934,0.022596088967696916,0.019623675859927654
28,3719.5790292399947,737.0327281445763,0.02396430533686166,5755.35387146069,4369.769198555159,4341.211251059509,3425.2831515832027,3460.48550539342,2898.581209156252,2617.4356157482,3989.032085844348,3691.879447765356,3476.827117233027,2350.517083203774,4874.649223301667,4032.239321854152,4011.0851543301455,3349.870056729855,4459.707992021247,3889.8859979258914,2966.9716516555077,4717.8795385229405,3126.4193373289368,3539.3697014569534,3592.5926644176907,3530.5225525689657,3338.8954642354615,2975.039554691142,2704.832603073139,4399.189576509838,3308.037918007164,4549.287974181176,3844.519057384996,0.02014159144843258,0.01915120471497122,0.026579882105383913,0.013120937210008315,0.02098065268032317,0.025306907970259543,0.021130390448501457,0.030978519829810196,0.011208383997168277,0.038564689071458984,0.03137348854828829,0.04771867604245172,0.03401866950597368,0.035475286589229243,0.019399546453838738,0.01585001798550137,0.015012317837742734,0.028602573697817515,0.019739523248671013,0.026717364931709432,0.040053765062163016,0.01304043887061612,0.02987022769262306,0.031925919262772016,0.011224536514819802,0.02385962237247481,0.016745156062895873,0.02078367298111317,0.013651746753364502,0.016703450215466
29,3419.6459523187164,697.023970223206,0.023899137109266454,5642.212965808891,3749.3296414321444,4290.17674359881,3355.43587549336,3041.3076993016543,2855.2752016247637,2490.375230445938,3989.032085844348,3436.077639272346,2904.47686214709,2350.517083203774,3401.7157371289663,3892.381713702191,3811.3920773303525,2770.374194112436,3988.4279505059676,3646.7994538133926,2573.373406475937,4513.612333784151,3058.8170550673,2497.43164383826,3047.748775837806,3378.8492464606857,3283.446974644958,2975.039554691142,2704.832603073139,4035.748390003528,3308.037918007164,4013.9999668760956,3583.132546034876,0.024921951553024284,0.018088525574292916,0.03096763380847246,0.014429089762731119,0.023341112733995292,0.02173644053081253,0.020263765670972454,0.02435498621450556,0.01203819081671366,0.03230609692493442,0.03683347131996797,0.04082577878886759,0.03427587558379424,0.03991899321767753,0.01999444003678289,0.023352553006552482,0.021902972029431735,0.03058684996538681,0.013231135335993927,0.022175349093677015,0.037923909318085085,0.014343501060730774,0.024832160156065562,0.02473717092640782,0.015192302899131142,0.02544391123116742,0.016043862543284253,0.02329093946150082,0.01515316180602264,0.01446798190701128
30,3110.079013526872,627.0407553311383,0.022259661278713632,5102.220690777758,3408.2481311524252,4109.878274215199,3194.6643788650886,2349.123314257677,2582.3839008647847,2091.0458047026773,3810.7972637941857,3343.2284971875,2578.379468429276,2162.805786822975,3077.530452675996,3480.910672093601,2746.1354742015906,2770.374194112436,3717.767279019606,3021.4047257367833,2573.373406475937,3654.504598403692,2814.9501882853688,2497.43164383826,2871.822017890271,3115.341512194018,3224.1418541892667,2959.840668049457,2704.832603073139,3540.7998382745654,3104.3773060463127,3957.3008295089694,2736.7556306673514,0.019065498414034963,0.018399554549177365,0.029107525882598594,0.008376072819648405,0.01973970988815978,0.015684626358104956,0.020392529506135723,0.020815281572956215,0.019858877027196853,0.024660375979188832,0.029248860483293695,0.03077584105949561,0.03456394607811246,0.03952620374628691,0.026497776294565054,0.021745399333837213,0.014847127972510237,0.033372037644700044,0.01783379740533458,0.02446796868567811,0.038934799797895665,0.021823704454079534,0.02673377002341064,0.019119836007239065,0.012531752655084149,0.017012559339118757,0.00888540754523704,0.02485356239859171,0.01932142394186235,0.009594011497874465
31,2882.8162590986017,541.7335966886756,0.021058688837204066,4287.09189475652,3408.2481311524252,3026.558914094138,3194.6643788650886,2104.8764048779226,2410.8635866621175,2091.0458047026773,3480.6334627457386,2872.3422333895724,2578.379468429276,2065.736499736113,3077.530452675996,3337.7806894920864,2746.1354742015906,2565.0169691072765,3611.8504474673505,2247.8296037648656,2573.373406475937,3654.504598403692,2783.360289961975,2452.836080504437,2067.7836009795624,2973.328983925724,2865.7175052427206,2808.66124303109,2450.5651391541046,3283.2760583389418,3071.718151211593,3656.0226689401593,2736.7556306673514,0.018097850880108773,0.01294163498973167,0.034791804182303196,0.01301184943746033,0.0143588656598683,0.012728569413128497,0.02209496399392869,0.013576439467488087,0.018243666062764185,0.0210531219018171,0.027430088385345427,0.02346920582631419,0.03314872988991234,0.03332991755987376,0.019755448072283712,0.02451566841986552,0.014221900958013484,0.03163263154869713,0.022047765333240904,0.02348388682928186,0.03268992397651778,0.01597120497710677,0.03977817089796439,0.015055524919868453,0.01580029252865153,0.01908855526682264,0.012243999542138647,0.024690423123486474,0.009984939673355973,0.012523621398782183
32,2631.8390724771857,539.1542288539773,0.02099555873386886,4034.894900542009,3231.3587024943436,2779.5515387497458,2671.2281547635116,2104.8764048779226,2085.467344950332,1874.1273832806994,3383.03489263173,2204.1918646802264,2461.4100090890615,1497.741540216145,2791.4415670031285,2764.2604736291346,2632.925963697288,2529.8695783714256,3291.9034417884145,2247.8296037648656,2411.829976286614,3258.8094003140195,2586.381588628312,1942.5916951452734,2067.7836009795624,2745.140327599253,2548.0744451756773,2236.5168931445182,2347.350712171793,3235.0066031579286,2987.98013533397,3363.5687012071066,2638.0247306415195,0.026669069536438928,0.010717740636977112,0.03515853483841719,0.02165281763630514,0.006259782455492592,0.0070190926057926185,0.022451480133381056,0.01491632673887013,0.017644550325873073,0.01916276307280174,0.019054513977572164,0.016826272836630487,0.029844020044817853,0.030365557234483996,0.016823240462449075,0.02439976801288498,0.013901910403271349,0.02562839997200751,0.023221326970883267,0.03396891349396637,0.02167438687112941,0.01803218427019901,0.040134533878412426,0.01369547674992908,0.02445197750357888,0.022714970596576733,0.0077345239875564785,0.028103790617042143,0.019702080835863795,0.017936755316461283
33,2463.012952354586,465.41291657660696,0.021588406860427414,3883.9996242011525,3197.425071140276,2779.5515387497458,2546.414443365687,2104.8764048779226,1977.0090264757482,1874.1273832806994,2985.0556687069347,2015.7311884180456,2237.596230292801,1497.741540216145,2770.8337831558692,2669.42209957417,2632.925963697288,2302.7407117707303,3043.6808945754638,2247.8296037648656,2411.829976286614,2692.1732058476587,2482.982269797203,1942.5916951452734,2049.983323236425,2106.5039523550313,2413.7694902420526,2040.9683689532637,2347.350712171793,2846.666978062483,2639.280489220201,2761.190441852727,2388.1364912033173,0.020776112116621982,0.031432861462716566,0.030735754482269045,0.023138380726357204,0.007759904272302008,0.01907521474220299,0.0127205730163956,0.012781718284855349,0.017209071788504667,0.016203155540941042,0.025753463073115327,0.010367397134002428,0.024294469363508417,0.027820127497632796,0.01952280226513305,0.02735692000596645,0.006466336247237246,0.018211170190439076,0.03375595105359876,0.029473443879563334,0.032012434703793544,0.019172675036111794,0.044208379913749915,0.009361694592336604,0.03626301298851685,0.018982543677789555,0.005564917655771865,0.026657730169502618,0.020518437957872032,0.020055551974014492
34,2299.6902594194785,470.1245412940638,0.0210851877009777,3524.8259293530527,3060.011842229644,2692.093087119493,2337.8923495831314,2046.3408131512979,1800.473090744731,1828.5045915473027,2985.0556687069347,2015.7311884180456,2237.596230292801,1497.741540216145,2588.461613756718,2669.42209957417,2573.130139326599,2302.7407117707303,2969.4022222124604,2157.1416930181717,2250.2713514707743,2692.1732058476587,1435.6295331813626,1795.5551114616742,2004.9029626714341,2106.5039523550313,1953.5425576567843,1881.0132041058203,2094.9720440235496,2346.3842552681353,2336.435788511138,2761.190441852727,2045.5685631568483,0.010255145470830139,0.033115650175379756,0.025958050912942295,0.016804132166253878,0.014884546321906118,0.024930320043359204,0.011849725261436172,0.0208175321112508,0.01877515275024922,0.016318865172381194,0.027694364315706627,0.019682024982931565,0.023503761525067703,0.030410106483188544,0.023604576507051465,0.022420714217961393,0.0037106018391038446,0.01767928935695591,0.032635552004083274,0.02956598636626518,0.02575941164939948,0.020991154794357987,0.03257117430224067,0.022343039532150086,0.03597229161909681,0.009923372952509836,0.00855332818070419,0.021350480921151386,0.021202805332013554,0.009272473761402627
35,2130.2086458340323,430.9463581954017,0.01953907029239392,3085.675252152837,2691.6632079885594,2564.2663678029166,2337.8923495831314,2046.3408131512979,1714.0730495842922,1531.745865434995,2931.9571700940423,1758.806638889896,2134.9074497064676,1497.741540216145,2215.2498013728937,2551.8572911041247,2302.879571947982,2010.591876452079,2425.2825463017516,2002.637042664972,1942.612868783566,2408.433151682599,1435.6295331813626,1301.4620221819368,1924.4553846259619,2009.8669429182912,1885.774055870877,1759.0895168468642,1981.8802070325892,2346.3842552681353,2336.435788511138,2761.190441852727,2009.4773718165468,0.011790965338290077,0.029096918047212754,0.02641043305462764,0.01216547754708975,0.01351710856539994,0.01763687585567425,0.008623161152763941,0.015249912766043126,0.013973173615640776,0.014211784366602608,0.024240558064453507,0.01609940187865161,0.024922552136104503,0.02536098209010231,0.020686736711292057,0.03378124970692065,0.009711064964113694,0.01687232530030533,0.025722417957877497,0.02696953839439746,0.02093006459956783,0.024760799223273657,0.02981030648199154,0.020173713579993324,0.036176546424471864,0.015456158515531622,0.01808210232413502,0.020606135555463,0.007606057080369873,0.0055275874734563865
36,1996.6375385466974,378.8117575748015,0.019998778684346307,3085.675252152837,2378.4639578718275,2453.477724619717,2233.744279300548,2046.3408131512979,1714.0730495842922,1531.745865434995,2233.568074630011,1677.3959388271394,1881.756139077588,1497.741540216145,2195.793478297083,2052.63170463099,2302.879571947982,1765.383156602254,2425.2825463017516,1575.1892556480282,1832.6225022247872,2408.433151682599,1435.6295331813626,1213.2117088386633,1812.3440727875613,2009.8669429182912,1783.7739631011307,1759.0895168468642,1930.4340888356028,2314.3319100215376,2091.182366619229,2247.5866792322636,2009.4773718165468,0.02187532912090801,0.03422877453647298,0.021838335026935874,0.014589673660864253,0.013873572386464358,0.018047292461569223,0.012560514836812676,0.014355258866788668,0.01701457059827562,0.014873431951864332,0.026130591491591863,0.018518147972310526,0.022868931800113512,0.020348562015030998,0.0236378198513321,0.0363915910179884,0.007141892722265556,0.018266299390451202,0.010854230001706914,0.022573103106888138,0.018879591174955086,0.02499522327567657,0.029823574536267453,0.02098902835069024,0.036850271251327255,0.015653378221759814,0.020805009611762383,0.019860929855346546,0.005958374032130382,0.016160057403838326
37,1890.481789135914,355.08067734953926,0.018959617233305547,2581.6935943278027,2085.409324486595,2319.787511242472,1946.6722257925853,1973.8706145004032,1701.1487114978988,1510.8944756787744,2233.568074630011,1677.3959388271394,1881.756139077588,1461.6287841524575,2195.793478297083,2039.311356215562,2207.792161995772,1721.949199435655,2317.8173654368225,1575.1892556480282,1715.7732216700563,2392.975438628031,1401.4885322278546,1213.2117088386633,1430.733559539979,1864.8480807467286,1441.7591553798434,1365.9012914148561,1930.4340888356028,2314.3319100215376,2091.182366619229,2247.5866792322636,1872.5494296801273,0.02234055141378616,0.02676035817429419,0.024119352534834472,0.013178146820198215,0.004057458797765024,0.023337004868516434,0.012966914134953692,0.018594664637076368,0.015470715396660121,0.02001067640161743,0.02069013928057081,0.021750411993275796,0.01815534391278454,0.02358686694685873,0.026786466778313027,0.02688412854772107,0.010873706453546864,0.01195407619268155,0.013485436520312607,0.022086852529394567,0.01208461798950555,0.019174400004577926,0.02151623901134796,0.023035808016614208,0.03687003218100408,0.014288457290123374,0.017197134828868515,0.02011435407153441,0.0094467690034187,0.01797143226701007
38,1762.2646971426634,345.64768645809835,0.0176597439257254,2581.6935943278027,2085.409324486595,2319.787511242472,1896.7972350300408,1695.415141992945,1577.1065003173915,1385.2029047763806,1920.602922971584,1156.7654012232733,1839.0465569031023,1461.6287841524575,1775.190191158612,1959.962714798071,2111.3670790472247,1701.1694684478994,2024.0552250955488,1575.1892556480282,1715.7732216700563,2038.5284868722367,1401.4885322278546,984.3208788347588,1430.733559539979,1718.520140959691,1426.148265733316,1365.9012914148561,1930.4340888356028,2007.7225841087563,1661.8439435509754,2247.5866792322636,1872.5494296801273,0.021126900211470973,0.032645430633072556,0.015015729693011693,0.015443673874553638,0.005744713861599777,0.01976450932157826,0.014827583344027853,0.013487012872827484,0.01162060485245275,0.01666593102305749,0.02161577761906273,0.017955376705088736,0.011273192897086845,0.023348693091107604,0.013543525716133787,0.02688496002950136,0.013043701472402823,0.01361892155226626,0.011031635693306258,0.020251263460839053,0.011911054931179901,0.012154880556958934,0.018493556484662887,0.024692602595480492,0.03411050389420525,0.020201259827118262,0.015359172446203766,0.022046629005698266,0.01619108810296058,0.015722432002845784
39,1639.7776615466867,302.64972752605337,0.018545181057470765,2487.3725339526027,2085.409324486595,1811.4553827687766,1855.240872858243,1695.415141992945,1516.0580271829592,1357.1589904220282,1920.602922971584,1156.7654012232733,1622.844632673866,1434.4700261104067,1399.9797796912017,1811.8397822371644,1916.3723620062558,1701.1694684478994,1935.322361839083,1528.566811623183,1429.3901977252017,1670.8979212761942,1208.596143966318,984.3208788347588,1293.9839460721155,1718.520140959691,1426.148265733316,1365.9012914148561,1663.9851538657333,1861.6736137459618,1661.8439435509754,1820.0240511821053,1852.0004755853095,0.020038491654387168,0.03160844978483072,0.013824463340505654,0.01917591530395084,0.01383659289028361,0.02619679311402285,0.022128653642573784,0.010605331445111244,0.012296542480566174,0.023283038890082833,0.024557785188241404,0.01923293883912256,0.01508817315084933,0.011193793379593725,0.018594007891499356,0.022049056459007423,0.010867651457665762,0.009163090338345172,0.008020215867608642,0.019300691943449813,0.007839859612522353,0.0140974247389536,0.020447098877259158,0.02833998665014876,0.025728956014411157,0.017836188889150714,0.00989733361847425,0.03387933389359707,0.029181615763812053,0.01804595660409581
40,1547.4375374118006,256.44235926904855,0.01861812155145317,2028.8304965920884,1934.1173290288289,1811.4553827687766,1811.5706420476552,1675.1078763074504,1516.0580271829592,1357.1589904220282,1886.0164804225617,1156.7654012232733,1622.844632673866,1338.7600633205268,1399.9797796912017,1771.3611772533616,1916.3723620062558,1356.6265245240409,1773.4060344596273,1321.665292300395,1429.3901977252017,1670.8979212761942,1208.596143966318,890.7888786163771,1293.9839460721155,1643.8678328516582,1426.148265733316,1365.9012914148561,1663.9851538657333,1518.9782687748823,1416.8002743298432,1624.9133854631175,1590.778070039507,0.017361001051914716,0.030323637510974544,0.011314027466528105,0.022825266290056562,0.012867937913444968,0.023068698002035336,0.027689114876930397,0.012225657718324848,0.011881210250021838,0.020952950078289886,0.025240926015259554,0.015783448484262025,0.008160427428448669,0.0073969880287613286,0.021630739051472204,0.021936586512338464,0.021122392125705117,0.00417339122420771,0.022484200603524948,0.016510201328373365,0.007054178636846772,0.008951541841594877,0.017074687512266415,0.032452556795889057,0.02546629865433646,0.02262351776689285,0.004376930789603254,0.037845490355281154,0.02672620990114275,0.021023432328866887
41,1445.5692096960324,242.2919548702484,0.018267509702709458,1834.3713331518027,1766.313124142755,1811.4553827687766,1685.6404889166051,1440.4787971491928,1144.8259583024799,1111.1623624460663,1798.1181013805074,1156.7654012232733,1472.1590540566078,1329.447172552644,1399.9797796912017,1583.5345393563696,1711.2458405685359,1356.6265245240409,1670.1123574812266,1034.2024790244102,1429.3901977252017,1640.9340636953104,1208.596143966318,890.7888786163771,1293.9839460721155,1643.8678328516582,1426.148265733316,1281.4851171391215,1452.343769189816,1518.9782687748823,1203.5453107948233,1528.4311447495957,1542.1446548359468,0.018247166054848413,0.02495787061464025,0.006898611275833266,0.013394204153775846,0.01180860004147579,0.02757541550175854,0.028643280975794647,0.013326467711045934,0.012436125689637903,0.020562803982796682,0.02302882394296462,0.01219663887293887,0.00653904460159979,0.00688664050633947,0.030249918940042766,0.028815172551173593,0.014261482066030482,0.0058372841239637,0.02159116695675253,0.015899382667692086,0.0129625765652879,0.017807825348501033,0.017036861088233782,0.03146481980233889,0.02011325368074236,0.019513738334264008,0.012380118055241812,0.036598240397972645,0.02148353063018916,0.015508225947407025
42,1401.8895010921674,231.1578551566904,0.019899052593720826,1764.702532965889,1766.313124142755,1811.4553827687766,1598.8844155126408,1440.4787971491928,1144.8259583024799,1111.1623624460663,1541.7869817432218,1156.7654012232733,1373.2362792533934,1295.0424333562548,1231.1781918680026,1499.2611718692779,1711.2458405685359,1356.6265245240409,1670.1123574812266,957.2952221323585,1359.885144639571,1640.9340636953104,1208.596143966318,890.7888786163771,1293.9839460721155,1420.0351697945764,1299.1700034682844,1281.4851171391215,1452.343769189816,1518.9782687748823,1203.5453107948233,1528.4311447495957,1528.1350945568572,0.022421122548436,0.025177956241436174,0.017038021089579844,0.009873996426461695,0.016033306353331108,0.028906976335380696,0.027020322487207038,0.013519035064195857,0.010288903178606123,0.02784664050388852,0.022311743748461562,0.016876735831079532,0.010086314970698836,0.015558602824522153,0.026592470576059027,0.028282968986613616,0.017440416878201047,0.01227834570751243,0.020813271274417074,0.020291484815550414,0.017605427027460097,0.0144343161828255,0.020802871408032688,0.029246944187745257,0.018295870193888383,0.01944853534981522,0.017988505666899544,0.03556466188921835,0.019899398746248936,0.015026411317852099
43,1333.9796166265178,223.46706133383063,0.019135836523862255,1752.0762021861815,1619.7458285691364,1795.242400315711,1399.0417306988118,1440.4787971491928,1144.8259583024799,1111.1623624460663,1531.3053003909422,1123.3627864842983,1197.9438873049826,1205.8225789294002,1231.1781918680026,1267.8234879654324,1455.1364331520228,1314.0900980850686,1327.6133638990534,957.2952221323585,1359.885144639571,1573.4473291891627,1102.2997474300216,743.1897294882465,1190.5034067599338,1411.758314266928,1251.2414919374344,1281.4851171391215,1452.343769189816,1518.9782687748823,1203.5453107948233,1528.4311447495957,1528.1350945568572,0.021598368294507654,0.025665277855896788,0.01605029351284104,0.015572340486797065,0.008313946730413236,0.028741984284332243,0.02058678839225365,0.013532653749941073,0.00780082471061312,0.027095293803445608,0.024903991266051168,0.020347324906224543,0.015594810149518818,0.01480985887467973,0.023350424040015083,0.027624590835864393,0.01689773756110672,0.008585751733908294,0.01946663865185224,0.02840054207764748,0.01744456763090816,0.00912341754432631,0.01907539339607455,0.01968873275060282,0.019709907757966903,0.016301272637647326,0.012711397846528912,0.025822126720418313,0.027620439482499932,0.021638398030984544
44,1235.89158334319,205.2635468028081,0.020447865833477092,1399.638191639418,1563.7830764465057,1739.8299219792484,1193.5870879539073,1332.206266578101,1133.383321498901,1111.1623624460663,1243.107684930221,835.3349203592427,1197.9438873049826,1153.269253570515,1231.1781918680026,1267.8234879654324,1455.1364331520228,1314.0900980850686,1327.6133638990534,957.2952221323585,1266.314564009599,1222.7444916429915,1102.2997474300216,704.5222693862914,1017.6761799881724,1293.889650433276,1088.0163850849594,1222.8704538077852,1378.5164043463021,1432.5183804320316,1062.71582847827,1384.9119081340914,1443.3684653128628,0.022935648029608097,0.02171456418596764,0.019821717898280654,0.014050956258852576,0.019720731432680254,0.023304783405952063,0.023545263861287153,0.00772964632933354,0.00972205236648481,0.02808119024959453,0.02086207045338737,0.022585807962465145,0.01533488738891637,0.011489103004115127,0.020090055230319863,0.0271924014730745,0.02334229887896455,0.017255584843469278,0.020441311107587838,0.02753362244005711,0.016140886800345786,0.018277950713927835,0.022452114744035342,0.022258682376764354,0.02149666198534549,0.021592123035843167,0.018122787817271696,0.026882730270744736,0.030280176700997582,0.019178163758638227
45,1158.7114142199398,192.59200701846092,0.02018136576628368,1399.638191639418,1417.5235788188022,1450.135795800094,1193.5870879539073,1293.4572245631489,1079.3655057170922,1111.1623624460663,1102.0431257533407,728.394337899357,1182.7697878904717,1062.8624450042873,1009.8726967380633,1267.8234879654324,1427.3050342524848,1103.29437872748,1327.6133638990534,885.5830961711966,1242.9979827221282,1138.291031716218,1102.2997474300216,704.5222693862914,922.3161800805535,1147.8131804300938,1088.0163850849594,1148.0495568450822,1200.8717918727089,1432.5183804320316,990.0934569704631,1157.752497075079,1443.3684653128628,0.014281659762686154,0.02004814060915924,0.010242765766018534,0.015510019144305229,0.016957134309805215,0.029244661905609766,0.026230587859020944,0.010091661561292452,0.015137893654741271,0.03274823997465428,0.03078734562913161,0.022881290134114118,0.007203364335726075,0.006971384323194486,0.028566239494187733,0.026489735658072933,0.019220061313998893,0.020693754503207658,0.018588388387375816,0.03341523593541143,0.011508298560605437,0.02051044190267725,0.025354258087666077,0.021787414496818272,0.013855949553532212,0.009756293447807724,0.023727468964568794,0.02548156687553281,0.02324028387864967,0.024909432958938403
46,1109.1870851192605,197.96250139539384,0.01970842801472676,1145.3402988121793,1392.9557662246673,1450.135795800094,1193.5870879539073,1293.4572245631489,1079.3655057170922,1111.1623624460663,1102.0431257533407,728.394337899357,1092.6386975835164,1050.4178415715248,1009.8726967380633,1267.8234879654324,1325.0225348488805,1103.29437872748,1327.6133638990534,826.4346632726357,1242.9979827221282,1120.4554043486103,1098.6674619056816,698.323312096253,922.3161800805535,1001.6338551376402,956.7443000168003,1108.1997106967337,1200.8717918727089,1432.5183804320316,660.6104255390284,1157.752497075079,1174.9620818781202,0.014855969702446629,0.02770429968292298,0.014348846184676096,0.013630055788118111,0.020113670419655835,0.023148741134987168,0.02344110856404418,0.007508375420372158,0.011133974683998429,0.029252061839084353,0.021650769808999496,0.018337268630292773,0.016984690223886354,0.008262928754109911,0.024229671712444546,0.01824469001855309,0.02628905931429091,0.024028678988708273,0.015247323500108585,0.031134452722950096,0.011276607296100354,0.022602715889000542,0.023539977087145947,0.016863066103425674,0.013383976836250595,0.01984591221017548,0.023560798492680834,0.02775609895915252,0.022580376037909813,0.02029667443531104
47,1057.4259370387924,209.55787090770687,0.019938601437868915,1145.3402988121793,1271.7551746265838,1450.135795800094,1193.5870879539073,1171.2987388244553,984.5241719454242,1025.3210531139202,1066.623116358204,721.8889643902153,685.4303171668388,1037.4030763455632,1009.8726967380633,1159.6756792545066,1325.0225348488805,1061.1815570641143,1280.968584078679,788.6512909872065,1239.4010483933564,1014.2149888320224,841.9936165796706,651.1277485439822,922.3161800805535,1001.6338551376402,956.7443000168003,1101.9803680464454,1200.8717918727089,1420.4890708595292,660.6104255390284,1157.752497075079,1174.9620818781202,0.014187262034342618,0.022231641893138043,0.010000055037590168,0.015190928945669698,0.017936887015289525,0.02238928103768462,0.019803065077895286,0.010843751998387725,0.011120749733251837,0.020919057722417138,0.021796728465456994,0.02392164957810044,0.018709222092788025,0.012673945105237823,0.019118954895439903,0.020377818673212957,0.025628948029336882,0.025489650960825862,0.011734779116672846,0.03115947235896249,0.020609309433983085,0.024230573719880272,0.023168931987988743,0.01869581425391561,0.014803506746529808,0.025170935250213,0.03524679744013749,0.019109950820903693,0.02304518326550619,0.01884319044530868
48,1004.5560449403634,182.2012868012082,0.017876524168552965,1145.3402988121793,1271.7551746265838,1031.851409988381,989.4620505184707,925.3162356813053,984.5241719454242,1011.7940268848395,1043.3063951071967,721.8889643902153,685.4303171668388,1037.4030763455632,1009.8726967380633,1159.6756792545066,1213.909007559646,992.1665108332023,1280.968584078679,737.2343039381501,1239.4010483933564,1014.2149888320224,841.9936165796706,651.1277485439822,877.4192610707502,1001.6338551376402,956.7443000168003,997.473678683515,1030.12686512194,1344.321414801451,660.6104255390284,1157.752497075079,1121.9627445464223,0.013009709958665858,0.015795901757188806,0.006109565131677003,0.009782486925781488,0.014252729658796618,0.021412001754049326,0.019012771721635256,0.008371712890869156,0.013130570833111211,0.02479348716177052,0.02636073881363563,0.018503248488500892,0.0228690937281002,0.015727369271446787,0.01595672011793038,0.01694008027208709,0.025420539533870922,0.017359940088116827,0.01140767070176454,0.02847154762501762,0.020426129056702574,0.022693621393483264,0.02347561488210487,0.014919244873466297,0.008454101151382074,0.017250175675480133,0.030823528927177286,0.017072094516761248,0.01657139584548606,0.019921932300529036
49,963.3094938654316,171.58257241296354,0.016675168035477923,1134.7217019043505,1116.4998134712137,1031.851409988381,989.4620505184707,911.562854690623,807.3031387449637,967.1229645986352,1043.3063951071967,721.8889643902153,685.4303171668388,1036.363745442637,981.9308844529401,1143.8152371275735,1213.909007559646,992.1665108332023,1167.4600108786367,737.2343039381501,1091.641942859375,1014.2149888320224,702.4346825381665,651.1277485439822,751.3918984892775,977.1218531920063,956.7443000168003,975.5645185840316,1015.9671626211016,1295.514173718709,660.6104255390284,1002.959065668355,1121.9627445464223,0.014578405598240824,0.019942524799712195,0.00993481687189024,0.007743087939478031,0.018796730994662468,0.01628822933482133,0.01759274886844187,0.011802935344531487,0.007364188054658768,0.028361353695826125,0.01644301415610211,0.018844288691396878,0.019966323108397036,0.01783769660556716,0.01905985351345786,0.010707061192152714,0.024583117753611085,0.008263697346880513,0.011628966380653756,0.028553738903004493,0.014416593726572658,0.023970646616023526,0.017832990910764495,0.019764740208100276,0.007354595323173055,0.008220802396845847,0.03242065760829196,0.015404495484042187,0.014357024633416456,0.018219715003620227
50,933.921859797055,147.5145575610944,0.015365591097711618,1128.498220986652,1089.7821946941885,1007.2101573455465,989.4620505184707,911.562854690623,807.3031387449637,936.1747124315727,951.8126169114963,721.8889643902153,685.4303171668388,924.7669404596826,935.6911990108565,1061.7845841733329,1042.4843209199926,992.1665108332023,1128.8958711424132,737.2343039381501,1091.641942859375,975.7997655067308,702.4346825381665,651.1277485439822,751.3918984892775,977.1218531920063,956.7443000168003,975.5645185840316,978.516807458824,1147.2976973940745,660.6104255390284,1002.959065668355,1094.2961297628071,0.012174189566805427,0.013064350047520467,0.00797894479137369,0.011219547580905022,0.01566937941363094,0.011438553019361909,0.01565002229403588,0.011052330863003643,0.014066499976421648,0.02318984845716713,0.01610790323941011,0.024415383009137755,0.010856732017920579,0.017941651513835144,0.02473945021008544,0.017232614230837755,0.01710696535074523,0.01781428690603474,0.006607590899977855,0.020003355693643424,0.017492498212602535,0.018650448553589598,0.014771852142440426,0.013040753554141079,0.013897503653399887,0.008541330694663101,0.029632271598345514,0.011826838581676963,0.012683867614125197,0.012100769244510427
51,901.5589810262351,154.09329378980564,0.015059754794821165,1128.498220986652,1089.7821946941885,932.6992151235772,989.4620505184707,905.6454980793666,785.7490987905555,924.6752712058226,951.8126169114963,721.8889643902153,685.4303171668388,820.5358738857238,891.9328296260621,1061.7845841733329,1042.4843209199926,804.9374736930278,1128.8958711424132,737.2343039381501,1026.548341121578,975.7997655067308,681.6863002883636,588.2153855502121,751.3918984892775,932.5928888584298,739.0512735816042,925.0397151109001,974.0800391409492,1147.2976973940745,660.6104255390284,946.7108651972105,1094.2961297628071,0.01106139089679438,0.013991707405328877,0.009668232469444305,0.013570809061527848,0.0056904258945447775,0.00829324639906474,0.02176773496236373,0.008306381693053899,0.013689409833317658,0.02125585545479602,0.017731987553932516,0.016605105095041553,0.013168519280943276,0.01822148682251888,0.01850219234344221,0.009202886483586269,0.01887913914369546,0.015719962974284497,0.00902433565228993,0.02276508027303233,0.015466816414974289,0.017129993514131598,0.015358765066828851,0.017061887361057758,0.011588170329287065,0.018441793233955363,0.026754190456690814,0.020719545815215346,0.011435848358138438,0.010719743601352338
52,856.2736512385528,145.03263235362087,0.015795296572158092,1122.806502024423,941.0565742225541,697.4961965711722,967.5418842067495,830.677908225703,764.0700159187506,877.1567627879157,934.7194362799902,721.8889643902153,685.4303171668388,820.5358738857238,745.7215268624494,1061.7845841733329,1029.8482126872832,804.9374736930278,1105.5956894495218,737.2343039381501,1026.548341121578,975.7997655067308,681.6863002883636,588.2153855502121,661.3952527702107,903.2938027210031,739.0512735816042,896.6869380948273,974.0800391409492,1000.5231507682946,660.6104255390284,946.7108651972105,785.105770392772,0.018198187966529982,0.012497495584047436,0.014755484145181118,0.011380912387128208,0.005999094334843646,0.011761137306763224,0.02616877324863718,0.0052359785016276635,0.01567437418191829,0.021716749895618323,0.019322842008764114,0.023534135446916755,0.006488380991458789,0.018850512686141137,0.018542153845841187,0.013893228938119302,0.019891898372017495,0.014100978215041571,0.003996224090465605,0.024731551958713755,0.014327166027177585,0.02601030122046336,0.018409211476366302,0.01494253128454021,0.0143655095505825,0.013532349852243684,0.01698244079832395,0.018768650096364404,0.019231675183106936,0.010548967569799006
53,823.7773631861413,139.35649558001512,0.015191271294149017,979.9585437174846,941.0565742225541,697.4961965711722,967.5418842067495,784.1841853855611,693.4370505122239,858.198048404419,754.2850156502042,721.8889643902153,685.4303171668388,820.5358738857238,745.7215268624494,1061.7845841733329,1029.8482126872832,804.9374736930278,1075.204723618025,672.5126968929142,993.5467410895187,912.5299289707574,681.6863002883636,514.269322648194,661.3952527702107,903.2938027210031,737.9280532150565,795.7670070133769,912.5432858206423,1000.5231507682946,660.6104255390284,860.0999823068449,785.105770392772,0.017555902847634072,0.01975158607861542,0.014711981680080654,0.010581478961418343,0.007068425396612811,0.016291362522268017,0.016023798010779806,0.0036840308915335367,0.00936074233280608,0.02364403592811364,0.011145113308313196,0.01820184793476405,0.00980887376915939,0.017629031578847466,0.014201988065284901,0.020674381484324524,0.01980178879528146,0.019838510836355232,0.011065678375625599,0.020582415597866253,0.016344382823077014,0.020687110214807694,0.013466772145133296,0.014971470449156497,0.013898664430606254,0.017112122263828345,0.02031203462117918,0.017589781688558005,0.013831769732838731,0.005901056059600916
54,793.7455347047155,131.44778117037023,0.01560987450501151,979.9585437174846,925.4703062682169,697.4961965711722,906.7481618578396,784.1841853855611,665.5151132478088,857.6246294393414,723.0613373411676,703.0164740184908,685.4303171668388,780.5521358124312,723.5952000894223,875.8313266533664,1029.8482126872832,804.9374736930278,1048.2751243462317,643.106117777053,853.930213251693,906.6979414698,681.6863002883636,482.7142154902368,661.3952527702107,877.4324555860996,737.9280532150565,795.7670070133769,741.272845241829,1000.5231507682946,593.1619972741508,860.0999823068449,785.105770392772,0.016058642964104836,0.01715610034694173,0.013352725228208078,0.01282497317102114,0.009086459847408327,0.015590076137266264,0.020450942977622615,0.011592301611748953,0.023421391351906976,0.020586084278296037,0.010922213130341387,0.01681272197199958,0.011618742135114185,0.015620913530647181,0.007385598231348346,0.022395621162070396,0.01553672334651635,0.018266126547455783,0.007427224294694634,0.01758877605347378,0.006210072775467215,0.020756965291382917,0.013943743960231202,0.020029221594567947,0.016241395403399403,0.014317591997506247,0.029642687101644985,0.015000221013787386,0.01318982711393229,0.015270150580239096
55,761.5021103217045,140.69870814665026,0.015047669344966227,979.9585437174846,898.1993812407502,697.4961965711722,906.7481618578396,784.1841853855611,664.1405288239653,733.9203809163681,723.0613373411676,703.0164740184908,677.4928430182118,669.5625622389548,689.5105203228535,875.8313266533664,975.5014458635499,647.2282973219751,986.1537333282563,582.4913550433961,846.8873328007664,906.6979414698,511.0490333683623,482.7142154902368,585.5002911951714,877.4324555860996,737.9280532150565,722.192966878389,741.272845241829,1000.5231507682946,593.1619972741508,860.0999823068449,785.105770392772,0.016783081065900454,0.0172535618269237,0.008895927169412772,0.014544557508966726,0.008180527644324583,0.013848711794475136,0.01549522476374735,0.018616346929887256,0.01593867380360347,0.01843429686299341,0.009053406825398144,0.019172467501883568,0.003209510494941761,0.017382942326695953,0.008894764646176417,0.02144966033290238,0.013737140862065542,0.013525727713156297,0.013798860725206065,0.019064425332296416,0.01230720650819773,0.015197639925131104,0.012199754251952927,0.02007803174059439,0.01826239728709133,0.017126563683289634,0.03140383019816912,0.009700220201164553,0.012770232333549136,0.015104388088889448
56,733.8372936686344,135.67816541601923,0.01443941413143784,979.9585437174846,831.9317994779905,660.3215617020762,906.7481618578396,784.1841853855611,521.1528889456067,733.9203809163681,685.021413939017,691.3980930115963,620.2120347838315,622.543729045535,681.7390003416116,875.8313266533664,734.9116619794399,647.2282973219751,927.7726062813321,582.4913550433961,825.716956783771,869.5340799750303,511.0490333683623,482.7142154902368,585.5002911951714,837.4095349753102,727.6712615443043,722.192966878389,741.272845241829,1000.5231507682946,593.1619972741508,845.8996657673808,785.105770392772,0.017044172155122193,0.014520341024085767,0.012580177313517281,0.00857175295950372,0.00036835309961282843,0.013761344063941344,0.0172479893847885,0.016971972504000704,0.011106091919444682,0.012249005951862648,0.008668198006064443,0.015478001317258919,0.010901247310131581,0.015407946594270593,0.01881438175484306,0.014030247899777519,0.014802588400801488,0.012799971410643362,0.010981027697400189,0.01608736982023557,0.013736527061145578,0.02621283630913021,0.007971329354015413,0.01959502198728522,0.019962842677812103,0.010635399224754665,0.030682062651457294,0.009078908445432217,0.012683363916048586,0.02023195172874748
57,715.4758561105701,139.1993235944375,0.015284920261649397,979.9585437174846,831.9317994779905,611.9876617880059,848.9156217061767,784.1841853855611,521.1528889456067,721.0825500425917,685.021413939017,691.3980930115963,557.6488826421125,622.543729045535,681.7390003416116,834.422015351106,734.9116619794399,647.2282973219751,927.7726062813321,567.196265083761,778.1664642802601,869.5340799750303,511.0490333683623,469.8318515415433,566.6831214590096,800.0377508064506,547.085087346289,722.192966878389,741.272845241829,1000.5231507682946,593.1619972741508,845.8996657673808,769.7424525492054,0.014227267405118142,0.0175800147933189,0.010242585479236647,0.011438353881626251,0.010641791634480762,0.017642368024309647,0.021667583461411823,0.013878098341986098,0.022553773165330134,0.014090996772400494,0.0096036980591575,0.015838209116478222,0.012034438673521499,0.012129740034233095,0.023437836658442755,0.01258430583433411,0.01287214005646685,0.012508593062249957,0.009532534159513632,0.01018051734225115,0.021459509086525157,0.02319471241208741,0.00491291803922796,0.01864015276332519,0.01372320211055723,0.015822510004931723,0.023399230269098566,0.017391196713942056,0.016047143914562634,0.01927218657935626
58,691.6487075402002,127.02210633842414,0.015690222385823814,917.5595675277764,811.7740102023761,611.9876617880059,804.1471663083771,745.6252580015823,505.3886219721988,707.7351382797983,670.9434153114006,691.3980930115963,557.6488826421125,622.543729045535,671.1303653847489,803.0408999477345,626.4847537287602,647.2282973219751,867.7442315869366,567.196265083761,746.647476278047,858.8734250607772,511.0490333683623,469.8318515415433,507.2502574183829,789.525896819978,547.085087346289,722.192966878389,741.272845241829,965.5929573696112,586.6994253280144,704.121193860899,769.7424525492054,0.019682299521397363,0.01962461643172668,0.011375272132401137,0.01260026808785834,0.015066272139233438,0.014769841886434381,0.01756441954540911,0.014207305610887727,0.02354079094721119,0.010276474759823594,0.01202953803742324,0.013941721919475925,0.010903307891741394,0.009845981377276526,0.023128280093745544,0.013854477115898899,0.02087944724500898,0.008272711570530097,0.013161169423071559,0.012939864874650119,0.01942299053040667,0.022871346189866804,0.009332085619503994,0.021958459231156753,0.023489411350125746,0.011173139044051122,0.01663811463868704,0.014363192163692022,0.011898405262921054,0.021895466933098004
59,660.6017957383375,114.06489430158496,0.015430840512597039,857.1476113773715,808.2238597748051,611.9876617880059,791.3841561540012,745.6252580015823,493.94447091247093,707.7351382797983,607.3142237692015,612.9413704247504,557.6488826421125,622.543729045535,614.8092897727854,726.3682592466472,591.979673181448,596.4478551232264,793.1433129069981,505.723060764454,746.647476278047,858.8734250607772,511.0490333683623,469.8318515415433,507.2502574183829,739.9309402897902,547.085087346289,722.192966878389,695.2519254790105,801.1435813315469,540.5534695536793,663.5335918899036,769.7424525492054,0.016254083894784818,0.014408825106518018,0.014033392756153193,0.02099084551426607,0.013736724401668145,0.009908227808297622,0.010260862844327185,0.005268431539423111,0.02586761823634916,0.014362189409769383,0.013436092098508412,0.007704485022737876,0.0029411159486718145,0.02157420784754761,0.023907302606381478,0.01289770172274047,0.022229390899321425,0.009560627787000142,0.019455683064432995,0.015684414502256834,0.015472776744550358,0.02199074226185737,0.013415325544467454,0.019674379366412274,0.022928449637337638,0.006661324248285241,0.017634721522910318,0.01456060637299644,0.012840857204225212,0.0232638094637131
60,630.8045654201215,104.27575012966777,0.015077112023164333,799.360275899636,745.2846299214474,611.9876617880059,752.6020675124792,745.6252580015823,465.22426286900236,707.7351382797983,607.3142237692015,612.9413704247504,554.4053614855243,622.543729045535,614.8092897727854,685.4696762707777,591.979673181448,596.4478551232264,736.9196509217717,505.723060764454,664.682095040392,792.084761165393,470.3903271794841,441.16725047279556,499.85405098513866,654.5355717643245,505.6555890284399,659.5986509186816,695.0697478813406,801.1435813315469,516.6760390076803,549.4184705252366,717.4876422717642,0.020434218525756248,0.00890463141606659,0.01738088362466946,0.018492133882860737,0.013315503804338272,0.011109576137654915,0.016290895654696876,0.007484652614868595,0.015271749815796869,0.00919120739500947,0.010651052404195002,0.00895907538201001,0.019181642881586653,0.021870071852221215,0.02118322212560251,0.017308910307869258,0.0183652847725524,0.012472433311040546,0.023017361483176024,0.015360057897881526,0.009265639146391162,0.021292410618074322,0.015207384107118572,0.013746622345127026,0.016773240017458623,0.008975459035047928,0.014336535746352196,0.015144669276306078,0.007389390974998305,0.023937444138202632
61,609.3850800745773,95.03082022098913,0.015131543481647003,651.1136371822289,745.2846299214474,611.9876617880059,752.6020675124792,662.3409064817769,465.22426286900236,571.9242096252246,607.3142237692015,543.451267338302,554.4053614855243,622.543729045535,599.9670439667351,667.8592977351188,561.7152252016983,596.4478551232264,736.9196509217717,505.723060764454,565.3493302463622,749.223772435414,470.3903271794841,440.32553793017007,499.85405098513866,654.5355717643245,505.6555890284399,659.5986509186816,695.0697478813406,801.1435813315469,516.6760390076803,549.4184705252366,717.4876422717642,0.020371789551299944,0.013956631962102561,0.01672251303831559,0.017174378282807795,0.011186474293797195,0.009885359034524407,0.014825470998524416,0.012085530392502493,0.01611969288556519,0.005787373351562091,0.007476356640301688,0.013165872882711736,0.015626512161229844,0.017475182120277963,0.025178350192033953,0.01914936135213057,0.015526545095998809,0.006751414303225763,0.02546660105519951,0.015105553817547626,0.009230698410698585,0.015300717267254182,0.015264914196401198,0.016852540680495902,0.019864430947223833,0.013117075873645696,0.017063265362885854,0.01759015905620205,0.012821322894544872,0.01780421634839872
62,586.758764733711,91.40416654960215,0.015577108079570296,608.3305004631429,675.1847157922897,611.9876617880059,752.6020675124792,637.3597775393631,465.22426286900236,555.021959718646,541.6400441577571,536.6146740854122,554.4053614855243,593.2738488627615,578.4514456297264,540.0103208213171,561.7152252016983,596.4478551232264,736.9196509217717,494.0623206502354,508.48472555314106,688.6685304014657,470.3903271794841,440.32553793017007,439.89315671528317,654.5355717643245,505.6555890284399,659.5986509186816,630.681875518336,801.1435813315469,516.6760390076803,549.4184705252366,698.0391935151828,0.025474217404319585,0.022681379466042827,0.01590562059114593,0.017642968939177415,0.01583673888586509,0.012447287680953338,0.01591439149393303,0.020115082086742172,0.015712359181191883,0.008021368517953544,0.004149874672762335,0.007290697737862845,0.021510977967552157,0.012653599753510887,0.02815733290828993,0.019087100096534703,0.01630952732474438,0.01515458921278527,0.017597477160087395,0.010313469520446362,0.00985444292708676,0.01666714845581064,0.012400929784444917,0.024467816104901258,0.01827009772203279,0.01121981263516571,0.01880232415882057,0.012095860350803374,0.010529365678704846,0.011029383967436865
63,568.789764800657,85.99457446004791,0.01650126764673804,608.3305004631429,602.9458820836561,611.9876617880059,695.0390676288698,637.3597775393631,465.22426286900236,555.021959718646,541.6400441577571,532.3031549064154,489.2970018412202,593.2738488627615,531.6501508970474,540.0103208213171,497.50173918101495,585.8710244804649,736.9196509217717,464.5561580074435,485.9279000730108,669.2025364809239,470.3903271794841,438.4711029658863,432.33610800953795,654.5355717643245,505.6555890284399,659.5986509186816,630.681875518336,762.5765380717559,502.35919649812115,549.4184705252366,613.6068708180732,0.019180905093283074,0.02440487029119985,0.014764619843397567,0.019786728598470207,0.009899581826851982,0.01581948582659965,0.0176606638944079,0.02462127945823406,0.016529320922599122,0.010920142363448113,0.01025020542751522,0.00869071922974601,0.023600973865517225,0.011679425075330584,0.025783045444224606,0.01621919207446847,0.01981815870665411,0.012540204795415491,0.019409728119793017,0.015322670186751715,0.008203415940362072,0.029683217203262783,0.015197554796967494,0.025762284986259917,0.017851777636977748,0.014311418490913878,0.015019378482333813,0.013894635291314811,0.00480828396257358,0.013404141567267077
64,546.2831336749442,85.1416341962124,0.015607216221599423,601.2559992077679,555.8568714041209,611.8155947726046,681.9717710122611,593.1618504665211,465.22426286900236,555.021959718646,524.4816049834343,532.3031549064154,489.2970018412202,593.2738488627615,531.6501508970474,450.08487509374976,445.79045553980774,578.3958706924275,642.0565527107897,464.5561580074435,422.47442664126237,669.2025364809239,439.06466387086545,434.596536375083,432.33610800953795,502.5069398292886,505.6555890284399,636.8285463964737,630.681875518336,762.5765380717559,501.35558319303135,521.4098130292339,613.6068708180732,0.0197808125862105,0.019803983339424087,0.018394700123442985,0.02335439055941483,0.008134973836504897,0.011850798773654385,0.019946585079968705,0.022437638379732974,0.010735216029951939,0.011406275297151172,0.012144094347766856,0.011959247308283816,0.015819409720774665,0.009867340904663294,0.027464560711291434,0.010667308978684672,0.017175264617841197,0.014003605285863786,0.019415242244239315,0.01630269640669509,0.0075218823729614,0.02508873840702496,0.023985043596306613,0.02208546894069372,0.016457970760456256,0.007466355296159505,0.01087742367345211,0.010846959329767926,0.004117823002321532,0.019104676737278083
65,530.9210342450044,86.13243098386593,0.015948851035842735,601.2559992077679,555.8568714041209,611.8155947726046,681.9717710122611,593.1618504665211,416.13721908599535,478.26728840351745,524.4816049834343,532.3031549064154,489.2970018412202,527.5765096297982,527.581898941248,447.64507619337695,445.79045553980774,572.4098903867879,642.0565527107897,464.5561580074435,422.47442664126237,620.9654226178972,439.06466387086545,430.42542154552314,431.1563397317672,502.5069398292886,505.6555890284399,543.0770330559778,616.2502849431635,762.5765380717559,406.29678667377283,521.4098130292339,613.6068708180732,0.014209829458277909,0.019411326233689397,0.011824058570820702,0.018256233028756133,0.009059645908509155,0.011135334127464177,0.015190324718362598,0.03032655871264044,0.015491672382292184,0.01986225213783734,0.009541962106820345,0.004341947544376158,0.01611600212407898,0.01506083293878376,0.027589507336464508,0.00887156076340169,0.01641140090239616,0.01339979461844373,0.009140814310376832,0.02240681718529057,0.018039357022248976,0.024333729667398322,0.025074101368138438,0.020418295280760702,0.014306977199153787,0.016880299891364095,0.018516914370270997,0.012997550313658578,0.010182042072509405,0.010068388780696012
66,514.1777151141702,88.04026612916459,0.015824524577496977,601.2559992077679,555.8568714041209,563.7223973692866,670.3436422128368,593.1618504665211,416.13721908599535,478.26728840351745,466.1376169419419,532.3031549064154,489.2970018412202,527.5765096297982,521.0811912519576,437.56288749363415,445.79045553980774,510.07562950246665,613.4213497219268,385.5113788930277,422.47442664126237,620.9654226178972,439.06466387086545,430.42542154552314,401.724292669303,502.5069398292886,400.13935891003706,521.0127402811605,616.2502849431635,742.5478794760724,406.29678667377283,521.4098130292339,593.010979065281,0.020746734171285273,0.01747427392898265,0.012145615395064887,0.018299157785812023,0.008941924024876202,0.01866157078438153,0.01725275914041555,0.030482126015706323,0.015037514114175452,0.019817279529306377,0.01074868674378124,0.012256437688849146,0.01399614488643933,0.010885128216139215,0.023236201078734628,0.012862648613123216,0.016109921510952512,0.015321796089169164,0.011239976537475507,0.022470972935076574,0.0185222606383164,0.01948381587459976,0.022407126991183374,0.010130021416628304,0.010217557478724241,0.0130269377998402,0.016702728756152273,0.015000597418074068,0.010931319167444591,0.010326502594199293
67,495.67801620363497,82.98727925675692,0.015598658928597919,587.2832953847801,555.8568714041209,546.6213846111864,636.9981400320801,585.5873187990222,416.13721908599535,478.26728840351745,466.1376169419419,510.3752465712422,489.2970018412202,527.5765096297982,521.0811912519576,334.26365434805626,445.79045553980774,510.07562950246665,545.9201109754274,385.5113788930277,388.46909828150297,541.8952910221388,425.5203897123289,430.42542154552314,381.1280465876475,502.5069398292886,400.13935891003706,521.0127402811605,532.4553146196748,723.0161247193063,406.29678667377283,516.5480720434408,558.1465886675768,0.02131688736932206,0.01240031498585496,0.014079936699869323,0.016017240070628602,0.015082488907767188,0.014395805741135621,0.010476934051614996,0.029721753662807743,0.008749984863526917,0.016392600145203925,0.004030234138304155,0.01309149739770694,0.014854469584579122,0.019436835346140602,0.01986039997666853,0.008995605636534384,0.009026348931584948,0.016724639656898976,0.012297390827690876,0.01947700345997179,0.015905766031846073,0.023064708966370986,0.01987323114006243,0.018860416739159683,0.01518077224848808,0.010990790166285763,0.019276483255474076,0.016523872325799265,0.014740107872575358,0.01711524765806423
68,475.5946128659883,76.07498869598679,0.016032288497290024,587.2832953847801,555.8568714041209,546.6213846111864,636.9981400320801,583.6629780854512,416.13721908599535,478.26728840351745,466.1376169419419,510.3752465712422,489.2970018412202,484.550683245223,476.95637325284554,334.26365434805626,445.79045553980774,510.07562950246665,545.9201109754274,385.5113788930277,388.46909828150297,541.8952910221388,322.316612594619,430.42542154552314,381.1280465876475,497.05043962365374,400.13935891003706,429.38438775545404,532.4553146196748,565.5760811241566,406.29678667377283,446.78870745576216,472.20751166731696,0.016630422006197687,0.011467117387017351,0.018254891032325974,0.008007416443109771,0.010189411791174559,0.02260828887124517,0.01454203078552548,0.018547543154816142,0.01281111040864405,0.021529356071994674,0.0042271891077104865,0.013646684700189926,0.013856693819820347,0.019151795657876065,0.025349220434198086,0.011861456360108496,0.008196121305652384,0.009981955220916236,0.017662244866797683,0.02305329270335702,0.01746086384139132,0.028776210730055127,0.016013972382391772,0.019033190292614133,0.01171634776662891,0.016645653460239565,0.02228991139693165,0.013016783853016141,0.015929412627050943,0.018512066439703555
69,452.9708020463758,64.54942118621425,0.016218069894552267,487.7397165691142,391.3492432509206,516.0291742135763,573.8496284817456,556.4094045234814,416.13721908599535,425.8917259206976,399.51195097103545,510.3752465712422,442.7320897062716,477.5111364285084,439.51886902642315,334.26365434805626,445.79045553980774,510.07562950246665,545.9201109754274,385.5113788930277,388.46909828150297,528.0837777476069,322.316612594619,430.42542154552314,381.1280465876475,497.05043962365374,400.13935891003706,429.38438775545404,532.4553146196748,507.6555998453139,394.4031507493649,446.78870745576216,472.20751166731696,0.012421288453973124,0.017220695180704605,0.01586148123376999,0.014731826151085302,0.008181490747101259,0.011290161468197212,0.01834712820508646,0.01710844919093787,0.01680203184874198,0.02280457656630303,0.01140718265197138,0.017068508043648845,0.012224424625529457,0.014181924223365797,0.03171735994758185,0.008253289819370352,0.023147261516407027,0.01791087811016146,0.013358782941796005,0.019167749697907157,0.017317696588940067,0.025333969664648466,0.015211155881702427,0.026175706794319374,0.008737714138186976,0.012711999666627588,0.018353306409883006,0.01061779929591639,0.010592839024961014,0.01828341874774262
70,447.94050267980873,63.75502353915836,0.017386479472410423,487.7397165691142,391.3492432509206,516.0291742135763,573.8496284817456,529.5965804017309,416.13721908599535,425.8917259206976,399.51195097103545,510.3752465712422,442.7320897062716,477.5111364285084,374.51802453308414,334.26365434805626,437.00832259235045,510.07562950246665,545.9201109754274,382.21396781763696,388.46909828150297,509.9966498732966,322.316612594619,430.42542154552314,381.1280465876475,468.12179913888673,400.13935891003706,429.38438775545404,532.4553146196748,507.6555998453139,394.4031507493649,446.78870745576216,472.20751166731696,0.012635285415797167,0.02164501672960186,0.026241711173664226,0.017444472490936863,0.01085258630834278,0.02024663609520142,0.021307106890846153,0.019638733998443337,0.024135989229824163,0.01603272991595435,0.01821414831097713,0.014871663861362617,0.015151016471374717,0.01720471830667891,0.022689599210183008,0.016841268668269117,0.016425124802711414,0.009833783895726138,0.013561672478131205,0.016443467471595807,0.01723185007763074,0.01919067218439616,0.0171482141045729,0.02594334738639811,0.009670459256410347,0.010615480784460554,0.020022699301391108,0.015492666334804821,0.01720646166849865,0.01765580134812689
71,440.8037380859391,65.40245188113286,0.01786030901377337,487.7397165691142,391.3492432509206,516.0291742135763,573.8496284817456,529.5965804017309,358.4152341594302,372.9401187749655,386.29370102220037,510.3752465712422,442.7320897062716,477.5111364285084,374.51802453308414,334.26365434805626,437.00832259235045,510.07562950246665,545.9201109754274,381.48426542888404,388.46909828150297,470.27478645193327,322.316612594619,428.78318788680866,381.1280465876475,468.12179913888673,400.13935891003706,429.38438775545404,532.4553146196748,475.7712674781906,394.4031507493649,430.5557434967592,472.20751166731696,0.012349579455145466,0.018668483381900837,0.019788019068176933,0.01260839995967605,0.009463892384577644,0.012847513732065052,0.016525842435118024,0.023288876463771306,0.031503205640805144,0.02651938650187742,0.021761067115387906,0.02517668642258413,0.01013392090916469,0.023984257102212254,0.026180113515076202,0.017935949736809814,0.016922108974509426,0.01097291084904391,0.012263964372212954,0.018080404143462,0.01725482411892311,0.018247031640711238,0.018489255632628637,0.02257445315991157,0.008720606099867478,0.014035301554251332,0.023782535622274004,0.011232704997808828,0.011898613693764302,0.02259936172948341
72,431.0776203415833,65.44892412578999,0.01826482478940917,487.7397165691142,391.3492432509206,516.0291742135763,573.8496284817456,517.6814182626229,358.4152341594302,372.9401187749655,380.99643593321093,458.021286736586,377.8043437738338,477.5111364285084,374.51802453308414,334.26365434805626,437.00832259235045,510.07562950246665,545.9201109754274,381.48426542888404,388.46909828150297,470.27478645193327,322.316612594619,428.78318788680866,352.79294526156883,468.12179913888673,390.776803866417,416.4184922064079,532.4553146196748,401.2098633145994,394.4031507493649,426.5166035281634,444.18220838276835,0.01100793404668561,0.01754397379364206,0.018648961368554807,0.009354249300363526,0.012080515810876779,0.012887254855580201,0.018629688294854646,0.024670314747510948,0.027686937560492633,0.013958257041384026,0.021318155616853317,0.023663233283900773,0.017179348662940512,0.020744884589318266,0.02463156746609307,0.014261916115164835,0.024989380295774737,0.01508831203596625,0.014272379440147538,0.01581325613802216,0.017181502071911013,0.021346818847129176,0.011603900056952516,0.02108893847774672,0.01407055464661479,0.01901870573913737,0.022564196884026663,0.020070416174069395,0.024176356631392254,0.01839283368916849
73,428.32801771175855,67.48194206669928,0.017153700043574017,487.7397165691142,391.3492432509206,516.0291742135763,573.8496284817456,517.6814182626229,358.4152341594302,372.9401187749655,380.99643593321093,458.021286736586,349.88580842471106,477.5111364285084,374.51802453308414,334.26365434805626,437.00832259235045,510.07562950246665,545.9201109754274,371.42065544313465,388.46909828150297,470.27478645193327,322.316612594619,428.78318788680866,342.4039137574502,468.12179913888673,390.776803866417,387.6826161459688,532.4553146196748,401.2098633145994,394.4031507493649,421.135577532851,444.18220838276835,0.013629618698083162,0.016887007872875334,0.0199095997471535,0.014576847546706826,0.014746365442920063,0.019806428344966726,0.02384409849910384,0.02562050576859133,0.028064915613808097,0.00969549987442971,0.02640177790988543,0.015156171998283095,0.01564142748892329,0.017437103569966382,0.01654922798404686,0.008806027212940352,0.009306652216767696,0.010411552537899712,0.012782290527422479,0.016064367825655724,0.02102476715101237,0.021596169010733267,0.01340373915693748,0.01930725621037866,0.015168919944209616,0.016230184221305375,0.013258622350364997,0.016178329391730875,0.020781926065472314,0.022323601124646018
74,420.2946758181205,66.44798484868757,0.018164549470400273,487.7397165691142,391.3492432509206,507.7702804032498,573.8496284817456,516.6354726172627,358.4152341594302,372.9401187749655,380.99643593321093,458.021286736586,349.88580842471106,477.5111364285084,364.07018728726734,334.26365434805626,395.27500212530214,487.1878554226995,545.9201109754274,371.42065544313465,383.58921952438243,470.27478645193327,322.316612594619,405.2115984984914,342.4039137574502,462.79939730561966,390.776803866417,387.6826161459688,499.55812630477567,370.021008403065,364.2341694673215,421.135577532851,415.58461730912734,0.01725631145375214,0.020673335664715003,0.012932357443339289,0.02016534831452177,0.011928962919564384,0.023010704415406924,0.015834161640582465,0.0172904525819465,0.030477514415109725,0.015169528720304151,0.022283034478383368,0.01800588282975632,0.019508074367017545,0.022498079475923152,0.017725861577503967,0.015904081276185793,0.015122056028379155,0.014439013902312618,0.0164895172886892,0.011791186580475252,0.017801975953799506,0.020943591533851297,0.014867687191722441,0.026658293048074384,0.015134531797169011,0.014580987392894422,0.013523356122070838,0.015737330573977245,0.025449677880557638,0.021733587244022697
75,410.77937627379026,65.79851143801508,0.017468054961830466,478.96370206107304,391.3492432509206,507.7702804032498,563.087100273787,500.03523775415,358.4152341594302,372.2978514640421,336.451009745972,458.021286736586,349.88580842471106,477.5111364285084,364.07018728726734,331.00057756433563,394.78324656422956,425.71771635943946,531.3693523693605,333.593305465025,383.58921952438243,455.58843570597975,322.316612594619,381.59328679744794,342.4039137574502,462.79939730561966,390.776803866417,372.3253653773743,499.55812630477567,370.021008403065,344.75112442801355,407.75110052734954,415.58461730912734,0.017974264950767295,0.01685217770571099,0.016184084335792936,0.017111277667737568,0.009551620836678506,0.021838450252542024,0.021967826758175723,0.01790193227563934,0.031754605575893206,0.011933053107894899,0.025263059147750275,0.019771060719187935,0.01805899195212956,0.018002247879933306,0.017375736894835035,0.010925536720907042,0.006314806246425416,0.011551919996424777,0.016258684901865886,0.017036737660643512,0.018859898236834316,0.020255071277019785,0.02001986265565272,0.017077850113735867,0.022139312521720005,0.018883270068105744,0.016737058896509442,0.012397089196516135,0.013710215915620074,0.020333944386264527
76,398.5063479995578,63.8875908926011,0.0172721941509013,478.96370206107304,391.3492432509206,432.3250340869197,522.2005047554659,472.4829944468819,358.4152341594302,372.2978514640421,336.451009745972,458.021286736586,349.88580842471106,477.5111364285084,364.07018728726734,280.1957875114179,385.47010769745293,425.71771635943946,522.4799246585476,333.593305465025,337.40876970696326,412.27515082043965,322.316612594619,381.59328679744794,342.4039137574502,462.79939730561966,390.776803866417,307.4221891321756,499.55812630477567,370.021008403065,343.8486289216213,407.75110052734954,415.58461730912734,0.018786337362922456,0.02198399456438627,0.016218881144154894,0.021892397214102393,0.010264213029894347,0.018433378977484954,0.017965285137225093,0.019519851621402188,0.02593894260737834,0.006497939982480138,0.02090740841219882,0.019848441813118605,0.01361792813753919,0.019040023064773745,0.013720707717573302,0.003387402938726302,0.01812774135783059,0.015410792852530903,0.015364217311051408,0.020187046005971668,0.02278567345027218,0.01933843778821313,0.024534613230285218,0.023317697196555437,0.014190336362289661,0.013555015260945526,0.014704762792706761,0.009216722597107627,0.021812637311012434,0.017596997284905408
77,386.73156447376994,66.97179485773798,0.016977307577855084,425.49836852998897,339.8697438555198,432.3250340869197,522.2005047554659,472.4829944468819,355.4920849708052,340.30938620111544,290.18704492801413,458.021286736586,349.88580842471106,456.096157756245,364.07018728726734,280.1957875114179,385.47010769745293,425.71771635943946,522.4799246585476,333.593305465025,337.40876970696326,412.27515082043965,322.316612594619,366.66238449098927,330.3317248764316,462.79939730561966,305.95452381788334,307.4221891321756,499.55812630477567,370.021008403065,343.8486289216213,407.75110052734954,381.70187363975896,0.014350392107209089,0.01808152578047817,0.018543806613043452,0.025903415033094776,0.013013927803005908,0.018139671138632827,0.012437225737461862,0.02460773119746452,0.025380556824067247,0.022019753239029043,0.02215772989682462,0.017173752113193188,0.010214761434118234,0.014301695542520029,0.013976600712928309,0.009049036928573149,0.0213732351469093,0.012379172986823388,0.012277082656929146,0.01789321851964226,0.02157517633478785,0.012945574530022267,0.023545621114179238,0.017333384726787623,0.013475182020314117,0.015323892426384664,0.014387539829415614,0.010882787379552691,0.023031566756863367,0.01354421080539647
78,381.70154481079385,65.75330466807075,0.015975822593522784,425.49836852998897,339.8697438555198,432.3250340869197,522.2005047554659,446.341185960564,355.4920849708052,340.30938620111544,290.18704492801413,448.67713530047376,349.88580842471106,456.096157756245,364.07018728726734,280.1957875114179,385.47010769745293,425.71771635943946,522.4799246585476,333.593305465025,337.40876970696326,369.56373612498516,322.316612594619,366.66238449098927,304.4153768274363,432.3913205724026,305.95452381788334,307.4221891321756,499.55812630477567,366.75655920122114,330.7342876342821,407.75110052734954,381.70187363975896,0.014174116164265994,0.012259791432827806,0.01649871969521612,0.02450252258906041,0.009936836944542502,0.012234780977530032,0.010999366598592795,0.018215370204161755,0.02089251680387726,0.015928113604667418,0.025282836496969198,0.01236219352586811,0.012620906632377252,0.01481844363861574,0.014572476755167103,0.013611482273477735,0.021499320766093014,0.015499054434315668,0.009235838693946532,0.02693421237356133,0.019247253694501375,0.02226827604050875,0.01732474490824791,0.010806956970729338,0.016224101911175792,0.014535742469885132,0.013035485277822417,0.01388538802611992,0.016687752847296438,0.01318007505426271
79,370.67062738190145,63.771509934543765,0.016488406731836023,356.609267160311,338.60595553677024,432.3250340869197,510.34610503197723,446.341185960564,355.4920849708052,340.30938620111544,290.18704492801413,448.67713530047376,349.88580842471106,450.0439403820119,354.1868348599702,280.1957875114179,310.16942466823417,411.07640280216265,522.4799246585476,306.8239915244181,337.40876970696326,369.56373612498516,322.316612594619,362.8078753951666,304.4153768274363,429.69185218936445,305.95452381788334,307.4221891321756,444.6705466911974,366.75655920122114,299.54392537629735,384.1096667515494,381.70187363975896,0.018061749109057446,0.016340647081394315,0.014690975289033202,0.021615286116508058,0.013464453532936394,0.024594504099432507,0.013853551612733536,0.010219598286543851,0.016496417260465385,0.021559328345179492,0.026605960788401564,0.008583226549269745,0.011991132021315831,0.01810583724383081,0.020765704293927347,0.01510081280309786,0.014892864178700092,0.012558957591374438,0.013559891372921082,0.02180614124383368,0.018776721678487356,0.015245820888487874,0.013159860827356264,0.014747492455683969,0.02054731738996917,0.015505884017831402,0.013780997945387181,0.012350425009385707,0.01922637871132514,0.016444264211209994
80,363.3078159088292,57.81296897418601,0.016993098441036126,356.609267160311,338.60595553677024,400.44890955140767,490.43267720695445,427.4592624274031,333.3264109400464,340.30938620111544,282.71797170138234,405.6725802212816,349.88580842471106,450.0439403820119,354.1868348599702,280.1957875114179,310.16942466823417,411.07640280216265,500.4673858408678,306.8239915244181,337.40876970696326,369.56373612498516,317.0748848539322,350.80986864942383,304.4153768274363,407.36233925012186,305.95452381788334,307.4221891321756,444.6705466911974,350.76477948268456,299.54392537629735,384.1096667515494,381.70187363975896,0.015542297457954709,0.016077544091643726,0.017207171297430365,0.020427219639841177,0.012242354575635227,0.020384090504246322,0.014991650377009553,0.017867399576355178,0.019326385989136243,0.025226694601081713,0.01950042326353746,0.011682955498810769,0.0147565695478486,0.0178894584099668,0.024114349545400576,0.01411981101776337,0.013100340981348144,0.01221398960354206,0.012439563234402361,0.027808347963933916,0.011366897695659017,0.018924766477916792,0.01735715687819063,0.01806342016981126,0.019830157207246908,0.02056538469197441,0.01041745836670006,0.01775263494274769,0.020369639401955183,0.008226820221993468
81,352.13151716597736,52.999774954013226,0.01644796165301112,356.609267160311,338.60595553677024,400.44890955140767,398.2079646234663,339.22427956796236,333.3264109400464,340.30938620111544,282.71797170138234,405.6725802212816,349.88580842471106,450.0439403820119,325.25329240186545,280.1957875114179,310.16942466823417,377.7899538086375,479.94546458630134,243.50894405624362,337.40876970696326,369.56373612498516,317.0748848539322,349.81727480006424,304.4153768274363,407.36233925012186,298.174810998985,307.4221891321756,444.6705466911974,350.76477948268456,299.54392537629735,384.1096667515494,381.70187363975896,0.016442782679456234,0.010561852759578291,0.02041567882357502,0.016028031247723958,0.014745642471100703,0.021081224183903454,0.014908640641299618,0.021878098629413926,0.02549531055854233,0.019586650683793855,0.017454943960049887,0.01683313782696589,0.015694682948873294,0.011855940745130578,0.021249931086247807,0.01621510476393489,0.015580536046928356,0.0073805455062084515,0.01560519675342098,0.025803870252378323,0.009561919899564642,0.020451528951939274,0.016234666951397955,0.016764267525413042,0.013209471279988711,0.023269768142236264,0.004477601921370172,0.014915627434792808,0.01756097566734453,0.012175219247760343
82,346.111299996907,53.41373539527182,0.017428200700169403,356.609267160311,338.60595553677024,400.44890955140767,374.5827478685152,339.22427956796236,333.3264109400464,340.30938620111544,282.71797170138234,387.36824880479287,349.88580842471106,450.0439403820119,325.25329240186545,280.1957875114179,310.16942466823417,377.7899538086375,467.67339905274537,243.50894405624362,337.40876970696326,343.5662329117168,317.0748848539322,300.47557401040746,298.46677570372805,407.36233925012186,289.65315836655986,270.82674552412436,444.6705466911974,350.76477948268456,299.54392537629735,384.1096667515494,381.70187363975896,0.01838135029999752,0.014189646621771978,0.024303633549295683,0.016149363417076845,0.013400840833507543,0.023663859277596642,0.017737000887794674,0.01748504859911516,0.021749249134596152,0.022908409122379514,0.01829194423660484,0.016494506896457428,0.015769242857086044,0.0121632661136372,0.017363086016414595,0.005049144684460855,0.016784246272882282,0.016554036728288375,0.017899973276612455,0.021046768374464828,0.01612423372747732,0.02016305486028077,0.014659141361040597,0.015163523473089396,0.018111719662949707,0.02511714128918307,0.014691566091206058,0.017559929150816226,0.021803133190121712,0.012067960998876578
83,342.7458632122182,54.96715550405388,0.016934278945527913,356.609267160311,338.60595553677024,400.44890955140767,374.5827478685152,339.22427956796236,333.3264109400464,340.30938620111544,268.4204509804797,387.36824880479287,349.88580842471106,450.0439403820119,325.25329240186545,265.2199670413039,306.7697512183151,377.7899538086375,467.67339905274537,243.50894405624362,337.40876970696326,329.8993846928901,290.779850046312,300.47557401040746,298.46677570372805,407.36233925012186,289.65315836655986,270.82674552412436,444.6705466911974,350.76477948268456,299.54392537629735,376.818288380317,360.6650461377084,0.018075656450634026,0.012439055485498913,0.015819799378103905,0.014870194329154377,0.01201933869219881,0.016965834911137803,0.014982712225310908,0.01631568483073489,0.01941132974738001,0.019029502487353342,0.01478229412678455,0.01512051404386916,0.017971304174610004,0.015963926501083733,0.016293124356335353,0.012390122804997399,0.01650472544290254,0.022100781178903073,0.01720994325246843,0.018451991237650706,0.01032458653245593,0.01870102996936799,0.015534831235775932,0.02711545810041286,0.0199412060551337,0.024326135364153685,0.016449109920580546,0.020261238677967162,0.020664307662524934,0.007992629190352691
84,339.59809156073266,55.569979820410694,0.0162075711649551,356.609267160311,338.60595553677024,400.44890955140767,374.5827478685152,339.22427956796236,333.3264109400464,340.30938620111544,263.748680378058,387.36824880479287,336.84622873996165,450.0439403820119,325.25329240186545,244.7692164193296,306.7697512183151,362.91742745518576,467.67339905274537,243.50894405624362,336.97742977784355,329.8993846928901,275.15326815354206,300.47557401040746,298.46677570372805,407.36233925012186,285.156324869173,270.82674552412436,426.56023415195995,350.76477948268456,299.54392537629735,374.08483395686164,360.6650461377084,0.019612886829049783,0.009984451788688505,0.015450359430923271,0.017836817647719917,0.014195333644434493,0.021561866609352106,0.015802279186226707,0.015840750326131157,0.011559022701634997,0.019833032610965744,0.016055449397307124,0.014309539465068358,0.015680169058504195,0.017672616900340523,0.018663402313894496,0.015117108659775969,0.015664115520316452,0.015701709680801604,0.013188656229097427,0.01866679145845663,0.010766954416042453,0.022131622959007897,0.012437868871866702,0.026046764360153116,0.01661591455366048,0.014483374951929348,0.01003651166507084,0.014689561804471049,0.025814614200939633,0.010807587706821938
85,335.09885334906596,52.06331708217668,0.016496551793776116,356.609267160311,338.60595553677024,389.8139948462738,374.5827478685152,339.22103675506617,323.7509848866464,340.30938620111544,252.16363549173204,387.36824880479287,336.84622873996165,390.81730838718687,315.5735560843634,244.7692164193296,306.7697512183151,362.91742745518576,462.5089140959059,243.50894405624362,336.97742977784355,329.8993846928901,275.15326815354206,300.47557401040746,298.46677570372805,398.69462527651274,285.156324869173,270.82674552412436,426.56023415195995,330.3248288332121,299.54392537629735,374.08483395686164,360.6650461377084,0.016231293460718072,0.013789088019360528,0.017066340301853267,0.01327856183294355,0.012721992741848666,0.02416462706310805,0.0199467614822185,0.014921214123023972,0.019313623765705557,0.014260407804524944,0.01722404921807201,0.014602433053559566,0.014969719824139735,0.015963289092031988,0.019425932220595514,0.02185999233163303,0.012137628676893712,0.0109208829927388,0.022283691737151584,0.01904721028203806,0.012052374168190643,0.017211700443617015,0.016399274030360962,0.019638973723237075,0.012476864074528771,0.012813405436938841,0.01365079268777962,0.016675905718145635,0.020666425036304607,0.019182098470021145
86,324.8568166814122,54.37391341229733,0.017981010140615906,356.609267160311,338.60595553677024,387.7929224961929,374.5827478685152,284.5360941524565,323.7509848866464,310.92141264925124,252.16363549173204,387.3054022081586,309.0629678894151,380.0427826503177,315.5735560843634,244.7692164193296,274.56765406180995,317.24396508085823,462.5089140959059,239.15203806387453,336.97742977784355,313.71195205927097,275.15326815354206,300.35236717424885,263.089633888061,398.69462527651274,285.156324869173,270.82674552412436,419.40636540497525,309.70208864287025,283.3954528752407,374.08483395686164,355.96389604373275,0.011442157920318132,0.021198111450387,0.02043952558599065,0.02163639026693621,0.011389238952103673,0.017100848961534718,0.013071461558305481,0.014020012881163241,0.021472036099319657,0.016640248633513148,0.013764911430870223,0.018309746262605186,0.024985772678211518,0.0175568249240044,0.017998755930177544,0.0244155885239992,0.020309821842864707,0.016140791779879073,0.026735845171663754,0.015368253090537704,0.01978579307854913,0.02163604440041509,0.013553604423073361,0.015374519654765656,0.015463302292979191,0.019338611762580303,0.009346674792379458,0.017499753978562443,0.028837036929418688,0.014598618961368631
87,312.2300951157676,50.479167248242085,0.017327873949022167,302.5904361685233,338.60595553677024,349.10148223249416,355.395414103751,284.5360941524565,290.8452157639019,310.92141264925124,228.6344198623876,320.20862254170567,283.3578603738552,380.0427826503177,315.5735560843634,244.7692164193296,274.56765406180995,317.24396508085823,443.5184548892433,232.6014738115676,336.97742977784355,313.71195205927097,275.15326815354206,292.37854114905963,249.60950629551283,379.4449331522096,285.156324869173,256.9631455871817,415.90387848605417,309.70208864287025,281.199074810893,342.2247980630982,355.96389604373275,0.010482195258156149,0.013622789163125594,0.019270799111530103,0.020355736455743643,0.010108064184055654,0.021394273264275634,0.019501895104118264,0.018109925168645853,0.01936287395101033,0.012340870786789561,0.014856742915924318,0.02334522922383906,0.027949974312837127,0.01829960305044421,0.02292543523622616,0.01680336302436808,0.017340360291758193,0.024501544171215417,0.025114927993518568,0.01546775225857121,0.02218597024313681,0.02023161263041984,0.007398516646103654,0.012193774014389477,0.014811845112243007,0.01592127667846888,0.007841616620286799,0.012018355661860415,0.027380052814764192,0.008698843122838905
88,303.56367934913277,49.84298489500797,0.01773495137050568,302.5904361685233,329.87542898869685,349.10148223249416,328.56052246630423,284.5360941524565,290.8452157639019,310.92141264925124,228.6344198623876,320.20862254170567,283.3578603738552,358.77212018487916,315.5735560843634,244.7692164193296,274.56765406180995,317.24396508085823,443.5184548892433,232.6014738115676,297.7968576696735,244.64452376154674,275.15326815354206,276.7054938144575,240.2257417573364,360.9400995231146,285.156324869173,256.9631455871817,408.25955193274825,265.9996687558585,281.199074810893,342.2247980630982,355.96389604373275,0.008600339477854473,0.01704634487833328,0.017470924501898723,0.018723352570227055,0.01072881175961681,0.023197950399349066,0.015102510116944173,0.01948937841675722,0.029253714359422672,0.006827873252045535,0.018227267100631807,0.019276205415738976,0.025380829996788732,0.01199122437453454,0.01786615932929537,0.02040405969446837,0.01340398950548803,0.019055015242075063,0.020071012791754078,0.017009558932289368,0.024535690877255358,0.019371754207711082,0.010655192065432074,0.012710324956813726,0.01325654709685848,0.01521798989602561,0.02106884803126086,0.023131490395608738,0.02318135382739072,0.0197928276453004
89,297.1077306543956,47.97286624820317,0.017933319213288536,302.5904361685233,329.87542898869685,314.2863163583132,320.0924958506129,250.42073786996352,290.8452157639019,310.92141264925124,224.35800894382936,320.20862254170567,283.3578603738552,358.77212018487916,315.5735560843634,244.7692164193296,274.56765406180995,313.4701244536369,443.5184548892433,232.6014738115676,297.7968576696735,244.64452376154674,268.59854445140087,271.1812720513313,240.2257417573364,360.9400995231146,285.156324869173,256.9631455871817,389.7562790738751,265.9996687558585,280.1993646388198,341.76185120746993,279.7791108716054,0.014704303097234939,0.010085212183560944,0.013371580227266174,0.017939901200980407,0.006353945079919328,0.026357074674112375,0.01627335795212503,0.018447995012677087,0.02547196290221907,0.010771651105169217,0.025464582545061162,0.018667613555695683,0.025489328831580914,0.0181175224227272,0.017669035053459837,0.021344437841989,0.021210024829421803,0.010651549787496276,0.01948432917345475,0.01798489942889559,0.01935607945331644,0.021061388093426326,0.016464936294212463,0.013885706586421874,0.019037275745513886,0.01339826304189411,0.013358042728687174,0.021111314641413484,0.028653322292086964,0.015812940616636424
90,293.5806625944057,47.30209182998016,0.01771725301881543,302.5904361685233,329.87542898869685,314.2863163583132,320.0924958506129,250.42073786996352,237.70953532386372,310.92141264925124,224.35800894382936,294.50370575856795,283.3578603738552,358.77212018487916,315.5735560843634,244.7692164193296,274.56765406180995,313.4701244536369,425.0209700298723,232.6014738115676,297.7968576696735,244.64452376154674,268.59854445140087,269.9403288373857,240.2257417573364,360.9400995231146,285.156324869173,256.9631455871817,389.7562790738751,258.7666522526521,280.1993646388198,341.76185120746993,279.7791108716054,0.013915619808126427,0.012033273562476498,0.012715004741973845,0.019143675599036694,0.01498933495475028,0.01738552925131109,0.011736000413407721,0.017275475445388044,0.02592999147961075,0.005399053947476891,0.026825231887288033,0.014712438664341094,0.021187053678762276,0.02260092560783293,0.020218570431750012,0.020922316701475017,0.01814858747513786,0.014050698986519632,0.02066667797113837,0.019813169004982457,0.012613177393306701,0.019734356505231143,0.01642702466870527,0.017483672092697265,0.020594413615103606,0.02246422471395991,0.012696339122695108,0.018050912739554906,0.02572882303794103,0.01605601706248207
91,286.1854460460924,43.745751328133245,0.018519096032491314,302.3103340514424,308.23306255842704,314.2863163583132,320.0924958506129,250.42073786996352,237.70953532386372,278.9328444004283,224.35800894382936,294.50370575856795,283.3578603738552,345.4094226047609,306.28679808595723,244.7692164193296,274.56765406180995,279.0369810417643,392.20372376741494,232.6014738115676,297.7968576696735,234.7271709721918,232.28939291928842,267.51333100528916,230.84400092933726,360.9400995231146,280.78432894726325,256.9631455871817,374.1179035769778,258.7666522526521,280.1993646388198,341.76185120746993,279.7791108716054,0.01805848166889997,0.009286326645929092,0.017121085452435986,0.019524330402127553,0.012909663546597621,0.016884039836979576,0.01675895112244212,0.010959707392210513,0.02179132213925906,0.021040780294863594,0.01868366271172458,0.023882099780230398,0.021555830062172966,0.023956400214759508,0.01540961912238826,0.024078956603908908,0.021140651650966694,0.013253741486744979,0.018710359569441937,0.019505151840452033,0.018493385632882595,0.026360498470244416,0.02064475755223377,0.016905832325327864,0.024245449444011587,0.015831024650263113,0.009304407896023097,0.023503223787847263,0.0237219014329792,0.01205123823839113
92,280.48463922905046,44.229396840143416,0.017480241010607765,286.032979103176,308.23306255842704,314.2863163583132,320.0924958506129,250.42073786996352,237.70953532386372,278.9328444004283,224.35800894382936,294.50370575856795,283.3578603738552,345.4094226047609,255.19247625375394,244.7692164193296,274.56765406180995,279.0369810417643,392.20372376741494,194.3846810356492,297.7968576696735,234.7271709721918,232.28939291928842,240.81011272586179,230.84400092933726,360.9400995231146,280.78432894726325,256.9631455871817,335.3853869015369,258.7666522526521,280.1993646388198,341.76185120746993,279.7791108716054,0.019689481864338047,0.012362406502190254,0.013260586113549308,0.013785953405506491,0.007960828642656688,0.013589958175010238,0.010111113157992279,0.01933628870189974,0.022796949518868268,0.01759903993105933,0.021811239307049216,0.014892948066570929,0.02163238693926329,0.015535517427233182,0.014217520095305854,0.019692787577864215,0.02035164683709812,0.011225123090229359,0.0293506776436558,0.0270069410808597,0.02214841432075869,0.01922059621037233,0.018316737578573078,0.018306987716853018,0.021027115785230296,0.014140599803724436,0.011788991638074175,0.02000961207338111,0.02206271802676115,0.011176063086304387
93,276.7198829132603,42.778319750117014,0.018838465461658998,286.032979103176,308.23306255842704,293.9750881231098,320.0924958506129,228.14405106773975,237.70953532386372,278.9328444004283,224.35800894382936,294.50370575856795,283.3578603738552,345.4094226047609,255.19247625375394,244.7692164193296,274.56765406180995,279.0369810417643,392.20372376741494,194.3846810356492,297.7968576696735,234.7271709721918,232.28939291928842,238.59504586853149,230.84400092933726,318.93070812806457,278.3087912108392,256.9631455871817,335.3853869015369,258.5237113027914,256.7875271412043,341.76185120746993,279.7791108716054,0.01495945645254572,0.019480454655100315,0.016370800854770023,0.014506606473453691,0.006360452008942863,0.017113251447160645,0.01662602847873748,0.02218245395477884,0.02444279233442126,0.019161293936278034,0.01955352786977123,0.015466879462585157,0.02868011366925235,0.01443083312343913,0.01667241382120604,0.021417666003337284,0.02669869023110065,0.013356026791136115,0.023456038165482793,0.022650074963970375,0.022832572469658297,0.017155780781281445,0.02585643441827864,0.01153995212063771,0.023805745340751597,0.018511361486894435,0.015385468259721643,0.02258266505029033,0.02172842485814229,0.01216970436664358
94,271.70252122989467,44.5795381058726,0.018753532692691633,286.032979103176,308.23306255842704,277.5845160418217,320.0924958506129,228.14405106773975,209.5590590653279,278.9328444004283,224.35800894382936,294.4400818675885,283.3578603738552,337.2306732744377,255.19247625375394,226.46982454554075,250.38170164602627,279.0369810417643,385.57750151122485,194.3846810356492,297.7968576696735,234.7271709721918,229.95501326129786,236.558525866062,225.0088036868537,318.93070812806457,277.0837915920189,242.07679379836193,335.3853869015369,258.5237113027914,234.4791130577109,341.76185120746993,279.7791108716054,0.018774587474150232,0.0170147789679142,0.015100299595590937,0.018765282072465694,0.009651728672609146,0.023902939837554073,0.015954805696622245,0.02303213489531786,0.022316237961363124,0.014295072736248087,0.020727036306987915,0.02025074295354877,0.026225203583520075,0.015280990463306858,0.013453844312771083,0.01617563180418849,0.017335663505933137,0.015943064548255503,0.022270368492314188,0.02865480767470848,0.013096837792285407,0.021186686438763567,0.030129824768372886,0.011503203938691454,0.022589997298580695,0.019173101901385915,0.01726869305755303,0.022348185450937027,0.01718468390786737,0.012999544670941587
95,268.147037740145,41.33142440519764,0.0177053344924236,286.032979103176,308.23306255842704,277.5845160418217,320.0924958506129,228.14405106773975,209.5590590653279,278.9328444004283,216.32115500424095,294.4400818675885,271.1601640726831,337.2306732744377,255.19247625375394,226.46982454554075,250.38170164602627,279.0369810417643,355.8454314215668,194.3846810356492,297.7968576696735,234.7271709721918,229.95501326129786,236.558525866062,225.0088036868537,307.6820066744346,266.245053942964,237.98849881247327,335.3853869015369,253.94182865431046,234.4791130577109,323.7908835743333,271.8098108797232,0.018340629268332315,0.01014500431297415,0.014630836042745076,0.018324758555656663,0.009594421120350551,0.012949024048034177,0.01478305524172523,0.017476266466915732,0.021343871427345378,0.018512454755127868,0.015912934330589656,0.02091596478530058,0.020739160278637304,0.012946045624354233,0.013912297698865197,0.01903888551820467,0.019001566433728127,0.010739059711113457,0.01764711969067518,0.026667143718525986,0.019738076451434862,0.024329993598011017,0.02236319012764651,0.014011158310886328,0.022336008632798894,0.025525545335488946,0.0154539522133337,0.019688666889807346,0.0200341181984676,0.014058825985631374
96,263.3378200388604,38.58495080193952,0.017555744408827026,286.032979103176,308.23306255842704,277.5845160418217,286.1271632958994,228.14405106773975,209.5590590653279,278.9328444004283,216.32115500424095,294.4400818675885,271.1601640726831,323.9293754098385,255.19247625375394,226.46982454554075,250.0629738639716,255.72693203306972,355.8454314215668,194.3846810356492,272.8625437027688,222.83712656319193,229.95501326129786,236.558525866062,225.0088036868537,307.6820066744346,249.90788301281995,237.98849881247327,315.1657923791102,253.94182865431046,234.4791130577109,323.7908835743333,271.8098108797232,0.01468233466992662,0.019431398946639096,0.010930924692579632,0.017643423532764893,0.010462210875952713,0.0191600015474368,0.0188048381338723,0.01844597220064196,0.020117929177595698,0.02027918489120036,0.014569965748928397,0.016859923619117582,0.029941463082769217,0.01728594540170931,0.01425560693037298,0.01203633602943984,0.016121310166331112,0.010802480017626452,0.020565559930511526,0.022442109753435677,0.02008575930545923,0.02204405512294791,0.017698757086371274,0.012816661675089481,0.02196760906635821,0.0208018150716988,0.012151644022338105,0.019273382998603192,0.015518716174018,0.01947501239307439
97,259.3597870005666,40.362178295435136,0.017055172418190802,286.032979103176,302.6796671303367,277.5845160418217,286.1271632958994,228.14405106773975,209.5590590653279,278.9328444004283,216.32115500424095,269.3586679283176,264.2228958918255,323.9293754098385,255.19247625375394,226.46982454554075,246.14543728922828,255.72693203306972,355.8454314215668,194.3846810356492,263.5281403597593,222.83712656319193,210.34909482326384,215.27737275906992,197.73629428187334,307.6820066744346,249.90788301281995,237.98849881247327,315.1657923791102,253.94182865431046,234.4791130577109,323.7908835743333,271.4524181468862,0.014439172129559827,0.022269918571305287,0.012887096304335478,0.018786292774406806,0.013255382315553661,0.019864287005308658,0.013150491327799552,0.01969355665312404,0.02580227121387874,0.01776795290251697,0.01338854278800566,0.018421235817955208,0.028549498738022275,0.01621620065005884,0.011748554945496117,0.013623876981491007,0.013487982820636232,0.00934389636068085,0.021575279114990832,0.024125806082245276,0.015141235188712621,0.01787812221264748,0.01631103714226266,0.016272333575469318,0.01762428645743333,0.016417158800807942,0.011267718073119085,0.019845521818747297,0.018371276031942916,0.014129187747209924
98,255.5319102296657,43.171110734436134,0.01812914012094751,286.032979103176,302.6796671303367,277.5845160418217,286.1271632958994,228.14405106773975,202.62915758267312,278.9328444004283,215.05556301747674,269.3586679283176,264.2228958918255,323.9293754098385,255.19247625375394,226.46982454554075,234.52164581153826,242.9118806066721,355.8454314215668,171.41057101452077,249.63283031892007,212.919773773837,210.34909482326384,202.6137301821194,197.73629428187334,307.6820066744346,249.90788301281995,237.98849881247327,315.1657923791102,234.11188558319895,234.4791130577109,320.86927532019877,271.4524181468862,0.009466818318251063,0.022127373259450044,0.020053435833879994,0.013434306802989324,0.010624140249446032,0.02449353539595902,0.01009229334785754,0.019848999730820174,0.016477595886686233,0.011904144805246347,0.016826625811492635,0.018887470589996125,0.019842369955884134,0.02359981376351759,0.022752113022320147,0.015611715816295228,0.01746932058913741,0.010922583678066035,0.02560097523758125,0.026938377950261064,0.01849944503743661,0.01953838449123818,0.019044133666012958,0.01964138983054634,0.02210516151327266,0.017468061627220616,0.017905164952642653,0.0264806649417366,0.0160207906015349,0.010196996921646433
99,251.22708032890168,43.21852258000789,0.018613899461767298,253.92168558339887,302.6796671303367,274.9782919959288,286.1271632958994,228.14405106773975,202.62915758267312,259.30166623839267,215.05556301747674,269.3586679283176,222.25864615367658,323.9293754098385,255.19247625375394,226.46982454554075,228.1920848531842,242.9118806066721,355.8454314215668,171.41057101452077,243.8317289751732,212.919773773837,210.34909482326384,202.6137301821194,197.73629428187334,306.25879470010426,249.90788301281995,237.98849881247327,314.6449348739669,229.61434399054352,220.21943487487576,320.86927532019877,271.4524181468862,0.017979114305353646,0.022630635218146622,0.017778804985568972,0.01527445747318254,0.017563905220309907,0.020156155910131812,0.008843918112155584,0.0175892698574169,0.020455358131837242,0.011786828041070098,0.022572270284806233,0.01576515558273922,0.024107594923913712,0.013112182012988187,0.021726381291682965,0.017355349256755005,0.024312898900879933,0.018936887729306393,0.02195808831800739,0.016738842491453895,0.01558312024530399,0.026704311231977,0.01866068014561541,0.020589932154902763,0.024902358238246318,0.021515286780372043,0.01839181643652727,0.01799737186303334,0.014550801051847693,0.0128772076574868
100,249.016141990122,42.78911542402139,0.019300177846805617,253.92168558339887,302.6796671303367,274.9782919959288,286.1271632958994,228.14405106773975,202.62915758267312,259.30166623839267,215.05556301747674,269.3586679283176,222.25864615367658,323.9293754098385,255.19247625375394,226.46982454554075,228.1920848531842,220.0804860524839,335.2943113736948,169.85146773906106,239.59320461344248,212.919773773837,194.6652165187161,202.31821007795253,196.5676847664478,306.25879470010426,249.90788301281995,237.98849881247327,314.6449348739669,229.61434399054352,220.21943487487576,320.86927532019877,271.4524181468862,0.01320081262565024,0.02362363450114542,0.017526095262298653,0.01226776324892762,0.015741992129574847,0.0190847613523775,0.016334160233488566,0.02299470530072747,0.02030747730647451,0.013430660165281709,0.02211769804990616,0.011770192675375123,0.029890660676757337,0.013812313244013797,0.019479490730605554,0.014496910880065194,0.02322287554269641,0.019309514460722644,0.02328179866869077,0.02167710247205354,0.018092892349323694,0.026778366620979013,0.02373276459693711,0.025051342252732558,0.02150053509392585,0.02391247479169054,0.01691758463708059,0.020588139258583507,0.01671509510215196,0.012145521173930612
101,245.79670839790805,42.218776074887,0.01961864078034078,253.92168558339887,302.6796671303367,245.28323159996634,286.1271632958994,226.79375580733657,202.62915758267312,259.30166623839267,215.05556301747674,250.69525246453722,222.25864615367658,315.644782368982,246.70470534272806,225.31594926247192,227.68847963798152,219.67855594511593,332.07202761594647,169.85146773906106,239.59320461344248,212.919773773837,194.02640140903097,202.31821007795253,196.5676847664478,306.25879470010426,249.90788301281995,237.98849881247327,314.6449348739669,217.23130358514507,208.42111205895742,320.86927532019877,271.4524181468862,0.010941355212142248,0.01925419614020033,0.017486880243359298,0.01058375956624872,0.016926206368798234,0.025932096640922282,0.017734812398559858,0.025660753855132182,0.024559130346481897,0.020472332607457466,0.022305623607156558,0.013586662942428687,0.032477008152641144,0.0134391172748531,0.015711049187516916,0.014674929093644441,0.017648266102807227,0.01568079477494979,0.025037548408056984,0.02036987731774325,0.01954456189250082,0.029349821649441967,0.023859660219489775,0.02548640728104406,0.02058674355541222,0.017352507836745582,0.023955919985028024,0.018204884993089185,0.020264981215328562,0.009471334541042768
102,244.08012584890002,42.282340565520876,0.01996863647673158,253.92168558339887,289.1621923895894,245.28323159996634,286.1271632958994,226.79375580733657,202.62915758267312,259.30166623839267,215.05556301747674,250.69525246453722,222.25864615367658,315.644782368982,236.07279362394527,212.48397745432885,222.7273056834348,211.531173611268,332.07202761594647,169.85146773906106,239.59320461344248,212.919773773837,194.02640140903097,200.91064816377877,196.5676847664478,306.25879470010426,249.90788301281995,237.98849881247327,314.6449348739669,217.23130358514507,208.42111205895742,320.86927532019877,271.4524181468862,0.01237272979453211,0.02224740439513837,0.017956387779283437,0.010995495961698529,0.017836503799204595,0.02888579823539008,0.010722553212188205,0.027390904194368272,0.023932420747957203,0.015954058191594258,0.014336411167946914,0.016146467161583147,0.028758707794572538,0.015054146100715617,0.02785051546739993,0.015774373051347875,0.025072935720477398,0.016293171920967048,0.02609718398262231,0.021117991109896164,0.019246034416327145,0.027019987893552033,0.018307470238174313,0.02289234490072391,0.01569812051086783,0.02442887685566461,0.022676213339852563,0.024033381785381523,0.018121717594604396,0.011838786977915088
103,238.56002496899376,42.38206163274788,0.020283424749087196,190.30657926578164,288.6863486317384,243.57141491157373,286.1271632958994,226.79375580733657,202.62915758267312,259.30166623839267,215.05556301747674,229.1540181659174,222.25864615367658,295.6805481089506,227.38374540973652,212.48397745432885,222.7273056834348,202.57656922626234,332.07202761594647,169.85146773906106,237.81291105371136,212.919773773837,194.02640140903097,189.59788451298377,196.5676847664478,306.25879470010426,249.90788301281995,237.98849881247327,297.34617071487594,217.23130358514507,198.16179495311243,320.86927532019877,271.4524181468862,0.02483409599535545,0.02687871782664535,0.014430196289314839,0.010889343642704793,0.011768016548288478,0.03202232829611733,0.014209114201959345,0.026990791285936497,0.027207737648928216,0.016362954344221043,0.01563706358781189,0.01702008787604884,0.02486066409148281,0.01406765328920066,0.025787746942362418,0.021123371147135663,0.02740095394367955,0.013133844589597722,0.025591943003657747,0.01798796410476279,0.02394881750721919,0.023188614208883837,0.01868703456022849,0.0264744679643144,0.015393381020499693,0.01802197666592287,0.01925497928641609,0.02157474042689169,0.022253408828226053,0.011500733348802382
104,233.11546574085426,40.40434955224782,0.018528341715281352,190.30657926578164,283.536741552631,191.38521007271885,238.57964386229008,226.79375580733657,202.62915758267312,256.53286542861423,215.05556301747674,229.1540181659174,222.25864615367658,295.6805481089506,227.38374540973652,212.48397745432885,222.7273056834348,202.57656922626234,332.07202761594647,169.85146773906106,237.81291105371136,212.919773773837,194.02640140903097,189.59788451298377,196.5676847664478,306.25879470010426,249.90788301281995,217.58489570790292,297.34617071487594,217.23130358514507,198.16179495311243,299.25829606587735,257.78235582294195,0.0226128357258099,0.017154279386907993,0.018943395319452952,0.008521652155146171,0.008587056219718609,0.014980819643205414,0.01023664855190333,0.026688838774959964,0.01953649286983397,0.021127076120110944,0.01616077454937563,0.01418485011387513,0.02547193180225726,0.014184417962155721,0.02181545790285161,0.0188358983186847,0.024971089855671664,0.014141498199698217,0.027475005837576703,0.0185798831468866,0.01994914643867412,0.023447489609418386,0.01546867950703421,0.025182479663065777,0.01522119879681418,0.01948674019208984,0.016444635614304044,0.024945485194147212,0.020067826619594498,0.011426667367215725
105,230.50642245418263,38.16389800504146,0.01819826990578554,190.30657926578164,264.64563711025943,191.38521007271885,238.57964386229008,226.79375580733657,202.62915758267312,256.53286542861423,215.05556301747674,229.1540181659174,222.25864615367658,295.6805481089506,205.66330575088656,212.48397745432885,218.93712975101508,202.57656922626234,303.85866509841645,169.85146773906106,237.81291105371136,212.919773773837,194.02640140903097,189.59788451298377,190.9114687174695,306.25879470010426,249.90788301281995,217.58489570790292,297.34617071487594,217.23130358514507,198.16179495311243,299.25829606587735,257.78235582294195,0.016272272206865106,0.015680638615026825,0.014812763866865104,0.014919467930035162,0.008496917134771794,0.015111985485166742,0.017573608727670643,0.02432023358991233,0.025790050681564383,0.016982180817800077,0.019083927573359426,0.01443133068513137,0.02344855812010881,0.009807676057779938,0.02213557847445788,0.014158652071906665,0.02600127022858715,0.009721968553586436,0.024810355618050638,0.020228319476497197,0.023847054367069694,0.021214797944546507,0.015555169140309922,0.027132177675287434,0.015678629502940373,0.025413469682067667,0.015763235565842738,0.020170841217754455,0.01806984556131664,0.009315120601287113
106,225.74257491341845,36.833917584413975,0.018724067728629997,190.30657926578164,264.64563711025943,191.38521007271885,238.57964386229008,220.06683695250317,202.62915758267312,251.64532238151696,215.05556301747674,218.83546242960816,222.25864615367658,295.6805481089506,205.66330575088656,212.48397745432885,218.93712975101508,202.57656922626234,303.85866509841645,163.24420448954436,223.73258341087978,212.919773773837,185.68966596529012,172.90866888222135,190.9114687174695,306.25879470010426,220.93621685779365,217.58489570790292,271.80506370364645,217.23130358514507,198.16179495311243,278.50220261429916,257.78235582294195,0.014612053467972667,0.011556123405383187,0.01258917791989206,0.013054644715657033,0.009756918826136097,0.014969627191721112,0.02214502835180642,0.021302124788070663,0.020038507817855544,0.009297961783107923,0.014658904992397633,0.014673991593706654,0.020671975692533567,0.008056548888705368,0.024834120773803547,0.021373945421236145,0.02669025756128872,0.02105709895526782,0.027118291232367,0.021996956727911163,0.0259158082856045,0.02718291485519247,0.016234111828809412,0.02669661252128217,0.01738145406305892,0.027055978256220335,0.017281769459342868,0.014903151899587769,0.02191237900332975,0.016703591579651303
107,221.5905849795649,34.95460841191733,0.018826948599309255,190.30657926578164,255.88024338331093,191.38521007271885,222.2607800074308,220.06683695250317,202.62915758267312,244.61397178839812,212.38217818036725,218.83546242960816,212.90244379218603,295.6805481089506,205.66330575088656,210.44113407328763,211.546144478016,183.50106632161038,303.85866509841645,163.24420448954436,211.36893761345863,212.919773773837,185.68966596529012,172.90866888222135,190.9114687174695,278.14741074167017,220.93621685779365,217.58489570790292,271.80506370364645,217.23130358514507,198.16179495311243,278.50220261429916,246.35221449540958,0.009081202762869691,0.014815903624024157,0.014439569015094137,0.01428081953938439,0.008419494216298453,0.014796565732891696,0.025633317644209647,0.01816734962761618,0.0224538218941951,0.013918551118110654,0.018638075612719428,0.01904123846125219,0.022584365542323837,0.013413909286645164,0.020199848133625617,0.018836490411537163,0.023612770672288067,0.019408984240448856,0.027685252377521015,0.02066836751732801,0.025325460175908088,0.031448877028565185,0.019350762856648288,0.0193900236621286,0.01605071445801326,0.020194235374303343,0.022632627647717188,0.009369188992307612,0.023586375537544196,0.017364294815758317
108,218.47020020819724,33.67500642048697,0.018562773616209362,185.83002490286998,252.46617838239206,191.38521007271885,220.46290349866743,220.06683695250317,202.62915758267312,232.10761689005102,212.38217818036725,201.0031405490781,206.0941194897402,266.8785192495859,196.61859933255488,210.44113407328763,205.31384327966094,183.50106632161038,303.85866509841645,160.5471947784841,211.36893761345863,212.919773773837,185.68966596529012,172.90866888222135,190.9114687174695,278.14741074167017,220.93621685779365,217.58489570790292,271.80506370364645,217.23130358514507,198.16179495311243,278.50220261429916,246.35221449540958,0.0067757293199602435,0.011747321771495822,0.014274669905065393,0.010474380855589037,0.011318836397627019,0.012301472428056678,0.018348518939825066,0.02421368484708025,0.021663896613834464,0.014195833604255241,0.023008515275610014,0.021946464548331185,0.020586055833263162,0.019495493067555922,0.022893953904670514,0.015550121938193346,0.02011206996943538,0.014185173159895806,0.02421537911343035,0.02235778586810719,0.02770717443034649,0.02656713543405284,0.01786375785728788,0.01672144035389691,0.020236009735818197,0.027364950585865994,0.01938966967695697,0.017055074939432154,0.01949746728622048,0.014815170825120967
109,215.3827602437839,32.36672142806222,0.018855774592980448,185.83002490286998,241.72363441256852,191.38521007271885,220.46290349866743,220.06683695250317,202.62915758267312,232.10761689005102,212.38217818036725,201.0031405490781,206.0941194897402,266.8785192495859,196.61859933255488,209.59259557399508,199.7164686089418,183.50106632161038,284.0769169092791,141.88719699870887,211.36893761345863,204.74954260578954,185.68966596529012,172.90866888222135,190.9114687174695,270.7445440848178,220.93621685779365,217.58489570790292,271.80506370364645,217.23130358514507,198.16179495311243,278.50220261429916,224.9323164966566,0.014610439668797232,0.01605481458108893,0.020739206525661823,0.00794445187088397,0.009366825411104946,0.018967400043460102,0.01817820215501807,0.020465028657275314,0.020273045810700125,0.019302636892716118,0.014732508671159716,0.01832849749328972,0.024901794576219053,0.020251360686545032,0.01998881661605761,0.018159456169677554,0.02410655546882729,0.01949547786078562,0.021813154673321455,0.02058157660299296,0.022886206214423263,0.03141380796531308,0.012038631645439044,0.020446427551297726,0.019773066683229652,0.020752143026263208,0.018136647313119418,0.018681322604060028,0.021070239351216304,0.012213494999469016
110,212.61934086497558,31.560409768319666,0.01873549330892776,182.67743426596172,241.72363441256852,191.38521007271885,181.19379556695978,220.06683695250317,202.62915758267312,232.10761689005102,212.38217818036725,201.0031405490781,202.92514528814218,266.8785192495859,196.61859933255488,209.59259557399508,197.10355021079454,183.50106632161038,272.02715315899263,141.88719699870887,211.36893761345863,204.74954260578954,185.68966596529012,168.5650836985562,190.9114687174695,252.43890282288024,220.93621685779365,217.58489570790292,271.80506370364645,217.23130358514507,198.16179495311243,278.50220261429916,224.9323164966566,0.011580995495437708,0.01588635949035617,0.012930453952782778,0.012297474150617233,0.013905391733284669,0.01786574263493837,0.017211685482377982,0.023810676318994747,0.026391251592719437,0.023225794214752245,0.012664654633198847,0.016956422120873494,0.024084124979065813,0.014272878116545467,0.015085682498015528,0.015521540884112488,0.02288267074088924,0.018576952309752412,0.0296317977351981,0.020566423513245502,0.016093054751707792,0.03200598423588361,0.009985889490742141,0.02031974485360578,0.022952127462767095,0.024261368857731416,0.013559849860019532,0.014186018764265985,0.02507267414889351,0.018279114245057793
111,210.95487840756684,31.10498288867203,0.018796993867603095,182.67743426596172,241.72363441256852,191.38521007271885,181.19379556695978,220.06683695250317,202.62915758267312,232.10761689005102,206.69955169244525,201.0031405490781,202.92514528814218,266.8785192495859,191.49889859932117,208.6180046036019,197.10355021079454,183.50106632161038,272.02715315899263,141.88719699870887,211.36893761345863,204.1041404292094,182.66319685169245,168.5650836985562,186.4100149401541,228.2764743354413,215.11501488201213,217.58489570790292,271.80506370364645,217.23130358514507,198.16179495311243,278.50220261429916,224.9323164966566,0.010175278391940634,0.01628948890275502,0.01570922265301459,0.014870211365762262,0.017655529823410676,0.019221105973324697,0.015552400252697943,0.024880372282532898,0.02216296250794363,0.018181364595784393,0.014126212202849132,0.013123350640763528,0.021988953220322734,0.01433575970165241,0.015318583772676198,0.021658712426401234,0.025840008374293937,0.01849163717463959,0.02795122254635199,0.02120656406692191,0.017522461714220113,0.023218515336817014,0.016684618080363756,0.02184137714721676,0.024343352059597357,0.026221417779697324,0.014074949680992403,0.015917815837849736,0.016753237686159442,0.01859312982913953
112,208.03436811691694,31.194045883334,0.01916454460450491,182.67743426596172,214.45684568570596,191.38521007271885,181.19379556695978,220.06683695250317,175.10135893181223,232.10761689005102,206.69955169244525,201.0031405490781,202.92514528814218,266.8785192495859,188.75522095185133,208.6180046036019,177.88288906872123,183.50106632161038,264.7007202845182,141.88719699870887,211.36893761345863,204.1041404292094,182.66319685169245,168.5650836985562,186.4100149401541,228.2764743354413,215.11501488201213,214.05494603014793,271.80506370364645,217.23130358514507,198.16179495311243,278.50220261429916,224.9323164966566,0.013569892737588341,0.019344552733787074,0.021672512041192808,0.02012541658036096,0.020148082555868103,0.01621057047794754,0.021229627896457853,0.018687101410863372,0.025166925514596622,0.017452492961746703,0.006280185249816071,0.015065195906353919,0.027190645764359804,0.016375843861927045,0.017010153443735583,0.021605429464610162,0.016674291498281667,0.021491846682156507,0.023004800359043575,0.021505218397950925,0.019805005372710065,0.024301308152446657,0.017618639683374113,0.01968638955443304,0.02380334656774166,0.01817636430732137,0.020845189157179422,0.016182879212654058,0.0184625759425849,0.016243854646057425
113,206.209309455207,31.85334960656602,0.01913059381189263,182.67743426596172,214.45684568570596,191.38521007271885,160.311361752656,220.06683695250317,175.10135893181223,225.2249336673103,202.6497194646693,184.169049260977,202.92514528814218,266.8785192495859,188.75522095185133,208.6180046036019,177.88288906872123,183.50106632161038,264.7007202845182,141.88719699870887,211.36893761345863,204.1041404292094,182.66319685169245,168.5650836985562,186.4100149401541,228.2764743354413,215.11501488201213,214.05494603014793,271.80506370364645,217.23130358514507,198.16179495311243,275.83177031349203,221.50002949908801,0.008652997521506533,0.017895610240800445,0.02214468252829659,0.018955165894898506,0.012943516998441646,0.017875551533754325,0.020321263696433414,0.017406769831024044,0.02199239734971694,0.020678049334277176,0.011070160484277971,0.022099319099178297,0.02520359616621731,0.017330561276296244,0.021000102906961544,0.0187748641366669,0.021751879705730514,0.01593217086022963,0.024827283925273263,0.026025459972076684,0.015697712190396444,0.02206622816120747,0.01871115365389314,0.01990171231953524,0.015108619308035896,0.017771936590043193,0.01905282423708969,0.020410611317747455,0.02414611617175477,0.01816949694501769
114,202.9959205349592,28.85602929994993,0.019198259786396287,182.67743426596172,214.45684568570596,191.38521007271885,160.311361752656,220.06683695250317,169.4802300344363,225.2249336673103,202.6497194646693,184.169049260977,198.72429397923838,266.1240211112565,188.75522095185133,208.6180046036019,177.88288906872123,183.50106632161038,242.46407334734013,141.88719699870887,211.36893761345863,191.8649802630069,182.66319685169245,168.5650836985562,186.4100149401541,228.2764743354413,215.11501488201213,200.80736383878227,233.70326373556688,217.23130358514507,198.16179495311243,275.83177031349203,221.50002949908801,0.006865740427077577,0.024154601512587914,0.016867281194311835,0.019018166320020537,0.009387040732915027,0.01929318037967916,0.02174188045764982,0.02076738226568049,0.025597720728404348,0.018222738256121158,0.014002449816168477,0.015481397003242185,0.021392195370594436,0.01928286678817996,0.027135644899488782,0.016751963383296552,0.01856142031135564,0.014097495504653113,0.025489509059726627,0.02649317043238497,0.018994407874519947,0.023148611570477567,0.018421172726345983,0.021078035821290253,0.019157761958099765,0.018184711119624056,0.01864577082528441,0.024174254523109135,0.021538136312868737,0.012001086016730073
115,200.16225890567495,29.693024461844605,0.01951421827459441,182.67743426596172,214.45684568570596,178.84798213476395,160.311361752656,220.06683695250317,169.4802300344363,225.2249336673103,181.1783141586689,184.169049260977,198.72429397923838,266.1240211112565,177.02999236536363,183.2005829460885,177.88288906872123,183.50106632161038,242.46407334734013,141.88719699870887,202.6656507732495,191.8649802630069,182.66319685169245,168.5650836985562,186.4100149401541,228.2764743354413,215.11501488201213,200.80736383878227,233.70326373556688,216.1226496205075,194.11517036738766,275.83177031349203,221.50002949908801,0.013478546752585021,0.01628530197012469,0.02394510723882004,0.01786815041020785,0.016614327999334818,0.02250959922971829,0.020049913772252237,0.01554467134724333,0.021276407508572306,0.024176480141981708,0.018285080617047728,0.01740200138964493,0.026228408442310256,0.014210369210573795,0.017720003267549283,0.01783572385040431,0.017524459097201406,0.017251615703330014,0.020919114966668855,0.019788537868611886,0.02723601792458958,0.020902367936660546,0.016833066049667056,0.022149983951264017,0.02241933945246836,0.02105496916392797,0.018587199464019627,0.01578466049586312,0.02730647397247848,0.014238649042710648
116,195.76986357107788,32.28145206819959,0.018537503282473496,182.67743426596172,214.45684568570596,178.84798213476395,142.34775082779714,184.45827972235602,169.4802300344363,225.2249336673103,177.12848193089295,184.169049260977,181.6998743046549,266.1240211112565,177.02999236536363,183.2005829460885,177.88288906872123,182.11013269513884,238.49865485204694,141.88719699870887,202.6656507732495,191.8649802630069,182.4790410187263,131.14177936992692,186.4100149401541,228.2764743354413,200.95338718482614,200.80736383878227,233.70326373556688,216.1226496205075,194.11517036738766,275.83177031349203,221.50002949908801,0.01696428096799052,0.024069895769438895,0.024818727561573817,0.02148113667167418,0.007240267245571604,0.016550788896617676,0.02122057012418452,0.016527834949828756,0.020502993294605292,0.015868428013729466,0.015322069509150627,0.018486954512000175,0.02687165997462387,0.018174750946434753,0.01918450134121009,0.020699114840283354,0.01777391036530704,0.01889048669860793,0.02707660606842619,0.021605328786736336,0.02301933022332253,0.016957003743062235,0.01867856791445436,0.016048662909091873,0.015316837935191285,0.015916075263229027,0.016789370589141987,0.011826984494113272,0.0188459053389772,0.013396053525626034
117,193.78836706674298,31.45786372932048,0.01971526902317047,182.67743426596172,213.62964933763783,178.84798213476395,142.34775082779714,184.45827972235602,164.91541486068897,225.2249336673103,177.12848193089295,184.169049260977,181.6998743046549,252.44901611448495,177.02999236536363,183.2005829460885,163.56423128373729,182.11013269513884,238.49865485204694,141.88719699870887,202.6656507732495,191.8649802630069,182.4790410187263,131.14177936992692,186.4100149401541,228.2764743354413,196.03261265746485,200.80736383878227,233.70326373556688,216.1226496205075,194.11517036738766,275.83177031349203,200.36158319997352,0.0166659138204642,0.019959628760842205,0.02943215770659232,0.0164726651437978,0.015253705248932582,0.02154406690943044,0.023207564893124102,0.017278989384557117,0.02348719431208576,0.014697698389491877,0.018941109282285262,0.017527735567346783,0.024824627272369282,0.017678012343430832,0.021036239254383804,0.021541095806488404,0.02041752636707666,0.013120997978262274,0.020988265190588357,0.02293764711264944,0.028718896555415735,0.023758776099522948,0.02178310971818947,0.0207414395766488,0.021817130938385644,0.019841462980104745,0.018423616330987765,0.005505307321425321,0.019271135374927664,0.014584355055306593
118,191.67236990188297,32.26508499289873,0.020112422672178328,173.46929871278584,213.62964933763783,160.34212988279737,142.34775082779714,184.45827972235602,164.91541486068897,224.7299080568173,177.12848193089295,184.169049260977,181.6998743046549,252.44901611448495,177.02999236536363,161.50004278507367,163.56423128373729,181.74749000879532,238.49865485204694,141.88719699870887,202.6656507732495,191.8649802630069,182.4790410187263,131.14177936992692,186.4100149401541,228.2764743354413,196.03261265746485,200.80736383878227,233.70326373556688,202.91493093770097,194.11517036738766,275.83177031349203,200.36158319997352,0.019596687242534022,0.018295780301501707,0.030052606117376087,0.021295023791751563,0.01535572742270566,0.02145615637159594,0.02372944518328835,0.01869086732108961,0.025387421845285186,0.019368289146798206,0.018381078444727136,0.018940240290620854,0.019033963210103314,0.019866029817359465,0.018785114622905393,0.022820589231869796,0.02106707371068392,0.018646639794289266,0.02134039877240064,0.015144344017769961,0.025555405333106934,0.023796013907782767,0.021051161706668788,0.022818045453107474,0.026937783601370988,0.01844282789348047,0.021035764359821192,0.01095709569475343,0.016367451440223148,0.009157654118378532
119,190.2858817989211,30.804429589369718,0.020005517808529716,173.46929871278584,213.62964933763783,160.34212988279737,142.34775082779714,184.45827972235602,164.91541486068897,224.7299080568173,177.12848193089295,179.11349447644704,181.6998743046549,252.44901611448495,177.02999236536363,161.50004278507367,163.56423128373729,181.74749000879532,238.49865485204694,141.88719699870887,202.6656507732495,191.8649802630069,182.4790410187263,131.14177936992692,176.176055469581,228.2764743354413,190.01829128450356,200.80736383878227,233.70326373556688,202.91493093770097,194.11517036738766,255.54096285269992,200.36158319997352,0.022903232075781113,0.017262761282648968,0.02867726713405782,0.017396451943436607,0.015189171474742193,0.020561386127763828,0.01785795368936325,0.011538448925023731,0.026747353575074382,0.018677768780410015,0.015837694037804734,0.01472192644795084,0.01830265145914175,0.016095572170062047,0.02664167106547438,0.02700667852098786,0.01887888587007313,0.021271539605399806,0.03284144843188832,0.023484125582409414,0.02580153273197578,0.02470864033692147,0.01592813382121132,0.02044501146402655,0.017198139043076405,0.023773773724712982,0.020683730667516415,0.017342182210237263,0.013094026448972274,0.00929637560774681
120,188.3659460749933,29.680749522137003,0.021021042662293966,173.46929871278584,185.40131804675485,160.34212988279737,142.34775082779714,184.45827972235602,164.91541486068897,214.35646589958134,177.12848193089295,179.11349447644704,181.6998743046549,252.44901611448495,177.02999236536363,161.50004278507367,163.56423128373729,181.74749000879532,229.17631783579802,141.88719699870887,202.6656507732495,191.29477010767636,182.4790410187263,131.14177936992692,176.176055469581,228.2764743354413,190.01829128450356,200.80736383878227,233.70326373556688,202.91493093770097,185.01141926925274,255.54096285269992,200.36158319997352,0.013694769810160292,0.01906107390142975,0.02328870926176965,0.013930863180542824,0.011323800290969927,0.026213269523593177,0.02479315557650779,0.01839225253688783,0.02022088191276343,0.014687794620937644,0.017007045874047735,0.01907540988733346,0.02964238837705019,0.02023814620392118,0.02491594015788144,0.019630258899655084,0.023762049285642933,0.019863967020701645,0.028254250327200536,0.02377375947896519,0.03391801871363888,0.02412321008024156,0.018114015113666865,0.021410153999294412,0.01955614849270816,0.031606153985467775,0.016463740313447717,0.01728804835264466,0.02375179017527218,0.012630214514475152
121,187.33900010145308,30.1438388617997,0.019924361783945757,173.46929871278584,185.40131804675485,160.34212988279737,136.6976641408296,173.07089424092382,164.91541486068897,214.35646589958134,177.12848193089295,179.11349447644704,181.6998743046549,252.44901611448495,177.02999236536363,161.50004278507367,163.56423128373729,181.74749000879532,229.17631783579802,141.88719699870887,202.6656507732495,183.63571967626254,182.4790410187263,131.14177936992692,176.176055469581,228.2764743354413,190.01829128450356,200.80736383878227,233.70326373556688,202.91493093770097,178.89956266285952,255.54096285269992,200.36158319997352,0.019904324127170053,0.009128145546262284,0.02633603655086133,0.02591449820524724,0.014075577654848025,0.02388031114458143,0.02793331553652003,0.019151907763929752,0.021142592050574952,0.010844118016906403,0.0164337879256849,0.012567107434636491,0.02378117440637309,0.020499058898477668,0.02395410335124718,0.02018106020140692,0.019232546976702795,0.024635044843595473,0.02524492270269105,0.016006038187318807,0.026778103160861773,0.01649891518198181,0.01803079362210308,0.026637683247500564,0.011531157544697447,0.023149111666004404,0.014288075307242576,0.01947691089238724,0.027262587291979685,0.013231844078578154
122,184.52628753831365,28.314916064178792,0.01930918465591639,173.46929871278584,185.40131804675485,160.34212988279737,136.6976641408296,169.78050583489494,164.91541486068897,214.35646589958134,177.12848193089295,179.11349447644704,181.6998743046549,252.44901611448495,177.02999236536363,161.50004278507367,163.56423128373729,181.74749000879532,222.68781393392067,141.88719699870887,201.0559172128068,183.63571967626254,182.4790410187263,131.14177936992692,169.37953364041044,228.2764743354413,190.01829128450356,185.23293896274268,233.70326373556688,202.91493093770097,159.25447750850944,224.56424368642524,200.36158319997352,0.023806062592224255,0.016219673322805377,0.02230591488565798,0.020351294856645795,0.012208655181118064,0.02444144069890823,0.02173934714656154,0.016330259099346385,0.026245106981969843,0.016121611428125633,0.012940931552199397,0.016716597992290874,0.02445860425470048,0.01831094484987911,0.01759674146610919,0.01871398601827156,0.02274993501964366,0.018532477184536204,0.026332236475435433,0.015662738881389117,0.029486773082551238,0.012987036304943286,0.014583212526521427,0.021291945167799944,0.011526700722097818,0.019376090657847303,0.02319835273124449,0.017617909938529772,0.021644025239293305,0.015778933418844905
123,180.86953118956265,28.695690469926454,0.01824836019093363,173.46929871278584,185.40131804675485,160.34212988279737,136.6976641408296,169.78050583489494,164.91541486068897,214.35646589958134,173.27161993027408,179.11349447644704,180.96607266011904,242.21419196768164,177.02999236536363,161.50004278507367,163.56423128373729,144.97308992733437,222.68781393392067,141.88719699870887,201.0559172128068,183.63571967626254,173.03835758243298,131.14177936992692,169.37953364041044,217.80600982458188,176.17382937592944,185.23293896274268,233.70326373556688,201.324158663982,138.67244942099643,224.56424368642524,198.187190827821,0.01680045569395589,0.013960432497208417,0.019953619363269642,0.01906842801654375,0.01319763009808307,0.026997103368826592,0.02061002086313024,0.013801321900534312,0.027564921485376735,0.02165022854677959,0.004938589562473882,0.01911031860148211,0.020653065205672342,0.01664708020563486,0.018287214949468524,0.018373398491252396,0.02259517466939338,0.017445607725804255,0.02688937735214818,0.011944580851153474,0.025604182293201338,0.01628824265686612,0.00995572327096355,0.022945588713487845,0.007543994558254168,0.021037331366765565,0.025911889805648847,0.015255784252216353,0.01891767481254692,0.01350182454986674
124,180.01190779364802,28.2178536996101,0.018024426579285595,173.46929871278584,185.40131804675485,160.34212988279737,136.52995736091344,169.78050583489494,159.35597993831396,214.35646589958134,173.27161993027408,179.11349447644704,180.96607266011904,242.21419196768164,177.02999236536363,161.50004278507367,163.56423128373729,144.97308992733437,208.1741015414536,141.88719699870887,201.0559172128068,183.63571967626254,173.03835758243298,131.14177936992692,169.37953364041044,216.77135538782062,171.72063603001058,185.23293896274268,233.70326373556688,201.324158663982,138.67244942099643,224.56424368642524,198.187190827821,0.022391143785467214,0.009838412767059594,0.024451881318397907,0.023649811619424005,0.010218610744947218,0.0227390799579247,0.014901512986138659,0.013159414742237124,0.019517934707722878,0.020475558263625904,0.016200972211586128,0.01528316845066814,0.019485497603271187,0.011605141927117335,0.019028918889463245,0.018642470083663112,0.024042458014437555,0.018754635884615484,0.031188246831636013,0.009739843593895833,0.02271736956375546,0.014655743313589573,0.010426877629420008,0.014786113209020853,0.012355325925116253,0.020217563305746034,0.022162199941671942,0.02340100954499525,0.01843069962040838,0.01626518094154491
125,178.5681215070786,29.402963763651105,0.019218771024278745,173.46929871278584,185.40131804675485,137.18548934983818,136.52995736091344,169.78050583489494,159.35597993831396,214.35646589958134,169.3069861328746,179.11349447644704,178.94308725149176,242.21419196768164,177.02999236536363,161.50004278507367,163.56423128373729,144.97308992733437,202.37110869868704,141.88719699870887,201.0559172128068,183.63571967626254,173.03835758243298,122.77544335459615,169.37953364041044,216.77135538782062,171.72063603001058,185.23293896274268,233.70326373556688,201.324158663982,138.67244942099643,224.56424368642524,198.187190827821,0.01954768757005347,0.009577957225092143,0.016020354894897164,0.01789535044511054,0.009503677580525305,0.02575754955554845,0.02850239317988326,0.017979808568522965,0.019421358552919737,0.02556812326498449,0.021626051170065684,0.018309912001238122,0.026011966594775365,0.016125044822138602,0.017423413887554834,0.018136976215503114,0.020194329395707068,0.008849143080200432,0.02948674961237334,0.012419631206190824,0.025075647191110037,0.014768858735698432,0.020807785375904338,0.021944385208319234,0.014431840950770096,0.020682086533110752,0.024338055354501547,0.02093918322263401,0.01989994513697296,0.015317864196055943
126,176.71406843764368,29.875405310541208,0.018971925609204313,173.46929871278584,183.91572799070684,137.18548934983818,131.38042009602046,169.78050583489494,159.35597993831396,214.35646589958134,169.3069861328746,179.11349447644704,148.8481019798686,242.21419196768164,177.02999236536363,161.50004278507367,163.56423128373729,144.97308992733437,202.37110869868704,141.88719699870887,201.0559172128068,183.63571967626254,173.03835758243298,122.77544335459615,169.37953364041044,216.77135538782062,160.62418492883725,185.23293896274268,233.70326373556688,201.324158663982,138.67244942099643,216.76921529711467,198.187190827821,0.018203907322188746,0.010114892107891486,0.02141390473297157,0.018005131472513126,0.014775643855207762,0.02082322888124568,0.02517751694336253,0.015187005596281007,0.020906997724128018,0.02746934838768225,0.02277240844328404,0.021074500402595675,0.022779558540997988,0.017187776808452376,0.016871032192911483,0.01516346304672216,0.017984753320964476,0.010372340142828503,0.02104439470539282,0.015554551924328105,0.024170018805029406,0.01612647349647361,0.013697876055191809,0.02168657792607393,0.017838257210224195,0.018247300115605936,0.020891554179909136,0.023850455320265196,0.022203473764057614,0.01756342485134876
127,174.0737461000667,28.635583283726387,0.019104430475784025,167.792465104256,183.91572799070684,137.18548934983818,131.38042009602046,169.78050583489494,155.57430269542198,213.73035737976284,169.3069861328746,179.11349447644704,148.8481019798686,242.21419196768164,177.02999236536363,161.50004278507367,155.7713716375516,144.97308992733437,202.37110869868704,141.88719699870887,196.09200122158884,178.12592095265498,173.03835758243298,122.77544335459615,169.37953364041044,179.2476405248987,160.62418492883725,185.23293896274268,233.70326373556688,201.324158663982,138.67244942099643,214.31198971982326,187.3096548729773,0.01684079700035733,0.016274171279027208,0.020177469760658505,0.01659115206260393,0.021708408751846334,0.021409091855556502,0.019844096331652544,0.017289823407507038,0.018923685953967425,0.019190714360703243,0.02121369140729138,0.016252753309814624,0.016855580304669757,0.01882799021506889,0.01538903382488832,0.01903975199188769,0.026053822592720235,0.018118412155902014,0.02572942844209467,0.01645269877229149,0.02367692179215723,0.014462059881273828,0.016908349816746687,0.026715795858247664,0.00944555689945335,0.026154880203152157,0.011521121920399467,0.022396081224452243,0.025112724221538648,0.014556848675590331
128,171.78428931034153,28.459711454264298,0.01958404349036259,167.792465104256,183.91572799070684,115.13728129463685,126.68457041966944,169.78050583489494,155.34949297757097,213.73035737976284,169.3069861328746,179.11349447644704,148.8481019798686,226.52079690573464,177.02999236536363,161.50004278507367,155.7713716375516,144.97308992733437,197.1866941030086,141.88719699870887,181.65939914400533,178.12592095265498,173.03835758243298,122.77544335459615,169.37953364041044,179.2476405248987,160.62418492883725,178.82851445560047,233.70326373556688,201.324158663982,138.67244942099643,214.31198971982326,187.3096548729773,0.022350356128399435,0.01380292936836363,0.02146403451144966,0.013161740401581383,0.019082547056252824,0.02536533702836543,0.020710615024263985,0.02035336775850208,0.019587246682594164,0.02168453327984066,0.012715381287426249,0.01781829794780533,0.015784370171771808,0.0219943938758993,0.016100430493064703,0.029272517322534695,0.024624306167077933,0.0158934621627793,0.02332171477298875,0.014403187407246354,0.02687267507876634,0.023289910909946934,0.013559249751224155,0.022353034445514043,0.010449366879539136,0.023730522650798204,0.01710016298278155,0.020818663379702153,0.02356000860130972,0.016296941183087776
129,166.69977235919072,26.48549008592241,0.02013942385903228,167.792465104256,183.91572799070684,115.13728129463685,126.68457041966944,169.78050583489494,155.34949297757097,207.36343160648102,169.3069861328746,173.74801390042728,148.8481019798686,213.69760711438173,171.13961894017345,157.17288898849964,155.7713716375516,144.97308992733437,187.08238999406885,141.88719699870887,181.65939914400533,177.30766516884603,173.03835758243298,122.77544335459615,169.37953364041044,179.2476405248987,148.63793138990135,131.33027692170424,233.70326373556688,180.80496658991873,138.67244942099643,187.47584758736076,187.3096548729773,0.020307089374429835,0.018869395832680675,0.02614471150527153,0.023435855406474252,0.01985902189347697,0.019459858644068104,0.021366887377921206,0.020438977388520595,0.02145804731221293,0.01244523089862942,0.021634322656447658,0.01002468581200584,0.01962319056289026,0.02448208899832054,0.014060419965354847,0.024461223800677244,0.02917130401901734,0.018295291586540006,0.02205080244447887,0.019790043173793757,0.02064043817057258,0.02132026685499506,0.019331833785737162,0.02606437698060929,0.01534439690463375,0.023805475736275974,0.01809615110431148,0.021084033782274206,0.021804740561915614,0.009312553236431343
130,165.014599876818,27.361667010636232,0.019859321639961448,167.792465104256,183.91572799070684,115.13728129463685,126.68457041966944,146.115327962115,155.34949297757097,207.36343160648102,169.3069861328746,168.84363585252686,139.5992259225338,213.69760711438173,171.13961894017345,157.17288898849964,155.7713716375516,132.23634743416895,187.08238999406885,141.88719699870887,181.65939914400533,177.30766516884603,173.03835758243298,122.77544335459615,169.37953364041044,179.2476405248987,148.63793138990135,131.33027692170424,233.70326373556688,180.80496658991873,138.67244942099643,187.47584758736076,187.3096548729773,0.015809129722132137,0.014809504565263656,0.022290155878811,0.023961390410627045,0.013832960964061267,0.021624559642843738,0.018257063864713055,0.02053727284021509,0.020484039810999652,0.01863854227250819,0.01815229094262495,0.012987821559539193,0.019528190887871194,0.02389016873147199,0.015014946351116665,0.0259047202552374,0.021336311300753214,0.026005602619218755,0.021362373712733806,0.016824085207715236,0.02286855161117446,0.024252562732596863,0.015584831365688607,0.023191063228053158,0.020996527929056312,0.021897174627315354,0.018311520080744288,0.019313380177670175,0.026578391596514903,0.011534514309572232
131,162.40817989225917,27.585937751098363,0.020604144126484626,167.792465104256,180.7389623219202,115.13728129463685,126.68457041966944,146.115327962115,155.34949297757097,207.36343160648102,168.4908950334029,168.84363585252686,139.5992259225338,213.69760711438173,171.13961894017345,157.17288898849964,155.7713716375516,132.23634743416895,185.63785339852328,130.26562706375051,171.02711261273015,171.10497309661594,169.96587818289973,122.77544335459615,163.87914312919298,179.2476405248987,140.34746499053742,131.33027692170424,233.70326373556688,160.3849493631043,132.01648426988726,187.47584758736076,186.95031592651864,0.019818239366376732,0.014096829515686783,0.025406910540333998,0.020460171839900752,0.018805480826368577,0.017983150491020124,0.018642209642952292,0.02056350141068139,0.026915846745610386,0.016473013659545836,0.020694524168277273,0.011898443211920426,0.02144050346284092,0.02306466442714264,0.016482539263435382,0.022522536555072775,0.02041337019446282,0.02007876541739467,0.0255576744497778,0.022123322935603224,0.025262856320427393,0.018721072561797066,0.014148072963191495,0.02639376660377478,0.02109468585462772,0.03142643825244432,0.02033738845732566,0.021441618750950315,0.01578808877073406,0.0200686371348612
132,161.1479412963687,26.91227799888581,0.020946280802226068,167.792465104256,180.7389623219202,115.13728129463685,126.68457041966944,146.115327962115,155.34949297757097,191.72812930176153,158.83358621431753,168.84363585252686,139.5992259225338,213.69760711438173,171.13961894017345,157.17288898849964,155.7713716375516,130.52242095542098,185.63785339852328,130.26562706375051,171.02711261273015,167.64514280647452,169.96587818289973,122.77544335459615,163.87914312919298,179.2476405248987,135.99082713976514,131.33027692170424,233.70326373556688,160.3849493631043,132.01648426988726,187.47584758736076,183.96616379327264,0.02251723132503583,0.01618054429822619,0.023188757696317133,0.0243996467537878,0.01681653023041417,0.016381422085935533,0.025136521767360146,0.026940597590338476,0.024251074279551053,0.018616872693893567,0.014491037156387046,0.013918092265775554,0.02502877097587737,0.018452078248227165,0.016765898150015283,0.01795955407215262,0.02047929225102223,0.025556747566721456,0.019095720540114536,0.023465281857105596,0.023956293298902486,0.022227486281281492,0.02026717889056789,0.019854214684277345,0.01989063370200773,0.030701550266290848,0.023866193498303934,0.021782834346195604,0.01833563973462715,0.01786472756006886
133,158.06997940513884,29.06268120520206,0.021539704503099045,167.792465104256,180.7389623219202,115.13728129463685,125.1519592460745,146.115327962115,155.34949297757097,180.0358038066558,158.83358621431753,168.84363585252686,139.5992259225338,213.69760711438173,171.13961894017345,157.17288898849964,155.7713716375516,130.52242095542098,185.63785339852328,130.26562706375051,171.02711261273015,167.64514280647452,168.35021842838503,114.5267323747512,99.56837070791808,179.2476405248987,134.76204856184552,131.33027692170424,233.70326373556688,160.3849493631043,132.01648426988726,187.3424876723795,180.3895253736117,0.018655438649933107,0.012644581693296698,0.02176134604333469,0.02172658517905176,0.020721868364010826,0.017445928150577085,0.03047285893096941,0.018921717768862464,0.02057727012087315,0.01867532063830329,0.020899201435634524,0.020517155311023008,0.022002083936556494,0.022559132530743525,0.01497615612574819,0.023267713263630738,0.02855879371718746,0.023956196002260993,0.018070977835306354,0.02440529670087641,0.023301105981705025,0.026304837012924524,0.021201441825133963,0.02256027547712102,0.021671939595935597,0.025427024988591822,0.03062894351724159,0.024362530222502253,0.01667204944188082,0.0132453646317545
134,155.2207838339691,28.943981109544207,0.020587311252341315,167.792465104256,180.7389623219202,115.13728129463685,118.03991511681096,146.115327962115,140.63107327473026,180.0358038066558,148.87830253814232,168.84363585252686,139.5992259225338,195.33742936570258,169.03751341377858,157.17288898849964,155.7713716375516,112.61836712562108,185.63785339852328,127.45298326186051,171.02711261273015,167.64514280647452,168.35021842838503,114.5267323747512,99.56837070791808,179.2476405248987,134.76204856184552,131.33027692170424,233.70326373556688,160.3849493631043,132.01648426988726,174.99036773894022,180.23050658700126,0.025416430693442373,0.013305194005146674,0.015940115745769066,0.020722327112999664,0.022678715318363518,0.016384001223000343,0.021611770757593095,0.021377576045930553,0.020902003172991162,0.023303297208909148,0.022296104776469115,0.01626106727499502,0.01899152987489814,0.01706364248031598,0.0201708634244212,0.019510603726013848,0.02350184444482984,0.02530380692909564,0.02773393490285777,0.02159174916480094,0.02270718415018457,0.03003147156718436,0.01358203178841379,0.022393761972886388,0.02124457911301141,0.022537033287079206,0.026108805205868307,0.016496082181735674,0.02023415316982379,0.008217656851208939
135,154.1623101549674,28.714599651688353,0.020521205123109818,167.792465104256,180.7389623219202,115.13728129463685,118.03991511681096,141.42928523033632,140.63107327473026,180.0358038066558,148.87830253814232,158.79176369219255,137.8864935595424,195.33742936570258,169.03751341377858,157.17288898849964,155.7713716375516,112.61836712562108,177.97568065847082,127.45298326186051,171.02711261273015,167.64514280647452,164.04831909908444,114.5267323747512,99.56837070791808,179.2476405248987,131.42255751625174,131.33027692170424,233.70326373556688,160.3849493631043,132.01648426988726,174.99036773894022,180.23050658700126,0.023580275870250165,0.02191694548053054,0.01987092983937537,0.015218353120541725,0.017101948558729724,0.015306256876275872,0.02449040385592122,0.02439994591005577,0.018697715008753075,0.018620987398485726,0.022719646833029412,0.013575411221417102,0.015078762925468036,0.019947831269576444,0.02161203637898832,0.02748373693150154,0.01891098922409732,0.018532258670396397,0.024672062045444483,0.020896329046212914,0.02259282664718049,0.025975386238049215,0.017803298183058317,0.024951634848245197,0.02369617328201242,0.013467393479395337,0.028713629784067496,0.015477870552095804,0.0205954418231518,0.01972967239098727
136,151.29056116351282,24.4141083779503,0.01995771972413463,165.70191328359834,180.7389623219202,115.13728129463685,118.03991511681096,141.42928523033632,140.63107327473026,180.0358038066558,148.87830253814232,158.79176369219255,137.8864935595424,190.2717518033443,169.03751341377858,157.17288898849964,155.7713716375516,112.34026786389687,177.97568065847082,127.06334544908968,171.02711261273015,167.64514280647452,164.04831909908444,114.5267323747512,99.56837070791808,179.2476405248987,131.42255751625174,131.33027692170424,179.0459634574676,148.94113331891612,132.01648426988726,174.99036773894022,168.00311962316283,0.01966923030397671,0.021667093908601803,0.01701988335243215,0.020676002596293826,0.010827746493720303,0.026022095661172612,0.016843281135830838,0.02369686732996979,0.023339226373656523,0.018415182626742417,0.020687913824441833,0.010843957474333863,0.014229727586307354,0.02344441268331387,0.02273181989833791,0.021879398626818612,0.015546589728896623,0.023181747337394903,0.026660704187426033,0.02061385195504282,0.01915566103019173,0.02609166143221087,0.013677688219216782,0.02499399507109748,0.01802619450862784,0.01756189191075959,0.02364452668881818,0.019301740228162553,0.021715168578392962,0.016566330971849993
137,149.00416003885888,25.34441948353206,0.01970772280435336,153.7548140871609,176.78522370115374,115.13728129463685,118.03991511681096,141.42928523033632,138.89168279338963,180.0358038066558,148.87830253814232,158.79176369219255,137.8864935595424,190.2717518033443,169.03751341377858,157.17288898849964,155.7713716375516,106.52697042959169,177.97568065847082,109.8104422694483,171.02711261273015,163.41821606850365,147.49272511087142,107.42364827380803,99.56837070791808,179.2476405248987,131.42255751625174,131.33027692170424,179.0459634574676,148.94113331891612,132.01648426988726,174.99036773894022,168.00311962316283,0.01842971368782624,0.014353810138671114,0.01560604065675467,0.018665913250283824,0.01095688777641239,0.019064938617095493,0.00915359647579814,0.020588621776787323,0.019855832441411474,0.01795216966462796,0.019972434759484715,0.020214093148042213,0.012246884469976526,0.01699657466379215,0.029138117945006294,0.03626370017269158,0.01995083069898694,0.01973102450027657,0.024534737823720572,0.01319812228159867,0.029145521270575618,0.022111312591322492,0.01659975095878305,0.021915865540541132,0.020077176949465706,0.016428270630395043,0.024716641866230026,0.023911825474263303,0.01988194529809406,0.019569328601685476
138,147.88668955122043,25.206148276962512,0.020348986706005198,153.7548140871609,176.78522370115374,115.13728129463685,118.03991511681096,141.42928523033632,137.58521889595468,180.0358038066558,148.87830253814232,158.79176369219255,137.8864935595424,190.2717518033443,169.03751341377858,143.21399993954293,155.7713716375516,106.52697042959169,177.97568065847082,109.8104422694483,171.02711261273015,163.41821606850365,144.5163570083282,107.42364827380803,99.56837070791808,179.2476405248987,131.42255751625174,128.01644971899867,179.0459634574676,144.47513702120796,132.01648426988726,167.48779765913503,168.00311962316283,0.019799561223278368,0.0184051931966142,0.018980333724805037,0.022945278608906137,0.01460118542743875,0.02042042352597846,0.014380103866170304,0.017442483631705637,0.020252051708313477,0.019058962789585493,0.021107816435183464,0.017484610100566244,0.01652594916626806,0.01763928928835202,0.020708276274039684,0.03463672627766783,0.021574261998378957,0.012216871666341184,0.029916359403056945,0.01989252547616177,0.029479987266582457,0.02260363086973785,0.016078270543006205,0.02553035507662311,0.018948029045691487,0.016936622510919347,0.024341238653548997,0.017721310871223334,0.024270876019946347,0.016571016534064814
139,145.17282142544633,23.988616920294596,0.019847860989751154,153.7548140871609,163.70701682065348,106.01254788331424,118.03991511681096,141.42928523033632,137.58521889595468,165.22244675768417,140.76652082677404,158.79176369219255,130.5072725864952,189.04553021269322,169.03751341377858,143.21399993954293,155.7713716375516,106.52697042959169,177.97568065847082,109.8104422694483,157.41920947676982,163.41821606850365,144.5163570083282,107.42364827380803,99.56837070791808,175.68416770932538,129.97429637058602,128.01644971899867,169.9830783973055,144.47513702120796,132.01648426988726,167.48779765913503,168.00311962316283,0.024686401905203225,0.01634482413959589,0.016635125607722914,0.011644583915049776,0.016620852558143676,0.022187896736682637,0.01759328830487137,0.018259638411435606,0.02222887076311124,0.020976837867568127,0.022955950291081953,0.01705545375511029,0.01698748821910475,0.02081084326028226,0.019872869235126565,0.027498124304193117,0.024622965426355555,0.013359653195474979,0.031851112518925806,0.01639271317930287,0.025434519496291937,0.01984421257696275,0.017087208590208416,0.029186777516744353,0.015103841959058166,0.017197890282668868,0.014920187482398713,0.023871225842291493,0.0171043656017379,0.017100106749829442
140,143.2322664812263,24.32977094055427,0.02002421332057319,153.7548140871609,163.70701682065348,106.01254788331424,118.03991511681096,129.86069625318515,137.58521889595468,165.22244675768417,140.76652082677404,158.79176369219255,130.5072725864952,189.04553021269322,169.03751341377858,143.21399993954293,155.7713716375516,106.52697042959169,155.8149768556556,109.8104422694483,157.41920947676982,163.41821606850365,144.5163570083282,98.81071864915347,99.56837070791808,175.68416770932538,129.97429637058602,118.46137841423709,169.9830783973055,144.47513702120796,125.69712965266908,167.48779765913503,168.00311962316283,0.0251934708128666,0.015092370896284039,0.020707949923462893,0.019515422863382995,0.010821536904878467,0.01859066717919073,0.012837286938426206,0.02162958148693836,0.016491368563440165,0.024682763788657268,0.027797614345118998,0.01628723726237407,0.01940654126927518,0.017270943088706414,0.02108610435080103,0.027441400441989863,0.027415389620926822,0.015621073639290044,0.028745409501664602,0.025718545171870454,0.023848874820660663,0.01776554145006723,0.016601528307388407,0.02762408091026002,0.012519950288789463,0.01773058511635312,0.019121948349840504,0.021590564707804023,0.019280493804352157,0.012290153812134778
141,142.9227842452917,24.23049789728944,0.02115190850627642,153.7548140871609,163.70701682065348,106.01254788331424,118.03991511681096,129.86069625318515,137.58521889595468,161.00696348806866,140.76652082677404,158.79176369219255,130.5072725864952,189.04553021269322,169.03751341377858,138.14501613112031,155.7713716375516,106.52697042959169,155.8149768556556,109.8104422694483,157.41920947676982,163.41821606850365,144.5163570083282,98.81071864915347,99.56837070791808,175.68416770932538,129.97429637058602,118.46137841423709,169.9830783973055,144.47513702120796,125.69712965266908,167.48779765913503,168.00311962316283,0.016298619689303934,0.015574989092939973,0.01863856939886632,0.027217941036357007,0.012518584809721373,0.016079138890566655,0.015072726524869882,0.02539174697339836,0.025418883771964346,0.027462732840868864,0.02928356106229462,0.014925323883004955,0.01792591978819897,0.02134456156809438,0.023058432245405013,0.02373123731657233,0.027772147748973765,0.02079916320425091,0.026748408573546177,0.022705567205449282,0.023074166820881044,0.017777750334191107,0.0225657945239187,0.025330077580640833,0.01323752773692824,0.01822795498900315,0.02632630537488634,0.0219170509490983,0.018569980361590598,0.019562390892507067
142,142.3290734039052,24.116576327425335,0.021581540337931873,153.7548140871609,163.70701682065348,106.01254788331424,118.03991511681096,128.5062142728949,137.58521889595468,161.00696348806866,140.76652082677404,158.79176369219255,130.5072725864952,189.04553021269322,169.03751341377858,138.14501613112031,140.49036530956946,106.52697042959169,155.8149768556556,109.8104422694483,156.24337254344692,163.41821606850365,144.5163570083282,98.81071864915347,99.56837070791808,175.68416770932538,129.97429637058602,118.46137841423709,169.9830783973055,144.47513702120796,125.69712965266908,167.48779765913503,168.00311962316283,0.015354977330337397,0.014223372038799826,0.019037976176879686,0.023214227369933824,0.012204410467052434,0.024356622032997134,0.019365770947142348,0.018852934486655874,0.02655182801276565,0.02802825891954087,0.025770874147060377,0.017799904804390008,0.017465500043757534,0.02007162004851766,0.02347877663730202,0.028859671517039644,0.030796371970000937,0.028376433245375438,0.02178492304895357,0.020685894687441093,0.026596954582732736,0.01983697214443655,0.021624538944527812,0.024994756202065226,0.014447739550950701,0.02392479672528311,0.027907132251309426,0.01613751915172409,0.01797336529227441,0.017722087360708655
143,141.07319002302253,24.137930310338728,0.021107630255102393,153.7548140871609,163.70701682065348,106.01254788331424,118.03991511681096,128.07167137840352,137.58521889595468,161.00696348806866,140.76652082677404,158.79176369219255,121.1473566833984,189.04553021269322,165.1996705618881,138.14501613112031,140.49036530956946,106.52697042959169,155.8149768556556,109.8104422694483,155.75747242774264,160.646192016282,144.5163570083282,98.81071864915347,98.13029247907993,175.68416770932538,127.61075568245572,118.46137841423709,169.9830783973055,144.47513702120796,118.54481396255943,167.48779765913503,158.17077862116562,0.012738053753105433,0.01661889692647091,0.02395548281972279,0.027417095061545826,0.013127447290480303,0.022877140291545667,0.024468674300167324,0.01783651686393604,0.023277954337910613,0.02280823716251739,0.02519452896096258,0.015556103638056958,0.022585912622052274,0.02193379722546369,0.01904347215342809,0.023795755867699747,0.02444123528251932,0.02467821193387655,0.028269218085667926,0.02046301419822605,0.020717844057050305,0.022725397149522725,0.01995477377681922,0.022626310664320203,0.0148849863977054,0.015661450011706726,0.030342541758460337,0.014359855446715046,0.02523103688114389,0.015637962734272627
144,139.57480751825022,23.6234694693006,0.021147955361124942,150.86356974831511,163.70701682065348,106.01254788331424,118.03991511681096,128.07167137840352,137.58521889595468,161.00696348806866,140.76652082677404,158.79176369219255,121.1473566833984,189.04553021269322,157.5083737093051,125.87316484425673,140.49036530956946,106.52697042959169,155.8149768556556,109.8104422694483,155.75747242774264,149.51276796041972,141.04102071565356,98.81071864915347,97.85604800237577,171.13657319765912,124.94427235448644,118.46137841423709,169.9830783973055,144.47513702120796,118.54481396255943,167.48779765913503,158.17077862116562,0.017340773044307617,0.018951443686076624,0.02347751377730499,0.022012399152562482,0.012148083257882261,0.020673093816958782,0.025448669899248107,0.019097887218726132,0.015882752843336678,0.02013541205759499,0.025089072483794404,0.015400475724728146,0.02149187855703307,0.01772526815159196,0.02298445643921694,0.028468425645900713,0.025837170597649506,0.0241189860775178,0.01931235462266589,0.020208060884157414,0.019568735172961566,0.020197263975689647,0.018485156882245245,0.02052881652839064,0.013995152333791241,0.022912876728661245,0.030478568129076476,0.02069152698685139,0.030206791281433804,0.02156959487639263
145,137.69957230623328,23.656740074294873,0.021249528860670056,150.86356974831511,163.70701682065348,106.01254788331424,118.03991511681096,128.07167137840352,137.5193209469822,161.00696348806866,140.76652082677404,146.7791639110845,121.1473566833984,189.04553021269322,157.5083737093051,125.87316484425673,139.10623895987396,106.52697042959169,155.8149768556556,109.8104422694483,155.75747242774264,149.51276796041972,141.04102071565356,98.81071864915347,92.3286020241997,171.13657319765912,124.94427235448644,118.46137841423709,169.9830783973055,143.9519170989879,118.54481396255943,167.48779765913503,121.42701224082764,0.025077307272947637,0.017281965329779884,0.02305461746408121,0.027625214586071013,0.017705274706287546,0.03156693944483839,0.022489888355221706,0.015245098450223902,0.01138981369149719,0.012055572574789411,0.02019801525286507,0.017906412355911026,0.019887713015477718,0.018914566300404605,0.019139914338075728,0.0246236679445618,0.027092755980705117,0.025523241751644502,0.02249553218543028,0.021630555641942384,0.020841885363326658,0.02442793790880388,0.01552277306243528,0.02457501588887917,0.00970012857294437,0.022255284346363514,0.028975072267766754,0.01650471456034873,0.03564909077357474,0.01812989643290273
146,136.44365991126844,23.0073398479652,0.0216215194763838,150.86356974831511,150.6933558819783,106.01254788331424,118.03991511681096,128.07167137840352,137.5193209469822,161.00696348806866,133.90101178571572,146.7791639110845,121.1473566833984,188.44133801436476,154.40015236209658,125.87316484425673,132.3254939134544,106.52697042959169,155.8149768556556,109.8104422694483,148.88449314425614,149.0807039666517,141.04102071565356,98.81071864915347,92.3286020241997,171.13657319765912,124.94427235448644,118.46137841423709,169.9830783973055,143.9519170989879,118.54481396255943,167.48779765913503,121.42701224082764,0.0254685096977528,0.015949819752660705,0.02000644171722174,0.020268260454881337,0.01847269313680405,0.02176785842064021,0.02178730267596473,0.009290814204252701,0.02037497553371949,0.018313118407858934,0.022522594796850072,0.014694026941160015,0.019152629284730112,0.01934820290268363,0.017109879507822192,0.018516715446902123,0.02834533199912318,0.030486087048917736,0.03069260744776043,0.022440020089554542,0.02759890449250697,0.023732047055173226,0.017732172805479663,0.022286501110807568,0.018603295232850394,0.020031970464516928,0.020320178107501922,0.02138778278336497,0.03676372247118963,0.025181120300861948
147,136.14033950194684,22.79206794088601,0.021433779054677714,150.86356974831511,150.6933558819783,106.01254788331424,118.03991511681096,128.07167137840352,137.5193209469822,161.00696348806866,133.90101178571572,146.7791639110845,121.1473566833984,182.86018037033108,154.40015236209658,125.87316484425673,132.3254939134544,106.52697042959169,155.8149768556556,109.8104422694483,148.88449314425614,149.0807039666517,141.04102071565356,98.23708349028831,90.27873509420326,171.13657319765912,124.94427235448644,118.46137841423709,169.9830783973055,143.9519170989879,118.54481396255943,167.48779765913503,120.53205969407561,0.0256960266943268,0.009075135448558012,0.01837789633911708,0.02541156730190961,0.015540386944634743,0.023599611156556483,0.020057382499319168,0.012043748702808148,0.016450747386359727,0.02353279059014992,0.021999960917773467,0.01796938872686746,0.01666667332428855,0.02420490818582391,0.02229674934756249,0.02496332657556416,0.029253778580727127,0.024736383099401876,0.028523086548506514,0.01752290757990057,0.03259565717203954,0.02336190042791655,0.012068045426664476,0.02340705348581882,0.013661146169131343,0.018061092587285867,0.025665279402799286,0.024749744287777556,0.03031194215352149,0.02120905457722079
148,134.89450092928865,22.539296942641794,0.021112589467767832,150.86356974831511,140.05207189057595,106.01254788331424,114.10861271811524,128.07167137840352,137.5193209469822,161.00696348806866,133.90101178571572,146.7791639110845,121.1473566833984,170.6085008383945,154.40015236209658,125.87316484425673,132.3254939134544,95.97607917188051,155.8149768556556,109.8104422694483,148.88449314425614,149.0807039666517,141.04102071565356,98.23708349028831,90.27873509420326,171.13657319765912,124.94427235448644,118.46137841423709,169.9830783973055,143.9519170989879,118.54481396255943,167.48779765913503,120.53205969407561,0.024991695635606756,0.011230375359687253,0.022813005380070077,0.01892125773583564,0.020360604603320905,0.027563682355462082,0.02265381524802203,0.011035957131595771,0.01848142558228123,0.02520484920394317,0.024029774388346956,0.025686167474893905,0.01980630308238468,0.018642598495209252,0.019398960572678557,0.021719334334208123,0.021612644050736825,0.02163785870544747,0.03330340555709309,0.018471890720884433,0.030592279600090224,0.022368472812294406,0.013871653252675607,0.023924095476885364,0.011357399483676013,0.017283321339646107,0.02202339759356197,0.02458602168748209,0.027420532398801614,0.01238490477021341
149,133.4441959856645,21.424421689960482,0.020905394098808053,150.86356974831511,140.05207189057595,106.01254788331424,114.10861271811524,128.07167137840352,137.5193209469822,161.00696348806866,133.90101178571572,146.7791639110845,121.1473566833984,168.2022887849301,154.40015236209658,125.87316484425673,128.36205528509913,95.97607917188051,155.8149768556556,109.69764027622163,143.323435695434,149.0807039666517,133.87501946501192,98.23708349028831,88.60537021740478,162.15131461842293,124.94427235448644,118.46137841423709,169.9830783973055,143.9519170989879,118.54481396255943,153.84678418095538,120.53205969407561,0.022136263957171647,0.013508755243144986,0.02211934526389948,0.018356809451120018,0.019594066260573015,0.02427885079899084,0.015735185479494707,0.01219195026480173,0.020176611072533747,0.021406860596890228,0.018849941625433523,0.02503255670448614,0.02355408281900936,0.01872589209654403,0.024144346716390142,0.030085234815046113,0.02138096407873464,0.02014897744011785,0.030743538451940656,0.015231552294386306,0.029555211970125776,0.01795589711235558,0.013294709216226778,0.030103163151205273,0.014702985157781854,0.016081803076725232,0.023098651407397218,0.016257574960146067,0.030917293345356756,0.01779274813621185
150,132.19088074342494,21.665947590687484,0.021665981718978388,150.86356974831511,140.05207189057595,106.01254788331424,114.10861271811524,123.95324275170131,137.5193209469822,161.00696348806866,133.90101178571572,146.7791639110845,115.00657529561597,168.2022887849301,154.40015236209658,125.87316484425673,128.36205528509913,95.97607917188051,145.4061191775352,99.13687650043418,140.79812478873515,145.30066664286326,133.87501946501192,98.23708349028831,88.60537021740478,162.15131461842293,124.87899478617992,118.46137841423709,169.9830783973055,143.9519170989879,118.54481396255943,153.84678418095538,120.53205969407561,0.02572508403758912,0.0231022230004376,0.018081369767800566,0.02226201110558338,0.011093753907269773,0.029906477660129615,0.019969301648439703,0.01709021698394905,0.01921291150864449,0.01738913034190678,0.01723009940444209,0.018388511831446807,0.01927690003877419,0.020568838247591165,0.025270395991817247,0.029517321559487497,0.024189781571549315,0.020409317942358535,0.025797570883676894,0.02329888775066436,0.029856325667358907,0.01924510158740079,0.01114239179689765,0.023509020224428,0.013636887256022287,0.022637483880026142,0.02476547900042224,0.02239906709735266,0.034933593988695805,0.020073995887189063
151,129.8857575180725,22.055734088830636,0.021611999464885852,150.86356974831511,140.05207189057595,106.01254788331424,114.10861271811524,123.95324275170131,137.5193209469822,161.00696348806866,133.90101178571572,137.35880342356106,115.00657529561597,168.2022887849301,154.40015236209658,119.95597998283606,128.36205528509913,95.97607917188051,123.43457438713054,86.8269816707529,140.79812478873515,127.60618542887313,133.87501946501192,98.23708349028831,88.60537021740478,162.15131461842293,123.06112679606849,118.43901582679527,169.9830783973055,143.9519170989879,118.54481396255943,153.84678418095538,120.53205969407561,0.023939293393582292,0.01596998509875444,0.017701535842409147,0.029800618539287234,0.018210278615896837,0.02691952089738199,0.018364905682226474,0.016803008755032392,0.018326952468436047,0.02141601292036476,0.02060453231398722,0.018186698066024343,0.023233469567915575,0.016560017509751612,0.023191610088820508,0.024680238670221975,0.02315817876399063,0.019123109896316152,0.020631553682812574,0.025781718469432606,0.019600702488468673,0.027446455643406312,0.01865550731879565,0.021261064259714888,0.014634187220819696,0.023232590126023623,0.027018259514336562,0.024065563417958884,0.03592928040807113,0.01391313430633561
152,128.01415642086232,22.287454525045323,0.021228104919421682,150.86356974831511,140.05207189057595,97.57728308219802,107.53227596784582,123.95324275170131,137.5193209469822,161.00696348806866,133.90101178571572,137.35880342356106,115.00657529561597,151.6506472180315,154.40015236209658,113.35839207228798,128.36205528509913,95.97607917188051,123.43457438713054,86.8269816707529,140.79812478873515,127.60618542887313,133.87501946501192,97.2584700946406,88.60537021740478,162.15131461842293,112.92891284774711,111.56264128329136,169.9830783973055,143.9519170989879,118.54481396255943,153.84678418095538,120.53205969407561,0.023590594148207626,0.023833984281630895,0.01578167838501605,0.021607935440664864,0.02150764016103139,0.026332367201856693,0.015027680781691491,0.018775664933854134,0.020599819548245864,0.017922880526134662,0.02002004873938218,0.014017794697256841,0.026869536552028145,0.01533628390598719,0.02448813660682436,0.03202907721258084,0.017739168368654582,0.021651608643756023,0.01980509301110245,0.024631963037374697,0.027601568264987282,0.02093006064967026,0.015935666303239227,0.02251703688587052,0.011132000811498602,0.0191470878936274,0.03009623452840605,0.018665191887566292,0.0310914287967575,0.01815791537774637
153,127.12620570012125,21.398243221753827,0.020594489679702867,150.86356974831511,140.05207189057595,97.57728308219802,107.53227596784582,123.95324275170131,137.50995156820397,161.00696348806866,133.90101178571572,137.35880342356106,115.00657529561597,151.6506472180315,154.40015236209658,113.35839207228798,128.36205528509913,95.97607917188051,123.43457438713054,86.8269816707529,140.79812478873515,127.60618542887313,133.87501946501192,97.2584700946406,88.60537021740478,140.95421547517938,112.92891284774711,111.56264128329136,169.9830783973055,138.5198639987772,118.54481396255943,153.84678418095538,120.53205969407561,0.018201842735773383,0.020389804116850516,0.021725391564534617,0.021301822989194214,0.02256665270866162,0.02743489063824406,0.020523029084409602,0.013124197020056034,0.014075489041585414,0.020524557735803528,0.02142186813542653,0.01177833792379625,0.01996616154886239,0.009243911815289857,0.020176945547783452,0.029944587399549395,0.019521113358900926,0.022541086981058982,0.017660622265005897,0.026586127426397013,0.03296375104172879,0.025572443023887077,0.012368391877252402,0.02317630654642411,0.014268231850379533,0.019953046461637765,0.020074477259272056,0.01949583700788756,0.03109582473566111,0.02015794054977192
154,125.9097842953474,21.644129311002672,0.021402120986082403,150.86356974831511,140.05207189057595,97.57728308219802,107.53227596784582,123.95324275170131,118.80024950383488,161.00696348806866,133.90101178571572,137.35880342356106,101.00748210821426,151.6506472180315,154.40015236209658,113.35839207228798,128.36205528509913,94.75068962204816,123.43457438713054,86.8269816707529,140.79812478873515,127.60618542887313,133.87501946501192,97.2584700946406,88.60537021740478,140.95421547517938,112.92891284774711,111.56264128329136,167.42462105569328,138.5198639987772,118.54481396255943,153.84678418095538,120.53205969407561,0.02261394151561586,0.013379698612402667,0.024810480160529797,0.02409453148952829,0.02463581877036817,0.02817830389587391,0.01604925123647183,0.018877738744851123,0.014961637849257864,0.019107847928536606,0.0215639004415161,0.015018662897526456,0.021871999040029955,0.012148052109564135,0.01714173775284424,0.03197858333043454,0.023375541443981577,0.02491487579618093,0.022785462338627972,0.022755317434497213,0.031736949499204734,0.022843649579514874,0.010800672584392778,0.023979321723794737,0.023854773416609784,0.01673643888425977,0.024336692027855468,0.02013067605112742,0.03011891511985855,0.017262157907214696
155,124.44730428864541,22.02094502964966,0.022597949018175485,148.35180762519988,140.05207189057595,85.11418964596338,107.53227596784582,122.41549072373712,118.80024950383488,161.00696348806866,132.2678207663738,126.32992620803154,101.00748210821426,151.6506472180315,154.40015236209658,113.35839207228798,128.36205528509913,94.75068962204816,120.22860006339695,86.8269816707529,133.98429248672164,127.60618542887313,133.87501946501192,97.2584700946406,88.60537021740478,140.95421547517938,112.63961296526017,111.56264128329136,167.42462105569328,138.5198639987772,114.15419609191989,153.84678418095538,120.53205969407561,0.021014857325772216,0.02344780595953981,0.022689966745028954,0.026254741211578746,0.020689212309486504,0.026017469743011785,0.021478942968534438,0.016985775920774743,0.02008994351888333,0.02050774693544574,0.023631510178308644,0.019751724232715366,0.020506544451873117,0.022716926492721806,0.019779955891785522,0.029715603720684637,0.026093932394074794,0.03084942096571242,0.02497982847679408,0.02547051775776709,0.028041629051835118,0.0191677444608807,0.013885385110261097,0.023654293417525857,0.02224591804517235,0.024985444489355385,0.0216968593261757,0.021402364576320342,0.022778945526327175,0.017407459340917066
156,124.16674474795364,21.883069963934364,0.021412255344225917,148.35180762519988,140.05207189057595,85.11418964596338,107.53227596784582,122.41549072373712,118.80024950383488,161.00696348806866,132.2678207663738,126.32992620803154,101.00748210821426,151.6506472180315,153.0479585830565,113.35839207228798,128.36205528509913,94.75068962204816,120.22860006339695,86.8269816707529,131.9951932597424,124.3282522151494,133.87501946501192,97.2584700946406,88.60537021740478,139.15665547416987,112.63961296526017,111.56264128329136,167.42462105569328,138.5198639987772,114.15419609191989,153.84678418095538,120.53205969407561,0.02323819821411624,0.014055876516689167,0.025836013445415938,0.02090118061407279,0.01551064598120086,0.029474147471192664,0.01778401375660222,0.013290712513698056,0.022069149074581913,0.024516482431205834,0.030255592479871883,0.010249448606495567,0.014580310047815464,0.018569057201949256,0.016929334015442176,0.034862272723141505,0.029534707938696524,0.026994240241504614,0.015195621156746497,0.019064012125662767,0.027223087892465345,0.016481049102057686,0.019100728775179154,0.025145565378583354,0.014566289331684636,0.023655091735957624,0.02865165327907747,0.01678002781631251,0.026532931541762565,0.02132021891759516
157,122.54886940580599,22.138946758610068,0.019775442761037567,143.5321057021578,140.05207189057595,85.11418964596338,106.87033128638582,122.41549072373712,111.4394442851125,161.00696348806866,132.2678207663738,126.32992620803154,101.00748210821426,151.6506472180315,153.0479585830565,113.35839207228798,128.36205528509913,94.75068962204816,116.9923600188967,86.8269816707529,131.9951932597424,124.3282522151494,105.58054684857828,94.57188545329988,88.60537021740478,139.15665547416987,112.63961296526017,111.56264128329136,167.42462105569328,138.5198639987772,112.67768495298861,153.84678418095538,120.53205969407561,0.018489330207892035,0.009707022994034342,0.02347949291079819,0.015238536256724241,0.02071268947506375,0.024322339317211013,0.018204968156590107,0.01969205784226339,0.01308228600305027,0.020408845184567072,0.030225466321256344,0.010535243881598842,0.01655260576403348,0.01488220758626707,0.017171049941132503,0.03176751259956079,0.026699608953313733,0.021601272621071473,0.02269497373898855,0.013757746379865647,0.028250081443773712,0.015076123549574974,0.015259623024959871,0.03181388523817036,0.017349261570360295,0.01870454468675772,0.02077679945077754,0.01647675136702621,0.024638836924136962,0.015692119440306587
158,120.11445303367556,21.342060639694836,0.02023001534913486,143.5321057021578,140.05207189057595,85.11418964596338,106.87033128638582,122.41549072373712,111.4394442851125,161.00696348806866,132.2678207663738,126.32992620803154,87.95301085789863,151.6506472180315,153.0479585830565,107.92769397328867,128.36205528509913,85.75931106845161,116.9923600188967,86.8269816707529,125.14076649336441,124.3282522151494,105.58054684857828,94.57188545329988,88.56358151487302,139.15665547416987,112.63961296526017,111.56264128329136,147.20633448342522,137.1358376791044,112.67768495298861,136.78936928080486,120.53205969407561,0.020407872415033813,0.01315923022429722,0.02254541987655058,0.01714850327595113,0.020866720802338368,0.023124455619040835,0.018773255279562223,0.013533912521143929,0.019989419279744673,0.026075129484713657,0.029236468274591747,0.014646531051181532,0.017959066163802148,0.016342154117406426,0.015322580249330055,0.027069409940448416,0.029511831978373176,0.023032787452824745,0.02470475538660563,0.014754258314003912,0.03156334111304823,0.015130887863810314,0.009383368639129305,0.025757295292941185,0.011869610557506958,0.02407554395922332,0.02283629210902994,0.021066856539122346,0.024428263194485954,0.012585239498804059
159,118.29982375481411,21.07583754214161,0.020635928261509933,143.5321057021578,140.05207189057595,85.11418964596338,106.87033128638582,122.41549072373712,111.4394442851125,161.00696348806866,132.2678207663738,111.17625998835796,87.95301085789863,150.1994481058999,153.0479585830565,107.92769397328867,120.33685741650804,85.58352193698589,116.9923600188967,86.8269816707529,125.14076649336441,124.3282522151494,105.58054684857828,94.57188545329988,88.56358151487302,129.4297678081241,110.62227941057276,111.56264128329136,147.20633448342522,130.38790361931558,101.5368141995298,136.78936928080486,120.53205969407561,0.019613054939399396,0.0197172029419632,0.024802071257390486,0.02053852770303552,0.02240011410050268,0.02406208205037196,0.020017625031298423,0.016442515180266525,0.013115010783000479,0.02530509412638031,0.022146800119322657,0.014885127163264067,0.018261951090861258,0.022439269539137687,0.01950426586976141,0.026875518234665358,0.027152993118767073,0.027158932446950158,0.02392750669678332,0.009848718694947233,0.02726999935415223,0.020134418390621495,0.012706464373311892,0.024244972699239586,0.013645532692879912,0.018774364162336313,0.01612106801759125,0.027607950217684116,0.023545389853342646,0.01681330699606906
160,117.48332188672188,20.70467666436103,0.020496902217867378,133.9931919444399,140.05207189057595,85.11418964596338,106.87033128638582,122.41549072373712,111.4394442851125,161.00696348806866,132.2678207663738,107.04871916299469,87.95301085789863,150.1994481058999,150.24728613111068,107.92769397328867,120.33685741650804,85.58352193698589,114.0797658378956,86.8269816707529,121.57768022113746,124.3282522151494,105.58054684857828,93.01963689878701,88.56358151487302,129.4297678081241,110.62227941057276,111.56264128329136,147.20633448342522,130.38790361931558,101.5368141995298,136.78936928080486,120.53205969407561,0.02243034336889605,0.015463347876627322,0.020141502647898768,0.02589855824091054,0.022411716382199458,0.029423799856362634,0.013411274122139966,0.017333910146641922,0.016375206399813304,0.027255487038647996,0.026760032313127086,0.01998326576967944,0.017185894616054048,0.019790519683049866,0.007607407977060739,0.029271998115021576,0.021826786895871343,0.02515839223107494,0.02419550201784349,0.019576645815802863,0.026047310773337974,0.01917410564869535,0.017919155983809176,0.02162847696033644,0.01104402075226295,0.023892670744287733,0.01837367393387079,0.024084480929638385,0.020671070768836113,0.010570508526223092
161,116.80300401426646,20.522174701418088,0.02092944079017915,133.9931919444399,140.05207189057595,82.60532601172893,106.87033128638582,122.41549072373712,111.4394442851125,158.17159148763707,132.2678207663738,107.04871916299469,87.95301085789863,150.1994481058999,145.04593363686897,107.92769397328867,120.33685741650804,83.15329224365887,114.0797658378956,86.8269816707529,121.57768022113746,124.3282522151494,105.58054684857828,93.01963689878701,88.56358151487302,129.4297678081241,106.21265489014962,111.56264128329136,147.20633448342522,127.36380978831099,101.5368141995298,136.78936928080486,120.53205969407561,0.014604235496595275,0.01362685169164881,0.0224811962299603,0.022083812805852726,0.020401191328495598,0.02093045121581928,0.01859820868468915,0.016171780585824237,0.016963440799588538,0.023180700982274163,0.024483778792831326,0.02386605882537192,0.01900072217095945,0.021998003375262195,0.0065526497960895005,0.02702767132488399,0.020616797037747762,0.025839779317384824,0.018752280899261304,0.02030220749586414,0.025738975067358894,0.018997467881544973,0.022884912305285957,0.02450937853983444,0.02006826960691392,0.01663958972459484,0.030038037880841695,0.024840066375588332,0.020155652438150665,0.026529055028856188
162,115.61334308599554,20.275789931481295,0.02279854116538822,133.9931919444399,140.05207189057595,82.60532601172893,106.87033128638582,122.41549072373712,111.4394442851125,158.17159148763707,121.70708492736445,103.44290173358277,87.95301085789863,150.1994481058999,145.04593363686897,107.92769397328867,120.33685741650804,83.15329224365887,114.0797658378956,86.8269816707529,121.57768022113746,124.3282522151494,105.58054684857828,92.2906711468499,88.56358151487302,122.83796227511633,106.21265489014962,111.56264128329136,146.49286194470653,117.25606738955845,98.1555258422396,136.78936928080486,120.53205969407561,0.018158306975655583,0.01887328705971716,0.023068739923717038,0.023032979814431753,0.02141556635525004,0.031270905040473675,0.021973724393312754,0.012650671185238566,0.02172247502151746,0.0229317771109602,0.018034637372485444,0.021503160291025676,0.014704402519683744,0.023427621006677755,0.021992918188067142,0.03280495297288738,0.024455306400163294,0.0301259548903149,0.020456822539784696,0.026489774445301786,0.03209053257746294,0.021058127143925104,0.018541736848356975,0.01990258557866299,0.024813134282490424,0.020585347528510715,0.025924988958248924,0.02519649632394771,0.02068247045367763,0.02606683175969701
163,114.9681107194335,20.60335027021139,0.0229947567435312,133.9931919444399,140.05207189057595,82.60532601172893,106.87033128638582,122.41549072373712,111.4394442851125,158.17159148763707,121.70708492736445,97.35584798250859,87.53764257740777,150.1994481058999,145.04593363686897,107.92769397328867,120.33685741650804,83.15329224365887,101.40487048009055,86.8269816707529,121.57768022113746,124.3282522151494,105.58054684857828,92.2906711468499,88.56358151487302,122.83796227511633,106.21265489014962,111.56264128329136,146.49286194470653,117.25606738955845,97.97587223474835,136.78936928080486,120.53205969407561,0.023651091716935635,0.016583546358466913,0.01929901247119923,0.026124520031986474,0.018565294652887664,0.023859854897899935,0.01806619788678744,0.020040591494120776,0.014174524315459493,0.02654150346790243,0.017011386029553866,0.023109365894929366,0.018073364874413047,0.02172695254014755,0.021603611022564848,0.027891230356590344,0.02838708567737236,0.03189920657596875,0.02427084483210088,0.021909347575699182,0.025869805572158105,0.022074047418912626,0.023164584177321274,0.03095729650137779,0.022952986683279872,0.022857733098883014,0.025143795153205032,0.029515364364562993,0.01830893710891515,0.026209619554333874
164,113.71027355161155,20.876199998557674,0.02158008863418223,133.9931919444399,140.05207189057595,82.60532601172893,106.87033128638582,122.41549072373712,107.67271969261284,158.17159148763707,115.49903513891135,87.37225080291967,87.53764257740777,150.1994481058999,145.04593363686897,107.80679568480268,116.99893935782909,83.15329224365887,101.40487048009055,86.8269816707529,121.57768022113746,111.44318577415194,105.58054684857828,91.41614880426144,88.56358151487302,122.83796227511633,106.21265489014962,111.56264128329136,146.49286194470653,116.69772904619289,97.97587223474835,136.78936928080486,120.53205969407561,0.021842108877116947,0.019940118713335283,0.024004348485296367,0.025188855575721595,0.012365672104604595,0.025850487090528264,0.018250716170660607,0.016283730024202824,0.009797872554882596,0.018477490952496525,0.01844426724071587,0.018710924313528887,0.017054015556327864,0.023656612698384642,0.024178516650516874,0.029194489495563334,0.027986467474948942,0.027661134929153702,0.023686701349441654,0.022407140221295994,0.02221428210896778,0.023199318532226627,0.024334332122563845,0.02634221642172961,0.021315811810746255,0.016984691659085942,0.017349821237529935,0.023446002108825362,0.02205063956132084,0.025183872983747316
165,112.58115485866098,20.02238686228463,0.022869822764873468,133.5829733098293,140.05207189057595,82.60532601172893,106.87033128638582,122.41549072373712,107.67271969261284,158.17159148763707,115.49903513891135,87.37225080291967,87.53764257740777,150.1994481058999,119.75474162806755,107.80679568480268,116.99893935782909,83.15329224365887,101.40487048009055,86.8269816707529,121.57768022113746,111.44318577415194,105.58054684857828,91.41614880426144,88.56358151487302,122.83796227511633,106.21265489014962,111.56264128329136,146.49286194470653,116.35048788844442,97.97587223474835,136.78936928080486,112.7071507067189,0.02278645198457778,0.0244201652365667,0.01932300693076788,0.020837287235031116,0.011850444224679227,0.02443164499185741,0.019868777947770876,0.021079974303568418,0.015258018222834601,0.02062754151865448,0.014070536287724209,0.024978937385659514,0.020612297205743427,0.0234509637762167,0.021473542318834624,0.030027118285669323,0.03089213737316328,0.02860308489558076,0.020117716916212808,0.02853510753853424,0.030035396350755424,0.02030352461438249,0.021541059242362687,0.026483915675335645,0.02540648636928185,0.021853027640627833,0.018357834027868086,0.02759193322739084,0.02271063463710318,0.02856611658144875
166,111.13599512742707,19.654360558988152,0.022933566634358284,133.5829733098293,128.51118029270262,82.60532601172893,106.87033128638582,122.41549072373712,102.29957159831385,158.17159148763707,115.49903513891135,87.37225080291967,87.53764257740777,150.1994481058999,119.42847366191403,104.74295138418792,115.56553565607813,83.15329224365887,101.40487048009055,81.04906498261997,121.57768022113746,111.44318577415194,105.58054684857828,91.41614880426144,88.56358151487302,122.83796227511633,106.21265489014962,105.08793029674811,146.49286194470653,116.35048788844442,97.97587223474835,127.4247606791545,112.7071507067189,0.029399923911768558,0.024739461570298382,0.02514115906238805,0.028009307318434103,0.01341042604646079,0.026911290924482682,0.01912755183079108,0.020273707078464126,0.016036191088837966,0.014079753744098911,0.021258671641550448,0.01993740904703751,0.019338530109250726,0.02034821829631052,0.02422303619787225,0.0281942674663824,0.02623614589158018,0.022828558157447765,0.021337787489282445,0.020717833142097082,0.039244635910509675,0.023119795002828653,0.015152718950430358,0.027962550235714367,0.01972418825164062,0.02397495689666906,0.01946801164554366,0.026975585204838955,0.02260412833378951,0.028231198583947563
167,110.61176614123052,19.78090281408081,0.02219577804229352,133.5829733098293,128.51118029270262,82.60532601172893,106.60146262863258,122.41549072373712,102.29957159831385,158.17159148763707,115.49903513891135,87.37225080291967,87.53764257740777,150.1994481058999,119.42847366191403,102.87938527622511,115.56553565607813,83.15329224365887,101.40487048009055,81.04906498261997,121.57768022113746,111.44318577415194,105.58054684857828,91.41614880426144,88.56358151487302,122.83796227511633,105.04999075095562,105.08793029674811,146.49286194470653,116.35048788844442,97.97587223474835,127.4247606791545,100.27538002573307,0.018064957211767797,0.024716259864669177,0.017271265101816095,0.02506799301150962,0.019388687289810917,0.02427634461688296,0.018331817970208886,0.028161857378829463,0.011865148646471146,0.019123117899878625,0.022574735724563734,0.01595678759989972,0.019040617851639477,0.015104849085575541,0.022686430318469147,0.029189707267332433,0.02278908573477746,0.02511421770261315,0.029079786159881382,0.01949143456280515,0.03383453525165653,0.017786484477970876,0.02017610826466451,0.03240375626468284,0.03072710050218453,0.017791342536385348,0.020537826455766975,0.02022873520678458,0.020895982452457305,0.024196368856850337
168,108.55174121232898,18.530427195337694,0.022259076850826214,120.87709066671168,128.51118029270262,82.60532601172893,106.60146262863258,122.41549072373712,102.29957159831385,153.43007971253803,115.49903513891135,85.2762151138388,87.53764257740777,134.85346870762777,119.42847366191403,102.87938527622511,103.79981211482716,83.15329224365887,89.94008808760222,81.04906498261997,121.57768022113746,111.44318577415194,105.58054684857828,91.41614880426144,88.56358151487302,122.83796227511633,105.04999075095562,101.40709786901053,146.49286194470653,116.35048788844442,97.97587223474835,127.4247606791545,100.27538002573307,0.017033989960409175,0.018634386507542455,0.014937155438748422,0.023843890537402088,0.01764420694542077,0.025265936868266364,0.018839791906446295,0.03266056132779108,0.01635861694394597,0.017962977028336748,0.02027717486889695,0.019980928719135725,0.014950133217859195,0.019474556175054024,0.026329448271304297,0.03185206620050765,0.029092326974461506,0.026834634998520235,0.026743799541986368,0.026260775478659428,0.03158103875150876,0.01942104487913242,0.01631169594054085,0.028896866521269146,0.025314189998091534,0.015269088219783865,0.02286333553617559,0.026104101448179855,0.018987875020778883,0.0180457112986308
169,108.07531464656418,17.941090140767677,0.022998540932563045,120.87709066671168,128.51118029270262,82.60532601172893,106.60146262863258,122.41549072373712,102.29957159831385,153.43007971253803,115.49903513891135,85.2762151138388,87.53764257740777,134.85346870762777,118.1854633784592,102.87938527622511,103.79981211482716,82.54935181628325,89.94008808760222,81.04906498261997,121.57768022113746,111.44318577415194,105.58054684857828,91.41614880426144,87.01196982542719,122.83796227511633,105.04999075095562,101.40709786901053,135.59862737203844,116.35048788844442,97.97587223474835,127.4247606791545,100.27538002573307,0.014741126214130344,0.02201812090569914,0.024755730839875794,0.024321371149955126,0.022652474106485174,0.024923783824645978,0.02162520328548892,0.02976175937659762,0.02317740617315817,0.021982955582716866,0.023205671855247932,0.011811694985966199,0.018515159871450675,0.016121805017238776,0.01805513297877619,0.02995874809218474,0.03424001529869736,0.027428573871208974,0.022919883939894976,0.026004084659616025,0.03160753697273972,0.01957103931264124,0.026823156431759795,0.03019839301497474,0.02359348199277754,0.01762213682186524,0.017090365153178595,0.025663854478920903,0.02209036085275868,0.017475200916239855
170,107.47436680634397,18.089284445318892,0.022501880821733423,120.87709066671168,128.51118029270262,82.60532601172893,106.60146262863258,122.41549072373712,102.29957159831385,153.43007971253803,108.60861756139312,85.2762151138388,87.53764257740777,134.85346870762777,118.1854633784592,102.87938527622511,103.79981211482716,82.54935181628325,87.24468146126802,81.04906498261997,121.57768022113746,111.44318577415194,105.58054684857828,91.41614880426144,87.01196982542719,122.83796227511633,96.83147576134317,101.40709786901053,135.59862737203844,116.35048788844442,97.97587223474835,127.4247606791545,100.05128401259203,0.015184879035521468,0.019946250513172233,0.022836534822861174,0.014913076316573941,0.01977317728189587,0.032064659971974836,0.02021944798878072,0.031095879560966065,0.020324576042163565,0.015903780339558735,0.019195739470996318,0.017451137009709686,0.022031506641674352,0.02079327067819695,0.01920289467453733,0.029412130669369194,0.02826392099938166,0.02076087005415533,0.02641065503634993,0.025965010138375766,0.024183222733494512,0.02026494958567387,0.023523469705992135,0.03480235629609129,0.025450317662327106,0.008433726060703216,0.018310656286169652,0.030873423945246222,0.021687034369675444,0.02577787076041404
171,106.29019653284858,18.681634938537798,0.022347803608627405,120.87709066671168,128.51118029270262,82.60532601172893,106.60146262863258,122.41549072373712,96.58460703804487,153.43007971253803,108.60861756139312,85.2762151138388,87.53764257740777,133.69837397806415,118.1854633784592,102.87938527622511,103.79981211482716,82.54935181628325,87.24468146126802,81.04906498261997,121.57768022113746,111.44318577415194,95.15114884590912,86.74580430138693,87.01196982542719,122.83796227511633,92.08011714008774,101.40709786901053,135.59862737203844,116.35048788844442,90.35469175673713,127.4247606791545,98.8685167023731,0.012684028059754562,0.01211072917276016,0.026142940297968043,0.026389947016609093,0.020362679132312773,0.03160454186295563,0.025103746083752692,0.02117108034461386,0.01615191548420251,0.016935373143704142,0.021224005325969866,0.0210081186699565,0.02544164150164474,0.018287000044626994,0.01627531753721124,0.02473764357215907,0.025751055012650292,0.023581189699798503,0.02317377529292179,0.02130598825720338,0.026074007602508945,0.021700189406876364,0.023598249348233926,0.026558102342304078,0.02452249143877901,0.015404023819980335,0.023584364834451577,0.02774051722335559,0.02207759441959281,0.029731852309963672
172,104.40417325058768,18.19423716372492,0.022711340060755984,120.87709066671168,128.51118029270262,82.60532601172893,96.6674270296386,122.41549072373712,93.46228074846569,140.20904399991494,94.91186544153713,85.2762151138388,87.53764257740777,133.69837397806415,118.1854633784592,102.87938527622511,92.08916371922727,79.1987659191779,87.24468146126802,81.04906498261997,121.57768022113746,109.89787132008212,95.15114884590912,86.74580430138693,87.01196982542719,122.83796227511633,92.08011714008774,101.40709786901053,135.59862737203844,116.35048788844442,90.35469175673713,127.4247606791545,98.8685167023731,0.015514289213274413,0.017713143520449687,0.02859807561008607,0.018796568517639656,0.026015382737416416,0.029277085422061734,0.019676729495222464,0.022601567776808253,0.019200942329997625,0.016046655641074187,0.02091162741701723,0.018868052674474712,0.03158429034524451,0.025291696323208043,0.015169843971392778,0.0260132330599386,0.029336043596036542,0.0239838772299701,0.02647963831309552,0.012103755419999522,0.03585762876298982,0.02727006665749848,0.01690808363806162,0.023189567840692794,0.02342858151156312,0.0224951258615531,0.014208658623254496,0.026226666131625262,0.020082087863653876,0.02849123631737908
173,103.12064405210354,18.95823462504431,0.022178165958432677,120.87709066671168,128.51118029270262,82.60532601172893,96.6674270296386,122.41549072373712,93.46228074846569,140.20904399991494,94.84005183185397,85.2762151138388,87.53764257740777,133.69837397806415,109.06731679995555,102.87938527622511,92.08916371922727,79.1987659191779,79.6163111878146,81.04906498261997,121.57768022113746,109.89787132008212,87.14897498878453,86.74580430138693,84.78202889843966,122.83796227511633,92.08011714008774,101.40709786901053,135.59862737203844,116.35048788844442,78.89926104796555,127.4247606791545,98.8685167023731,0.017615899202720962,0.02073182913370881,0.024465197722172226,0.0229408796209994,0.025621202462336106,0.021737419538759694,0.0184740705788633,0.031025175881918228,0.015715368615725662,0.01627728618259219,0.021768838691524194,0.020247443861611262,0.02697027702714571,0.02094563435301601,0.015032042761057289,0.02314553717235801,0.02845642873346207,0.024748706054756268,0.019719658622717275,0.017448059478132136,0.03220405453514059,0.022296613618441832,0.013542442402733765,0.021666229060313978,0.02600161470906241,0.021009193970051215,0.02376883262229668,0.023273810746497967,0.021681744113003387,0.02681348727986182
174,101.54800190461097,18.433801749688232,0.02252144228132497,120.87709066671168,128.51118029270262,82.60532601172893,96.6674270296386,106.628463130352,93.46228074846569,140.20904399991494,81.33403206061085,85.2762151138388,87.53764257740777,133.69837397806415,109.06731679995555,102.87938527622511,92.08916371922727,79.1987659191779,79.6163111878146,78.30106036308962,121.57768022113746,109.89787132008212,87.14897498878453,86.74580430138693,83.89191341872122,122.83796227511633,92.08011714008774,101.40709786901053,121.35053041113807,116.35048788844442,78.89926104796555,127.4247606791545,98.8685167023731,0.025095771779581583,0.029377317097654017,0.02298824204395064,0.016115596995135095,0.022745414506942854,0.02434775687084517,0.015713409400459115,0.03336596386135628,0.018837256931893785,0.01606854523137734,0.02240999689791938,0.0231566396334831,0.016422438000950713,0.024785898566244902,0.014719169009227151,0.03201827175290793,0.025448040028171595,0.021990810285844854,0.026935840959998146,0.02056285396297161,0.02763005208921479,0.017035586719555948,0.017464355698692084,0.02413969060869485,0.019857532328826675,0.028634774957054424,0.017865702006807635,0.026508396953412554,0.017079397668303357,0.02632254559227149
175,99.95692988549463,17.640482378930425,0.022294150622647016,109.58328842523004,128.51118029270262,82.60532601172893,96.6674270296386,106.628463130352,86.15832509919072,139.57617572717425,81.33403206061085,85.2762151138388,87.53764257740777,133.69837397806415,97.94259370354571,102.87938527622511,92.08916371922727,79.1987659191779,79.6163111878146,78.30106036308962,121.57768022113746,109.89787132008212,86.21719846366265,86.74580430138693,83.89191341872122,122.83796227511633,92.08011714008774,101.40709786901053,121.35053041113807,116.35048788844442,78.89926104796555,110.97972589069319,98.8685167023731,0.01825958579704627,0.02641917107889369,0.02858980350249702,0.014183691047129823,0.027247457994864152,0.02780061217760954,0.010947707341834957,0.02682786170761932,0.017573610456362885,0.021357229359724228,0.02391787825372014,0.015076724808248666,0.023664697873673042,0.024969871859268158,0.020508257524521428,0.02313917376388775,0.02408489280450559,0.027448671138410083,0.02405541882003085,0.015852904142266765,0.028380931497946765,0.020559232250145002,0.02182603841559623,0.026620946309490308,0.015802324335122925,0.021737549179732137,0.021515750638741407,0.02869032943609727,0.02006402420942145,0.021702170955002497
176,98.99900733220555,17.814326188772394,0.02225230514140003,109.58328842523004,126.822644435389,82.60532601172893,94.16201909617025,106.628463130352,86.15832509919072,139.57617572717425,81.33403206061085,85.2762151138388,87.53764257740777,133.22202310632815,97.94259370354571,102.87938527622511,92.08916371922727,79.1987659191779,79.6163111878146,78.30106036308962,121.57768022113746,109.89787132008212,86.21719846366265,86.74580430138693,81.66197249173369,122.35202847368987,92.08011714008774,81.99727711917521,121.35053041113807,114.40880143053973,78.89926104796555,110.97972589069319,98.8685167023731,0.02193085925445516,0.018644693180696698,0.022395621920823162,0.022067220627021805,0.024246392737973223,0.03442007832623901,0.01430804038812157,0.02353703190074274,0.020791724660236568,0.019474591628919864,0.02630062128894717,0.01358338323899937,0.02155397336963527,0.02082510900599829,0.021692956137557395,0.026519279656592447,0.021566036486876442,0.026168719920575814,0.02768898758071268,0.016794605921843342,0.02575815760260706,0.020747002536857108,0.024545846943445155,0.024070883696705125,0.019379419759010558,0.02433010660972543,0.021805711179383958,0.02570042173457404,0.014480808707854946,0.022240868238869383
177,97.16964056572925,17.20774210321989,0.022533545547800553,109.58328842523004,122.31356524385687,82.60532601172893,94.16201909617025,106.628463130352,86.15832509919072,130.58370006657648,81.33403206061085,85.2762151138388,87.53764257740777,133.22202310632815,92.39155935354052,102.87938527622511,92.08916371922727,79.1987659191779,64.74446332602378,78.30106036308962,121.57768022113746,109.89787132008212,86.21719846366265,86.74580430138693,81.66197249173369,122.35202847368987,92.08011714008774,81.99727711917521,100.39396448077567,114.40880143053973,78.89926104796555,110.97972589069319,98.8685167023731,0.02334052844379066,0.01998532507017091,0.021296945229686844,0.03209783487549589,0.022888748580189914,0.02525293486530321,0.014488090630689638,0.020733410477205602,0.022227188117396414,0.023366074067286313,0.02004062360111272,0.018322396341915202,0.01951936320410064,0.01850048345005845,0.02048229717918258,0.030805812953141602,0.021484954795354214,0.02910344871713843,0.025990733435917297,0.014020946258537136,0.030190802654160492,0.017266000381628607,0.021240920201197493,0.027369866508029892,0.018756317854777813,0.021424621909725973,0.023651766046997244,0.025056042717034134,0.02370009693640565,0.02340179093038573
178,96.49580083176981,17.282377373496722,0.02257292391046959,109.58328842523004,122.31356524385687,82.5430312320752,94.16201909617025,106.628463130352,86.15832509919072,130.58370006657648,80.13259175969299,85.2762151138388,86.45970390493967,133.22202310632815,92.39155935354052,94.37920725702935,91.6344820357633,79.1987659191779,64.74446332602378,78.30106036308962,121.57768022113746,109.89787132008212,86.21719846366265,86.74580430138693,81.66197249173369,122.35202847368987,91.57387089255138,81.99727711917521,100.39396448077567,114.40880143053973,78.89926104796555,110.97972589069319,90.45610438682534,0.026134413445927707,0.028754616500981548,0.022685140134849815,0.016784936731509513,0.017208880415476163,0.033927447760389584,0.020196457622229574,0.027473118447807473,0.018967115448650623,0.016300290111845445,0.027830838346796553,0.013393749101558342,0.01657760535390112,0.0194344770355652,0.02398064035917296,0.021026677047846297,0.020357189335138987,0.026774968509089215,0.029616986971308528,0.020405928186438497,0.030202095079257675,0.016030082223373602,0.020028757988739328,0.02786537755234031,0.015286722416814051,0.018585217268629255,0.02878669836816178,0.030044010825164648,0.019134237300235554,0.023393041424888187
179,95.15821382293456,16.55451156499379,0.023032798383007553,109.58328842523004,122.31356524385687,82.5430312320752,89.39000038160837,106.628463130352,86.15832509919072,130.58370006657648,80.13259175969299,82.43914454187156,86.45970390493967,124.22931950563895,92.39155935354052,91.09058468098887,91.6344820357633,79.1987659191779,64.74446332602378,78.30106036308962,121.57768022113746,109.89787132008212,86.21719846366265,86.74580430138693,81.66197249173369,122.35202847368987,91.57387089255138,81.99727711917521,100.39396448077567,112.81572213859518,78.89926104796555,92.33561038083853,90.45610438682534,0.02288547313515931,0.02415462263021857,0.024141946022505915,0.016448014126966372,0.018297556149156492,0.03237096246093248,0.027637486760455642,0.024229778237618085,0.015215770264742797,0.01765549222120859,0.02753511109754317,0.01702622851752865,0.018182415870094826,0.02140792286256049,0.025008597172382255,0.01947142451128691,0.02228087864666786,0.02932354449633204,0.029708938432392685,0.021158427595895344,0.03254264435596305,0.01760274715551604,0.020230343320185945,0.024071623839012124,0.017673131923361163,0.024304818856108933,0.02524318594826317,0.03531190479196624,0.01631536968525253,0.02354759040294911
180,94.45265476118408,16.913182867862556,0.022559896101482423,109.58328842523004,122.31356524385687,82.5430312320752,84.89194427647088,106.628463130352,86.15832509919072,130.58370006657648,80.13259175969299,80.6165724822738,86.45970390493967,121.12463383083616,92.39155935354052,91.09058468098887,91.6344820357633,79.1987659191779,64.74446332602378,75.60090406181705,121.57768022113746,109.89787132008212,86.21719846366265,86.74580430138693,72.62067078003079,122.35202847368987,91.57387089255138,81.99727711917521,100.39396448077567,112.81572213859518,78.89926104796555,92.33561038083853,90.45610438682534,0.027961206314420374,0.024942999086865748,0.02737640531500979,0.02503450265871049,0.024588308181806108,0.03189995763317739,0.023355039434477514,0.014888321879795753,0.019077733916192524,0.026293146942688948,0.022444459479161467,0.012959809492418692,0.019488290305592963,0.019678041745805903,0.019570466447328495,0.022407045365059483,0.02052374737064766,0.030311973569024837,0.030276831347829967,0.016986027454250385,0.030453950334916276,0.01909062884947521,0.02095784366333292,0.023577084847287967,0.013067121693747517,0.02114912264482802,0.019506789995589777,0.027584878792076103,0.0196884867888928,0.021656661494061764
181,92.89264780631466,17.054377268148663,0.02374473663265279,106.60073993548242,122.31356524385687,82.5430312320752,84.89194427647088,101.06967092029907,78.53820771303036,130.58370006657648,80.13259175969299,71.74403334604769,86.45970390493967,115.16313273702899,92.39155935354052,87.50054448200125,91.6344820357633,79.1987659191779,64.74446332602378,75.60090406181705,121.57768022113746,109.89787132008212,86.21719846366265,86.74580430138693,72.62067078003079,122.35202847368987,90.67670532805731,81.99727711917521,93.77694195060094,112.81572213859518,74.19877901153274,92.33561038083853,90.45610438682534,0.02521816532109194,0.026202269296555773,0.019313400549320382,0.02298988343276845,0.03041871439471844,0.03156299246326353,0.024181541553731083,0.028870156315601372,0.014109967938298731,0.026725785167274578,0.025430656994902684,0.01224569173537357,0.023107101530992588,0.02204736803484618,0.01488843476802308,0.029075741264094214,0.028240997231588256,0.02286255334554852,0.027284072766073014,0.021248583393962347,0.028564113192932374,0.023964500523938677,0.023709843186738064,0.022528049492107682,0.019596698839778763,0.016314365761938402,0.027649055305697744,0.028419146768790392,0.017971545490049198,0.02760070291958335
182,92.10702836392552,17.31475845397454,0.023301700740048188,106.60073993548242,122.31356524385687,82.5430312320752,84.89194427647088,101.06967092029907,78.53820771303036,130.58370006657648,80.13259175969299,71.74403334604769,86.45970390493967,115.16313273702899,92.39155935354052,87.50054448200125,91.6344820357633,79.1987659191779,64.74446332602378,75.60090406181705,118.24029362415371,109.89787132008212,86.21719846366265,86.74580430138693,72.62067078003079,122.35202847368987,90.67670532805731,69.72447147177289,85.81855092331274,112.81572213859518,74.19877901153274,92.33561038083853,90.45610438682534,0.03125982148895964,0.0318971581358125,0.020764244066633287,0.017474199940441457,0.025084127335620487,0.03380677136038069,0.015741606761734764,0.028803766811947157,0.027346745115773795,0.024142026062136907,0.027491855201562276,0.015760801682550105,0.01834264765286179,0.019106224704420777,0.017614730383998353,0.024601402657034612,0.022764809675481282,0.033721266897841676,0.031161279505608035,0.013848709331819609,0.030679910416189057,0.023423490839371272,0.01753281699911616,0.02544589270004257,0.010287300714021628,0.010388029676648486,0.022177845920099436,0.03187238257083166,0.021920619656628254,0.02458853793587805
183,91.65267324358375,16.578164026289862,0.02362565675627369,106.60073993548242,122.31356524385687,82.5430312320752,84.89194427647088,98.76527058380915,78.53820771303036,119.80143472885165,80.13259175969299,71.74403334604769,86.45970390493967,115.16313273702899,92.39155935354052,87.50054448200125,91.6344820357633,79.1987659191779,64.74446332602378,75.60090406181705,118.24029362415371,109.89787132008212,85.67321052762439,86.74580430138693,72.62067078003079,122.35202847368987,90.67670532805731,69.72447147177289,85.81855092331274,112.81572213859518,74.19877901153274,92.33561038083853,90.45610438682534,0.026050805479650663,0.02727699808418113,0.018372108156962923,0.02993712256036274,0.01997377108337731,0.0376430814548326,0.02091540438053154,0.027098573265005414,0.02406224297851174,0.017720801335221827,0.026449890499503005,0.02231347650065485,0.020059370489419547,0.023714541160114407,0.01915364358926996,0.031051976559331895,0.025337234870201227,0.01968709128746958,0.024802914216105733,0.01769255616609488,0.02502842678483739,0.023174729699901565,0.01591377027782572,0.0240158005222006,0.012967663528290211,0.01575665080078049,0.02289914927309331,0.03531894733184383,0.02878987177752063,0.025591088575113868
184,90.64242545860996,16.784836476964724,0.02376415836480552,106.60073993548242,122.31356524385687,82.5430312320752,84.89194427647088,98.76527058380915,63.401647373288355,119.80143472885165,80.13259175969299,71.74403334604769,86.45970390493967,115.16313273702899,92.39155935354052,87.50054448200125,91.6344820357633,79.1987659191779,64.74446332602378,75.60090406181705,118.24029362415371,109.89787132008212,85.67321052762439,85.76468864921681,72.62067078003079,122.35202847368987,90.67670532805731,69.72447147177289,85.81855092331274,98.62596458129333,74.19877901153274,92.33561038083853,90.45610438682534,0.03174180750233421,0.018304488657146775,0.018652558781372716,0.026669334717877725,0.025517082390474687,0.029650466127648697,0.019157381875220647,0.03298313992068348,0.02358782059426491,0.020951985571439898,0.026457462098434612,0.021480455767520945,0.02034458276003795,0.025065309768657774,0.02113664599526492,0.026664865688965415,0.022189487982730145,0.023005920069990835,0.024106516718430067,0.013078341743263215,0.029832524462819338,0.017590377825648595,0.021004149684863013,0.02414415440260429,0.019475737429801455,0.016749260990991676,0.024551690730168333,0.03513356966735741,0.030926766310507496,0.022770864707644244
185,89.95037188188365,16.935274276728528,0.024443115469803496,104.16635842236816,122.31356524385687,82.5430312320752,84.89194427647088,98.76527058380915,63.401647373288355,119.80143472885165,80.13259175969299,71.74403334604769,86.45970390493967,115.16313273702899,92.39155935354052,87.50054448200125,91.6344820357633,65.41159809372037,64.74446332602378,75.60090406181705,118.24029362415371,109.89787132008212,85.67321052762439,85.76468864921681,72.62067078003079,117.81197051047232,90.67670532805731,69.72447147177289,85.81855092331274,98.62596458129333,74.19877901153274,92.33561038083853,90.45610438682534,0.020819426281366512,0.02398401201560555,0.026060107659369374,0.03147529635315678,0.024883695023559728,0.03463265581471411,0.011266991868440199,0.026510105084483405,0.02221135766289125,0.027912202594112197,0.027454451787774156,0.02067787715155139,0.025768502927895256,0.02838419148844637,0.016902124182629524,0.026287600981714995,0.02288327744018559,0.0234664801893777,0.028411135211612225,0.011350227833909977,0.026943628336867653,0.023785829480784476,0.01834306934475245,0.029748548289240756,0.0191220779925256,0.020909216768012266,0.02213622518249796,0.03386215630329868,0.033356728296038314,0.02374426454729043
186,88.61847566215565,17.067178450402004,0.02474978571026598,104.16635842236816,121.66333690595458,74.66112784236293,83.14713553387429,84.09347631363941,63.401647373288355,119.80143472885165,80.13259175969299,71.74403334604769,85.29052643823597,115.16313273702899,92.39155935354052,87.50054448200125,84.65313902235162,65.08265545767696,64.74446332602378,75.60090406181705,118.24029362415371,109.89787132008212,85.67321052762439,84.77084392039134,72.62067078003079,117.81197051047232,86.30596956324483,69.72447147177289,85.81855092331274,98.62596458129333,74.19877901153274,92.33561038083853,89.29199614516322,0.02122354784866197,0.019555215844430013,0.024469992955308842,0.029376073073017362,0.023946638806598683,0.034967225283443135,0.015610973599260634,0.028614309648504435,0.017986369428378845,0.03110073198916479,0.029596077666240866,0.01762422995961833,0.022114238624344376,0.02782824622063413,0.021811266418643206,0.029347525550724785,0.020288058524499566,0.0249090843778804,0.029932360638636045,0.015148631652993055,0.03035840143720623,0.02205249360890224,0.020869620256720046,0.027330460108116298,0.022204796469049597,0.023535652988294388,0.022746545146652263,0.03399880924250845,0.03084925498531692,0.023096738954229513
187,88.24831793045198,17.014921529767243,0.02317543942777735,104.16635842236816,121.66333690595458,74.66112784236293,83.14713553387429,84.09347631363941,63.401647373288355,119.80143472885165,80.13259175969299,71.74403334604769,85.29052643823597,115.16313273702899,92.39155935354052,87.50054448200125,84.65313902235162,65.08265545767696,64.74446332602378,75.60090406181705,116.81824879587418,109.89787132008212,85.67321052762439,84.77084392039134,72.62067078003079,117.81197051047232,81.49563359451554,69.72447147177289,85.81855092331274,98.62596458129333,74.19877901153274,87.46325922673681,89.29199614516322,0.019631005018785196,0.024464831486671564,0.01710133581096299,0.023303250250564997,0.027739738650912935,0.03148852850199402,0.01757025033810549,0.029209331646861528,0.019338068355255925,0.02340121470354999,0.027675279785287547,0.02122242015116934,0.019530931148914854,0.02511755462471035,0.026390465806888832,0.022715606811535408,0.021376703174058306,0.017787777646339265,0.030677355266362664,0.015419436560023987,0.03130118242688572,0.020291405153949095,0.024110701874893004,0.0198573260559628,0.02589621476702491,0.01834097553500941,0.020585363812523013,0.028456159850283935,0.028004705583299788,0.017258062034533787
188,88.00316868978369,17.141908023402017,0.023601199870941964,103.97830043260167,121.66333690595458,74.66112784236293,76.5485817039592,84.09347631363941,63.401647373288355,119.80143472885165,80.13259175969299,71.74403334604769,85.29052643823597,115.16313273702899,92.39155935354052,87.50054448200125,84.65313902235162,65.08265545767696,64.1765979256574,75.60090406181705,116.81824879587418,109.89787132008212,85.67321052762439,84.77084392039134,72.62067078003079,117.81197051047232,81.49563359451554,69.72447147177289,85.81855092331274,98.62596458129333,74.19877901153274,87.46325922673681,89.29199614516322,0.022422656225444905,0.02749801730679007,0.02100118750070608,0.02521519805166297,0.028950331044181887,0.03259442048516728,0.016345534984753655,0.026775769085164075,0.018097502896117668,0.02552800583750991,0.024853646665825794,0.01958666602290376,0.015907846598452232,0.03176476189230849,0.02008568475364258,0.021807075370005553,0.018746806547305973,0.017954699458031027,0.027637442666003063,0.017522704638710397,0.036391422837514495,0.019443451155846316,0.025248397216797634,0.025131352122078055,0.028536508288745047,0.020003360369969005,0.02388298252087161,0.025189561357517008,0.02748356461368969,0.016429437614542585
189,87.30392709293919,16.960703932658742,0.022978536490021927,103.97830043260167,121.66333690595458,74.66112784236293,76.5485817039592,81.89116886828198,63.401647373288355,118.32343658772396,80.13259175969299,71.74403334604769,85.29052643823597,115.16313273702899,92.39155935354052,87.50054448200125,82.76349080137868,65.08265545767696,63.19889267712584,75.60090406181705,116.81824879587418,104.16927810354875,85.67321052762439,84.77084392039134,72.62067078003079,117.81197051047232,81.49563359451554,69.72447147177289,85.81855092331274,98.62596458129333,74.19877901153274,87.46325922673681,80.59100051235153,0.02567585216262788,0.020992746443405912,0.0286044822635491,0.024028679162309535,0.02242049946398241,0.0311373167958326,0.010371793327420374,0.027047318231298405,0.016708668235990688,0.021362471456177996,0.020824982038144122,0.02324586806299058,0.02093406405922167,0.022551348337070252,0.01706618590324134,0.02476085875814348,0.031308902007072086,0.020847862882970553,0.028270474386388002,0.021198750270195483,0.02972890837472496,0.028425425889974973,0.022668205266402893,0.021267470559403562,0.021820985640554257,0.016252320712716345,0.021454284107173816,0.02395974223805462,0.025137254227600204,0.0192823734360198
190,86.86965474485373,16.45846748907345,0.022528516251421105,103.97830043260167,115.75745998900496,74.66112784236293,76.5485817039592,81.89116886828198,63.401647373288355,118.32343658772396,80.13259175969299,69.98979229123927,84.06470833465988,111.29305575745879,92.39155935354052,87.50054448200125,82.76349080137868,65.08265545767696,63.19889267712584,75.60090406181705,116.81824879587418,104.16927810354875,85.67321052762439,84.77084392039134,72.62067078003079,117.81197051047232,81.49563359451554,69.4523140841127,85.81855092331274,98.62596458129333,74.19877901153274,87.46325922673681,80.59100051235153,0.01991493025177756,0.022763382229515988,0.024156213245619822,0.023273848600001597,0.020617583291575037,0.01850824373032606,0.024692945184097214,0.02856872209214848,0.018987677325538257,0.016646935923589744,0.030071421107338542,0.022295707623014065,0.016761044398575387,0.01955339808420824,0.01977828058197768,0.02285594831513994,0.024197588317621987,0.021971530825641662,0.02425608486721681,0.02105203986005084,0.03399863433700791,0.024707636413598737,0.023281676778332563,0.019872740907992847,0.01815872728048358,0.016688353121125446,0.02091064161559133,0.03334830810819447,0.02462745216556239,0.01933779095976893
191,85.99805534951352,16.457966847892166,0.023133997453925578,103.97830043260167,115.75745998900496,74.66112784236293,76.5485817039592,81.89116886828198,63.401647373288355,114.42582757668062,80.13259175969299,69.98979229123927,84.06470833465988,111.29305575745879,92.39155935354052,79.40072223756779,82.76349080137868,65.08265545767696,63.19889267712584,72.53171155666882,116.81824879587418,102.5627123902898,81.74301543302664,84.77084392039134,68.86108163840753,117.81197051047232,79.95574687976463,69.4523140841127,85.81855092331274,98.62596458129333,73.95365757618293,87.46325922673681,80.59100051235153,0.02325294950331904,0.020616487368369477,0.021530074617914757,0.02379482831165857,0.018983867880304907,0.029943063445672824,0.022001357146013586,0.03551356650217106,0.017946045905347846,0.020986370024764917,0.026070384768163,0.024627191391101946,0.021235745113947446,0.029419848362299116,0.018260748865778074,0.022854368423245675,0.02547126666000703,0.022847910090929333,0.021587685709615556,0.01860520360073704,0.03197965265811373,0.02064201332654855,0.023543951540145304,0.02475209258941407,0.017603970683405537,0.018259597796355703,0.021409579217364368,0.023803895381366402,0.02392221542428824,0.022553991309404213
192,85.525493367096,16.462896779635216,0.02244048791996945,103.97830043260167,115.75745998900496,74.66112784236293,76.5485817039592,81.89116886828198,63.401647373288355,114.42582757668062,80.13259175969299,69.5933574458115,83.1415256875237,111.29305575745879,92.39155935354052,79.40072223756779,82.76349080137868,65.08265545767696,63.19889267712584,72.53171155666882,116.81824879587418,102.5627123902898,81.74301543302664,84.77084392039134,68.86108163840753,117.81197051047232,79.95574687976463,67.46075864394146,85.16756862441383,90.71978524839575,71.64513266818884,87.46325922673681,80.59100051235153,0.016131670779459838,0.029239459705171163,0.019940664943853072,0.022853773583836334,0.024061143436623314,0.03048634283424205,0.022593972628030687,0.027647692627477502,0.016708430821842552,0.020883985390198857,0.024066655358645987,0.019019156144809937,0.020181519161553,0.02450142677432024,0.021850003377343594,0.027935605894358343,0.02261730691094732,0.020257391964600868,0.02368215712219883,0.01854112081472041,0.029196890242954392,0.02727726210649735,0.022478492049092327,0.023774308174166828,0.01603753240801215,0.018586407103643315,0.01865160799300664,0.02204896638895371,0.02487367266686628,0.01709001819165649
193,85.02502304636499,16.86279620517401,0.023328327254518715,103.97830043260167,115.75745998900496,74.66112784236293,76.5485817039592,81.89116886828198,57.74834393774599,114.42582757668062,80.13259175969299,69.5933574458115,83.1415256875237,111.29305575745879,91.31745030765742,79.40072223756779,82.76349080137868,65.08265545767696,63.19889267712584,72.53171155666882,116.81824879587418,102.5627123902898,81.74301543302664,84.77084392039134,68.86108163840753,117.81197051047232,72.54725473218545,67.46075864394146,84.28936363148787,90.71978524839575,71.64513266818884,87.46325922673681,80.59100051235153,0.01585179888571371,0.0267259863902346,0.021894321304344037,0.01874854932289387,0.01942772479218327,0.03486472172919991,0.025438596468466048,0.023740473592191894,0.014373033565786212,0.026548091808462886,0.023205415324747545,0.014686404437503178,0.012937859879765807,0.025466596739113216,0.02848180431558725,0.027048423519719905,0.026085882961802045,0.02267537131703935,0.024182235166165373,0.019680043647874224,0.03281239487469761,0.024053510695059673,0.019333892697319804,0.03279447788476019,0.021061745303016795,0.017242078042127518,0.024805162645914865,0.023309743074177273,0.0305286836654363,0.021844793584257293
194,83.3608627348239,17.110647595542797,0.02318687952609022,88.72628625897947,115.75745998900496,74.66112784236293,76.5485817039592,81.89116886828198,57.74834393774599,114.42582757668062,72.45020716187638,69.5933574458115,83.1415256875237,111.29305575745879,89.30226221338839,79.40072223756779,82.76349080137868,65.08265545767696,63.19889267712584,72.53171155666882,116.81824879587418,102.5627123902898,81.74301543302664,82.80921393144584,68.86108163840753,117.81197051047232,72.54725473218545,67.46075864394146,61.27577113990876,90.71978524839575,71.64513266818884,87.46325922673681,80.59100051235153,0.018001165210168243,0.02238042933735314,0.022439511134341464,0.02392837358905419,0.022540486260211517,0.035005855363052486,0.015804264574361668,0.030072633266792985,0.009314148621415885,0.021579656246464782,0.02490023758167846,0.017706431248197603,0.02036853528534268,0.01662752829659655,0.025532945065882377,0.027436621805270987,0.02004581838587241,0.02694493022832682,0.02231157400951759,0.019948104472939668,0.03713166717022655,0.02407371336025442,0.02120045114501502,0.030738937226473247,0.02570987225141834,0.017383514398168515,0.01699430919066856,0.027382012468178504,0.030463975564846802,0.021638683024615083
195,82.7961733100809,17.087689888221348,0.022749305258136263,88.72628625897947,115.75745998900496,74.66112784236293,76.5485817039592,81.89116886828198,57.74834393774599,114.42582757668062,72.45020716187638,69.5933574458115,83.1415256875237,111.29305575745879,89.30226221338839,70.56015435907106,82.76349080137868,65.08265545767696,63.19889267712584,72.53171155666882,116.81824879587418,102.5627123902898,81.74301543302664,82.80921393144584,65.15418520716818,113.41875207791911,72.54725473218545,67.46075864394146,61.27577113990876,90.71978524839575,71.64513266818884,87.46325922673681,80.59100051235153,0.013389153353393133,0.020936164916451786,0.019340231889977577,0.019322536665799,0.02644296044269432,0.038175502048179336,0.016436146042366838,0.029529229355304484,0.017935057333648047,0.027305938589788477,0.021513586776404504,0.013059706753963044,0.01303967686578959,0.018276924575912623,0.022568492670473658,0.026961646692012474,0.02501266719551989,0.020452782429601635,0.028084961261156345,0.018915610760655014,0.03297196452802292,0.01961689961874239,0.016143427544699135,0.030603899834140448,0.024885423413765727,0.02117711842785701,0.02152886242892538,0.029150920020171573,0.028619599138869023,0.021082066169802467
196,82.49065343289266,17.16179318523946,0.022467788111077427,88.72628625897947,115.75745998900496,74.66112784236293,76.5485817039592,81.89116886828198,57.74834393774599,114.42582757668062,72.45020716187638,69.5933574458115,74.22105080722608,111.29305575745879,89.30226221338839,70.56015435907106,82.76349080137868,65.08265545767696,63.19889267712584,72.53171155666882,116.81824879587418,102.5627123902898,81.74301543302664,82.80921393144584,65.15418520716818,113.41875207791911,72.54725473218545,67.46075864394146,61.27577113990876,90.71978524839575,71.40001123283903,87.46325922673681,80.59100051235153,0.012603699231172832,0.02296303821970852,0.018515513324880013,0.02663514782001313,0.027262614075800065,0.03146770789078787,0.016377487608972396,0.028095851699407266,0.01658550966745361,0.02362256914514957,0.014066563788525933,0.01725310425273425,0.01937784812340151,0.021983308974051274,0.022776160910550996,0.025771941448569802,0.022375197863382,0.018860315653082358,0.020382971826997894,0.02022414343487358,0.03596594317539821,0.019334693356718224,0.018807778543120546,0.02700758382669135,0.021380613655180444,0.023563482815726476,0.01851222649675331,0.025966483312020026,0.03318097895481541,0.023113164236384154
197,80.9205844908398,15.679795843157418,0.024153134980494255,88.72628625897947,98.6162149269778,74.66112784236293,76.5485817039592,81.89116886828198,57.74834393774599,114.42582757668062,72.45020716187638,69.5933574458115,74.22105080722608,111.29305575745879,88.36155764308072,62.00221059471015,82.76349080137868,65.08265545767696,63.19889267712584,69.19773248675625,99.69005300089687,102.5627123902898,81.74301543302664,82.80921393144584,65.15418520716818,113.41875207791911,72.54725473218545,67.46075864394146,61.27577113990876,90.71978524839575,71.40001123283903,87.46325922673681,80.59100051235153,0.022140858602029967,0.02199667304381391,0.020145034181639657,0.024328397514991686,0.026662227277589757,0.0326459226371119,0.014605016381540601,0.026967840692740032,0.021142329408192037,0.02107536887388367,0.018153899771169855,0.026305189293421356,0.017267301130557754,0.023303105402975074,0.025743458556752905,0.030951217042618353,0.026057272262320314,0.020698558603046986,0.02369957359012721,0.024126161203105883,0.03799459060619935,0.026771123851146147,0.02367110405195053,0.027544807799317277,0.026614103718385747,0.013007148258237568,0.017277454086152864,0.03127182840988198,0.033828937907903825,0.018597545256023557
198,80.91576140193912,15.683301206460946,0.023120980130243905,88.72628625897947,98.6162149269778,74.66112784236293,76.5485817039592,81.89116886828198,57.74834393774599,114.42582757668062,72.45020716187638,69.44866477879071,74.22105080722608,111.29305575745879,88.36155764308072,62.00221059471015,82.76349080137868,65.08265545767696,63.19889267712584,69.19773248675625,99.69005300089687,102.5627123902898,81.74301543302664,82.80921393144584,65.15418520716818,113.41875207791911,72.54725473218545,67.46075864394146,61.27577113990876,90.71978524839575,71.40001123283903,87.46325922673681,80.59100051235153,0.024640224740028447,0.021030461313469365,0.02105200329690906,0.033413603910684486,0.020232518579740268,0.0381257711603815,0.012201559795858331,0.03104812618712485,0.02592215444864444,0.01862107684449738,0.022180577113827427,0.020754178906831747,0.014695375117004014,0.02268952688729849,0.02304524455403617,0.023327504589578857,0.020644005457425472,0.026755518467566942,0.023027302704822332,0.02448335734617401,0.028633887051165353,0.02533607727626996,0.01829487398169454,0.026993221465270733,0.021609168549377663,0.015047688357450462,0.01643183574104145,0.02738174249196386,0.024125804522587006,0.021885013048592444
199,80.88258999071081,15.680313443319548,0.02275285533944806,88.72628625897947,98.6162149269778,74.66112784236293,76.5485817039592,81.89116886828198,57.74834393774599,114.42582757668062,72.45020716187638,69.44866477879071,74.22105080722608,111.29305575745879,88.36155764308072,62.00221059471015,82.76349080137868,65.08265545767696,63.19889267712584,69.19773248675625,99.69005300089687,102.5627123902898,81.74301543302664,81.81407159459644,65.15418520716818,113.41875207791911,72.54725473218545,67.46075864394146,61.27577113990876,90.71978524839575,71.40001123283903,87.46325922673681,80.59100051235153,0.01998167116243824,0.021255926253809506,0.02023992341186711,0.036300920079344864,0.022151607039569025,0.03439139158982756,0.019548111211282405,0.027944119152701098,0.021655549101726616,0.021756843443142253,0.01962130423540836,0.017254104855398533,0.015310550252005204,0.02339065971022245,0.021935849523188347,0.029530262118181903,0.024950181207478744,0.019985241109649304,0.023012978722099994,0.01953745652729241,0.02343479798553053,0.020500213266088446,0.01684886971011502,0.02399511262396197,0.023857281587420617,0.021163724201547766,0.018896605291992566,0.024302743648663597,0.03377587364638412,0.016055787515103295
200,79.99791707803043,15.855772301888177,0.023692891272855707,88.21506284724741,98.6162149269778,74.66112784236293,76.5485817039592,81.89116886828198,57.74834393774599,114.42582757668062,72.45020716187638,69.44866477879071,74.22105080722608,111.29305575745879,71.65032243711805,62.00221059471015,82.76349080137868,59.55982535108014,63.19889267712584,69.19773248675625,99.69005300089687,102.5627123902898,81.74301543302664,81.81407159459644,65.15418520716818,113.41875207791911,72.54725473218545,67.46075864394146,61.27577113990876,89.39511947571806,71.40001123283903,86.20667937199237,79.37734748365342,0.02226405049592025,0.01727032487632148,0.022217766759189676,0.036653821258824236,0.021914675941152026,0.03527907529827725,0.020017119406339462,0.02955445698901738,0.026911272851090913,0.0224434152031051,0.019133685071581388,0.025598173901169474,0.019228372308366933,0.01974338330918935,0.017163568598595115,0.02136048136441783,0.027173031993064336,0.02383640053916917,0.02338115421210093,0.018261388857624704,0.025164933776823564,0.024793517017538704,0.019839635215373397,0.021541439329282396,0.02258067923590431,0.019557713120076276,0.0208340736625805,0.028549084424137006,0.03495123600244912,0.02356880716698906
201,79.20668726948423,15.488232103740673,0.022634556654930707,88.21506284724741,98.6162149269778,72.20632375309387,76.5485817039592,81.89116886828198,57.74834393774599,114.42582757668062,66.63598435867708,69.44866477879071,74.22105080722608,111.29305575745879,71.65032243711805,62.00221059471015,82.76349080137868,59.55982535108014,63.19889267712584,69.19773248675625,98.75426752632788,88.03063050094154,81.74301543302664,81.81407159459644,65.15418520716818,113.41875207791911,72.54725473218545,67.46075864394146,61.27577113990876,89.39511947571806,71.40001123283903,86.20667937199237,79.37734748365342,0.023369025994727427,0.02032501390663907,0.018563140164456236,0.027388612261901202,0.02307288252124257,0.02965492041378598,0.02908527629351771,0.028693238505043267,0.022480624612227725,0.02292387091478747,0.019141708985419795,0.018158583395512816,0.01118516921969114,0.02022377105615456,0.02517824437772343,0.026696829831920142,0.025892906075604457,0.02443247685393509,0.02567112720864349,0.018092508270257456,0.021776238033212294,0.022605358541345932,0.023546353386880083,0.01979238592271884,0.01929857442425122,0.02043080892804974,0.01752069817768074,0.02862636615716732,0.02634398541728663,0.018865999796137553
202,78.63889834363646,14.989221937837412,0.022054660111667516,88.21506284724741,98.6162149269778,72.20632375309387,75.0406450738259,75.02623675279261,57.74834393774599,114.42582757668062,66.63598435867708,69.44866477879071,74.22105080722608,102.9536143868845,71.65032243711805,62.00221059471015,82.76349080137868,59.55982535108014,63.19889267712584,69.19773248675625,98.75426752632788,88.03063050094154,81.42165777379044,81.81407159459644,65.15418520716818,113.41875207791911,72.54725473218545,67.46075864394146,61.27577113990876,89.39511947571806,71.40001123283903,86.20667937199237,79.37734748365342,0.024178674384111296,0.019689021755591184,0.01452126903408024,0.03007746927050853,0.017566857791655392,0.028087350756708714,0.02366223720362484,0.03206551181890792,0.02294480561694691,0.023676266859835843,0.023383306972708462,0.017795363409774397,0.013570168018079119,0.01755035859101001,0.019665213082105244,0.022806719258176972,0.024564146720881246,0.027647751848238037,0.022823596239258545,0.01094349932222514,0.026120184364131684,0.02529777893617413,0.023084391754845536,0.021788348685403167,0.022391724560414314,0.018493121461067893,0.023084161756602453,0.022908612801248195,0.025532605955699495,0.015719285120010598
203,77.75166218014505,14.181952733467929,0.022598866387116365,88.21506284724741,98.6162149269778,72.20632375309387,75.0406450738259,75.02623675279261,57.74834393774599,114.42582757668062,66.63598435867708,69.44866477879071,74.22105080722608,102.9536143868845,71.65032243711805,62.00221059471015,82.76349080137868,59.55982535108014,63.19889267712584,69.19773248675625,96.97117872192163,85.65529256197273,81.42165777379044,79.1960250752789,65.15418520716818,105.49508282692845,72.54725473218545,67.46075864394146,61.27577113990876,82.8427191868977,71.40001123283903,86.20667937199237,74.01280538141485,0.024956956926676776,0.024668961234567393,0.020418139897529074,0.029087303829004468,0.02408856906298073,0.02822270250025703,0.02087243784032429,0.03167053227166164,0.015560781062411325,0.024827053911897913,0.022310956169227063,0.020642739848118548,0.013478826155921728,0.014188965536061464,0.01919033446749198,0.022951424675977286,0.02327360273150863,0.020307733002032105,0.01679984257497197,0.013356322632965888,0.025580188992804155,0.030819032385319422,0.021306371959434897,0.03087005031185267,0.022800171660836865,0.019676277955937634,0.019926738267755883,0.029712427191605217,0.026784112367546156,0.019616434188810795
204,77.2663068690067,14.257891959786933,0.023298098087587173,88.21506284724741,98.6162149269778,72.20632375309387,75.0406450738259,75.02623675279261,57.74834393774599,114.42582757668062,66.63598435867708,69.44866477879071,74.22105080722608,102.9536143868845,71.65032243711805,62.00221059471015,69.91093633837451,59.55982535108014,63.19889267712584,69.19773248675625,96.97117872192163,85.65529256197273,81.42165777379044,78.70678420810852,64.60744642765941,105.49508282692845,72.54725473218545,67.46075864394146,60.603645915441675,82.8427191868977,71.40001123283903,86.20667937199237,74.01280538141485,0.030494847618484207,0.0284167379774769,0.02142294716279521,0.02746232004167507,0.022947978604324355,0.024170364902551183,0.024702435245707914,0.023108989793838186,0.018966506099783554,0.023173806784725037,0.023401971558239653,0.018277478025836822,0.016204979058385627,0.017511964053623177,0.01925624087209077,0.02700977759128896,0.02716282434259526,0.02166236924930797,0.017315315734717864,0.013810808914840992,0.022907741661340374,0.028735768617495758,0.03140381865290176,0.027231058758597937,0.02163033945538086,0.02140674652164079,0.02428019942151716,0.01905949678553768,0.02981114676951484,0.0259959623513994
205,75.74930357996294,14.255261071404213,0.023732923332836612,81.1477357848547,98.6162149269778,64.43436561536456,75.0406450738259,75.02623675279261,57.74834393774599,105.90832681189146,66.63598435867708,64.45569599335741,74.22105080722608,102.9536143868845,70.01350520299476,62.00221059471015,69.91093633837451,59.55982535108014,63.19889267712584,56.28136239872852,96.97117872192163,85.65529256197273,81.42165777379044,78.70678420810852,64.60744642765941,105.49508282692845,72.54725473218545,67.46075864394146,57.996489316624185,82.8427191868977,71.40001123283903,86.20667937199237,74.01280538141485,0.01766203600822602,0.033618942676824734,0.019862759380769302,0.020849022439551317,0.0160560524243476,0.02658514455641513,0.025600754447998482,0.028785241890518266,0.025303066709022298,0.02256762511257174,0.025223940612433503,0.023544381720429945,0.017257805854650726,0.017546314522424274,0.022524162746318223,0.029869220094281293,0.02990932722818799,0.022199163922749364,0.0148556279094845,0.01784872278954903,0.02264793733521839,0.023290128002543667,0.03428435945917437,0.02906477459203249,0.022331739339431056,0.019922220899079315,0.023980655391091163,0.028572798330338243,0.029397286752089205,0.020826486837346517
206,75.30634754774827,13.962915415319616,0.023681509358490727,81.1477357848547,98.6162149269778,64.43436561536456,75.0406450738259,75.02623675279261,57.74834393774599,105.90832681189146,64.75748121993686,64.45569599335741,74.22105080722608,102.9536143868845,68.86772670362002,62.00221059471015,69.91093633837451,59.55982535108014,60.1821423957944,56.28136239872852,96.97117872192163,85.65529256197273,81.42165777379044,78.70678420810852,64.60744642765941,98.24743377993435,72.54725473218545,67.46075864394146,57.996489316624185,82.8427191868977,71.40001123283903,86.20667937199237,74.01280538141485,0.021234682094082403,0.031914067548926416,0.02034925346856685,0.025764163513011196,0.01662417804734917,0.029722524215464854,0.019318575090547692,0.031203801920497036,0.02529471366956001,0.021986744964207047,0.0184129084356012,0.02479732068169945,0.020912001741226323,0.020296384048581764,0.023366552052642497,0.024188391945714722,0.025900324202007906,0.017298164343349562,0.020893941561104374,0.012992452264532262,0.026785839675491932,0.026770022376692557,0.033966349563303515,0.025061326485355955,0.026550251874112522,0.019165513000772044,0.028587994195473882,0.022555708090618784,0.028982296820548505,0.019548832863679443
207,74.0990394800108,13.712309833814132,0.02419111557680002,81.1477357848547,98.6162149269778,64.43436561536456,72.25882896317576,70.66489279185413,57.74834393774599,105.90832681189146,61.79233419747908,64.45569599335741,74.22105080722608,93.38547094364937,68.86772670362002,58.399176290960355,69.91093633837451,59.55982535108014,60.1821423957944,56.28136239872852,96.73019023012566,85.65529256197273,81.42165777379044,71.18578420831466,64.60744642765941,98.24743377993435,72.54725473218545,67.46075864394146,57.996489316624185,82.8427191868977,66.22224253333682,86.20667937199237,74.01280538141485,0.02912334493752268,0.030004551318045275,0.0287275708017757,0.026098440476461517,0.01673787706644463,0.02618984080977726,0.019212431086791746,0.028125762584179065,0.022086841070946408,0.021150696551432542,0.025223646903945813,0.018771711039906172,0.019465318583988846,0.02040328866479878,0.024489981066363273,0.02526491867958718,0.026358895983730875,0.025775345907952853,0.02253189805815399,0.02012485319687181,0.027320975077448573,0.02722443102034327,0.02807055143705088,0.027403968016400715,0.029288782760376338,0.021729325273319375,0.02706591025192804,0.0261758487741887,0.01718327780739815,0.018403182096870176
208,73.20082458188575,13.420774721587401,0.023943383481727244,79.86128142157061,98.6162149269778,64.43436561536456,67.2262502387438,70.66489279185413,57.74834393774599,98.52047133857648,61.79233419747908,61.0766115384697,74.22105080722608,93.38547094364937,68.86772670362002,58.399176290960355,69.91093633837451,59.55982535108014,60.1821423957944,56.28136239872852,96.73019023012566,85.65529256197273,81.42165777379044,68.7594545590226,64.60744642765941,98.24743377993435,65.1131104536442,67.46075864394146,57.996489316624185,82.8427191868977,66.22224253333682,86.20667937199237,74.01280538141485,0.015297533456146286,0.027701847972832077,0.02833857556610791,0.030143395993599192,0.019446675346333764,0.03088003562217224,0.024887631050177453,0.026693886988575232,0.025524427844950417,0.021587497229141828,0.02449356614041327,0.019797338250227274,0.019081581741846966,0.021398940823060993,0.024771177898596605,0.021900879225376473,0.029001639674892898,0.022847516304461756,0.026419673866454517,0.016652745431835148,0.029340985964126754,0.027166889261878588,0.028839185478530375,0.0152235979868603,0.029965542704246215,0.01878441621862239,0.02893837977717324,0.023680141511233682,0.021306552578425564,0.018189246543517848
209,72.99844618953861,13.101029181767071,0.022305394568817947,79.86128142157061,93.0383477753765,64.43436561536456,67.2262502387438,70.66489279185413,57.74834393774599,98.52047133857648,61.79233419747908,61.0766115384697,73.72756618841346,93.38547094364937,68.86772670362002,58.399176290960355,69.91093633837451,59.55982535108014,60.1821423957944,56.28136239872852,96.73019023012566,85.65529256197273,81.42165777379044,68.7594545590226,64.60744642765941,98.24743377993435,65.1131104536442,67.46075864394146,57.996489316624185,82.8427191868977,66.22224253333682,86.20667937199237,74.01280538141485,0.016473490542267624,0.02594963902381269,0.026723835872777928,0.0314236784196096,0.016566727567242562,0.031092529840490962,0.01858211568508775,0.026455061406728854,0.02455083138748229,0.015349102382257626,0.021498486772663694,0.014988455564119835,0.01773942231401548,0.02351223428355769,0.02281783221983095,0.021854084984281402,0.029241231817423885,0.023586908661878028,0.02286381494782848,0.014991183520951306,0.026880540100495773,0.023653145429260104,0.02258941376120307,0.01781268660170906,0.02116027372372539,0.012747215020510553,0.026309857472311717,0.029273563008273565,0.024185635409213188,0.0182888393235273
210,72.03587989329866,11.93812756968741,0.023841636741482077,76.38975105831601,93.0383477753765,63.40468237040309,67.2262502387438,70.53956216757175,57.74834393774599,98.52047133857648,61.20088112279705,61.0766115384697,73.72756618841346,93.38547094364937,68.86772670362002,58.399176290960355,69.91093633837451,59.55982535108014,60.1821423957944,56.28136239872852,81.68624702651044,85.65529256197273,81.42165777379044,68.7594545590226,64.60744642765941,90.30251401476652,65.1131104536442,67.46075864394146,57.996489316624185,82.8427191868977,66.22224253333682,85.53655076075727,74.01280538141485,0.021774344697403976,0.027563308298902644,0.023888766896942297,0.02852592992749193,0.019384416595756543,0.02715613719963018,0.01998974047885539,0.0307963726458806,0.01696362270758292,0.021185055307653265,0.0214755735967216,0.017956572176893122,0.01965750452772508,0.02021078163712703,0.030329228155252276,0.0339520534035266,0.029146515477507257,0.02572872909287447,0.02760750775311048,0.011170201187328272,0.02897518694599749,0.026053261723696194,0.021239208096614896,0.026870673220279338,0.024652748895127738,0.012620477018598211,0.028468305023146866,0.027125945499024324,0.030206454437119463,0.01457447962069166
211,71.82201273415525,12.020205988398327,0.023748804823373812,76.38975105831601,93.0383477753765,63.40468237040309,67.2262502387438,64.12354739326949,57.74834393774599,98.52047133857648,61.20088112279705,61.0766115384697,73.72756618841346,93.38547094364937,68.86772670362002,58.399176290960355,69.91093633837451,59.55982535108014,60.1821423957944,56.28136239872852,81.68624702651044,85.65529256197273,81.42165777379044,68.7594545590226,64.60744642765941,90.30251401476652,65.1131104536442,67.46075864394146,57.996489316624185,82.8427191868977,66.22224253333682,85.53655076075727,74.01280538141485,0.02869365118590648,0.01987369179604394,0.026212945873669936,0.021893360399362315,0.019551126399504976,0.031048067843505143,0.017825843007657608,0.02883421174778103,0.01415714491934847,0.0276961077405987,0.018579361652823395,0.014399734654500757,0.020752695748839582,0.018057296987149262,0.025101626820820063,0.030667417727320158,0.0313379647821972,0.017828554612008614,0.028436693591843778,0.015720595223328797,0.023408724309678428,0.027099311642435262,0.026906125327096703,0.028219876422546624,0.025306727876368593,0.022147426844079297,0.025325380127681818,0.02959257773167151,0.02679677489768375,0.020993126807762236
212,71.70484573984282,12.106070468256037,0.024248354866145346,76.38975105831601,93.0383477753765,63.40468237040309,67.2262502387438,62.80156134267832,57.74834393774599,98.52047133857648,61.20088112279705,61.0766115384697,73.66027136104631,93.38547094364937,68.86772670362002,58.399176290960355,69.91093633837451,58.671484638168,60.1821423957944,56.28136239872852,81.68624702651044,85.65529256197273,81.42165777379044,68.7594545590226,64.60744642765941,90.30251401476652,63.875722215141785,67.46075864394146,57.996489316624185,82.8427191868977,66.22224253333682,85.53655076075727,74.01280538141485,0.02830026341316126,0.02222602506790463,0.022526352664581927,0.025358349020501415,0.021781123889778018,0.03417121096918668,0.020530002443332963,0.020321209535621425,0.01833920015260776,0.022861788313114008,0.021858665511107538,0.020487803765088686,0.026789593713481552,0.020063400562832213,0.024924690859032893,0.025059468148170904,0.03129058634955469,0.01875789820083431,0.030773284415395105,0.023557402660925764,0.021821000068829654,0.016758649310343095,0.025803770752989875,0.028535327918893776,0.03543626243674344,0.019407291482860106,0.02273463805662,0.03392746995113893,0.0238198542233863,0.019228062126341466
213,71.35005397061886,11.681379642032738,0.02451281655469622,76.38975105831601,93.0383477753765,63.40468237040309,67.2262502387438,62.80156134267832,57.74834393774599,98.52047133857648,61.20088112279705,61.0766115384697,73.66027136104631,93.38547094364937,68.86772670362002,58.399176290960355,69.91093633837451,58.671484638168,60.1821423957944,56.28136239872852,81.68624702651044,85.65529256197273,81.42165777379044,68.7594545590226,64.60744642765941,83.14064094891738,63.875722215141785,67.46075864394146,57.996489316624185,82.8427191868977,66.22224253333682,82.05467074988772,74.01280538141485,0.028062936813014566,0.021438406599710195,0.025867933049598144,0.02259311830989873,0.02153978286916481,0.01997201832384195,0.020427092141145832,0.02884367671602377,0.0218162133559459,0.025418638152186174,0.01967375657942783,0.014708950392973388,0.022093431251034724,0.022016481294049185,0.023082176220879155,0.024247451208599093,0.03367831046340448,0.018536451750436483,0.023283927695831937,0.01823473975929525,0.026626208901873307,0.026193506638077353,0.030952102761721754,0.03526179205515475,0.03251709201825533,0.023917184868133906,0.02993142513802681,0.03259177305398202,0.022831625913607285,0.01902629234559232
214,71.02851386262516,11.531365858297645,0.025208609712794004,76.38975105831601,93.0383477753765,63.40468237040309,67.2262502387438,62.80156134267832,57.74834393774599,98.52047133857648,61.20088112279705,61.0766115384697,73.66027136104631,93.38547094364937,68.86772670362002,58.399176290960355,69.91093633837451,58.671484638168,60.1821423957944,56.28136239872852,81.68624702651044,85.65529256197273,75.91643345112769,68.7594545590226,64.60744642765941,83.14064094891738,63.875722215141785,65.4291451248165,57.996489316624185,82.8427191868977,66.22224253333682,79.94530535186394,74.01280538141485,0.02721592003995109,0.025977738138175086,0.030331308906241923,0.021538144551658603,0.02158375653930497,0.025842781700068762,0.018555191288686858,0.028149296789355474,0.028396208507826363,0.02556261919435263,0.022461435147770388,0.017626940282805488,0.021410434060198012,0.01845657261449409,0.022348415501047693,0.024748054804936706,0.030235543152133837,0.01733584436770801,0.02498929704792989,0.02029614087253547,0.02960886476957292,0.02664026710969474,0.03062625208476761,0.03609816758175049,0.02902200245820526,0.015779772602597875,0.02598122055202714,0.036473448639448874,0.02604839753587332,0.02691825454270053
215,71.02851386262516,11.531365858297645,0.025949360326167504,76.38975105831601,93.0383477753765,63.40468237040309,67.2262502387438,62.80156134267832,57.74834393774599,98.52047133857648,61.20088112279705,61.0766115384697,73.66027136104631,93.38547094364937,68.86772670362002,58.399176290960355,69.91093633837451,58.671484638168,60.1821423957944,56.28136239872852,81.68624702651044,85.65529256197273,75.91643345112769,68.7594545590226,64.60744642765941,83.14064094891738,63.875722215141785,65.4291451248165,57.996489316624185,82.8427191868977,66.22224253333682,79.94530535186394,74.01280538141485,0.03147654716158463,0.026016910605982768,0.031811939686781796,0.02065478499113288,0.023006555643158563,0.023381945691391355,0.01949230250194746,0.022712148017571706,0.020539006108955916,0.02532017590075524,0.019775967317108012,0.022393570880820737,0.028163589032739023,0.02211362371528872,0.016568967133640432,0.033368060768100276,0.03356080286071299,0.02682208974796538,0.030366395129845368,0.026568502451698634,0.03128239262681566,0.027295718577754386,0.022809026503417786,0.03602082173638835,0.03359330902376991,0.01789198453828958,0.025569512024463368,0.03255955916486849,0.024687640444253485,0.02265695979782226
216,69.59853903098657,12.02169383454121,0.025498829597366532,76.38975105831601,93.0383477753765,63.40468237040309,67.2262502387438,62.80156134267832,57.74834393774599,91.89453382633779,61.20088112279705,61.0766115384697,73.66027136104631,88.17925248242179,68.86772670362002,58.399176290960355,69.91093633837451,47.86608325613626,48.264042517567574,56.28136239872852,81.68018111417702,85.65529256197273,75.91643345112769,68.7594545590226,64.60744642765941,83.14064094891738,63.875722215141785,65.4291451248165,57.996489316624185,82.8427191868977,57.884720730238264,79.94530535186394,74.01280538141485,0.02800524331080674,0.020055670648115205,0.028340138039094014,0.02401048092532159,0.020104608779283342,0.02978576051732966,0.015887477322809214,0.019368218740631694,0.02037722557407045,0.026615337887986385,0.023261680815444115,0.022306084200488286,0.023300373300326097,0.01938676368014012,0.02126402760172115,0.03383114249390686,0.025080249513989586,0.01681386539894735,0.030821436653725602,0.024955243962863867,0.02944052166489001,0.031162902566392828,0.02914896311983609,0.034516107441094596,0.037104813508499764,0.026337374009607138,0.023985313236839258,0.02515848284427837,0.027677830255266937,0.026861549907289603
217,68.98853665408832,11.786176114747606,0.02477302694523104,76.38975105831601,93.0383477753765,63.40468237040309,67.2262502387438,61.878986506910216,57.74834393774599,91.89453382633779,61.20088112279705,61.0766115384697,73.66027136104631,88.17925248242179,68.86772670362002,58.399176290960355,69.91093633837451,47.86608325613626,48.264042517567574,56.28136239872852,81.68018111417702,80.30357916335119,75.91643345112769,61.162155525327826,64.60744642765941,83.14064094891738,63.875722215141785,65.4291451248165,57.996489316624185,78.414235148034,57.884720730238264,79.94530535186394,74.01280538141485,0.023714473017371628,0.02055840758792301,0.02932520094741057,0.022629476887883228,0.021434957850043568,0.03398272539603276,0.013479114168152355,0.023649806974263138,0.017890590005709035,0.027553790782198245,0.028563279500389966,0.01811601097793765,0.025499688256707627,0.02343248293926102,0.01799706029221218,0.030269600280004718,0.030952147170638423,0.021268156141268153,0.03482886865124156,0.022155315651345764,0.02854352867020817,0.029672329314421396,0.0269458775865616,0.026057186253797375,0.036913163161317146,0.02085320522142808,0.022316618806393466,0.02712361607450319,0.022355499026915363,0.015108630763390762
218,68.98717798391769,11.786072054231147,0.025014878319423037,76.38975105831601,93.0383477753765,63.40468237040309,67.2262502387438,61.878986506910216,57.74834393774599,91.89453382633779,61.20088112279705,61.0766115384697,73.66027136104631,88.17925248242179,68.86772670362002,58.399176290960355,69.87017623325592,47.86608325613626,48.264042517567574,56.28136239872852,81.68018111417702,80.30357916335119,75.91643345112769,61.162155525327826,64.60744642765941,83.14064094891738,63.875722215141785,65.4291451248165,57.996489316624185,78.414235148034,57.884720730238264,79.94530535186394,74.01280538141485,0.019026653645758663,0.018246743424588558,0.026048187101897727,0.02191524255504479,0.020151459441473982,0.03033977767662487,0.01862595079576481,0.02341671362775573,0.022470139844161748,0.0233937596147748,0.026508061912201255,0.019946578048044797,0.027171912828917143,0.02631039690865318,0.026407927170771305,0.02820023319892619,0.02916755712703327,0.01926395090886947,0.029981464187356033,0.017067579617089563,0.02301782993685687,0.027759322722301537,0.02783526733227868,0.030597101028152614,0.03708389805074541,0.0250590351249567,0.026570780272005746,0.030688337772380076,0.02405455413183375,0.024119933575471805
219,68.62494752165475,11.595575027581768,0.023798024392580438,76.38975105831601,93.0383477753765,63.40468237040309,67.2262502387438,61.878986506910216,57.74834393774599,91.89453382633779,61.20088112279705,61.0766115384697,73.66027136104631,88.17925248242179,68.86772670362002,58.399176290960355,69.6660636257527,47.86608325613626,48.264042517567574,55.69757974627386,81.68018111417702,71.53366335533433,75.91643345112769,61.162155525327826,64.60744642765941,83.14064094891738,63.875722215141785,65.4291451248165,57.996489316624185,77.10513234812034,57.884720730238264,79.94530535186394,74.01280538141485,0.02355557382838797,0.019956773159507234,0.03050648276984133,0.02511517652060112,0.018376874041190542,0.03178958291938496,0.019668811976042783,0.019788696417225346,0.014964785688808758,0.022049816745928916,0.02351965639134158,0.023069621185176803,0.023960168036765643,0.015922537313575912,0.021513198562087034,0.027528353629513884,0.03314368977697281,0.02056911555218493,0.024452693157567484,0.01837046667055776,0.023880324027837182,0.021656482548594647,0.02365780378605466,0.03382372487022901,0.03704136367964106,0.022212509983837826,0.020180071953366678,0.0249471969080755,0.02598877350663955,0.022730406170474296
220,67.42849069082983,11.08124369535152,0.023904626157194766,76.38975105831601,93.0383477753765,63.40468237040309,67.2262502387438,58.64688041725513,57.74834393774599,91.89453382633779,61.20088112279705,60.602716555167355,73.66027136104631,79.06690445209102,68.86772670362002,58.399176290960355,69.6660636257527,47.86608325613626,48.264042517567574,55.69757974627386,81.68018111417702,65.30403676690433,75.91643345112769,61.162155525327826,64.60744642765941,83.14064094891738,63.875722215141785,65.4291451248165,57.996489316624185,77.10513234812034,57.884720730238264,63.09957611883435,74.01280538141485,0.020329960415426326,0.018685699739178243,0.02585098567884852,0.024389746035496866,0.019579643387258587,0.026217513809184398,0.017210570900100048,0.028014660515461542,0.02521224954085493,0.023215377534852914,0.018997261557793278,0.023011268961822387,0.020251558369459202,0.019898259859566614,0.023858085301357086,0.023512250644431503,0.022968580351809712,0.033365852035756,0.021949536289820572,0.023003352286152592,0.027599557888616025,0.022605486196183005,0.023709733798776007,0.029643333669929772,0.040747515907550845,0.022238836854087486,0.019521783047979316,0.024502507909933167,0.023911705399562964,0.023135910828593176
221,67.36893902026574,10.953666965755588,0.02477924347652322,76.38975105831601,93.0383477753765,63.40468237040309,67.2262502387438,58.64688041725513,57.74834393774599,90.10798370941536,61.20088112279705,60.602716555167355,73.66027136104631,79.06690445209102,68.86772670362002,58.399176290960355,69.6660636257527,47.86608325613626,48.264042517567574,55.69757974627386,81.68018111417702,65.30403676690433,75.91643345112769,61.162155525327826,64.60744642765941,83.14064094891738,63.875722215141785,65.4291451248165,57.996489316624185,77.10513234812034,57.884720730238264,63.09957611883435,74.01280538141485,0.02290975858317002,0.021226218142864135,0.03343117449029276,0.0227274199895368,0.02265141379738055,0.033157953424424534,0.014821568179867075,0.02670161209494832,0.02678174147014882,0.015631657495423234,0.020598454874954143,0.023662643528002545,0.023261797759651558,0.026531435715248814,0.02359282101338401,0.025702955718566567,0.022260523634205814,0.03003396106273392,0.022640746275010268,0.025954300496924605,0.02976965174620901,0.027971636706809445,0.026987970679336244,0.02538676831301869,0.033219147932978546,0.014254035446254556,0.022214631031887512,0.02612883370493189,0.0283295349316739,0.024834936055858316
222,67.10594256655125,11.0549650936611,0.024497364843047764,76.38975105831601,93.0383477753765,63.40468237040309,67.2262502387438,58.64688041725513,55.22969165225847,90.10798370941536,61.20088112279705,60.602716555167355,73.66027136104631,79.06690445209102,63.76590478892114,58.399176290960355,69.6660636257527,47.86608325613626,48.264042517567574,55.69757974627386,81.68018111417702,65.30403676690433,75.91643345112769,60.89273611407962,64.60744642765941,83.14064094891738,63.875722215141785,65.4291451248165,57.996489316624185,77.10513234812034,57.884720730238264,63.09957611883435,74.01280538141485,0.023635340815134007,0.024534385680135336,0.020879163471968425,0.02153263310394334,0.019559363721127453,0.030314125167248532,0.015821729963617952,0.031894201705916024,0.03182024618354913,0.02107542748406632,0.019582875530602808,0.017906448632172767,0.01959772001125939,0.020956324650812562,0.024764097874398816,0.029736968881194377,0.03096806283321271,0.03177840804887962,0.024974154839800367,0.022978757006556348,0.030469203120921478,0.021241660669989282,0.020059430075299783,0.025891670250498593,0.03189231880658212,0.01712939659592195,0.023862615715370697,0.026398037177488815,0.03274583657805311,0.020920340695710894
223,66.78537556348196,10.817418264076935,0.026196140436224476,76.38975105831601,93.0383477753765,63.40468237040309,67.2262502387438,58.64688041725513,55.22969165225847,90.10798370941536,61.20088112279705,60.602716555167355,73.66027136104631,79.06690445209102,63.76590478892114,58.399176290960355,69.6660636257527,47.86608325613626,48.264042517567574,55.69757974627386,73.71402261141212,65.30403676690433,75.91643345112769,60.89273611407962,64.60744642765941,83.14064094891738,63.875722215141785,65.4291451248165,57.996489316624185,77.10513234812034,57.884720730238264,61.44872452952056,74.01280538141485,0.027243953267154793,0.027981031914334663,0.020606677316880075,0.025969224272400247,0.017337587222455427,0.03255389618776639,0.019090925772345606,0.028709277405125133,0.030620396358664495,0.013886848424561412,0.02127747246903603,0.029520675905595255,0.023963290966254477,0.024450103772955555,0.030328797873133674,0.027934429156661354,0.03697039486847267,0.03153496879381233,0.027019512742768502,0.025507701045402315,0.02489342891912678,0.02360277586842913,0.029332681316260142,0.030792676737728033,0.03350861182530474,0.015868548975243334,0.023816914578284762,0.024080523792940928,0.03183932755037299,0.02564155778726298
224,66.58309375310115,10.693450723841288,0.025709344183160107,76.38975105831601,91.74719164077094,63.40468237040309,67.2262502387438,58.64688041725513,55.22969165225847,90.10798370941536,61.20088112279705,57.6821897897825,73.66027136104631,79.06690445209102,63.76590478892114,58.399176290960355,69.6660636257527,47.86608325613626,48.264042517567574,55.69757974627386,73.71402261141212,65.30403676690433,75.91643345112769,60.89273611407962,64.60744642765941,81.28386953748357,63.875722215141785,65.4291451248165,57.996489316624185,77.10513234812034,57.884720730238264,61.44872452952056,74.01280538141485,0.029552218986730334,0.018465092587379037,0.01322678511595887,0.029695567589312365,0.021172201113517582,0.02948787278440551,0.019693750280911696,0.022914396599126384,0.03220868389974445,0.013734716882453615,0.019228786465028187,0.029369317665496254,0.02772264776991604,0.024126700009373003,0.0310135796954617,0.029962117597360994,0.032492088495780974,0.028387559083008683,0.02799044407552539,0.023909561512992,0.026275018201322973,0.022482997347947304,0.02575349017798411,0.03495704525571587,0.03720106242995297,0.015129454554141063,0.019677832495231917,0.02989971557171038,0.031282835683689204,0.02426678556762437
225,65.75718670021388,10.79895031279611,0.02633968295978947,76.38975105831601,90.82329485131562,63.40468237040309,67.2262502387438,58.64688041725513,55.22969165225847,90.10798370941536,61.20088112279705,57.6821897897825,73.1309526333386,77.45998379295858,63.76590478892114,58.399176290960355,60.01082109156939,47.86608325613626,48.264042517567574,55.69757974627386,73.71402261141212,65.30403676690433,75.91643345112769,57.723854881855594,63.21370435910312,80.51152514564,63.84398474271906,65.4291451248165,57.996489316624185,77.10513234812034,57.884720730238264,54.75359681842764,74.01280538141485,0.028754370345512592,0.022733395203625325,0.016903978183203064,0.023821986583427088,0.02018538217988612,0.027904842433575952,0.01803843923663152,0.0252084648333935,0.03094418105815896,0.018778873948324455,0.01970739434041954,0.02875996974510859,0.032032190026349196,0.024938295257467654,0.028178722779427796,0.028474844138732885,0.030529478689931992,0.025830827941486,0.029049539851246087,0.025513421154536413,0.03690311349244023,0.022640471628124922,0.025626179826370006,0.03516612512643105,0.04141128022327193,0.02104807195736163,0.02326570480555321,0.023240240204652114,0.02883459897961066,0.025766104619423722
226,65.56860972593391,10.875099046336096,0.027449950651879614,76.38975105831601,90.82329485131562,63.40468237040309,67.2262502387438,55.31694005256061,55.22969165225847,90.10798370941536,61.20088112279705,57.6821897897825,73.1309526333386,77.45998379295858,63.76590478892114,58.399176290960355,58.59667748333151,47.86608325613626,48.264042517567574,55.69757974627386,73.71402261141212,65.30403676690433,75.91643345112769,57.723854881855594,63.21370435910312,79.59829989017341,63.84398474271906,65.4291451248165,57.996489316624185,77.10513234812034,57.884720730238264,54.75359681842764,74.01280538141485,0.02332827036525681,0.019902482511415454,0.03038097090981188,0.030843775867410567,0.03027109481123813,0.033679594808909426,0.017286426482090462,0.029460925748753888,0.03355493279243101,0.01524781329550905,0.021048097914883757,0.028314660085662684,0.02975251998612123,0.023628964652733123,0.021883751571905318,0.03529925238421748,0.03551449231867439,0.025026744527018866,0.031190638965845865,0.03327081906952762,0.036691808168369755,0.024250347116445366,0.023096848811926703,0.03854684868590355,0.03440487844189667,0.015423088993108028,0.028302065624180733,0.023685229271224382,0.0255772943867532,0.024633880987162998
227,64.95466991287623,11.386024796020832,0.02737376301126003,76.38975105831601,90.82329485131562,50.23181272860072,67.2262502387438,54.24481587876952,55.22969165225847,90.10798370941536,61.20088112279705,57.6821897897825,73.1309526333386,77.45998379295858,63.76590478892114,57.78670827098341,58.59667748333151,47.86608325613626,48.264042517567574,55.69757974627386,73.71402261141212,65.30403676690433,75.91643345112769,57.723854881855594,63.21370435910312,79.59829989017341,63.84398474271906,65.4291451248165,57.996489316624185,77.10513234812034,57.884720730238264,51.19286426226765,74.01280538141485,0.023127340350257996,0.026056098092736044,0.03031930251638351,0.027367817820122275,0.03573800395964424,0.037132006429916375,0.02155782608248578,0.032853629423414514,0.029717047140443466,0.01783476252244916,0.03305235157368107,0.02898379505205543,0.032467929929545766,0.01845595545103211,0.02027809498421356,0.029473761707243213,0.03546469185886819,0.022173268381000744,0.03079200168986968,0.025862605777075276,0.03461263941542519,0.022535800865944224,0.01762402267288657,0.029344709067409998,0.03502635790036411,0.0170373116892562,0.025918049128210434,0.030697514083444424,0.02554220304935161,0.024165991723069644
228,64.54316560767224,11.60256467347843,0.02667599627498336,76.38975105831601,90.82329485131562,50.23181272860072,67.2262502387438,54.24481587876952,55.22969165225847,90.10798370941536,58.55546781610142,57.53432016734613,71.91799717364457,77.45998379295858,63.76590478892114,57.78670827098341,58.59667748333151,47.86608325613626,48.264042517567574,55.69757974627386,73.71402261141212,65.30403676690433,75.91643345112769,57.723854881855594,61.4381779984405,79.59829989017341,63.84398474271906,65.4291451248165,51.433124909992195,77.10513234812034,57.884720730238264,51.19286426226765,74.01280538141485,0.02635903563062232,0.027223018772812083,0.024235430443620237,0.026321204298639187,0.025229338507161116,0.03322424178618573,0.02521619021777827,0.027936395412108204,0.028637112732355134,0.020257913695639323,0.031181302228261296,0.030641711235154294,0.028005348677585522,0.01722626912378667,0.02464557278520439,0.024413514405828042,0.03070464510304252,0.024053320430102075,0.037240186635587105,0.02732957089575841,0.033408247895909744,0.01561645672799744,0.02378098628748023,0.028197189333854587,0.03571811736886351,0.016792929701398757,0.027575111707671667,0.028613296042805096,0.026013728207677195,0.024482501958610618
229,64.00509909854308,10.94446697463097,0.025955554051869133,76.38975105831601,79.82356826205267,50.23181272860072,67.2262502387438,54.24481587876952,55.22969165225847,90.10798370941536,58.55546781610142,57.53432016734613,71.91799717364457,77.45998379295858,60.34867526504187,57.78670827098341,58.59667748333151,47.86608325613626,48.264042517567574,55.69757974627386,73.71402261141212,63.71558086244108,75.91643345112769,57.723854881855594,61.4381779984405,79.59829989017341,63.84398474271906,65.4291451248165,51.2965416537233,77.10513234812034,57.884720730238264,51.19286426226765,74.01280538141485,0.026609856017323286,0.0213381248390987,0.027274284592559827,0.022690319772302823,0.02311927328516988,0.028631430909475845,0.019276177785028416,0.032727317026099954,0.030178641328498745,0.022746172398276414,0.03187177945591745,0.025841206431772894,0.03149654045265893,0.02157291057074617,0.023997191853398943,0.026599172832419728,0.028902311204794896,0.025278913574368417,0.031016406026980314,0.024102620690812954,0.034006007662301746,0.015273471857049034,0.02535539367023323,0.02252279240602582,0.031685565627623785,0.017212231248249117,0.027953533837832785,0.023422196068354256,0.030956162730387485,0.025008615400311993
230,63.68311760550808,10.570784324679718,0.02625608952316805,76.38975105831601,77.80955811232715,50.23181272860072,67.2262502387438,54.24481587876952,55.22969165225847,89.37081506787867,58.55546781610142,57.53432016734613,71.91799717364457,70.7762729351333,60.34867526504187,57.78670827098341,58.59667748333151,47.86608325613626,48.264042517567574,55.69757974627386,73.71402261141212,63.71558086244108,75.69187830916509,57.723854881855594,61.4381779984405,79.59829989017341,63.84398474271906,65.4291451248165,51.2965416537233,77.10513234812034,57.884720730238264,51.19286426226765,74.01280538141485,0.029265943802212056,0.02504017305412539,0.023584434366017343,0.02542182111642978,0.017671335001908428,0.03440654943175941,0.02155532321097872,0.030289003232665004,0.027733492166219963,0.021084206418257104,0.027905507332937094,0.027577989441496496,0.027069406715540197,0.026834233425442305,0.022333581933242107,0.03178002930539894,0.03207392247750239,0.01938253287776025,0.028044849564781475,0.02275012273537852,0.03411259900226001,0.02386200004566979,0.013911060680964774,0.033190252474859086,0.029925532743946236,0.012995991181832457,0.02896031655099707,0.031602728247151,0.029194693065218297,0.028123054092089865
231,63.066445061029974,10.79626965800825,0.025233183166771343,76.38975105831601,77.80955811232715,50.23181272860072,67.2262502387438,54.24481587876952,55.22969165225847,89.37081506787867,58.55546781610142,55.34327399320291,71.91799717364457,70.7762729351333,57.455339399748944,57.78670827098341,58.59667748333151,47.86608325613626,48.264042517567574,55.69757974627386,73.71402261141212,63.71558086244108,75.69187830916509,57.723854881855594,61.0839520826687,79.59829989017341,63.84398474271906,58.986701606243244,51.2965416537233,77.10513234812034,52.296184041103295,51.19286426226765,72.98221720998778,0.02404734213758578,0.02645058538516974,0.025545749873182585,0.0288135675815675,0.020040087066192876,0.02977698914847094,0.02031645240260087,0.025838463908341297,0.03015874030824812,0.02286443818677434,0.03040132013325298,0.025010352302813267,0.027885787387622176,0.027622876272210415,0.018052850045831775,0.02580635860156592,0.03685501427672389,0.016973247575965387,0.027742669900926317,0.018920529175092612,0.02916414597338001,0.022242340349739577,0.018613970688091386,0.029486482794895515,0.031832214809375724,0.018737723021734556,0.023512768699108573,0.02795224600097672,0.0196579107376008,0.02667227025809844
232,62.894737287633355,11.03573690501262,0.026233372630781435,76.38975105831601,77.80955811232715,50.23181272860072,67.2262502387438,54.24481587876952,55.22969165225847,89.37081506787867,58.55546781610142,55.34327399320291,71.91799717364457,70.7762729351333,57.455339399748944,57.78670827098341,58.59667748333151,47.81350688282476,43.766398559582555,55.69757974627386,73.71402261141212,63.71558086244108,75.69187830916509,57.723854881855594,60.48293921206671,79.59829989017341,63.84398474271906,58.986701606243244,51.2965416537233,77.10513234812034,52.296184041103295,51.19286426226765,72.98221720998778,0.01876796298448628,0.02770576495357532,0.027568934812882098,0.03117649494983116,0.024833336613464815,0.03052057293528818,0.02316464985061617,0.025609275794035317,0.028224915971453123,0.018434636979599885,0.03461091311980636,0.02463214798704885,0.03024683709449703,0.027794115686621743,0.02058353406359012,0.027135637369569813,0.036456922838895636,0.020587536620455194,0.030998216279674345,0.020626572549315058,0.03842791373029352,0.020600446363404502,0.017317178265148104,0.03551205982245177,0.02805581063224422,0.01850935455718085,0.02323374798258464,0.030302064154795437,0.02190071960022858,0.023462904360404935
233,62.806933879213844,11.078750017295626,0.0260211262041455,76.00440446378384,77.80955811232715,50.23181272860072,67.2262502387438,54.24481587876952,55.22969165225847,89.37081506787867,58.55546781610142,53.09451833514978,71.91799717364457,70.7762729351333,57.455339399748944,57.78670827098341,58.59667748333151,47.81350688282476,43.766398559582555,55.69757974627386,73.71402261141212,63.71558086244108,75.69187830916509,57.723854881855594,60.48293921206671,79.59829989017341,63.84398474271906,58.986701606243244,51.2965416537233,77.10513234812034,52.296184041103295,51.19286426226765,72.98221720998778,0.024296434061306472,0.028121954936462894,0.025934386764613376,0.026864354941399743,0.025988082595301523,0.030691615351744736,0.018098357710629155,0.027081645974798573,0.030382639322369554,0.022026125902779456,0.030250253656163753,0.025185007587645074,0.03271803620817728,0.026338463581321876,0.01937692840310263,0.028608789716871547,0.02987125693294448,0.023744385439127616,0.023713103559103346,0.024341891213968396,0.0423769272816066,0.02474396411887235,0.024790399901145357,0.0347469676202275,0.03261291279971551,0.012890105295308329,0.023775965598503666,0.022554275852133855,0.021236160022417475,0.01727239377460308
234,62.64320306023058,10.884778803257479,0.0252297682755266,76.00440446378384,74.01557943896877,50.23181272860072,67.2262502387438,54.24481587876952,55.22969165225847,89.37081506787867,58.55546781610142,53.09451833514978,71.91799717364457,70.7762729351333,57.455339399748944,57.78670827098341,58.59667748333151,47.81350688282476,43.766398559582555,55.69757974627386,73.71402261141212,63.71558086244108,74.57393241302573,57.723854881855594,60.48293921206671,79.59829989017341,63.84398474271906,58.986701606243244,51.2965416537233,77.10513234812034,52.296184041103295,51.19286426226765,72.98221720998778,0.022509365627801824,0.028428131412384323,0.02515376244631072,0.03020146517355271,0.028000614666549836,0.027056135530177203,0.02132650733542446,0.028383230790441312,0.021224061931030814,0.027218773082389843,0.03282317763169601,0.027118755294983955,0.02873500506270968,0.02668219299503138,0.015214915596419593,0.021366462490652587,0.03005660633291876,0.014621575089806323,0.026363517598719265,0.024417586044958247,0.03445101341542931,0.026940985324319048,0.02852707969723168,0.033107625401776745,0.02743404643485474,0.02074153081972232,0.020760676696959295,0.02060062729095594,0.025142602709694994,0.012285018340895227
235,62.209227635047434,10.636347737040117,0.025028347317706083,76.00440446378384,74.01557943896877,50.23181272860072,64.49549239751981,54.24481587876952,55.22969165225847,88.51974856115825,58.55546781610142,53.09451833514978,71.91799717364457,70.7762729351333,57.455339399748944,57.78670827098341,58.59667748333151,47.69453507410837,43.766398559582555,55.69757974627386,73.71402261141212,62.04142513532553,74.57393241302573,57.723854881855594,58.67128322560013,75.25296549228068,63.416120258941206,58.986701606243244,51.2965416537233,77.10513234812034,51.23672803752253,51.19286426226765,72.98221720998778,0.02603174093036967,0.025126633160842397,0.02650908767504783,0.020570252208080564,0.02710408352514226,0.03483718104110279,0.021377766398129966,0.02807961143802172,0.03656528554218033,0.026844416670610723,0.03156333580557226,0.03055730959233611,0.024041187316960918,0.02475621430898991,0.022713766266634558,0.024852976687918714,0.025162105571735698,0.02398450840067651,0.0298365723074382,0.012698779372420806,0.030548269763594205,0.021323340164687923,0.022117201166589457,0.03184662268263867,0.025197214743274216,0.018934305424838763,0.02190415707501612,0.019641889156801186,0.025306922588524672,0.010817682545005342
236,62.18584606302029,10.646947804645064,0.026366093456855803,76.00440446378384,74.01557943896877,50.23181272860072,64.49549239751981,54.24481587876952,55.22969165225847,88.51974856115825,58.55546781610142,53.09451833514978,71.91799717364457,70.7762729351333,57.455339399748944,57.78670827098341,58.59667748333151,47.69453507410837,43.766398559582555,55.69757974627386,73.71402261141212,62.04142513532553,74.57393241302573,57.02240772104148,58.67128322560013,75.25296549228068,63.416120258941206,58.986701606243244,51.2965416537233,77.10513234812034,51.23672803752253,51.19286426226765,72.98221720998778,0.02613252321093048,0.03277659783728038,0.028461967527289703,0.02091994983572843,0.02798007366469684,0.03362705287036852,0.012549317236491213,0.032707337476761744,0.0411179435206675,0.02881557169545429,0.03114497551258454,0.03317277704720761,0.022320741326863215,0.022801087254013492,0.029619343791567415,0.02460803712556381,0.02569084898361359,0.024430894124591464,0.021503758650647756,0.017341867458220347,0.030921922469351243,0.028690643565619556,0.024426308896783926,0.026777467797901498,0.03022984578612027,0.022014653357870145,0.026780257317717923,0.02413568231406277,0.022076109681860773,0.01720724636784359
237,61.79403012022802,10.859097278071097,0.02615465950243758,76.00440446378384,74.01557943896877,50.23181272860072,64.49549239751981,54.14235038877698,55.22969165225847,88.51974856115825,58.55546781610142,45.81646849497388,71.91799717364457,67.03343896311713,57.455339399748944,57.78670827098341,58.59667748333151,47.69453507410837,43.766398559582555,55.69757974627386,73.71402261141212,62.04142513532553,74.57393241302573,57.02240772104148,58.04015424401675,75.25296549228068,63.416120258941206,58.986701606243244,51.2965416537233,77.10513234812034,51.23672803752253,51.19286426226765,72.98221720998778,0.02051126773985302,0.030362920460274175,0.02478251924895266,0.026578162710782456,0.03434655908529286,0.03425549788934195,0.020020086090655587,0.03458398604777024,0.0349093827749532,0.02587108638802975,0.03133508356664733,0.02774785441856007,0.02370044296321311,0.02437335439190088,0.024617298407955755,0.029760924508393537,0.023585518323642182,0.023831563317117284,0.01963600386997135,0.020253117343377803,0.029052948208039234,0.027797197295393924,0.02201864738254277,0.03231073590841437,0.02692604231222596,0.02445928746897475,0.02479651093438662,0.02179913778263834,0.02138272473820084,0.019033923495625577
238,61.52210151994166,10.937386351939496,0.02580103737960714,76.00440446378384,72.63250898837693,50.23181272860072,64.49549239751981,54.14235038877698,55.22969165225847,88.51974856115825,56.19436881980805,45.81646849497388,71.91799717364457,67.03343896311713,57.455339399748944,57.78670827098341,58.59667748333151,47.69453507410837,43.766398559582555,55.69757974627386,73.71402261141212,60.24439930866298,74.57393241302573,57.02240772104148,58.04015424401675,75.25296549228068,63.416120258941206,58.986701606243244,51.2965416537233,77.10513234812034,48.62006530247938,51.19286426226765,72.98221720998778,0.01990895312845483,0.03349241702298621,0.023899504044981333,0.022010596214478564,0.024612074278888986,0.03661629539708129,0.02242890848548601,0.03269427468899791,0.03736026423227294,0.025394358262530906,0.029159323680916015,0.027864131921746624,0.02500362080701752,0.02139657963094673,0.025987560017887705,0.027645076285670693,0.030484408061925015,0.021012801181127687,0.021076122975087087,0.018259030713994456,0.030397317030608453,0.023429198794393608,0.024267225415072834,0.024780250380137304,0.028369517294354135,0.022079423391342983,0.02419491132241354,0.02265282969397307,0.025927946634496872,0.021626200398942818
239,61.41083858555018,10.912782257353225,0.026178210289510655,76.00440446378384,72.63250898837693,50.23181272860072,64.49549239751981,54.14235038877698,55.22969165225847,88.51974856115825,56.19436881980805,45.81646849497388,70.05977341192461,67.03343896311713,57.455339399748944,57.78670827098341,58.59667748333151,47.69453507410837,43.766398559582555,54.21791547624963,73.71402261141212,60.24439930866298,74.57393241302573,57.02240772104148,58.04015424401675,75.25296549228068,63.416120258941206,58.986701606243244,51.2965416537233,77.10513234812034,48.62006530247938,51.19286426226765,72.98221720998778,0.020360005205652884,0.030277822224372017,0.029529577321801413,0.02430068076897113,0.022405065605308652,0.032427669491284825,0.01907190866244518,0.029735329755605208,0.03095866053865117,0.03631709158883229,0.02762483875765416,0.02660480000455471,0.027792706889374182,0.02501435468464857,0.021132695523419898,0.03124139053547101,0.027735636053701083,0.020946943093157967,0.021527700084640375,0.017468974710009216,0.038415874026389095,0.02246100353920935,0.024605053671171998,0.03060843437201153,0.03366104355632727,0.016208691499559894,0.03047819741409775,0.026878185253177256,0.01874528745179371,0.0208106864020257
240,61.01455664545657,11.068801218699164,0.02558727272415571,75.58010953317297,72.63250898837693,50.23181272860072,64.49549239751981,54.14235038877698,55.22969165225847,88.51974856115825,56.19436881980805,45.81646849497388,69.70393197629703,67.03343896311713,57.455339399748944,57.78670827098341,58.59667748333151,47.69453507410837,41.37675726337107,54.21791547624963,73.71402261141212,60.24439930866298,74.57393241302573,57.02240772104148,56.77515108066039,75.25296549228068,55.96244288193953,58.986701606243244,51.2965416537233,77.10513234812034,48.62006530247938,51.19286426226765,72.98221720998778,0.02203092090358217,0.02730875799752621,0.023352207041918187,0.026497210076890407,0.023087633505057326,0.031012417716793424,0.020927846862850385,0.0369444324253112,0.032372954246508136,0.027682526028698973,0.023583420378409548,0.02850171703166137,0.021780884040316476,0.024383509024482945,0.025465322995706134,0.02502841739991812,0.028202202408797252,0.021183189750247123,0.023103903649198343,0.021171946563646606,0.03703394242851521,0.017878308637332786,0.024985346797176938,0.03213106915212314,0.0300657941884021,0.017864400514731073,0.027953633507150764,0.02174059452060937,0.02287018631727763,0.02147348561383202
241,60.67385409117573,10.915617209457332,0.026286608205208045,75.58010953317297,72.63250898837693,50.23181272860072,64.49549239751981,54.14235038877698,55.22969165225847,84.67364318601257,56.19436881980805,45.81646849497388,69.70393197629703,67.03343896311713,57.455339399748944,57.78670827098341,58.59667748333151,47.69453507410837,41.37675726337107,54.21791547624963,73.71402261141212,60.24439930866298,74.57393241302573,57.02240772104148,52.42078072249022,75.25296549228068,55.96244288193953,58.986701606243244,49.275940758613764,77.10513234812034,48.62006530247938,51.19286426226765,72.98221720998778,0.020537509485394494,0.02995908193661726,0.025644419899126927,0.027132745885115377,0.017334141560288126,0.03289801532707521,0.022815550849614674,0.032136742512488346,0.037974034578781055,0.01732899028782875,0.024316777195878325,0.02669906103834089,0.023097102072906744,0.02126656308876143,0.02527550241868112,0.024650724390439364,0.03020817112734259,0.02464864792317223,0.02486094356959264,0.019954818619000846,0.03688309496864582,0.019379740884355588,0.025046536358641493,0.028603650760896458,0.03330736655869241,0.02513121955199725,0.02703018164441512,0.03278385832209965,0.02741407389324836,0.02427897944680288
242,59.63735096842074,11.639160142861076,0.027111469378313494,75.58010953317297,72.63250898837693,50.23181272860072,64.15576277761029,50.53811839366563,55.22969165225847,84.67364318601257,56.19436881980805,45.81646849497388,69.70393197629703,67.03343896311713,44.609623460878886,57.78670827098341,58.59667748333151,47.69453507410837,41.37675726337107,42.77316667739417,73.71402261141212,60.24439930866298,74.57393241302573,57.02240772104148,52.42078072249022,75.25296549228068,55.96244288193953,58.986701606243244,49.275940758613764,77.10513234812034,48.62006530247938,51.19286426226765,70.12154988008406,0.017544401283342323,0.032955612307444655,0.027234376913092863,0.021653946769073115,0.01640081058040002,0.030301549373970227,0.016229826817291536,0.03251493102543115,0.035883614629951696,0.026870426181626526,0.029820856141027655,0.021813916438767032,0.02747006656090952,0.020512845460360085,0.030855616916047972,0.02926959444295194,0.027599600670791646,0.02766905350888786,0.026922695294565948,0.026116021187158216,0.04117675034772111,0.02363649508915411,0.022917291650247546,0.03839126947714801,0.03003317983253229,0.026160762367801516,0.031080600387813538,0.02959285570820029,0.027177880262695773,0.0175372337229988
243,59.6082200055815,11.682345588957727,0.02669314370130739,75.58010953317297,72.63250898837693,50.23181272860072,64.15576277761029,50.53811839366563,55.22969165225847,84.67364318601257,56.19436881980805,45.81646849497388,69.70393197629703,67.03343896311713,44.609623460878886,57.78670827098341,58.59667748333151,47.69453507410837,41.37675726337107,41.89923779221705,73.71402261141212,60.24439930866298,74.57393241302573,57.02240772104148,52.42078072249022,75.25296549228068,55.96244288193953,58.986701606243244,49.275940758613764,77.10513234812034,48.62006530247938,51.19286426226765,70.12154988008406,0.01950548232237396,0.033677823676639025,0.027807855642636173,0.020084896832387074,0.02372464329853955,0.02822473142675857,0.02031290317263944,0.03552917244619988,0.03662802630515754,0.02440186757456204,0.0317648978959187,0.024298902745286708,0.0220645152713502,0.022615704862894367,0.0227062991258722,0.028926284399868593,0.03255132627725897,0.020443490091841567,0.02853833449527064,0.023955223225220534,0.028928195138732328,0.023006681720400077,0.021440912455738106,0.03501519396817627,0.025213200882596695,0.023996827362334838,0.032977235230919076,0.029316262023275606,0.02595812474313309,0.02717929642523959
244,59.218609874657055,11.481805365422145,0.02672461172592143,75.58010953317297,72.63250898837693,50.23181272860072,64.15576277761029,50.53811839366563,55.22969165225847,84.67364318601257,53.41063586454028,45.81646849497388,68.658955887844,67.03343896311713,44.609623460878886,57.78670827098341,56.960364130272936,47.69453507410837,41.37675726337107,41.89923779221705,73.71402261141212,60.24439930866298,68.35065088207176,57.02240772104148,52.42078072249022,75.25296549228068,55.96244288193953,58.986701606243244,49.275940758613764,77.10513234812034,48.62006530247938,51.19286426226765,70.12154988008406,0.02203588080880308,0.02817954308582494,0.030802777718777995,0.022343526399779077,0.021732927793768078,0.02668331485353634,0.01325380863931887,0.029953745664639212,0.03742034591956664,0.01968156281459692,0.03377840099490591,0.030375091746115364,0.02596159851764899,0.0244902767131981,0.02816967559694907,0.028135320244607177,0.028949587532226546,0.020438919101072303,0.03414608739281174,0.022879130999380177,0.03045220327062293,0.024581202447615656,0.02429145323603975,0.029971278546421447,0.026972743776510627,0.026446190992208903,0.028774716307011568,0.031949641404637824,0.02797847391963515,0.020908925339412417
245,58.891967330390536,11.290887694259192,0.026611823599618372,75.58010953317297,72.63250898837693,50.23181272860072,62.277689977121106,50.53811839366563,55.22969165225847,84.67364318601257,53.41063586454028,45.81646849497388,68.658955887844,67.03343896311713,44.609623460878886,57.78670827098341,56.960364130272936,47.69453507410837,41.37675726337107,41.89923779221705,73.71402261141212,60.24439930866298,66.4676581437954,57.02240772104148,52.42078072249022,72.10437539775623,55.96244288193953,56.09708091153776,49.275940758613764,77.10513234812034,48.62006530247938,51.19286426226765,70.12154988008406,0.015802886878251474,0.02159300087938941,0.026102381862915157,0.02040273345513592,0.021566280615566515,0.031299656181679104,0.015350303506367891,0.02956560640583016,0.037560674291369014,0.027763670466284432,0.030094804907358802,0.026785283519953393,0.02800125866793145,0.027383625637399517,0.024164023533916033,0.029105746080953412,0.03328690945656302,0.019801245007400145,0.035288725505738264,0.028241756354464867,0.030605515648223048,0.03171951960901923,0.01941962244895509,0.028349748605100793,0.027511183760627972,0.020746601776891013,0.031220753058977167,0.027594629745211,0.030020286632408702,0.022006273488668904
246,58.49229861482179,11.363843425530593,0.0279692098775775,75.58010953317297,72.63250898837693,50.23181272860072,62.277689977121106,50.53811839366563,55.22969165225847,84.67364318601257,53.41063586454028,45.81646849497388,65.8585390558166,67.03343896311713,44.609623460878886,57.78670827098341,54.75789164630421,47.69453507410837,41.37675726337107,41.89923779221705,73.71402261141212,60.24439930866298,66.4676581437954,57.02240772104148,52.42078072249022,72.10437539775623,55.96244288193953,49.109908760471384,49.275940758613764,77.10513234812034,48.62006530247938,51.19286426226765,70.12154988008406,0.021601910902782268,0.02782324866445319,0.024395553397487883,0.03287548647379786,0.0225158870027653,0.03125268615216127,0.023124548843082668,0.03341176034700196,0.03738822578832752,0.03184930629821337,0.030126343748335296,0.028758588885274577,0.027281580063397936,0.02490023458345182,0.01873947976367286,0.02570749785916669,0.026458024120188408,0.030003939657840782,0.029913259638356487,0.022245129100561797,0.031420531476231424,0.029936001126959755,0.024657402215864214,0.02965939616341821,0.029965765971560684,0.02480524164686062,0.03440122628571174,0.03553554939982742,0.024609387496947202,0.023713103253624003
247,57.531906187463775,10.210334820403615,0.0280882907346449,70.43627860626022,68.82285594644256,50.23181272860072,62.277689977121106,47.53539266495476,55.22969165225847,72.82851196409969,53.41063586454028,45.81646849497388,61.28062732782119,67.03343896311713,44.609623460878886,57.78670827098341,54.75789164630421,47.69453507410837,41.37675726337107,41.89923779221705,73.71402261141212,60.24439930866298,66.03513797052125,57.02240772104148,52.42078072249022,72.10437539775623,55.96244288193953,49.109908760471384,49.275940758613764,77.10513234812034,48.62006530247938,51.19286426226765,70.12154988008406,0.022585943394687814,0.029059191987500253,0.025167932780505633,0.030261790258727182,0.029870801805618675,0.030646700092150536,0.01872344018284107,0.03328333641541324,0.03979460461790897,0.032562420620943305,0.04086598279374366,0.026424476144734574,0.03158889216712289,0.030459257552724057,0.017604208316925232,0.030912511705971476,0.025320977026121134,0.023587790975726677,0.031136463511822088,0.023842725816965848,0.028350648591270323,0.024438229126036708,0.024544781072336302,0.029444391099418685,0.023751432080197032,0.02794002592771616,0.030517013449814688,0.03274531492786829,0.02789242687436794,0.019325010722166414
248,56.522212254539504,10.394321289548712,0.026302816315764546,70.43627860626022,68.82285594644256,46.69962716166928,62.277689977121106,47.53539266495476,55.192543925545074,72.82851196409969,45.59527040359648,45.81646849497388,59.008842821585546,67.03343896311713,44.609623460878886,57.78670827098341,54.75789164630421,47.69453507410837,41.37675726337107,41.89923779221705,73.71402261141212,60.24439930866298,53.40374162552132,56.2170623106225,52.42078072249022,72.10437539775623,52.76484991045473,49.109908760471384,49.275940758613764,77.10513234812034,48.62006530247938,51.19286426226765,70.12154988008406,0.02111450126091744,0.027064529298435294,0.019833464152994033,0.024859859845797153,0.0307957765034733,0.03326621979563654,0.014725917686610019,0.02971830927758389,0.03565755118078516,0.03047592741261984,0.028781987226409,0.023749906183371004,0.02959153464983198,0.034038676363050774,0.02438144089838249,0.02643918718029858,0.02297442121045353,0.021751092856869318,0.03515029343105919,0.020487540678942383,0.0335836048744751,0.02114644029435598,0.02195626066307302,0.023095011729768036,0.030320156122696822,0.024525300792728882,0.021822526977757835,0.030316491182830932,0.03059479115251516,0.01686576858921362
249,56.25266175476265,10.615841194021316,0.026086078285037166,70.43627860626022,68.82285594644256,46.69962716166928,62.277689977121106,47.53539266495476,55.192543925545074,72.82851196409969,45.59527040359648,45.81646849497388,59.008842821585546,67.03343896311713,44.609623460878886,57.78670827098341,54.75789164630421,47.69453507410837,41.37675726337107,36.554519146060485,73.71402261141212,60.24439930866298,53.40374162552132,56.2170623106225,51.447939423727966,70.33542034936887,52.76484991045473,49.109908760471384,49.275940758613764,77.10513234812034,48.62006530247938,51.19286426226765,70.12154988008406,0.024649461845579375,0.029432698160263213,0.024063976162839854,0.02421364089841792,0.027829914194354634,0.03516876648820554,0.014762565661905654,0.027161686164497746,0.023182085100909616,0.0309472509883994,0.02713385791549646,0.029527563849446836,0.03162129102949326,0.02805204836296043,0.01844269495956537,0.023861003450981307,0.03255813912548537,0.018686239017096266,0.025095478288712742,0.020324748974837673,0.030743387210794684,0.026568310805065453,0.0249871381287922,0.028295370133951878,0.030225316998343445,0.02664406486392962,0.02207264110040949,0.029209700010819302,0.022817489586142582,0.02430381907341766
250,55.88042241744339,10.608254623191293,0.026731100008744967,70.43627860626022,68.82285594644256,46.69962716166928,62.277689977121106,47.53539266495476,55.192543925545074,72.82851196409969,45.59527040359648,45.81646849497388,54.20456674899479,67.03343896311713,41.481976826636405,57.78670827098341,54.068316570965315,47.69453507410837,41.37675726337107,36.554519146060485,71.1683402740069,60.24439930866298,53.40374162552132,56.2170623106225,51.447939423727966,70.33542034936887,52.76484991045473,49.109908760471384,49.275940758613764,77.10513234812034,48.62006530247938,51.19286426226765,70.12154988008406,0.017671837905446297,0.03579450361238994,0.024843550792034902,0.030125869579585383,0.02670257628634321,0.0316875827186207,0.015158875485207793,0.03318563392269544,0.03457416526762317,0.02111975572295873,0.03213020455513538,0.02675433649641427,0.03128902287060146,0.024510749656568326,0.018961783049390477,0.023846172533092302,0.032093085495767594,0.020709608688380524,0.02365815972875436,0.024209090580159087,0.027947570865203386,0.02073682756501689,0.02460659293393602,0.025204849996854087,0.03128771247256637,0.03264309005040314,0.025351835927940287,0.03262072263329441,0.024290061102442858,0.028217171767522267
251,55.5781625541492,10.68908646131874,0.027190577985518397,70.43627860626022,68.82285594644256,46.69962716166928,62.277689977121106,47.53539266495476,55.192543925545074,72.82851196409969,45.59527040359648,45.81646849497388,50.22969673748214,67.03343896311713,41.481976826636405,54.146323133006206,54.068316570965315,46.241994324772094,41.37675726337107,36.554519146060485,71.1683402740069,60.24439930866298,53.40374162552132,56.2170623106225,51.447939423727966,70.33542034936887,52.76484991045473,49.109908760471384,49.275940758613764,77.10513234812034,48.62006530247938,51.19286426226765,70.12154988008406,0.02054065559769019,0.027166759334140245,0.019823686555235788,0.027412207541775375,0.0206051971074934,0.033151441120816263,0.020992266175509176,0.026162338758155074,0.031233040686574898,0.019824893112241764,0.028798792999934625,0.028477334359907104,0.03625508248065024,0.025893870785223663,0.02459522934952747,0.028155291567703626,0.030831670573333282,0.028327035603756,0.025308397655070796,0.022173001806048184,0.03121984961480966,0.029161135982656905,0.030285476188173115,0.029615106649959685,0.026162884592880787,0.03394415466973642,0.02802666771376843,0.02742989906823837,0.028658422675460465,0.025485549239081137
252,55.2686334906533,10.26220740330254,0.027607715503955122,70.43627860626022,68.82285594644256,46.69962716166928,62.277689977121106,47.53539266495476,55.192543925545074,72.82851196409969,45.59527040359648,45.81646849497388,50.22969673748214,67.03343896311713,41.481976826636405,54.146323133006206,54.068316570965315,46.241994324772094,41.37675726337107,36.554519146060485,71.1683402740069,60.24439930866298,51.89273587146612,56.2170623106225,51.447939423727966,70.33542034936887,52.76484991045473,49.109908760471384,49.275940758613764,69.33026619729861,48.62006530247938,51.19286426226765,70.12154988008406,0.015782495951471298,0.0365648614290297,0.021535521087647353,0.027594095649084115,0.028347187856403746,0.03466962203169137,0.016307679614654107,0.032869632016189344,0.03538019284270989,0.024184596616920767,0.02813306427189638,0.03160138643874673,0.034241437474393954,0.02451740446614716,0.02119323052866971,0.02668553760777171,0.028130209000277885,0.02241650441821024,0.032667997005863064,0.01985017612968989,0.030659975222131843,0.028089922464631066,0.02657030839082,0.031302063167116735,0.027795434890736288,0.037441125962299815,0.027610828672657833,0.0279473871695709,0.024580067484610897,0.02356151925660985
253,54.78257721786017,10.436487869076137,0.027682395715812713,70.43627860626022,67.17109925845824,46.69962716166928,62.277689977121106,47.53539266495476,55.192543925545074,72.82851196409969,45.59527040359648,45.81646849497388,50.22969673748214,67.03343896311713,41.481976826636405,54.146323133006206,54.068316570965315,46.241994324772094,40.2585631914415,36.554519146060485,71.1683402740069,60.24439930866298,51.89273587146612,56.2170623106225,51.447939423727966,68.9911325597899,52.76484991045473,49.109908760471384,49.275940758613764,69.33026619729861,44.74223258307679,44.6032473473689,70.12154988008406,0.02098922219808365,0.03610334304622789,0.026785445217614244,0.025498079803982394,0.02552864076568681,0.03524693187770565,0.022912126828685746,0.03265251944888248,0.036483598166311845,0.026937599960161637,0.028010750789052245,0.026436693727811253,0.029600235057610905,0.026496246056649214,0.023547293494006347,0.02882068675164097,0.02563267808540352,0.03422843390501228,0.03173655479947472,0.01785988401418314,0.027997697666697713,0.025194456426494743,0.02067009795879292,0.030494572497016512,0.024981579801367344,0.030718539126279282,0.02393758343556168,0.028580049996969337,0.029587190266388282,0.02680314030462678
254,54.64650655911756,10.253172058595803,0.02806722818302115,66.65565860681558,67.17109925845824,46.69962716166928,62.277689977121106,47.53539266495476,55.192543925545074,72.82851196409969,45.59527040359648,45.81646849497388,50.22969673748214,67.03343896311713,41.481976826636405,54.146323133006206,54.068316570965315,46.241994324772094,40.2585631914415,36.554519146060485,71.1683402740069,60.24439930866298,51.89273587146612,56.2170623106225,51.447939423727966,68.9911325597899,52.76484991045473,49.109908760471384,49.275940758613764,69.33026619729861,44.74223258307679,44.6032473473689,69.82005011725049,0.01848795266969998,0.03838581626760158,0.028573934877058844,0.02879517508449007,0.02414406203396828,0.039611780320424506,0.026702904521639145,0.0329563469461421,0.03420805580425275,0.02434378715379745,0.030790796892425046,0.024607771349524746,0.02402605399621987,0.0323732749742318,0.019836167026740167,0.023032856742657138,0.029607357785308524,0.024915884689460384,0.02576465329447916,0.019771239460359174,0.03421268485902161,0.027783730356995266,0.02401292031635921,0.02748618141220836,0.032253363631715035,0.02404715058588156,0.02994229800831996,0.03153641708217914,0.02729703497287224,0.032509192374601356
255,54.449749819801546,10.372695545729535,0.02878604590561979,66.65565860681558,67.17109925845824,46.69962716166928,62.277689977121106,47.53539266495476,55.192543925545074,72.82851196409969,45.59527040359648,45.81646849497388,50.22969673748214,67.03343896311713,40.169519719326196,54.146323133006206,54.068316570965315,46.241994324772094,40.2585631914415,36.554519146060485,71.1683402740069,60.24439930866298,48.639546076799846,56.2170623106225,50.110884146223924,68.9911325597899,52.76484991045473,49.109908760471384,49.275940758613764,69.33026619729861,44.74223258307679,44.6032473473689,69.82005011725049,0.024632558893577027,0.03988880781998467,0.027798496319470466,0.033266908439121376,0.018652997127364804,0.036031698481781636,0.02328840493841895,0.03175805983768399,0.03653199402869767,0.030416554995304844,0.03199381276878784,0.023483924008313107,0.030122335202764246,0.029636178416357597,0.021116904397626035,0.01795274912380751,0.03567916275008449,0.030919416277167308,0.029563240190746867,0.021833086482015804,0.040714959675317776,0.02698981998437501,0.02711820400665726,0.024258251496348422,0.03419770200680418,0.02258260839246517,0.02454776231175825,0.03207267782807613,0.030782425974376526,0.025749674993339015
256,54.27714865512006,10.391464749158233,0.027824630642068134,66.65565860681558,65.30056585450572,46.69962716166928,62.277689977121106,44.22789112846246,55.192543925545074,72.82851196409969,45.59527040359648,45.81646849497388,50.22969673748214,67.03343896311713,40.169519719326196,54.146323133006206,54.068316570965315,46.241994324772094,40.2585631914415,36.554519146060485,71.1683402740069,60.24439930866298,48.639546076799846,56.2170623106225,50.110884146223924,68.9911325597899,52.76484991045473,49.109908760471384,49.275940758613764,69.33026619729861,44.74223258307679,44.6032473473689,69.82005011725049,0.021035774352427997,0.03956302284792079,0.02670977935939203,0.031247186965935182,0.02224331046206906,0.031558080416894216,0.027247932455883216,0.028052073047572238,0.032093536186923094,0.02216403391800445,0.02872222199709734,0.027444297554267527,0.028170659735063282,0.026226922150473404,0.027936457249049626,0.028397232912656983,0.031684569481464975,0.03168747915054324,0.019063933419598514,0.022728810274194957,0.03454900339601242,0.028997629288798697,0.022686478205414418,0.029800078836195485,0.02857531944332803,0.024292639715672942,0.02676667249466584,0.028804874504147805,0.029955706721866496,0.026333202718509738
257,54.15111248540863,10.448617509992529,0.02718680591071203,66.65565860681558,65.30056585450572,46.69962716166928,62.277689977121106,44.22789112846246,55.192543925545074,72.82851196409969,45.59527040359648,45.81646849497388,50.22969673748214,67.03343896311713,37.74495737446092,54.146323133006206,54.068316570965315,46.241994324772094,40.2585631914415,36.554519146060485,71.1683402740069,60.24439930866298,48.639546076799846,56.2170623106225,50.110884146223924,67.63460981331271,52.76484991045473,49.109908760471384,49.275940758613764,69.33026619729861,44.74223258307679,44.6032473473689,69.82005011725049,0.018875456661266676,0.038127115306063435,0.01769199244783663,0.028096520545308583,0.028883745221953392,0.02957272630844466,0.02491678439904316,0.034958817493011544,0.0362322900220583,0.02306456511913494,0.029386585251328114,0.028570849707289056,0.027571048045550956,0.02449674816995085,0.0267785664581588,0.020618099888756552,0.030248707516512183,0.029544226506816013,0.029201658715997086,0.01427318547658231,0.03603900596338136,0.026252819496933873,0.021453968320984795,0.02603659245686951,0.024121079742044242,0.028348149878049657,0.02636382627545432,0.03014537532841442,0.02941153668984357,0.026322133908321794
258,53.12852670245617,10.207373764395323,0.026946717468217238,62.29948406845599,65.30056585450572,46.69962716166928,62.277689977121106,44.22789112846246,55.192543925545074,72.82851196409969,45.59527040359648,43.45849268996152,50.22969673748214,62.393412996747,37.74495737446092,49.40259743737143,50.8369413390933,46.241994324772094,36.651472752697806,36.554519146060485,71.1683402740069,60.24439930866298,48.639546076799846,56.2170623106225,50.110884146223924,67.63460981331271,52.76484991045473,49.109908760471384,47.22572329629956,69.33026619729861,44.74223258307679,44.6032473473689,64.1290617669835,0.02208309956323099,0.035267303355010576,0.013698735138142511,0.028981988387440746,0.03304926918296308,0.024090263517188237,0.02731885545517944,0.029792597521090498,0.0322890777025206,0.023349784180197595,0.031076215036302493,0.0207966973982027,0.03596040331369218,0.020063751388700042,0.026681472837899123,0.016843098667661326,0.0361181250897692,0.02183931577718786,0.031093174412703494,0.02456726327109624,0.037331415865113904,0.02714434317007095,0.016077048002612476,0.030710578666394817,0.03052397844730806,0.018284152600249633,0.022840068690125895,0.03255877273659196,0.028983039646883348,0.028987635024987253
259,52.843482829085,9.906976047094918,0.02742639485614554,60.31146550245254,65.30056585450572,46.070078179450896,62.277689977121106,44.22789112846246,55.192543925545074,72.82851196409969,45.59527040359648,43.45849268996152,50.22969673748214,62.393412996747,37.74495737446092,49.40259743737143,50.8369413390933,46.241994324772094,36.651472752697806,36.554519146060485,65.80589137300207,60.24439930866298,48.639546076799846,56.2170623106225,50.110884146223924,67.63460981331271,52.76484991045473,49.109908760471384,47.22572329629956,69.33026619729861,44.1709328311684,44.6032473473689,64.1290617669835,0.016811379330975453,0.03729563228219837,0.01886918242803557,0.02665348005413235,0.02850890268797235,0.027123580857766103,0.02779513545648833,0.029635955144732128,0.03525571066877944,0.023482454981105162,0.026048230324614747,0.023696340192587408,0.03125123248844936,0.02890052673030538,0.026536488113905236,0.02330761797317022,0.030808661092595776,0.018385503625791957,0.02647091746263941,0.02821687066805856,0.029824045183816206,0.030825298928106065,0.01746318418739291,0.025350048267564255,0.034020038286790365,0.026053493673674707,0.029672677762222308,0.030959129120912858,0.03471064383007489,0.02885948387950843
260,52.546592179962225,9.813756990613811,0.027141574733578037,60.31146550245254,65.30056585450572,46.070078179450896,62.277689977121106,44.22789112846246,55.192543925545074,72.82851196409969,45.59527040359648,43.45849268996152,50.22969673748214,62.393412996747,37.74495737446092,49.40259743737143,50.8369413390933,46.241994324772094,36.651472752697806,36.554519146060485,65.80589137300207,51.33767983497984,48.639546076799846,56.2170623106225,50.110884146223924,67.63460981331271,52.76484991045473,49.109908760471384,47.22572329629956,69.33026619729861,44.1709328311684,44.6032473473689,64.1290617669835,0.01973804348643575,0.036102509756650664,0.023109318991976862,0.028141488918477807,0.01919018794638857,0.030688333046710425,0.020836370070278786,0.03312444486706967,0.030249719028534783,0.02090676040802517,0.023603710199471904,0.0253146830180948,0.02959624002410005,0.029929979198999285,0.023939528358580736,0.028001791781956872,0.03177166948750528,0.019078955471793765,0.02663545626481642,0.026389923672543152,0.023437174844200735,0.02791733464231403,0.018126980060986172,0.02826755668445511,0.03547442832398321,0.030025652927008456,0.020286096395296754,0.037284187530759155,0.03631162113761913,0.030767095462307874
261,51.32794704697055,10.923752873390617,0.026503591450704193,60.31146550245254,65.30056585450572,46.070078179450896,62.277689977121106,44.22789112846246,54.93145076458345,72.82851196409969,45.59527040359648,43.45849268996152,50.22969673748214,62.393412996747,37.74495737446092,49.40259743737143,50.8369413390933,46.241994324772094,36.651472752697806,36.554519146060485,65.80589137300207,51.33767983497984,48.639546076799846,51.981950300773015,39.64266229731246,67.63460981331271,52.76484991045473,28.328393766422447,47.22572329629956,69.33026619729861,43.357520855189485,44.6032473473689,64.1290617669835,0.016044620390765787,0.03433921640485122,0.02873829083551012,0.023120968192743667,0.02594873469307557,0.030702783967828766,0.02489181175628359,0.029446939979761437,0.03327556185169601,0.0217318830655245,0.01742887283945961,0.023303146716786224,0.03358197430472501,0.0339827618868396,0.018561208871129303,0.02458513859133764,0.030574523153941227,0.01784632730859335,0.02501414240073157,0.019371003594788216,0.021570340392759374,0.028420973102872674,0.024271327615413025,0.029201101216409533,0.03249096540465812,0.0277172838364683,0.027556896453096953,0.03341004981876559,0.031243911209576883,0.02673498366473266
262,51.038597675122624,10.740658751079117,0.027773493617600217,60.31146550245254,65.30056585450572,46.070078179450896,62.277689977121106,43.0191713546782,54.93145076458345,72.82851196409969,45.59527040359648,43.45849268996152,50.22969673748214,62.393412996747,37.74495737446092,49.378248769029035,50.8369413390933,46.241994324772094,36.651472752697806,36.554519146060485,65.80589137300207,51.33767983497984,48.639546076799846,51.981950300773015,39.64266229731246,67.63460981331271,52.76484991045473,28.328393766422447,47.22572329629956,69.33026619729861,43.357520855189485,44.6032473473689,56.68164905367244,0.02388735527282674,0.038647959576220414,0.03057953117355855,0.024447568031917343,0.024803757141921,0.033058777174913234,0.024467397136145055,0.035895979215094805,0.03398724207893224,0.02575219699806787,0.023272817105457547,0.028663284372960677,0.025884727016370377,0.02921373415765836,0.017062639614040098,0.022815354494290098,0.03562101123476421,0.021791915245077127,0.027141720803867318,0.021226703276945424,0.025986971062340977,0.02768890232921799,0.026040987816873293,0.02808346665081745,0.03476906245833042,0.029171734119753937,0.027270772681819974,0.034360755002379076,0.028088240728568734,0.023522244556876237
263,51.008739800123934,10.752455177706778,0.0262231652554523,60.31146550245254,65.30056585450572,46.070078179450896,62.277689977121106,43.0191713546782,54.93145076458345,72.82851196409969,45.59527040359648,43.45849268996152,50.22969673748214,62.393412996747,37.74495737446092,49.378248769029035,50.8369413390933,46.241994324772094,36.651472752697806,36.554519146060485,65.80589137300207,51.33767983497984,48.639546076799846,51.981950300773015,39.64266229731246,67.63460981331271,52.76484991045473,28.328393766422447,46.32998704633886,69.33026619729861,43.357520855189485,44.6032473473689,56.68164905367244,0.016178465725978503,0.03302108276830851,0.018626861278990423,0.022868117696895965,0.020608574508818207,0.028616526765881903,0.01960287718709286,0.018601336900879444,0.032724662861735,0.027910104810302993,0.03316993819056495,0.026929338717858096,0.02741325484595876,0.03411731228854275,0.025649928085020167,0.019313879928484545,0.031086711457733365,0.024186592699728823,0.025260517872132165,0.021679965353297175,0.025939651195540786,0.024331800612698046,0.021434895753156227,0.038183553135655135,0.035949392420960936,0.025406226124850696,0.02516795892011706,0.027703788521680747,0.023241254979681616,0.03177038605502325
264,50.818506292022775,10.648720707015196,0.026563647131497857,57.39432758895308,65.30056585450572,46.070078179450896,61.403749630469925,43.0191713546782,54.93145076458345,72.03077905314521,45.59527040359648,43.45849268996152,50.22969673748214,62.393412996747,37.74495737446092,49.378248769029035,50.8369413390933,46.241994324772094,35.53327868076824,36.554519146060485,65.80589137300207,51.33767983497984,48.639546076799846,51.981950300773015,39.64266229731246,67.63460981331271,52.76484991045473,28.328393766422447,46.32998704633886,69.33026619729861,43.357520855189485,44.6032473473689,56.68164905367244,0.021689464759683724,0.04096239274925845,0.019133769413079454,0.021628047369306146,0.017497833592359652,0.02808555368396767,0.025047406317346366,0.02626600962121372,0.03321156953390062,0.023144253614240565,0.02762772176993919,0.029256984501383372,0.027779860882918884,0.02566922606967284,0.022660858288536125,0.022702313616124067,0.023592517796669866,0.023695286365820502,0.028854396482270235,0.025837921082942056,0.024969557196965367,0.02797019265682613,0.021318162318530377,0.034255398957860055,0.03665465486221528,0.030611825225768444,0.027598792831874316,0.03543408406289439,0.023278029929084405,0.020475328392283536
265,50.541902908359575,10.751922052683547,0.027199127681677097,57.39432758895308,65.30056585450572,46.070078179450896,61.403749630469925,43.0191713546782,54.93145076458345,72.03077905314521,45.59527040359648,43.45849268996152,50.22969673748214,62.393412996747,37.74495737446092,49.378248769029035,42.53883982919737,46.241994324772094,35.53327868076824,36.554519146060485,65.80589137300207,51.33767983497984,48.639546076799846,51.981950300773015,39.64266229731246,67.63460981331271,52.76484991045473,28.328393766422447,46.32998704633886,69.33026619729861,43.357520855189485,44.6032473473689,56.68164905367244,0.02326250467439039,0.03725751103160588,0.023499152424292822,0.01978976390045002,0.0213432659217201,0.024946339838515387,0.0165321638447957,0.027857587292565707,0.0353491862898829,0.019756832595850007,0.029797069662748116,0.031983877725267826,0.03172390462664848,0.02982258327451205,0.026461137107510867,0.028993082822307593,0.03028105095062888,0.023676935080871393,0.031882770886777496,0.0262471265929786,0.030216573601657557,0.02824549833531558,0.014627060985213259,0.03536449588907177,0.03602853476828256,0.02786737738147653,0.0254085042481638,0.030440031864809036,0.022097380061650265,0.02521452677035243
266,49.6935402115463,10.850803734318367,0.02623558521053313,57.39432758895308,65.30056585450572,46.070078179450896,61.403749630469925,43.0191713546782,54.93145076458345,72.03077905314521,45.59527040359648,43.45849268996152,50.22969673748214,62.393412996747,36.94747887449869,49.378248769029035,42.53883982919737,33.854798541826845,35.53327868076824,36.554519146060485,59.442067397900836,51.33767983497984,48.639546076799846,51.981950300773015,36.90214109338688,67.63460981331271,52.76484991045473,28.328393766422447,46.32998704633886,66.1684047548346,43.357520855189485,44.6032473473689,56.68164905367244,0.028571755371687817,0.033211160802665084,0.02298603897693017,0.023834364297615908,0.011515586710426623,0.028098644096081746,0.02182755300430389,0.029110472727296156,0.033730366221052355,0.022900981476917697,0.034526307108640616,0.025715784887853848,0.025160497931614786,0.026738044767251168,0.01924972118815721,0.02129934738603587,0.024163905914394605,0.021163851088850747,0.02923945520995578,0.033155800850535086,0.029093686303201527,0.022950289667760186,0.018340588630581512,0.03254026084250698,0.029181431334184244,0.025285632961409423,0.027142442514771985,0.03296465432082739,0.028764540141617674,0.024604389580865894
267,49.63306612813229,10.847474276068896,0.027363124577680555,57.39432758895308,64.85152663864243,44.70489489289386,61.403749630469925,43.0191713546782,54.93145076458345,72.03077905314521,45.59527040359648,43.45849268996152,50.22969673748214,62.393412996747,36.94747887449869,49.378248769029035,42.53883982919737,33.854798541826845,35.53327868076824,36.554519146060485,59.442067397900836,51.33767983497984,48.639546076799846,51.981950300773015,36.90214109338688,67.63460981331271,52.76484991045473,28.328393766422447,46.32998704633886,66.1684047548346,43.357520855189485,44.6032473473689,56.68164905367244,0.020019321886114255,0.039193013131795344,0.030696899297864497,0.03084111882026823,0.018399889523654372,0.02585814003691757,0.019761686478851192,0.026462971585283025,0.032051175319637915,0.023179710398585386,0.036042709637359546,0.022654589775409052,0.03491651008138384,0.029552504435123528,0.019864931416966113,0.026745679760526712,0.02836848464982085,0.024678352257909028,0.03585477928297425,0.019752233232497512,0.0283288743558965,0.027431918394031512,0.02509253070183588,0.02926492082389004,0.03581385485085468,0.02841281777543664,0.027813217941429498,0.02609874380454156,0.023406831319729794,0.024335326353828516
268,49.44473908089948,10.919856963322674,0.027123419376863335,57.39432758895308,64.1145185678666,42.89477335889029,61.403749630469925,42.195345432016815,54.93145076458345,72.03077905314521,45.59527040359648,43.45849268996152,50.22969673748214,62.393412996747,36.94747887449869,49.378248769029035,40.25998393965382,33.854798541826845,35.53327868076824,36.554519146060485,59.442067397900836,51.33767983497984,48.639546076799846,51.981950300773015,36.90214109338688,67.63460981331271,52.76484991045473,28.328393766422447,46.32998704633886,66.1684047548346,43.357520855189485,44.6032473473689,56.68164905367244,0.020828920408175335,0.03151140446989554,0.01892596987639775,0.027356308633215715,0.0133534754950354,0.032517227767644416,0.02760815348540765,0.025079750906459742,0.03494234842465118,0.019671042094232465,0.02996839179884141,0.024795029273689623,0.034429229224401794,0.029129660931621074,0.0254529825106721,0.02887329170331056,0.03880183186906055,0.032067608621347006,0.02868001704181019,0.022303079257487445,0.035332555304495084,0.03265429295119597,0.021335244766602035,0.02443285420061856,0.035784499300791126,0.02623146267676386,0.02271842744808692,0.026190379625044908,0.02195198389598636,0.020775157342958064
269,49.36339680875772,10.818900595750392,0.02641876297606617,57.39432758895308,61.67425040361395,42.89477335889029,61.403749630469925,42.195345432016815,54.93145076458345,72.03077905314521,45.59527040359648,43.45849268996152,50.22969673748214,62.393412996747,36.94747887449869,49.378248769029035,40.25998393965382,33.854798541826845,35.53327868076824,36.554519146060485,59.442067397900836,51.33767983497984,48.639546076799846,51.981950300773015,36.90214109338688,67.63460981331271,52.76484991045473,28.328393766422447,46.32998704633886,66.1684047548346,43.357520855189485,44.6032473473689,56.68164905367244,0.01971079554999699,0.030454828461051766,0.018568409437049765,0.0309138328710552,0.01973442334254625,0.030120411016305478,0.023409649438990897,0.02968318902934216,0.03465417834475297,0.02312420621636925,0.026186281546211956,0.021351486360097583,0.02843842283016975,0.02423854011446052,0.02389906379484925,0.02230966897054561,0.038040781447093205,0.03104100658902896,0.026883601132802304,0.023697098047615942,0.03188041866844342,0.03242521147233177,0.017930247681532185,0.019183521985988494,0.03334537265016216,0.024467025814166227,0.023911792912114684,0.030984772906557396,0.0293391173191204,0.022635533331232537
270,49.22762075555123,10.773635054265954,0.02758180593677782,57.39432758895308,61.67425040361395,42.89477335889029,61.403749630469925,42.195345432016815,50.858169168388436,72.03077905314521,45.59527040359648,43.45849268996152,50.22969673748214,62.393412996747,36.94747887449869,49.378248769029035,40.25998393965382,33.854798541826845,35.53327868076824,36.554519146060485,59.442067397900836,51.33767983497984,48.639546076799846,51.981950300773015,36.90214109338688,67.63460981331271,52.76484991045473,28.328393766422447,46.32998704633886,66.1684047548346,43.357520855189485,44.6032473473689,56.68164905367244,0.02104175290809883,0.029052031240352202,0.017857214566184106,0.031838931787450876,0.019250986384193328,0.030878686517991295,0.019220739863191942,0.029883396754604538,0.036202517756025,0.027885728560271692,0.027595375104309955,0.023138802142542554,0.030466613867238326,0.022635270002606362,0.02700559976130768,0.029476401979336826,0.03574423930632385,0.025340164164646697,0.0248042882723259,0.026391091142750032,0.03558450820229205,0.02735626658797763,0.024728915476604073,0.0254440260671489,0.03640196206994014,0.02984746554038411,0.02297336355308715,0.026460644381325206,0.032940992730087465,0.030006201412735797
271,49.083712208136134,10.884821015208205,0.027238973266877044,57.39432758895308,61.67425040361395,42.89477335889029,61.403749630469925,38.14682466146236,50.858169168388436,72.03077905314521,45.59527040359648,43.45849268996152,49.96096108558399,62.393412996747,36.94747887449869,49.378248769029035,40.25998393965382,33.854798541826845,35.53327868076824,36.554519146060485,59.442067397900836,51.33767983497984,48.639546076799846,51.981950300773015,36.90214109338688,67.63460981331271,52.76484991045473,28.328393766422447,46.32998704633886,66.1684047548346,43.357520855189485,44.6032473473689,56.68164905367244,0.023903536526703538,0.024833501559246695,0.014835403238384615,0.027477347142920373,0.024311556014143854,0.03422636812953674,0.02654027359304597,0.028067553001208403,0.032962725785093835,0.030501998835035647,0.02700743788071109,0.02706453803196454,0.02790108069259169,0.02628667931051018,0.021798076348174884,0.03000552029571473,0.03402150165961814,0.01926369166964339,0.02373441009369602,0.02789263122609202,0.029359621924349884,0.02415062498130295,0.029423330514554175,0.020809723383729467,0.02948385987948126,0.03032226597983951,0.030616926219665233,0.030164645695348963,0.031490984766753834,0.02871138362724987
272,48.692820244308884,10.939199318984063,0.026677510765683622,57.39432758895308,61.67425040361395,38.766649863012574,61.403749630469925,38.14682466146236,50.858169168388436,72.03077905314521,45.59527040359648,43.45849268996152,49.96096108558399,62.393412996747,36.94747887449869,49.378248769029035,40.25998393965382,33.854798541826845,35.53327868076824,36.554519146060485,59.442067397900836,49.929945063152694,48.639546076799846,51.981950300773015,36.90214109338688,67.46927376791001,52.76484991045473,28.328393766422447,46.32998704633886,66.1684047548346,41.33187208485923,44.6032473473689,52.68173322229254,0.024388177241534765,0.029189997562477393,0.015273560451542484,0.030130409505161222,0.02336304466229105,0.026724305700980208,0.027894540826652336,0.02303479157620853,0.02738077314211436,0.029834903134352803,0.026485100816368706,0.03045524211745204,0.026088166034309773,0.028758967912640536,0.026002619060042656,0.030998210058377502,0.03350594707273815,0.02324442342254638,0.024988275927260183,0.02778919279641474,0.027202069593524725,0.02237787514215784,0.030512761834133324,0.018160219781766875,0.03635608920498844,0.031456312378596855,0.026301332333045595,0.020856418282990508,0.025630214905214166,0.025941380492624656
273,47.807816387246525,10.497731886381368,0.02734913509772471,57.39432758895308,61.67425040361395,38.766649863012574,61.403749630469925,38.14682466146236,50.858169168388436,72.03077905314521,41.56076813280721,43.45849268996152,47.88050906096231,62.393412996747,36.94747887449869,49.378248769029035,40.25998393965382,33.854798541826845,35.53327868076824,36.554519146060485,59.442067397900836,49.929945063152694,48.639546076799846,51.981950300773015,36.90214109338688,67.46927376791001,52.35621430011246,28.328393766422447,46.32998704633886,46.48973378484937,41.33187208485923,44.25539251123701,52.68173322229254,0.024428294930616278,0.032721460885955005,0.02038103078326089,0.026507545189463164,0.020250020165113628,0.030308218829119507,0.027921790074755495,0.028332655882859367,0.03278974762485122,0.030160983068725743,0.0300159668560244,0.01955172922537113,0.02851369775328231,0.028566530359054362,0.025039470734649003,0.02905665862700725,0.032643186998514755,0.015891661245449575,0.0334584866185378,0.026089239685960774,0.03894751123016747,0.024621180813612753,0.03011857610580177,0.022420602022720008,0.0373879650477083,0.029021346572859246,0.022507801292462805,0.027459524431910645,0.01897675192346894,0.026384417952457714
274,47.415612396135906,10.366980019827379,0.027185697144463918,57.39432758895308,61.67425040361395,38.766649863012574,61.403749630469925,38.14682466146236,50.858169168388436,71.9054093004073,41.56076813280721,43.45849268996152,47.88050906096231,62.393412996747,36.94747887449869,48.93341169616222,40.25998393965382,33.45645708265297,35.53327868076824,36.554519146060485,59.442067397900836,49.929945063152694,41.27545855656648,51.981950300773015,36.90214109338688,64.03578983960325,52.35621430011246,28.328393766422447,46.32998704633886,46.48973378484937,41.33187208485923,44.25539251123701,52.68173322229254,0.014887885230725912,0.030783899693027448,0.014792545673669678,0.023554201607277767,0.024779373392411007,0.02474262961928423,0.024416143915395837,0.025776594002622062,0.031134697235076697,0.034071063208120124,0.034514698473528005,0.020627016749458597,0.02645050195418757,0.03209332708469786,0.025101940271284116,0.0331411962510179,0.0350382196201427,0.020467744019619732,0.031585414407754725,0.026750740076506633,0.032494595234330036,0.022616746623538426,0.02779270615162468,0.029910240569763498,0.03143898772503837,0.031851827419195684,0.025964027175744732,0.02529153552542675,0.023465637876775514,0.030034777546671193
275,47.274372206096885,10.292697127251733,0.029290594580029375,57.39432758895308,61.67425040361395,38.766649863012574,61.232639917192266,37.51949597172599,50.858169168388436,71.9054093004073,41.56076813280721,43.45849268996152,47.88050906096231,61.071339485309075,36.94747887449869,48.93341169616222,40.25998393965382,33.45645708265297,35.53327868076824,36.554519146060485,59.442067397900836,49.929945063152694,41.27545855656648,49.865256514054344,36.90214109338688,64.03578983960325,52.35621430011246,28.328393766422447,46.32998704633886,46.48973378484937,41.33187208485923,44.25539251123701,52.68173322229254,0.01932245227417695,0.032470366692694305,0.0180215808690848,0.03140732130027288,0.03374684617807442,0.030373636057864674,0.01680245618494279,0.024934118185354057,0.03166964596625588,0.0308691506624324,0.03625216423570131,0.024429417577382186,0.025862043991288573,0.040072658259805646,0.029124232014351853,0.030031331051623186,0.034943524786146506,0.029692528894978792,0.03688905615777546,0.026660688100237223,0.030585384252842993,0.02420850773668367,0.021101727041815715,0.03210217913049743,0.03462872633757912,0.03192340832445379,0.030911697292469453,0.02797734986525382,0.028187819027280184,0.03351581895156122
276,46.74831079887495,10.241894667343566,0.02782648025345197,53.81989189968783,61.67425040361395,38.766649863012574,61.232639917192266,35.426129896652334,50.858169168388436,71.9054093004073,41.56076813280721,43.45849268996152,47.88050906096231,61.071339485309075,36.94747887449869,48.25620512514738,40.25998393965382,33.45645708265297,35.53327868076824,36.554519146060485,59.442067397900836,49.929945063152694,41.27545855656648,49.865256514054344,36.90214109338688,64.03578983960325,42.919380418808025,28.328393766422447,46.32998704633886,46.48973378484937,41.33187208485923,44.25539251123701,52.68173322229254,0.018618783898603754,0.03574408891058285,0.017168004650121946,0.028546373298948782,0.03351590194337318,0.025824284339899493,0.024258093825373146,0.025607584691408003,0.03292949621582305,0.02923205358617284,0.03329140574251181,0.027125290802584103,0.0280491099082167,0.032706478007399745,0.029218662595279242,0.030421525244413227,0.03160108697016473,0.030398673410683138,0.029981432106409488,0.022224143339843946,0.034413112827238974,0.0243805926562351,0.023998297636683784,0.025404287521436357,0.02487262348762151,0.03248706839282681,0.023780032781150394,0.026203061341359045,0.023950030337055738,0.02884282713413823
277,46.585713939960996,10.16134915192451,0.02765055113060343,53.81989189968783,61.67425040361395,38.766649863012574,61.232639917192266,35.19589461319962,50.858169168388436,71.9054093004073,41.56076813280721,43.45849268996152,47.88050906096231,57.72508393506776,36.94747887449869,48.25620512514738,40.25998393965382,33.45645708265297,34.2318637470439,36.554519146060485,59.442067397900836,49.929945063152694,41.27545855656648,49.865256514054344,36.90214109338688,64.03578983960325,42.919380418808025,28.328393766422447,46.32998704633886,46.48973378484937,41.33187208485923,44.25539251123701,52.68173322229254,0.02992669617101947,0.03553878953510476,0.017826885779159817,0.030268500330552145,0.028435951507512908,0.030375941337075,0.028213128756991324,0.026189737253219603,0.030636488460581368,0.028284204611158822,0.032793195885740506,0.029097186858714395,0.025292607764557218,0.02941387016579141,0.028853635484621776,0.02939098937394154,0.03119366130595643,0.026474892819534187,0.025813233863064534,0.019985073881737134,0.032637336822789076,0.018845389712335306,0.021925840590223778,0.02530875502292186,0.03283542860930111,0.03035047755862924,0.030326981859941753,0.02958756174949138,0.021690401330967585,0.022003689515467616
278,46.51105113156473,10.190185678106644,0.026736289255935314,53.81989189968783,61.67425040361395,38.766649863012574,61.232639917192266,35.19589461319962,50.858169168388436,71.9054093004073,41.56076813280721,43.45849268996152,47.88050906096231,57.72508393506776,36.94747887449869,48.25620512514738,39.09726092401189,33.45645708265297,34.2318637470439,36.554519146060485,59.442067397900836,49.929945063152694,41.27545855656648,49.865256514054344,36.90214109338688,64.03578983960325,42.919380418808025,28.328393766422447,45.25282581009271,46.48973378484937,41.33187208485923,44.25539251123701,52.68173322229254,0.025208040989361646,0.03095717896118071,0.017264075272722595,0.031488820945699256,0.02774431279762381,0.026996463829088563,0.026089482855420548,0.029093091030554727,0.03240497389740537,0.03134716802006316,0.03602730532656206,0.02071758848068958,0.017420865632072555,0.02539132392383174,0.024348355256660573,0.025634514833711968,0.03106214105013094,0.01884036700958474,0.027788448996480003,0.027038570774837317,0.026926902328486817,0.018304948183225735,0.0277060086244339,0.031137528178488513,0.0315637272186115,0.030016242046137676,0.03180476370164714,0.027364706140586833,0.019791859787502152,0.024608901585257234
279,46.14709518525088,10.082460495790553,0.027252735215185526,53.81989189968783,61.67425040361395,38.766649863012574,60.45230463373114,31.63085956944475,50.858169168388436,69.62414249763194,41.56076813280721,43.45849268996152,47.88050906096231,56.49964660700002,36.94747887449869,48.25620512514738,39.09726092401189,33.45645708265297,34.2318637470439,36.554519146060485,59.442067397900836,49.929945063152694,41.27545855656648,49.865256514054344,36.90214109338688,64.03578983960325,42.919380418808025,28.328393766422447,45.25282581009271,46.48973378484937,41.33187208485923,42.09360271818512,51.7769190839882,0.02277348236893796,0.027290813156774996,0.018486796543486877,0.029514965194450515,0.029009408805894928,0.030564021768009687,0.023256820879983136,0.02002809650043641,0.034162986120317144,0.03444273448202845,0.03410571385092741,0.021833092054571103,0.022358418829397427,0.02591417944011202,0.025316339630117247,0.024445352669704233,0.029523046183361365,0.019212979202808757,0.029688806004233747,0.026714424100059274,0.02548488402866389,0.029371530777637288,0.028150985155025128,0.031727615655884826,0.029700579439102197,0.03470009388360229,0.03563227872672091,0.029494749514957196,0.02091401334112224,0.02376284814723704
280,46.14286085370039,10.085585362857882,0.027602164721496063,53.81989189968783,61.67425040361395,38.63961991649762,60.45230463373114,31.63085956944475,50.858169168388436,69.62414249763194,41.56076813280721,43.45849268996152,47.88050906096231,56.49964660700002,36.94747887449869,48.25620512514738,39.09726092401189,33.45645708265297,34.2318637470439,36.554519146060485,59.442067397900836,49.929945063152694,41.27545855656648,49.865256514054344,36.90214109338688,64.03578983960325,42.919380418808025,28.328393766422447,45.25282581009271,46.48973378484937,41.33187208485923,42.09360271818512,51.7769190839882,0.02785348732022127,0.02922003822537849,0.0170103978246095,0.03132330201194929,0.03062355885756194,0.03181556647470583,0.018962931941299676,0.02543923445931839,0.034127454955196444,0.03504741440764217,0.030199495638145946,0.02902900175489413,0.02793737305073175,0.024641078004485378,0.026131965432746256,0.02572141503532833,0.02957214438180708,0.02178528180322173,0.02705834293860166,0.026412036350485738,0.028055249806240346,0.024289821886104575,0.023220018738093325,0.023503030008632804,0.03507227777306071,0.028578062520497355,0.034115482821423064,0.029408969115749264,0.028886791910295802,0.023023716196453596
281,46.02298355871618,10.011232904542398,0.02810592709337144,53.81989189968783,61.67425040361395,38.63961991649762,60.10476221331789,31.63085956944475,50.858169168388436,69.62414249763194,41.56076813280721,43.45849268996152,47.88050906096231,55.177573095562096,36.94747887449869,48.25620512514738,39.09726092401189,33.45645708265297,34.2318637470439,36.554519146060485,59.442067397900836,48.18802840644007,41.27545855656648,49.865256514054344,36.90214109338688,64.03578983960325,42.7345941578456,28.328393766422447,45.25282581009271,46.48973378484937,41.33187208485923,42.09360271818512,51.7769190839882,0.024348193193994415,0.029233786984523433,0.016021276935397503,0.02601961914900303,0.030941413328613374,0.030550987911770244,0.019992089689008632,0.032030262045324595,0.036532379914444815,0.03208780419785073,0.03437110703363981,0.02682148109637526,0.030430268509661473,0.028882656725195674,0.02065912003689266,0.029143345198155434,0.03503480919257482,0.015730927846987423,0.03133123437348278,0.026459373773989665,0.029624565837933048,0.0301163914348739,0.028421607642816003,0.025868258794371886,0.029452756708354032,0.02575080239661892,0.03369817437165948,0.03223695189996964,0.028545558409662972,0.022840608167997413
282,45.717609731288455,9.886061566019183,0.0291861014986212,53.81989189968783,61.67425040361395,38.63961991649762,53.660211766180076,31.63085956944475,50.858169168388436,69.62414249763194,41.56076813280721,43.45849268996152,47.88050906096231,55.177573095562096,36.94747887449869,48.25620512514738,38.61413256586118,31.222921065109873,34.2318637470439,36.554519146060485,59.442067397900836,48.18802840644007,41.27545855656648,49.865256514054344,36.90214109338688,64.03578983960325,42.7345941578456,28.328393766422447,45.25282581009271,46.48973378484937,41.33187208485923,42.09360271818512,51.7769190839882,0.024726435854278497,0.02907438210130064,0.025317376059569047,0.029924997088885803,0.03132009627911644,0.02767053451769184,0.01856154968401728,0.03221178981232969,0.03647270114394794,0.026140950703634515,0.035971543236371493,0.02840883010941527,0.03308157201001198,0.03331325567598834,0.02536538227055988,0.025955680786673138,0.03337663736720598,0.023628135215319646,0.02979372461588575,0.024621184731731173,0.03478675760340263,0.02984945461846926,0.0318046581246869,0.024719583251213588,0.03311451848148282,0.02638295260228288,0.03340378306162953,0.030541182649714522,0.02991108456998951,0.026132310731830123
283,45.56491130343024,9.98398152678829,0.0291897094089472,53.81989189968783,61.67425040361395,38.63961991649762,53.660211766180076,31.63085956944475,50.858169168388436,69.62414249763194,36.97981529706087,43.45849268996152,47.88050906096231,55.177573095562096,36.94747887449869,48.25620512514738,38.61413256586118,31.222921065109873,34.2318637470439,36.554519146060485,59.442067397900836,48.18802840644007,41.27545855656648,49.865256514054344,36.90214109338688,64.03578983960325,42.7345941578456,28.328393766422447,45.25282581009271,46.48973378484937,41.33187208485923,42.09360271818512,51.7769190839882,0.02194167548092986,0.029493346006358962,0.023422978960169257,0.032062209112061014,0.036172026364807104,0.02983731735499638,0.021781112009079655,0.030186281615775884,0.035878977441118176,0.03238886617213384,0.03623213593670061,0.02736850942513399,0.03255330734952149,0.031197775679800546,0.025436393596167582,0.027611838228872816,0.030546440718398578,0.017973765020131118,0.027798870789953335,0.024049615252108497,0.03396365385355596,0.030876800158402322,0.027923883295005843,0.023067009254965087,0.03255651222112479,0.03599143737228947,0.03335571760593541,0.0329428740423454,0.02697170004455126,0.02410825190602179
284,45.444164258018745,9.970814814661525,0.027898797214363467,53.81989189968783,61.67425040361395,38.63961991649762,53.660211766180076,31.63085956944475,50.858169168388436,69.62414249763194,36.53065798442241,43.45849268996152,47.88050906096231,55.177573095562096,36.94747887449869,48.25620512514738,38.61413256586118,31.222921065109873,33.98976527113433,36.554519146060485,59.442067397900836,48.18802840644007,41.27545855656648,49.865256514054344,36.90214109338688,62.98980217990237,42.7345941578456,28.328393766422447,45.25282581009271,46.48973378484937,41.33187208485923,40.208434804089165,51.7769190839882,0.023998275020588163,0.029569044673088116,0.014922669276566724,0.025704212691648652,0.03172486670941757,0.026021398217195478,0.023605109901700914,0.025773743727060656,0.03494477123470589,0.028515845814687947,0.0342897870900663,0.030408908508113904,0.02557104678415471,0.02876015163774462,0.02845734218698459,0.026539273353509082,0.024289188481928417,0.01773721354671836,0.030969617149749714,0.023705116036583644,0.03454742069022248,0.02919998210590407,0.02901479376934567,0.0249823376555401,0.03693474626923511,0.02740350309486899,0.025322647588874987,0.039590811007101954,0.02755899548460389,0.026901096722993317
285,45.152598546749864,9.981871326998267,0.027419175262249126,53.81989189968783,61.67425040361395,38.63961991649762,52.817275190919936,31.63085956944475,50.858169168388436,69.62414249763194,36.53065798442241,43.45849268996152,47.88050906096231,55.177573095562096,36.94747887449869,45.657019611358244,38.61413256586118,31.222921065109873,33.98976527113433,36.554519146060485,59.442067397900836,48.18802840644007,41.27545855656648,49.865256514054344,36.90214109338688,62.98980217990237,42.7345941578456,28.328393766422447,39.94797656107536,46.48973378484937,41.33187208485923,40.208434804089165,51.7769190839882,0.025491406716023374,0.03470671964690448,0.01983798297516258,0.019441685066903067,0.026660928175090727,0.028485100444387068,0.025437272375338552,0.03139661468867277,0.037397873002013284,0.03057299981428334,0.03434033705470878,0.020369981101082377,0.02604637238952976,0.027977950555268596,0.03208536278745717,0.03008095675188842,0.02914369332021466,0.02214815987555505,0.03343187671727248,0.02528867224286977,0.029778575852398174,0.02814647410312869,0.020031824266399944,0.01625112667674226,0.033884123732451296,0.022714633021426706,0.02406805636611026,0.032411806951311725,0.02565939215013853,0.02928729904673973
286,45.12005235000208,9.950674549667246,0.0274701343871994,53.81989189968783,61.67425040361395,38.63961991649762,52.817275190919936,31.63085956944475,50.858169168388436,69.62414249763194,36.53065798442241,43.45849268996152,47.88050906096231,54.201187193128575,36.94747887449869,45.657019611358244,38.61413256586118,31.222921065109873,33.98976527113433,36.554519146060485,59.442067397900836,48.18802840644007,41.27545855656648,49.865256514054344,36.90214109338688,62.98980217990237,42.7345941578456,28.328393766422447,39.94797656107536,46.48973378484937,41.33187208485923,40.208434804089165,51.7769190839882,0.020100202288179318,0.033152752710410814,0.024692355636996715,0.019241011694153935,0.02679720644463842,0.027104855419312103,0.028199581948343322,0.025304668151280754,0.03601105137829024,0.021210407437154404,0.029097035696695736,0.02388631059480304,0.03157135353259889,0.029966810505647003,0.032178868804009136,0.025504303171441152,0.03174392446308455,0.024011265836976874,0.023716546789963315,0.027345301383751075,0.026953867683815157,0.02643057950937237,0.028723044264848993,0.029410603835933035,0.0362066818989074,0.02549394126215345,0.02510177649831383,0.03741579676219602,0.02095797667857294,0.026573949334138217
287,44.97673831802952,9.981189497242188,0.027586464029773442,53.81989189968783,61.67425040361395,38.63961991649762,52.817275190919936,31.63085956944475,50.858169168388436,69.62414249763194,36.53065798442241,43.45849268996152,47.88050906096231,54.201187193128575,36.94747887449869,45.657019611358244,38.61413256586118,31.222921065109873,33.98976527113433,36.554519146060485,59.442067397900836,48.18802840644007,41.27545855656648,49.865256514054344,36.90214109338688,62.98980217990237,42.7345941578456,28.328393766422447,39.94797656107536,43.88730461453839,41.33187208485923,38.523916007954,51.76444609125742,0.0156258337063221,0.034719070336112774,0.022768460483739372,0.02738511942572621,0.03135803758797732,0.033316569447106086,0.027038198924471006,0.02643394934082413,0.03986093054857976,0.023393529413537183,0.029779692051301293,0.027639489498835483,0.029210696184695406,0.026909327227322748,0.028901991955801287,0.02286351292299504,0.027664319303985104,0.028329060322432445,0.029319095431942933,0.023549145656479475,0.02703315823530302,0.02326355366420693,0.025135570935632866,0.024067339231223606,0.033968024469221356,0.023901186842665435,0.027644187629352376,0.03674316565455906,0.027802496560852503,0.02196920789999887
288,44.786584841255866,9.88792273655917,0.028366886599989254,53.60496554911748,61.67425040361395,38.63961991649762,47.57771455600855,31.63085956944475,50.858169168388436,69.62414249763194,36.53065798442241,43.44768930227394,47.88050906096231,54.201187193128575,36.94747887449869,45.657019611358244,38.61413256586118,31.222921065109873,33.98976527113433,36.554519146060485,59.442067397900836,48.18802840644007,41.27545855656648,49.865256514054344,36.662827163346826,62.98980217990237,42.7345941578456,28.328393766422447,39.94797656107536,43.88730461453839,41.33187208485923,38.523916007954,51.76444609125742,0.02090356008056289,0.03306179085579655,0.017481729269368494,0.026042699159665252,0.032416203637280566,0.03729088837516259,0.029226500865997665,0.02746508501360592,0.03573405402685034,0.029129755614382524,0.027665227091222565,0.02943460230265368,0.028175516814289238,0.021986986102612772,0.031453121955086406,0.02277189115857127,0.028384690018139435,0.03057761295413233,0.03221030709524148,0.027178020470474764,0.031375524747452435,0.015589264926954095,0.02749090152875323,0.03578483857824545,0.030930992601420876,0.02734324040518575,0.03077936076748442,0.0327832288904107,0.02684498421595965,0.02349401847671414
289,44.72468910505268,9.926870989173871,0.027498402347843575,53.12192469318167,61.67425040361395,38.63961991649762,47.57771455600855,31.63085956944475,50.858169168388436,69.62414249763194,36.53065798442241,43.44768930227394,47.88050906096231,54.201187193128575,36.94747887449869,45.657019611358244,38.61413256586118,31.222921065109873,32.61593404097456,36.554519146060485,59.442067397900836,48.18802840644007,41.27545855656648,49.865256514054344,36.662827163346826,62.98980217990237,42.7345941578456,28.328393766422447,39.94797656107536,43.88730461453839,41.33187208485923,38.523916007954,51.76444609125742,0.02368415770185723,0.04134238668253008,0.020001606437509343,0.020213825549124872,0.031169882017439123,0.03287107638918381,0.02291978024795472,0.028240443311838323,0.03495513897626949,0.023940573242895783,0.027995019213531244,0.028430189273538815,0.025705204881627544,0.028984321741182463,0.025534306279851805,0.027973966743019392,0.026438003845897784,0.02992430857174315,0.032617081516479254,0.02413321003703395,0.03174209628440448,0.021664167312080908,0.019972226232091654,0.029827601583821174,0.027694495663146412,0.024694969268723596,0.028877475418359846,0.032129818084353994,0.02684530986176789,0.02442942806604917
290,44.64470947654363,9.980988339795983,0.02769647870545844,53.12192469318167,61.67425040361395,37.66700118553393,47.57771455600855,31.63085956944475,50.858169168388436,69.62414249763194,36.53065798442241,43.44768930227394,47.88050906096231,54.201187193128575,36.94747887449869,45.657019611358244,38.61413256586118,31.222921065109873,32.61593404097456,36.554519146060485,59.442067397900836,48.18802840644007,41.27545855656648,49.865256514054344,36.662827163346826,62.98980217990237,42.7345941578456,28.328393766422447,39.94797656107536,43.88730461453839,41.33187208485923,37.097145883646235,51.76444609125742,0.019022193957013545,0.03888725960494495,0.020515563117287663,0.025313983149293225,0.03022083707517249,0.03081851697491341,0.0203291457195809,0.02513478428550757,0.0350458052601564,0.02324243267796343,0.03088292939754974,0.034481585056149136,0.02472334674702996,0.03188612157255795,0.026683108057248585,0.03426857356020891,0.026648382089277438,0.026176214799639247,0.03371526873436468,0.02781484020300677,0.03123834134063473,0.021147253395844813,0.02474605345185507,0.030453808335746374,0.026864453200914525,0.023702865638675394,0.027785617775571276,0.03123479031430454,0.026797924389113107,0.02111236128222725
291,44.39100417631791,10.048669112358214,0.028321343297359133,53.12192469318167,61.67425040361395,37.66700118553393,47.57771455600855,31.63085956944475,50.858169168388436,69.62414249763194,36.504819137047086,43.44768930227394,47.88050906096231,54.201187193128575,36.94747887449869,38.07169945196184,38.61413256586118,31.222921065109873,32.61593404097456,36.554519146060485,59.442067397900836,48.18802840644007,41.27545855656648,49.865256514054344,36.662827163346826,62.98980217990237,42.7345941578456,28.328393766422447,39.94797656107536,43.88730461453839,41.33187208485923,37.097145883646235,51.76444609125742,0.024396398695345885,0.03764268171196467,0.027708824581119996,0.020294557913076754,0.023848837027511303,0.030676023126312346,0.02008739528987842,0.029523494704758166,0.032191583379476744,0.024728934445280362,0.02927053335437118,0.03688486064853715,0.027294787347748702,0.03476368976749106,0.0318175775978025,0.030419772251397113,0.028164375516832076,0.024468068406457776,0.03126930599427097,0.024560412754987382,0.023448847041896537,0.02554506866740669,0.027474381990895018,0.029334071532240293,0.037655135490159496,0.025436268856181835,0.028470065834844585,0.03192063453796995,0.030926008934532276,0.019417701520026597
292,44.26721380988822,9.801657331922542,0.028124106484218522,53.12192469318167,61.67425040361395,37.66700118553393,47.57771455600855,31.63085956944475,50.858169168388436,67.28019717887675,36.504819137047086,43.44768930227394,47.88050906096231,53.59439164510821,36.839280539875595,38.07169945196184,38.61413256586118,31.222921065109873,32.61593404097456,36.554519146060485,59.442067397900836,48.18802840644007,41.27545855656648,49.865256514054344,36.662827163346826,62.33503038841036,42.7345941578456,28.328393766422447,39.94797656107536,43.88730461453839,41.33187208485923,37.097145883646235,51.76444609125742,0.020787395718875747,0.037024843614072725,0.026887762890675446,0.028409934667515825,0.02770070772325864,0.027508460180299576,0.026822739333996263,0.019125942877857974,0.03292612863392581,0.022979402164486486,0.028707084891749474,0.029973658227639706,0.02943583812619171,0.033141304135968386,0.026559100938686835,0.029700068171611832,0.02230499535415066,0.027945342188699245,0.030758642049070212,0.027855036294607158,0.024129923987304777,0.02469620853819559,0.027221624934827847,0.03450880941197416,0.03315090391601376,0.031129456462852284,0.028681920065417865,0.030142323186360367,0.03251071765875937,0.020996918181510123
293,44.26721380988822,9.801657331922542,0.028241537782078455,53.12192469318167,61.67425040361395,37.66700118553393,47.57771455600855,31.63085956944475,50.858169168388436,67.28019717887675,36.504819137047086,43.44768930227394,47.88050906096231,53.59439164510821,36.839280539875595,38.07169945196184,38.61413256586118,31.222921065109873,32.61593404097456,36.554519146060485,59.442067397900836,48.18802840644007,41.27545855656648,49.865256514054344,36.662827163346826,62.33503038841036,42.7345941578456,28.328393766422447,39.94797656107536,43.88730461453839,41.33187208485923,37.097145883646235,51.76444609125742,0.024653206585630454,0.03099274051508663,0.0237012454640917,0.028973495967284685,0.022589468041837604,0.03523344164819777,0.023393988652013684,0.02659404824346074,0.036526069926820316,0.028240307475900134,0.02900204648399754,0.028450566342196636,0.029273537811959262,0.03820680575442565,0.02823979820214833,0.030947679035179226,0.03502172131311728,0.025575387918896943,0.026049338267479676,0.02071685120943007,0.02754386321902491,0.02227693762719328,0.022503745744489122,0.03142126490726256,0.03323172015084068,0.027537896064146326,0.025075321627440184,0.03418949697210575,0.02428083481660477,0.026803307474091695
294,44.07700663763715,9.935506874008336,0.028697086241115884,53.12192469318167,61.67425040361395,37.66700118553393,47.57771455600855,31.63085956944475,50.858169168388436,67.28019717887675,36.504819137047086,43.44768930227394,47.88050906096231,53.59439164510821,36.839280539875595,38.07169945196184,34.29066824141017,31.222921065109873,32.61593404097456,36.204753823688655,59.442067397900836,48.18802840644007,40.24247303585703,49.865256514054344,36.662827163346826,62.33503038841036,42.7345941578456,28.328393766422447,39.94797656107536,43.88730461453839,41.33187208485923,37.097145883646235,51.76444609125742,0.024060355798023625,0.04134855328292244,0.019434605209597954,0.028424988166462033,0.024499091300462177,0.03106627030214637,0.02372053223293942,0.02968185248653193,0.03210731241921623,0.02419645685181684,0.026716110518355624,0.02770138832939141,0.026509918541122668,0.036124792327603586,0.031502902107985425,0.03132179786888913,0.03460030538558558,0.03208338342752188,0.02628716438219698,0.024553890301007616,0.026077312833382542,0.021729419494174073,0.024168011720220026,0.03561092891303131,0.03456670777179076,0.026159109968104402,0.031959583052998654,0.03547787148432589,0.02794430722120216,0.021277663534467927
295,43.795822498343476,9.735883701364534,0.027635268163979945,53.12192469318167,61.67425040361395,37.66700118553393,45.93037880867211,31.63085956944475,50.858169168388436,67.28019717887675,36.504819137047086,42.962313814904654,47.88050906096231,53.59439164510821,36.839280539875595,38.07169945196184,34.29066824141017,31.222921065109873,32.61593404097456,36.204753823688655,55.45456544613578,46.84582949951073,39.26936095044695,49.865256514054344,36.662827163346826,62.33503038841036,42.7345941578456,28.328393766422447,39.94797656107536,43.88730461453839,41.33187208485923,37.097145883646235,51.76444609125742,0.02512162542642327,0.03764152701450771,0.021097338552854242,0.028906589475088645,0.021979027782860247,0.0226648736770189,0.019442746352461775,0.028090961678629345,0.03553616159379678,0.030964870275624175,0.021806869320151488,0.025616351042218707,0.02251472415819217,0.03692657032148748,0.02860774646489673,0.03088515454112428,0.03279345841284945,0.027157215984019274,0.03025221631868359,0.02006389024566561,0.03534376612647627,0.023231891480519257,0.022989977628037787,0.029797698120407237,0.0339641333310094,0.029948392563370764,0.026848402325004753,0.030956321894524137,0.024777718230918174,0.023129824580576802
296,43.700083772765126,9.793873491634002,0.0277281508652669,53.12192469318167,61.67425040361395,37.66700118553393,45.93037880867211,31.63085956944475,50.858169168388436,67.28019717887675,36.504819137047086,42.962313814904654,47.88050906096231,53.59439164510821,36.839280539875595,38.07169945196184,34.29066824141017,31.222921065109873,32.61593404097456,36.204753823688655,55.45456544613578,46.84582949951073,36.39719918309663,49.865256514054344,36.662827163346826,62.33503038841036,42.7345941578456,28.328393766422447,39.94797656107536,43.88730461453839,41.33187208485923,37.097145883646235,51.76444609125742,0.024132872358780227,0.0394223013966908,0.025762895581147676,0.02339806239637205,0.03656501740338131,0.02721279264905669,0.02018406016102084,0.027019362767922158,0.03669227161538194,0.024421546274347377,0.036915358705878316,0.02275196632666759,0.021937196061846513,0.02997442348346771,0.02823956693375576,0.032509782115391614,0.031736484232641596,0.021259859934905333,0.022448327291989187,0.022741250086580032,0.03610765434957835,0.0191943430035433,0.02419800831382892,0.029515629357633393,0.036078434370488896,0.023162216311307694,0.027373506543167316,0.028976543869992388,0.0226203085777278,0.029292483483514424
297,43.63479467276747,9.678884685667303,0.02653089723146719,53.12192469318167,61.67425040361395,37.66700118553393,45.93037880867211,31.63085956944475,50.858169168388436,66.7313338225681,36.504819137047086,42.962313814904654,47.88050906096231,53.59439164510821,36.839280539875595,38.07169945196184,34.29066824141017,31.222921065109873,32.61593404097456,36.02219439156784,55.45456544613578,46.84582949951073,36.39719918309663,49.865256514054344,36.662827163346826,61.1077801769099,42.7345941578456,28.328393766422447,39.94797656107536,43.88730461453839,41.33187208485923,37.097145883646235,51.76444609125742,0.019941101860407623,0.03672612906589147,0.0255942813941439,0.02548615987914013,0.022867864934862023,0.028857357341634603,0.017493981528108812,0.02501518218226915,0.03521671960517723,0.025177890554804475,0.02723617513639314,0.023588448502286075,0.02069535644666411,0.029553786066015948,0.023786724761226775,0.040904112767958356,0.02826884466671311,0.01762926518171747,0.02915313974130165,0.023947264808156128,0.033322098689412806,0.020276551164690383,0.02581689149392291,0.02812453405076542,0.0318288670323372,0.02304671692149496,0.026563338573499268,0.031198652965137456,0.026120139462916626,0.022489340164966544
298,43.586339357984485,9.755225845432758,0.027386098958414342,53.12192469318167,61.67425040361395,37.66700118553393,45.93037880867211,31.63085956944475,50.858169168388436,66.7313338225681,36.504819137047086,42.962313814904654,47.88050906096231,53.59439164510821,36.839280539875595,38.07169945196184,34.29066824141017,31.222921065109873,32.61593404097456,36.02219439156784,55.45456544613578,46.84582949951073,36.39719918309663,49.820922339936345,36.662827163346826,61.1077801769099,42.7345941578456,26.91906849705116,39.94797656107536,43.88730461453839,41.33187208485923,37.097145883646235,51.76444609125742,0.025732938846330263,0.035111547053057295,0.02447626144371074,0.026622144827017507,0.028892709831259154,0.03342438142623204,0.019167367127865327,0.030135651871558818,0.03636090854479409,0.02523372749637562,0.02895605065435322,0.02731578531828273,0.024364585931990722,0.030390024962508852,0.022002071287082252,0.037584130833490284,0.025880572207643438,0.021432275809414113,0.018824858168124084,0.02264140822211108,0.032670546098319174,0.020510624762996785,0.023451582975202553,0.025638501340740073,0.035751359886216784,0.020334482900206244,0.034077314210426785,0.03127418742408,0.028120652486416785,0.02520431480462344
299,43.36323059523162,9.40266897861422,0.027428008024786444,52.12946483432943,61.67425040361395,37.66700118553393,45.93037880867211,31.63085956944475,50.858169168388436,62.263093200235275,36.504819137047086,42.962313814904654,47.88050906096231,53.59439164510821,36.839280539875595,38.07169945196184,34.29066824141017,31.222921065109873,32.61593404097456,35.19657858644171,55.04761884986118,46.84582949951073,36.39719918309663,49.820922339936345,36.662827163346826,61.1077801769099,42.7345941578456,26.91906849705116,39.94797656107536,43.88730461453839,41.33187208485923,37.097145883646235,51.76444609125742,0.026538816761854163,0.03635635803433676,0.030526041382108647,0.02862644969756044,0.030538199548783458,0.027260693220126107,0.02665930166437159,0.018903803615382193,0.03763253499309556,0.026875404999719518,0.03267192275223275,0.027815037124642283,0.03473484781269928,0.0273408802942507,0.023543076906467186,0.03508910350223347,0.022888875017676575,0.019725208224871435,0.020871712619865514,0.026451196361636013,0.033002232280211555,0.022507021890244658,0.027082868535398076,0.025090730960209244,0.03148192536971062,0.017067303715752415,0.028557451848669112,0.021964741421035536,0.026593431699981487,0.028443068488466873
300,43.08713135396304,9.274579750147419,0.026825470824095997,52.12946483432943,61.67425040361395,37.66700118553393,42.565099120600145,31.63085956944475,50.858169168388436,61.38823004132364,36.504819137047086,42.962313814904654,47.88050906096231,53.59439164510821,36.10544364010827,38.07169945196184,34.29066824141017,31.222921065109873,32.61593404097456,35.19657858644171,53.69093598150021,45.071391582929664,36.39719918309663,49.643045633571624,36.662827163346826,61.1077801769099,42.7345941578456,26.91906849705116,39.94797656107536,43.88730461453839,41.33187208485923,37.097145883646235,51.76444609125742,0.023880227690102354,0.029300578326406538,0.025724797287639323,0.02737924403049326,0.02373586382184141,0.02348441718025817,0.020103783298795058,0.021498366179308236,0.03996841327261717,0.02577113706170133,0.02843716349803911,0.026244968695548973,0.024418961259345166,0.027502581578058585,0.023464002153794208,0.036536588332076216,0.02407846451785866,0.020278213847043612,0.024361392036396916,0.028031497278836758,0.03768893670988739,0.02469633951257047,0.025103122731569026,0.026500342807243085,0.03004938777966989,0.028642469885538827,0.025898732378446598,0.030755483317932528,0.03241776827210173,0.018810879981759274
301,43.086774957354955,9.274549200220484,0.02700763883727356,52.12946483432943,61.67425040361395,37.66700118553393,42.565099120600145,31.63085956944475,50.858169168388436,61.38823004132364,36.504819137047086,42.962313814904654,47.88050906096231,53.59439164510821,36.10544364010827,38.07169945196184,34.29066824141017,31.222921065109873,32.61593404097456,35.19657858644171,53.69093598150021,45.071391582929664,36.39719918309663,49.643045633571624,36.662827163346826,61.1077801769099,42.7345941578456,26.91906849705116,39.94797656107536,43.876612716296044,41.33187208485923,37.097145883646235,51.76444609125742,0.02053680818756328,0.03242798684957751,0.026069433476610983,0.020837976716246674,0.01813616898002998,0.029742438239438028,0.029750429824740077,0.023303654002403376,0.033827408058170666,0.026143293928534123,0.03003802857568502,0.025821759174300504,0.028721675140154553,0.027233491073711393,0.028983546752081715,0.03591961591597134,0.0323728818246765,0.01835473341722744,0.03214327489288657,0.029758540892828002,0.03386238183371906,0.014831458307973179,0.029862245593376323,0.020208315229257492,0.0308446821967243,0.022495071698875494,0.028060542633026687,0.02566014613132301,0.030141627817724087,0.02413954775336921
302,43.086774957354955,9.274549200220484,0.028675742284912535,52.12946483432943,61.67425040361395,37.66700118553393,42.565099120600145,31.63085956944475,50.858169168388436,61.38823004132364,36.504819137047086,42.962313814904654,47.88050906096231,53.59439164510821,36.10544364010827,38.07169945196184,34.29066824141017,31.222921065109873,32.61593404097456,35.19657858644171,53.69093598150021,45.071391582929664,36.39719918309663,49.643045633571624,36.662827163346826,61.1077801769099,42.7345941578456,26.91906849705116,39.94797656107536,43.876612716296044,41.33187208485923,37.097145883646235,51.76444609125742,0.02690063799779441,0.03614689120067077,0.021577329132344468,0.032683522542762126,0.02098577948628455,0.030364464129960855,0.027299111383992727,0.02828199666221134,0.029097499895646303,0.023238025208125148,0.03080070966078943,0.030454833951588545,0.028224114564741665,0.030304158484948586,0.029966926836149467,0.038044897098764165,0.0313836111299099,0.023318613767538902,0.03132030360890764,0.027841847451880238,0.03884561592865551,0.02003870328231404,0.028435979844784742,0.025418187011412213,0.03242784034254791,0.022357246430451366,0.027789166624970812,0.026479990168999875,0.034074892306836996,0.026169372411391466
303,42.67494743600206,9.371788519484463,0.026787480243842112,52.12946483432943,61.67425040361395,37.66700118553393,40.83469049590594,29.425111376718768,50.858169168388436,61.38823004132364,36.504819137047086,42.962313814904654,42.743369532578704,53.59439164510821,36.10544364010827,38.07169945196184,34.29066824141017,31.222921065109873,32.39647881788678,33.33332049070192,53.69093598150021,45.071391582929664,36.39719918309663,48.618130517795784,36.662827163346826,61.1077801769099,42.7345941578456,26.91906849705116,39.94797656107536,43.876612716296044,41.33187208485923,37.097145883646235,51.59054523107787,0.022423851136418423,0.03860197440841326,0.01742633082898869,0.0263827154770453,0.029219462705340447,0.02681738180015769,0.024762701214797993,0.023387695247747427,0.02987638695051302,0.024590770121648127,0.02960693122553553,0.029462310426984214,0.02828614542825738,0.028492639831865823,0.023811872454753583,0.032199533383888874,0.02850065867913301,0.021678189128634263,0.0309873025984887,0.022817194766368253,0.03178959462737707,0.017069838335778385,0.027817575321559377,0.025139014456381836,0.02939825924714084,0.02940109170425753,0.02408616835165041,0.029367606235238222,0.028230417041228407,0.021992794179671343
304,42.438344506805244,9.353275132584873,0.026908213767419763,52.12946483432943,61.67425040361395,34.34335540754976,40.83469049590594,29.425111376718768,50.858169168388436,61.38823004132364,36.504819137047086,42.962313814904654,42.743369532578704,53.59439164510821,36.10544364010827,38.07169945196184,34.29066824141017,31.222921065109873,32.39647881788678,33.33332049070192,53.69093598150021,45.071391582929664,36.39719918309663,48.618130517795784,36.662827163346826,61.1077801769099,42.7345941578456,26.91906849705116,39.94797656107536,43.876612716296044,41.33187208485923,37.097145883646235,47.816103133157675,0.022252739698074248,0.031033553723746006,0.0198901353856538,0.020187897949294032,0.02905134722982254,0.028811084749340715,0.026427550439821562,0.02909261383464023,0.023745689415306838,0.02761109924093142,0.020273444858637406,0.025850793070358008,0.0262679595847571,0.02842752293677409,0.025537845191995864,0.03529719889612032,0.0336906060788298,0.01873132236598522,0.027543375232020762,0.02632846160102235,0.030128241342707755,0.017019754602979116,0.026025871694365606,0.025774683162661967,0.03617496526876085,0.02938196289251483,0.026482573548788038,0.033572649169864285,0.030951880087951578,0.0256815897688666
305,42.42632788055527,9.329049704431297,0.027722115625936825,52.12946483432943,61.64130796857081,34.34335540754976,40.83469049590594,29.425111376718768,50.858169168388436,61.060673688867645,36.504819137047086,42.962313814904654,42.743369532578704,53.59439164510821,36.10544364010827,38.07169945196184,34.29066824141017,31.222921065109873,32.39647881788678,33.33332049070192,53.69093598150021,45.071391582929664,36.39719918309663,48.618130517795784,36.662827163346826,61.1077801769099,42.7345941578456,26.91906849705116,39.94797656107536,43.876612716296044,41.33187208485923,37.097145883646235,47.816103133157675,0.02588921335939349,0.03689388046363542,0.02077977606211429,0.02795041376790503,0.02751594792247617,0.0244003553836057,0.02547922790287966,0.027373063862996316,0.0322872406511964,0.02847941366498182,0.026658062763968253,0.03030600425447283,0.023642720720498386,0.027003220130597375,0.030939276631230035,0.032499060832406924,0.027614633331765538,0.02318635084148132,0.02783750276730472,0.0313518783293747,0.020280457181945665,0.018279258783669584,0.027719346289400752,0.026245454869075792,0.03852733600924192,0.03349496753267299,0.026217301258926018,0.034028455037079804,0.025785772743579287,0.022997875428228474
306,42.0689613976461,9.174425318817525,0.027615741268920083,52.12946483432943,61.64130796857081,30.347951997006486,40.501532533867184,29.425111376718768,49.604875347801446,61.060673688867645,36.504819137047086,42.962313814904654,42.743369532578704,53.59439164510821,36.10544364010827,38.07169945196184,34.29066824141017,31.222921065109873,32.39647881788678,33.33332049070192,53.69093598150021,45.071391582929664,36.39719918309663,48.618130517795784,36.521217504763094,56.68146673987461,42.16337795935838,26.91906849705116,39.94797656107536,43.876612716296044,41.33187208485923,37.097145883646235,47.816103133157675,0.021476247055374605,0.03603118911291768,0.023584824233612987,0.021345822784230743,0.030370500345178617,0.029050119662378658,0.025678251325588403,0.02870870782275592,0.030716531324693902,0.029338891503277842,0.02796061439829356,0.024866535671101184,0.027838456116081333,0.02740121308493257,0.021200998354073273,0.03144502647098051,0.0300299375672688,0.025302176973047746,0.03238479300114091,0.030569673919103264,0.02439183946330186,0.018215037757990823,0.029014019444299335,0.025705620733145702,0.03286887474459281,0.03337100661705304,0.028465659218936908,0.03012960544485311,0.03036355619770926,0.02064650771968706
307,41.86756155501182,9.103079770481331,0.027719641482866954,51.920537186332915,61.64130796857081,30.347951997006486,40.501532533867184,29.425111376718768,49.604875347801446,60.88171561685044,36.504819137047086,42.962313814904654,42.743369532578704,53.59439164510821,36.10544364010827,38.07169945196184,33.57963500082506,31.222921065109873,32.39647881788678,33.33332049070192,53.39821900936565,45.071391582929664,36.39719918309663,48.618130517795784,36.521217504763094,56.68146673987461,42.16337795935838,26.91906849705116,39.94797656107536,43.876612716296044,41.33187208485923,37.097145883646235,43.165743786862514,0.02430181386740008,0.03893732021409216,0.018973213815595233,0.016916413286630367,0.02565018295415534,0.03227650504485938,0.02809816108633008,0.02860891603105976,0.033945243103935645,0.020596279730198418,0.028333168418574733,0.027972842339830245,0.026268654682947208,0.0300220603160039,0.028121255212260134,0.030204781967033776,0.03246756416831824,0.025965802387803036,0.022871356989086385,0.033691511284304504,0.027314622525788913,0.025140970572288326,0.026162993876689827,0.027504144239072742,0.02747129624605612,0.02876595594554299,0.028513992050851405,0.0383415293269701,0.025840533717934776,0.02231015908439474
308,41.4873832868132,8.742974209125101,0.027161398313703573,49.98640886765365,61.64130796857081,29.88117136515457,40.501532533867184,29.425111376718768,49.604875347801446,56.12805393034034,36.504819137047086,42.962313814904654,42.29430526960474,53.59439164510821,36.10544364010827,36.26689835972838,33.57963500082506,31.222921065109873,32.39647881788678,33.33332049070192,53.39821900936565,44.92623708866112,36.39719918309663,46.766372958354445,36.521217504763094,56.68146673987461,42.16337795935838,26.91906849705116,39.94797656107536,43.876612716296044,41.33187208485923,37.097145883646235,43.165743786862514,0.0225008572307413,0.03988134821495957,0.01622994980305707,0.02530562750092086,0.02510053078205275,0.0372434547640372,0.02225515450051579,0.023456854855724282,0.03310923834571847,0.03125979400513466,0.030197494705168425,0.029108194796018436,0.02377177421616607,0.020556013532066715,0.029372304276130926,0.022654553069265376,0.03350046753021957,0.025056904286188432,0.019178445867833054,0.03279096727197154,0.032154483114289076,0.02857711946168455,0.02478568962118481,0.0274934332231529,0.02815460918410582,0.026298688616744392,0.026490311130158997,0.02607330466027359,0.0251660770131347,0.027118303832488096
309,41.20537864566975,8.442605095780477,0.027290983732574582,49.98640886765365,61.64130796857081,29.88117136515457,40.501532533867184,28.79778268698239,49.604875347801446,48.29524338577319,36.504819137047086,42.962313814904654,42.29430526960474,53.59439164510821,36.10544364010827,36.26689835972838,33.57963500082506,31.222921065109873,32.39647881788678,33.33332049070192,53.39821900936565,44.92623708866112,36.39719918309663,46.766372958354445,36.521217504763094,56.68146673987461,42.16337795935838,26.91906849705116,39.94797656107536,43.876612716296044,41.33187208485923,37.097145883646235,43.165743786862514,0.023305417350755416,0.03361379395663093,0.012233229785052495,0.022019396229009537,0.03248106531432911,0.02843547792990904,0.025957741143409672,0.024756760280659998,0.033787332914691555,0.0240040102348415,0.02880135092439211,0.031536924865723,0.03101190559637057,0.02893413067702078,0.030205269922226698,0.031891436848983226,0.03204673692962337,0.025796752177771717,0.021738760743912025,0.028031890475390592,0.030329291986639844,0.02685203462708464,0.02921672775984478,0.025999577162004635,0.028332855279166583,0.02384902394000532,0.026608774388861965,0.028302726919540645,0.024981076589315435,0.02366803902407035
310,41.126016693488005,8.55507800970293,0.028726258319849447,49.98640886765365,61.64130796857081,29.88117136515457,40.501532533867184,28.79778268698239,49.604875347801446,48.29524338577319,36.504819137047086,42.962313814904654,42.29430526960474,53.59439164510821,36.10544364010827,36.26689835972838,33.57963500082506,31.222921065109873,31.18052126830861,33.33332049070192,53.39821900936565,44.92623708866112,36.39719918309663,46.766372958354445,36.521217504763094,56.68146673987461,42.16337795935838,25.754167481176758,39.94797656107536,43.876612716296044,41.33187208485923,37.097145883646235,43.165743786862514,0.024603884632460344,0.03693222123617831,0.022029420772254057,0.025886242920357436,0.032051220229807206,0.03193007689572022,0.030215250278882916,0.028374317566221764,0.03317725741483849,0.0240418015513306,0.0277969024228576,0.02729035237477466,0.02339644086622269,0.03132328558511584,0.02974676850384224,0.031136057568993545,0.03145587795202726,0.031089382538935204,0.02179026958313761,0.031318523906785585,0.03513630262512975,0.026155753597962367,0.02854460802747408,0.02517483254451798,0.03133955933992685,0.026136961998017027,0.029126634763225426,0.03532743016013606,0.023905775693364724,0.025354336044985534
311,40.8899985644612,8.494359691972267,0.02795049313944086,49.98640886765365,61.46076982266731,29.88117136515457,40.501532533867184,28.79778268698239,44.89625801570943,48.29524338577319,35.15109839386443,42.962313814904654,42.29430526960474,53.59439164510821,36.10544364010827,36.26689835972838,33.57963500082506,31.222921065109873,31.18052126830861,33.01647936017725,53.39821900936565,44.92623708866112,36.39719918309663,46.766372958354445,36.521217504763094,56.68146673987461,42.16337795935838,25.233340962075605,39.94797656107536,43.876612716296044,41.33187208485923,37.097145883646235,43.165743786862514,0.022751419065415803,0.033307441663010307,0.014969124761607524,0.026721607451134895,0.030244862962602106,0.025683175082830977,0.03197720480474278,0.02689700582334536,0.03545245245218463,0.01753180115561604,0.02565259290287519,0.02539125953718572,0.023246103786419,0.03887354465704153,0.027821592341116076,0.02975127165850598,0.033934012958430584,0.03201666505616751,0.024415202470045003,0.02803201974309741,0.02759480373652377,0.02520477962739024,0.027260793120747296,0.02523806700340263,0.03395471722453525,0.02956648956559083,0.02769852068140294,0.035042401969475,0.02549779184656894,0.02678606907421442
312,40.79762689294391,8.571457779225891,0.02922022376051966,49.98640886765365,61.46076982266731,29.88117136515457,40.501532533867184,28.192565632650073,44.89625801570943,48.29524338577319,33.606403747182235,42.962313814904654,42.29430526960474,53.56028377028392,36.10544364010827,36.26689835972838,33.57963500082506,31.222921065109873,31.18052126830861,33.01647936017725,53.39821900936565,44.92623708866112,36.39719918309663,46.766372958354445,35.9340869350833,56.68146673987461,42.16337795935838,25.233340962075605,39.94797656107536,43.876612716296044,41.33187208485923,37.097145883646235,43.165743786862514,0.027120823017570822,0.032688176145318486,0.018786902375995396,0.02863581477288751,0.02509973656832705,0.024131546289233266,0.030116724483619305,0.025889327409508646,0.03661408100283582,0.030432977852832683,0.02937588979004794,0.030360452119067252,0.025913530746776377,0.03179612142708016,0.029953011402766447,0.028494654502086693,0.03356067318900886,0.02586275780302798,0.02942666447349459,0.030115050467366112,0.030349649252102977,0.03290815959114481,0.029302365431264327,0.030245387932462543,0.03268173959800448,0.032291956437634516,0.02593512880278808,0.03309136412286617,0.026306774001775675,0.0291192718066951
313,40.79762689294391,8.571457779225891,0.02801259733453567,49.98640886765365,61.46076982266731,29.88117136515457,40.501532533867184,28.192565632650073,44.89625801570943,48.29524338577319,33.606403747182235,42.962313814904654,42.29430526960474,53.56028377028392,36.10544364010827,36.26689835972838,33.57963500082506,31.222921065109873,31.18052126830861,33.01647936017725,53.39821900936565,44.92623708866112,36.39719918309663,46.766372958354445,35.9340869350833,56.68146673987461,42.16337795935838,25.233340962075605,39.94797656107536,43.876612716296044,41.33187208485923,37.097145883646235,43.165743786862514,0.02874494863289807,0.035179910186996365,0.02365836224428814,0.021892140395521877,0.025523032234552184,0.02971767267931555,0.027430669263491036,0.027613632711169615,0.03294697627145725,0.03031197267787124,0.02987700279401252,0.029623525051477195,0.022614163413656484,0.03304276213455757,0.029596271063388566,0.025536320055327376,0.02637663079868746,0.023881924047734718,0.025371839781766707,0.02800275380568075,0.03252937153924971,0.02728133718086308,0.024676774548252123,0.028709668373482086,0.0320243094121717,0.025998503428197504,0.028033189117777295,0.03203316298028637,0.02267245826571972,0.029476634946219757
314,40.77173288666363,8.59436666678233,0.028289968521483428,49.98640886765365,61.46076982266731,29.88117136515457,40.501532533867184,28.192565632650073,44.89625801570943,48.29524338577319,33.606403747182235,42.962313814904654,42.29430526960474,53.56028377028392,36.10544364010827,36.26689835972838,32.80281481241652,31.222921065109873,31.18052126830861,33.01647936017725,53.39821900936565,44.92623708866112,36.39719918309663,46.766372958354445,35.9340869350833,56.68146673987461,42.16337795935838,25.233340962075605,39.94797656107536,43.876612716296044,41.33187208485923,37.097145883646235,43.165743786862514,0.030680294964600546,0.03424536697570872,0.018325756791675838,0.031932298353315694,0.021486110522069387,0.03874994325753207,0.023841454915740655,0.026644661545480283,0.035404459211538127,0.028230137380522366,0.032368481608025704,0.020842882413933658,0.025680767719993447,0.0321817930574925,0.029707157850248758,0.02509415085567217,0.030171116337866052,0.025365397302339707,0.025741303131366758,0.030765550129830684,0.0309266572744351,0.025486056728487562,0.02021060008228457,0.031466467787740836,0.03587380539307825,0.03124511751053865,0.022570993883310405,0.029988170887295183,0.024626119565645168,0.028845982206733844
315,40.696697800127325,8.53799517114633,0.02746778240475668,49.98640886765365,61.46076982266731,29.88117136515457,40.501532533867184,28.192565632650073,44.89625801570943,46.044190789683896,33.606403747182235,42.962313814904654,42.29430526960474,53.56028377028392,36.10544364010827,36.26689835972838,32.80281481241652,31.222921065109873,31.18052126830861,33.01647936017725,53.39821900936565,44.92623708866112,36.39719918309663,46.766372958354445,35.9340869350833,56.68146673987461,42.16337795935838,25.233340962075605,39.94797656107536,43.876612716296044,41.33187208485923,37.097145883646235,43.165743786862514,0.02340044621667414,0.03370167927192003,0.0235394575051505,0.02868867375506457,0.02441664233168342,0.021853286193568994,0.0308009465391062,0.03159810433660869,0.03366369220843111,0.026976845746517257,0.028877031051782666,0.02590253473139771,0.02099117899306483,0.027858746311584193,0.017813655836797084,0.024827166583940706,0.03471057161642933,0.021994556696110456,0.028125848086766526,0.02955646675072712,0.02700238975410733,0.0229452800977461,0.02016451750514364,0.026236848977308137,0.037846913148973704,0.032390428236429326,0.02611790248225828,0.02758748596160956,0.03187823524558504,0.03256593997021378
316,40.011022692845486,8.01932491046666,0.028030509634551847,39.72679627880092,58.09895906892924,29.88117136515457,40.501532533867184,28.192565632650073,44.734324223411875,46.044190789683896,33.606403747182235,42.962313814904654,41.31700384503349,53.56028377028392,36.09367929025505,36.26689835972838,32.80281481241652,31.222921065109873,31.18052126830861,33.01647936017725,52.522621070681055,44.92623708866112,36.39719918309663,46.766372958354445,35.9340869350833,56.68146673987461,40.467370129839956,25.233340962075605,38.367697670238684,42.230667066193554,41.33187208485923,37.097145883646235,43.165743786862514,0.02862327962541011,0.03665951486356593,0.026974320966992427,0.029077828621516002,0.021551335121578547,0.030938518635998183,0.02973577956430176,0.034111010405198,0.030811522231326858,0.02594940937172567,0.024705108255539482,0.030226660936883226,0.019919812926546387,0.029343966882816222,0.0239942033332879,0.03147826917991358,0.03201846652153645,0.021597150951698302,0.0240763308668464,0.03352459147288276,0.03041440130460004,0.023517537270216406,0.02299381515935014,0.030782420128458405,0.035359883544561606,0.029776229384932566,0.024071573730628695,0.026869798099282305,0.02467839679888164,0.02713415288007939
317,39.51743302934299,7.9561038564176885,0.027376344594029257,39.72679627880092,58.09895906892924,29.88117136515457,40.501532533867184,28.192565632650073,44.734324223411875,46.044190789683896,33.606403747182235,39.5857628283355,41.31700384503349,53.56028377028392,36.09367929025505,36.26689835972838,32.80281481241652,30.804314180142157,31.18052126830861,33.01647936017725,52.522621070681055,44.92623708866112,35.91970253736714,37.773818034412926,34.391606471216,56.68146673987461,40.467370129839956,25.233340962075605,38.367697670238684,42.230667066193554,41.33187208485923,37.097145883646235,43.165743786862514,0.030481887260154453,0.03968184096023122,0.030848277105669702,0.028406756391078494,0.02672094148045989,0.02762352807425849,0.02420842704491591,0.0257977585650542,0.029900213112758055,0.023883879483552264,0.034711293547237385,0.02776632042344048,0.02492154436505937,0.026620367190337713,0.02692620982485324,0.027647555822637525,0.028134820523982206,0.022572421631339726,0.024291977687582365,0.029298215393676767,0.03085354371221874,0.01919177040156035,0.01994334609756411,0.02446761640416977,0.03469879864356454,0.03184488418434756,0.02559648240724516,0.02415648349976391,0.02319132641855034,0.026901850163613704
318,39.39858709144474,7.905997429330108,0.02934988087013016,39.72679627880092,58.09895906892924,29.88117136515457,40.501532533867184,28.192565632650073,42.216208245827296,46.044190789683896,33.606403747182235,39.5857628283355,41.31700384503349,53.56028377028392,36.09367929025505,36.26689835972838,32.6415174994512,30.804314180142157,31.18052126830861,33.01647936017725,52.522621070681055,44.92623708866112,35.91970253736714,37.773818034412926,34.391606471216,56.68146673987461,40.467370129839956,25.233340962075605,38.367697670238684,42.230667066193554,41.33187208485923,37.097145883646235,42.27977894046502,0.027084425680617474,0.04199001353614648,0.03033662009965354,0.03069777117979093,0.03400873936852661,0.026038611565399116,0.02815816404673418,0.03496885638649414,0.03240501341587118,0.032122357862828285,0.037653778916526104,0.026743715208115956,0.021126541342572143,0.02955685666639632,0.027099313422570638,0.02536998590775692,0.02805761985222558,0.02190458898793779,0.028288264721627807,0.024786179147727065,0.030064333146910587,0.02790546903477679,0.02215948880752801,0.027762766584212038,0.03930059748160822,0.029072215593166355,0.02147872214153329,0.02958262371864278,0.03486528151975219,0.029907510760256342
319,39.209609480354025,7.94606777151989,0.02909469252813063,39.72679627880092,58.09895906892924,29.88117136515457,40.501532533867184,28.192565632650073,42.216208245827296,46.044190789683896,33.606403747182235,36.05484213958635,41.31700384503349,53.56028377028392,36.09367929025505,36.26689835972838,32.6415174994512,30.804314180142157,31.18052126830861,33.01647936017725,52.522621070681055,44.92623708866112,35.91970253736714,37.773818034412926,34.391606471216,56.68146673987461,40.467370129839956,25.233340962075605,36.22929002626648,42.230667066193554,41.33187208485923,37.097145883646235,42.27977894046502,0.031876029585584595,0.03781811738062963,0.029482956911615545,0.029380467532404524,0.028438478442507263,0.031773910415363,0.021212882863028113,0.031601111652174566,0.03772646517658072,0.031002832751948255,0.03180493712593215,0.028145462192193257,0.022869325909522835,0.03221990208084743,0.024402653466048866,0.026318489147107132,0.03029375657354237,0.02088545066176814,0.03047462819610974,0.029425391335301844,0.02815286250728846,0.02107593627450371,0.022483592072011706,0.027787633922727407,0.038374167944413964,0.02900365453017829,0.02997913644777273,0.03057985194272183,0.029119406651830448,0.029131284150260554
320,39.08000460568484,7.79570118492862,0.029196447786309542,39.72679627880092,58.09895906892924,29.88117136515457,40.501532533867184,28.192565632650073,42.216208245827296,46.044190789683896,33.606403747182235,36.05484213958635,41.31700384503349,53.56028377028392,36.09367929025505,36.26689835972838,32.6415174994512,30.804314180142157,31.18052126830861,33.01647936017725,49.61312709332842,44.92623708866112,35.91970253736714,37.773818034412926,34.391606471216,56.68146673987461,39.488717867117096,25.233340962075605,36.22929002626648,42.230667066193554,41.33187208485923,37.097145883646235,42.27977894046502,0.029235386859851376,0.030881862308141134,0.028605144948467214,0.031836360914179775,0.03370255108221709,0.028687576853400953,0.016615686559530687,0.03328444543065875,0.03925488485200382,0.028806079756888894,0.03857107584777235,0.02804098897014582,0.025713999862487742,0.02829603792834848,0.029117523063085803,0.032699351584136886,0.032328686019304116,0.022080506119194588,0.021293497664397677,0.030684366782413944,0.03098565383448305,0.026985722236534726,0.027157316906198964,0.024513894307739575,0.036301284114963105,0.02871639365515243,0.026820200218379824,0.03221303990978117,0.029033189740532105,0.02343072525889428
321,38.906758936574086,7.708881261819672,0.02844743151213002,39.72679627880092,58.09895906892924,29.88117136515457,40.501532533867184,28.192565632650073,42.216208245827296,41.41896685721783,33.606403747182235,36.05484213958635,41.31700384503349,53.56028377028392,36.09367929025505,35.69475221887166,32.6415174994512,30.804314180142157,31.18052126830861,33.01647936017725,49.61312709332842,44.92623708866112,35.91970253736714,37.773818034412926,34.391606471216,56.68146673987461,39.488717867117096,25.233340962075605,36.22929002626648,42.230667066193554,41.33187208485923,37.097145883646235,42.27977894046502,0.024170330128162432,0.029171881717612282,0.02289933912405779,0.03028007665946612,0.036629898594156815,0.02311832647211808,0.01753086623717375,0.03233361100840657,0.037751331739899446,0.023022085033968912,0.028337097595869616,0.024536698372567615,0.029457876048681955,0.033288949222097144,0.025942862188664616,0.025734422955959433,0.030126521774717408,0.02199740658241443,0.02921026106304058,0.03300096123490608,0.03211088106721781,0.027723540417239758,0.024268718577625574,0.02588335281332923,0.038118628641397624,0.035951524866358164,0.024465412936141927,0.032991900762688486,0.0288523960044337,0.024515785523527556
322,38.57614613594869,7.767345829434438,0.02973203238507457,39.72679627880092,58.09895906892924,29.88117136515457,40.501532533867184,28.192565632650073,42.216208245827296,41.41896685721783,33.606403747182235,36.05484213958635,41.31700384503349,53.56028377028392,36.09367929025505,35.69475221887166,32.6415174994512,30.804314180142157,31.18052126830861,33.01647936017725,49.61312709332842,44.92623708866112,34.38143831636747,37.773818034412926,34.391606471216,56.68146673987461,33.46987028210858,25.233340962075605,36.22929002626648,42.230667066193554,41.33187208485923,37.097145883646235,39.91850672771137,0.021791205393315208,0.033738699606056584,0.022687689134905972,0.03144354294851811,0.031238298119736375,0.030209441940859293,0.027038228653100998,0.029763517964414662,0.03283473381979266,0.02904932091168242,0.029863215543611585,0.03343351010893264,0.03392903494132354,0.030386603882657365,0.028439716331520214,0.03067960816441576,0.03324348224492101,0.024022320613634948,0.036165275798318505,0.031772145938961,0.031922984932136585,0.022408747664693654,0.031125661639987166,0.026635829625401515,0.03619433439325538,0.03108154759498851,0.029881119297523268,0.030241565896277543,0.024254795545856744,0.026484792901437737
323,38.05485924787967,7.855576958062503,0.02884127402093818,39.72679627880092,58.09895906892924,27.366644510338592,36.83507440594202,28.192565632650073,42.216208245827296,41.41896685721783,33.606403747182235,36.05484213958635,41.31700384503349,53.56028377028392,36.09367929025505,34.2217990706959,32.6415174994512,30.804314180142157,31.18052126830861,33.01647936017725,49.61312709332842,44.92623708866112,34.38143831636747,37.773818034412926,34.391606471216,56.68146673987461,33.46987028210858,25.233340962075605,36.22929002626648,37.37086800417234,41.33187208485923,37.097145883646235,36.79363727857905,0.02687097135163747,0.02947459857955749,0.01762364289684583,0.025122612183420823,0.03642803510421367,0.02717807638238345,0.02220216483157205,0.027886368695379832,0.03808982391590322,0.027047159663222464,0.028336248098341642,0.031905779033463665,0.03320129735108866,0.029685189696095744,0.03167069130327578,0.02573418309160392,0.035224461482106804,0.02418277108617617,0.03179921202586989,0.02934681672611969,0.03074318016451036,0.025827307157972292,0.025376599917524608,0.02417547044485309,0.038226814214629125,0.02964569609066937,0.03268486640270642,0.02882771369484815,0.02224840821954136,0.02847206082261232
324,38.00157475311172,7.79258832741285,0.02813691183150192,39.72679627880092,58.09895906892924,27.366644510338592,36.83507440594202,28.192565632650073,42.216208245827296,41.41896685721783,33.606403747182235,36.05484213958635,41.31700384503349,53.56028377028392,36.09367929025505,34.2217990706959,32.6415174994512,30.804314180142157,31.18052126830861,33.01647936017725,48.2194582714954,44.92623708866112,34.38143831636747,37.773818034412926,34.391606471216,56.68146673987461,33.46987028210858,25.233340962075605,36.024424005060844,37.37086800417234,41.33187208485923,37.097145883646235,36.79363727857905,0.03375672190435474,0.03227094900456512,0.0214376996632591,0.028984608877486825,0.03200274230748482,0.027057136298742072,0.018957884457438047,0.02789935168689915,0.03448103632962646,0.026734663324009707,0.02785182190750638,0.030195816634070373,0.0333019194427286,0.022746776136688344,0.028859888678695718,0.026975991976997786,0.025285337230691384,0.02671841861275588,0.029371028654630926,0.03181833631052001,0.02905622943480905,0.0233877952864461,0.030393127928167604,0.02232766632012116,0.03234066157416286,0.02650953003315116,0.027970605154440695,0.032249138456661386,0.024935374688751174,0.028229096629194927
325,37.67149435518055,7.508286320025806,0.0284359437730182,39.72679627880092,58.00041560588158,27.366644510338592,36.83507440594202,28.192565632650073,42.216208245827296,41.41896685721783,33.606403747182235,36.05484213958635,41.31700384503349,48.243462999060874,36.09367929025505,34.2217990706959,31.70963707020129,30.804314180142157,31.18052126830861,33.01647936017725,48.2194582714954,44.92623708866112,34.38143831636747,37.773818034412926,34.391606471216,56.68146673987461,33.46987028210858,25.233340962075605,36.024424005060844,37.37086800417234,40.311482344711784,36.046075962995815,35.309929664962254,0.026756220678498373,0.032218357563879835,0.021775982745964564,0.02692540271412419,0.03463304738320367,0.029193377149145435,0.027675906332095587,0.033914292941408776,0.03513464557868993,0.026634863205448802,0.018819401378999796,0.029613522758688813,0.031966860797464004,0.027539796763144938,0.02985930219699262,0.02789991546530913,0.031549166502430954,0.029798973657738117,0.030743582614551408,0.024639196107021276,0.030236174198842176,0.02545931789496174,0.028169041413561594,0.02625795965842587,0.030684419630290453,0.027300908669652485,0.02956387775339528,0.03010047358082427,0.025904774325464695,0.022109551530327072
326,37.67149435518055,7.508286320025806,0.028974486815223053,39.72679627880092,58.00041560588158,27.366644510338592,36.83507440594202,28.192565632650073,42.216208245827296,41.41896685721783,33.606403747182235,36.05484213958635,41.31700384503349,48.243462999060874,36.09367929025505,34.2217990706959,31.70963707020129,30.804314180142157,31.18052126830861,33.01647936017725,48.2194582714954,44.92623708866112,34.38143831636747,37.773818034412926,34.391606471216,56.68146673987461,33.46987028210858,25.233340962075605,36.024424005060844,37.37086800417234,40.311482344711784,36.046075962995815,35.309929664962254,0.03152686166144461,0.03268940471467971,0.024042161132792485,0.03070752265301222,0.03240027754590523,0.02941535273695766,0.0274410903667913,0.02857919155393532,0.035753659292408035,0.02765838728528043,0.02664661634131075,0.027494077836316397,0.026780018083790838,0.024128581883055868,0.02816934888271998,0.0342112818184815,0.03409542085086137,0.03097674384194081,0.028584222888807635,0.02537284423191946,0.03303931116574918,0.026329378684658,0.02322375676034791,0.031432616082989376,0.032677670549823096,0.03161543042634616,0.024539999920159223,0.027376373931152893,0.029440481395229236,0.022886519937824742
327,37.48814956423612,7.6117382552868325,0.02872411209355239,39.72679627880092,58.00041560588158,27.366644510338592,36.83507440594202,28.192565632650073,42.216208245827296,41.41896685721783,33.606403747182235,36.05484213958635,41.31700384503349,48.243462999060874,36.09367929025505,34.2217990706959,31.70963707020129,30.804314180142157,30.83752219746725,33.01647936017725,48.2194582714954,44.92623708866112,34.38143831636747,37.773818034412926,34.391606471216,56.68146673987461,33.46987028210858,25.233340962075605,36.024424005060844,37.37086800417234,40.311482344711784,30.888731305504386,35.309929664962254,0.028120758649410937,0.031259761050702155,0.025355937835150534,0.02655186041039114,0.028393348215812925,0.022004408521802653,0.029586287800312774,0.027880011131281225,0.03423895650254864,0.02885065839576216,0.026298100415938754,0.027829317823730684,0.03308278285831134,0.030185882734493918,0.02307551581475995,0.0335979816247127,0.03629275698677514,0.024370984782638654,0.0318729739682529,0.028843979206445103,0.03369436267156815,0.026177196627603684,0.026788104439582898,0.024909806102825158,0.031046840534369805,0.0292156858313586,0.02712569936619159,0.029725044932561298,0.028228141632302577,0.027120215938973652
328,37.34416284432257,7.6378503220494265,0.028720929363829868,39.72679627880092,58.00041560588158,27.366644510338592,36.83507440594202,27.708627145543627,42.216208245827296,41.41896685721783,33.606403747182235,36.05484213958635,41.31700384503349,48.243462999060874,36.09367929025505,34.2217990706959,31.70963707020129,30.804314180142157,30.83752219746725,33.01647936017725,48.2194582714954,44.92623708866112,34.38143831636747,34.76626705104285,34.391606471216,56.68146673987461,33.46987028210858,25.233340962075605,36.024424005060844,37.37086800417234,39.48337021778176,30.888731305504386,35.309929664962254,0.026621952637942686,0.023477901815425528,0.022445470607452462,0.025595786713269075,0.027927364936194736,0.026002059534606468,0.025416005221366573,0.03188509182248411,0.037498859326521125,0.03335426371009982,0.02821328328851859,0.030638578927973018,0.03405058651250215,0.027181996701463054,0.028540954574702765,0.03404886973038818,0.03256800163943712,0.020732956373620548,0.03305258911595502,0.027234184463879978,0.032007212963078964,0.026699688707980562,0.03499266168929445,0.029947030813508847,0.03022224183073903,0.030024256769611454,0.024503894565492346,0.029106231493707918,0.02341120616203062,0.024226698265649042
329,37.23077334595162,7.704446420495093,0.02948868423896548,39.72679627880092,58.00041560588158,27.366644510338592,36.83507440594202,27.708627145543627,42.216208245827296,41.41896685721783,33.606403747182235,36.05484213958635,41.31700384503349,48.243462999060874,36.07514426646198,34.2217990706959,31.70963707020129,30.804314180142157,30.83752219746725,33.01647936017725,48.2194582714954,44.92623708866112,34.38143831636747,34.76626705104285,31.099684792744142,56.68146673987461,33.378642033244844,25.233340962075605,36.024424005060844,37.37086800417234,39.48337021778176,30.888731305504386,35.309929664962254,0.03176023905431424,0.032373625905346884,0.021037293344547618,0.03613068590588256,0.02790338394801331,0.03364545260941968,0.02209821347254067,0.032925568447648365,0.03861207657704733,0.03008844815135825,0.023470565611008177,0.028884633670974706,0.03203366821267675,0.024272171523278076,0.029131967960337832,0.029816083953463995,0.030049428005031485,0.02220796637971133,0.035210217844367946,0.030037983382127195,0.034247723212670556,0.016855888184697528,0.02643416838579291,0.030811478243958718,0.035100396052287534,0.030051843128726434,0.03311239226828076,0.02895919786028993,0.03084792113746218,0.026549844735701413
330,36.89453339741843,7.43738357076717,0.028426381823886473,39.72679627880092,58.00041560588158,27.366644510338592,36.83507440594202,27.708627145543627,42.216208245827296,41.41896685721783,33.606403747182235,36.05484213958635,41.31700384503349,48.243462999060874,36.07514426646198,34.2217990706959,31.70963707020129,30.669272440182777,30.83752219746725,33.01647936017725,38.267301555459326,44.92623708866112,34.38143831636747,34.76626705104285,31.099684792744142,56.68146673987461,33.378642033244844,25.233340962075605,36.024424005060844,37.37086800417234,39.48337021778176,30.888731305504386,35.309929664962254,0.026991224550339928,0.03236748851892222,0.020399309164798228,0.0312679031181283,0.03089461321434333,0.02714828556747086,0.02357809182940706,0.02145788807641061,0.04288279270937245,0.03393632546516444,0.01940938442453552,0.019642373778276427,0.0312260963815608,0.027425382896554367,0.023698207847408843,0.027625930569019526,0.030333306582964008,0.023092781953159804,0.02966433121318337,0.025712205243910283,0.0363323459447535,0.02549734685667257,0.02870481210186244,0.03681352874003003,0.031511102461119087,0.02792517736560892,0.03191308583407352,0.025856606100389333,0.03243042105483958,0.027053105152314627
331,36.74433342657527,7.596966901457419,0.027921466486722456,39.72679627880092,58.00041560588158,27.366644510338592,36.83507440594202,27.708627145543627,42.216208245827296,41.41896685721783,33.606403747182235,36.05484213958635,41.31700384503349,48.243462999060874,35.95901591085126,34.2217990706959,31.70963707020129,30.669272440182777,26.447651427783065,33.01647936017725,38.267301555459326,44.92623708866112,34.38143831636747,34.76626705104285,31.099684792744142,56.68146673987461,33.378642033244844,25.233340962075605,36.024424005060844,37.37086800417234,39.48337021778176,30.888731305504386,35.309929664962254,0.021668725414187653,0.029582682095277566,0.027606888978342257,0.025696806364996685,0.02874781272382002,0.02907778700641396,0.02217204015766197,0.027945249281629884,0.03965120532674238,0.029972338580391243,0.022046999900950034,0.026900783684841063,0.030172702012554755,0.025160535582832197,0.024471041763527334,0.03363782185268428,0.03532696518859559,0.024906276204572277,0.025241986353720585,0.024288515077148458,0.03572431701904964,0.021155489258647468,0.02822583333138997,0.03164620707154869,0.0286300859205802,0.030634795417592568,0.024531306854075948,0.02562376455791644,0.02974676330082826,0.027450268319154338
332,36.37169776163094,7.5840061353391155,0.028235515378789443,39.72679627880092,58.00041560588158,27.366644510338592,36.83507440594202,27.708627145543627,41.90321842945925,39.25154068829954,33.606403747182235,36.05484213958635,41.31700384503349,48.243462999060874,31.495415263690187,34.2217990706959,31.70963707020129,30.669272440182777,26.447651427783065,33.01647936017725,36.61048145284765,44.92623708866112,34.38143831636747,34.76626705104285,31.099684792744142,56.68146673987461,33.378642033244844,25.233340962075605,36.024424005060844,37.37086800417234,36.90513700451115,30.888731305504386,35.309929664962254,0.026406571833026547,0.02992720474081441,0.027228456750211433,0.027731552571281813,0.02517542993965304,0.027234686741897607,0.025508724791348192,0.025008923097525053,0.03739007916666957,0.02697714614753663,0.02513630434745681,0.02299422703931331,0.03262395274219416,0.030421522360231497,0.02660433789893593,0.029335864496781487,0.02856603232518164,0.025224881676595517,0.03134980651028097,0.027139609928192164,0.03338185953358746,0.01994469184122076,0.027408908515333938,0.04023484259399103,0.03027320061704028,0.026203525205038786,0.03016229765775955,0.03314202062763161,0.0243936255549747,0.02393517411197741
333,36.04358118939467,7.032710680580909,0.029439315392399933,37.48739318913894,58.00041560588158,27.366644510338592,35.97455781016848,27.708627145543627,41.90321842945925,39.25154068829954,33.606403747182235,36.05484213958635,41.31700384503349,48.243462999060874,31.495415263690187,34.2217990706959,31.70963707020129,30.669272440182777,26.447651427783065,33.01647936017725,36.61048145284765,44.92623708866112,34.38143831636747,34.76626705104285,31.099684792744142,49.9378892582218,33.378642033244844,25.233340962075605,36.024424005060844,37.37086800417234,36.90513700451115,30.888731305504386,35.309929664962254,0.029044495454933417,0.033445726239704,0.02420557819657181,0.02586530984468228,0.021155559756920277,0.029698060967254303,0.025856976049065086,0.028367814402654533,0.03987819779048884,0.03165434668955496,0.024832151092409514,0.023060881261137388,0.03379669086428926,0.03582461598338476,0.02611949341938904,0.03369533564666874,0.028994939790432626,0.030105011357432893,0.034513637495416076,0.029411160596411925,0.03541433657912823,0.019209808238152222,0.028332339463518298,0.02819331840577944,0.03460344529455084,0.030242626899728342,0.03203597593416073,0.03315655979320007,0.028695880349728715,0.023769187915249637
334,35.77700679514048,6.492715498964554,0.02870225860194333,37.48739318913894,51.808646541629265,27.22889130239578,35.97455781016848,27.708627145543627,41.90321842945925,39.25154068829954,33.606403747182235,35.141384193838874,41.31700384503349,48.243462999060874,31.495415263690187,34.2217990706959,31.70963707020129,30.669272440182777,26.447651427783065,33.01647936017725,36.61048145284765,44.92623708866112,34.38143831636747,34.592621602791404,31.099684792744142,49.9378892582218,33.378642033244844,24.65273480064414,36.024424005060844,37.37086800417234,36.90513700451115,30.888731305504386,35.309929664962254,0.020696045837415293,0.02693502591508813,0.025669837774607976,0.02853696329839913,0.023407567588665468,0.024963295562259496,0.0257101953308105,0.03656317808934277,0.03698869978889465,0.03091914652988497,0.025369119813522852,0.021535340594771076,0.03750868802249514,0.03326391691420362,0.02650016195747225,0.029232193278961247,0.031095009368826525,0.02917543298624713,0.03044365095606511,0.030380000706849375,0.03363261462071182,0.02294472195948819,0.027281860314494245,0.032840946521962386,0.037383925333561455,0.027131682851233692,0.02339028422103401,0.030947074568454688,0.025832963363469148,0.024788213989107542
335,35.77700679514048,6.492715498964554,0.028340561571598248,37.48739318913894,51.808646541629265,27.22889130239578,35.97455781016848,27.708627145543627,41.90321842945925,39.25154068829954,33.606403747182235,35.141384193838874,41.31700384503349,48.243462999060874,31.495415263690187,34.2217990706959,31.70963707020129,30.669272440182777,26.447651427783065,33.01647936017725,36.61048145284765,44.92623708866112,34.38143831636747,34.592621602791404,31.099684792744142,49.9378892582218,33.378642033244844,24.65273480064414,36.024424005060844,37.37086800417234,36.90513700451115,30.888731305504386,35.309929664962254,0.025336816370866787,0.028107387812603725,0.025515021181106635,0.03012382746443128,0.01947266518307406,0.02840737915904852,0.023835122084271437,0.032294604645724284,0.032965268276822224,0.030093329061488587,0.023333459164775694,0.023410473700659826,0.031862661349210425,0.03943822489566151,0.029796855804351034,0.02771808622884873,0.027261201208411138,0.0260704030804994,0.03412983002739443,0.02897547568176919,0.030946149033902776,0.01884728167862422,0.028712928206656135,0.038729623647031586,0.03792478702552371,0.0263060964358345,0.02645312035785534,0.029630493284354336,0.02577678618450371,0.01874148891264213
336,35.37874377115712,6.606775449806693,0.02829924815416522,37.48739318913894,51.808646541629265,27.22889130239578,35.97455781016848,27.708627145543627,41.90321842945925,39.25154068829954,33.606403747182235,35.141384193838874,38.56941164756419,48.243462999060874,31.495415263690187,34.2217990706959,27.79761146262934,30.669272440182777,26.447651427783065,33.01647936017725,36.61048145284765,44.92623708866112,34.38143831636747,34.592621602791404,31.099684792744142,49.9378892582218,33.378642033244844,24.65273480064414,30.73615109060104,37.37086800417234,36.90513700451115,30.888731305504386,35.309929664962254,0.025107259021326975,0.029780970078940306,0.026992254398161022,0.02134907181758229,0.03157825803296364,0.030440164882753445,0.03190832705783351,0.0281240217938782,0.03422714891743223,0.028082057807206157,0.02687390637523312,0.022864847897858004,0.0385489877819985,0.030879610717530807,0.02701464199033071,0.018945703334439526,0.03398476034590292,0.02552242132186429,0.03260412604017928,0.02558674785929619,0.029149113073635546,0.019148736446431842,0.03236393009062276,0.031648930068252985,0.034155925468646584,0.02628236492504039,0.02684225506682741,0.03355197386962877,0.024353022942691475,0.021065905200467805
337,35.33760920767998,6.616079842290163,0.029092308445014536,37.48739318913894,51.808646541629265,27.22889130239578,35.97455781016848,27.708627145543627,41.90321842945925,39.25154068829954,33.606403747182235,35.141384193838874,38.56941164756419,48.243462999060874,31.495415263690187,34.2217990706959,27.79761146262934,30.669272440182777,26.447651427783065,33.01647936017725,36.61048145284765,44.8359768517446,34.38143831636747,34.49840806596297,31.099684792744142,49.9378892582218,32.32907890267578,24.65273480064414,30.73615109060104,37.37086800417234,36.90513700451115,30.888731305504386,35.309929664962254,0.024617441477436428,0.026507227015081916,0.024869698383890144,0.023141903041747198,0.02946007148219927,0.03543069630950499,0.030650105313972685,0.0334377345006437,0.034168644616641035,0.02567752184617547,0.025815074031345045,0.032208294783142674,0.03381199699352995,0.02616388893904203,0.028529069981413267,0.023281092988044802,0.02930597619148269,0.02582763650194353,0.02599829585233788,0.03727589634717103,0.024113797074990447,0.02086722416150076,0.034324805410415014,0.030165345700248248,0.03680379298541531,0.03450843972025911,0.028948522734538414,0.03218910981321545,0.03029368533001942,0.02437626382308821
338,34.61203098262423,6.958277548813366,0.028052010987464085,37.48739318913894,51.808646541629265,27.22889130239578,35.97455781016848,24.94498918886229,41.90321842945925,39.25154068829954,29.78165247806615,35.141384193838874,38.56941164756419,44.161691797126885,31.013300348705602,34.2217990706959,27.79761146262934,30.669272440182777,26.447651427783065,33.01647936017725,36.61048145284765,44.8359768517446,34.38143831636747,32.892076903858076,22.20545748496217,49.9378892582218,32.32907890267578,24.538221861574545,30.73615109060104,37.37086800417234,36.90513700451115,30.888731305504386,35.309929664962254,0.0280677349082977,0.029801005612326386,0.02545655448356364,0.02781452463422699,0.03117506354562421,0.02729349507309061,0.027547542599746934,0.03444833373091784,0.0380218252972407,0.02929970040873291,0.027219896580517523,0.03006446175328066,0.029541778900526762,0.023983774444412322,0.026516976252421033,0.025024697975602587,0.0270873760918579,0.02659999986088315,0.03203660733609712,0.03138398538540934,0.02369205041501725,0.01948412634044611,0.028640196492497317,0.023653992479186713,0.03679381897171914,0.03181462321282902,0.02552863842192254,0.02621640551669372,0.027773411852879362,0.019577731045954914
339,34.57159927854483,6.952042007677478,0.027297775776749796,37.48739318913894,51.808646541629265,27.22889130239578,35.97455781016848,24.94498918886229,41.90321842945925,39.25154068829954,29.78165247806615,35.141384193838874,38.56941164756419,44.161691797126885,31.013300348705602,34.2217990706959,27.79761146262934,30.669272440182777,26.447651427783065,33.01647936017725,35.487093271484525,44.8359768517446,34.38143831636747,32.892076903858076,22.20545748496217,49.9378892582218,32.32907890267578,24.538221861574545,30.73615109060104,37.37086800417234,36.90513700451115,30.79916836448554,35.309929664962254,0.024402306113549974,0.025576660881164583,0.02747724234446232,0.027800219456531633,0.025630301290490168,0.030912637917242723,0.03381937698230964,0.02398387262587283,0.038420020966914825,0.029845265454550747,0.025514201156183774,0.026718566333234134,0.03419883553071632,0.028345741090880436,0.026216519098848933,0.017830626498268602,0.026150883569454126,0.02214169462547737,0.028296764821928964,0.025408770934571986,0.02976579700273007,0.016731404383054878,0.027405269978461197,0.026963465169089998,0.029991689176542255,0.032329368004123435,0.027440377025135805,0.026873745340434053,0.024972999345787124,0.027768650184481103
340,34.41660170056052,7.02092664303558,0.028447483853030746,36.855528882446905,51.808646541629265,24.996556333048638,34.9871671640312,24.94498918886229,41.90321842945925,39.25154068829954,29.78165247806615,35.141384193838874,38.56941164756419,44.161691797126885,31.013300348705602,34.2217990706959,27.79761146262934,30.669272440182777,26.447651427783065,33.01647936017725,35.487093271484525,44.8359768517446,34.38143831636747,32.892076903858076,22.20545748496217,49.9378892582218,32.32907890267578,24.538221861574545,30.73615109060104,37.37086800417234,36.10679958715827,30.79916836448554,35.309929664962254,0.022679962982561218,0.02676267045684172,0.021930033606103953,0.03043433439138333,0.03142364925523575,0.026513918870136557,0.03836763681922202,0.02214321165764648,0.04011178317957621,0.027552123907497394,0.024983598917747193,0.027771373140688827,0.03804068051902146,0.021427749876225026,0.03461275433449981,0.026699379752292023,0.03144877323121797,0.025954568359811404,0.032902462423879036,0.023397869585965667,0.026143132587949036,0.023255744780389144,0.024340794856611118,0.029282124447743797,0.0337837363711789,0.028982464789682222,0.03114371664446133,0.032022406795349484,0.025462052148085362,0.02384980690191876
341,33.74485436973042,6.45730059619738,0.028390121176901588,30.079338533990555,51.808646541629265,24.996556333048638,34.9871671640312,24.94498918886229,41.90321842945925,39.25154068829954,29.78165247806615,35.141384193838874,38.56941164756419,44.161691797126885,31.013300348705602,34.2217990706959,27.306914848709987,30.669272440182777,26.447651427783065,33.01647936017725,35.487093271484525,44.8359768517446,34.38143831636747,32.892076903858076,22.20545748496217,37.05235629569439,32.32907890267578,24.538221861574545,30.73615109060104,37.37086800417234,36.10679958715827,30.79916836448554,35.309929664962254,0.031068391898674556,0.029380440978144073,0.02693193849618449,0.02124610081120848,0.031016349236569932,0.030422727119538952,0.030965444109463527,0.026071581832475085,0.03965976884791496,0.026961126915906387,0.025932446599155563,0.023986414258395282,0.02080292646632323,0.02310324744448259,0.03266600961237683,0.027625685036734425,0.03391566149079467,0.0334249535674412,0.032989160235551235,0.029225503709760466,0.027393439200513597,0.016346941533126037,0.023915000545396997,0.028096560621839614,0.03793117417932615,0.026325825744667353,0.026297723571071133,0.03430084755679699,0.02508458889522978,0.02861565479198405
342,33.44826479055918,6.318891722141867,0.029438857269784863,30.079338533990555,51.808646541629265,24.996556333048638,34.9871671640312,24.94498918886229,41.90321842945925,39.25154068829954,29.78165247806615,35.141384193838874,38.56941164756419,41.37875912845321,30.554813407545577,34.2217990706959,27.306914848709987,30.669272440182777,26.447651427783065,33.01647936017725,35.487093271484525,43.901330887256414,30.992896147903437,32.892076903858076,22.20545748496217,37.05235629569439,32.32907890267578,24.538221861574545,29.40307145824952,37.37086800417234,36.10679958715827,30.79916836448554,35.309929664962254,0.027866215978622558,0.03158948600487403,0.028887082803420408,0.028228501859289042,0.030335349181914367,0.032138663417276475,0.03165722761814015,0.02552493860475119,0.036937868270230684,0.02883956380422146,0.032431985412171044,0.028787226418279452,0.02043353506384603,0.022673238185841847,0.03847012651467905,0.025102349839785564,0.029524335643630484,0.03654558568287429,0.033806806118381216,0.021778623999650325,0.02809121066618272,0.0278180937063045,0.025560716035649526,0.02856080498418597,0.03728471299223718,0.029043189838288554,0.02573296650289353,0.035489058780222245,0.023141007275791763,0.030885246889910123
343,33.34361351348138,6.279457014334998,0.029947977281660564,30.079338533990555,51.808646541629265,24.996556333048638,34.9871671640312,24.94498918886229,41.90321842945925,37.96826954590728,29.78165247806615,33.408992450532985,38.56941164756419,41.37875912845321,30.554813407545577,34.2217990706959,27.183039422074245,30.669272440182777,26.447651427783065,33.01647936017725,35.487093271484525,43.901330887256414,30.992896147903437,32.892076903858076,22.20545748496217,37.05235629569439,32.32907890267578,24.538221861574545,29.40307145824952,37.37086800417234,36.10679958715827,30.79916836448554,35.309929664962254,0.02759040801832034,0.034297511365923905,0.03033843549167331,0.027062743620922695,0.03111862461943879,0.0320894358651853,0.030823311610160057,0.028441285267835487,0.043767793059704206,0.029120713853024595,0.0277452616539534,0.024557349366343042,0.021421317505024177,0.021252193011575785,0.03129206092766646,0.02506796361981312,0.030313898207140495,0.04562660424281081,0.03383848628849598,0.021196311906265173,0.03540063624153157,0.024757618707006115,0.02125688727221163,0.0261039342410233,0.040299363271546706,0.03169757212398872,0.0274762038802499,0.03985575496103518,0.02471001809674333,0.02991962015320343
344,33.23534953371945,6.230599421260526,0.02964952872809246,30.079338533990555,51.808646541629265,24.996556333048638,34.9871671640312,24.94498918886229,41.90321842945925,37.96826954590728,29.78165247806615,33.408992450532985,38.56941164756419,41.37875912845321,30.554813407545577,33.81836035667123,27.183039422074245,30.669272440182777,26.447651427783065,32.714844397572804,35.487093271484525,42.099898686952066,30.992896147903437,32.892076903858076,21.464043969037743,37.05235629569439,32.32907890267578,24.538221861574545,29.40307145824952,37.37086800417234,36.10679958715827,30.79916836448554,35.309929664962254,0.02993321498452914,0.03574023107342676,0.022089714672143414,0.02965273194374895,0.030528098934652227,0.026346270656959332,0.03360336664931725,0.03374557710480334,0.04426881700024115,0.026236338774856156,0.032679688308336466,0.02212318357985149,0.02841980741713969,0.024911900518389495,0.03430228112944899,0.024210276062458753,0.028775391673354956,0.04128924802911617,0.03146164420118003,0.021965565999273524,0.031522947799440704,0.02452283793052949,0.016936975057273346,0.024469932483723627,0.03145889976865827,0.03367029898912322,0.02794757217235503,0.040819041818299644,0.029542427470769198,0.026311579639374215
345,32.68204646939544,5.159170410363625,0.030210768375829544,30.079338533990555,37.03244138813812,24.996556333048638,34.9871671640312,24.94498918886229,41.90321842945925,37.96826954590728,29.78165247806615,33.408992450532985,38.56941164756419,39.55587235222418,30.554813407545577,33.81836035667123,27.183039422074245,30.669272440182777,26.447651427783065,32.714844397572804,35.487093271484525,42.099898686952066,30.992896147903437,32.892076903858076,21.464043969037743,37.05235629569439,32.32907890267578,24.538221861574545,29.40307145824952,37.37086800417234,36.10679958715827,30.79916836448554,35.309929664962254,0.022210863547331317,0.03824788232658419,0.023101598060750378,0.033927614377778186,0.030400815446957268,0.03336223133019168,0.0314766691488533,0.035661006769539,0.03507100849880332,0.02676740690566843,0.028022451307787095,0.03309046191736934,0.018827304183181313,0.025255080975098182,0.036428288333559655,0.023250421601378347,0.02622709806551887,0.039415266197005694,0.03671469488103527,0.023315667540457857,0.03449667015807668,0.01884912877513305,0.023854198730935534,0.027078172100506958,0.03813264754500928,0.03698326144404342,0.031786142921198884,0.030973729340146985,0.03525083470851386,0.028144434136472773
346,32.531820670705045,5.259295743742589,0.028293146977405606,30.079338533990555,37.03244138813812,24.996556333048638,34.9871671640312,24.94498918886229,41.90321842945925,37.96826954590728,28.155782799800445,33.408992450532985,38.56941164756419,39.55587235222418,30.554813407545577,33.81836035667123,27.183039422074245,27.78836815773646,26.447651427783065,32.714844397572804,35.487093271484525,42.099898686952066,30.992896147903437,32.892076903858076,21.464043969037743,37.05235629569439,32.32907890267578,24.538221861574545,29.40307145824952,37.37086800417234,36.10679958715827,30.79916836448554,35.309929664962254,0.021360342351194574,0.035992923796576,0.022509120858027712,0.029720432791421805,0.033020150368676976,0.02372916801678735,0.028417335920274615,0.029670137555202418,0.0342962362484952,0.02405167953394434,0.02661964499602017,0.024721290542407993,0.024559449058571027,0.0252851472081515,0.029623490396198656,0.02129710212932898,0.028849315151881386,0.03583120930242533,0.029894886070904222,0.026471879542629126,0.031104788076205994,0.02544343132588595,0.025798924343840055,0.029734419734318444,0.032032883718734445,0.031279765333647874,0.028999668616586996,0.03553370858637995,0.026487862507992618,0.02645801523945655
347,32.23445715177155,5.177929726843302,0.028693757630901675,29.897132731028037,37.03244138813812,24.996556333048638,28.32478516600181,24.94498918886229,41.90321842945925,37.96826954590728,28.155782799800445,33.408992450532985,38.56941164756419,39.55587235222418,30.554813407545577,33.81836035667123,27.183039422074245,27.78836815773646,26.447651427783065,32.714844397572804,35.487093271484525,40.02358091993913,30.992896147903437,32.892076903858076,21.464043969037743,37.05235629569439,32.32907890267578,24.538221861574545,29.40307145824952,37.37086800417234,36.10679958715827,30.79916836448554,35.309929664962254,0.015936180289494888,0.0385567228873491,0.02430513847936785,0.02817791999281332,0.02695385330707984,0.030173703245086288,0.029130410297499756,0.03144735180653339,0.028766643636690355,0.033108855923186145,0.03032289602317658,0.023134040209723733,0.02863870778745847,0.021371026142238264,0.03160754550204553,0.03384027167477463,0.03283255099643559,0.03923859158160251,0.02970306536293072,0.022942041962923612,0.029295791932199458,0.018144519054453634,0.03006719149128608,0.03137728900291535,0.026135070996799438,0.02997475248247283,0.028198684711334628,0.03663937461895527,0.030237261089550528,0.02055527643867258
348,32.229121837491775,5.185933418970159,0.029040067307140698,29.897132731028037,37.03244138813812,24.996556333048638,28.32478516600181,24.94498918886229,41.90321842945925,37.96826954590728,28.155782799800445,33.408992450532985,38.56941164756419,39.55587235222418,30.554813407545577,33.81836035667123,27.183039422074245,27.78836815773646,26.447651427783065,32.714844397572804,35.487093271484525,40.02358091993913,30.992896147903437,32.892076903858076,21.464043969037743,37.05235629569439,32.32907890267578,24.37816243318142,29.40307145824952,37.37086800417234,36.10679958715827,30.79916836448554,35.309929664962254,0.022351942583861865,0.03431829215182318,0.026083711314120142,0.02806629917817838,0.027086893359177626,0.028728328397107688,0.029770426483778888,0.036432928112810195,0.040902208511508414,0.02927275014400101,0.03160005811397573,0.025141872937804184,0.03005948216440242,0.023686176160395575,0.03597773788915219,0.023050504888898395,0.030996227777919633,0.036462220090794,0.025072857917255692,0.021794633318149823,0.03563035109077965,0.01765168677221266,0.036476701324147015,0.03278372410380362,0.02676458728001091,0.022057088886710603,0.026195208632818795,0.027998240546513918,0.03321760478234513,0.025571274299763656
349,32.063795220143824,5.349859993215645,0.02881358582067621,29.897132731028037,37.03244138813812,24.996556333048638,28.32478516600181,24.94498918886229,41.90321842945925,37.96826954590728,28.155782799800445,33.408992450532985,38.56941164756419,39.55587235222418,30.554813407545577,33.81836035667123,27.183039422074245,27.78836815773646,26.447651427783065,32.714844397572804,35.487093271484525,40.02358091993913,30.992896147903437,32.892076903858076,21.464043969037743,37.05235629569439,32.32907890267578,24.37816243318142,24.44327293781102,37.37086800417234,36.10679958715827,30.79916836448554,35.309929664962254,0.028342413807736975,0.032202259028732486,0.027071996820102567,0.026920049860450542,0.027086939325933986,0.02900410482870485,0.031941293363565756,0.03378926649728483,0.03187703134469341,0.03089454507806185,0.029819534986343148,0.02619639322190319,0.031086198785063468,0.022423564458078242,0.02897776428961317,0.02161635978563841,0.03599312467183918,0.033471140709972966,0.02928163635741799,0.020907188102073208,0.03474458535047808,0.02190721523550864,0.03040944427346663,0.02830749764681417,0.029115428318864378,0.031030564996086772,0.02181066290003815,0.03216688177425511,0.03320169991475592,0.022810788886808132
350,31.93438358618808,5.427781724166379,0.029055201392570236,29.897132731028037,37.03244138813812,24.996556333048638,28.32478516600181,24.698873360900457,41.90321842945925,37.96826954590728,28.155782799800445,33.408992450532985,38.56941164756419,39.55587235222418,30.554813407545577,33.81836035667123,27.183039422074245,27.78836815773646,26.447651427783065,32.714844397572804,35.487093271484525,40.02358091993913,30.992896147903437,32.892076903858076,21.464043969037743,37.05235629569439,32.32907890267578,24.37816243318142,24.44327293781102,37.35678958473597,36.10679958715827,27.17701359321146,35.309929664962254,0.02662624185839468,0.03169308510424737,0.02834421867337001,0.02808260642863941,0.025985279029999576,0.026615091081861546,0.031697211322001775,0.03330527643462342,0.03501489637421506,0.026887853748010823,0.025224075268273628,0.030604110027594826,0.025786228517822876,0.030954917246131412,0.026586654178252817,0.02546553218529282,0.03151985725587333,0.035164910919459634,0.03166120897865314,0.024277735750510496,0.033658748307567016,0.025817303970036336,0.020943818939535737,0.030770956789637944,0.030423553217132512,0.03185239527798613,0.029391029520982975,0.03002408895813371,0.035028548670236866,0.02224860774262932
351,31.62701883002457,5.631368140016633,0.029239967618348184,26.541527874954767,37.03244138813812,24.996556333048638,28.32478516600181,24.698873360900457,41.90321842945925,37.96826954590728,28.155782799800445,33.408992450532985,38.56941164756419,39.55587235222418,30.554813407545577,33.81836035667123,27.183039422074245,27.78836815773646,26.447651427783065,32.714844397572804,35.487093271484525,40.02358091993913,25.127558319071607,32.892076903858076,21.464043969037743,37.05235629569439,32.32907890267578,24.37816243318142,24.44327293781102,37.35678958473597,36.10679958715827,27.17701359321146,35.309929664962254,0.027618511133293167,0.034165061223765565,0.025171307102116985,0.03306161695388158,0.021806860536677776,0.026961922144601712,0.030230379993251857,0.033869351499369926,0.031937894614942064,0.02947767329346812,0.02696524841536506,0.02786716776693912,0.03128428188077153,0.030440383706204117,0.025692398270290392,0.028850333572048043,0.03416570943401652,0.03128751472428287,0.03702155723432828,0.01855991713358939,0.027765821844941897,0.03304525490644135,0.02720331760408929,0.030502442604813843,0.03472960304360882,0.029076606779306353,0.024426309467916157,0.028286772408758362,0.02906595094443733,0.026661858312927972
352,31.526256936377294,5.646689530516642,0.029566148608073158,26.541527874954767,37.03244138813812,24.154705501340107,28.32478516600181,24.429478170271885,41.90321842945925,37.96826954590728,28.155782799800445,33.408992450532985,38.56941164756419,39.55587235222418,30.554813407545577,33.81836035667123,27.183039422074245,27.78836815773646,26.447651427783065,32.714844397572804,35.487093271484525,40.02358091993913,25.127558319071607,32.892076903858076,21.464043969037743,37.05235629569439,31.345712343461308,24.37816243318142,24.44327293781102,36.42854535686919,36.10679958715827,27.17701359321146,35.309929664962254,0.026792566315629013,0.03423689287091451,0.027540823708143064,0.02971163334355031,0.02350031982608946,0.03340434879660874,0.03380260102794442,0.03131623313858386,0.03276796132833186,0.021577028328420195,0.03226583276749471,0.029051525958613295,0.033695995099265116,0.03390209221532795,0.024097305373450277,0.03139248230700722,0.030996596195095427,0.03152506943225104,0.03208079893977307,0.02692675865588872,0.030191721383433113,0.025693581928197918,0.030258027459548704,0.028077277592943456,0.030852528003889223,0.024009190607892573,0.028833711293364664,0.034859973282951075,0.028186778700582758,0.02543680236100894
353,31.52275265316873,5.651123518327966,0.02946334443096649,26.541527874954767,37.03244138813812,24.154705501340107,28.32478516600181,24.32434967401514,41.90321842945925,37.96826954590728,28.155782799800445,33.408992450532985,38.56941164756419,39.55587235222418,30.554813407545577,33.81836035667123,27.183039422074245,27.78836815773646,26.447651427783065,32.714844397572804,35.487093271484525,40.02358091993913,25.127558319071607,32.892076903858076,21.464043969037743,37.05235629569439,31.345712343461308,24.37816243318142,24.44327293781102,36.42854535686919,36.10679958715827,27.17701359321146,35.309929664962254,0.025525862468123522,0.037040488884991354,0.028744332926301443,0.028103345943482124,0.022847465228574598,0.03079588764671984,0.035420901068753965,0.035994714375682066,0.038753130674007374,0.02608884714430731,0.03127504615942499,0.024742897185993575,0.026749247350685644,0.02976426038764868,0.03034252538190072,0.02728847332183605,0.031997180208687026,0.02751670849824496,0.029328308219991904,0.024338736753396595,0.029352641932641865,0.025803882117727023,0.03145200847477671,0.025540711843666936,0.030058509237811334,0.028628236922898752,0.031675613545272166,0.028721966120913614,0.03237250596401632,0.027635896940516446
354,31.43630004219624,5.603554651808415,0.02881474628731168,26.541527874954767,37.03244138813812,24.154705501340107,28.32478516600181,24.32434967401514,41.90321842945925,37.76402830367576,28.155782799800445,33.408992450532985,38.56941164756419,39.55587235222418,30.554813407545577,33.42141244156497,27.183039422074245,27.78836815773646,26.447651427783065,32.714844397572804,35.487093271484525,39.98914930313113,25.127558319071607,32.892076903858076,21.464043969037743,37.05235629569439,31.345712343461308,24.37816243318142,24.44327293781102,36.42854535686919,36.10679958715827,27.17701359321146,33.35197210993332,0.02452786800520075,0.033487409262751976,0.026727445004105156,0.032131105471237834,0.018195468926656043,0.035354119793713765,0.0342696626202918,0.030691156096910293,0.04006528152953638,0.02873908400469171,0.030221892804211316,0.025876772293299526,0.026069998468717832,0.029350445333503127,0.030855844787650896,0.026966247223650267,0.032112290319456026,0.03385695306603235,0.030911148284443107,0.027410630558515815,0.03128120767728276,0.023456295544676247,0.026248276411298597,0.023681691909144015,0.03184264229219006,0.028149823192105756,0.031154390595929907,0.02591491764725751,0.026419012287989166,0.018473307206900394
355,30.971301054517973,5.611470243506216,0.02989878451383961,26.541527874954767,37.03244138813812,24.154705501340107,28.310256280648368,24.32434967401514,41.90321842945925,32.40312158083018,28.155782799800445,33.408992450532985,38.56941164756419,39.55587235222418,30.554813407545577,33.399792663181465,27.183039422074245,27.78836815773646,26.447651427783065,32.714844397572804,35.487093271484525,39.98914930313113,25.127558319071607,24.339162660092484,21.464043969037743,37.05235629569439,31.345712343461308,24.37816243318142,24.44327293781102,36.42854535686919,36.10679958715827,27.17701359321146,33.35197210993332,0.02429139716752355,0.0319139120998888,0.023336828896842493,0.03228415637083717,0.02688516782460567,0.03690115768411449,0.039527513178145075,0.03695601664666362,0.03247913124465251,0.029659681059438496,0.030299183023980356,0.030049163066784207,0.025401910923656297,0.037444185703613776,0.028960029111219122,0.035187745670802906,0.03451979831960961,0.03224532772390427,0.030350718439119233,0.025777816059381634,0.03164417505215365,0.02294747090679064,0.02886180939947666,0.027710950201398948,0.0349883442125033,0.026188314697894483,0.029464405859051954,0.031247984829829385,0.01973107610495734,0.01970816393634861
356,30.86577931618003,5.525608061174993,0.02959165748872479,26.541527874954767,33.86678923799991,24.154705501340107,28.310256280648368,24.32434967401514,41.90321842945925,32.40312158083018,28.155782799800445,33.408992450532985,38.56941164756419,39.55587235222418,30.554813407545577,33.399792663181465,27.183039422074245,27.78836815773646,26.447651427783065,32.714844397572804,35.487093271484525,39.98914930313113,25.127558319071607,24.339162660092484,21.464043969037743,37.05235629569439,31.345712343461308,24.37816243318142,24.44327293781102,36.42854535686919,36.10679958715827,27.17701359321146,33.35197210993332,0.030227890608828384,0.02890902951869383,0.020479424433052052,0.029052523049733724,0.028978256194735045,0.03684083599421342,0.032529465229096485,0.03564601631377959,0.0406972631787927,0.03663203747572939,0.03431643982382323,0.028094991159319873,0.025034265412707153,0.03236156028353031,0.026258539464634682,0.03307257827782478,0.03819917754661721,0.03182990119984841,0.027038151639276545,0.02683025925729314,0.03076720271248419,0.02275341709532966,0.026958530021365026,0.026651288373870832,0.031709781367664475,0.030349408841679006,0.02760472194303641,0.024253383697337684,0.025682336245874127,0.017991048301572235
357,30.74081082624459,5.689986987119682,0.029822994142896426,26.541527874954767,33.74357483572653,24.154705501340107,28.310256280648368,24.32434967401514,41.90321842945925,32.40312158083018,28.155782799800445,33.408992450532985,38.56941164756419,39.55587235222418,30.554813407545577,33.25782957201152,27.183039422074245,27.78836815773646,26.447651427783065,32.714844397572804,35.487093271484525,39.98914930313113,25.127558319071607,24.339162660092484,19.899038821007956,37.05235629569439,31.345712343461308,22.57682969976734,24.44327293781102,36.31100603369328,36.10679958715827,27.17701359321146,33.35197210993332,0.030970914889693307,0.03385942982073028,0.02439637797603801,0.03320260203286188,0.02039987362720238,0.03716670438912448,0.031562045190974095,0.031940062062108636,0.03713409911647658,0.025529183647655673,0.02824509307176247,0.030176010635995124,0.02952673319855567,0.03134084539853091,0.02532734935573571,0.02934090883045079,0.033804178825614956,0.036444371639614795,0.02780265499966956,0.027595817224011776,0.035786746295836065,0.02698376043066397,0.025880543244496103,0.027663159054925487,0.032415836350548774,0.038018193370798085,0.024201713266464114,0.0261035711221969,0.023066691185250354,0.0288043540329059
358,30.638895837467658,5.602810285720375,0.0298947914591122,26.541527874954767,33.74357483572653,24.154705501340107,28.310256280648368,24.32434967401514,41.90321842945925,32.40312158083018,28.155782799800445,33.408992450532985,37.09054109240659,39.37393948002688,30.554813407545577,31.86118333605844,27.183039422074245,27.78836815773646,26.447651427783065,32.714844397572804,35.487093271484525,39.98914930313113,25.127558319071607,24.339162660092484,19.899038821007956,37.05235629569439,31.345712343461308,22.57682969976734,24.44327293781102,36.31100603369328,36.10679958715827,27.17701359321146,33.35197210993332,0.02784254587299744,0.032323296300159614,0.02767510166263361,0.033971937700077934,0.02350447110885923,0.03474673964634725,0.027584417422090748,0.033906148225398135,0.03720735233112492,0.02617226182644722,0.03205024615827768,0.027100123780512568,0.025037510762587076,0.029987756828671382,0.02691455857103414,0.029394836434717537,0.03687496449871482,0.033352612800902307,0.03292405544986754,0.03380157464273904,0.031700666828534924,0.02318692820423879,0.029700190457834823,0.022385909037502955,0.03323367614682256,0.036662946229058774,0.025207037464101998,0.03086045864141051,0.029332192070119396,0.02220122666958098
359,30.537454394634604,5.481726572588206,0.029444517238508505,26.541527874954767,33.74357483572653,24.154705501340107,28.310256280648368,24.32434967401514,41.90321842945925,32.40312158083018,28.155782799800445,32.84295297549676,37.09054109240659,36.896735670071486,30.554813407545577,31.86118333605844,27.183039422074245,27.78836815773646,26.447651427783065,32.714844397572804,35.487093271484525,39.98914930313113,25.127558319071607,24.339162660092484,19.899038821007956,37.05235629569439,31.345712343461308,22.57682969976734,24.44327293781102,36.31100603369328,36.10679958715827,27.17701359321146,33.35197210993332,0.02377288040087278,0.035924341049921406,0.02741036500426973,0.0395608948477089,0.022376577399853693,0.039189778551011696,0.029824377846761875,0.027432593324549878,0.03336953036924408,0.027666843307609275,0.03228215501835777,0.03008167689225478,0.026005232396232265,0.031262625352021185,0.036108729749582784,0.02151324487685937,0.0330890840000882,0.0340901934780126,0.02794503720442932,0.02934221270226056,0.03167965079679438,0.019220273471645632,0.02651537153231719,0.02873896281001094,0.03223981016075569,0.03398299171309888,0.025976158458593742,0.020763364823381102,0.030901242680544554,0.025069316936210884
360,30.327342852342557,5.539700026185421,0.029987285041388805,26.541527874954767,33.74357483572653,24.154705501340107,25.58236833489979,24.32434967401514,41.90321842945925,32.40312158083018,28.155782799800445,32.84295297549676,37.09054109240659,36.896735670071486,30.554813407545577,31.86118333605844,27.183039422074245,27.78836815773646,26.447651427783065,29.978892881454215,35.487093271484525,39.98914930313113,25.127558319071607,24.339162660092484,19.899038821007956,37.05235629569439,31.345712343461308,22.57682969976734,24.44327293781102,36.31100603369328,36.05444166804235,26.389864705433084,33.35197210993332,0.023307245003585293,0.041697593732412455,0.029898784478936156,0.03481577488118412,0.024940520730786016,0.03482049697677724,0.03061715811611177,0.028932317590386038,0.0343735829997166,0.030282937739347197,0.0351547575864196,0.02907176692649042,0.02265060921745718,0.024302341767114464,0.03296460737157602,0.02555637020755263,0.029479266832815994,0.03762077205723446,0.026997452135037237,0.032282622467996215,0.028822199205002404,0.025359293889543028,0.02941839371929121,0.023208401199863345,0.04028872439073307,0.033353522579914946,0.026392257949205956,0.028920611302508368,0.02735648527926772,0.026731682907396945
361,29.88955851463943,5.095599081642272,0.030423742821824622,26.541527874954767,33.74357483572653,24.154705501340107,25.58236833489979,24.32434967401514,34.43786494803869,32.40312158083018,27.29922026495769,32.84295297549676,37.09054109240659,36.896735670071486,29.347270468032,31.86118333605844,27.183039422074245,27.78836815773646,26.447651427783065,29.978892881454215,31.88302209616752,39.98914930313113,25.127558319071607,24.339162660092484,19.899038821007956,37.05235629569439,31.345712343461308,22.57682969976734,24.44327293781102,36.31100603369328,36.05444166804235,26.389864705433084,33.35197210993332,0.027382092126758843,0.03545940327851395,0.027565807574059513,0.036122582677003544,0.031868221373211846,0.030527780138075417,0.02410945105750029,0.03158629700503061,0.03348211866298773,0.029818505449643855,0.03235740489490874,0.030153096580819216,0.026424863576510745,0.032810312266498186,0.034354326624877016,0.02384726594054159,0.03149600565571139,0.03446887255741885,0.031120707998279665,0.032579037385898395,0.02824510531087121,0.024765436270348842,0.0385695587647952,0.027636369778683036,0.036986155576636495,0.03566092786315585,0.02898131659097502,0.027824499487358743,0.023245808313377858,0.023262953874286913
362,29.734931822838625,5.32409493512016,0.030481889257587966,26.467263943952158,33.74357483572653,24.154705501340107,25.58236833489979,19.759812850993693,34.43786494803869,32.40312158083018,27.29922026495769,32.84295297549676,37.09054109240659,36.896735670071486,29.347270468032,31.86118333605844,27.183039422074245,27.78836815773646,26.447651427783065,29.978892881454215,31.88302209616752,39.98914930313113,25.127558319071607,24.339162660092484,19.899038821007956,37.05235629569439,31.345712343461308,22.57682969976734,24.44327293781102,36.31100603369328,36.05444166804235,26.389864705433084,33.35197210993332,0.02760885481419839,0.03266900912638735,0.026742261950666205,0.04304344854041676,0.021827363131238516,0.03297068922960959,0.024403425666162798,0.032917782778539524,0.029237359323479935,0.025896108966050706,0.02879299239643912,0.034277026649038256,0.027958188976587223,0.029788163091992587,0.03240280087416811,0.028656765180889145,0.031334481400769915,0.033742946374539014,0.027417114633928052,0.03203885116557812,0.034515909369778275,0.023072184467645803,0.02880271554837736,0.027543377864991954,0.038850842542750307,0.036410525293871364,0.03170722158486805,0.02738034176202183,0.027740738591472733,0.03470718643118173
363,29.54879753277306,5.328673942604329,0.032043686182089456,26.467263943952158,33.74357483572653,24.154705501340107,24.630921435134645,19.566838156618225,34.43786494803869,32.40312158083018,27.29922026495769,32.84295297549676,37.09054109240659,36.896735670071486,28.055243564121255,31.86118333605844,27.183039422074245,27.78836815773646,26.447651427783065,29.978892881454215,31.88302209616752,39.98914930313113,25.127558319071607,24.339162660092484,19.899038821007956,37.05235629569439,31.345712343461308,22.57682969976734,24.44327293781102,36.31100603369328,36.05444166804235,26.389864705433084,30.204391906017715,0.030864301193502343,0.038752016828157515,0.02920228012630881,0.03624530114820007,0.0258496828988884,0.031102252669914197,0.034655366457884355,0.031008176694673796,0.03294831060183292,0.026754084824370066,0.03050836090399848,0.03322183967911017,0.0326305731415727,0.03311979481586661,0.027317383765132715,0.030968722628555916,0.030854127032248584,0.034805032813818124,0.027537605075822744,0.02725400758922934,0.03309593027221848,0.02640180988710803,0.03323033594704753,0.031283877491945486,0.04160862267406917,0.03513791775610277,0.032801446467907745,0.03305676652926803,0.03785263203697327,0.031242025510955288
364,29.538920986375224,5.333107061929872,0.030590411078937917,26.467263943952158,33.74357483572653,24.154705501340107,24.630921435134645,19.566838156618225,34.43786494803869,32.40312158083018,27.002923873022578,32.84295297549676,37.09054109240659,36.896735670071486,28.055243564121255,31.86118333605844,27.183039422074245,27.78836815773646,26.447651427783065,29.978892881454215,31.88302209616752,39.98914930313113,25.127558319071607,24.339162660092484,19.899038821007956,37.05235629569439,31.345712343461308,22.57682969976734,24.44327293781102,36.31100603369328,36.05444166804235,26.389864705433084,30.204391906017715,0.024886339732915007,0.03662973061339772,0.03074450289391981,0.04156856642094329,0.027919111750941944,0.030434263919396926,0.03213723582375197,0.03257662070793797,0.029895610805855236,0.024224132318195382,0.03244834015027094,0.025777000182650035,0.036619303746302144,0.03108563270123539,0.02774533206619926,0.028230790059961246,0.033499890726859834,0.031221909302159238,0.03147752218088558,0.025935671458204062,0.02478546321132936,0.029971763262126885,0.029540056948410942,0.022120090920551276,0.0377868570630581,0.03144002980896904,0.03014628550865091,0.037676910474460305,0.03409709490638045,0.025090272702217246
365,29.436697399701735,5.326932602483374,0.030921426774528474,26.467263943952158,32.24531580770129,24.154705501340107,24.630921435134645,19.566838156618225,33.82924922708138,32.40312158083018,27.002923873022578,32.84295297549676,37.09054109240659,36.896735670071486,28.055243564121255,31.86118333605844,27.183039422074245,27.78836815773646,26.447651427783065,29.978892881454215,31.88302209616752,39.98914930313113,25.127558319071607,24.339162660092484,19.899038821007956,37.05235629569439,31.345712343461308,21.616996848545064,24.44327293781102,36.31100603369328,36.05444166804235,26.389864705433084,30.204391906017715,0.027671532668469057,0.033879870345020005,0.03428074453675028,0.03727617579532128,0.031663275114742165,0.02956470905621636,0.029874483842728623,0.030681746228116976,0.029778083137029288,0.03500341181460914,0.03640533772749294,0.026565077864456395,0.029945823666549125,0.02937435754879236,0.027789811445697005,0.02741524363632684,0.041431761520991914,0.02999717586793267,0.03501773632241559,0.022830545415157825,0.03463765131692007,0.024219787862574303,0.03074220036767914,0.018447730310837154,0.03394377019765451,0.03148243827870108,0.029507038159814966,0.029792547599131892,0.036422112322561144,0.032000623265164334
366,29.429193879021334,5.325827932904303,0.032165317830195155,26.467263943952158,32.232803773827015,24.154705501340107,24.630921435134645,19.566838156618225,33.82924922708138,32.40312158083018,27.002923873022578,32.84295297549676,37.09054109240659,36.896735670071486,28.055243564121255,31.86118333605844,27.183039422074245,27.78836815773646,26.447651427783065,29.978892881454215,31.88302209616752,39.98914930313113,25.127558319071607,24.339162660092484,19.899038821007956,37.05235629569439,31.345712343461308,21.616996848545064,24.44327293781102,36.31100603369328,36.05444166804235,26.389864705433084,29.99179831947998,0.03027845744521048,0.03387281895305366,0.03145822334500432,0.031654954749969565,0.030077555893840494,0.033831565154161095,0.029777269496467737,0.029529989050097894,0.03289251259918459,0.03302132559644689,0.034453432190443826,0.030347619700959713,0.033082582418556654,0.028653063007189283,0.033625784916148566,0.029534280063225785,0.04106112654968508,0.032359459645982636,0.04339172155354604,0.025434363122993475,0.04014851152963854,0.02515114942987734,0.027171581955123765,0.026488354703994205,0.031858757495821274,0.029450121257952804,0.035646132145982654,0.035908632024462435,0.034671218748028296,0.030126970162805557
367,29.07169935528414,5.119189404659715,0.032049720886091294,26.467263943952158,32.232803773827015,24.154705501340107,24.630921435134645,19.566838156618225,32.359413507577074,27.33497390581776,27.002923873022578,32.84295297549676,37.09054109240659,36.896735670071486,28.055243564121255,31.86118333605844,27.183039422074245,27.78836815773646,26.447651427783065,29.978892881454215,31.88302209616752,39.98914930313113,25.127558319071607,24.325156781214318,19.899038821007956,32.995216280513795,31.230005919921016,21.616996848545064,24.44327293781102,36.31100603369328,36.05444166804235,26.389864705433084,29.99179831947998,0.02060417400071347,0.03426345985385608,0.03279459881016432,0.036038099719952206,0.02580851561177496,0.030279464201865572,0.03414439677042967,0.033008000477983405,0.030484133054657962,0.03752651002345682,0.034791360883320924,0.02701967302077294,0.035481013096754145,0.027704100367873415,0.034083987659967147,0.02995637155061855,0.029052832525463673,0.035411166128582895,0.03483898497873847,0.02548894240045808,0.03555329235107458,0.026651750290006902,0.02652830699793365,0.026992391271096018,0.03519674837652251,0.03903567206626622,0.035526805440297564,0.03323109368713864,0.03359745793282838,0.040398323032169704
368,28.994157479779393,5.157247025372205,0.030424489953346217,26.467263943952158,32.232803773827015,24.154705501340107,24.630921435134645,19.566838156618225,32.359413507577074,25.13826360412823,27.002923873022578,32.84295297549676,37.09054109240659,36.896735670071486,28.055243564121255,31.86118333605844,27.183039422074245,27.78836815773646,26.447651427783065,29.978892881454215,31.88302209616752,39.98914930313113,25.127558319071607,24.325156781214318,19.899038821007956,32.995216280513795,31.100459956468107,21.616996848545064,24.44327293781102,36.31100603369328,36.05444166804235,26.389864705433084,29.99179831947998,0.024406145010816595,0.03853609953785596,0.031911720633159,0.03316723604617864,0.025471544588698995,0.02352414297335198,0.03364701638443259,0.030739097192464232,0.036835088807134285,0.03244861522033893,0.028721392421506793,0.027536672527722777,0.03528982784742933,0.02841698828769935,0.03379043232255691,0.017341526318196594,0.032977376146072525,0.03408745531759669,0.03363363428748312,0.019946097382470492,0.035714802706603266,0.029418298687949325,0.029856081013075846,0.02754715341577524,0.03692556270575843,0.02657581249510257,0.036974244778910585,0.02576594527134248,0.02887378723994292,0.0326549010327603
369,28.994157479779393,5.157247025372205,0.029961735716746377,26.467263943952158,32.232803773827015,24.154705501340107,24.630921435134645,19.566838156618225,32.359413507577074,25.13826360412823,27.002923873022578,32.84295297549676,37.09054109240659,36.896735670071486,28.055243564121255,31.86118333605844,27.183039422074245,27.78836815773646,26.447651427783065,29.978892881454215,31.88302209616752,39.98914930313113,25.127558319071607,24.325156781214318,19.899038821007956,32.995216280513795,31.100459956468107,21.616996848545064,24.44327293781102,36.31100603369328,36.05444166804235,26.389864705433084,29.99179831947998,0.02496631278981963,0.03253600304655377,0.02883398827775984,0.03399010073518044,0.024454592668122895,0.029374570524320832,0.03341893418035383,0.03527906533304751,0.0397900790893923,0.03343648327619881,0.03170468799604085,0.025989627361173807,0.032536390724284804,0.020777850113592865,0.028129700975476415,0.025289006009950044,0.028493514357556194,0.033422395128762036,0.03186713751179653,0.023301807710100205,0.03492825982691273,0.02447083623677698,0.02595834632983,0.02660377080127097,0.03842958066731883,0.03142850571453549,0.03400597505017413,0.02463599131333249,0.027284287815477242,0.0335142699372792
370,28.732195962847552,5.354581956794909,0.030740775737223947,26.467263943952158,32.232803773827015,24.154705501340107,24.630921435134645,19.566838156618225,32.359413507577074,25.13826360412823,27.002923873022578,32.84295297549676,37.09054109240659,36.896735670071486,28.055243564121255,31.86118333605844,27.041446218852435,20.902710705037496,26.447651427783065,29.217306389705534,31.88302209616752,39.98914930313113,25.127558319071607,24.25514842092872,19.899038821007956,32.995216280513795,31.100459956468107,21.616996848545064,24.44327293781102,36.31100603369328,36.05444166804235,26.389864705433084,29.99179831947998,0.03478246523522649,0.03423692309092155,0.020765596436768344,0.030969951707574536,0.02165255874780715,0.03233515266410722,0.03139850994818887,0.0333595195792957,0.04051513184104011,0.02707500562618232,0.03198471331264458,0.026518747434711804,0.036037990203752285,0.01996917861789009,0.03064024275008428,0.024925835258893823,0.02894805696824695,0.03163178997889403,0.0259095865894255,0.024522636737536525,0.03663917787538133,0.027456036257950796,0.024873162746112065,0.03373828792099692,0.04125832330849607,0.0394171047388764,0.03710720228172962,0.028299068528527954,0.02779423008682541,0.037461085642629705
371,28.732195962847552,5.354581956794909,0.030259097466088847,26.467263943952158,32.232803773827015,24.154705501340107,24.630921435134645,19.566838156618225,32.359413507577074,25.13826360412823,27.002923873022578,32.84295297549676,37.09054109240659,36.896735670071486,28.055243564121255,31.86118333605844,27.041446218852435,20.902710705037496,26.447651427783065,29.217306389705534,31.88302209616752,39.98914930313113,25.127558319071607,24.25514842092872,19.899038821007956,32.995216280513795,31.100459956468107,21.616996848545064,24.44327293781102,36.31100603369328,36.05444166804235,26.389864705433084,29.99179831947998,0.0332117305708819,0.036151330545496144,0.02805373053727459,0.029255578699110517,0.02271214155705536,0.029930494644167027,0.03209714310898785,0.031303005968787365,0.03963945822378552,0.02788491301791985,0.027719774716789942,0.025246996869543195,0.03411840869539439,0.02281659171869193,0.025648809136895552,0.02911746000242586,0.033039666288579767,0.03641769519286574,0.03089517305490007,0.022380775649211652,0.035707943255469304,0.026848031833182108,0.02344001069822762,0.027398008851457534,0.03918273158671097,0.030299274076457324,0.03059548446640142,0.02780955323329372,0.03283166202951763,0.03601934575318364
372,28.726681465700633,5.351057991570082,0.03204654770862251,26.467263943952158,32.06736885941939,24.154705501340107,24.630921435134645,19.566838156618225,32.359413507577074,25.13826360412823,27.002923873022578,32.84295297549676,37.09054109240659,36.896735670071486,28.055243564121255,31.86118333605844,27.041446218852435,20.902710705037496,26.447651427783065,29.217306389705534,31.88302209616752,39.98914930313113,25.127558319071607,24.25514842092872,19.899038821007956,32.995216280513795,31.100459956468107,21.616996848545064,24.44327293781102,36.31100603369328,36.05444166804235,26.389864705433084,29.99179831947998,0.032842197056565416,0.033839758429355285,0.025548489527889105,0.03335508544595345,0.03528937915530213,0.03160581094651132,0.03613194415002896,0.030995006533722683,0.03597144085320759,0.0314519194529436,0.027192136981787858,0.028722884794035577,0.034686708689020095,0.02919826112754252,0.034027727311336034,0.027842113586095733,0.03683382583974304,0.0368899679544014,0.03368346552599509,0.029105626479676527,0.03496834744915936,0.020953837522641468,0.026650689649118656,0.033846865658541885,0.03544097630540385,0.0299858096495696,0.03237591283000081,0.03501747306395596,0.03374180931311493,0.033200959976055454
373,28.679455278179375,5.38492840136674,0.03167113214752049,26.467263943952158,32.06736885941939,24.154705501340107,24.630921435134645,19.566838156618225,32.359413507577074,25.13826360412823,27.002923873022578,32.84295297549676,37.09054109240659,36.896735670071486,28.055243564121255,31.86118333605844,27.041446218852435,20.902710705037496,25.727359413729197,29.217306389705534,31.88302209616752,39.98914930313113,24.702538349559536,24.25514842092872,19.899038821007956,32.995216280513795,31.100459956468107,21.345523206473345,24.44327293781102,36.31100603369328,36.05444166804235,26.389864705433084,29.99179831947998,0.029190753593096024,0.03587815934962399,0.02730631943140556,0.030067547823656785,0.028225114266770504,0.029899745192708167,0.03291986581108716,0.03412383034359055,0.03815405639195754,0.021916123524172555,0.03459446492788557,0.026984458780311738,0.03184452099339669,0.02521920605417889,0.03388665242500129,0.027542433006132,0.03626309290050159,0.03618688269597589,0.03768562038853396,0.027491837687938097,0.026330974711694217,0.019518724125497912,0.02553750457925046,0.03704754289690845,0.043406262525280154,0.03720366793487576,0.035070608782669155,0.034039871053996945,0.03301184649474238,0.03358627573277459
374,28.374804116022695,5.384473658503045,0.030847678523626864,26.467263943952158,30.063883465130758,24.154705501340107,24.630921435134645,19.566838156618225,31.484264984805982,25.13826360412823,27.002923873022578,32.84295297549676,37.09054109240659,36.896735670071486,28.055243564121255,31.86118333605844,27.041446218852435,20.902710705037496,25.727359413729197,29.217306389705534,31.88302209616752,39.98914930313113,24.702538349559536,24.25514842092872,19.04919418673385,32.995216280513795,31.100459956468107,21.345523206473345,24.44327293781102,36.31100603369328,35.464113622440976,26.389864705433084,25.17107005171469,0.030216138114083253,0.03200223063458428,0.023670586210937494,0.030140092015414906,0.03237198162172564,0.02739867369564645,0.028850567087512446,0.02723917264174292,0.03844235762326216,0.02266483539728611,0.03540991199483713,0.028423522614048066,0.02792578847824528,0.02755768060462768,0.03360435146509362,0.03054365940933864,0.03706652043328294,0.034836956214549526,0.04395643156836193,0.01929367794225121,0.026735392892464693,0.018910607341368735,0.026443702468738013,0.031320940992064325,0.03835265276570321,0.040420121441536346,0.03831559631130151,0.026472669835573864,0.0295063856825853,0.037337150210638256
375,28.201648509862412,5.310327750436329,0.03001045683138753,26.467263943952158,30.063883465130758,24.154705501340107,24.630921435134645,19.566838156618225,31.484264984805982,25.13826360412823,27.002923873022578,32.84295297549676,36.14494770718958,36.896735670071486,28.055243564121255,31.86118333605844,27.041446218852435,20.902710705037496,25.727359413729197,29.217306389705534,31.88302209616752,39.98914930313113,24.702538349559536,24.25514842092872,19.04919418673385,32.995216280513795,31.100459956468107,21.345523206473345,22.452403358615175,36.31100603369328,33.205908402045495,26.389864705433084,25.17107005171469,0.029297837651806307,0.031233191588088988,0.030329984134980975,0.029333036364560788,0.02349937990705804,0.03194575996150018,0.034477214843570685,0.03197327120487908,0.04304530055484177,0.02942042799172142,0.027778895691905045,0.030130748710910704,0.03147522715642358,0.024330027254925567,0.030458481241988092,0.025625006300764603,0.0383783303854577,0.027815123108301934,0.035020288844751085,0.02421070833254267,0.031010953037035712,0.024013862238149768,0.019032595887942327,0.02990960636387812,0.034752743286191774,0.029775069292558687,0.028068543634973464,0.03100673540118935,0.0352356578793214,0.0277296966894061
376,28.17047712264489,5.3630697019759355,0.030796838663873016,26.467263943952158,30.063883465130758,24.154705501340107,24.630921435134645,18.638051523626523,31.484264984805982,25.13826360412823,27.002923873022578,32.84295297549676,36.14494770718958,36.896735670071486,28.055243564121255,31.86118333605844,27.035091235318298,20.902710705037496,25.727359413729197,29.217306389705534,31.88302209616752,39.98914930313113,24.702538349559536,24.25514842092872,19.04919418673385,32.995216280513795,31.100459956468107,21.345523206473345,22.452403358615175,36.31100603369328,33.205908402045495,26.389864705433084,25.17107005171469,0.03147589887031002,0.031496871432825015,0.02821043555789389,0.034661824425349055,0.02235965952474733,0.033582911248473124,0.031694567333331716,0.03353279464505588,0.0433042951609106,0.03023548427925327,0.03008985402478808,0.031162746910567883,0.03490239145298239,0.027356890963268633,0.028051830513789004,0.02537291514974563,0.038019028743212245,0.033756990735532816,0.03633929864158652,0.022713385431040387,0.02995575169079716,0.028875518019146465,0.02418337544923298,0.03062358948969931,0.03732497250599312,0.021482251067362734,0.0313170228309637,0.030611531761926575,0.03301927794844676,0.028191794107958197
377,28.147315647678315,5.313247409288937,0.030361858460740743,26.467263943952158,30.063883465130758,24.154705501340107,24.630921435134645,18.638051523626523,31.484264984805982,25.13826360412823,27.002923873022578,32.84295297549676,36.14494770718958,36.896735670071486,28.055243564121255,31.86118333605844,27.035091235318298,20.902710705037496,25.727359413729197,29.217306389705534,31.88302209616752,39.29430505413406,24.702538349559536,24.25514842092872,19.04919418673385,32.995216280513795,31.100459956468107,21.345523206473345,22.452403358615175,36.31100603369328,33.205908402045495,26.389864705433084,25.17107005171469,0.02670278666174958,0.03054188606165456,0.025532204536767668,0.03687586899654146,0.021129916270094074,0.031128855027544162,0.033088954573069346,0.0293007538918707,0.04373960492933496,0.03238540483517935,0.03279811538776309,0.036306685420155374,0.03001137350365184,0.027324694058856257,0.02879194597617691,0.02279125845548061,0.03367520335331736,0.03355947426941111,0.033055955782491854,0.020170662202500456,0.025526001860758124,0.01654693351067222,0.02594009913119457,0.03313172360032629,0.033644510007868146,0.030183099451224122,0.03618003664588763,0.037174979621362486,0.029845882914202728,0.033770882885114935
378,27.885587000161543,5.297161704972204,0.030645443472435443,26.467263943952158,30.063883465130758,24.154705501340107,24.630921435134645,18.638051523626523,31.484264984805982,25.13826360412823,27.002923873022578,32.84295297549676,36.14494770718958,36.896735670071486,28.055243564121255,31.86118333605844,27.035091235318298,20.902710705037496,25.727359413729197,29.217306389705534,31.88302209616752,39.29430505413406,24.702538349559536,22.37609126894918,18.986139399370636,27.08546879435347,31.100459956468107,21.345523206473345,22.452403358615175,36.31100603369328,33.205908402045495,26.389864705433084,25.17107005171469,0.028374556129076328,0.03577055974123326,0.030591997207475952,0.03164610222297347,0.027796042744367734,0.03040987441164186,0.02990843639091623,0.03205089546872623,0.04053234660248326,0.03242580495617117,0.031477324458960884,0.033363664634198265,0.029866709112819537,0.026676517862938467,0.029310812218585475,0.023483059448489225,0.03303956197251915,0.037030325339775544,0.03129388852947518,0.02734851607867545,0.025720532303964618,0.02561793653369312,0.034082336940089754,0.02729177469577171,0.030345928379475015,0.028207610369219857,0.03248980624164073,0.03090479876555118,0.02774574636285023,0.034559838049304265
379,27.84744046635242,5.3226045236548725,0.03137760976644175,26.467263943952158,30.063883465130758,24.154705501340107,23.692594620989734,18.638051523626523,31.484264984805982,25.13826360412823,27.002923873022578,32.84295297549676,36.14494770718958,36.896735670071486,28.055243564121255,31.86118333605844,27.035091235318298,20.902710705037496,25.727359413729197,29.217306389705534,31.88302209616752,39.29430505413406,24.702538349559536,22.37609126894918,18.986139399370636,27.08546879435347,31.100459956468107,21.345523206473345,22.452403358615175,36.31100603369328,33.205908402045495,26.389864705433084,24.965000851585838,0.02832660036326166,0.041182351240619544,0.027350892369054598,0.028587101193815287,0.02717888918483293,0.018720708241996294,0.027264308470084396,0.03117803027440963,0.048144948562700934,0.03790617425069695,0.02909045426426262,0.03691863979550034,0.035189653320306935,0.02429840346832387,0.025146447998751743,0.023914576584144618,0.042048427191439974,0.03835170607576095,0.036729682918644535,0.02935875966060798,0.02964373630456418,0.023908957274986098,0.04009580247354502,0.0240202473099275,0.03339219781737927,0.03749270693373279,0.029895487539074398,0.02752313754293082,0.03133521031382837,0.027134054054068213
380,27.84744046635242,5.3226045236548725,0.03148576477057546,26.467263943952158,30.063883465130758,24.154705501340107,23.692594620989734,18.638051523626523,31.484264984805982,25.13826360412823,27.002923873022578,32.84295297549676,36.14494770718958,36.896735670071486,28.055243564121255,31.86118333605844,27.035091235318298,20.902710705037496,25.727359413729197,29.217306389705534,31.88302209616752,39.29430505413406,24.702538349559536,22.37609126894918,18.986139399370636,27.08546879435347,31.100459956468107,21.345523206473345,22.452403358615175,36.31100603369328,33.205908402045495,26.389864705433084,24.965000851585838,0.02919967554840167,0.03287669855555387,0.033595663665432145,0.03750350864325943,0.031302506552445875,0.023859375722755156,0.03012576800512136,0.02988328062328403,0.04192263149917934,0.03078811725659779,0.02543192853877398,0.032407474931816733,0.037190969753887575,0.03178049384741237,0.024326981444345076,0.028047234781749586,0.038569732521789434,0.03419414228963054,0.03432889676025951,0.03073442801110016,0.03328893873730881,0.01938427912132587,0.04102747936795778,0.028983511263884692,0.030750487215263,0.03482896462614985,0.030189220294013743,0.02910808192585051,0.030715475275182664,0.028226996337531375
381,27.65916485550978,5.348714461857231,0.030831565424934353,26.467263943952158,30.063883465130758,24.154705501340107,23.692594620989734,18.638051523626523,31.484264984805982,25.13826360412823,27.002923873022578,32.84295297549676,36.14494770718958,36.896735670071486,28.055243564121255,30.583114236433047,25.910776718519077,20.902710705037496,25.59884061130807,29.217306389705534,31.88302209616752,39.29430505413406,24.702538349559536,22.37609126894918,18.986139399370636,23.983143195073627,31.100459956468107,21.345523206473345,22.452403358615175,36.31100603369328,33.205908402045495,26.374824398279447,24.965000851585838,0.029276160617458226,0.03445513747240014,0.029349135328852485,0.030347736618878268,0.025432948295723425,0.027686808482741382,0.028657004917355636,0.035903739120424355,0.03305134882762555,0.03100178887666919,0.027546082072525443,0.03590825424279813,0.040585594670644334,0.03338548352747677,0.026238413477902588,0.027098191236641173,0.032928594275529216,0.040589891538388795,0.030378539883869952,0.02726551722843075,0.03208652978923325,0.020880114916256888,0.03512294502477123,0.025440888693097265,0.028745540774468007,0.034574726568193534,0.03454816838365266,0.02827360442141446,0.032303673605251174,0.025884399859356463
382,27.581837376623962,5.376523849545798,0.03179132206414794,26.467263943952158,30.063883465130758,24.154705501340107,23.692594620989734,18.580620539727995,31.484264984805982,25.13826360412823,24.740530490346565,32.84295297549676,36.14494770718958,36.896735670071486,28.055243564121255,30.583114236433047,25.910776718519077,20.902710705037496,25.59884061130807,29.217306389705534,31.88302209616752,39.29430505413406,24.702538349559536,22.37609126894918,18.986139399370636,23.983143195073627,31.100459956468107,21.345523206473345,22.452403358615175,36.31100603369328,33.205908402045495,26.374824398279447,24.965000851585838,0.024950332197410083,0.03398176657332117,0.032733939313067284,0.036224708305138076,0.03330824942940938,0.03411132006833299,0.02931321531217855,0.03814957076673604,0.04187577016336245,0.02437491711744874,0.02492775195555099,0.03875977296493909,0.03922651421856983,0.028700321838156226,0.029975784695561565,0.02694395044608218,0.033480473376669345,0.0373819354091353,0.03374458929203499,0.025247900751290762,0.03544564173811471,0.014619477987717957,0.0350833148189781,0.0321002450181482,0.03226039648810888,0.03447938117539945,0.03222243275404598,0.028986097718665525,0.03292789126483024,0.028201998766034266
383,27.554150502550137,5.405321517310992,0.0321274026484416,26.467263943952158,30.063883465130758,24.154705501340107,23.692594620989734,18.580620539727995,31.484264984805982,25.13826360412823,24.740530490346565,32.84295297549676,36.14494770718958,36.896735670071486,28.055243564121255,30.583114236433047,25.910776718519077,20.902710705037496,25.59884061130807,29.217306389705534,31.88302209616752,39.29430505413406,24.702538349559536,21.54548504673437,18.986139399370636,23.983143195073627,31.100459956468107,21.345523206473345,22.452403358615175,36.31100603369328,33.205908402045495,26.374824398279447,24.965000851585838,0.03183085349525878,0.03203196658335877,0.03260698833035398,0.03283810383144151,0.03306539794529872,0.03325680320204472,0.02741520113295641,0.03591696989812656,0.04400861535723643,0.024329016116847305,0.0266666094301621,0.03562807925730022,0.03395972121691371,0.02999826921640919,0.03437050676571863,0.019577622178338888,0.037127784033737364,0.040274293495908865,0.03330684129545412,0.030326534089690882,0.03424454678354963,0.019798316711946155,0.03348736442383251,0.03015345695892708,0.03277878479389028,0.03985945329897876,0.030748160266744047,0.030349218449161365,0.03162879713471812,0.0322378037589428
384,27.249151637457622,5.534571841776218,0.031646911137310524,26.467263943952158,21.998765748243482,24.154705501340107,23.692594620989734,17.495772303839907,31.484264984805982,25.13826360412823,24.740530490346565,32.84295297549676,36.14494770718958,36.896735670071486,28.055243564121255,30.583114236433047,25.910776718519077,20.902710705037496,25.59884061130807,29.217306389705534,31.88302209616752,39.29430505413406,24.702538349559536,21.54548504673437,18.986139399370636,23.983143195073627,31.100459956468107,21.345523206473345,22.452403358615175,36.31100603369328,33.205908402045495,26.374824398279447,24.965000851585838,0.026554149636991424,0.031792983944560115,0.03283384788517544,0.030520444582284614,0.03810792156345492,0.031144514180840657,0.030276849045010504,0.030382282734464767,0.04354439969145921,0.023979782338469147,0.026644565251074094,0.04042211291881835,0.030359020589238932,0.028157146277904218,0.03445417797701163,0.02908582130532362,0.036659820517388086,0.0362313383734784,0.03453132341048912,0.029140886676517694,0.03142152371685939,0.022371923286336654,0.02995467252251273,0.03412355667544227,0.026363325045527557,0.04006066964385243,0.031183449508829314,0.03232257663820859,0.02800513288006895,0.028777115301722923
385,27.154845011290508,5.483046588058374,0.031333239650999996,26.446124167865772,21.998765748243482,24.154705501340107,23.692594620989734,17.495772303839907,31.484264984805982,25.13826360412823,24.1394466005734,32.84295297549676,36.14494770718958,36.896735670071486,26.785015538854566,30.583114236433047,25.910776718519077,20.902710705037496,25.59884061130807,29.217306389705534,31.88302209616752,38.75611771255753,24.702538349559536,21.54548504673437,18.986139399370636,23.983143195073627,31.100459956468107,21.345523206473345,22.452403358615175,35.912446281382685,33.205908402045495,26.374824398279447,24.965000851585838,0.025234161491009086,0.04031199551348818,0.02741915391352323,0.030453371266437892,0.035538917802795535,0.03251709085457859,0.03237189011654376,0.03305541296124292,0.03800977044274741,0.023157744702955833,0.029420279413018294,0.03614504073659651,0.02480968299044384,0.027793294291249417,0.028273858178295454,0.02338602664192417,0.03678657443090335,0.033078838834061805,0.03355189661883627,0.03211175996310136,0.03754854205443994,0.023993044212200595,0.030850102097284116,0.0345148176636757,0.03684937558693851,0.03974907807359409,0.026773881980300313,0.027398616619159016,0.030546731246817817,0.028346238831836963
386,27.14353130020661,5.489925256731707,0.031164609680124477,26.446124167865772,21.998765748243482,24.154705501340107,23.692594620989734,17.495772303839907,31.484264984805982,25.13826360412823,24.1394466005734,32.84295297549676,36.14494770718958,36.896735670071486,26.785015538854566,30.583114236433047,25.910776718519077,20.902710705037496,25.59884061130807,29.217306389705534,31.88302209616752,38.75611771255753,24.702538349559536,21.54548504673437,18.986139399370636,23.64373186255664,31.100459956468107,21.345523206473345,22.452403358615175,35.912446281382685,33.205908402045495,26.374824398279447,24.965000851585838,0.02353889960667138,0.0366392971404657,0.022796704076110487,0.03222030992310934,0.033550191398449544,0.027866638886781984,0.033929908963040066,0.036496913235461455,0.03915381584793387,0.0225754751215582,0.022900998111647412,0.04600281504479256,0.029757401073714457,0.031889384367108545,0.03112183673233297,0.02038641671899688,0.03235555144665252,0.03294651438381237,0.02659132223418511,0.026538805717710584,0.03997914900586922,0.020161947057628988,0.03103299664108141,0.025074077114194643,0.03244345862535992,0.040024489642238835,0.0413476844997549,0.028514881136530803,0.03619056303274636,0.030909843617793968
387,27.115928551814985,5.4629002563837235,0.030696178056072047,26.446124167865772,21.998765748243482,24.154705501340107,23.692594620989734,17.495772303839907,31.484264984805982,25.13826360412823,24.1394466005734,32.84295297549676,36.14494770718958,36.7480030676197,26.785015538854566,30.583114236433047,25.910776718519077,20.902710705037496,25.59884061130807,29.217306389705534,31.20367224687054,38.75611771255753,24.702538349559536,21.54548504673437,18.986139399370636,23.64373186255664,31.100459956468107,21.345523206473345,22.452403358615175,35.912446281382685,33.205908402045495,26.374824398279447,24.965000851585838,0.02597692200665996,0.03603121442488489,0.022431733951933992,0.03549603018151227,0.0316349090643953,0.0339074959447358,0.03954387229782103,0.02813000302785438,0.035927832961893245,0.027041615797942623,0.030119090002938477,0.04176726382343371,0.028151168109395934,0.029369087732272862,0.02782395140955301,0.024359986679133045,0.034262906709698976,0.03285772152167713,0.029440429344336702,0.021620019201625113,0.03758976051148266,0.023991718528004136,0.031702910067242664,0.026796372360127177,0.03522172032230305,0.03608667893711199,0.02878149686549119,0.027450644257180298,0.026765137231335806,0.03060564840818402
388,26.869132313524926,5.1822102244241925,0.032159331510277896,26.446124167865772,21.998765748243482,24.154705501340107,23.692594620989734,17.495772303839907,31.484264984805982,25.13826360412823,24.1394466005734,32.84295297549676,36.14494770718958,29.344115918917915,26.785015538854566,30.583114236433047,25.910776718519077,20.902710705037496,25.59884061130807,29.217306389705534,31.20367224687054,38.75611771255753,24.702538349559536,21.54548504673437,18.986139399370636,23.64373186255664,31.100459956468107,21.345523206473345,22.452403358615175,35.912446281382685,33.205908402045495,26.374824398279447,24.965000851585838,0.024485580826951354,0.03899944677896937,0.030457585919105926,0.037371531576996644,0.03257272505819273,0.03600208935534488,0.04027000802962918,0.029989124239004614,0.042927095019852236,0.035987980789197474,0.029024563478556652,0.03836755995219131,0.026479097266253165,0.026583911770121312,0.037084044760499625,0.022198996521448237,0.03483886177470525,0.03339276652734798,0.033344649623274034,0.024670857519356396,0.03525772926840964,0.020499785501016027,0.0315174388470889,0.03269139079699483,0.03790006563621093,0.029937570019138708,0.03104223726169745,0.03208293944262419,0.02707196773214213,0.03173034401601563
389,26.761335413013278,5.163695641680667,0.030813688974688846,26.446124167865772,21.998765748243482,24.154705501340107,23.692594620989734,16.792919669536097,31.484264984805982,25.13826360412823,24.1394466005734,31.713384911854686,36.14494770718958,28.701004354424107,26.785015538854566,30.583114236433047,25.910776718519077,20.807933398445446,25.589354232524826,29.217306389705534,30.54956117933609,38.75611771255753,24.702538349559536,21.54548504673437,18.986139399370636,23.64373186255664,31.100459956468107,21.345523206473345,22.452403358615175,35.912446281382685,33.205908402045495,26.374824398279447,24.965000851585838,0.023600254550578778,0.0380095744620958,0.029963426603159104,0.034142423501824795,0.028084195064070727,0.03223170902496801,0.03216442174682532,0.03387208947010961,0.044749483474217464,0.033099269568410236,0.02971259576266524,0.03728665350520291,0.030395142918503863,0.021966745421701413,0.031967286825613485,0.020252681734259467,0.03264854800552404,0.027748103544101024,0.03435251727295561,0.016694328301606578,0.035309098989464494,0.02214910752741852,0.02812655641403201,0.03275631186584687,0.03930768852299945,0.032092325992541956,0.037510038908861225,0.024376417180102878,0.029714834994744588,0.030126838086259787
390,26.725310112041704,5.144245421099392,0.03149434936011024,26.446124167865772,21.998765748243482,24.154705501340107,23.692594620989734,16.792919669536097,31.484264984805982,25.13826360412823,24.1394466005734,31.713384911854686,35.79605251630171,28.701004354424107,26.19137568540184,30.583114236433047,25.910776718519077,20.807933398445446,25.589354232524826,29.217306389705534,30.54956117933609,38.75611771255753,24.702538349559536,21.54548504673437,18.986139399370636,23.64373186255664,31.100459956468107,21.345523206473345,22.452403358615175,35.912446281382685,33.205908402045495,26.236600413472676,24.965000851585838,0.019241025609646904,0.04069398431213632,0.028201727390017386,0.02865790945293495,0.029700246053634742,0.034297889280168026,0.02990042917125695,0.02826245446888282,0.0425572986183785,0.03351200174410889,0.029830453154017583,0.028428572898368462,0.032259340315156336,0.029331387470294238,0.032571425597709286,0.022323691510134604,0.04088406114351589,0.03673185553439167,0.03251349881323358,0.021385197271241767,0.033763990027255095,0.014337785730452924,0.03258333982148101,0.03421264207303981,0.03762679870514799,0.028311632502825156,0.04097502016564934,0.02695489942230703,0.037156387758203194,0.03762353478771676
391,26.533945410091594,5.160562255491919,0.03181602034856103,26.347583050218145,21.998765748243482,24.154705501340107,23.692594620989734,16.792919669536097,31.484264984805982,24.888966093245042,24.1394466005734,31.713384911854686,34.73326047897602,28.701004354424107,21.861065292755065,30.583114236433047,25.910776718519077,20.807933398445446,25.589354232524826,29.217306389705534,30.54956117933609,38.75611771255753,24.702538349559536,21.54548504673437,18.986139399370636,23.64373186255664,31.100459956468107,21.345523206473345,22.452403358615175,35.912446281382685,33.205908402045495,26.236600413472676,24.965000851585838,0.027572543662705673,0.041187201870097084,0.02412947193291893,0.02545329840349967,0.03652091795554807,0.02836708257367936,0.0268330127047296,0.030447954035770775,0.04324772772279921,0.027008808715845396,0.028812339467589453,0.033261964491750264,0.03220415384355879,0.025013528285492873,0.031505175291254094,0.027737175193153808,0.04382429757391504,0.037748678630005555,0.0316829968853239,0.023377320166680805,0.037782771922581025,0.027796146792589228,0.029747786018662972,0.034741656778731644,0.03566171288102294,0.027443363608383023,0.03868034141057803,0.02569198613378846,0.03731129233378555,0.03368790317038965
392,26.520989144285284,5.144257324507227,0.03158444082053656,26.347583050218145,21.998765748243482,24.154705501340107,23.692594620989734,16.792919669536097,31.484264984805982,24.888966093245042,24.1394466005734,31.713384911854686,34.73326047897602,28.701004354424107,21.861065292755065,30.583114236433047,25.910776718519077,20.807933398445446,25.589354232524826,29.217306389705534,30.54956117933609,38.75611771255753,24.702538349559536,21.54548504673437,18.986139399370636,23.64373186255664,31.100459956468107,21.345523206473345,22.452403358615175,35.912446281382685,32.81722042785614,26.236600413472676,24.965000851585838,0.026556818297029036,0.038346208756627864,0.02521576569107024,0.021406186616641724,0.03792771470369388,0.03650782764942074,0.030308294899390614,0.03323631048915109,0.0367215484614498,0.03162252842202573,0.03313303861831632,0.03406804834133513,0.034496315785197684,0.0227169798475918,0.029140893981850078,0.029090482426510553,0.03345945475989754,0.03410422554595687,0.03052894222260253,0.033475869816953926,0.036427180763442514,0.027839194808802318,0.033872585601207324,0.03205506053899581,0.03871424404663828,0.029330674850382606,0.033982543724070016,0.025661815732904908,0.029419573241379122,0.02816689597556076
393,26.497308002776904,5.127092445646907,0.031648260854754605,26.347583050218145,21.998765748243482,24.154705501340107,23.692594620989734,16.792919669536097,31.484264984805982,24.888966093245042,24.1394466005734,31.713384911854686,34.384365288088155,28.701004354424107,21.861065292755065,30.583114236433047,25.910776718519077,20.807933398445446,25.589354232524826,29.217306389705534,30.54956117933609,38.75611771255753,24.702538349559536,21.54548504673437,18.986139399370636,23.64373186255664,31.100459956468107,21.345523206473345,22.452403358615175,35.912446281382685,32.81722042785614,25.875061359109274,24.965000851585838,0.028202505468491318,0.0364952960491038,0.023764032167498568,0.029196164319085404,0.03539620129255434,0.031558827294519504,0.03162869932852964,0.03950222269155178,0.034953135516084935,0.03591418416112551,0.03026635589937368,0.03353273578450489,0.03160928584734049,0.019562298115404626,0.025163081737720285,0.02393901681393884,0.03710084643100137,0.03997832713800615,0.03301788210346429,0.024695369867935704,0.04049697126851036,0.023586309243997485,0.03463117880750742,0.03100214963658861,0.03680891984888032,0.03233002035642339,0.036675241189575054,0.03272046268770077,0.03171538573849679,0.024004718837722698
394,26.49645323984422,5.127768813362416,0.03058016940777562,26.347583050218145,21.998765748243482,24.154705501340107,23.692594620989734,16.792919669536097,31.484264984805982,24.888966093245042,24.1394466005734,31.713384911854686,34.384365288088155,28.701004354424107,21.861065292755065,30.583114236433047,25.910776718519077,20.807933398445446,25.589354232524826,29.217306389705534,30.54956117933609,38.75611771255753,24.702538349559536,21.54548504673437,18.986139399370636,23.64373186255664,31.100459956468107,21.345523206473345,22.426760470634616,35.912446281382685,32.81722042785614,25.875061359109274,24.965000851585838,0.031454680614126165,0.03345145927327174,0.015516969562440211,0.030553904643427474,0.03244708152130436,0.03170110524059193,0.03167299854464163,0.03691236365514914,0.040598536045009875,0.026398694854607507,0.03071082982672274,0.033387897634330886,0.02637785092627282,0.020500806634599647,0.025228888768482935,0.020310436645412287,0.03503842077735545,0.044954255764073164,0.034643144909209014,0.021664324038134446,0.04396242616285781,0.023537968366901037,0.028936450351092904,0.028381818080784115,0.03509312605927146,0.03325801992385585,0.03452771885892814,0.03209379618096696,0.028962305607279942,0.02512680276216682
395,26.31854977127282,5.038743959170389,0.029717158442664707,26.347583050218145,21.010873853389178,24.154705501340107,23.692594620989734,16.792919669536097,31.484264984805982,24.888966093245042,24.1394466005734,31.713384911854686,34.384365288088155,28.701004354424107,21.861065292755065,30.583114236433047,25.910776718519077,20.807933398445446,25.589354232524826,29.217306389705534,30.54956117933609,38.75611771255753,24.702538349559536,21.54548504673437,18.986139399370636,23.64373186255664,31.100459956468107,21.345523206473345,22.426760470634616,35.912446281382685,28.468008265568383,25.875061359109274,24.965000851585838,0.03265481386481266,0.03398035685571746,0.01973097171178792,0.036601550596756745,0.03251319828150844,0.027000266821472885,0.030340274373667573,0.03611195665083498,0.03827542398450533,0.027212393765352484,0.030329284149348212,0.03662010292304657,0.026235034704409046,0.020539362291273344,0.021804904912406754,0.018857951128853665,0.033477036385555235,0.03543601971279803,0.02581777645745919,0.015842075221518603,0.04302661208868774,0.022895935125581683,0.030869004854205264,0.02557866067502163,0.02766817465999677,0.030584083422091714,0.03735742498347576,0.03544503415877012,0.02909824777426641,0.029610820744758903
396,26.181816504067733,4.945282339859242,0.029781748331345358,26.347583050218145,21.010873853389178,24.154705501340107,23.692594620989734,16.792919669536097,31.484264984805982,24.888966093245042,24.1394466005734,27.611386895702058,34.384365288088155,28.701004354424107,21.861065292755065,30.583114236433047,25.910776718519077,20.807933398445446,25.589354232524826,29.217306389705534,30.54956117933609,38.75611771255753,24.702538349559536,21.54548504673437,18.986139399370636,23.64373186255664,31.100459956468107,21.345523206473345,22.426760470634616,35.912446281382685,28.468008265568383,25.875061359109274,24.965000851585838,0.02713401565354613,0.02859498534479686,0.01842992374194944,0.027866747279989463,0.032736701247951465,0.034488820898744464,0.027611387371997247,0.03515411608404463,0.03643905746651192,0.025412181036926995,0.028966954845364143,0.029808412024679657,0.03178349077730845,0.02484666138472324,0.02789861019750714,0.024210996503699705,0.03619084140104104,0.03616359343595083,0.03063101497667705,0.02574212935072356,0.04106545954313649,0.027888274859939187,0.03424935295315975,0.02958087185117355,0.030474262789507097,0.027788463816398854,0.02988307370258029,0.028132454440143978,0.02896359400459718,0.025316000955591056
397,26.153197955326174,4.949457224149861,0.029382698919233487,26.347583050218145,21.010873853389178,24.154705501340107,23.692594620989734,16.792919669536097,31.484264984805982,24.888966093245042,24.1394466005734,27.611386895702058,34.384365288088155,28.701004354424107,21.861065292755065,30.583114236433047,25.910776718519077,20.807933398445446,25.589354232524826,29.217306389705534,30.54956117933609,38.75611771255753,24.702538349559536,21.54548504673437,18.986139399370636,23.64373186255664,31.100459956468107,21.345523206473345,22.426760470634616,35.912446281382685,28.468008265568383,25.016504896862568,24.965000851585838,0.02379315497317926,0.03618582930028231,0.02338807982921562,0.028974662411784452,0.029126583295806828,0.024606733033094675,0.029337495579243346,0.0341706938474158,0.03557787171109298,0.021094099172865158,0.03369760086651041,0.036994470733291804,0.029659864780871237,0.021664883497584227,0.026349793818898196,0.029824550637722824,0.03359080287979603,0.044121984599873626,0.03408937329679622,0.02738314392177612,0.02704856538536526,0.03192064594978123,0.026390818442990835,0.02641968647085241,0.03879686774313907,0.025521182058180065,0.024374595615976637,0.0323937738169328,0.021287000258865114,0.02369615964782
398,26.122591330020025,4.937588376838084,0.02978153468757633,26.347583050218145,21.010873853389178,24.154705501340107,23.692594620989734,16.792919669536097,30.796978574367692,24.888966093245042,24.1394466005734,27.611386895702058,34.384365288088155,28.701004354424107,21.861065292755065,30.583114236433047,25.910776718519077,20.807933398445446,25.589354232524826,29.217306389705534,30.54956117933609,38.75611771255753,24.702538349559536,21.54548504673437,18.755227050624377,23.64373186255664,31.100459956468107,21.345523206473345,22.426760470634616,35.912446281382685,28.468008265568383,25.016504896862568,24.965000851585838,0.029368752680335706,0.03533750864683762,0.01796932356887307,0.03642244567992659,0.03152870642266106,0.030775753962330576,0.027312069046892585,0.034740957396440605,0.034222855975278896,0.02499619334955708,0.03219084029673753,0.03002969856665745,0.028225337775310874,0.025978338509450558,0.024011261432954838,0.028880496443203584,0.03399273994613689,0.03318017177182468,0.03571411156847164,0.029361045760261342,0.030759987647684346,0.028528302827164884,0.028026733036491322,0.02438337157210473,0.03290024289926201,0.030539610980588102,0.026646675395889854,0.03052578255249979,0.029622947349072955,0.027273777566388872
399,26.104236349875677,4.937741365802756,0.02938996504744006,25.796933645887638,21.010873853389178,24.154705501340107,23.692594620989734,16.792919669536097,30.796978574367692,24.888966093245042,24.1394466005734,27.611386895702058,34.384365288088155,28.701004354424107,21.861065292755065,30.583114236433047,25.910776718519077,20.807933398445446,25.589354232524826,29.217306389705534,30.54956117933609,38.75611771255753,24.702538349559536,21.54548504673437,18.755227050624377,23.64373186255664,31.100459956468107,21.345523206473345,22.426760470634616,35.912446281382685,28.468008265568383,25.016504896862568,24.965000851585838,0.027507427927484278,0.03333683991649926,0.020415602751868104,0.030116967560312194,0.02512038891556789,0.02836907637866761,0.029719697502656784,0.03761431741264442,0.03300497166179605,0.02049308790019695,0.03196733594539298,0.03756361011140741,0.02567970507845803,0.0313165419169676,0.02291830644987434,0.029567973478459655,0.03579312766679066,0.034947682387756376,0.03142412068880647,0.029679320863810876,0.03587310144864837,0.018299519250864905,0.034602468909413396,0.02437700114532941,0.03198685052692534,0.03269095473815077,0.019340536774972883,0.023370319449482698,0.03152108480388773,0.033081011860108436
400,26.104236349875677,4.937741365802756,0.03054047601242318,25.796933645887638,21.010873853389178,24.154705501340107,23.692594620989734,16.792919669536097,30.796978574367692,24.888966093245042,24.1394466005734,27.611386895702058,34.384365288088155,28.701004354424107,21.861065292755065,30.583114236433047,25.910776718519077,20.807933398445446,25.589354232524826,29.217306389705534,30.54956117933609,38.75611771255753,24.702538349559536,21.54548504673437,18.755227050624377,23.64373186255664,31.100459956468107,21.345523206473345,22.426760470634616,35.912446281382685,28.468008265568383,25.016504896862568,24.965000851585838,0.026792348037576363,0.04064485139374437,0.02337134463897218,0.03432014310154231,0.03135532625487631,0.031973727325284695,0.03232510796853205,0.03289093778422038,0.03762783233508016,0.020104089280812417,0.029555018997064468,0.029548751323037237,0.023876607210904715,0.035567479621573445,0.0261426582147377,0.025597679136213,0.031061592539279682,0.03680303264783755,0.024682685327143752,0.03423391994651868,0.041688954492106224,0.019980932457074774,0.036398184052005844,0.03228639929811195,0.02859484609236074,0.03449785854113095,0.02868407337767822,0.033232948685702306,0.025835284154880435,0.026539666136692584
401,25.933868508993317,4.702586231464021,0.030491043287228306,25.796933645887638,21.010873853389178,24.154705501340107,23.692594620989734,16.792919669536097,30.796978574367692,24.888966093245042,24.1394466005734,27.611386895702058,34.3169070829628,28.701004354424107,21.861065292755065,30.583114236433047,25.910776718519077,20.807933398445446,25.589354232524826,29.217306389705534,30.54956117933609,35.43867603506033,24.702538349559536,21.54548504673437,18.755227050624377,23.64373186255664,31.100459956468107,21.345523206473345,22.426760470634616,35.912446281382685,28.468008265568383,25.016504896862568,23.238865507737582,0.02575338396273278,0.03595055868429276,0.029007645253070768,0.03131995489917564,0.02770555125829728,0.0310705977380437,0.031814000819054306,0.027954207706931505,0.03842204921334809,0.029822352941055653,0.029332560067730343,0.03324640003989964,0.028258965608228413,0.028761404659919464,0.030189602340154862,0.023271157849548654,0.03182371234021502,0.03798364924592882,0.023918669337595365,0.0213175952464445,0.03666675110307514,0.019831643229855554,0.040666814095502386,0.03008792521501012,0.027051796616362735,0.03322107545993172,0.03634421930296324,0.02921117781971699,0.036039259226038886,0.02868661733672495
402,25.89303759383687,4.741071946825912,0.030813668668880596,25.796933645887638,19.934679001147536,24.154705501340107,23.692594620989734,16.792919669536097,30.796978574367692,24.888966093245042,24.1394466005734,27.611386895702058,34.3169070829628,28.55227175197232,21.861065292755065,30.583114236433047,25.910776718519077,20.807933398445446,25.589354232524826,29.217306389705534,30.54956117933609,35.43867603506033,24.702538349559536,21.54548504673437,18.755227050624377,23.64373186255664,31.100459956468107,21.345523206473345,22.426760470634616,35.912446281382685,28.468008265568383,25.016504896862568,23.238865507737582,0.02705980682088315,0.03724013586181602,0.023314007702947486,0.029611462241678536,0.031727451503982346,0.03136496574706234,0.03261135784821623,0.03228114796842294,0.03947156767112838,0.027744817487556056,0.028983382779005872,0.029396189335692425,0.03045717701121342,0.026447749559338762,0.032737216653344496,0.02888833668052749,0.031470460658171204,0.039293561912525796,0.026578516770165074,0.023217868568887683,0.031393369367766176,0.01832100226845627,0.03598397661148593,0.03727501569341567,0.02938062040882064,0.033270333773707056,0.03436270781227656,0.03146963982244144,0.032824735807859474,0.030231477717623245
403,25.84019181253861,4.773959322032768,0.030360258495773285,25.796933645887638,19.934679001147536,24.154705501340107,23.692594620989734,16.792919669536097,30.796978574367692,24.888966093245042,24.1394466005734,27.611386895702058,34.3169070829628,28.55227175197232,21.14393214010346,30.583114236433047,25.910776718519077,20.807933398445446,25.589354232524826,29.217306389705534,30.54956117933609,35.43867603506033,23.90901479232026,21.470768317677507,18.755227050624377,23.64373186255664,31.100459956468107,21.345523206473345,22.426760470634616,35.912446281382685,28.468008265568383,25.016504896862568,23.238865507737582,0.027210447748399237,0.032009105171288785,0.021633549787278578,0.029410741110427078,0.028947593942269832,0.030000871726582924,0.030085838405311184,0.03641651261820714,0.039929756184108225,0.023545908104409742,0.024305901564231996,0.03088303808501155,0.03155794270311879,0.03492350470028876,0.03461754655078719,0.02469396059786998,0.03712696905943225,0.03917471472327834,0.029989053457178408,0.023996758757258405,0.03110609994918506,0.018451746579686512,0.03642797774246304,0.027468724993231806,0.030168604592165586,0.03843178569660803,0.030391623567304245,0.028461772133177986,0.03790720798122285,0.021532496641414933
404,25.831601770312805,4.765642000462413,0.03023578600745639,25.796933645887638,19.934679001147536,24.154705501340107,23.692594620989734,16.792919669536097,30.796978574367692,24.888966093245042,24.1394466005734,27.611386895702058,34.3169070829628,28.55227175197232,21.14393214010346,30.325412969658842,25.910776718519077,20.807933398445446,25.589354232524826,29.217306389705534,30.54956117933609,35.43867603506033,23.90901479232026,21.470768317677507,18.755227050624377,23.64373186255664,31.100459956468107,21.345523206473345,22.426760470634616,35.912446281382685,28.468008265568383,25.016504896862568,23.238865507737582,0.02248089914639308,0.03195313708457234,0.027542203205492624,0.033025851458683086,0.027617164510583665,0.03301811554352996,0.029669267256882716,0.03228005089884739,0.03646369733094216,0.027179837054509295,0.02336310558360511,0.03306249781225028,0.028893627101973723,0.029322064642925257,0.033117235988172844,0.024059470287222513,0.03936559495297776,0.034444360852222015,0.024186306409231265,0.02495881453592436,0.034294861631357906,0.02389491992374945,0.03552875014713328,0.025605865970820433,0.03370500325326863,0.03290858367879864,0.034407576923703505,0.0320333798687588,0.03295559932476802,0.02573573784439141
405,25.831601770312805,4.765642000462413,0.030965849203901268,25.796933645887638,19.934679001147536,24.154705501340107,23.692594620989734,16.792919669536097,30.796978574367692,24.888966093245042,24.1394466005734,27.611386895702058,34.3169070829628,28.55227175197232,21.14393214010346,30.325412969658842,25.910776718519077,20.807933398445446,25.589354232524826,29.217306389705534,30.54956117933609,35.43867603506033,23.90901479232026,21.470768317677507,18.755227050624377,23.64373186255664,31.100459956468107,21.345523206473345,22.426760470634616,35.912446281382685,28.468008265568383,25.016504896862568,23.238865507737582,0.024145996720591013,0.035558645813132124,0.03452388825132546,0.030490280687295392,0.029632426202504406,0.03188441688192102,0.03200873143159545,0.03488249175122199,0.03376173511228027,0.03232751922173321,0.028151705301439955,0.03224157658481748,0.02969328485342876,0.027333871516678508,0.03446835412719884,0.025136714280505283,0.037930429421506824,0.03971729730339187,0.027382664184593956,0.02553120974683385,0.030878765385060045,0.029572506869527306,0.03306010187662245,0.022318986556198524,0.033199801047078564,0.03339515804162983,0.03248230800073699,0.031110648870867,0.032943350319365794,0.02321060975595567
406,25.78153907595371,4.6658406614432355,0.03079497652530495,25.796933645887638,19.934679001147536,24.154705501340107,23.692594620989734,16.792919669536097,30.796978574367692,24.888966093245042,24.1394466005734,27.611386895702058,34.3169070829628,28.55227175197232,21.14393214010346,30.325412969658842,25.910776718519077,20.807933398445446,25.589354232524826,29.217306389705534,30.54956117933609,35.366358311198,23.90901479232026,21.470768317677507,18.755227050624377,23.64373186255664,31.100459956468107,21.345523206473345,22.426760470634616,34.48288317447217,28.468008265568383,25.016504896862568,23.238865507737582,0.019975740961160185,0.03542115030177969,0.031260884093448786,0.03219562900315886,0.031016818500038283,0.028018273918200623,0.0260640112077873,0.04461940178495398,0.038437997904222546,0.02962948220973591,0.020516269701640655,0.030552737136163882,0.030510369207571653,0.02678571920163187,0.03291638869884132,0.024657289810071197,0.036673600253981,0.03824569161137012,0.029958074185234523,0.02633242281490979,0.03456139471298013,0.02593129215184089,0.0330908785699172,0.028715445577324132,0.0311460370835085,0.031404542806011425,0.02875198614967217,0.0356950007293194,0.029458453315138827,0.0313063121575335
407,25.431935097628998,4.365231924982836,0.030027700446113713,25.796933645887638,19.934679001147536,24.154705501340107,23.692594620989734,16.792919669536097,30.796978574367692,24.888966093245042,24.1394466005734,27.29175529964513,25.090964012484104,27.60972706876668,21.14393214010346,30.325412969658842,25.910776718519077,20.807933398445446,25.589354232524826,29.217306389705534,30.54956117933609,35.366358311198,23.90901479232026,21.470768317677507,18.755227050624377,23.64373186255664,31.100459956468107,21.345523206473345,22.426760470634616,34.48288317447217,28.468008265568383,25.016504896862568,23.238865507737582,0.01870185955960569,0.03997341729051326,0.024272188335020192,0.026025568549478843,0.033803919198711466,0.028923035890367002,0.03340179700250494,0.0334045038003598,0.035199559097729816,0.0255362028278387,0.024658170571884346,0.03250211927981711,0.027155367210442455,0.023214737608880678,0.03313288908280563,0.02348091356230838,0.03749445536982016,0.04524053678319693,0.029868591037486705,0.026113730744345667,0.03440936826823997,0.021702524427200272,0.03192676769453741,0.027724700876689407,0.036147807464573974,0.03012818117094087,0.031168417805224967,0.031164752785925665,0.02687766624620838,0.02747726384075276
408,25.35458132345078,4.335471672040951,0.0315016994619359,25.796933645887638,19.77547811960643,24.154705501340107,23.692594620989734,16.792919669536097,30.796978574367692,24.888966093245042,24.1394466005734,27.29175529964513,25.090964012484104,27.60972706876668,21.14393214010346,29.234685382316904,24.840091962055713,20.807933398445446,25.589354232524826,29.217306389705534,30.54956117933609,35.366358311198,23.90901479232026,21.470768317677507,18.755227050624377,23.64373186255664,31.100459956468107,21.345523206473345,22.426760470634616,34.48288317447217,28.468008265568383,25.016504896862568,23.238865507737582,0.020998510759264205,0.0382945045353659,0.030679634488065,0.03272190157669755,0.03094498133557597,0.030889689902131024,0.02734867944263346,0.03188111368577084,0.03912874888323549,0.02766325504490179,0.03347920182012076,0.03842779396407647,0.03149938682861728,0.024735381629088626,0.026688170230929384,0.023020338122814975,0.03653980929565351,0.045343148220604854,0.033948387703130606,0.027602127472351877,0.03911301900144317,0.023077894010674393,0.034996822442954656,0.027688494058726865,0.030634975538078493,0.026703223734076662,0.03866382499810808,0.029577125244399257,0.03648458360505636,0.026276256283529642
409,25.109209878983265,4.257085735914234,0.030622230498214213,22.34420059996679,19.77547811960643,24.154705501340107,23.692594620989734,16.792919669536097,26.888568286262966,24.888966093245042,24.1394466005734,27.29175529964513,25.090964012484104,27.60972706876668,21.14393214010346,29.234685382316904,24.840091962055713,20.807933398445446,25.589354232524826,29.217306389705534,30.54956117933609,35.366358311198,23.90901479232026,21.470768317677507,18.755227050624377,23.64373186255664,31.100459956468107,21.345523206473345,22.426760470634616,34.48288317447217,28.468008265568383,25.016504896862568,23.238865507737582,0.02021251638851326,0.0360545971720695,0.02953292683982441,0.03045818015437706,0.029869196988982917,0.03176761082739354,0.027356980302248556,0.031304138539395246,0.03836515740959938,0.024706277482515134,0.02845799886897976,0.04009170933407813,0.03353866432065117,0.02268692662723107,0.024377074945381935,0.023866317889331128,0.029635600965635556,0.03739054656034714,0.032922487827877656,0.026743190889822296,0.038021581607462655,0.022509267526243604,0.03439389289112743,0.028311970230302033,0.03627609687405467,0.03394259387503873,0.03292692936597796,0.03409984829233598,0.030925146858372866,0.02792148709125564
410,25.109209878983265,4.257085735914234,0.03156401319130273,22.34420059996679,19.77547811960643,24.154705501340107,23.692594620989734,16.792919669536097,26.888568286262966,24.888966093245042,24.1394466005734,27.29175529964513,25.090964012484104,27.60972706876668,21.14393214010346,29.234685382316904,24.840091962055713,20.807933398445446,25.589354232524826,29.217306389705534,30.54956117933609,35.366358311198,23.90901479232026,21.470768317677507,18.755227050624377,23.64373186255664,31.100459956468107,21.345523206473345,22.426760470634616,34.48288317447217,28.468008265568383,25.016504896862568,23.238865507737582,0.02333818948359423,0.036977436188552495,0.02532479830325069,0.028731763461164347,0.02972505785641437,0.037568699841504946,0.030054112704443258,0.03371072129340479,0.0406555514696006,0.033603353829344026,0.028976728121031338,0.041508732758305404,0.03236827153690261,0.032913530445352744,0.028131412884479033,0.023613618920193664,0.03497581970406571,0.03411307159111534,0.033863961931479974,0.02369470117498952,0.03874601091873457,0.018142703227106975,0.04052586416914688,0.023424452914471587,0.03260948071008543,0.03651158478233546,0.03184302819860959,0.029003263906255076,0.03384696724488578,0.028417506168261414
411,25.104905019026823,4.253751059045438,0.03131457656616142,22.34420059996679,19.77547811960643,24.154705501340107,23.692594620989734,16.792919669536097,26.888568286262966,24.888966093245042,24.1394466005734,27.29175529964513,25.090964012484104,27.60972706876668,21.14393214010346,29.234685382316904,24.840091962055713,20.807933398445446,25.589354232524826,29.217306389705534,30.54956117933609,35.366358311198,23.90901479232026,21.470768317677507,18.755227050624377,23.64373186255664,31.100459956468107,21.345523206473345,22.426760470634616,34.48288317447217,28.338862466875142,25.016504896862568,23.238865507737582,0.02289945858407914,0.03718387239742433,0.02690066884787349,0.023618480406131313,0.030348775338249506,0.033646662385032985,0.02931761031474569,0.032918736110571604,0.03606878903492419,0.032342314802978354,0.03273049801354512,0.03262901347455384,0.030475527867885308,0.02893573630295477,0.026464001943542304,0.028504203143474672,0.03438292574993976,0.03848012655413597,0.04004017608305909,0.030281933011891998,0.03140890997231138,0.01899384441533338,0.03236187471353044,0.024464063967104245,0.03834125984043579,0.03939994157226545,0.027191541495508384,0.03230706169222665,0.034946506296126785,0.03185278265300678
412,25.04094156798873,4.209871760412138,0.031966125811467884,22.34420059996679,19.77547811960643,24.154705501340107,23.692594620989734,16.792919669536097,26.888568286262966,24.888966093245042,24.1394466005734,27.29175529964513,25.090964012484104,27.60972706876668,21.14393214010346,29.234685382316904,24.840091962055713,20.807933398445446,25.589354232524826,29.217306389705534,30.54956117933609,35.366358311198,23.90901479232026,21.470768317677507,18.755227050624377,23.64373186255664,29.68002627679217,20.84705335500641,22.426760470634616,34.48288317447217,28.338862466875142,25.016504896862568,23.238865507737582,0.026348579655992722,0.03270582949543622,0.0176053284054178,0.026655776943395656,0.033310537734862554,0.03042075343634345,0.03111000635071123,0.0325992267650706,0.045021526750877124,0.028062282627440566,0.029753973950439522,0.03463082652012632,0.024371475387424842,0.02884125303455695,0.030995835053368073,0.027757505986042645,0.03544132625994877,0.03558093284879053,0.031574159838214017,0.03223886752842424,0.032870219004185366,0.025865189513857873,0.03699719770942306,0.02615856156942531,0.04080803708517079,0.04189454773765251,0.029774072007828917,0.03318065514341422,0.034430674040629945,0.0419786159595649
413,24.874981279307985,4.203105014941847,0.030291568011863505,22.34420059996679,19.77547811960643,24.154705501340107,23.692594620989734,16.792919669536097,26.888568286262966,24.888966093245042,24.1394466005734,27.29175529964513,25.090964012484104,22.63738774029723,21.14393214010346,29.234685382316904,24.840091962055713,20.807933398445446,25.589354232524826,29.217306389705534,30.54956117933609,35.366358311198,23.90901479232026,21.470768317677507,18.755227050624377,23.64373186255664,29.673556944839227,20.84705335500641,22.426760470634616,34.48288317447217,28.338862466875142,25.016504896862568,23.238865507737582,0.028322345968977355,0.031604802298769934,0.01936655906736537,0.03015944496546505,0.03033541544583316,0.03029813257406272,0.03113284089596232,0.03023432837996377,0.03651585691899719,0.028777256479750733,0.025740760341789702,0.02937664480922579,0.02247326070027226,0.03206266123564154,0.025517335771441777,0.031962421607423526,0.03518404495718753,0.03614965264583869,0.029140646998121585,0.02823623379836619,0.02932739841648197,0.021479128422824213,0.037590564241029106,0.022706424909499277,0.04367205885426555,0.0391513243455416,0.029644687920028567,0.028774492773653668,0.031144430494804285,0.03266588411732087
414,24.700152903848597,4.081030081068956,0.03145396520813605,22.34420059996679,19.77547811960643,24.154705501340107,23.692594620989734,16.792919669536097,26.888568286262966,24.888966093245042,24.1394466005734,27.29175529964513,25.090964012484104,22.63738774029723,21.14393214010346,29.233957908790245,24.840091962055713,20.807933398445446,25.589354232524826,29.217306389705534,30.54956117933609,32.52494824197104,23.90901479232026,19.068054596649503,18.755227050624377,23.64373186255664,29.673556944839227,20.84705335500641,22.426760470634616,34.48288317447217,28.338862466875142,25.016504896862568,23.238865507737582,0.02782125190202088,0.036904279785480804,0.01900932444805108,0.029610863911647595,0.03453025708369252,0.03037926838718294,0.027498112540419454,0.02955677141517278,0.0360974612565178,0.0314952979293444,0.027709714762572245,0.02756805458430444,0.028837592180097096,0.03095162145948204,0.023813514056632665,0.025365569504190277,0.03899623061358549,0.041557532336961266,0.03907929068639471,0.025478822282465584,0.03333540511941212,0.023220405188211543,0.03669802111929078,0.023523165332258043,0.041765367204380885,0.03591630770789174,0.030117977203530842,0.034556514244278254,0.03663962264735415,0.03558533935125691
415,24.699045965750898,4.080047353175301,0.03184835768877861,22.34420059996679,19.77547811960643,24.154705501340107,23.692594620989734,16.792919669536097,26.888568286262966,24.888966093245042,24.1394466005734,27.29175529964513,25.090964012484104,22.63738774029723,21.14393214010346,29.233957908790245,24.840091962055713,20.807933398445446,25.589354232524826,29.217306389705534,30.54956117933609,32.52494824197104,23.90901479232026,19.068054596649503,18.755227050624377,23.64373186255664,29.673556944839227,20.84705335500641,22.426760470634616,34.48288317447217,28.30565432394429,25.016504896862568,23.238865507737582,0.028764728892215614,0.039720829117995696,0.025337172102002852,0.032674278623227894,0.029314703446987417,0.025491448867805282,0.02910724300235786,0.03413662903324671,0.04200493388651449,0.03116260766966235,0.025254006479966607,0.03087486661816467,0.023457267770811783,0.03818552969893628,0.028907381678021933,0.029991233790676253,0.03315619827514469,0.03942546488993331,0.03147773289672985,0.02750376000943175,0.03571238118263591,0.022556323270900208,0.04228446319490976,0.028137222176230228,0.03889631516711059,0.03175271066644446,0.028022873897496546,0.036743488263241045,0.03730272311802732,0.02809421297652899
416,24.507581438477693,4.1757593214456765,0.03196740683950489,22.34420059996679,19.77547811960643,24.154705501340107,23.231468364017378,16.792919669536097,26.888568286262966,19.723983968352943,24.1394466005734,27.29175529964513,25.090964012484104,22.63738774029723,21.14393214010346,29.233957908790245,24.840091962055713,20.807933398445446,25.589354232524826,29.09947895337374,30.54956117933609,32.52494824197104,23.90901479232026,19.068054596649503,18.755227050624377,23.64373186255664,29.673556944839227,20.84705335500641,22.426760470634616,34.48288317447217,28.30565432394429,25.016504896862568,23.238865507737582,0.03291672896780113,0.03792836586791201,0.03167121390983456,0.03311613903714037,0.037612888487914775,0.023840755324484868,0.028163853483650823,0.0335714573048749,0.038031951057178784,0.035299211709084885,0.022199587910143825,0.028284720053046324,0.03248006977610977,0.034120878881116756,0.025157655704672273,0.0281741353740676,0.03460901315223843,0.03759351721462272,0.040938682131216306,0.026124233797403276,0.03081182253082359,0.029462829048417214,0.04100616770592847,0.028423640393027607,0.03328579502464525,0.03352241972462431,0.02796673671506452,0.03587791681014666,0.02674464656540129,0.030085171522553432
417,24.387365059318824,4.254903201556191,0.03201096168321323,22.34420059996679,19.77547811960643,24.154705501340107,23.231468364017378,15.849628176712793,26.888568286262966,19.723983968352943,24.1394466005734,27.29175529964513,22.74638930130248,22.63738774029723,20.825306969342375,29.233957908790245,24.840091962055713,20.807933398445446,25.589354232524826,29.09947895337374,30.54956117933609,32.52494824197104,23.90901479232026,19.068054596649503,18.755227050624377,23.64373186255664,29.673556944839227,20.84705335500641,22.426760470634616,34.48288317447217,28.30565432394429,25.016504896862568,23.238865507737582,0.02855105654982206,0.03431176843099265,0.030535430342797536,0.03345061980823996,0.031211523049813998,0.03145958768080722,0.03200159581839029,0.0255294813071677,0.039825094734219815,0.032637533332400825,0.028397395715778984,0.03214312009136201,0.032915641208637575,0.025457042305010363,0.03099354320969141,0.02786558453970443,0.036855083889861834,0.0323412935654367,0.0380918035456228,0.02849409821363299,0.03547974541706123,0.019110341179109962,0.03540724641177348,0.03494879734453683,0.03637280322008312,0.03214998478417851,0.03100355697147975,0.03505779862560502,0.0346967839847462,0.03303349521843164
418,24.357165904667117,4.2397713190884785,0.031258546709985596,22.34420059996679,19.77547811960643,24.154705501340107,23.231468364017378,15.849628176712793,26.0081847338037,19.723983968352943,24.1394466005734,27.29175529964513,22.74638930130248,22.63738774029723,20.825306969342375,29.233957908790245,24.840091962055713,20.807933398445446,25.589354232524826,29.09947895337374,30.54956117933609,32.52494824197104,23.90901479232026,19.068054596649503,18.755227050624377,23.64373186255664,29.673556944839227,20.84705335500641,22.426760470634616,34.48288317447217,28.280063236852257,25.016504896862568,23.238865507737582,0.02817246491006646,0.0418954993915648,0.025253755503195644,0.031934401635179,0.02938296511827746,0.0339137606141751,0.029110066625070753,0.026351702891852444,0.03472291659179462,0.03263340643142808,0.02259777612858216,0.030472775280808356,0.03339730296603688,0.02923084312779002,0.031409316032133885,0.02605691270089658,0.031409942962757814,0.03856909458079924,0.03442492198083792,0.03388932125326426,0.03251479559207767,0.019977452361663133,0.03771289598486634,0.022871573869533503,0.030699018161358047,0.03146153334650288,0.03474132240945879,0.036474521471752286,0.031197078233230556,0.03527706314261311
419,24.173699010523542,4.157544868000267,0.030864990041361364,22.34420059996679,19.77547811960643,24.154705501340107,23.231468364017378,15.849628176712793,26.0081847338037,19.723983968352943,24.1394466005734,27.29175529964513,22.74638930130248,22.63738774029723,20.825306969342375,29.233957908790245,24.662128640194386,20.807933398445446,25.589354232524826,29.09947895337374,30.54956117933609,32.52494824197104,23.90901479232026,18.343572636723522,18.755227050624377,23.64373186255664,25.07199540231929,20.84705335500641,22.426760470634616,34.48288317447217,28.280063236852257,25.016504896862568,23.238865507737582,0.025954426192331646,0.032886041102100694,0.028079179715952744,0.031164532922951856,0.028241563659980116,0.0307521950741362,0.033082217733061615,0.027628906429041387,0.038496493877586926,0.032663420893562695,0.022981652850402483,0.03636658704241747,0.03217345903865175,0.027771001721279887,0.02999527344931565,0.02326927823367192,0.034720470452168625,0.033486690409517884,0.03691402843824433,0.037150460397603266,0.031450773770778116,0.022982354126880086,0.031470633373500485,0.0260301356204793,0.039040131279563205,0.030453138113660905,0.03068750744674943,0.03582035134846122,0.02854707647547639,0.02568972005131263
420,24.173699010523542,4.157544868000267,0.03139181967199215,22.34420059996679,19.77547811960643,24.154705501340107,23.231468364017378,15.849628176712793,26.0081847338037,19.723983968352943,24.1394466005734,27.29175529964513,22.74638930130248,22.63738774029723,20.825306969342375,29.233957908790245,24.662128640194386,20.807933398445446,25.589354232524826,29.09947895337374,30.54956117933609,32.52494824197104,23.90901479232026,18.343572636723522,18.755227050624377,23.64373186255664,25.07199540231929,20.84705335500641,22.426760470634616,34.48288317447217,28.280063236852257,25.016504896862568,23.238865507737582,0.028215634075761498,0.03711914674969092,0.018300208105232668,0.03647019730560882,0.03277365880141958,0.026155404224730998,0.026313812247359153,0.02830244625862271,0.0408121698781289,0.03652206582273619,0.03431113854369917,0.03296779613963649,0.030325098440403982,0.026509823544370016,0.029742077153885244,0.024940534547232954,0.0360428255394832,0.04383928494531506,0.03298001857203411,0.03273831364707036,0.035250362351091045,0.02289299318929623,0.03149575745076072,0.022593353406181856,0.03342752079711199,0.03011666156672091,0.038680454994736865,0.03196121924439522,0.027754692652148957,0.032199919964898856
421,24.170969027575527,4.157918837999278,0.031109886444947943,22.34420059996679,19.77547811960643,24.154705501340107,23.231468364017378,15.849628176712793,26.0081847338037,19.723983968352943,24.1394466005734,27.29175529964513,22.74638930130248,22.63738774029723,20.825306969342375,29.233957908790245,24.662128640194386,20.807933398445446,25.589354232524826,29.09947895337374,30.54956117933609,32.52494824197104,23.90901479232026,18.343572636723522,18.755227050624377,23.56183237411606,25.07199540231929,20.84705335500641,22.426760470634616,34.48288317447217,28.280063236852257,25.016504896862568,23.238865507737582,0.027874666309165498,0.040216892530815875,0.02085847369559965,0.034642856028646384,0.029769692087777522,0.02859512842974119,0.026208457976920965,0.03171432085899697,0.03718018079980789,0.02760713305331064,0.03412124653927128,0.027114670026574562,0.03593550919506038,0.024501801645624183,0.030136379316056092,0.02491560304932862,0.03355920403008544,0.04419489177412089,0.03172622528475105,0.027249998988788673,0.038309241334509414,0.027025955751216607,0.034489425774571224,0.024516181424159414,0.028202866043588806,0.034526650492321787,0.03478409058313716,0.035075799955128384,0.02496719610280517,0.03327585426655669
422,24.112803963958374,4.216351917257553,0.031144173385663703,22.34420059996679,19.77547811960643,24.154705501340107,23.231468364017378,15.849628176712793,26.0081847338037,19.723983968352943,24.1394466005734,27.29175529964513,22.74638930130248,22.63738774029723,20.825306969342375,29.233957908790245,24.662128640194386,19.062981489931044,25.589354232524826,29.09947895337374,30.54956117933609,32.52494824197104,23.90901479232026,18.343572636723522,18.755227050624377,23.56183237411606,25.07199540231929,20.84705335500641,22.426760470634616,34.48288317447217,28.280063236852257,25.016504896862568,23.238865507737582,0.025783622046827687,0.04045883104928169,0.02368476918775557,0.03247003078936998,0.034774087424803854,0.03240332397083307,0.03217526885193658,0.024555623715034884,0.04079571116679541,0.030249699470533766,0.031131260770054067,0.033381269995391295,0.031605015971403964,0.020225512683391594,0.025046996003574726,0.021118150943508246,0.039347109119719406,0.03643344220327983,0.029921084720460615,0.029040386636528356,0.035882438194102834,0.021275995156635794,0.03487795784899156,0.027388149235528306,0.029496355061596514,0.03840903504533883,0.03147818542687861,0.04343601330512181,0.025111582616246547,0.03236829295898557
423,24.089767961599915,4.18287679069178,0.03156598365823826,22.34420059996679,19.77547811960643,24.154705501340107,23.231468364017378,15.849628176712793,26.0081847338037,19.723983968352943,24.1394466005734,27.29175529964513,22.74638930130248,22.63738774029723,20.825306969342375,29.233957908790245,24.662128640194386,19.062981489931044,25.589354232524826,29.09947895337374,29.85848110858216,32.52494824197104,23.90901479232026,18.343572636723522,18.755227050624377,23.56183237411606,25.07199540231929,20.84705335500641,22.426760470634616,34.48288317447217,28.280063236852257,25.016504896862568,23.238865507737582,0.03257483692823182,0.03660949881614929,0.03091370982077364,0.036339469848364996,0.028739407217187783,0.03311198505786084,0.03618006123110085,0.027695319561429895,0.03767826474473617,0.02726181406226416,0.02523469589893703,0.035137850233987265,0.029380168524414448,0.0216827318194677,0.028641226383588736,0.018338400772060854,0.03350025187333893,0.035434646625246334,0.029859428250768098,0.03121956584965258,0.036748832098201775,0.025540369314665134,0.04016376808353118,0.02237996095437299,0.031790446648613656,0.03417263916867935,0.035648057404917735,0.04060594571119788,0.03311532916755834,0.031280827675848444
424,24.057968860494707,4.1849044383890694,0.030513463771124526,22.34420059996679,19.77547811960643,24.154705501340107,23.231468364017378,15.849628176712793,26.0081847338037,19.723983968352943,24.1394466005734,27.29175529964513,22.74638930130248,22.63738774029723,20.825306969342375,29.233957908790245,24.662128640194386,19.062981489931044,25.147477713970083,29.09947895337374,29.85848110858216,32.52494824197104,23.90901479232026,18.343572636723522,18.557130815732574,23.56183237411606,25.07199540231929,20.84705335500641,22.426760470634616,34.48288317447217,28.280063236852257,24.702504617152965,23.238865507737582,0.028500873902505563,0.0298462128915069,0.02849473564400885,0.033961724221422254,0.027167271549668505,0.03386855171642306,0.03263463246425577,0.030032456804753027,0.03754655773822868,0.027232363339409458,0.022417130359897182,0.03614574726201685,0.022826659465004912,0.0210550937671339,0.026580050336101918,0.0212636856444738,0.039443854163938974,0.03411739883245611,0.031236632801869686,0.027715098236455578,0.03529099217343988,0.022536098505803247,0.03672797734754737,0.027604804468407754,0.03061039513437477,0.028022145038416896,0.03656386748242322,0.03976165914397896,0.030527068215443813,0.03567217448236865
425,23.920515073374077,4.310510100217136,0.030575453430317204,22.34420059996679,17.871728378943686,24.154705501340107,23.231468364017378,15.849628176712793,25.13672749640101,19.723983968352943,24.1394466005734,27.29175529964513,22.74638930130248,22.63738774029723,20.825306969342375,29.233957908790245,24.662128640194386,17.714574854377474,25.147477713970083,29.09947895337374,29.85848110858216,32.52494824197104,23.90901479232026,18.343572636723522,18.557130815732574,23.56183237411606,25.07199540231929,20.84705335500641,22.426760470634616,34.48288317447217,28.280063236852257,24.702504617152965,23.238865507737582,0.02320915494724566,0.029619975184821568,0.023616362746390673,0.0344847172681386,0.025843513147978642,0.033083825992194456,0.034827832823015714,0.035033153586751506,0.039177956917319706,0.03157245848200686,0.025283930630069874,0.03591701012865209,0.02948412396680288,0.02565357978782077,0.029119750219460463,0.024517033194395462,0.03825975394691291,0.03124835553475002,0.030911813852309872,0.03459821745664836,0.03288948161726943,0.02881633729653392,0.03793745853068565,0.020973659549067783,0.028947489394937714,0.023533663227201188,0.03133321107395482,0.03325942285107458,0.03536888048843446,0.028741479066670354
426,23.787933180723698,4.328691545243594,0.03195918735873877,22.34420059996679,17.871728378943686,24.154705501340107,23.231468364017378,15.849628176712793,25.13672749640101,19.723983968352943,24.1394466005734,27.29175529964513,22.74638930130248,22.63738774029723,20.825306969342375,29.233957908790245,21.306209724756382,17.714574854377474,25.147477713970083,29.09947895337374,29.85848110858216,32.52494824197104,23.90901479232026,18.343572636723522,18.557130815732574,23.56183237411606,24.45045753824597,20.84705335500641,22.426760470634616,34.48288317447217,28.280063236852257,24.702504617152965,23.238865507737582,0.02344443141785242,0.03427692186511806,0.025409859755623248,0.03445709746657787,0.02642557949895334,0.035950095649641876,0.036244254954827734,0.03264119758136677,0.041526228049566044,0.0331898450532534,0.026233400221052198,0.03498558349993351,0.03194743970375359,0.0233301270662778,0.03203250759644871,0.022500495262831002,0.03577535356624142,0.03366060267146923,0.0348370205781424,0.02981051745691723,0.032789952255158086,0.02802116918326713,0.03698506727822293,0.03193006338405406,0.037624904294473294,0.03438263755877279,0.029579726734980223,0.04235894652122467,0.03180358612565972,0.024621008510502272
427,23.775065141203015,4.341308860102572,0.031915259388289964,22.34420059996679,17.871728378943686,24.154705501340107,23.231468364017378,15.849628176712793,25.13672749640101,19.33794278273255,24.1394466005734,27.29175529964513,22.74638930130248,22.63738774029723,20.825306969342375,29.233957908790245,21.306209724756382,17.714574854377474,25.147477713970083,29.09947895337374,29.85848110858216,32.52494824197104,23.90901479232026,18.343572636723522,18.557130815732574,23.56183237411606,24.45045753824597,20.84705335500641,22.426760470634616,34.48288317447217,28.280063236852257,24.702504617152965,23.238865507737582,0.021239005324976582,0.037138456980972144,0.020268804117933328,0.030656246340119476,0.02635467587163103,0.03126808741513506,0.035134020351724936,0.039280563615128314,0.04456957638828579,0.03373060956602364,0.026981247285190642,0.03378299482630939,0.026843093541437643,0.027275727655309508,0.03592337255455186,0.02351969291926468,0.041896617721541185,0.039428082816222954,0.032013988759667496,0.02738617218189114,0.038885740351530196,0.02171609662905369,0.033888840361644544,0.029637480105384938,0.03818891023301953,0.030594574058184325,0.03038782191807064,0.0397795361301059,0.03032461768720931,0.029363127941179124
428,23.65370733191487,4.362186347072099,0.0324800641540885,22.34420059996679,17.871728378943686,24.154705501340107,23.231468364017378,15.849628176712793,24.059737086452106,19.33794278273255,24.1394466005734,27.29175529964513,22.74638930130248,22.63738774029723,20.825306969342375,29.233957908790245,21.306209724756382,17.714574854377474,25.147477713970083,29.09947895337374,29.85848110858216,32.52494824197104,23.90901479232026,18.343572636723522,18.557130815732574,20.9980885054206,24.45045753824597,20.84705335500641,22.426760470634616,34.48288317447217,28.280063236852257,24.702504617152965,23.238865507737582,0.02098609626429782,0.03626786765270787,0.025898904200656745,0.030139269168393292,0.027247898748359478,0.03464184108783188,0.03316316437521055,0.028723227724279564,0.03936409908124473,0.038373797691987975,0.031174675889475333,0.03403223379452129,0.028244588126853203,0.030587915190092352,0.0347556162214761,0.026889388322852145,0.041523032585891656,0.03550247546202524,0.034999979440924193,0.029390594951212278,0.03197538078429671,0.025147199721762204,0.036296386254923665,0.02857699281664549,0.039861835640656235,0.03555812799496568,0.031483282163049235,0.033723689849616906,0.03387126203710535,0.03600110137933989
429,23.544972170555567,4.195649748802328,0.031293526790935194,22.34420059996679,17.871728378943686,24.154705501340107,23.231468364017378,15.849628176712793,24.059737086452106,19.33794278273255,24.1394466005734,27.29175529964513,22.74638930130248,22.63738774029723,20.825306969342375,29.233957908790245,21.306209724756382,17.714574854377474,25.147477713970083,29.09947895337374,29.85848110858216,29.70799568703903,23.614361289284243,18.343572636723522,18.557130815732574,20.9980885054206,24.45045753824597,20.84705335500641,22.426760470634616,34.48288317447217,28.280063236852257,24.552055834341814,23.238865507737582,0.021250618520566776,0.0375843021996561,0.024832265871703917,0.02810373371001887,0.02607846226314932,0.03327172619863089,0.027810888899351842,0.03114341322804525,0.03723114216219687,0.0370926674365182,0.026692862763773098,0.040515484458783016,0.03140044879312118,0.026562353574835294,0.02966552710357574,0.028196681813739063,0.041632919923771876,0.03531814709601932,0.03195927973412384,0.026048373036929542,0.03214082938830913,0.023285921774462256,0.031069429521198493,0.03430970524250621,0.03527650444983593,0.03824497774036429,0.02174582656682098,0.03640557188638001,0.03338034686691761,0.030555391502751154
430,23.525745905929515,4.196609161668502,0.032243468743198354,22.34420059996679,17.871728378943686,24.154705501340107,23.231468364017378,15.849628176712793,24.059737086452106,19.33794278273255,24.1394466005734,27.29175529964513,22.74638930130248,22.63738774029723,20.825306969342375,29.233957908790245,21.306209724756382,17.714574854377474,25.147477713970083,29.09947895337374,29.85848110858216,29.70799568703903,23.037573350502786,18.343572636723522,18.557130815732574,20.9980885054206,24.45045753824597,20.84705335500641,22.426760470634616,34.48288317447217,28.280063236852257,24.552055834341814,23.238865507737582,0.020436251274334356,0.042810439663934816,0.02539608569230939,0.029919515423008327,0.02944796781807837,0.03044101494381687,0.027812880785392888,0.036111778922375305,0.03679063970735709,0.031947016029755256,0.03157580017943014,0.04127180011976022,0.03720256226562835,0.03186940990580485,0.03290475405454378,0.02452942607424851,0.03555397398409618,0.034989276597246544,0.036403911646884696,0.021901271211858735,0.03711525212811754,0.025797889308699636,0.03539617332922148,0.0357079370510124,0.03588779787998153,0.038841716562620934,0.025185433324064734,0.03314964547233551,0.02763253517874533,0.03327390576128688
431,23.433374249427672,4.099338060413213,0.03226863140279372,22.34420059996679,17.871728378943686,24.154705501340107,23.231468364017378,15.849628176712793,23.91674480457533,19.33794278273255,24.1394466005734,27.29175529964513,22.74638930130248,22.373901289061074,20.825306969342375,29.233957908790245,21.306209724756382,17.714574854377474,25.147477713970083,29.09947895337374,27.493810146639827,29.70799568703903,23.037573350502786,18.343572636723522,18.557130815732574,20.9980885054206,24.45045753824597,20.84705335500641,22.426760470634616,34.48288317447217,28.280063236852257,24.552055834341814,23.238865507737582,0.024659997861856527,0.038888097552862,0.03336074372169197,0.035078778676957745,0.029654402531645602,0.03457818376595043,0.032746406153416924,0.03708397438352325,0.03948029082503912,0.035095043834250134,0.0324178483931006,0.038714742858604136,0.03440183446283772,0.030277560573915084,0.03308816905039948,0.023347186688235287,0.03929898677218011,0.031293241979351835,0.036964439917607686,0.02425787907856256,0.03454830162081968,0.02600036976044031,0.03541464899240124,0.030739641803570892,0.034459591407612004,0.031141856890723893,0.021179004931885233,0.030710266778172568,0.028926138170035566,0.0302513126461621
432,23.383094836893566,4.095114612284764,0.03249595548209457,22.34420059996679,17.871728378943686,24.154705501340107,23.231468364017378,15.849628176712793,23.91674480457533,19.33794278273255,24.1394466005734,27.29175529964513,22.593911866610586,22.373901289061074,20.825306969342375,29.233957908790245,21.306209724756382,17.714574854377474,25.147477713970083,29.09947895337374,27.493810146639827,29.70799568703903,23.037573350502786,18.343572636723522,18.557130815732574,20.9980885054206,24.45045753824597,20.84705335500641,22.426760470634616,34.48288317447217,28.280063236852257,23.19615089301041,23.238865507737582,0.02217922440527066,0.034691130542945404,0.027377502290182425,0.034454981208929696,0.030846713357656996,0.033607325788974005,0.03324948266799166,0.03658483521635678,0.03342148104615078,0.02955727594088947,0.02561876523985803,0.03400662077516938,0.035009432369763255,0.029686223741699963,0.03263584712004172,0.03147284712692812,0.0335645357369466,0.03144119256310256,0.038086466868975453,0.03056569597021675,0.04164816354085037,0.025040042822804504,0.03946097509835138,0.03546716239482289,0.03822554061461298,0.03391157577260425,0.027761773468728705,0.03454891856606947,0.030998968577143834,0.02975796362879918
433,23.215904044109365,4.131772602519631,0.03304682766630154,22.34420059996679,15.571367472719656,24.154705501340107,23.231468364017378,15.849628176712793,23.91674480457533,19.33794278273255,24.1394466005734,25.5493479799145,22.593911866610586,22.373901289061074,20.825306969342375,29.233957908790245,21.306209724756382,17.714574854377474,25.147477713970083,28.12652339580235,27.493810146639827,29.70799568703903,23.037573350502786,18.343572636723522,18.557130815732574,20.9980885054206,24.45045753824597,20.84705335500641,22.426760470634616,34.48288317447217,28.280063236852257,23.19615089301041,23.238865507737582,0.023552587326889626,0.035753788413805075,0.0283488759255864,0.035030895418823114,0.03440607496439564,0.029958054557712985,0.03464497364463908,0.032950524884250515,0.039170176162628884,0.03437756260638827,0.024097027628298864,0.034485998146447,0.03411426558688695,0.027276295231712044,0.04135985247034614,0.02715226149302178,0.037421289664197596,0.03640385244012148,0.031635478418672786,0.03109662671626098,0.04679705039570828,0.025233343607548378,0.041896483192460254,0.032342524103681596,0.02797144006300251,0.03485049831220003,0.03126754368265892,0.03584222255408982,0.03264254639588378,0.029324715980727622
434,23.09542247354855,4.310129169346421,0.03268225286773847,22.34420059996679,15.571367472719656,24.154705501340107,23.231468364017378,15.849628176712793,23.91674480457533,19.33794278273255,24.1394466005734,25.5493479799145,22.593911866610586,22.373901289061074,20.825306969342375,29.231555359053548,21.306209724756382,17.714574854377474,25.147477713970083,28.12652339580235,27.493810146639827,29.70799568703903,23.037573350502786,14.952986180778012,18.557130815732574,20.9980885054206,24.45045753824597,20.62559524386429,22.426760470634616,34.48288317447217,28.280063236852257,23.19615089301041,23.238865507737582,0.025839256088565462,0.035330166351507576,0.02885077839543361,0.03523309342958575,0.029054369238926334,0.03407954880746001,0.03085509505561599,0.03125797081993168,0.042424432173953884,0.03508911144097733,0.03361708865740278,0.03226170905955179,0.03438646786682496,0.03467025651868152,0.034280225314955975,0.02873741822562358,0.03849213667866564,0.03745750840741382,0.026275883024116577,0.03595382123475802,0.034323468531016005,0.0228151453657227,0.04368035225583725,0.029797587628037338,0.03394138154440247,0.025456424075002555,0.025199231847650293,0.038620404154133675,0.03008337812991522,0.03240387571048439
435,23.06178785775783,4.277471581558278,0.032979263630001275,22.34420059996679,15.571367472719656,24.154705501340107,22.948437135638212,15.849628176712793,23.91674480457533,19.33794278273255,24.1394466005734,25.5493479799145,22.593911866610586,22.373901289061074,20.825306969342375,28.505548113711143,21.306209724756382,17.714574854377474,25.147477713970083,28.12652339580235,27.493810146639827,29.70799568703903,23.037573350502786,14.952986180778012,18.557130815732574,20.9980885054206,24.45045753824597,20.62559524386429,22.426760470634616,34.48288317447217,28.280063236852257,23.19615089301041,23.238865507737582,0.0333677314077334,0.03960356711504289,0.027898876639522105,0.034224077351690786,0.03321188220329571,0.041718212277849276,0.03732110783334142,0.02955866081762211,0.03615411456418925,0.03411253879854432,0.026164652300304448,0.032810800704942966,0.031532287823090796,0.030314880710140518,0.02647521419202295,0.03076270585709407,0.03459462912374703,0.04182292037166384,0.025317838753137308,0.03705421647500571,0.03540725537529473,0.018630472229505476,0.04088546208990303,0.03597112601190594,0.032209219058284624,0.02766952479678465,0.027255563351322357,0.036515429025031215,0.034339477000866224,0.03647346464115901
436,22.93958943084096,4.342612589558101,0.032931564473701866,22.34420059996679,15.571367472719656,24.154705501340107,22.948437135638212,15.51361805327551,23.91674480457533,19.33794278273255,24.1394466005734,25.5493479799145,22.593911866610586,22.373901289061074,20.825306969342375,28.505548113711143,18.519984437383854,17.714574854377474,25.147477713970083,27.582805999106085,27.493810146639827,29.70799568703903,23.037573350502786,14.952986180778012,18.557130815732574,20.9980885054206,24.45045753824597,20.62559524386429,22.426760470634616,34.48288317447217,28.280063236852257,23.19615089301041,23.238865507737582,0.03298794858443019,0.03394374714875849,0.027556869031219157,0.03307350420068266,0.034764428144913866,0.03671414723128577,0.032826014653406135,0.0337706310145115,0.04179579539553498,0.027554551992162214,0.02442398011124072,0.03456932711554368,0.03133742157475121,0.030395259033283245,0.02622811058295298,0.02704679251729394,0.0281947367450931,0.046612410421569384,0.029498711556691898,0.04198698545039151,0.037789088836568493,0.02010340859532524,0.03350708762377175,0.031224876614132296,0.0361568713432453,0.03198921944739125,0.03160580170824754,0.040613648367355745,0.040057264926267086,0.029618294243034873
437,22.828834463672163,4.415138657658556,0.03249818653006193,22.34420059996679,15.571367472719656,24.154705501340107,22.948437135638212,14.828675829391498,23.91674480457533,19.33794278273255,24.1394466005734,25.5493479799145,19.956205075430677,22.373901289061074,20.825306969342375,28.505548113711143,18.519984437383854,17.714574854377474,25.147477713970083,27.582805999106085,27.493810146639827,29.70799568703903,23.037573350502786,14.952986180778012,18.557130815732574,20.9980885054206,24.45045753824597,20.62559524386429,22.426760470634616,34.48288317447217,28.280063236852257,23.19615089301041,23.238865507737582,0.029897246152372388,0.033175455581720005,0.025186111048326236,0.036788401605077604,0.035393003469103484,0.034727653499589756,0.03572811500853412,0.032046282038726705,0.04021481303996158,0.030552666520737532,0.020055809285637494,0.029911050101066605,0.028657485896530048,0.0294508727304304,0.0317973664729008,0.029841999314177626,0.040966889950908726,0.04054764476862883,0.02505933256227528,0.04347487004781226,0.033372064772855724,0.019950658174823867,0.034987750069414444,0.032980619464320404,0.04078130152006094,0.025609953234914024,0.03317728115523102,0.032147999948545065,0.03767195117503802,0.030792947292136743
438,22.665357856302982,4.365297610020902,0.03324933774513794,22.34420059996679,15.571367472719656,24.154705501340107,22.948437135638212,14.828675829391498,23.91674480457533,17.804268920161366,24.1394466005734,25.5493479799145,19.956205075430677,22.373901289061074,20.825306969342375,28.505548113711143,18.519984437383854,17.714574854377474,25.147477713970083,27.582805999106085,27.493810146639827,29.70799568703903,23.037573350502786,14.952986180778012,18.557130815732574,20.9980885054206,24.45045753824597,20.62559524386429,22.426760470634616,34.48288317447217,24.909438878348002,23.19615089301041,23.238865507737582,0.03540453126180122,0.03787213741773841,0.020803904437908676,0.04200205061413277,0.02306035903705754,0.028732724878625972,0.033755912355501606,0.03667120346958136,0.04292795407558146,0.031067821961166156,0.0290306258643897,0.027513795113697684,0.02871825926718426,0.03524625347681965,0.033752623225270194,0.03076159461927592,0.03592233735640564,0.04043943115196156,0.032940951285266126,0.039998872320479065,0.034324715671883964,0.020853024246309127,0.03501551045963878,0.029589035588882203,0.03668646683011251,0.027866903407801163,0.03347070955930101,0.03415122536209922,0.04381605492398473,0.03508314311428064
439,22.513911224797994,4.212380099286629,0.03335076890145278,22.34420059996679,15.571367472719656,24.154705501340107,22.948437135638212,14.828675829391498,23.91674480457533,17.804268920161366,24.1394466005734,25.5493479799145,19.956205075430677,22.373901289061074,20.825306969342375,25.73888693494537,18.519984437383854,17.714574854377474,25.147477713970083,27.582805999106085,25.717072380255843,29.70799568703903,23.037573350502786,14.952986180778012,18.557130815732574,20.9980885054206,24.45045753824597,20.62559524386429,22.426760470634616,34.48288317447217,24.909438878348002,23.19615089301041,23.238865507737582,0.0350585447139033,0.0352300222341424,0.021109095175030144,0.03687667483418604,0.03282931582365177,0.03281752911577515,0.03682558236053587,0.03254447720514808,0.03968534465589573,0.028186717030352266,0.03336462963036585,0.037850629554034745,0.0295230493866735,0.025136429674645727,0.03543204065762677,0.03048880150647764,0.03603024591028755,0.04073380725456368,0.032872698910199075,0.03491616243242825,0.032854546056110066,0.022450772735751676,0.039297985123000374,0.032725016288256074,0.03850070248149252,0.03134074044095775,0.03204165822647809,0.032890166402313056,0.038178819380260326,0.03273086184303996
440,22.259532625139077,4.260605405546674,0.03285288910376317,22.34420059996679,15.571367472719656,18.58144397161632,22.948437135638212,14.828675829391498,23.91674480457533,17.804268920161366,24.1394466005734,25.5493479799145,19.956205075430677,22.373901289061074,20.825306969342375,25.73888693494537,18.519984437383854,17.714574854377474,25.147477713970083,27.582805999106085,25.717072380255843,29.70799568703903,23.037573350502786,14.952986180778012,18.557130815732574,20.9980885054206,24.45045753824597,20.62559524386429,22.426760470634616,34.48288317447217,24.909438878348002,21.138054432966758,23.238865507737582,0.031744713904606356,0.038343179098943775,0.023264049872646554,0.03775759350824012,0.027424691177275605,0.03423112226357077,0.03680063553227765,0.03141437616278965,0.03629479030832243,0.030311978229278353,0.03267653046005689,0.03197575937290497,0.031112367817107703,0.02690104148834274,0.03849168345186356,0.03235028566952057,0.034054104940201654,0.040395344747105585,0.03710546852675993,0.037148135619097813,0.029309103329831533,0.021803090590350106,0.04350774015667343,0.03462090035388448,0.0347342063678814,0.023112547800741592,0.031446460601275324,0.03182310347037358,0.03387762022429257,0.03155404806667851
441,22.210476729829733,4.353343661245782,0.03320297204432814,22.34420059996679,15.571367472719656,18.58144397161632,22.948437135638212,13.356998970111155,23.91674480457533,17.804268920161366,24.1394466005734,25.5493479799145,19.956205075430677,22.373901289061074,20.825306969342375,25.73888693494537,18.519984437383854,17.714574854377474,25.147477713970083,27.582805999106085,25.717072380255843,29.70799568703903,23.037573350502786,14.952986180778012,18.557130815732574,20.9980885054206,24.45045753824597,20.62559524386429,22.426760470634616,34.48288317447217,24.909438878348002,21.138054432966758,23.238865507737582,0.032563289933836254,0.03746534653434833,0.03173435251052228,0.03264368987849581,0.02999923032313604,0.029941281450054147,0.040760890229683766,0.03376310401797911,0.03999786031816001,0.02808196173862972,0.030735563341710966,0.03200618699751638,0.03157133213476038,0.02587893275590744,0.03170984853581291,0.030693985885223544,0.03571223067821124,0.04433921098323744,0.029269628993130934,0.0361604619917168,0.03074937868062903,0.020312672652559212,0.03923928829658785,0.039242867847499474,0.033276899813761515,0.027827945348363102,0.03673940527775449,0.03509618557953364,0.03507380185765766,0.03350232674342498
442,22.152679295612575,4.280293105043108,0.03280504225981053,22.34420059996679,15.571367472719656,18.58144397161632,22.948437135638212,13.356998970111155,23.455010732840854,17.804268920161366,24.1394466005734,25.5493479799145,19.956205075430677,22.373901289061074,20.825306969342375,25.73888693494537,18.519984437383854,17.714574854377474,25.147477713970083,27.582805999106085,25.717072380255843,28.43580673225873,23.037573350502786,14.952986180778012,18.557130815732574,20.9980885054206,24.45045753824597,20.62559524386429,22.426760470634616,34.48288317447217,24.909438878348002,21.138054432966758,23.238865507737582,0.03489654368057168,0.03456010013690612,0.028031356987231748,0.035924715445817136,0.029317108800328645,0.039812251732023164,0.04020969761017171,0.034733381076542176,0.04167506838915786,0.0337895998510305,0.025761957422946517,0.029477591663418012,0.03242655790614141,0.029865767867981438,0.031769696317810035,0.027801003870556243,0.032066095614274655,0.033217291362681686,0.0252546164378255,0.04143847167889991,0.02748792510643769,0.023857716673556573,0.04185158080442689,0.03333601393462446,0.03894972717595754,0.026121869738129803,0.03100641345153549,0.03800067044102686,0.03135092366866863,0.030159552947635712
443,22.152679295612575,4.280293105043108,0.03360029841118392,22.34420059996679,15.571367472719656,18.58144397161632,22.948437135638212,13.356998970111155,23.455010732840854,17.804268920161366,24.1394466005734,25.5493479799145,19.956205075430677,22.373901289061074,20.825306969342375,25.73888693494537,18.519984437383854,17.714574854377474,25.147477713970083,27.582805999106085,25.717072380255843,28.43580673225873,23.037573350502786,14.952986180778012,18.557130815732574,20.9980885054206,24.45045753824597,20.62559524386429,22.426760470634616,34.48288317447217,24.909438878348002,21.138054432966758,23.238865507737582,0.02872605784175751,0.0325234384309324,0.03190592338641884,0.03986069403558919,0.029482490634345215,0.03273541811658485,0.04188719860785677,0.0381119734082697,0.04260462372941996,0.04040584352433074,0.02731072464161221,0.03396688796545375,0.02918264575317214,0.031144088944293248,0.028024699739288082,0.028720016008453073,0.035564377143841336,0.040003431127393706,0.03633170027301287,0.04012654869885812,0.03255704643317737,0.0263355544975315,0.035070902158578394,0.0317870373972721,0.037618607403760856,0.03076417310910062,0.029965147920844107,0.034859736955287164,0.03227677532830074,0.028155189120780768
444,22.142875473520128,4.277634947789326,0.03394295261660676,22.34420059996679,15.571367472719656,18.58144397161632,22.948437135638212,13.356998970111155,23.16089607006755,17.804268920161366,24.1394466005734,25.5493479799145,19.956205075430677,22.373901289061074,20.825306969342375,25.73888693494537,18.519984437383854,17.714574854377474,25.147477713970083,27.582805999106085,25.717072380255843,28.43580673225873,23.037573350502786,14.952986180778012,18.557130815732574,20.9980885054206,24.45045753824597,20.62559524386429,22.426760470634616,34.48288317447217,24.909438878348002,21.138054432966758,23.238865507737582,0.030339217174643964,0.03511953095745718,0.028679489605641876,0.03516969634621404,0.03796046546589369,0.03803024779227111,0.03645638959286509,0.04096643122661549,0.04196880888702455,0.03643917243938552,0.02852462207937885,0.02859126405659532,0.03780732580141516,0.0296200027064745,0.03459938317345371,0.02941734517094474,0.03378224554432134,0.038168074658937005,0.03404613924979617,0.04073176840675968,0.029193666902206816,0.02757997214297391,0.03618886272868186,0.03257422458790995,0.03399975976553071,0.03632796642012337,0.026741311931639526,0.034396223218873416,0.03191146157723098,0.032957508886943376
445,22.111744550222323,4.278742804313387,0.03332211584630724,22.327111819133073,15.571367472719656,18.58144397161632,22.948437135638212,13.356998970111155,23.16089607006755,17.804268920161366,24.1394466005734,25.5493479799145,19.956205075430677,22.373901289061074,20.825306969342375,25.73888693494537,18.519984437383854,17.714574854377474,25.147477713970083,27.582805999106085,25.717072380255843,28.43580673225873,23.037573350502786,14.952986180778012,18.557130815732574,20.9980885054206,24.45045753824597,20.62559524386429,21.509921552534003,34.48288317447217,24.909438878348002,21.138054432966758,23.238865507737582,0.024894874666698708,0.0274764206085188,0.039300528636893525,0.033209321650624624,0.03430301556509292,0.02620451882763838,0.03688393232151803,0.03989497376227538,0.04465666022597049,0.029142925028125787,0.035268732623511774,0.03291330331296433,0.03169273999339761,0.03299676361379305,0.03341825059101371,0.03065135877443812,0.03645490593214511,0.04537455673764566,0.028964406301096438,0.04221320763274865,0.02815956756739471,0.019708681909248224,0.0402579215431042,0.033044148793124666,0.027799823757878393,0.038392929912294024,0.03193876132327601,0.03259663710589287,0.032880526156464536,0.02896908051442853
446,22.05262255660533,4.299797946682368,0.03208528965440172,22.327111819133073,15.571367472719656,18.58144397161632,22.948437135638212,13.356998970111155,23.16089607006755,17.804268920161366,24.1394466005734,25.5493479799145,18.44625697052061,22.373901289061074,20.825306969342375,25.73888693494537,18.519984437383854,17.714574854377474,25.147477713970083,27.582805999106085,25.717072380255843,28.172095028658994,23.037573350502786,14.952986180778012,18.557130815732574,20.9980885054206,24.45045753824597,20.62559524386429,21.509921552534003,34.48288317447217,24.909438878348002,21.138054432966758,23.238865507737582,0.026516243925678484,0.028972822438965512,0.028008827859744807,0.031551053377782204,0.034630069133349234,0.036240206361053455,0.028725175004312826,0.03083521125526259,0.04234770482175935,0.033664884899844705,0.0358212275662701,0.031603784134141756,0.03256751865855923,0.02918407208259472,0.02557380895979356,0.027672668429711365,0.030461895408564817,0.042647902457620804,0.037794548273751595,0.03810881125963279,0.029748145371940243,0.022423588756769287,0.03400484776132273,0.03811618226971892,0.028899060717921147,0.0371074645746481,0.03781041387870296,0.028331091138643946,0.025895504348371665,0.02729395450561859
447,22.020548409764466,4.31053279316256,0.031977545314062786,22.327111819133073,15.571367472719656,18.545300935926008,22.948437135638212,13.356998970111155,23.16089607006755,17.804268920161366,24.1394466005734,25.5493479799145,18.44625697052061,22.373901289061074,20.825306969342375,25.73888693494537,18.519984437383854,17.714574854377474,25.147477713970083,27.582805999106085,25.717072380255843,28.172095028658994,23.037573350502786,14.952986180778012,18.557130815732574,20.9980885054206,24.45045753824597,20.62559524386429,21.509921552534003,34.48288317447217,24.909438878348002,20.21197306343124,23.238865507737582,0.026741625462591286,0.029038296039096877,0.024258484665083062,0.04004450012211039,0.03141256985640922,0.03780088833951853,0.03663762064303333,0.031661829517316636,0.041842205355137656,0.03009473239492331,0.032242521894841066,0.032367808277493255,0.03041884753010362,0.03127466756562412,0.02928156710112491,0.026128199174438118,0.03463985415188426,0.038864733208047515,0.03304019624859799,0.04021786157101,0.030943640831516704,0.019013769077799295,0.033514620857999174,0.0313636840557261,0.03261231754834977,0.04055124117929783,0.03297506870827506,0.02819476169511595,0.02460625699085288,0.027541989358565694
448,21.921092288482193,4.320329655359462,0.03330446809296665,22.327111819133073,15.571367472719656,18.545300935926008,22.948437135638212,13.356998970111155,23.16089607006755,17.804268920161366,24.1394466005734,25.5493479799145,18.44625697052061,22.373901289061074,20.825306969342375,25.73888693494537,18.519984437383854,17.714574854377474,25.147477713970083,27.582805999106085,25.717072380255843,28.172095028658994,20.0538897120345,14.952986180778012,18.557130815732574,20.9980885054206,24.45045753824597,20.62559524386429,21.509921552534003,34.48288317447217,24.909438878348002,20.21197306343124,23.238865507737582,0.022106068378849167,0.03375517294729778,0.026161891417375537,0.04264329260752978,0.034204082099675626,0.03453068931582495,0.038637227471380445,0.030744451401915656,0.04190667258835454,0.034181547387605156,0.030116378216791456,0.031783573050853664,0.032946074134147046,0.028695700623174017,0.030432966694757126,0.02596656083624268,0.03752253612708907,0.04462049218555472,0.032678800039159815,0.03663835132202477,0.03386774459008029,0.028212694789574527,0.03701116881912743,0.028582641311640348,0.03451602076134485,0.03553973359684866,0.037913309632511716,0.03463765959098042,0.025534954866206286,0.033045585985082004
449,21.772521180490173,4.430598436043155,0.03285066231656955,22.327111819133073,15.571367472719656,18.545300935926008,22.948437135638212,13.356998970111155,23.16089607006755,17.804268920161366,24.1394466005734,25.5493479799145,18.44625697052061,22.373901289061074,17.7058535154608,25.73888693494537,18.519984437383854,16.376895068498506,25.147477713970083,27.582805999106085,25.717072380255843,28.172095028658994,20.0538897120345,14.952986180778012,18.557130815732574,20.9980885054206,24.45045753824597,20.62559524386429,21.509921552534003,34.48288317447217,24.909438878348002,20.21197306343124,23.238865507737582,0.02593264208414322,0.03404722111188801,0.03266756177208728,0.038954622064351505,0.035083053832756055,0.032904823692482855,0.03608341857221971,0.028077740807099294,0.037385931144028564,0.03011559393399267,0.03089202323546299,0.0280562440973513,0.03105630801473825,0.03370360555521441,0.02201643445776602,0.024784001921702038,0.03297215243306725,0.048320082251130145,0.033456922334950207,0.044804423889913396,0.029438372836305272,0.027088554709042197,0.0324755485005655,0.03802808835579006,0.03820707374538275,0.032975046070690475,0.031942947421999476,0.03279482284303152,0.03357573839658934,0.027678869411344967
450,21.47969226635466,4.365231582280803,0.032093370937840385,22.327111819133073,15.571367472719656,18.545300935926008,22.948437135638212,13.356998970111155,23.16089607006755,17.804268920161366,24.1394466005734,22.634541249184398,18.44625697052061,22.373901289061074,17.7058535154608,25.73888693494537,18.519984437383854,16.376895068498506,24.812673802056278,27.582805999106085,25.717072380255843,28.172095028658994,20.0538897120345,14.952986180778012,18.557130815732574,20.9980885054206,18.915200756824504,20.62559524386429,21.509921552534003,34.48288317447217,24.909438878348002,20.21197306343124,23.238865507737582,0.022746576307492595,0.033646206275441334,0.030289899825708747,0.03564513057266501,0.02773697826587769,0.03058060086569986,0.0390805194484036,0.027919330130715805,0.04060424090149213,0.030503348729074425,0.02810793423655684,0.024696784679384475,0.032522176110321044,0.03212057235888475,0.03081990267841176,0.028056809481649056,0.038516347757497016,0.03901049002248689,0.03484526085490713,0.044399736345738926,0.032596963238829074,0.02695585195189528,0.032606844901528084,0.03217612682857625,0.027073375067183585,0.03307865405380121,0.029938482633327518,0.03996458641010051,0.03372060358873775,0.022840793612823047
451,21.47969226635466,4.365231582280803,0.03292724426863664,22.327111819133073,15.571367472719656,18.545300935926008,22.948437135638212,13.356998970111155,23.16089607006755,17.804268920161366,24.1394466005734,22.634541249184398,18.44625697052061,22.373901289061074,17.7058535154608,25.73888693494537,18.519984437383854,16.376895068498506,24.812673802056278,27.582805999106085,25.717072380255843,28.172095028658994,20.0538897120345,14.952986180778012,18.557130815732574,20.9980885054206,18.915200756824504,20.62559524386429,21.509921552534003,34.48288317447217,24.909438878348002,20.21197306343124,23.238865507737582,0.027817615844073988,0.028889576780601313,0.0321083630177571,0.02986039259963804,0.025374490156346855,0.03552457983620459,0.03625080803286163,0.03602355504074183,0.040259772356472816,0.031075632985500572,0.0260748632234832,0.029169410723027027,0.03522682735158035,0.034296793323686396,0.028347068829073483,0.036632710650978416,0.03613066539282398,0.04057742196100624,0.035116403359387746,0.04290993781184668,0.032294840526143065,0.022727389011727276,0.03771475426688568,0.034568639811555876,0.029365773404626504,0.03237326164355456,0.030732225356170942,0.03333560196802475,0.03535146415551333,0.031686488637804905
452,21.401860192963095,4.36675916163978,0.03288679164269582,22.327111819133073,14.849873567216122,18.545300935926008,22.948437135638212,13.356998970111155,23.16089607006755,17.804268920161366,24.1394466005734,22.634541249184398,18.44625697052061,22.373901289061074,17.7058535154608,25.73888693494537,18.519984437383854,16.376895068498506,24.812673802056278,27.582805999106085,25.717072380255843,28.172095028658994,20.0538897120345,14.952986180778012,18.557130815732574,20.9980885054206,18.915200756824504,20.62559524386429,21.509921552534003,34.48288317447217,23.29597058210462,20.21197306343124,23.238865507737582,0.030032260583289457,0.030341820328034903,0.034833624021530035,0.035715167949721384,0.029149595193551734,0.03711345184973449,0.029951216385682537,0.026974538829798517,0.04719352348228607,0.02995720794077538,0.027912710480186356,0.03204268234322669,0.034290025065455934,0.026223462052520595,0.0360671385712748,0.03274268367106932,0.03386068689303699,0.04084912562663218,0.027527840354811588,0.04562344515320311,0.03225775862444433,0.027265014262304703,0.03142514122080148,0.037411055278913426,0.03454530936888981,0.029376359399474996,0.0325895167378386,0.034244919261722774,0.031844622139018154,0.027241846211644077
453,21.36803113119098,4.337028265260509,0.03396729911513406,22.327111819133073,14.849873567216122,18.545300935926008,22.948437135638212,13.356998970111155,23.16089607006755,17.804268920161366,24.1394466005734,22.634541249184398,18.44625697052061,22.373901289061074,17.7058535154608,25.73888693494537,18.519984437383854,16.376895068498506,24.812673802056278,27.582805999106085,24.70220052709233,28.172095028658994,20.0538897120345,14.952986180778012,18.557130815732574,20.9980885054206,18.915200756824504,20.62559524386429,21.509921552534003,34.48288317447217,23.29597058210462,20.21197306343124,23.238865507737582,0.03608687848083221,0.028564643080530795,0.03995775675738053,0.03131685387092155,0.029830156191187673,0.045441107796350105,0.030202270442938665,0.03782885088676561,0.05073317760813044,0.02874313422980282,0.03278620363950469,0.032916946272055596,0.02633612859803513,0.03174909444182261,0.037796020471410535,0.02453329581959795,0.03941363496860559,0.041550970932596513,0.030853819836693185,0.037424771386637426,0.028884106764155322,0.020525575071441204,0.04010835213556959,0.030247484179174996,0.039473372967797835,0.02939655451599664,0.03624176100542102,0.03738028645267831,0.03089189661625362,0.03180386803373368
454,21.36803113119098,4.337028265260509,0.03249640902626715,22.327111819133073,14.849873567216122,18.545300935926008,22.948437135638212,13.356998970111155,23.16089607006755,17.804268920161366,24.1394466005734,22.634541249184398,18.44625697052061,22.373901289061074,17.7058535154608,25.73888693494537,18.519984437383854,16.376895068498506,24.812673802056278,27.582805999106085,24.70220052709233,28.172095028658994,20.0538897120345,14.952986180778012,18.557130815732574,20.9980885054206,18.915200756824504,20.62559524386429,21.509921552534003,34.48288317447217,23.29597058210462,20.21197306343124,23.238865507737582,0.03222566513231365,0.026546208812368667,0.02855941755770337,0.024773346345258816,0.03301097065346037,0.03735731061862828,0.030337347474607746,0.033169853655051505,0.04185700927378738,0.03389118356713827,0.026935107205108104,0.03508064592635347,0.02581808551170644,0.0353008444927119,0.035876534616195305,0.026244668749291995,0.0384620031574556,0.04414751586859597,0.028584459640124862,0.03522916980380643,0.030730591602011057,0.013693442280900456,0.038082875606493496,0.034956877952566925,0.03348647852632383,0.034335753043821,0.032893290700692454,0.037504640548819614,0.032898995828978574,0.032901976635738885
455,21.189430327215174,4.42834455274515,0.03269658037643507,22.327111819133073,14.849873567216122,18.545300935926008,22.948437135638212,13.356998970111155,23.16089607006755,17.804268920161366,24.1394466005734,22.634541249184398,18.44625697052061,22.373901289061074,17.7058535154608,25.73888693494537,18.519984437383854,16.376895068498506,24.812673802056278,27.582805999106085,24.70220052709233,28.172095028658994,20.0538897120345,14.952986180778012,18.557130815732574,19.66980737190893,18.915200756824504,16.59585225810183,21.509921552534003,34.48288317447217,23.29597058210462,20.21197306343124,23.238865507737582,0.03741352534686889,0.028899822432400763,0.026889337793580284,0.03560843954580538,0.040606240227507404,0.0396495182498485,0.03309890888387444,0.031713074579512425,0.045691015841433716,0.030956113788846537,0.019944607405697624,0.03754566825845012,0.029603087421610177,0.02538161163958892,0.02917724044696355,0.032193664172332034,0.03715385053764761,0.04330232230298067,0.023102730827627396,0.040826824632594266,0.03689574113012933,0.01597416695731737,0.035918305336947336,0.02835000416059468,0.03248346600834215,0.03487132083782229,0.028743948407431795,0.036155980334052235,0.02785012040798191,0.034896753377262335
456,21.18456011224573,4.4261049152593595,0.03339412396162034,22.327111819133073,14.849873567216122,18.545300935926008,22.948437135638212,13.356998970111155,23.16089607006755,17.804268920161366,24.1394466005734,22.634541249184398,18.44625697052061,22.373901289061074,17.7058535154608,25.73888693494537,18.519984437383854,16.376895068498506,24.812673802056278,27.582805999106085,24.70220052709233,28.172095028658994,20.0538897120345,14.952986180778012,18.557130815732574,19.66980737190893,18.915200756824504,16.59585225810183,21.509921552534003,34.48288317447217,23.149864133021328,20.21197306343124,23.238865507737582,0.03447884846000005,0.03560383768395621,0.02794567695282789,0.032672932334303566,0.029143594110778024,0.03975168669299758,0.0318565705271478,0.03767508749488073,0.040501488260662966,0.03583778152991392,0.02286309516208819,0.04355254863402527,0.030479047835162875,0.028439110267394357,0.03281337857969417,0.03163771535022269,0.032736406348822314,0.04312884824653882,0.02550867996975878,0.03991797067458062,0.03629971595865266,0.019948696255790644,0.04062557006969236,0.028597028413962514,0.033103602215348485,0.03597594419013248,0.030809921802832266,0.04060455705351486,0.02638824262528375,0.0329261351476434
457,21.031622387211332,4.472958115365102,0.0328515226369013,22.327111819133073,14.849873567216122,17.08914560877375,22.948437135638212,13.356998970111155,23.16089607006755,17.804268920161366,24.1394466005734,22.634541249184398,18.44625697052061,22.373901289061074,17.7058535154608,25.73888693494537,18.519984437383854,16.376895068498506,24.812673802056278,27.582805999106085,24.70220052709233,28.172095028658994,18.317546722719793,14.952986180778012,18.557130815732574,19.66980737190893,18.915200756824504,16.59585225810183,21.509921552534003,34.48288317447217,21.754230698456407,20.21197306343124,23.238865507737582,0.0352684215150949,0.03518678908072355,0.025310056449248962,0.0325417025561198,0.02678636923713819,0.04353871324552319,0.032505080644637536,0.0357558995248661,0.04538643355377835,0.03062771303601053,0.024743680728680856,0.041402253339829824,0.03757089783600245,0.02165904938155443,0.03252465067890652,0.02625831528688676,0.03155595073086161,0.04167353711396269,0.023991305539237145,0.036682351512562245,0.037458251406147454,0.02129035392217127,0.039598441357724015,0.029185655430516856,0.03495021696275637,0.0342199321593705,0.02874431339420092,0.042029097818604574,0.026274290213636024,0.03082595545028543
458,21.02155410419139,4.466286279859804,0.0323186653605594,22.327111819133073,14.849873567216122,17.08914560877375,22.948437135638212,13.356998970111155,23.16089607006755,17.804268920161366,23.83739810997514,22.634541249184398,18.44625697052061,22.373901289061074,17.7058535154608,25.73888693494537,18.519984437383854,16.376895068498506,24.812673802056278,27.582805999106085,24.70220052709233,28.172095028658994,18.317546722719793,14.952986180778012,18.557130815732574,19.66980737190893,18.915200756824504,16.59585225810183,21.509921552534003,34.48288317447217,21.754230698456407,20.21197306343124,23.238865507737582,0.02703214139885926,0.037052599924993754,0.027140371019771403,0.03417932867617411,0.02479765324290703,0.04354687192319616,0.030997179865776055,0.038440593021535276,0.03805782688579552,0.03152695310818853,0.0277699563634237,0.0366939248264881,0.03176391401330077,0.026877521906386433,0.031785224827377986,0.029903452832826284,0.03200854511735844,0.039267611569048524,0.022059174225302763,0.03222445322732613,0.03650349945067195,0.02992127395448813,0.03936053400604034,0.029723571398567114,0.03363147407404821,0.03313936753632749,0.028189801967612733,0.037011917705733074,0.029265726649994113,0.02968749609726242
459,20.979311815047986,4.40401528356883,0.03290437686985933,22.327111819133073,14.849873567216122,17.08914560877375,22.948437135638212,13.356998970111155,23.16089607006755,17.804268920161366,23.83739810997514,22.634541249184398,18.44625697052061,22.373901289061074,17.7058535154608,25.73888693494537,18.519984437383854,16.376895068498506,24.812673802056278,27.582805999106085,24.70220052709233,26.90482635435675,18.317546722719793,14.952986180778012,18.557130815732574,19.66980737190893,18.915200756824504,16.59585225810183,21.509921552534003,34.48288317447217,21.754230698456407,20.21197306343124,23.238865507737582,0.029481296547255745,0.03334086744989712,0.022676459381606416,0.033480973637184025,0.02899809651760065,0.04606415477001165,0.03014243308196239,0.03789545297091477,0.04661373717656698,0.02661049119180798,0.031496908994745505,0.0346312074588139,0.03569634730873971,0.027430720308490218,0.031419610629796826,0.02992703666264062,0.03080079547536927,0.04188941571271278,0.027931999155392344,0.03863343045942516,0.03433228201166069,0.030656491931380748,0.03455980489435807,0.03069390229577807,0.030222948528062565,0.0352308974079278,0.030310847260782217,0.03646579532496204,0.024837795467941678,0.03465910608199181
460,20.96564635601767,4.393064562456929,0.032975438321797695,22.327111819133073,14.849873567216122,17.08914560877375,22.948437135638212,13.356998970111155,23.16089607006755,17.804268920161366,23.83739810997514,22.634541249184398,18.44625697052061,22.373901289061074,17.7058535154608,25.73888693494537,18.519984437383854,16.376895068498506,24.812673802056278,27.582805999106085,24.292236756182895,26.90482635435675,18.317546722719793,14.952986180778012,18.557130815732574,19.66980737190893,18.915200756824504,16.59585225810183,21.509921552534003,34.48288317447217,21.754230698456407,20.21197306343124,23.238865507737582,0.026716966203072224,0.029456450666233244,0.03257828794521375,0.034757542572424506,0.02521419421873548,0.04468443653866245,0.03227580896921739,0.0390515984832112,0.03965954944091073,0.030095306103232876,0.03401470748987086,0.030469662103579376,0.03467546091249421,0.02666140132149638,0.031244548195686676,0.03819145286623977,0.03349427613661253,0.03834313169311758,0.02884631748271666,0.04274697034807872,0.03350127008355826,0.027884732260706226,0.03608422040708619,0.027413615871828265,0.028018382406138645,0.03418717192033434,0.029275380213340862,0.03739248578425812,0.03238101594165134,0.029946805074222184
461,20.876684432908334,4.379011643886542,0.03314255304786735,22.327111819133073,14.849873567216122,17.08914560877375,20.279579442358084,13.356998970111155,23.16089607006755,17.804268920161366,23.83739810997514,22.634541249184398,18.44625697052061,22.373901289061074,17.7058535154608,25.73888693494537,18.519984437383854,16.376895068498506,24.812673802056278,27.582805999106085,24.292236756182895,26.90482635435675,18.317546722719793,14.952986180778012,18.557130815732574,19.66980737190893,18.915200756824504,16.59585225810183,21.509921552534003,34.48288317447217,21.754230698456407,20.21197306343124,23.238865507737582,0.02803936533494907,0.026743927468013164,0.03128975348895572,0.029409908399594217,0.03406055324014897,0.041697247039127784,0.034153963206149496,0.04161014847268438,0.0363059682550267,0.03325354019657749,0.0250596579530887,0.03364615536218511,0.03587881365738801,0.025925482400539837,0.0329970253474651,0.03570234398497285,0.034300994108914254,0.038784286787084475,0.0352752675680857,0.03911078064282244,0.038060976595444045,0.023312833610851083,0.03288534642282584,0.02548077596260252,0.0329011357978455,0.04031461748728116,0.03094885393653524,0.03734612608654605,0.03006847129512654,0.02971227132718884
462,20.804013532580107,4.46375193288483,0.03289904442403905,22.327111819133073,13.549935589560747,17.08914560877375,20.279579442358084,13.356998970111155,23.16089607006755,17.804268920161366,23.83739810997514,22.634541249184398,18.44625697052061,22.373901289061074,17.7058535154608,25.73888693494537,18.519984437383854,16.376895068498506,24.812673802056278,27.582805999106085,24.292236756182895,26.90482635435675,17.43735769052845,14.952986180778012,18.557130815732574,19.66980737190893,18.915200756824504,16.59585225810183,21.509921552534003,34.48288317447217,21.754230698456407,20.21197306343124,23.238865507737582,0.03151054737267732,0.029743207490499503,0.03226520318585714,0.028110028519716102,0.027902443815464105,0.04025091088937593,0.032159687545023366,0.03536898213745907,0.0369675220229125,0.0341277289958143,0.029340947076123645,0.035926124519346465,0.03466944055382006,0.028329887904570146,0.03517406775511056,0.029365999611868965,0.030049867486251533,0.04006577042678548,0.031295853820020196,0.04048721714399584,0.036352698983852905,0.03137031631115423,0.029325678293360784,0.020561275760314822,0.029092800083398682,0.03931358076583319,0.038026478789641764,0.03712153366963589,0.03243198051397976,0.030263551277307385
463,20.46213382839391,4.760770066183313,0.03349269512820423,22.327111819133073,13.549935589560747,17.08914560877375,20.279579442358084,13.356998970111155,23.16089607006755,17.804268920161366,23.83739810997514,22.634541249184398,18.44625697052061,22.373901289061074,17.7058535154608,25.73888693494537,18.519984437383854,16.376895068498506,24.812673802056278,27.582805999106085,24.292236756182895,26.90482635435675,17.43735769052845,14.952986180778012,18.557130815732574,19.66980737190893,18.915200756824504,16.59585225810183,21.509921552534003,34.48288317447217,11.49783957287037,20.21197306343124,23.238865507737582,0.031916047186715535,0.03143918646162497,0.03651378341610351,0.03249873504709703,0.029146832481477914,0.03550182713284822,0.03181515822513089,0.03813251947142098,0.042697375595258505,0.020936078299497406,0.031460307403954356,0.04018050208673094,0.027201621930539748,0.025897516973703058,0.03454447774456201,0.03205820923704476,0.03451252539146316,0.03355281929145169,0.029130308958486666,0.042949839684526536,0.037598637100011496,0.030794547937236082,0.0332219851688039,0.030214836736514677,0.03009517648786797,0.03451403621161409,0.03367699368180782,0.04254896273861816,0.03886979785918836,0.031160207904826296
464,20.312203492635337,4.731789545774333,0.03291609900629013,22.327111819133073,13.549935589560747,17.08914560877375,20.234407280721527,13.356998970111155,23.16089607006755,17.804268920161366,22.785508204193114,22.634541249184398,18.44625697052061,22.373901289061074,17.7058535154608,25.73888693494537,16.756690280200036,16.376895068498506,23.175793282491664,27.582805999106085,24.292236756182895,26.90482635435675,17.43735769052845,14.952986180778012,18.557130815732574,19.66980737190893,18.914527428234447,16.59585225810183,21.509921552534003,34.48288317447217,11.49783957287037,20.21197306343124,23.238865507737582,0.02842745461164653,0.027224990840861395,0.03570631488459966,0.032862241220826496,0.026977342983889745,0.03239016598502151,0.03193274026936449,0.03818597111179621,0.03764134107157148,0.02512935305648791,0.024377307920075086,0.033847137196975186,0.030273599573301738,0.03146977006472293,0.03339266345957287,0.031030904742665833,0.03515206473544616,0.03623491067954135,0.03375586433774122,0.04289159083947217,0.03301062025897311,0.03174304652027638,0.03893142250811311,0.032441775245944424,0.03239331455199473,0.032617177677706555,0.027971280065083818,0.03858221652093182,0.04003803295231434,0.030850354301785878
465,20.110994590163266,4.687242786405141,0.03179746266080309,22.327111819133073,13.549935589560747,17.08914560877375,20.234407280721527,13.356998970111155,20.172808352565433,17.804268920161366,22.785508204193114,22.634541249184398,18.44625697052061,19.32572193240103,17.7058535154608,25.73888693494537,16.756690280200036,16.376895068498506,23.175793282491664,27.582805999106085,24.292236756182895,26.90482635435675,17.43735769052845,14.952986180778012,18.557130815732574,19.66980737190893,18.914527428234447,16.59585225810183,21.509921552534003,34.48288317447217,11.49783957287037,20.21197306343124,23.238865507737582,0.03059517076936303,0.030945112468487482,0.02654065069878289,0.03232455361489951,0.022692943126692528,0.033388917018185145,0.03437394964035272,0.03888754906102685,0.042567826460888435,0.020908180356755755,0.02814729709639472,0.03867652093417756,0.028888860690575814,0.028499909361453694,0.03004899586091135,0.03141951565195846,0.033955435736715965,0.037784241881377245,0.03120580967702621,0.03233399204888478,0.0347773671384211,0.032877739598487166,0.03735174573600516,0.028141107536970078,0.02674910253714819,0.03573657569559781,0.027474649613571725,0.03558160512759438,0.03561715816508501,0.025431396520302033
466,19.883330947730652,4.572833179367958,0.03356200712105551,22.327111819133073,13.549935589560747,17.08914560877375,20.234407280721527,13.356998970111155,20.172808352565433,17.804268920161366,22.785508204193114,22.634541249184398,18.44625697052061,19.32572193240103,17.7058535154608,18.908977661966812,16.756690280200036,16.376895068498506,23.175793282491664,27.582805999106085,24.292236756182895,26.90482635435675,17.43735769052845,14.952986180778012,18.557130815732574,19.66980737190893,18.914527428234447,16.59585225810183,21.509921552534003,34.48288317447217,11.49783957287037,20.21197306343124,23.238865507737582,0.030944028023648,0.031201517474139434,0.03429027798137049,0.03614406077419113,0.023253461816428105,0.039180530316001924,0.03940711433028219,0.04076312510105843,0.048941672006081086,0.029049650223217628,0.02715542402736482,0.036744971814924476,0.03336651840791298,0.028218419394548694,0.032370556151036255,0.04035117203820712,0.03542345604781498,0.034002184607273556,0.032751675740542704,0.03168109807832416,0.042897796625404064,0.031016848327246466,0.03166186782222688,0.024921680880864355,0.027445942646663543,0.0344866435709557,0.023961169429221427,0.03389771197101107,0.04107609621375132,0.030253541789952425
467,19.883330947730652,4.572833179367958,0.03358473809229057,22.327111819133073,13.549935589560747,17.08914560877375,20.234407280721527,13.356998970111155,20.172808352565433,17.804268920161366,22.785508204193114,22.634541249184398,18.44625697052061,19.32572193240103,17.7058535154608,18.908977661966812,16.756690280200036,16.376895068498506,23.175793282491664,27.582805999106085,24.292236756182895,26.90482635435675,17.43735769052845,14.952986180778012,18.557130815732574,19.66980737190893,18.914527428234447,16.59585225810183,21.509921552534003,34.48288317447217,11.49783957287037,20.21197306343124,23.238865507737582,0.036164685900065725,0.03545202218015171,0.028009674193529156,0.03817095369410756,0.030286728202113776,0.039318896773674034,0.03397097353081627,0.03972358919976363,0.04490455714959169,0.029031026046349745,0.03062337918499599,0.03531773722959209,0.030460780777386558,0.03370423125072308,0.03316604330413712,0.030384582190393108,0.03137890892792183,0.04244992719500863,0.03268802903120477,0.03346697956257041,0.03831200728093176,0.02287547229451319,0.02908939993701414,0.028791485918072776,0.028180141458500504,0.032060396555129586,0.03326546378074618,0.03845819113944734,0.0343364485324244,0.033499430347840434
468,19.853995185936878,4.543382489536935,0.0329244215548681,22.327111819133073,13.549935589560747,17.08914560877375,20.234407280721527,13.356998970111155,20.172808352565433,17.804268920161366,22.785508204193114,22.634541249184398,18.44625697052061,19.32572193240103,17.7058535154608,18.908977661966812,16.756690280200036,16.376895068498506,23.175793282491664,27.582805999106085,24.292236756182895,26.52944879348673,17.43735769052845,14.952986180778012,18.557130815732574,19.66980737190893,18.914527428234447,16.59585225810183,21.509921552534003,34.48288317447217,11.487423432471376,20.21197306343124,22.744586355193515,0.03432194129485591,0.030774665654348856,0.031177437407052526,0.036929112211250004,0.028627506826417307,0.040946981913722695,0.036968251535527026,0.034837744004865175,0.04296081691757264,0.03493780328775825,0.028689673415997242,0.031715652412192555,0.035812924912667285,0.02456191791456534,0.029734946057047074,0.027908302350857492,0.033854069781486376,0.04108413115765873,0.03090025808950263,0.03440426592961289,0.03773962124074966,0.01950300384732616,0.027793197641552355,0.03127417234897286,0.03127838900790834,0.030942461197899146,0.03175741091535253,0.03491389331524393,0.03678414395080922,0.03459795010527064
469,19.843334743898435,4.54332431060963,0.0323885513348801,22.327111819133073,13.549935589560747,17.08914560877375,20.234407280721527,13.356998970111155,20.172808352565433,17.804268920161366,22.785508204193114,22.634541249184398,18.44625697052061,19.32572193240103,17.7058535154608,18.908977661966812,16.756690280200036,16.376895068498506,23.032321862918952,27.582805999106085,24.292236756182895,26.52944879348673,17.43735769052845,14.89113865360823,18.442636501321765,19.66980737190893,18.914527428234447,16.59585225810183,21.509921552534003,34.48288317447217,11.487423432471376,20.21197306343124,22.744586355193515,0.029464265910668128,0.029855035989298617,0.03559020834416607,0.03927271642561043,0.02475443296005407,0.040166830207136336,0.036582033158039734,0.037003863950085224,0.03665253960241079,0.02701760363250958,0.026959500051970505,0.031636831346574634,0.03498264072020109,0.030767050411400695,0.03164846770619021,0.027005102014413612,0.03467438420073065,0.035697066110959366,0.03334352349853169,0.04038382655382323,0.03491701389816998,0.027312151473193737,0.02738944720752883,0.025965260319374715,0.029806649307182152,0.029857865157939888,0.030925091735328654,0.03503920526743755,0.028543429305228553,0.03844250358024423
470,19.783720605449382,4.450771639946733,0.033181383522411546,22.327111819133073,13.549935589560747,17.08914560877375,20.234407280721527,13.356998970111155,20.172808352565433,17.804268920161366,22.785508204193114,22.634541249184398,18.44625697052061,19.32572193240103,17.7058535154608,18.908977661966812,16.756690280200036,16.376895068498506,23.032321862918952,27.582805999106085,24.292236756182895,26.33369792608412,17.43735769052845,14.89113865360823,18.442636501321765,19.66980737190893,18.914527428234447,16.59585225810183,20.621159933089164,33.77897150784802,11.487423432471376,20.21197306343124,22.744586355193515,0.02383270279056915,0.032682208951099495,0.03421293187936193,0.03893973760492422,0.029855607433149217,0.038816614539707986,0.0384529141142592,0.037356686127744135,0.036872211633544504,0.03440538471346122,0.030614036525358605,0.03480603913908467,0.02820472014517482,0.030354042376173618,0.03367975013808029,0.030352923640420516,0.03374535866957631,0.03713095983014622,0.03422995767862471,0.03265736261912144,0.032174096790526366,0.022838769382896244,0.03301404568883555,0.025016216464338648,0.037420857172599534,0.033370042701695746,0.02972286643637076,0.0395707224765654,0.03591323759769162,0.03519850041124424
471,19.760558534731764,4.4954693857996455,0.03334622800653208,22.327111819133073,13.549935589560747,17.08914560877375,20.234407280721527,13.356998970111155,20.172808352565433,17.804268920161366,22.785508204193114,22.634541249184398,18.44625697052061,19.32572193240103,17.7058535154608,18.908977661966812,16.756690280200036,16.376895068498506,23.032321862918952,27.582805999106085,24.292236756182895,26.33369792608412,17.43735769052845,14.89113865360823,18.442636501321765,19.66980737190893,18.914527428234447,16.59585225810183,20.621159933089164,33.77897150784802,10.792561310942798,20.21197306343124,22.744586355193515,0.03438058047858178,0.025112029977388824,0.03386249532158509,0.030685968686924775,0.03397610350646728,0.03909627792523913,0.039359225102359265,0.03073490367887674,0.03971931260622316,0.0349965830881078,0.026663860904731433,0.02976848062918644,0.02886970974649475,0.030358020998607342,0.038601110757038495,0.03327678179053184,0.034201514978944345,0.0387808152216811,0.028133907309467254,0.038373153781184215,0.03479262499334547,0.03050797582374704,0.03033128054236063,0.030580383837044006,0.034846214979265086,0.040234775711175966,0.025723981064848966,0.03300505088250365,0.038607915197899745,0.032805800674150634
472,19.755173226164548,4.498197987969253,0.034248646484793914,22.327111819133073,13.549935589560747,17.042275243158922,20.234407280721527,13.356998970111155,20.172808352565433,17.804268920161366,22.785508204193114,22.634541249184398,18.44625697052061,19.32572193240103,17.591164624059136,18.908977661966812,16.756690280200036,16.376895068498506,23.032321862918952,27.582805999106085,24.292236756182895,26.33369792608412,17.43735769052845,14.89113865360823,18.442636501321765,19.66980737190893,18.914527428234447,16.59585225810183,20.621159933089164,33.77897150784802,10.792561310942798,20.21197306343124,22.744586355193515,0.029491253188657054,0.03240633257807366,0.037182684393147966,0.030093944609919664,0.034240641551649055,0.042116332645892665,0.030236957268880628,0.033863456011673856,0.04056908733388234,0.03649569364929859,0.02914697680444217,0.028754394342308146,0.03528096572875171,0.03254476098489804,0.035276346440243744,0.03690772160554612,0.037560270718137743,0.03578156410008742,0.03658629391835675,0.042895714384736945,0.034153714857854796,0.027785725479747662,0.036262797843886335,0.03218511310199487,0.02580938765010552,0.03846922671353352,0.0347416620968229,0.03102459711665236,0.03716550235458792,0.032430275070047344
473,19.544399026153776,4.6363567764839075,0.03454275461962714,22.327111819133073,13.549935589560747,17.042275243158922,20.234407280721527,13.356998970111155,20.172808352565433,17.804268920161366,22.785508204193114,22.634541249184398,18.44625697052061,19.32572193240103,17.591164624059136,18.908977661966812,16.756690280200036,16.376895068498506,23.032321862918952,27.582805999106085,24.292236756182895,26.33369792608412,17.43735769052845,14.89113865360823,18.442636501321765,18.74126243734063,13.519846362479633,16.59585225810183,20.621159933089164,33.77897150784802,10.792561310942798,20.21197306343124,22.744586355193515,0.03562663056727451,0.031916650019074934,0.03108871323088709,0.02964129116716864,0.036417639933137465,0.04025880337407293,0.030304968734696246,0.04119022085525371,0.04235443464334926,0.03417886735682639,0.029428783534822166,0.03143867986547334,0.03635447019273638,0.032138062030173914,0.03123214201943425,0.03596330660656594,0.033171647153220324,0.03498948983885043,0.03461791072181957,0.0426388100753671,0.04504283307632912,0.023379266312939274,0.0351194211936606,0.03751581202729794,0.03345352046433788,0.03665251505639825,0.0309153906263572,0.0354951528707394,0.031230512973768387,0.03252669206678156
474,19.5071344241408,4.631403308439613,0.03345054474761401,22.327111819133073,13.549935589560747,17.042275243158922,19.657311080995704,13.356998970111155,20.172808352565433,17.804268920161366,22.785508204193114,22.634541249184398,18.44625697052061,19.32572193240103,17.591164624059136,18.908977661966812,16.756690280200036,16.376895068498506,23.032321862918952,27.582805999106085,24.292236756182895,26.33369792608412,17.43735769052845,14.89113865360823,18.442636501321765,18.74126243734063,13.519846362479633,16.59585225810183,20.080318072425705,33.77897150784802,10.792561310942798,20.21197306343124,22.744586355193515,0.03500120393565665,0.03138933423568651,0.03756883661198512,0.03124389011097355,0.02489285394530083,0.035548400382857344,0.024954901510883337,0.038784976788623644,0.03854235783152251,0.03590306296612909,0.028650636414003026,0.026561972617009048,0.043718857884958356,0.031218129102702528,0.03134947405506202,0.03639883044976208,0.03283906731022121,0.040245852765909834,0.028567900950647592,0.03933023296045703,0.0384395680189583,0.029122668012924034,0.035854173271869384,0.03405265479882962,0.03357168076165613,0.03584169066106459,0.028179247794452918,0.032233935708196756,0.03066346529786622,0.03284648527225109
475,19.50059058276962,4.634460812284345,0.03223843077833134,22.327111819133073,13.549935589560747,17.042275243158922,19.657311080995704,13.356998970111155,20.172808352565433,17.804268920161366,22.785508204193114,22.634541249184398,18.44625697052061,19.32572193240103,17.591164624059136,18.908977661966812,16.756690280200036,16.376895068498506,23.032321862918952,27.582805999106085,24.292236756182895,26.33369792608412,17.241042449393056,14.89113865360823,18.442636501321765,18.74126243734063,13.519846362479633,16.59585225810183,20.080318072425705,33.77897150784802,10.792561310942798,20.21197306343124,22.744586355193515,0.03132306197524372,0.030840467884802675,0.03786036941582323,0.02997023189549382,0.02301135004175593,0.03584988980183671,0.029557381666854655,0.03487578071855002,0.04032098522220211,0.027783189778536624,0.027802175682386805,0.03438434074702582,0.03671353619779328,0.03313659585040803,0.03481935584820181,0.035712687967270916,0.03539303986781917,0.03836282690027283,0.02854083149129181,0.040947383560151776,0.038091557082665845,0.014903807674904603,0.03593623340698368,0.033571048643881614,0.029150474851713258,0.031419229443624797,0.023066642642891235,0.036684834865900996,0.027374577060813005,0.029749035162839273
476,19.35339713168616,4.823647297734817,0.03256039254861899,22.327111819133073,13.549935589560747,17.042275243158922,19.657311080995704,9.746726316152353,20.172808352565433,17.710765808549404,22.785508204193114,22.634541249184398,18.44625697052061,19.32572193240103,17.591164624059136,18.908977661966812,16.756690280200036,16.179163854910943,23.032321862918952,27.582805999106085,23.777940202837502,26.33369792608412,17.241042449393056,14.89113865360823,18.442636501321765,18.74126243734063,13.519846362479633,16.59585225810183,20.080318072425705,33.77897150784802,10.792561310942798,20.21197306343124,22.744586355193515,0.03324022551340834,0.03690651493863995,0.03423115758495336,0.03541750780803305,0.028716702755242438,0.033241993182937385,0.028700863303401013,0.03652210608582031,0.04454662259942715,0.02556263915867498,0.027068259974309353,0.031435342195014385,0.028661585659777465,0.02809386013876517,0.030906371723444834,0.03732822614848717,0.03181476378868436,0.03612465653250976,0.03729117444820321,0.03672878336008234,0.03137511865839305,0.021138013037027947,0.03384242722871911,0.02988800003176471,0.030803167742318414,0.04247463474469382,0.028786712620922264,0.034681018970495706,0.02747219264719139,0.033811133877227395
477,19.337904921868514,4.833220648485672,0.032315619145178755,22.327111819133073,13.549935589560747,17.042275243158922,19.657311080995704,9.746726316152353,20.172808352565433,17.710765808549404,22.785508204193114,22.634541249184398,18.44625697052061,19.32572193240103,17.591164624059136,18.908977661966812,16.756690280200036,16.119222370576367,23.032321862918952,27.582805999106085,23.777940202837502,26.33369792608412,17.241042449393056,14.89113865360823,18.442636501321765,18.74126243734063,13.519846362479633,16.191027447906958,20.080318072425705,33.77897150784802,10.792561310942798,20.21197306343124,22.744586355193515,0.03299448369703266,0.030934836266170836,0.03429138707419487,0.029620511662688673,0.02943545623235722,0.03079628604211871,0.03178013548086335,0.03340614223211219,0.03866862734752609,0.026092407122778126,0.030348962494615533,0.031086262928895627,0.028874655593040987,0.031014452764586753,0.027917082766075706,0.031718825795022484,0.02604968586103166,0.03604750710398069,0.038373179301068525,0.047832337371532474,0.035807058999820014,0.021473728141475322,0.0375359224041856,0.02991159820381134,0.028677794938324466,0.04232865881528675,0.026760034276234593,0.02919014801082473,0.03208745797894897,0.038412947448757534
478,19.336913495916594,4.832547320013278,0.03290173902589683,22.327111819133073,13.549935589560747,17.042275243158922,19.657311080995704,9.746726316152353,20.172808352565433,17.710765808549404,22.785508204193114,22.60479847062688,18.44625697052061,19.32572193240103,17.591164624059136,18.908977661966812,16.756690280200036,16.119222370576367,23.032321862918952,27.582805999106085,23.777940202837502,26.33369792608412,17.241042449393056,14.89113865360823,18.442636501321765,18.74126243734063,13.519846362479633,16.191027447906958,20.080318072425705,33.77897150784802,10.792561310942798,20.21197306343124,22.744586355193515,0.036845566477901374,0.029891885111775655,0.027956264065154997,0.033917020213605584,0.027793090664156205,0.03095476921718617,0.03550919465570623,0.03071911150816469,0.04412097654820753,0.0364155299649793,0.028561303155833682,0.030604922838126443,0.035232632428513155,0.02656211297394573,0.027988389459164827,0.03462273992703049,0.03401224829148959,0.030475209443017175,0.037080847936907135,0.037431916078697475,0.03266039155808341,0.024808511118815837,0.03856450667394695,0.03295390577504895,0.029025303539346306,0.04249338530556447,0.025984683525687,0.029206589877522386,0.03252646618802408,0.042132696255302
479,19.314923226346416,4.830015693072394,0.03392215770260898,22.327111819133073,13.549935589560747,17.042275243158922,19.657311080995704,9.746726316152353,20.172808352565433,17.710765808549404,22.785508204193114,22.60479847062688,18.44625697052061,19.32572193240103,17.591164624059136,18.908977661966812,16.756690280200036,16.119222370576367,23.032321862918952,27.582805999106085,23.777940202837502,26.33369792608412,17.241042449393056,14.89113865360823,18.442636501321765,18.74126243734063,13.519846362479633,16.191027447906958,20.080318072425705,33.77897150784802,10.792561310942798,19.552264976325887,22.744586355193515,0.04000930058542006,0.034897925372353714,0.023959689208012253,0.0317912095945315,0.0318091786388999,0.03210955632536943,0.04253804258194944,0.027735315956554662,0.043485876433790475,0.036455366499626,0.027709882468320755,0.031650019110115085,0.0315609456557564,0.02537611191921301,0.0248249780960222,0.030202979445393987,0.035581559964891006,0.03609959710208314,0.037615512010075125,0.04188572007778262,0.03472369706932384,0.03005824793541169,0.034660541127411265,0.03758023873567444,0.03324306964228758,0.038601014549760365,0.03460026327228497,0.03701495054826569,0.03399055352824515,0.035893387623443754
480,19.238657845539766,4.861093062459555,0.033173082218507795,22.327111819133073,13.549935589560747,17.042275243158922,19.657311080995704,9.746726316152353,20.172808352565433,17.710765808549404,22.785508204193114,22.60479847062688,16.15829554632105,19.32572193240103,17.591164624059136,18.908977661966812,16.756690280200036,16.119222370576367,23.032321862918952,27.582805999106085,23.777940202837502,26.33369792608412,17.241042449393056,14.89113865360823,18.442636501321765,18.74126243734063,13.519846362479633,16.191027447906958,20.080318072425705,33.77897150784802,10.792561310942798,19.552264976325887,22.744586355193515,0.0341655286367186,0.028456217272295203,0.030376490333473838,0.036007856283424976,0.02823891352800443,0.029301924624198755,0.04077486908749342,0.030102532919887487,0.037806816914886354,0.03175968351667205,0.026036407802597063,0.03605451357027059,0.026378028549447305,0.022134368698024834,0.027991091879262908,0.036625972455168354,0.03592975283524499,0.0356725874873695,0.03900043670763164,0.036339758116014115,0.03837067095621634,0.02449829255708456,0.03655225047347143,0.04211579585665497,0.03499426585592049,0.04072154134622596,0.03283360157695016,0.0331573000773603,0.03295755637847682,0.029837440258786367
481,19.15646525182296,4.933449888113417,0.033332566906590616,22.327111819133073,13.549935589560747,17.042275243158922,19.657311080995704,9.746726316152353,20.172808352565433,17.710765808549404,22.785508204193114,22.60479847062688,16.15829554632105,19.32572193240103,17.591164624059136,18.908977661966812,16.756690280200036,13.653444559072259,23.032321862918952,27.582805999106085,23.777940202837502,26.33369792608412,17.241042449393056,14.89113865360823,18.442636501321765,18.74126243734063,13.519846362479633,16.191027447906958,20.080318072425705,33.77897150784802,10.792561310942798,19.552264976325887,22.744586355193515,0.03406627301049928,0.037219727159696896,0.025874694062861865,0.03046455213739052,0.02736495613576529,0.03093602233614194,0.03503784380914267,0.03466910078664948,0.042859244115119405,0.02933708533838148,0.030620121436095847,0.03284472278154619,0.03662244014901212,0.025418436920860526,0.02750312000455704,0.0323988196018933,0.0348526028495678,0.03842253340596612,0.03451819820555897,0.03573847308232779,0.032296913885902695,0.03153513381389432,0.031921677595696966,0.041306366853484246,0.03768530793234806,0.036302136028958806,0.035598521187071325,0.03110902406771987,0.0332857388215241,0.03216721968208361
482,19.153865670738025,4.933205833600602,0.03332886022156907,22.327111819133073,13.549935589560747,17.042275243158922,19.579323648447613,9.746726316152353,20.172808352565433,17.710765808549404,22.785508204193114,22.60479847062688,16.15829554632105,19.32572193240103,17.591164624059136,18.908977661966812,16.756690280200036,13.653444559072259,23.032321862918952,27.582805999106085,23.777940202837502,26.33369792608412,17.241042449393056,14.89113865360823,18.442636501321765,18.74126243734063,13.519846362479633,16.191027447906958,20.080318072425705,33.77897150784802,10.792561310942798,19.552264976325887,22.744586355193515,0.03568591285986342,0.03853457850196289,0.0311464776197476,0.03187643011377295,0.029429473123058415,0.03334578442301836,0.0359049061470492,0.03645825673171993,0.04219730884108517,0.028750814221826,0.021357355027247456,0.03690806870977758,0.0322159440419216,0.026426436561498682,0.030452877932418,0.036354260111676626,0.03643819657585443,0.037001374261308624,0.03610553839203644,0.03873067334367651,0.0312713693516815,0.031218338317908684,0.03127146744160892,0.03692386522102972,0.028669750283477954,0.03922257560321489,0.029261118944037347,0.031130900095779134,0.0315909575465273,0.033984796301286674
483,19.04458112464498,4.904236315816033,0.03267970034446561,22.327111819133073,13.549935589560747,17.042275243158922,19.579323648447613,9.746726316152353,20.172808352565433,17.710765808549404,22.785508204193114,22.60479847062688,16.15829554632105,19.32572193240103,17.591164624059136,18.908977661966812,16.756690280200036,13.653444559072259,21.457400274478474,27.582805999106085,23.777940202837502,26.33369792608412,17.241042449393056,14.89113865360823,18.442636501321765,18.74126243734063,13.519846362479633,16.191027447906958,20.080318072425705,33.77897150784802,10.792561310942798,17.848650181975067,22.744586355193515,0.03999480462799931,0.03605688243083392,0.03371579624903155,0.024989016700487837,0.03438991185823399,0.03905471849671622,0.03482231513635457,0.0368376613022867,0.03515229113494692,0.02733029602279702,0.022449520792217546,0.0365630760068476,0.03381481809291122,0.022596308688002727,0.02735173425274838,0.03650609420628024,0.036486493465297865,0.031627453211228077,0.03226010527114491,0.03647279629388059,0.029193697287820453,0.03141429513426573,0.027641032263094653,0.032325199018399,0.03501572068498528,0.035164740225158954,0.033190939949809484,0.032406933179657746,0.03577972809107317,0.029786630259456603
484,18.995543137585116,4.874472836903567,0.03352525535045489,22.327111819133073,13.549935589560747,17.042275243158922,19.579323648447613,9.746726316152353,19.229832049300978,17.710765808549404,22.785508204193114,22.60479847062688,16.15829554632105,19.32572193240103,17.591164624059136,18.908977661966812,16.756690280200036,13.653444559072259,21.457400274478474,27.582805999106085,23.777940202837502,25.80553461755267,17.241042449393056,14.89113865360823,18.442636501321765,18.74126243734063,13.519846362479633,16.191027447906958,20.080318072425705,33.77897150784802,10.792561310942798,17.848650181975067,22.744586355193515,0.03969170027962199,0.02824648068669957,0.034537125185080085,0.03180648262607984,0.045572898085155925,0.035330009517245776,0.034850265391439525,0.036079022993804735,0.04124480222937861,0.029566451253898562,0.028371918919756364,0.03262875577826083,0.03769429961363529,0.022246847695988003,0.03035673539823732,0.03577424788419245,0.034448319449654985,0.039853736690955405,0.03418320191383787,0.03537452229977153,0.032759346106369706,0.02646817487053124,0.031113162821613943,0.02945473753226354,0.03342549434429485,0.04242121069509996,0.030922308319979316,0.029255138119343285,0.033745382883036315,0.028334880928419758
485,18.9901137799123,4.876124490211877,0.03416374794894079,22.327111819133073,13.549935589560747,17.042275243158922,19.579323648447613,9.746726316152353,19.229832049300978,17.710765808549404,22.785508204193114,22.60479847062688,16.15829554632105,19.32572193240103,17.42828389387463,18.908977661966812,16.756690280200036,13.653444559072259,21.457400274478474,27.582805999106085,23.777940202837502,25.80553461755267,17.241042449393056,14.89113865360823,18.442636501321765,18.74126243734063,13.519846362479633,16.191027447906958,20.080318072425705,33.77897150784802,10.792561310942798,17.848650181975067,22.744586355193515,0.04055927827708464,0.026791682394040554,0.03578048018489258,0.03324794058078496,0.03480809493709551,0.04059608987990503,0.032938571525679375,0.03889687528998326,0.04076708035315049,0.028770555023918565,0.027034563151780572,0.030404613759686196,0.035789523181391475,0.025010573712387567,0.03780880545732422,0.02612514776351868,0.040018561195444724,0.03860847814279926,0.0392311728340549,0.03553059018511201,0.03317472762550644,0.028660882783013562,0.032981012251930536,0.03387569321468826,0.04114709379193068,0.04021360521051417,0.03159359587460412,0.02932004676247435,0.035710984198520965,0.029516118925005913
486,18.726853873597296,4.737249069611025,0.03377251943706474,22.327111819133073,13.549935589560747,17.042275243158922,19.579323648447613,9.746726316152353,19.229832049300978,17.710765808549404,22.785508204193114,22.60479847062688,13.697403390647409,19.32572193240103,17.42828389387463,18.908977661966812,16.756690280200036,13.653444559072259,21.457400274478474,22.820748137119836,23.777940202837502,25.80553461755267,17.241042449393056,14.89113865360823,17.76778932953157,18.74126243734063,13.519846362479633,16.191027447906958,20.080318072425705,33.77897150784802,10.792561310942798,17.848650181975067,22.744586355193515,0.037206161486142204,0.03167278731174247,0.0367162057933613,0.031671305289773764,0.03401822920725341,0.03776098244470415,0.030043530801620644,0.03207792532769112,0.04227506719039499,0.029841213855298684,0.024222018839004867,0.03095047489872249,0.03548731362807168,0.023282513522242542,0.03147824503343473,0.033141946918063256,0.033680219898868866,0.04065091107643975,0.038067513040589966,0.03857345165365021,0.035902945345600824,0.02345128064053292,0.03354401774718677,0.03808310158582194,0.03925642868087317,0.03980398892796887,0.034698791946268875,0.03027521475961013,0.035349375458987524,0.029992420802020067
487,18.726853873597296,4.737249069611025,0.03313898045423489,22.327111819133073,13.549935589560747,17.042275243158922,19.579323648447613,9.746726316152353,19.229832049300978,17.710765808549404,22.785508204193114,22.60479847062688,13.697403390647409,19.32572193240103,17.42828389387463,18.908977661966812,16.756690280200036,13.653444559072259,21.457400274478474,22.820748137119836,23.777940202837502,25.80553461755267,17.241042449393056,14.89113865360823,17.76778932953157,18.74126243734063,13.519846362479633,16.191027447906958,20.080318072425705,33.77897150784802,10.792561310942798,17.848650181975067,22.744586355193515,0.040430770379867066,0.033216553342414946,0.03565342609124096,0.030324632047075313,0.03469044232556534,0.03702361422323494,0.03410357446616336,0.03778300209711244,0.04392460915368256,0.02750364073227214,0.021140118174194183,0.033218973495966024,0.028435440078752768,0.021111070984592802,0.03605550296021259,0.032804831970411626,0.03178974438482732,0.03199638664062677,0.04251118527678024,0.03389749641152581,0.034555999770669255,0.017734622781916523,0.043831506620922674,0.03420502433149112,0.030005242591721354,0.03159445518072328,0.03200057195881803,0.03166532365509968,0.036294104571498266,0.034667546927667346
488,18.690808640048235,4.661551106890259,0.033489601242646334,22.327111819133073,13.549935589560747,17.042275243158922,19.579323648447613,9.746726316152353,19.229832049300978,17.710765808549404,22.785508204193114,22.60479847062688,13.697403390647409,19.32572193240103,17.42828389387463,18.908977661966812,16.756690280200036,13.653444559072259,21.457400274478474,22.820748137119836,23.777940202837502,25.80553461755267,17.241042449393056,14.89113865360823,17.76778932953157,18.74126243734063,13.519846362479633,15.891173079336214,20.080318072425705,32.997468869946836,10.792561310942798,17.848650181975067,22.744586355193515,0.03871334875806145,0.030058349015042323,0.03618760917743362,0.02974007421462751,0.033280900314226286,0.03919678079642893,0.037547827569265245,0.030024844534974643,0.044268017630106626,0.0315761709263019,0.0269508393732298,0.029908050950064435,0.03454456684862052,0.0207569504944853,0.0368266362425661,0.02696995230837435,0.03363827593016246,0.03892588642167763,0.0435515230905338,0.03092898412501921,0.039138309724437124,0.02140523211642252,0.032466827696474417,0.03969708380168952,0.03192553603154724,0.03235118557258715,0.026611980685905187,0.03417868505898155,0.03710377949340462,0.036213828376738366
489,18.690808640048235,4.661551106890259,0.032875720236541374,22.327111819133073,13.549935589560747,17.042275243158922,19.579323648447613,9.746726316152353,19.229832049300978,17.710765808549404,22.785508204193114,22.60479847062688,13.697403390647409,19.32572193240103,17.42828389387463,18.908977661966812,16.756690280200036,13.653444559072259,21.457400274478474,22.820748137119836,23.777940202837502,25.80553461755267,17.241042449393056,14.89113865360823,17.76778932953157,18.74126243734063,13.519846362479633,15.891173079336214,20.080318072425705,32.997468869946836,10.792561310942798,17.848650181975067,22.744586355193515,0.03392913752909015,0.03648476506346476,0.03807952742440386,0.028927720269677222,0.03535894345150483,0.033538626366567834,0.03281787148545266,0.031130857841586403,0.04159025821206534,0.03034865753473918,0.027988863524347055,0.025988633343689962,0.03460838299000629,0.023398878180741545,0.030733108282951276,0.025124025539672176,0.037943167726768805,0.041267205983265255,0.041922227679712806,0.03036417299563461,0.03362721135661721,0.02308984495660801,0.035683770079817476,0.035997852685592885,0.03664901650539104,0.028658335014643006,0.03424548739103428,0.03421544632231466,0.031239809657560458,0.03131980170132006
490,18.690808640048235,4.661551106890259,0.032462169025913944,22.327111819133073,13.549935589560747,17.042275243158922,19.579323648447613,9.746726316152353,19.229832049300978,17.710765808549404,22.785508204193114,22.60479847062688,13.697403390647409,19.32572193240103,17.42828389387463,18.908977661966812,16.756690280200036,13.653444559072259,21.457400274478474,22.820748137119836,23.777940202837502,25.80553461755267,17.241042449393056,14.89113865360823,17.76778932953157,18.74126243734063,13.519846362479633,15.891173079336214,20.080318072425705,32.997468869946836,10.792561310942798,17.848650181975067,22.744586355193515,0.03019645584804438,0.034996115962291234,0.038641398662352125,0.023111598820185514,0.039374553000528625,0.03217529095588784,0.031537031414417355,0.03241315968201601,0.041529153351867784,0.03255331380825789,0.023655123048859594,0.03283503131343518,0.030039722741641697,0.027441363718116472,0.030687866199095352,0.02508625107135872,0.029922520458149637,0.03819368758043942,0.03904364711662583,0.03738382031568088,0.03676672802887091,0.02525839150113344,0.035858768817915276,0.037051617973134554,0.040288150961289376,0.02291056621044385,0.02843814434250446,0.03217602916838058,0.03320955632785988,0.031090012376634467
491,18.690808640048235,4.661551106890259,0.03416204804347529,22.327111819133073,13.549935589560747,17.042275243158922,19.579323648447613,9.746726316152353,19.229832049300978,17.710765808549404,22.785508204193114,22.60479847062688,13.697403390647409,19.32572193240103,17.42828389387463,18.908977661966812,16.756690280200036,13.653444559072259,21.457400274478474,22.820748137119836,23.777940202837502,25.80553461755267,17.241042449393056,14.89113865360823,17.76778932953157,18.74126243734063,13.519846362479633,15.891173079336214,20.080318072425705,32.997468869946836,10.792561310942798,17.848650181975067,22.744586355193515,0.03230690906082001,0.036139322971685525,0.036048851893707656,0.03207511232106175,0.03410927187755909,0.034547933199298636,0.03929398220142466,0.03313448502965317,0.04141011972647185,0.030786232763270437,0.029651079232431255,0.0285220771415372,0.03435387645168503,0.02957070794094108,0.03549807939476815,0.028701442605278172,0.03453362501845245,0.03910463482780945,0.04501056864686938,0.039127346476115835,0.0382369019640626,0.02057619389044446,0.03549436034331932,0.033582006319656486,0.03613373920928932,0.03217243788886492,0.030980435291515174,0.0388575361210023,0.03277838838621559,0.0321237831090478
492,18.690808640048235,4.661551106890259,0.03417247277517529,22.327111819133073,13.549935589560747,17.042275243158922,19.579323648447613,9.746726316152353,19.229832049300978,17.710765808549404,22.785508204193114,22.60479847062688,13.697403390647409,19.32572193240103,17.42828389387463,18.908977661966812,16.756690280200036,13.653444559072259,21.457400274478474,22.820748137119836,23.777940202837502,25.80553461755267,17.241042449393056,14.89113865360823,17.76778932953157,18.74126243734063,13.519846362479633,15.891173079336214,20.080318072425705,32.997468869946836,10.792561310942798,17.848650181975067,22.744586355193515,0.031336211665626196,0.03526854749035171,0.03437143373453585,0.03455809688061544,0.03148269047149124,0.03541549932530592,0.037526676689968806,0.039644760782907434,0.03951600821901388,0.030461938409776262,0.028559820296943365,0.033041802765456804,0.03479827968606283,0.02371562003447773,0.027127787834898106,0.028474905482902838,0.03608106998151753,0.04048405389926552,0.047295195972982505,0.04002262553442146,0.0395322818994161,0.021621012674871595,0.03441468323146033,0.03339817117854847,0.03474811067586295,0.03599623726082902,0.029754265587175532,0.038250048770680195,0.03580553229928081,0.03247081451861205
493,18.643523678899616,4.686833679497636,0.0335778592507904,22.327111819133073,13.549935589560747,17.042275243158922,19.579323648447613,9.677119921651526,19.229832049300978,17.710765808549404,22.785508204193114,22.60479847062688,13.697403390647409,19.32572193240103,16.206248143736204,18.908977661966812,16.756690280200036,13.653444559072259,21.457400274478474,22.820748137119836,23.777940202837502,25.80553461755267,17.241042449393056,14.89113865360823,17.76778932953157,18.74126243734063,13.392939672660496,15.891173079336214,20.080318072425705,32.997468869946836,10.792561310942798,17.848650181975067,22.744586355193515,0.03265790413189325,0.034848545531149244,0.03462725912312707,0.03455558570172142,0.033219934175895145,0.03372003880645934,0.038373083113409645,0.036385999935607295,0.04363429138685156,0.03396284449623056,0.027206397494213982,0.026354993121630414,0.031207183653433775,0.031621250755517666,0.030769076927836106,0.030459717702730656,0.03842395236189979,0.03730238211989807,0.03886292319052191,0.041002700065279285,0.03383200173295567,0.026351201204270057,0.032507270018740805,0.03353425538014566,0.03673917572170973,0.026270095104785986,0.02621373764194896,0.03729309876182948,0.038230750727633836,0.027168127434385573
494,18.623734676215292,4.7090618865818525,0.033016331054097944,22.327111819133073,13.549935589560747,17.042275243158922,19.579323648447613,9.677119921651526,19.229832049300978,17.710765808549404,22.785508204193114,22.60479847062688,13.697403390647409,19.32572193240103,16.206248143736204,18.908977661966812,16.756690280200036,13.059774478542494,21.457400274478474,22.820748137119836,23.777940202837502,25.80553461755267,17.241042449393056,14.89113865360823,17.76778932953157,18.74126243734063,13.392939672660496,15.891173079336214,20.080318072425705,32.997468869946836,10.792561310942798,17.848650181975067,22.744586355193515,0.027007979757797732,0.029408492156050486,0.030180611450682265,0.030446712234890413,0.04164317137943553,0.03778552761246905,0.02961870301302614,0.03695248452202647,0.0370280390824959,0.02650410561920956,0.027849849774162792,0.03450801616326878,0.031945407426311904,0.031945621350871485,0.03872072652483241,0.026778221887508488,0.044322831216249844,0.035484660388982125,0.032377595430468475,0.0448038573785003,0.03673503435832323,0.021768571534082907,0.03247119450813786,0.0298608881994711,0.03869289563102614,0.02856306276267275,0.02770639272901569,0.03709913589616007,0.03531971615993815,0.026960425474870466
495,18.55316232086564,4.799566336528583,0.03310095085424042,22.327111819133073,11.432764929071212,17.042275243158922,19.579323648447613,9.677119921651526,19.229832049300978,17.710765808549404,22.785508204193114,22.60479847062688,13.697403390647409,19.32572193240103,16.206248143736204,18.908977661966812,16.756690280200036,13.059774478542494,21.457400274478474,22.820748137119836,23.777940202837502,25.80553461755267,17.241042449393056,14.89113865360823,17.76778932953157,18.74126243734063,13.392939672660496,15.891173079336214,20.080318072425705,32.997468869946836,10.792561310942798,17.848650181975067,22.744586355193515,0.029511639094649537,0.031472069641614225,0.03216660372038709,0.03595711282421954,0.03749520194961625,0.03792258458072039,0.03256340037269202,0.0431715684922356,0.04158282657534685,0.025370023203694317,0.0212713028133438,0.040328468772374046,0.028620374977005605,0.0320684388573506,0.035573563237401976,0.02879026088086721,0.04429471325223899,0.04104549852787146,0.02816116297241858,0.038304197806980904,0.027589486654136193,0.021443422147770903,0.03518216315040762,0.03473049124278187,0.03438147377028453,0.026774586328668713,0.03291980606314672,0.03146789361780559,0.036444038265609845,0.02642415183357177
496,18.399179545803765,4.801386305711523,0.03256184327895014,22.327111819133073,11.432764929071212,16.0451600870879,19.579323648447613,9.677119921651526,19.229832049300978,17.710765808549404,21.084463307777973,22.60479847062688,13.697403390647409,19.32572193240103,16.206248143736204,18.908977661966812,16.756690280200036,13.059774478542494,21.457400274478474,22.820748137119836,23.777940202837502,25.80553461755267,15.319719250022878,14.89113865360823,17.76778932953157,18.74126243734063,13.392939672660496,15.891173079336214,20.080318072425705,32.997468869946836,10.792561310942798,17.848650181975067,22.744586355193515,0.026957652980622963,0.04109334439963254,0.029483388383584157,0.03188163303306589,0.038222215454892516,0.036580779215381665,0.03528852899210677,0.036748280683583046,0.036861595698499325,0.029741723438908397,0.029065507515248105,0.03793477945216951,0.023960754547468138,0.03401924554721753,0.02769740186768096,0.028358792555253382,0.04212090390252335,0.035606838977082715,0.03517509214079191,0.03310390225638122,0.03407504299923977,0.020175891203682336,0.03592810369811237,0.029021875961543046,0.0340693676336569,0.02833335464662413,0.030013740256049547,0.03303960782984276,0.036525247432002146,0.025770705665657097
497,18.25214150043865,4.779881176182079,0.03275020633956151,22.327111819133073,11.432764929071212,16.0451600870879,19.579323648447613,9.677119921651526,19.229832049300978,17.710765808549404,21.084463307777973,21.03631623287473,13.697403390647409,18.474053812475717,16.206248143736204,18.908977661966812,16.694933799982845,13.059774478542494,21.457400274478474,22.820748137119836,23.777940202837502,25.80553461755267,15.319719250022878,14.89113865360823,17.76778932953157,18.74126243734063,13.392939672660496,15.891173079336214,20.080318072425705,32.997468869946836,10.792561310942798,15.919415658916286,22.744586355193515,0.029367000801086892,0.03656184630403904,0.03139161504687688,0.028865682638267273,0.036585683786127594,0.040906788838251155,0.03627407549763503,0.033560800486162556,0.03729299894635961,0.028639738929175908,0.026653102535913287,0.032225357542390726,0.028836761331278663,0.029964116742041517,0.029410328213295225,0.027988152782756303,0.03702825808722823,0.03792374173878239,0.03874624187401725,0.028432676301539297,0.03589027769988021,0.02722484510450311,0.0399389590984937,0.03147101790656207,0.030942583242261394,0.032235673384119284,0.03425314560044647,0.033258047677826634,0.03532989439449307,0.025306777655034578
498,18.238655888484903,4.778795565853837,0.032643260020946814,22.327111819133073,11.432764929071212,16.0451600870879,19.291144560835477,9.677119921651526,19.229832049300978,17.710765808549404,21.084463307777973,21.03631623287473,13.697403390647409,18.474053812475717,16.206248143736204,18.908977661966812,16.578544528982487,13.059774478542494,21.457400274478474,22.820748137119836,23.777940202837502,25.80553461755267,15.319719250022878,14.89113865360823,17.76778932953157,18.74126243734063,13.392939672660496,15.891173079336214,20.080318072425705,32.997468869946836,10.792561310942798,15.919415658916286,22.744586355193515,0.03185522670282336,0.0421429219166725,0.03168276658294407,0.030386555927748513,0.038395629459289614,0.039511062101549616,0.04205320691926662,0.03401128175664919,0.040909727866541616,0.028147742668792688,0.02976876183562628,0.028172325093403793,0.028380940982791716,0.03183298469144828,0.027608894789075272,0.023263587569226685,0.028385200157650198,0.03552798806096944,0.036918667338987424,0.037718347934047346,0.02694585144719731,0.021901222905479644,0.04387273689235072,0.03513473585030724,0.0292463583793925,0.03699895269633403,0.030725566058246997,0.03425015719902705,0.029635818975343398,0.02391257986922135
499,18.226446234759827,4.801070404912055,0.033201281996826724,22.327111819133073,11.432764929071212,16.0451600870879,19.291144560835477,9.31083030989929,19.229832049300978,17.710765808549404,21.084463307777973,21.03631623287473,13.697403390647409,18.474053812475717,16.206248143736204,18.908977661966812,16.578544528982487,13.059774478542494,21.457400274478474,22.820748137119836,23.777940202837502,25.80553461755267,15.319719250022878,14.89113865360823,17.76778932953157,18.74126243734063,13.392939672660496,15.891173079336214,20.080318072425705,32.997468869946836,10.792561310942798,15.919415658916286,22.744586355193515,0.032215000498983314,0.0382858610730901,0.037722798749446416,0.023630410932346985,0.03516014865724321,0.03848211551303165,0.035429265038409624,0.028335641270111792,0.039161628531775086,0.03146185720243649,0.03359329994711967,0.03615473162805599,0.02385424276316444,0.035871134519239095,0.033503375533137786,0.023868465354503886,0.03171382237538969,0.034211438235965175,0.03445429162180867,0.03589930388661122,0.03129607254174444,0.02433486603112301,0.04554186200930076,0.03598718614073772,0.033805379621826614,0.03688191659922106,0.028792934673481735,0.033866526407249686,0.034381305885695046,0.028141576662551404
